Copyright 1986-2022 Xilinx, Inc. All Rights Reserved. Copyright 2022-2023 Advanced Micro Devices, Inc. All Rights Reserved.
--------------------------------------------------------------------------------------------------------------------------------------------------------------------------------------------------------------------------------------
| Tool Version      : Vivado v.2023.2 (lin64) Build 4029153 Fri Oct 13 20:13:54 MDT 2023
| Date              : Wed Mar 18 00:26:07 2026
| Host : <REDACTED_HOST>
| Command           : report_timing_summary -max_paths 10 -report_unconstrained -file bd_0_wrapper_timing_summary_routed.rpt -pb bd_0_wrapper_timing_summary_routed.pb -rpx bd_0_wrapper_timing_summary_routed.rpx -warn_on_violation
| Design            : bd_0_wrapper
| Device            : xcu55c-fsvh2892
| Speed File        : -2L  PRODUCTION 1.30 05-01-2022
| Design State      : Routed
| Temperature Grade : E
--------------------------------------------------------------------------------------------------------------------------------------------------------------------------------------------------------------------------------------

Timing Summary Report

------------------------------------------------------------------------------------------------
| Timer Settings
| --------------
------------------------------------------------------------------------------------------------

  Enable Multi Corner Analysis               :  Yes
  Enable Pessimism Removal                   :  Yes
  Pessimism Removal Resolution               :  Nearest Common Node
  Enable Input Delay Default Clock           :  No
  Enable Preset / Clear Arcs                 :  No
  Disable Flight Delays                      :  No
  Ignore I/O Paths                           :  No
  Timing Early Launch at Borrowing Latches   :  No
  Borrow Time for Max Delay Exceptions       :  Yes
  Merge Timing Exceptions                    :  Yes
  Inter-SLR Compensation                     :  Conservative

  Corner  Analyze    Analyze    
  Name    Max Paths  Min Paths  
  ------  ---------  ---------  
  Slow    Yes        Yes        
  Fast    Yes        Yes        


------------------------------------------------------------------------------------------------
| Report Methodology
| ------------------
------------------------------------------------------------------------------------------------

Rule       Severity  Description                    Violations  
---------  --------  -----------------------------  ----------  
TIMING-18  Warning   Missing input or output delay  1000        

Note: This report is based on the most recent report_methodology run and may not be up-to-date. Run report_methodology on the current design for the latest report.



check_timing report

Table of Contents
-----------------
1. checking no_clock (0)
2. checking constant_clock (0)
3. checking pulse_width_clock (0)
4. checking unconstrained_internal_endpoints (0)
5. checking no_input_delay (1096)
6. checking no_output_delay (811)
7. checking multiple_clock (0)
8. checking generated_clocks (0)
9. checking loops (0)
10. checking partial_input_delay (0)
11. checking partial_output_delay (0)
12. checking latch_loops (0)

1. checking no_clock (0)
------------------------
 There are 0 register/latch pins with no clock.


2. checking constant_clock (0)
------------------------------
 There are 0 register/latch pins with constant_clock.


3. checking pulse_width_clock (0)
---------------------------------
 There are 0 register/latch pins which need pulse_width check


4. checking unconstrained_internal_endpoints (0)
------------------------------------------------
 There are 0 pins that are not constrained for maximum delay.

 There are 0 pins that are not constrained for maximum delay due to constant clock.


5. checking no_input_delay (1096)
---------------------------------
 There are 1096 input ports with no input delay specified. (HIGH)

 There are 0 input ports with no input delay but user has a false path constraint.


6. checking no_output_delay (811)
---------------------------------
 There are 811 ports with no output delay specified. (HIGH)

 There are 0 ports with no output delay but user has a false path constraint

 There are 0 ports with no output delay but with a timing clock defined on it or propagating through it


7. checking multiple_clock (0)
------------------------------
 There are 0 register/latch pins with multiple clocks.


8. checking generated_clocks (0)
--------------------------------
 There are 0 generated clocks that are not connected to a clock source.


9. checking loops (0)
---------------------
 There are 0 combinational loops in the design.


10. checking partial_input_delay (0)
------------------------------------
 There are 0 input ports with partial input delay specified.


11. checking partial_output_delay (0)
-------------------------------------
 There are 0 ports with partial output delay specified.


12. checking latch_loops (0)
----------------------------
 There are 0 combinational latch loops in the design through latch input



------------------------------------------------------------------------------------------------
| Design Timing Summary
| ---------------------
------------------------------------------------------------------------------------------------

    WNS(ns)      TNS(ns)  TNS Failing Endpoints  TNS Total Endpoints      WHS(ns)      THS(ns)  THS Failing Endpoints  THS Total Endpoints     WPWS(ns)     TPWS(ns)  TPWS Failing Endpoints  TPWS Total Endpoints  
    -------      -------  ---------------------  -------------------      -------      -------  ---------------------  -------------------     --------     --------  ----------------------  --------------------  
      0.327        0.000                      0                75733        0.019        0.000                      0                75733        1.958        0.000                       0                 86121  


All user specified timing constraints are met.


------------------------------------------------------------------------------------------------
| Clock Summary
| -------------
------------------------------------------------------------------------------------------------

Clock   Waveform(ns)         Period(ns)      Frequency(MHz)
-----   ------------         ----------      --------------
ap_clk  {0.000 2.500}        5.000           200.000         


------------------------------------------------------------------------------------------------
| Intra Clock Table
| -----------------
------------------------------------------------------------------------------------------------

Clock             WNS(ns)      TNS(ns)  TNS Failing Endpoints  TNS Total Endpoints      WHS(ns)      THS(ns)  THS Failing Endpoints  THS Total Endpoints     WPWS(ns)     TPWS(ns)  TPWS Failing Endpoints  TPWS Total Endpoints  
-----             -------      -------  ---------------------  -------------------      -------      -------  ---------------------  -------------------     --------     --------  ----------------------  --------------------  
ap_clk              0.327        0.000                      0                75733        0.019        0.000                      0                75733        1.958        0.000                       0                 86121  


------------------------------------------------------------------------------------------------
| Inter Clock Table
| -----------------
------------------------------------------------------------------------------------------------

From Clock    To Clock          WNS(ns)      TNS(ns)  TNS Failing Endpoints  TNS Total Endpoints      WHS(ns)      THS(ns)  THS Failing Endpoints  THS Total Endpoints  
----------    --------          -------      -------  ---------------------  -------------------      -------      -------  ---------------------  -------------------  


------------------------------------------------------------------------------------------------
| Other Path Groups Table
| -----------------------
------------------------------------------------------------------------------------------------

Path Group    From Clock    To Clock          WNS(ns)      TNS(ns)  TNS Failing Endpoints  TNS Total Endpoints      WHS(ns)      THS(ns)  THS Failing Endpoints  THS Total Endpoints  
----------    ----------    --------          -------      -------  ---------------------  -------------------      -------      -------  ---------------------  -------------------  


------------------------------------------------------------------------------------------------
| User Ignored Path Table
| -----------------------
------------------------------------------------------------------------------------------------

Path Group    From Clock    To Clock    
----------    ----------    --------    


------------------------------------------------------------------------------------------------
| Unconstrained Path Table
| ------------------------
------------------------------------------------------------------------------------------------

Path Group    From Clock    To Clock    
----------    ----------    --------    
(none)        ap_clk                      
(none)                      ap_clk        


------------------------------------------------------------------------------------------------
| Timing Details
| --------------
------------------------------------------------------------------------------------------------


---------------------------------------------------------------------------------------------------
From Clock:  ap_clk
  To Clock:  ap_clk

Setup :            0  Failing Endpoints,  Worst Slack        0.327ns,  Total Violation        0.000ns
Hold  :            0  Failing Endpoints,  Worst Slack        0.019ns,  Total Violation        0.000ns
PW    :            0  Failing Endpoints,  Worst Slack        1.958ns,  Total Violation        0.000ns
---------------------------------------------------------------------------------------------------


Max Delay Paths
--------------------------------------------------------------------------------------
Slack (MET) :             0.327ns  (required time - arrival time)
  Source:                 bd_0_i/hls_inst/inst/a1_arr_V_U/q0_reg[2]/C
                            (rising edge-triggered cell FDRE clocked by ap_clk  {rise@0.000ns fall@2.500ns period=5.000ns})
  Destination:            bd_0_i/hls_inst/inst/grp_W4A4_array_fu_1284/col_gen[51].row_gen[0].pe_core/packedProduct_reg/DSP_OUTPUT_INST/ALU_OUT[24]
                            (rising edge-triggered cell DSP_OUTPUT clocked by ap_clk  {rise@0.000ns fall@2.500ns period=5.000ns})
  Path Group:             ap_clk
  Path Type:              Setup (Max at Slow Process Corner)
  Requirement:            5.000ns  (ap_clk rise@5.000ns - ap_clk rise@0.000ns)
  Data Path Delay:        4.666ns  (logic 1.483ns (31.786%)  route 3.183ns (68.214%))
  Logic Levels:           5  (DSP_A_B_DATA=1 DSP_ALU=1 DSP_M_DATA=1 DSP_MULTIPLIER=1 DSP_PREADD_DATA=1)
  Clock Path Skew:        0.013ns (DCD - SCD + CPR)
    Destination Clock Delay (DCD):    0.043ns = ( 5.043 - 5.000 ) 
    Source Clock Delay      (SCD):    0.030ns
    Clock Pessimism Removal (CPR):    0.000ns
  Clock Uncertainty:      0.035ns  ((TSJ^2 + TIJ^2)^1/2 + DJ) / 2 + PE
    Total System Jitter     (TSJ):    0.071ns
    Total Input Jitter      (TIJ):    0.000ns
    Discrete Jitter          (DJ):    0.000ns
    Phase Error              (PE):    0.000ns

    Location             Delay type                Incr(ns)  Path(ns)    Netlist Resource(s)
  -------------------------------------------------------------------    -------------------
                         (clock ap_clk rise edge)     0.000     0.000 r  
                                                      0.000     0.000 r  ap_clk (IN)
                         net (fo=106705, unset)       0.030     0.030    bd_0_i/hls_inst/inst/a1_arr_V_U/ap_clk
    SLICE_X87Y310        FDRE                                         r  bd_0_i/hls_inst/inst/a1_arr_V_U/q0_reg[2]/C
  -------------------------------------------------------------------    -------------------
    SLICE_X87Y310        FDRE (Prop_GFF_SLICEM_C_Q)
                                                      0.078     0.108 f  bd_0_i/hls_inst/inst/a1_arr_V_U/q0_reg[2]/Q
                         net (fo=448, routed)         3.183     3.291    bd_0_i/hls_inst/inst/grp_W4A4_array_fu_1284/col_gen[51].row_gen[0].pe_core/packedProduct_reg/A[23]
    DSP48E2_X13Y129      DSP_A_B_DATA (Prop_DSP_A_B_DATA_DSP48E2_A[23]_A2_DATA[23])
                                                      0.192     3.483 r  bd_0_i/hls_inst/inst/grp_W4A4_array_fu_1284/col_gen[51].row_gen[0].pe_core/packedProduct_reg/DSP_A_B_DATA_INST/A2_DATA[23]
                         net (fo=1, routed)           0.000     3.483    bd_0_i/hls_inst/inst/grp_W4A4_array_fu_1284/col_gen[51].row_gen[0].pe_core/packedProduct_reg/DSP_A_B_DATA.A2_DATA<23>
    DSP48E2_X13Y129      DSP_PREADD_DATA (Prop_DSP_PREADD_DATA_DSP48E2_A2_DATA[23]_A2A1[23])
                                                      0.076     3.559 r  bd_0_i/hls_inst/inst/grp_W4A4_array_fu_1284/col_gen[51].row_gen[0].pe_core/packedProduct_reg/DSP_PREADD_DATA_INST/A2A1[23]
                         net (fo=1, routed)           0.000     3.559    bd_0_i/hls_inst/inst/grp_W4A4_array_fu_1284/col_gen[51].row_gen[0].pe_core/packedProduct_reg/DSP_PREADD_DATA.A2A1<23>
    DSP48E2_X13Y129      DSP_MULTIPLIER (Prop_DSP_MULTIPLIER_DSP48E2_A2A1[23]_U[24])
                                                      0.505     4.064 f  bd_0_i/hls_inst/inst/grp_W4A4_array_fu_1284/col_gen[51].row_gen[0].pe_core/packedProduct_reg/DSP_MULTIPLIER_INST/U[24]
                         net (fo=1, routed)           0.000     4.064    bd_0_i/hls_inst/inst/grp_W4A4_array_fu_1284/col_gen[51].row_gen[0].pe_core/packedProduct_reg/DSP_MULTIPLIER.U<24>
    DSP48E2_X13Y129      DSP_M_DATA (Prop_DSP_M_DATA_DSP48E2_U[24]_U_DATA[24])
                                                      0.047     4.111 r  bd_0_i/hls_inst/inst/grp_W4A4_array_fu_1284/col_gen[51].row_gen[0].pe_core/packedProduct_reg/DSP_M_DATA_INST/U_DATA[24]
                         net (fo=1, routed)           0.000     4.111    bd_0_i/hls_inst/inst/grp_W4A4_array_fu_1284/col_gen[51].row_gen[0].pe_core/packedProduct_reg/DSP_M_DATA.U_DATA<24>
    DSP48E2_X13Y129      DSP_ALU (Prop_DSP_ALU_DSP48E2_U_DATA[24]_ALU_OUT[24])
                                                      0.585     4.696 r  bd_0_i/hls_inst/inst/grp_W4A4_array_fu_1284/col_gen[51].row_gen[0].pe_core/packedProduct_reg/DSP_ALU_INST/ALU_OUT[24]
                         net (fo=1, routed)           0.000     4.696    bd_0_i/hls_inst/inst/grp_W4A4_array_fu_1284/col_gen[51].row_gen[0].pe_core/packedProduct_reg/DSP_ALU.ALU_OUT<24>
    DSP48E2_X13Y129      DSP_OUTPUT                                   r  bd_0_i/hls_inst/inst/grp_W4A4_array_fu_1284/col_gen[51].row_gen[0].pe_core/packedProduct_reg/DSP_OUTPUT_INST/ALU_OUT[24]
  -------------------------------------------------------------------    -------------------

                         (clock ap_clk rise edge)     5.000     5.000 r  
                                                      0.000     5.000 r  ap_clk (IN)
                         net (fo=106705, unset)       0.043     5.043    bd_0_i/hls_inst/inst/grp_W4A4_array_fu_1284/col_gen[51].row_gen[0].pe_core/packedProduct_reg/CLK
    DSP48E2_X13Y129      DSP_OUTPUT                                   r  bd_0_i/hls_inst/inst/grp_W4A4_array_fu_1284/col_gen[51].row_gen[0].pe_core/packedProduct_reg/DSP_OUTPUT_INST/CLK
                         clock pessimism              0.000     5.043    
                         clock uncertainty           -0.035     5.008    
    DSP48E2_X13Y129      DSP_OUTPUT (Setup_DSP_OUTPUT_DSP48E2_CLK_ALU_OUT[24])
                                                      0.015     5.023    bd_0_i/hls_inst/inst/grp_W4A4_array_fu_1284/col_gen[51].row_gen[0].pe_core/packedProduct_reg/DSP_OUTPUT_INST
  -------------------------------------------------------------------
                         required time                          5.023    
                         arrival time                          -4.696    
  -------------------------------------------------------------------
                         slack                                  0.327    

Slack (MET) :             0.327ns  (required time - arrival time)
  Source:                 bd_0_i/hls_inst/inst/a1_arr_V_U/q0_reg[2]/C
                            (rising edge-triggered cell FDRE clocked by ap_clk  {rise@0.000ns fall@2.500ns period=5.000ns})
  Destination:            bd_0_i/hls_inst/inst/grp_W4A4_array_fu_1284/col_gen[51].row_gen[0].pe_core/packedProduct_reg/DSP_OUTPUT_INST/ALU_OUT[25]
                            (rising edge-triggered cell DSP_OUTPUT clocked by ap_clk  {rise@0.000ns fall@2.500ns period=5.000ns})
  Path Group:             ap_clk
  Path Type:              Setup (Max at Slow Process Corner)
  Requirement:            5.000ns  (ap_clk rise@5.000ns - ap_clk rise@0.000ns)
  Data Path Delay:        4.666ns  (logic 1.483ns (31.786%)  route 3.183ns (68.214%))
  Logic Levels:           5  (DSP_A_B_DATA=1 DSP_ALU=1 DSP_M_DATA=1 DSP_MULTIPLIER=1 DSP_PREADD_DATA=1)
  Clock Path Skew:        0.013ns (DCD - SCD + CPR)
    Destination Clock Delay (DCD):    0.043ns = ( 5.043 - 5.000 ) 
    Source Clock Delay      (SCD):    0.030ns
    Clock Pessimism Removal (CPR):    0.000ns
  Clock Uncertainty:      0.035ns  ((TSJ^2 + TIJ^2)^1/2 + DJ) / 2 + PE
    Total System Jitter     (TSJ):    0.071ns
    Total Input Jitter      (TIJ):    0.000ns
    Discrete Jitter          (DJ):    0.000ns
    Phase Error              (PE):    0.000ns

    Location             Delay type                Incr(ns)  Path(ns)    Netlist Resource(s)
  -------------------------------------------------------------------    -------------------
                         (clock ap_clk rise edge)     0.000     0.000 r  
                                                      0.000     0.000 r  ap_clk (IN)
                         net (fo=106705, unset)       0.030     0.030    bd_0_i/hls_inst/inst/a1_arr_V_U/ap_clk
    SLICE_X87Y310        FDRE                                         r  bd_0_i/hls_inst/inst/a1_arr_V_U/q0_reg[2]/C
  -------------------------------------------------------------------    -------------------
    SLICE_X87Y310        FDRE (Prop_GFF_SLICEM_C_Q)
                                                      0.078     0.108 f  bd_0_i/hls_inst/inst/a1_arr_V_U/q0_reg[2]/Q
                         net (fo=448, routed)         3.183     3.291    bd_0_i/hls_inst/inst/grp_W4A4_array_fu_1284/col_gen[51].row_gen[0].pe_core/packedProduct_reg/A[23]
    DSP48E2_X13Y129      DSP_A_B_DATA (Prop_DSP_A_B_DATA_DSP48E2_A[23]_A2_DATA[23])
                                                      0.192     3.483 r  bd_0_i/hls_inst/inst/grp_W4A4_array_fu_1284/col_gen[51].row_gen[0].pe_core/packedProduct_reg/DSP_A_B_DATA_INST/A2_DATA[23]
                         net (fo=1, routed)           0.000     3.483    bd_0_i/hls_inst/inst/grp_W4A4_array_fu_1284/col_gen[51].row_gen[0].pe_core/packedProduct_reg/DSP_A_B_DATA.A2_DATA<23>
    DSP48E2_X13Y129      DSP_PREADD_DATA (Prop_DSP_PREADD_DATA_DSP48E2_A2_DATA[23]_A2A1[23])
                                                      0.076     3.559 r  bd_0_i/hls_inst/inst/grp_W4A4_array_fu_1284/col_gen[51].row_gen[0].pe_core/packedProduct_reg/DSP_PREADD_DATA_INST/A2A1[23]
                         net (fo=1, routed)           0.000     3.559    bd_0_i/hls_inst/inst/grp_W4A4_array_fu_1284/col_gen[51].row_gen[0].pe_core/packedProduct_reg/DSP_PREADD_DATA.A2A1<23>
    DSP48E2_X13Y129      DSP_MULTIPLIER (Prop_DSP_MULTIPLIER_DSP48E2_A2A1[23]_U[25])
                                                      0.505     4.064 f  bd_0_i/hls_inst/inst/grp_W4A4_array_fu_1284/col_gen[51].row_gen[0].pe_core/packedProduct_reg/DSP_MULTIPLIER_INST/U[25]
                         net (fo=1, routed)           0.000     4.064    bd_0_i/hls_inst/inst/grp_W4A4_array_fu_1284/col_gen[51].row_gen[0].pe_core/packedProduct_reg/DSP_MULTIPLIER.U<25>
    DSP48E2_X13Y129      DSP_M_DATA (Prop_DSP_M_DATA_DSP48E2_U[25]_U_DATA[25])
                                                      0.047     4.111 r  bd_0_i/hls_inst/inst/grp_W4A4_array_fu_1284/col_gen[51].row_gen[0].pe_core/packedProduct_reg/DSP_M_DATA_INST/U_DATA[25]
                         net (fo=1, routed)           0.000     4.111    bd_0_i/hls_inst/inst/grp_W4A4_array_fu_1284/col_gen[51].row_gen[0].pe_core/packedProduct_reg/DSP_M_DATA.U_DATA<25>
    DSP48E2_X13Y129      DSP_ALU (Prop_DSP_ALU_DSP48E2_U_DATA[25]_ALU_OUT[25])
                                                      0.585     4.696 r  bd_0_i/hls_inst/inst/grp_W4A4_array_fu_1284/col_gen[51].row_gen[0].pe_core/packedProduct_reg/DSP_ALU_INST/ALU_OUT[25]
                         net (fo=1, routed)           0.000     4.696    bd_0_i/hls_inst/inst/grp_W4A4_array_fu_1284/col_gen[51].row_gen[0].pe_core/packedProduct_reg/DSP_ALU.ALU_OUT<25>
    DSP48E2_X13Y129      DSP_OUTPUT                                   r  bd_0_i/hls_inst/inst/grp_W4A4_array_fu_1284/col_gen[51].row_gen[0].pe_core/packedProduct_reg/DSP_OUTPUT_INST/ALU_OUT[25]
  -------------------------------------------------------------------    -------------------

                         (clock ap_clk rise edge)     5.000     5.000 r  
                                                      0.000     5.000 r  ap_clk (IN)
                         net (fo=106705, unset)       0.043     5.043    bd_0_i/hls_inst/inst/grp_W4A4_array_fu_1284/col_gen[51].row_gen[0].pe_core/packedProduct_reg/CLK
    DSP48E2_X13Y129      DSP_OUTPUT                                   r  bd_0_i/hls_inst/inst/grp_W4A4_array_fu_1284/col_gen[51].row_gen[0].pe_core/packedProduct_reg/DSP_OUTPUT_INST/CLK
                         clock pessimism              0.000     5.043    
                         clock uncertainty           -0.035     5.008    
    DSP48E2_X13Y129      DSP_OUTPUT (Setup_DSP_OUTPUT_DSP48E2_CLK_ALU_OUT[25])
                                                      0.015     5.023    bd_0_i/hls_inst/inst/grp_W4A4_array_fu_1284/col_gen[51].row_gen[0].pe_core/packedProduct_reg/DSP_OUTPUT_INST
  -------------------------------------------------------------------
                         required time                          5.023    
                         arrival time                          -4.696    
  -------------------------------------------------------------------
                         slack                                  0.327    

Slack (MET) :             0.327ns  (required time - arrival time)
  Source:                 bd_0_i/hls_inst/inst/a1_arr_V_U/q0_reg[2]/C
                            (rising edge-triggered cell FDRE clocked by ap_clk  {rise@0.000ns fall@2.500ns period=5.000ns})
  Destination:            bd_0_i/hls_inst/inst/grp_W4A4_array_fu_1284/col_gen[51].row_gen[0].pe_core/packedProduct_reg/DSP_OUTPUT_INST/ALU_OUT[26]
                            (rising edge-triggered cell DSP_OUTPUT clocked by ap_clk  {rise@0.000ns fall@2.500ns period=5.000ns})
  Path Group:             ap_clk
  Path Type:              Setup (Max at Slow Process Corner)
  Requirement:            5.000ns  (ap_clk rise@5.000ns - ap_clk rise@0.000ns)
  Data Path Delay:        4.666ns  (logic 1.483ns (31.786%)  route 3.183ns (68.214%))
  Logic Levels:           5  (DSP_A_B_DATA=1 DSP_ALU=1 DSP_M_DATA=1 DSP_MULTIPLIER=1 DSP_PREADD_DATA=1)
  Clock Path Skew:        0.013ns (DCD - SCD + CPR)
    Destination Clock Delay (DCD):    0.043ns = ( 5.043 - 5.000 ) 
    Source Clock Delay      (SCD):    0.030ns
    Clock Pessimism Removal (CPR):    0.000ns
  Clock Uncertainty:      0.035ns  ((TSJ^2 + TIJ^2)^1/2 + DJ) / 2 + PE
    Total System Jitter     (TSJ):    0.071ns
    Total Input Jitter      (TIJ):    0.000ns
    Discrete Jitter          (DJ):    0.000ns
    Phase Error              (PE):    0.000ns

    Location             Delay type                Incr(ns)  Path(ns)    Netlist Resource(s)
  -------------------------------------------------------------------    -------------------
                         (clock ap_clk rise edge)     0.000     0.000 r  
                                                      0.000     0.000 r  ap_clk (IN)
                         net (fo=106705, unset)       0.030     0.030    bd_0_i/hls_inst/inst/a1_arr_V_U/ap_clk
    SLICE_X87Y310        FDRE                                         r  bd_0_i/hls_inst/inst/a1_arr_V_U/q0_reg[2]/C
  -------------------------------------------------------------------    -------------------
    SLICE_X87Y310        FDRE (Prop_GFF_SLICEM_C_Q)
                                                      0.078     0.108 f  bd_0_i/hls_inst/inst/a1_arr_V_U/q0_reg[2]/Q
                         net (fo=448, routed)         3.183     3.291    bd_0_i/hls_inst/inst/grp_W4A4_array_fu_1284/col_gen[51].row_gen[0].pe_core/packedProduct_reg/A[23]
    DSP48E2_X13Y129      DSP_A_B_DATA (Prop_DSP_A_B_DATA_DSP48E2_A[23]_A2_DATA[23])
                                                      0.192     3.483 r  bd_0_i/hls_inst/inst/grp_W4A4_array_fu_1284/col_gen[51].row_gen[0].pe_core/packedProduct_reg/DSP_A_B_DATA_INST/A2_DATA[23]
                         net (fo=1, routed)           0.000     3.483    bd_0_i/hls_inst/inst/grp_W4A4_array_fu_1284/col_gen[51].row_gen[0].pe_core/packedProduct_reg/DSP_A_B_DATA.A2_DATA<23>
    DSP48E2_X13Y129      DSP_PREADD_DATA (Prop_DSP_PREADD_DATA_DSP48E2_A2_DATA[23]_A2A1[23])
                                                      0.076     3.559 r  bd_0_i/hls_inst/inst/grp_W4A4_array_fu_1284/col_gen[51].row_gen[0].pe_core/packedProduct_reg/DSP_PREADD_DATA_INST/A2A1[23]
                         net (fo=1, routed)           0.000     3.559    bd_0_i/hls_inst/inst/grp_W4A4_array_fu_1284/col_gen[51].row_gen[0].pe_core/packedProduct_reg/DSP_PREADD_DATA.A2A1<23>
    DSP48E2_X13Y129      DSP_MULTIPLIER (Prop_DSP_MULTIPLIER_DSP48E2_A2A1[23]_U[26])
                                                      0.505     4.064 f  bd_0_i/hls_inst/inst/grp_W4A4_array_fu_1284/col_gen[51].row_gen[0].pe_core/packedProduct_reg/DSP_MULTIPLIER_INST/U[26]
                         net (fo=1, routed)           0.000     4.064    bd_0_i/hls_inst/inst/grp_W4A4_array_fu_1284/col_gen[51].row_gen[0].pe_core/packedProduct_reg/DSP_MULTIPLIER.U<26>
    DSP48E2_X13Y129      DSP_M_DATA (Prop_DSP_M_DATA_DSP48E2_U[26]_U_DATA[26])
                                                      0.047     4.111 r  bd_0_i/hls_inst/inst/grp_W4A4_array_fu_1284/col_gen[51].row_gen[0].pe_core/packedProduct_reg/DSP_M_DATA_INST/U_DATA[26]
                         net (fo=1, routed)           0.000     4.111    bd_0_i/hls_inst/inst/grp_W4A4_array_fu_1284/col_gen[51].row_gen[0].pe_core/packedProduct_reg/DSP_M_DATA.U_DATA<26>
    DSP48E2_X13Y129      DSP_ALU (Prop_DSP_ALU_DSP48E2_U_DATA[26]_ALU_OUT[26])
                                                      0.585     4.696 r  bd_0_i/hls_inst/inst/grp_W4A4_array_fu_1284/col_gen[51].row_gen[0].pe_core/packedProduct_reg/DSP_ALU_INST/ALU_OUT[26]
                         net (fo=1, routed)           0.000     4.696    bd_0_i/hls_inst/inst/grp_W4A4_array_fu_1284/col_gen[51].row_gen[0].pe_core/packedProduct_reg/DSP_ALU.ALU_OUT<26>
    DSP48E2_X13Y129      DSP_OUTPUT                                   r  bd_0_i/hls_inst/inst/grp_W4A4_array_fu_1284/col_gen[51].row_gen[0].pe_core/packedProduct_reg/DSP_OUTPUT_INST/ALU_OUT[26]
  -------------------------------------------------------------------    -------------------

                         (clock ap_clk rise edge)     5.000     5.000 r  
                                                      0.000     5.000 r  ap_clk (IN)
                         net (fo=106705, unset)       0.043     5.043    bd_0_i/hls_inst/inst/grp_W4A4_array_fu_1284/col_gen[51].row_gen[0].pe_core/packedProduct_reg/CLK
    DSP48E2_X13Y129      DSP_OUTPUT                                   r  bd_0_i/hls_inst/inst/grp_W4A4_array_fu_1284/col_gen[51].row_gen[0].pe_core/packedProduct_reg/DSP_OUTPUT_INST/CLK
                         clock pessimism              0.000     5.043    
                         clock uncertainty           -0.035     5.008    
    DSP48E2_X13Y129      DSP_OUTPUT (Setup_DSP_OUTPUT_DSP48E2_CLK_ALU_OUT[26])
                                                      0.015     5.023    bd_0_i/hls_inst/inst/grp_W4A4_array_fu_1284/col_gen[51].row_gen[0].pe_core/packedProduct_reg/DSP_OUTPUT_INST
  -------------------------------------------------------------------
                         required time                          5.023    
                         arrival time                          -4.696    
  -------------------------------------------------------------------
                         slack                                  0.327    

Slack (MET) :             0.327ns  (required time - arrival time)
  Source:                 bd_0_i/hls_inst/inst/a1_arr_V_U/q0_reg[2]/C
                            (rising edge-triggered cell FDRE clocked by ap_clk  {rise@0.000ns fall@2.500ns period=5.000ns})
  Destination:            bd_0_i/hls_inst/inst/grp_W4A4_array_fu_1284/col_gen[51].row_gen[0].pe_core/packedProduct_reg/DSP_OUTPUT_INST/ALU_OUT[27]
                            (rising edge-triggered cell DSP_OUTPUT clocked by ap_clk  {rise@0.000ns fall@2.500ns period=5.000ns})
  Path Group:             ap_clk
  Path Type:              Setup (Max at Slow Process Corner)
  Requirement:            5.000ns  (ap_clk rise@5.000ns - ap_clk rise@0.000ns)
  Data Path Delay:        4.666ns  (logic 1.483ns (31.786%)  route 3.183ns (68.214%))
  Logic Levels:           5  (DSP_A_B_DATA=1 DSP_ALU=1 DSP_M_DATA=1 DSP_MULTIPLIER=1 DSP_PREADD_DATA=1)
  Clock Path Skew:        0.013ns (DCD - SCD + CPR)
    Destination Clock Delay (DCD):    0.043ns = ( 5.043 - 5.000 ) 
    Source Clock Delay      (SCD):    0.030ns
    Clock Pessimism Removal (CPR):    0.000ns
  Clock Uncertainty:      0.035ns  ((TSJ^2 + TIJ^2)^1/2 + DJ) / 2 + PE
    Total System Jitter     (TSJ):    0.071ns
    Total Input Jitter      (TIJ):    0.000ns
    Discrete Jitter          (DJ):    0.000ns
    Phase Error              (PE):    0.000ns

    Location             Delay type                Incr(ns)  Path(ns)    Netlist Resource(s)
  -------------------------------------------------------------------    -------------------
                         (clock ap_clk rise edge)     0.000     0.000 r  
                                                      0.000     0.000 r  ap_clk (IN)
                         net (fo=106705, unset)       0.030     0.030    bd_0_i/hls_inst/inst/a1_arr_V_U/ap_clk
    SLICE_X87Y310        FDRE                                         r  bd_0_i/hls_inst/inst/a1_arr_V_U/q0_reg[2]/C
  -------------------------------------------------------------------    -------------------
    SLICE_X87Y310        FDRE (Prop_GFF_SLICEM_C_Q)
                                                      0.078     0.108 f  bd_0_i/hls_inst/inst/a1_arr_V_U/q0_reg[2]/Q
                         net (fo=448, routed)         3.183     3.291    bd_0_i/hls_inst/inst/grp_W4A4_array_fu_1284/col_gen[51].row_gen[0].pe_core/packedProduct_reg/A[23]
    DSP48E2_X13Y129      DSP_A_B_DATA (Prop_DSP_A_B_DATA_DSP48E2_A[23]_A2_DATA[23])
                                                      0.192     3.483 r  bd_0_i/hls_inst/inst/grp_W4A4_array_fu_1284/col_gen[51].row_gen[0].pe_core/packedProduct_reg/DSP_A_B_DATA_INST/A2_DATA[23]
                         net (fo=1, routed)           0.000     3.483    bd_0_i/hls_inst/inst/grp_W4A4_array_fu_1284/col_gen[51].row_gen[0].pe_core/packedProduct_reg/DSP_A_B_DATA.A2_DATA<23>
    DSP48E2_X13Y129      DSP_PREADD_DATA (Prop_DSP_PREADD_DATA_DSP48E2_A2_DATA[23]_A2A1[23])
                                                      0.076     3.559 r  bd_0_i/hls_inst/inst/grp_W4A4_array_fu_1284/col_gen[51].row_gen[0].pe_core/packedProduct_reg/DSP_PREADD_DATA_INST/A2A1[23]
                         net (fo=1, routed)           0.000     3.559    bd_0_i/hls_inst/inst/grp_W4A4_array_fu_1284/col_gen[51].row_gen[0].pe_core/packedProduct_reg/DSP_PREADD_DATA.A2A1<23>
    DSP48E2_X13Y129      DSP_MULTIPLIER (Prop_DSP_MULTIPLIER_DSP48E2_A2A1[23]_U[27])
                                                      0.505     4.064 f  bd_0_i/hls_inst/inst/grp_W4A4_array_fu_1284/col_gen[51].row_gen[0].pe_core/packedProduct_reg/DSP_MULTIPLIER_INST/U[27]
                         net (fo=1, routed)           0.000     4.064    bd_0_i/hls_inst/inst/grp_W4A4_array_fu_1284/col_gen[51].row_gen[0].pe_core/packedProduct_reg/DSP_MULTIPLIER.U<27>
    DSP48E2_X13Y129      DSP_M_DATA (Prop_DSP_M_DATA_DSP48E2_U[27]_U_DATA[27])
                                                      0.047     4.111 r  bd_0_i/hls_inst/inst/grp_W4A4_array_fu_1284/col_gen[51].row_gen[0].pe_core/packedProduct_reg/DSP_M_DATA_INST/U_DATA[27]
                         net (fo=1, routed)           0.000     4.111    bd_0_i/hls_inst/inst/grp_W4A4_array_fu_1284/col_gen[51].row_gen[0].pe_core/packedProduct_reg/DSP_M_DATA.U_DATA<27>
    DSP48E2_X13Y129      DSP_ALU (Prop_DSP_ALU_DSP48E2_U_DATA[27]_ALU_OUT[27])
                                                      0.585     4.696 r  bd_0_i/hls_inst/inst/grp_W4A4_array_fu_1284/col_gen[51].row_gen[0].pe_core/packedProduct_reg/DSP_ALU_INST/ALU_OUT[27]
                         net (fo=1, routed)           0.000     4.696    bd_0_i/hls_inst/inst/grp_W4A4_array_fu_1284/col_gen[51].row_gen[0].pe_core/packedProduct_reg/DSP_ALU.ALU_OUT<27>
    DSP48E2_X13Y129      DSP_OUTPUT                                   r  bd_0_i/hls_inst/inst/grp_W4A4_array_fu_1284/col_gen[51].row_gen[0].pe_core/packedProduct_reg/DSP_OUTPUT_INST/ALU_OUT[27]
  -------------------------------------------------------------------    -------------------

                         (clock ap_clk rise edge)     5.000     5.000 r  
                                                      0.000     5.000 r  ap_clk (IN)
                         net (fo=106705, unset)       0.043     5.043    bd_0_i/hls_inst/inst/grp_W4A4_array_fu_1284/col_gen[51].row_gen[0].pe_core/packedProduct_reg/CLK
    DSP48E2_X13Y129      DSP_OUTPUT                                   r  bd_0_i/hls_inst/inst/grp_W4A4_array_fu_1284/col_gen[51].row_gen[0].pe_core/packedProduct_reg/DSP_OUTPUT_INST/CLK
                         clock pessimism              0.000     5.043    
                         clock uncertainty           -0.035     5.008    
    DSP48E2_X13Y129      DSP_OUTPUT (Setup_DSP_OUTPUT_DSP48E2_CLK_ALU_OUT[27])
                                                      0.015     5.023    bd_0_i/hls_inst/inst/grp_W4A4_array_fu_1284/col_gen[51].row_gen[0].pe_core/packedProduct_reg/DSP_OUTPUT_INST
  -------------------------------------------------------------------
                         required time                          5.023    
                         arrival time                          -4.696    
  -------------------------------------------------------------------
                         slack                                  0.327    

Slack (MET) :             0.327ns  (required time - arrival time)
  Source:                 bd_0_i/hls_inst/inst/a1_arr_V_U/q0_reg[2]/C
                            (rising edge-triggered cell FDRE clocked by ap_clk  {rise@0.000ns fall@2.500ns period=5.000ns})
  Destination:            bd_0_i/hls_inst/inst/grp_W4A4_array_fu_1284/col_gen[51].row_gen[0].pe_core/packedProduct_reg/DSP_OUTPUT_INST/ALU_OUT[28]
                            (rising edge-triggered cell DSP_OUTPUT clocked by ap_clk  {rise@0.000ns fall@2.500ns period=5.000ns})
  Path Group:             ap_clk
  Path Type:              Setup (Max at Slow Process Corner)
  Requirement:            5.000ns  (ap_clk rise@5.000ns - ap_clk rise@0.000ns)
  Data Path Delay:        4.666ns  (logic 1.483ns (31.786%)  route 3.183ns (68.214%))
  Logic Levels:           5  (DSP_A_B_DATA=1 DSP_ALU=1 DSP_M_DATA=1 DSP_MULTIPLIER=1 DSP_PREADD_DATA=1)
  Clock Path Skew:        0.013ns (DCD - SCD + CPR)
    Destination Clock Delay (DCD):    0.043ns = ( 5.043 - 5.000 ) 
    Source Clock Delay      (SCD):    0.030ns
    Clock Pessimism Removal (CPR):    0.000ns
  Clock Uncertainty:      0.035ns  ((TSJ^2 + TIJ^2)^1/2 + DJ) / 2 + PE
    Total System Jitter     (TSJ):    0.071ns
    Total Input Jitter      (TIJ):    0.000ns
    Discrete Jitter          (DJ):    0.000ns
    Phase Error              (PE):    0.000ns

    Location             Delay type                Incr(ns)  Path(ns)    Netlist Resource(s)
  -------------------------------------------------------------------    -------------------
                         (clock ap_clk rise edge)     0.000     0.000 r  
                                                      0.000     0.000 r  ap_clk (IN)
                         net (fo=106705, unset)       0.030     0.030    bd_0_i/hls_inst/inst/a1_arr_V_U/ap_clk
    SLICE_X87Y310        FDRE                                         r  bd_0_i/hls_inst/inst/a1_arr_V_U/q0_reg[2]/C
  -------------------------------------------------------------------    -------------------
    SLICE_X87Y310        FDRE (Prop_GFF_SLICEM_C_Q)
                                                      0.078     0.108 f  bd_0_i/hls_inst/inst/a1_arr_V_U/q0_reg[2]/Q
                         net (fo=448, routed)         3.183     3.291    bd_0_i/hls_inst/inst/grp_W4A4_array_fu_1284/col_gen[51].row_gen[0].pe_core/packedProduct_reg/A[23]
    DSP48E2_X13Y129      DSP_A_B_DATA (Prop_DSP_A_B_DATA_DSP48E2_A[23]_A2_DATA[23])
                                                      0.192     3.483 r  bd_0_i/hls_inst/inst/grp_W4A4_array_fu_1284/col_gen[51].row_gen[0].pe_core/packedProduct_reg/DSP_A_B_DATA_INST/A2_DATA[23]
                         net (fo=1, routed)           0.000     3.483    bd_0_i/hls_inst/inst/grp_W4A4_array_fu_1284/col_gen[51].row_gen[0].pe_core/packedProduct_reg/DSP_A_B_DATA.A2_DATA<23>
    DSP48E2_X13Y129      DSP_PREADD_DATA (Prop_DSP_PREADD_DATA_DSP48E2_A2_DATA[23]_A2A1[23])
                                                      0.076     3.559 r  bd_0_i/hls_inst/inst/grp_W4A4_array_fu_1284/col_gen[51].row_gen[0].pe_core/packedProduct_reg/DSP_PREADD_DATA_INST/A2A1[23]
                         net (fo=1, routed)           0.000     3.559    bd_0_i/hls_inst/inst/grp_W4A4_array_fu_1284/col_gen[51].row_gen[0].pe_core/packedProduct_reg/DSP_PREADD_DATA.A2A1<23>
    DSP48E2_X13Y129      DSP_MULTIPLIER (Prop_DSP_MULTIPLIER_DSP48E2_A2A1[23]_U[28])
                                                      0.505     4.064 f  bd_0_i/hls_inst/inst/grp_W4A4_array_fu_1284/col_gen[51].row_gen[0].pe_core/packedProduct_reg/DSP_MULTIPLIER_INST/U[28]
                         net (fo=1, routed)           0.000     4.064    bd_0_i/hls_inst/inst/grp_W4A4_array_fu_1284/col_gen[51].row_gen[0].pe_core/packedProduct_reg/DSP_MULTIPLIER.U<28>
    DSP48E2_X13Y129      DSP_M_DATA (Prop_DSP_M_DATA_DSP48E2_U[28]_U_DATA[28])
                                                      0.047     4.111 r  bd_0_i/hls_inst/inst/grp_W4A4_array_fu_1284/col_gen[51].row_gen[0].pe_core/packedProduct_reg/DSP_M_DATA_INST/U_DATA[28]
                         net (fo=1, routed)           0.000     4.111    bd_0_i/hls_inst/inst/grp_W4A4_array_fu_1284/col_gen[51].row_gen[0].pe_core/packedProduct_reg/DSP_M_DATA.U_DATA<28>
    DSP48E2_X13Y129      DSP_ALU (Prop_DSP_ALU_DSP48E2_U_DATA[28]_ALU_OUT[28])
                                                      0.585     4.696 r  bd_0_i/hls_inst/inst/grp_W4A4_array_fu_1284/col_gen[51].row_gen[0].pe_core/packedProduct_reg/DSP_ALU_INST/ALU_OUT[28]
                         net (fo=1, routed)           0.000     4.696    bd_0_i/hls_inst/inst/grp_W4A4_array_fu_1284/col_gen[51].row_gen[0].pe_core/packedProduct_reg/DSP_ALU.ALU_OUT<28>
    DSP48E2_X13Y129      DSP_OUTPUT                                   r  bd_0_i/hls_inst/inst/grp_W4A4_array_fu_1284/col_gen[51].row_gen[0].pe_core/packedProduct_reg/DSP_OUTPUT_INST/ALU_OUT[28]
  -------------------------------------------------------------------    -------------------

                         (clock ap_clk rise edge)     5.000     5.000 r  
                                                      0.000     5.000 r  ap_clk (IN)
                         net (fo=106705, unset)       0.043     5.043    bd_0_i/hls_inst/inst/grp_W4A4_array_fu_1284/col_gen[51].row_gen[0].pe_core/packedProduct_reg/CLK
    DSP48E2_X13Y129      DSP_OUTPUT                                   r  bd_0_i/hls_inst/inst/grp_W4A4_array_fu_1284/col_gen[51].row_gen[0].pe_core/packedProduct_reg/DSP_OUTPUT_INST/CLK
                         clock pessimism              0.000     5.043    
                         clock uncertainty           -0.035     5.008    
    DSP48E2_X13Y129      DSP_OUTPUT (Setup_DSP_OUTPUT_DSP48E2_CLK_ALU_OUT[28])
                                                      0.015     5.023    bd_0_i/hls_inst/inst/grp_W4A4_array_fu_1284/col_gen[51].row_gen[0].pe_core/packedProduct_reg/DSP_OUTPUT_INST
  -------------------------------------------------------------------
                         required time                          5.023    
                         arrival time                          -4.696    
  -------------------------------------------------------------------
                         slack                                  0.327    

Slack (MET) :             0.327ns  (required time - arrival time)
  Source:                 bd_0_i/hls_inst/inst/a1_arr_V_U/q0_reg[2]/C
                            (rising edge-triggered cell FDRE clocked by ap_clk  {rise@0.000ns fall@2.500ns period=5.000ns})
  Destination:            bd_0_i/hls_inst/inst/grp_W4A4_array_fu_1284/col_gen[51].row_gen[0].pe_core/packedProduct_reg/DSP_OUTPUT_INST/ALU_OUT[29]
                            (rising edge-triggered cell DSP_OUTPUT clocked by ap_clk  {rise@0.000ns fall@2.500ns period=5.000ns})
  Path Group:             ap_clk
  Path Type:              Setup (Max at Slow Process Corner)
  Requirement:            5.000ns  (ap_clk rise@5.000ns - ap_clk rise@0.000ns)
  Data Path Delay:        4.666ns  (logic 1.483ns (31.786%)  route 3.183ns (68.214%))
  Logic Levels:           5  (DSP_A_B_DATA=1 DSP_ALU=1 DSP_M_DATA=1 DSP_MULTIPLIER=1 DSP_PREADD_DATA=1)
  Clock Path Skew:        0.013ns (DCD - SCD + CPR)
    Destination Clock Delay (DCD):    0.043ns = ( 5.043 - 5.000 ) 
    Source Clock Delay      (SCD):    0.030ns
    Clock Pessimism Removal (CPR):    0.000ns
  Clock Uncertainty:      0.035ns  ((TSJ^2 + TIJ^2)^1/2 + DJ) / 2 + PE
    Total System Jitter     (TSJ):    0.071ns
    Total Input Jitter      (TIJ):    0.000ns
    Discrete Jitter          (DJ):    0.000ns
    Phase Error              (PE):    0.000ns

    Location             Delay type                Incr(ns)  Path(ns)    Netlist Resource(s)
  -------------------------------------------------------------------    -------------------
                         (clock ap_clk rise edge)     0.000     0.000 r  
                                                      0.000     0.000 r  ap_clk (IN)
                         net (fo=106705, unset)       0.030     0.030    bd_0_i/hls_inst/inst/a1_arr_V_U/ap_clk
    SLICE_X87Y310        FDRE                                         r  bd_0_i/hls_inst/inst/a1_arr_V_U/q0_reg[2]/C
  -------------------------------------------------------------------    -------------------
    SLICE_X87Y310        FDRE (Prop_GFF_SLICEM_C_Q)
                                                      0.078     0.108 f  bd_0_i/hls_inst/inst/a1_arr_V_U/q0_reg[2]/Q
                         net (fo=448, routed)         3.183     3.291    bd_0_i/hls_inst/inst/grp_W4A4_array_fu_1284/col_gen[51].row_gen[0].pe_core/packedProduct_reg/A[23]
    DSP48E2_X13Y129      DSP_A_B_DATA (Prop_DSP_A_B_DATA_DSP48E2_A[23]_A2_DATA[23])
                                                      0.192     3.483 r  bd_0_i/hls_inst/inst/grp_W4A4_array_fu_1284/col_gen[51].row_gen[0].pe_core/packedProduct_reg/DSP_A_B_DATA_INST/A2_DATA[23]
                         net (fo=1, routed)           0.000     3.483    bd_0_i/hls_inst/inst/grp_W4A4_array_fu_1284/col_gen[51].row_gen[0].pe_core/packedProduct_reg/DSP_A_B_DATA.A2_DATA<23>
    DSP48E2_X13Y129      DSP_PREADD_DATA (Prop_DSP_PREADD_DATA_DSP48E2_A2_DATA[23]_A2A1[23])
                                                      0.076     3.559 r  bd_0_i/hls_inst/inst/grp_W4A4_array_fu_1284/col_gen[51].row_gen[0].pe_core/packedProduct_reg/DSP_PREADD_DATA_INST/A2A1[23]
                         net (fo=1, routed)           0.000     3.559    bd_0_i/hls_inst/inst/grp_W4A4_array_fu_1284/col_gen[51].row_gen[0].pe_core/packedProduct_reg/DSP_PREADD_DATA.A2A1<23>
    DSP48E2_X13Y129      DSP_MULTIPLIER (Prop_DSP_MULTIPLIER_DSP48E2_A2A1[23]_U[29])
                                                      0.505     4.064 f  bd_0_i/hls_inst/inst/grp_W4A4_array_fu_1284/col_gen[51].row_gen[0].pe_core/packedProduct_reg/DSP_MULTIPLIER_INST/U[29]
                         net (fo=1, routed)           0.000     4.064    bd_0_i/hls_inst/inst/grp_W4A4_array_fu_1284/col_gen[51].row_gen[0].pe_core/packedProduct_reg/DSP_MULTIPLIER.U<29>
    DSP48E2_X13Y129      DSP_M_DATA (Prop_DSP_M_DATA_DSP48E2_U[29]_U_DATA[29])
                                                      0.047     4.111 r  bd_0_i/hls_inst/inst/grp_W4A4_array_fu_1284/col_gen[51].row_gen[0].pe_core/packedProduct_reg/DSP_M_DATA_INST/U_DATA[29]
                         net (fo=1, routed)           0.000     4.111    bd_0_i/hls_inst/inst/grp_W4A4_array_fu_1284/col_gen[51].row_gen[0].pe_core/packedProduct_reg/DSP_M_DATA.U_DATA<29>
    DSP48E2_X13Y129      DSP_ALU (Prop_DSP_ALU_DSP48E2_U_DATA[29]_ALU_OUT[29])
                                                      0.585     4.696 r  bd_0_i/hls_inst/inst/grp_W4A4_array_fu_1284/col_gen[51].row_gen[0].pe_core/packedProduct_reg/DSP_ALU_INST/ALU_OUT[29]
                         net (fo=1, routed)           0.000     4.696    bd_0_i/hls_inst/inst/grp_W4A4_array_fu_1284/col_gen[51].row_gen[0].pe_core/packedProduct_reg/DSP_ALU.ALU_OUT<29>
    DSP48E2_X13Y129      DSP_OUTPUT                                   r  bd_0_i/hls_inst/inst/grp_W4A4_array_fu_1284/col_gen[51].row_gen[0].pe_core/packedProduct_reg/DSP_OUTPUT_INST/ALU_OUT[29]
  -------------------------------------------------------------------    -------------------

                         (clock ap_clk rise edge)     5.000     5.000 r  
                                                      0.000     5.000 r  ap_clk (IN)
                         net (fo=106705, unset)       0.043     5.043    bd_0_i/hls_inst/inst/grp_W4A4_array_fu_1284/col_gen[51].row_gen[0].pe_core/packedProduct_reg/CLK
    DSP48E2_X13Y129      DSP_OUTPUT                                   r  bd_0_i/hls_inst/inst/grp_W4A4_array_fu_1284/col_gen[51].row_gen[0].pe_core/packedProduct_reg/DSP_OUTPUT_INST/CLK
                         clock pessimism              0.000     5.043    
                         clock uncertainty           -0.035     5.008    
    DSP48E2_X13Y129      DSP_OUTPUT (Setup_DSP_OUTPUT_DSP48E2_CLK_ALU_OUT[29])
                                                      0.015     5.023    bd_0_i/hls_inst/inst/grp_W4A4_array_fu_1284/col_gen[51].row_gen[0].pe_core/packedProduct_reg/DSP_OUTPUT_INST
  -------------------------------------------------------------------
                         required time                          5.023    
                         arrival time                          -4.696    
  -------------------------------------------------------------------
                         slack                                  0.327    

Slack (MET) :             0.327ns  (required time - arrival time)
  Source:                 bd_0_i/hls_inst/inst/a1_arr_V_U/q0_reg[2]/C
                            (rising edge-triggered cell FDRE clocked by ap_clk  {rise@0.000ns fall@2.500ns period=5.000ns})
  Destination:            bd_0_i/hls_inst/inst/grp_W4A4_array_fu_1284/col_gen[51].row_gen[0].pe_core/packedProduct_reg/DSP_OUTPUT_INST/ALU_OUT[30]
                            (rising edge-triggered cell DSP_OUTPUT clocked by ap_clk  {rise@0.000ns fall@2.500ns period=5.000ns})
  Path Group:             ap_clk
  Path Type:              Setup (Max at Slow Process Corner)
  Requirement:            5.000ns  (ap_clk rise@5.000ns - ap_clk rise@0.000ns)
  Data Path Delay:        4.666ns  (logic 1.483ns (31.786%)  route 3.183ns (68.214%))
  Logic Levels:           5  (DSP_A_B_DATA=1 DSP_ALU=1 DSP_M_DATA=1 DSP_MULTIPLIER=1 DSP_PREADD_DATA=1)
  Clock Path Skew:        0.013ns (DCD - SCD + CPR)
    Destination Clock Delay (DCD):    0.043ns = ( 5.043 - 5.000 ) 
    Source Clock Delay      (SCD):    0.030ns
    Clock Pessimism Removal (CPR):    0.000ns
  Clock Uncertainty:      0.035ns  ((TSJ^2 + TIJ^2)^1/2 + DJ) / 2 + PE
    Total System Jitter     (TSJ):    0.071ns
    Total Input Jitter      (TIJ):    0.000ns
    Discrete Jitter          (DJ):    0.000ns
    Phase Error              (PE):    0.000ns

    Location             Delay type                Incr(ns)  Path(ns)    Netlist Resource(s)
  -------------------------------------------------------------------    -------------------
                         (clock ap_clk rise edge)     0.000     0.000 r  
                                                      0.000     0.000 r  ap_clk (IN)
                         net (fo=106705, unset)       0.030     0.030    bd_0_i/hls_inst/inst/a1_arr_V_U/ap_clk
    SLICE_X87Y310        FDRE                                         r  bd_0_i/hls_inst/inst/a1_arr_V_U/q0_reg[2]/C
  -------------------------------------------------------------------    -------------------
    SLICE_X87Y310        FDRE (Prop_GFF_SLICEM_C_Q)
                                                      0.078     0.108 f  bd_0_i/hls_inst/inst/a1_arr_V_U/q0_reg[2]/Q
                         net (fo=448, routed)         3.183     3.291    bd_0_i/hls_inst/inst/grp_W4A4_array_fu_1284/col_gen[51].row_gen[0].pe_core/packedProduct_reg/A[23]
    DSP48E2_X13Y129      DSP_A_B_DATA (Prop_DSP_A_B_DATA_DSP48E2_A[23]_A2_DATA[23])
                                                      0.192     3.483 r  bd_0_i/hls_inst/inst/grp_W4A4_array_fu_1284/col_gen[51].row_gen[0].pe_core/packedProduct_reg/DSP_A_B_DATA_INST/A2_DATA[23]
                         net (fo=1, routed)           0.000     3.483    bd_0_i/hls_inst/inst/grp_W4A4_array_fu_1284/col_gen[51].row_gen[0].pe_core/packedProduct_reg/DSP_A_B_DATA.A2_DATA<23>
    DSP48E2_X13Y129      DSP_PREADD_DATA (Prop_DSP_PREADD_DATA_DSP48E2_A2_DATA[23]_A2A1[23])
                                                      0.076     3.559 r  bd_0_i/hls_inst/inst/grp_W4A4_array_fu_1284/col_gen[51].row_gen[0].pe_core/packedProduct_reg/DSP_PREADD_DATA_INST/A2A1[23]
                         net (fo=1, routed)           0.000     3.559    bd_0_i/hls_inst/inst/grp_W4A4_array_fu_1284/col_gen[51].row_gen[0].pe_core/packedProduct_reg/DSP_PREADD_DATA.A2A1<23>
    DSP48E2_X13Y129      DSP_MULTIPLIER (Prop_DSP_MULTIPLIER_DSP48E2_A2A1[23]_U[30])
                                                      0.505     4.064 f  bd_0_i/hls_inst/inst/grp_W4A4_array_fu_1284/col_gen[51].row_gen[0].pe_core/packedProduct_reg/DSP_MULTIPLIER_INST/U[30]
                         net (fo=1, routed)           0.000     4.064    bd_0_i/hls_inst/inst/grp_W4A4_array_fu_1284/col_gen[51].row_gen[0].pe_core/packedProduct_reg/DSP_MULTIPLIER.U<30>
    DSP48E2_X13Y129      DSP_M_DATA (Prop_DSP_M_DATA_DSP48E2_U[30]_U_DATA[30])
                                                      0.047     4.111 r  bd_0_i/hls_inst/inst/grp_W4A4_array_fu_1284/col_gen[51].row_gen[0].pe_core/packedProduct_reg/DSP_M_DATA_INST/U_DATA[30]
                         net (fo=1, routed)           0.000     4.111    bd_0_i/hls_inst/inst/grp_W4A4_array_fu_1284/col_gen[51].row_gen[0].pe_core/packedProduct_reg/DSP_M_DATA.U_DATA<30>
    DSP48E2_X13Y129      DSP_ALU (Prop_DSP_ALU_DSP48E2_U_DATA[30]_ALU_OUT[30])
                                                      0.585     4.696 r  bd_0_i/hls_inst/inst/grp_W4A4_array_fu_1284/col_gen[51].row_gen[0].pe_core/packedProduct_reg/DSP_ALU_INST/ALU_OUT[30]
                         net (fo=1, routed)           0.000     4.696    bd_0_i/hls_inst/inst/grp_W4A4_array_fu_1284/col_gen[51].row_gen[0].pe_core/packedProduct_reg/DSP_ALU.ALU_OUT<30>
    DSP48E2_X13Y129      DSP_OUTPUT                                   r  bd_0_i/hls_inst/inst/grp_W4A4_array_fu_1284/col_gen[51].row_gen[0].pe_core/packedProduct_reg/DSP_OUTPUT_INST/ALU_OUT[30]
  -------------------------------------------------------------------    -------------------

                         (clock ap_clk rise edge)     5.000     5.000 r  
                                                      0.000     5.000 r  ap_clk (IN)
                         net (fo=106705, unset)       0.043     5.043    bd_0_i/hls_inst/inst/grp_W4A4_array_fu_1284/col_gen[51].row_gen[0].pe_core/packedProduct_reg/CLK
    DSP48E2_X13Y129      DSP_OUTPUT                                   r  bd_0_i/hls_inst/inst/grp_W4A4_array_fu_1284/col_gen[51].row_gen[0].pe_core/packedProduct_reg/DSP_OUTPUT_INST/CLK
                         clock pessimism              0.000     5.043    
                         clock uncertainty           -0.035     5.008    
    DSP48E2_X13Y129      DSP_OUTPUT (Setup_DSP_OUTPUT_DSP48E2_CLK_ALU_OUT[30])
                                                      0.015     5.023    bd_0_i/hls_inst/inst/grp_W4A4_array_fu_1284/col_gen[51].row_gen[0].pe_core/packedProduct_reg/DSP_OUTPUT_INST
  -------------------------------------------------------------------
                         required time                          5.023    
                         arrival time                          -4.696    
  -------------------------------------------------------------------
                         slack                                  0.327    

Slack (MET) :             0.327ns  (required time - arrival time)
  Source:                 bd_0_i/hls_inst/inst/a1_arr_V_U/q0_reg[2]/C
                            (rising edge-triggered cell FDRE clocked by ap_clk  {rise@0.000ns fall@2.500ns period=5.000ns})
  Destination:            bd_0_i/hls_inst/inst/grp_W4A4_array_fu_1284/col_gen[51].row_gen[0].pe_core/packedProduct_reg/DSP_OUTPUT_INST/ALU_OUT[31]
                            (rising edge-triggered cell DSP_OUTPUT clocked by ap_clk  {rise@0.000ns fall@2.500ns period=5.000ns})
  Path Group:             ap_clk
  Path Type:              Setup (Max at Slow Process Corner)
  Requirement:            5.000ns  (ap_clk rise@5.000ns - ap_clk rise@0.000ns)
  Data Path Delay:        4.666ns  (logic 1.483ns (31.786%)  route 3.183ns (68.214%))
  Logic Levels:           5  (DSP_A_B_DATA=1 DSP_ALU=1 DSP_M_DATA=1 DSP_MULTIPLIER=1 DSP_PREADD_DATA=1)
  Clock Path Skew:        0.013ns (DCD - SCD + CPR)
    Destination Clock Delay (DCD):    0.043ns = ( 5.043 - 5.000 ) 
    Source Clock Delay      (SCD):    0.030ns
    Clock Pessimism Removal (CPR):    0.000ns
  Clock Uncertainty:      0.035ns  ((TSJ^2 + TIJ^2)^1/2 + DJ) / 2 + PE
    Total System Jitter     (TSJ):    0.071ns
    Total Input Jitter      (TIJ):    0.000ns
    Discrete Jitter          (DJ):    0.000ns
    Phase Error              (PE):    0.000ns

    Location             Delay type                Incr(ns)  Path(ns)    Netlist Resource(s)
  -------------------------------------------------------------------    -------------------
                         (clock ap_clk rise edge)     0.000     0.000 r  
                                                      0.000     0.000 r  ap_clk (IN)
                         net (fo=106705, unset)       0.030     0.030    bd_0_i/hls_inst/inst/a1_arr_V_U/ap_clk
    SLICE_X87Y310        FDRE                                         r  bd_0_i/hls_inst/inst/a1_arr_V_U/q0_reg[2]/C
  -------------------------------------------------------------------    -------------------
    SLICE_X87Y310        FDRE (Prop_GFF_SLICEM_C_Q)
                                                      0.078     0.108 f  bd_0_i/hls_inst/inst/a1_arr_V_U/q0_reg[2]/Q
                         net (fo=448, routed)         3.183     3.291    bd_0_i/hls_inst/inst/grp_W4A4_array_fu_1284/col_gen[51].row_gen[0].pe_core/packedProduct_reg/A[23]
    DSP48E2_X13Y129      DSP_A_B_DATA (Prop_DSP_A_B_DATA_DSP48E2_A[23]_A2_DATA[23])
                                                      0.192     3.483 r  bd_0_i/hls_inst/inst/grp_W4A4_array_fu_1284/col_gen[51].row_gen[0].pe_core/packedProduct_reg/DSP_A_B_DATA_INST/A2_DATA[23]
                         net (fo=1, routed)           0.000     3.483    bd_0_i/hls_inst/inst/grp_W4A4_array_fu_1284/col_gen[51].row_gen[0].pe_core/packedProduct_reg/DSP_A_B_DATA.A2_DATA<23>
    DSP48E2_X13Y129      DSP_PREADD_DATA (Prop_DSP_PREADD_DATA_DSP48E2_A2_DATA[23]_A2A1[23])
                                                      0.076     3.559 r  bd_0_i/hls_inst/inst/grp_W4A4_array_fu_1284/col_gen[51].row_gen[0].pe_core/packedProduct_reg/DSP_PREADD_DATA_INST/A2A1[23]
                         net (fo=1, routed)           0.000     3.559    bd_0_i/hls_inst/inst/grp_W4A4_array_fu_1284/col_gen[51].row_gen[0].pe_core/packedProduct_reg/DSP_PREADD_DATA.A2A1<23>
    DSP48E2_X13Y129      DSP_MULTIPLIER (Prop_DSP_MULTIPLIER_DSP48E2_A2A1[23]_U[31])
                                                      0.505     4.064 f  bd_0_i/hls_inst/inst/grp_W4A4_array_fu_1284/col_gen[51].row_gen[0].pe_core/packedProduct_reg/DSP_MULTIPLIER_INST/U[31]
                         net (fo=1, routed)           0.000     4.064    bd_0_i/hls_inst/inst/grp_W4A4_array_fu_1284/col_gen[51].row_gen[0].pe_core/packedProduct_reg/DSP_MULTIPLIER.U<31>
    DSP48E2_X13Y129      DSP_M_DATA (Prop_DSP_M_DATA_DSP48E2_U[31]_U_DATA[31])
                                                      0.047     4.111 r  bd_0_i/hls_inst/inst/grp_W4A4_array_fu_1284/col_gen[51].row_gen[0].pe_core/packedProduct_reg/DSP_M_DATA_INST/U_DATA[31]
                         net (fo=1, routed)           0.000     4.111    bd_0_i/hls_inst/inst/grp_W4A4_array_fu_1284/col_gen[51].row_gen[0].pe_core/packedProduct_reg/DSP_M_DATA.U_DATA<31>
    DSP48E2_X13Y129      DSP_ALU (Prop_DSP_ALU_DSP48E2_U_DATA[31]_ALU_OUT[31])
                                                      0.585     4.696 r  bd_0_i/hls_inst/inst/grp_W4A4_array_fu_1284/col_gen[51].row_gen[0].pe_core/packedProduct_reg/DSP_ALU_INST/ALU_OUT[31]
                         net (fo=1, routed)           0.000     4.696    bd_0_i/hls_inst/inst/grp_W4A4_array_fu_1284/col_gen[51].row_gen[0].pe_core/packedProduct_reg/DSP_ALU.ALU_OUT<31>
    DSP48E2_X13Y129      DSP_OUTPUT                                   r  bd_0_i/hls_inst/inst/grp_W4A4_array_fu_1284/col_gen[51].row_gen[0].pe_core/packedProduct_reg/DSP_OUTPUT_INST/ALU_OUT[31]
  -------------------------------------------------------------------    -------------------

                         (clock ap_clk rise edge)     5.000     5.000 r  
                                                      0.000     5.000 r  ap_clk (IN)
                         net (fo=106705, unset)       0.043     5.043    bd_0_i/hls_inst/inst/grp_W4A4_array_fu_1284/col_gen[51].row_gen[0].pe_core/packedProduct_reg/CLK
    DSP48E2_X13Y129      DSP_OUTPUT                                   r  bd_0_i/hls_inst/inst/grp_W4A4_array_fu_1284/col_gen[51].row_gen[0].pe_core/packedProduct_reg/DSP_OUTPUT_INST/CLK
                         clock pessimism              0.000     5.043    
                         clock uncertainty           -0.035     5.008    
    DSP48E2_X13Y129      DSP_OUTPUT (Setup_DSP_OUTPUT_DSP48E2_CLK_ALU_OUT[31])
                                                      0.015     5.023    bd_0_i/hls_inst/inst/grp_W4A4_array_fu_1284/col_gen[51].row_gen[0].pe_core/packedProduct_reg/DSP_OUTPUT_INST
  -------------------------------------------------------------------
                         required time                          5.023    
                         arrival time                          -4.696    
  -------------------------------------------------------------------
                         slack                                  0.327    

Slack (MET) :             0.327ns  (required time - arrival time)
  Source:                 bd_0_i/hls_inst/inst/a1_arr_V_U/q0_reg[2]/C
                            (rising edge-triggered cell FDRE clocked by ap_clk  {rise@0.000ns fall@2.500ns period=5.000ns})
  Destination:            bd_0_i/hls_inst/inst/grp_W4A4_array_fu_1284/col_gen[51].row_gen[0].pe_core/packedProduct_reg/DSP_OUTPUT_INST/ALU_OUT[32]
                            (rising edge-triggered cell DSP_OUTPUT clocked by ap_clk  {rise@0.000ns fall@2.500ns period=5.000ns})
  Path Group:             ap_clk
  Path Type:              Setup (Max at Slow Process Corner)
  Requirement:            5.000ns  (ap_clk rise@5.000ns - ap_clk rise@0.000ns)
  Data Path Delay:        4.666ns  (logic 1.483ns (31.786%)  route 3.183ns (68.214%))
  Logic Levels:           5  (DSP_A_B_DATA=1 DSP_ALU=1 DSP_M_DATA=1 DSP_MULTIPLIER=1 DSP_PREADD_DATA=1)
  Clock Path Skew:        0.013ns (DCD - SCD + CPR)
    Destination Clock Delay (DCD):    0.043ns = ( 5.043 - 5.000 ) 
    Source Clock Delay      (SCD):    0.030ns
    Clock Pessimism Removal (CPR):    0.000ns
  Clock Uncertainty:      0.035ns  ((TSJ^2 + TIJ^2)^1/2 + DJ) / 2 + PE
    Total System Jitter     (TSJ):    0.071ns
    Total Input Jitter      (TIJ):    0.000ns
    Discrete Jitter          (DJ):    0.000ns
    Phase Error              (PE):    0.000ns

    Location             Delay type                Incr(ns)  Path(ns)    Netlist Resource(s)
  -------------------------------------------------------------------    -------------------
                         (clock ap_clk rise edge)     0.000     0.000 r  
                                                      0.000     0.000 r  ap_clk (IN)
                         net (fo=106705, unset)       0.030     0.030    bd_0_i/hls_inst/inst/a1_arr_V_U/ap_clk
    SLICE_X87Y310        FDRE                                         r  bd_0_i/hls_inst/inst/a1_arr_V_U/q0_reg[2]/C
  -------------------------------------------------------------------    -------------------
    SLICE_X87Y310        FDRE (Prop_GFF_SLICEM_C_Q)
                                                      0.078     0.108 f  bd_0_i/hls_inst/inst/a1_arr_V_U/q0_reg[2]/Q
                         net (fo=448, routed)         3.183     3.291    bd_0_i/hls_inst/inst/grp_W4A4_array_fu_1284/col_gen[51].row_gen[0].pe_core/packedProduct_reg/A[23]
    DSP48E2_X13Y129      DSP_A_B_DATA (Prop_DSP_A_B_DATA_DSP48E2_A[23]_A2_DATA[23])
                                                      0.192     3.483 r  bd_0_i/hls_inst/inst/grp_W4A4_array_fu_1284/col_gen[51].row_gen[0].pe_core/packedProduct_reg/DSP_A_B_DATA_INST/A2_DATA[23]
                         net (fo=1, routed)           0.000     3.483    bd_0_i/hls_inst/inst/grp_W4A4_array_fu_1284/col_gen[51].row_gen[0].pe_core/packedProduct_reg/DSP_A_B_DATA.A2_DATA<23>
    DSP48E2_X13Y129      DSP_PREADD_DATA (Prop_DSP_PREADD_DATA_DSP48E2_A2_DATA[23]_A2A1[23])
                                                      0.076     3.559 r  bd_0_i/hls_inst/inst/grp_W4A4_array_fu_1284/col_gen[51].row_gen[0].pe_core/packedProduct_reg/DSP_PREADD_DATA_INST/A2A1[23]
                         net (fo=1, routed)           0.000     3.559    bd_0_i/hls_inst/inst/grp_W4A4_array_fu_1284/col_gen[51].row_gen[0].pe_core/packedProduct_reg/DSP_PREADD_DATA.A2A1<23>
    DSP48E2_X13Y129      DSP_MULTIPLIER (Prop_DSP_MULTIPLIER_DSP48E2_A2A1[23]_U[32])
                                                      0.505     4.064 f  bd_0_i/hls_inst/inst/grp_W4A4_array_fu_1284/col_gen[51].row_gen[0].pe_core/packedProduct_reg/DSP_MULTIPLIER_INST/U[32]
                         net (fo=1, routed)           0.000     4.064    bd_0_i/hls_inst/inst/grp_W4A4_array_fu_1284/col_gen[51].row_gen[0].pe_core/packedProduct_reg/DSP_MULTIPLIER.U<32>
    DSP48E2_X13Y129      DSP_M_DATA (Prop_DSP_M_DATA_DSP48E2_U[32]_U_DATA[32])
                                                      0.047     4.111 r  bd_0_i/hls_inst/inst/grp_W4A4_array_fu_1284/col_gen[51].row_gen[0].pe_core/packedProduct_reg/DSP_M_DATA_INST/U_DATA[32]
                         net (fo=1, routed)           0.000     4.111    bd_0_i/hls_inst/inst/grp_W4A4_array_fu_1284/col_gen[51].row_gen[0].pe_core/packedProduct_reg/DSP_M_DATA.U_DATA<32>
    DSP48E2_X13Y129      DSP_ALU (Prop_DSP_ALU_DSP48E2_U_DATA[32]_ALU_OUT[32])
                                                      0.585     4.696 r  bd_0_i/hls_inst/inst/grp_W4A4_array_fu_1284/col_gen[51].row_gen[0].pe_core/packedProduct_reg/DSP_ALU_INST/ALU_OUT[32]
                         net (fo=1, routed)           0.000     4.696    bd_0_i/hls_inst/inst/grp_W4A4_array_fu_1284/col_gen[51].row_gen[0].pe_core/packedProduct_reg/DSP_ALU.ALU_OUT<32>
    DSP48E2_X13Y129      DSP_OUTPUT                                   r  bd_0_i/hls_inst/inst/grp_W4A4_array_fu_1284/col_gen[51].row_gen[0].pe_core/packedProduct_reg/DSP_OUTPUT_INST/ALU_OUT[32]
  -------------------------------------------------------------------    -------------------

                         (clock ap_clk rise edge)     5.000     5.000 r  
                                                      0.000     5.000 r  ap_clk (IN)
                         net (fo=106705, unset)       0.043     5.043    bd_0_i/hls_inst/inst/grp_W4A4_array_fu_1284/col_gen[51].row_gen[0].pe_core/packedProduct_reg/CLK
    DSP48E2_X13Y129      DSP_OUTPUT                                   r  bd_0_i/hls_inst/inst/grp_W4A4_array_fu_1284/col_gen[51].row_gen[0].pe_core/packedProduct_reg/DSP_OUTPUT_INST/CLK
                         clock pessimism              0.000     5.043    
                         clock uncertainty           -0.035     5.008    
    DSP48E2_X13Y129      DSP_OUTPUT (Setup_DSP_OUTPUT_DSP48E2_CLK_ALU_OUT[32])
                                                      0.015     5.023    bd_0_i/hls_inst/inst/grp_W4A4_array_fu_1284/col_gen[51].row_gen[0].pe_core/packedProduct_reg/DSP_OUTPUT_INST
  -------------------------------------------------------------------
                         required time                          5.023    
                         arrival time                          -4.696    
  -------------------------------------------------------------------
                         slack                                  0.327    

Slack (MET) :             0.327ns  (required time - arrival time)
  Source:                 bd_0_i/hls_inst/inst/a1_arr_V_U/q0_reg[2]/C
                            (rising edge-triggered cell FDRE clocked by ap_clk  {rise@0.000ns fall@2.500ns period=5.000ns})
  Destination:            bd_0_i/hls_inst/inst/grp_W4A4_array_fu_1284/col_gen[51].row_gen[0].pe_core/packedProduct_reg/DSP_OUTPUT_INST/ALU_OUT[33]
                            (rising edge-triggered cell DSP_OUTPUT clocked by ap_clk  {rise@0.000ns fall@2.500ns period=5.000ns})
  Path Group:             ap_clk
  Path Type:              Setup (Max at Slow Process Corner)
  Requirement:            5.000ns  (ap_clk rise@5.000ns - ap_clk rise@0.000ns)
  Data Path Delay:        4.666ns  (logic 1.483ns (31.786%)  route 3.183ns (68.214%))
  Logic Levels:           5  (DSP_A_B_DATA=1 DSP_ALU=1 DSP_M_DATA=1 DSP_MULTIPLIER=1 DSP_PREADD_DATA=1)
  Clock Path Skew:        0.013ns (DCD - SCD + CPR)
    Destination Clock Delay (DCD):    0.043ns = ( 5.043 - 5.000 ) 
    Source Clock Delay      (SCD):    0.030ns
    Clock Pessimism Removal (CPR):    0.000ns
  Clock Uncertainty:      0.035ns  ((TSJ^2 + TIJ^2)^1/2 + DJ) / 2 + PE
    Total System Jitter     (TSJ):    0.071ns
    Total Input Jitter      (TIJ):    0.000ns
    Discrete Jitter          (DJ):    0.000ns
    Phase Error              (PE):    0.000ns

    Location             Delay type                Incr(ns)  Path(ns)    Netlist Resource(s)
  -------------------------------------------------------------------    -------------------
                         (clock ap_clk rise edge)     0.000     0.000 r  
                                                      0.000     0.000 r  ap_clk (IN)
                         net (fo=106705, unset)       0.030     0.030    bd_0_i/hls_inst/inst/a1_arr_V_U/ap_clk
    SLICE_X87Y310        FDRE                                         r  bd_0_i/hls_inst/inst/a1_arr_V_U/q0_reg[2]/C
  -------------------------------------------------------------------    -------------------
    SLICE_X87Y310        FDRE (Prop_GFF_SLICEM_C_Q)
                                                      0.078     0.108 f  bd_0_i/hls_inst/inst/a1_arr_V_U/q0_reg[2]/Q
                         net (fo=448, routed)         3.183     3.291    bd_0_i/hls_inst/inst/grp_W4A4_array_fu_1284/col_gen[51].row_gen[0].pe_core/packedProduct_reg/A[23]
    DSP48E2_X13Y129      DSP_A_B_DATA (Prop_DSP_A_B_DATA_DSP48E2_A[23]_A2_DATA[23])
                                                      0.192     3.483 r  bd_0_i/hls_inst/inst/grp_W4A4_array_fu_1284/col_gen[51].row_gen[0].pe_core/packedProduct_reg/DSP_A_B_DATA_INST/A2_DATA[23]
                         net (fo=1, routed)           0.000     3.483    bd_0_i/hls_inst/inst/grp_W4A4_array_fu_1284/col_gen[51].row_gen[0].pe_core/packedProduct_reg/DSP_A_B_DATA.A2_DATA<23>
    DSP48E2_X13Y129      DSP_PREADD_DATA (Prop_DSP_PREADD_DATA_DSP48E2_A2_DATA[23]_A2A1[23])
                                                      0.076     3.559 r  bd_0_i/hls_inst/inst/grp_W4A4_array_fu_1284/col_gen[51].row_gen[0].pe_core/packedProduct_reg/DSP_PREADD_DATA_INST/A2A1[23]
                         net (fo=1, routed)           0.000     3.559    bd_0_i/hls_inst/inst/grp_W4A4_array_fu_1284/col_gen[51].row_gen[0].pe_core/packedProduct_reg/DSP_PREADD_DATA.A2A1<23>
    DSP48E2_X13Y129      DSP_MULTIPLIER (Prop_DSP_MULTIPLIER_DSP48E2_A2A1[23]_U[33])
                                                      0.505     4.064 f  bd_0_i/hls_inst/inst/grp_W4A4_array_fu_1284/col_gen[51].row_gen[0].pe_core/packedProduct_reg/DSP_MULTIPLIER_INST/U[33]
                         net (fo=1, routed)           0.000     4.064    bd_0_i/hls_inst/inst/grp_W4A4_array_fu_1284/col_gen[51].row_gen[0].pe_core/packedProduct_reg/DSP_MULTIPLIER.U<33>
    DSP48E2_X13Y129      DSP_M_DATA (Prop_DSP_M_DATA_DSP48E2_U[33]_U_DATA[33])
                                                      0.047     4.111 r  bd_0_i/hls_inst/inst/grp_W4A4_array_fu_1284/col_gen[51].row_gen[0].pe_core/packedProduct_reg/DSP_M_DATA_INST/U_DATA[33]
                         net (fo=1, routed)           0.000     4.111    bd_0_i/hls_inst/inst/grp_W4A4_array_fu_1284/col_gen[51].row_gen[0].pe_core/packedProduct_reg/DSP_M_DATA.U_DATA<33>
    DSP48E2_X13Y129      DSP_ALU (Prop_DSP_ALU_DSP48E2_U_DATA[33]_ALU_OUT[33])
                                                      0.585     4.696 r  bd_0_i/hls_inst/inst/grp_W4A4_array_fu_1284/col_gen[51].row_gen[0].pe_core/packedProduct_reg/DSP_ALU_INST/ALU_OUT[33]
                         net (fo=1, routed)           0.000     4.696    bd_0_i/hls_inst/inst/grp_W4A4_array_fu_1284/col_gen[51].row_gen[0].pe_core/packedProduct_reg/DSP_ALU.ALU_OUT<33>
    DSP48E2_X13Y129      DSP_OUTPUT                                   r  bd_0_i/hls_inst/inst/grp_W4A4_array_fu_1284/col_gen[51].row_gen[0].pe_core/packedProduct_reg/DSP_OUTPUT_INST/ALU_OUT[33]
  -------------------------------------------------------------------    -------------------

                         (clock ap_clk rise edge)     5.000     5.000 r  
                                                      0.000     5.000 r  ap_clk (IN)
                         net (fo=106705, unset)       0.043     5.043    bd_0_i/hls_inst/inst/grp_W4A4_array_fu_1284/col_gen[51].row_gen[0].pe_core/packedProduct_reg/CLK
    DSP48E2_X13Y129      DSP_OUTPUT                                   r  bd_0_i/hls_inst/inst/grp_W4A4_array_fu_1284/col_gen[51].row_gen[0].pe_core/packedProduct_reg/DSP_OUTPUT_INST/CLK
                         clock pessimism              0.000     5.043    
                         clock uncertainty           -0.035     5.008    
    DSP48E2_X13Y129      DSP_OUTPUT (Setup_DSP_OUTPUT_DSP48E2_CLK_ALU_OUT[33])
                                                      0.015     5.023    bd_0_i/hls_inst/inst/grp_W4A4_array_fu_1284/col_gen[51].row_gen[0].pe_core/packedProduct_reg/DSP_OUTPUT_INST
  -------------------------------------------------------------------
                         required time                          5.023    
                         arrival time                          -4.696    
  -------------------------------------------------------------------
                         slack                                  0.327    





Min Delay Paths
--------------------------------------------------------------------------------------
Slack (MET) :             0.019ns  (arrival time - required time)
  Source:                 bd_0_i/hls_inst/inst/grp_gemv_kernel_Pipeline_PACK_LOCAL_COL_PACK_ROW10_fu_998/ap_enable_reg_pp0_iter7_reg/C
                            (rising edge-triggered cell FDRE clocked by ap_clk  {rise@0.000ns fall@2.500ns period=5.000ns})
  Destination:            bd_0_i/hls_inst/inst/grp_gemv_kernel_Pipeline_PACK_LOCAL_COL_PACK_ROW10_fu_998/ap_enable_reg_pp0_iter8_reg/D
                            (rising edge-triggered cell FDRE clocked by ap_clk  {rise@0.000ns fall@2.500ns period=5.000ns})
  Path Group:             ap_clk
  Path Type:              Hold (Min at Fast Process Corner)
  Requirement:            0.000ns  (ap_clk rise@0.000ns - ap_clk rise@0.000ns)
  Data Path Delay:        0.072ns  (logic 0.039ns (54.167%)  route 0.033ns (45.833%))
  Logic Levels:           0  
  Clock Path Skew:        0.006ns (DCD - SCD - CPR)
    Destination Clock Delay (DCD):    0.019ns
    Source Clock Delay      (SCD):    0.013ns
    Clock Pessimism Removal (CPR):    -0.000ns

    Location             Delay type                Incr(ns)  Path(ns)    Netlist Resource(s)
  -------------------------------------------------------------------    -------------------
                         (clock ap_clk rise edge)     0.000     0.000 r  
                                                      0.000     0.000 r  ap_clk (IN)
                         net (fo=106705, unset)       0.013     0.013    bd_0_i/hls_inst/inst/grp_gemv_kernel_Pipeline_PACK_LOCAL_COL_PACK_ROW10_fu_998/ap_clk
    SLICE_X7Y331         FDRE                                         r  bd_0_i/hls_inst/inst/grp_gemv_kernel_Pipeline_PACK_LOCAL_COL_PACK_ROW10_fu_998/ap_enable_reg_pp0_iter7_reg/C
  -------------------------------------------------------------------    -------------------
    SLICE_X7Y331         FDRE (Prop_HFF_SLICEL_C_Q)
                                                      0.039     0.052 r  bd_0_i/hls_inst/inst/grp_gemv_kernel_Pipeline_PACK_LOCAL_COL_PACK_ROW10_fu_998/ap_enable_reg_pp0_iter7_reg/Q
                         net (fo=1, routed)           0.033     0.085    bd_0_i/hls_inst/inst/grp_gemv_kernel_Pipeline_PACK_LOCAL_COL_PACK_ROW10_fu_998/ap_enable_reg_pp0_iter7
    SLICE_X7Y331         FDRE                                         r  bd_0_i/hls_inst/inst/grp_gemv_kernel_Pipeline_PACK_LOCAL_COL_PACK_ROW10_fu_998/ap_enable_reg_pp0_iter8_reg/D
  -------------------------------------------------------------------    -------------------

                         (clock ap_clk rise edge)     0.000     0.000 r  
                                                      0.000     0.000 r  ap_clk (IN)
                         net (fo=106705, unset)       0.019     0.019    bd_0_i/hls_inst/inst/grp_gemv_kernel_Pipeline_PACK_LOCAL_COL_PACK_ROW10_fu_998/ap_clk
    SLICE_X7Y331         FDRE                                         r  bd_0_i/hls_inst/inst/grp_gemv_kernel_Pipeline_PACK_LOCAL_COL_PACK_ROW10_fu_998/ap_enable_reg_pp0_iter8_reg/C
                         clock pessimism              0.000     0.019    
    SLICE_X7Y331         FDRE (Hold_HFF2_SLICEL_C_D)
                                                      0.047     0.066    bd_0_i/hls_inst/inst/grp_gemv_kernel_Pipeline_PACK_LOCAL_COL_PACK_ROW10_fu_998/ap_enable_reg_pp0_iter8_reg
  -------------------------------------------------------------------
                         required time                         -0.066    
                         arrival time                           0.085    
  -------------------------------------------------------------------
                         slack                                  0.019    

Slack (MET) :             0.019ns  (arrival time - required time)
  Source:                 bd_0_i/hls_inst/inst/grp_gemv_kernel_Pipeline_PACK_LOCAL_COL_PACK_ROW24_fu_1180/ap_enable_reg_pp0_iter8_reg/C
                            (rising edge-triggered cell FDRE clocked by ap_clk  {rise@0.000ns fall@2.500ns period=5.000ns})
  Destination:            bd_0_i/hls_inst/inst/grp_gemv_kernel_Pipeline_PACK_LOCAL_COL_PACK_ROW24_fu_1180/ap_enable_reg_pp0_iter9_reg/D
                            (rising edge-triggered cell FDRE clocked by ap_clk  {rise@0.000ns fall@2.500ns period=5.000ns})
  Path Group:             ap_clk
  Path Type:              Hold (Min at Fast Process Corner)
  Requirement:            0.000ns  (ap_clk rise@0.000ns - ap_clk rise@0.000ns)
  Data Path Delay:        0.072ns  (logic 0.039ns (54.167%)  route 0.033ns (45.833%))
  Logic Levels:           0  
  Clock Path Skew:        0.006ns (DCD - SCD - CPR)
    Destination Clock Delay (DCD):    0.019ns
    Source Clock Delay      (SCD):    0.013ns
    Clock Pessimism Removal (CPR):    -0.000ns

    Location             Delay type                Incr(ns)  Path(ns)    Netlist Resource(s)
  -------------------------------------------------------------------    -------------------
                         (clock ap_clk rise edge)     0.000     0.000 r  
                                                      0.000     0.000 r  ap_clk (IN)
                         net (fo=106705, unset)       0.013     0.013    bd_0_i/hls_inst/inst/grp_gemv_kernel_Pipeline_PACK_LOCAL_COL_PACK_ROW24_fu_1180/ap_clk
    SLICE_X45Y304        FDRE                                         r  bd_0_i/hls_inst/inst/grp_gemv_kernel_Pipeline_PACK_LOCAL_COL_PACK_ROW24_fu_1180/ap_enable_reg_pp0_iter8_reg/C
  -------------------------------------------------------------------    -------------------
    SLICE_X45Y304        FDRE (Prop_HFF_SLICEL_C_Q)
                                                      0.039     0.052 r  bd_0_i/hls_inst/inst/grp_gemv_kernel_Pipeline_PACK_LOCAL_COL_PACK_ROW24_fu_1180/ap_enable_reg_pp0_iter8_reg/Q
                         net (fo=1, routed)           0.033     0.085    bd_0_i/hls_inst/inst/grp_gemv_kernel_Pipeline_PACK_LOCAL_COL_PACK_ROW24_fu_1180/ap_enable_reg_pp0_iter8
    SLICE_X45Y304        FDRE                                         r  bd_0_i/hls_inst/inst/grp_gemv_kernel_Pipeline_PACK_LOCAL_COL_PACK_ROW24_fu_1180/ap_enable_reg_pp0_iter9_reg/D
  -------------------------------------------------------------------    -------------------

                         (clock ap_clk rise edge)     0.000     0.000 r  
                                                      0.000     0.000 r  ap_clk (IN)
                         net (fo=106705, unset)       0.019     0.019    bd_0_i/hls_inst/inst/grp_gemv_kernel_Pipeline_PACK_LOCAL_COL_PACK_ROW24_fu_1180/ap_clk
    SLICE_X45Y304        FDRE                                         r  bd_0_i/hls_inst/inst/grp_gemv_kernel_Pipeline_PACK_LOCAL_COL_PACK_ROW24_fu_1180/ap_enable_reg_pp0_iter9_reg/C
                         clock pessimism              0.000     0.019    
    SLICE_X45Y304        FDRE (Hold_HFF2_SLICEL_C_D)
                                                      0.047     0.066    bd_0_i/hls_inst/inst/grp_gemv_kernel_Pipeline_PACK_LOCAL_COL_PACK_ROW24_fu_1180/ap_enable_reg_pp0_iter9_reg
  -------------------------------------------------------------------
                         required time                         -0.066    
                         arrival time                           0.085    
  -------------------------------------------------------------------
                         slack                                  0.019    

Slack (MET) :             0.019ns  (arrival time - required time)
  Source:                 bd_0_i/hls_inst/inst/sext_ln79_2_reg_2723_reg[133]/C
                            (rising edge-triggered cell FDRE clocked by ap_clk  {rise@0.000ns fall@2.500ns period=5.000ns})
  Destination:            bd_0_i/hls_inst/inst/sext_ln103_reg_2775_reg[133]/D
                            (rising edge-triggered cell FDRE clocked by ap_clk  {rise@0.000ns fall@2.500ns period=5.000ns})
  Path Group:             ap_clk
  Path Type:              Hold (Min at Fast Process Corner)
  Requirement:            0.000ns  (ap_clk rise@0.000ns - ap_clk rise@0.000ns)
  Data Path Delay:        0.072ns  (logic 0.039ns (54.167%)  route 0.033ns (45.833%))
  Logic Levels:           0  
  Clock Path Skew:        0.006ns (DCD - SCD - CPR)
    Destination Clock Delay (DCD):    0.019ns
    Source Clock Delay      (SCD):    0.013ns
    Clock Pessimism Removal (CPR):    -0.000ns

    Location             Delay type                Incr(ns)  Path(ns)    Netlist Resource(s)
  -------------------------------------------------------------------    -------------------
                         (clock ap_clk rise edge)     0.000     0.000 r  
                                                      0.000     0.000 r  ap_clk (IN)
                         net (fo=106705, unset)       0.013     0.013    bd_0_i/hls_inst/inst/ap_clk
    SLICE_X93Y316        FDRE                                         r  bd_0_i/hls_inst/inst/sext_ln79_2_reg_2723_reg[133]/C
  -------------------------------------------------------------------    -------------------
    SLICE_X93Y316        FDRE (Prop_HFF_SLICEL_C_Q)
                                                      0.039     0.052 r  bd_0_i/hls_inst/inst/sext_ln79_2_reg_2723_reg[133]/Q
                         net (fo=1, routed)           0.033     0.085    bd_0_i/hls_inst/inst/sext_ln79_2_reg_2723_reg_n_0_[133]
    SLICE_X93Y316        FDRE                                         r  bd_0_i/hls_inst/inst/sext_ln103_reg_2775_reg[133]/D
  -------------------------------------------------------------------    -------------------

                         (clock ap_clk rise edge)     0.000     0.000 r  
                                                      0.000     0.000 r  ap_clk (IN)
                         net (fo=106705, unset)       0.019     0.019    bd_0_i/hls_inst/inst/ap_clk
    SLICE_X93Y316        FDRE                                         r  bd_0_i/hls_inst/inst/sext_ln103_reg_2775_reg[133]/C
                         clock pessimism              0.000     0.019    
    SLICE_X93Y316        FDRE (Hold_HFF2_SLICEL_C_D)
                                                      0.047     0.066    bd_0_i/hls_inst/inst/sext_ln103_reg_2775_reg[133]
  -------------------------------------------------------------------
                         required time                         -0.066    
                         arrival time                           0.085    
  -------------------------------------------------------------------
                         slack                                  0.019    

Slack (MET) :             0.019ns  (arrival time - required time)
  Source:                 bd_0_i/hls_inst/inst/trunc_ln6_reg_2524_reg[32]/C
                            (rising edge-triggered cell FDRE clocked by ap_clk  {rise@0.000ns fall@2.500ns period=5.000ns})
  Destination:            bd_0_i/hls_inst/inst/sext_ln79_reg_2710_reg[32]/D
                            (rising edge-triggered cell FDRE clocked by ap_clk  {rise@0.000ns fall@2.500ns period=5.000ns})
  Path Group:             ap_clk
  Path Type:              Hold (Min at Fast Process Corner)
  Requirement:            0.000ns  (ap_clk rise@0.000ns - ap_clk rise@0.000ns)
  Data Path Delay:        0.072ns  (logic 0.039ns (54.167%)  route 0.033ns (45.833%))
  Logic Levels:           0  
  Clock Path Skew:        0.006ns (DCD - SCD - CPR)
    Destination Clock Delay (DCD):    0.019ns
    Source Clock Delay      (SCD):    0.013ns
    Clock Pessimism Removal (CPR):    -0.000ns

    Location             Delay type                Incr(ns)  Path(ns)    Netlist Resource(s)
  -------------------------------------------------------------------    -------------------
                         (clock ap_clk rise edge)     0.000     0.000 r  
                                                      0.000     0.000 r  ap_clk (IN)
                         net (fo=106705, unset)       0.013     0.013    bd_0_i/hls_inst/inst/ap_clk
    SLICE_X79Y322        FDRE                                         r  bd_0_i/hls_inst/inst/trunc_ln6_reg_2524_reg[32]/C
  -------------------------------------------------------------------    -------------------
    SLICE_X79Y322        FDRE (Prop_HFF_SLICEL_C_Q)
                                                      0.039     0.052 r  bd_0_i/hls_inst/inst/trunc_ln6_reg_2524_reg[32]/Q
                         net (fo=1, routed)           0.033     0.085    bd_0_i/hls_inst/inst/trunc_ln6_reg_2524__0[32]
    SLICE_X79Y322        FDRE                                         r  bd_0_i/hls_inst/inst/sext_ln79_reg_2710_reg[32]/D
  -------------------------------------------------------------------    -------------------

                         (clock ap_clk rise edge)     0.000     0.000 r  
                                                      0.000     0.000 r  ap_clk (IN)
                         net (fo=106705, unset)       0.019     0.019    bd_0_i/hls_inst/inst/ap_clk
    SLICE_X79Y322        FDRE                                         r  bd_0_i/hls_inst/inst/sext_ln79_reg_2710_reg[32]/C
                         clock pessimism              0.000     0.019    
    SLICE_X79Y322        FDRE (Hold_HFF2_SLICEL_C_D)
                                                      0.047     0.066    bd_0_i/hls_inst/inst/sext_ln79_reg_2710_reg[32]
  -------------------------------------------------------------------
                         required time                         -0.066    
                         arrival time                           0.085    
  -------------------------------------------------------------------
                         slack                                  0.019    

Slack (MET) :             0.019ns  (arrival time - required time)
  Source:                 bd_0_i/hls_inst/inst/trunc_ln6_reg_2524_reg[51]/C
                            (rising edge-triggered cell FDRE clocked by ap_clk  {rise@0.000ns fall@2.500ns period=5.000ns})
  Destination:            bd_0_i/hls_inst/inst/sext_ln79_reg_2710_reg[51]/D
                            (rising edge-triggered cell FDRE clocked by ap_clk  {rise@0.000ns fall@2.500ns period=5.000ns})
  Path Group:             ap_clk
  Path Type:              Hold (Min at Fast Process Corner)
  Requirement:            0.000ns  (ap_clk rise@0.000ns - ap_clk rise@0.000ns)
  Data Path Delay:        0.072ns  (logic 0.039ns (54.167%)  route 0.033ns (45.833%))
  Logic Levels:           0  
  Clock Path Skew:        0.006ns (DCD - SCD - CPR)
    Destination Clock Delay (DCD):    0.019ns
    Source Clock Delay      (SCD):    0.013ns
    Clock Pessimism Removal (CPR):    -0.000ns

    Location             Delay type                Incr(ns)  Path(ns)    Netlist Resource(s)
  -------------------------------------------------------------------    -------------------
                         (clock ap_clk rise edge)     0.000     0.000 r  
                                                      0.000     0.000 r  ap_clk (IN)
                         net (fo=106705, unset)       0.013     0.013    bd_0_i/hls_inst/inst/ap_clk
    SLICE_X82Y326        FDRE                                         r  bd_0_i/hls_inst/inst/trunc_ln6_reg_2524_reg[51]/C
  -------------------------------------------------------------------    -------------------
    SLICE_X82Y326        FDRE (Prop_HFF_SLICEL_C_Q)
                                                      0.039     0.052 r  bd_0_i/hls_inst/inst/trunc_ln6_reg_2524_reg[51]/Q
                         net (fo=1, routed)           0.033     0.085    bd_0_i/hls_inst/inst/trunc_ln6_reg_2524__0[51]
    SLICE_X82Y326        FDRE                                         r  bd_0_i/hls_inst/inst/sext_ln79_reg_2710_reg[51]/D
  -------------------------------------------------------------------    -------------------

                         (clock ap_clk rise edge)     0.000     0.000 r  
                                                      0.000     0.000 r  ap_clk (IN)
                         net (fo=106705, unset)       0.019     0.019    bd_0_i/hls_inst/inst/ap_clk
    SLICE_X82Y326        FDRE                                         r  bd_0_i/hls_inst/inst/sext_ln79_reg_2710_reg[51]/C
                         clock pessimism              0.000     0.019    
    SLICE_X82Y326        FDRE (Hold_HFF2_SLICEL_C_D)
                                                      0.047     0.066    bd_0_i/hls_inst/inst/sext_ln79_reg_2710_reg[51]
  -------------------------------------------------------------------
                         required time                         -0.066    
                         arrival time                           0.085    
  -------------------------------------------------------------------
                         slack                                  0.019    

Slack (MET) :             0.020ns  (arrival time - required time)
  Source:                 bd_0_i/hls_inst/inst/sext_ln79_2_reg_2723_reg[5]/C
                            (rising edge-triggered cell FDRE clocked by ap_clk  {rise@0.000ns fall@2.500ns period=5.000ns})
  Destination:            bd_0_i/hls_inst/inst/sext_ln103_reg_2775_reg[5]/D
                            (rising edge-triggered cell FDRE clocked by ap_clk  {rise@0.000ns fall@2.500ns period=5.000ns})
  Path Group:             ap_clk
  Path Type:              Hold (Min at Fast Process Corner)
  Requirement:            0.000ns  (ap_clk rise@0.000ns - ap_clk rise@0.000ns)
  Data Path Delay:        0.073ns  (logic 0.039ns (53.425%)  route 0.034ns (46.575%))
  Logic Levels:           0  
  Clock Path Skew:        0.006ns (DCD - SCD - CPR)
    Destination Clock Delay (DCD):    0.019ns
    Source Clock Delay      (SCD):    0.013ns
    Clock Pessimism Removal (CPR):    -0.000ns

    Location             Delay type                Incr(ns)  Path(ns)    Netlist Resource(s)
  -------------------------------------------------------------------    -------------------
                         (clock ap_clk rise edge)     0.000     0.000 r  
                                                      0.000     0.000 r  ap_clk (IN)
                         net (fo=106705, unset)       0.013     0.013    bd_0_i/hls_inst/inst/ap_clk
    SLICE_X92Y313        FDRE                                         r  bd_0_i/hls_inst/inst/sext_ln79_2_reg_2723_reg[5]/C
  -------------------------------------------------------------------    -------------------
    SLICE_X92Y313        FDRE (Prop_HFF_SLICEL_C_Q)
                                                      0.039     0.052 r  bd_0_i/hls_inst/inst/sext_ln79_2_reg_2723_reg[5]/Q
                         net (fo=1, routed)           0.034     0.086    bd_0_i/hls_inst/inst/sext_ln79_2_reg_2723_reg_n_0_[5]
    SLICE_X92Y313        FDRE                                         r  bd_0_i/hls_inst/inst/sext_ln103_reg_2775_reg[5]/D
  -------------------------------------------------------------------    -------------------

                         (clock ap_clk rise edge)     0.000     0.000 r  
                                                      0.000     0.000 r  ap_clk (IN)
                         net (fo=106705, unset)       0.019     0.019    bd_0_i/hls_inst/inst/ap_clk
    SLICE_X92Y313        FDRE                                         r  bd_0_i/hls_inst/inst/sext_ln103_reg_2775_reg[5]/C
                         clock pessimism              0.000     0.019    
    SLICE_X92Y313        FDRE (Hold_EFF2_SLICEL_C_D)
                                                      0.047     0.066    bd_0_i/hls_inst/inst/sext_ln103_reg_2775_reg[5]
  -------------------------------------------------------------------
                         required time                         -0.066    
                         arrival time                           0.086    
  -------------------------------------------------------------------
                         slack                                  0.020    

Slack (MET) :             0.020ns  (arrival time - required time)
  Source:                 bd_0_i/hls_inst/inst/sext_ln79_2_reg_2723_reg[69]/C
                            (rising edge-triggered cell FDRE clocked by ap_clk  {rise@0.000ns fall@2.500ns period=5.000ns})
  Destination:            bd_0_i/hls_inst/inst/sext_ln103_reg_2775_reg[69]/D
                            (rising edge-triggered cell FDRE clocked by ap_clk  {rise@0.000ns fall@2.500ns period=5.000ns})
  Path Group:             ap_clk
  Path Type:              Hold (Min at Fast Process Corner)
  Requirement:            0.000ns  (ap_clk rise@0.000ns - ap_clk rise@0.000ns)
  Data Path Delay:        0.073ns  (logic 0.039ns (53.425%)  route 0.034ns (46.575%))
  Logic Levels:           0  
  Clock Path Skew:        0.006ns (DCD - SCD - CPR)
    Destination Clock Delay (DCD):    0.019ns
    Source Clock Delay      (SCD):    0.013ns
    Clock Pessimism Removal (CPR):    -0.000ns

    Location             Delay type                Incr(ns)  Path(ns)    Netlist Resource(s)
  -------------------------------------------------------------------    -------------------
                         (clock ap_clk rise edge)     0.000     0.000 r  
                                                      0.000     0.000 r  ap_clk (IN)
                         net (fo=106705, unset)       0.013     0.013    bd_0_i/hls_inst/inst/ap_clk
    SLICE_X92Y308        FDRE                                         r  bd_0_i/hls_inst/inst/sext_ln79_2_reg_2723_reg[69]/C
  -------------------------------------------------------------------    -------------------
    SLICE_X92Y308        FDRE (Prop_HFF_SLICEL_C_Q)
                                                      0.039     0.052 r  bd_0_i/hls_inst/inst/sext_ln79_2_reg_2723_reg[69]/Q
                         net (fo=1, routed)           0.034     0.086    bd_0_i/hls_inst/inst/sext_ln79_2_reg_2723_reg_n_0_[69]
    SLICE_X92Y308        FDRE                                         r  bd_0_i/hls_inst/inst/sext_ln103_reg_2775_reg[69]/D
  -------------------------------------------------------------------    -------------------

                         (clock ap_clk rise edge)     0.000     0.000 r  
                                                      0.000     0.000 r  ap_clk (IN)
                         net (fo=106705, unset)       0.019     0.019    bd_0_i/hls_inst/inst/ap_clk
    SLICE_X92Y308        FDRE                                         r  bd_0_i/hls_inst/inst/sext_ln103_reg_2775_reg[69]/C
                         clock pessimism              0.000     0.019    
    SLICE_X92Y308        FDRE (Hold_EFF2_SLICEL_C_D)
                                                      0.047     0.066    bd_0_i/hls_inst/inst/sext_ln103_reg_2775_reg[69]
  -------------------------------------------------------------------
                         required time                         -0.066    
                         arrival time                           0.086    
  -------------------------------------------------------------------
                         slack                                  0.020    

Slack (MET) :             0.020ns  (arrival time - required time)
  Source:                 bd_0_i/hls_inst/inst/sext_ln79_2_reg_2723_reg[73]/C
                            (rising edge-triggered cell FDRE clocked by ap_clk  {rise@0.000ns fall@2.500ns period=5.000ns})
  Destination:            bd_0_i/hls_inst/inst/sext_ln103_reg_2775_reg[73]/D
                            (rising edge-triggered cell FDRE clocked by ap_clk  {rise@0.000ns fall@2.500ns period=5.000ns})
  Path Group:             ap_clk
  Path Type:              Hold (Min at Fast Process Corner)
  Requirement:            0.000ns  (ap_clk rise@0.000ns - ap_clk rise@0.000ns)
  Data Path Delay:        0.073ns  (logic 0.039ns (53.425%)  route 0.034ns (46.575%))
  Logic Levels:           0  
  Clock Path Skew:        0.006ns (DCD - SCD - CPR)
    Destination Clock Delay (DCD):    0.019ns
    Source Clock Delay      (SCD):    0.013ns
    Clock Pessimism Removal (CPR):    -0.000ns

    Location             Delay type                Incr(ns)  Path(ns)    Netlist Resource(s)
  -------------------------------------------------------------------    -------------------
                         (clock ap_clk rise edge)     0.000     0.000 r  
                                                      0.000     0.000 r  ap_clk (IN)
                         net (fo=106705, unset)       0.013     0.013    bd_0_i/hls_inst/inst/ap_clk
    SLICE_X86Y314        FDRE                                         r  bd_0_i/hls_inst/inst/sext_ln79_2_reg_2723_reg[73]/C
  -------------------------------------------------------------------    -------------------
    SLICE_X86Y314        FDRE (Prop_HFF_SLICEL_C_Q)
                                                      0.039     0.052 r  bd_0_i/hls_inst/inst/sext_ln79_2_reg_2723_reg[73]/Q
                         net (fo=1, routed)           0.034     0.086    bd_0_i/hls_inst/inst/sext_ln79_2_reg_2723_reg_n_0_[73]
    SLICE_X86Y314        FDRE                                         r  bd_0_i/hls_inst/inst/sext_ln103_reg_2775_reg[73]/D
  -------------------------------------------------------------------    -------------------

                         (clock ap_clk rise edge)     0.000     0.000 r  
                                                      0.000     0.000 r  ap_clk (IN)
                         net (fo=106705, unset)       0.019     0.019    bd_0_i/hls_inst/inst/ap_clk
    SLICE_X86Y314        FDRE                                         r  bd_0_i/hls_inst/inst/sext_ln103_reg_2775_reg[73]/C
                         clock pessimism              0.000     0.019    
    SLICE_X86Y314        FDRE (Hold_EFF2_SLICEL_C_D)
                                                      0.047     0.066    bd_0_i/hls_inst/inst/sext_ln103_reg_2775_reg[73]
  -------------------------------------------------------------------
                         required time                         -0.066    
                         arrival time                           0.086    
  -------------------------------------------------------------------
                         slack                                  0.020    

Slack (MET) :             0.020ns  (arrival time - required time)
  Source:                 bd_0_i/hls_inst/inst/trunc_ln6_reg_2524_reg[49]/C
                            (rising edge-triggered cell FDRE clocked by ap_clk  {rise@0.000ns fall@2.500ns period=5.000ns})
  Destination:            bd_0_i/hls_inst/inst/sext_ln79_reg_2710_reg[49]/D
                            (rising edge-triggered cell FDRE clocked by ap_clk  {rise@0.000ns fall@2.500ns period=5.000ns})
  Path Group:             ap_clk
  Path Type:              Hold (Min at Fast Process Corner)
  Requirement:            0.000ns  (ap_clk rise@0.000ns - ap_clk rise@0.000ns)
  Data Path Delay:        0.073ns  (logic 0.039ns (53.425%)  route 0.034ns (46.575%))
  Logic Levels:           0  
  Clock Path Skew:        0.006ns (DCD - SCD - CPR)
    Destination Clock Delay (DCD):    0.019ns
    Source Clock Delay      (SCD):    0.013ns
    Clock Pessimism Removal (CPR):    -0.000ns

    Location             Delay type                Incr(ns)  Path(ns)    Netlist Resource(s)
  -------------------------------------------------------------------    -------------------
                         (clock ap_clk rise edge)     0.000     0.000 r  
                                                      0.000     0.000 r  ap_clk (IN)
                         net (fo=106705, unset)       0.013     0.013    bd_0_i/hls_inst/inst/ap_clk
    SLICE_X79Y323        FDRE                                         r  bd_0_i/hls_inst/inst/trunc_ln6_reg_2524_reg[49]/C
  -------------------------------------------------------------------    -------------------
    SLICE_X79Y323        FDRE (Prop_HFF_SLICEL_C_Q)
                                                      0.039     0.052 r  bd_0_i/hls_inst/inst/trunc_ln6_reg_2524_reg[49]/Q
                         net (fo=1, routed)           0.034     0.086    bd_0_i/hls_inst/inst/trunc_ln6_reg_2524__0[49]
    SLICE_X79Y323        FDRE                                         r  bd_0_i/hls_inst/inst/sext_ln79_reg_2710_reg[49]/D
  -------------------------------------------------------------------    -------------------

                         (clock ap_clk rise edge)     0.000     0.000 r  
                                                      0.000     0.000 r  ap_clk (IN)
                         net (fo=106705, unset)       0.019     0.019    bd_0_i/hls_inst/inst/ap_clk
    SLICE_X79Y323        FDRE                                         r  bd_0_i/hls_inst/inst/sext_ln79_reg_2710_reg[49]/C
                         clock pessimism              0.000     0.019    
    SLICE_X79Y323        FDRE (Hold_EFF2_SLICEL_C_D)
                                                      0.047     0.066    bd_0_i/hls_inst/inst/sext_ln79_reg_2710_reg[49]
  -------------------------------------------------------------------
                         required time                         -0.066    
                         arrival time                           0.086    
  -------------------------------------------------------------------
                         slack                                  0.020    

Slack (MET) :             0.021ns  (arrival time - required time)
  Source:                 bd_0_i/hls_inst/inst/sext_ln79_2_reg_2723_reg[10]/C
                            (rising edge-triggered cell FDRE clocked by ap_clk  {rise@0.000ns fall@2.500ns period=5.000ns})
  Destination:            bd_0_i/hls_inst/inst/sext_ln103_reg_2775_reg[10]/D
                            (rising edge-triggered cell FDRE clocked by ap_clk  {rise@0.000ns fall@2.500ns period=5.000ns})
  Path Group:             ap_clk
  Path Type:              Hold (Min at Fast Process Corner)
  Requirement:            0.000ns  (ap_clk rise@0.000ns - ap_clk rise@0.000ns)
  Data Path Delay:        0.074ns  (logic 0.039ns (52.703%)  route 0.035ns (47.297%))
  Logic Levels:           0  
  Clock Path Skew:        0.006ns (DCD - SCD - CPR)
    Destination Clock Delay (DCD):    0.019ns
    Source Clock Delay      (SCD):    0.013ns
    Clock Pessimism Removal (CPR):    -0.000ns

    Location             Delay type                Incr(ns)  Path(ns)    Netlist Resource(s)
  -------------------------------------------------------------------    -------------------
                         (clock ap_clk rise edge)     0.000     0.000 r  
                                                      0.000     0.000 r  ap_clk (IN)
                         net (fo=106705, unset)       0.013     0.013    bd_0_i/hls_inst/inst/ap_clk
    SLICE_X93Y310        FDRE                                         r  bd_0_i/hls_inst/inst/sext_ln79_2_reg_2723_reg[10]/C
  -------------------------------------------------------------------    -------------------
    SLICE_X93Y310        FDRE (Prop_GFF_SLICEL_C_Q)
                                                      0.039     0.052 r  bd_0_i/hls_inst/inst/sext_ln79_2_reg_2723_reg[10]/Q
                         net (fo=1, routed)           0.035     0.087    bd_0_i/hls_inst/inst/sext_ln79_2_reg_2723_reg_n_0_[10]
    SLICE_X93Y310        FDRE                                         r  bd_0_i/hls_inst/inst/sext_ln103_reg_2775_reg[10]/D
  -------------------------------------------------------------------    -------------------

                         (clock ap_clk rise edge)     0.000     0.000 r  
                                                      0.000     0.000 r  ap_clk (IN)
                         net (fo=106705, unset)       0.019     0.019    bd_0_i/hls_inst/inst/ap_clk
    SLICE_X93Y310        FDRE                                         r  bd_0_i/hls_inst/inst/sext_ln103_reg_2775_reg[10]/C
                         clock pessimism              0.000     0.019    
    SLICE_X93Y310        FDRE (Hold_EFF2_SLICEL_C_D)
                                                      0.047     0.066    bd_0_i/hls_inst/inst/sext_ln103_reg_2775_reg[10]
  -------------------------------------------------------------------
                         required time                         -0.066    
                         arrival time                           0.087    
  -------------------------------------------------------------------
                         slack                                  0.021    





Pulse Width Checks
--------------------------------------------------------------------------------------
Clock Name:         ap_clk
Waveform(ns):       { 0.000 2.500 }
Period(ns):         5.000
Sources:            { ap_clk }

Check Type        Corner  Lib Pin             Reference Pin  Required(ns)  Actual(ns)  Slack(ns)  Location      Pin
Min Period        n/a     RAMB36E2/CLKARDCLK  n/a            1.569         5.000       3.431      RAMB36_X5Y60  bd_0_i/hls_inst/inst/gmem_act_m_axi_U/load_unit/buff_rdata/U_fifo_mem/mem_reg_0/CLKARDCLK
Min Period        n/a     RAMB36E2/CLKBWRCLK  n/a            1.569         5.000       3.431      RAMB36_X5Y60  bd_0_i/hls_inst/inst/gmem_act_m_axi_U/load_unit/buff_rdata/U_fifo_mem/mem_reg_0/CLKBWRCLK
Min Period        n/a     RAMB36E2/CLKARDCLK  n/a            1.569         5.000       3.431      RAMB36_X6Y60  bd_0_i/hls_inst/inst/gmem_act_m_axi_U/load_unit/buff_rdata/U_fifo_mem/mem_reg_1/CLKARDCLK
Min Period        n/a     RAMB36E2/CLKBWRCLK  n/a            1.569         5.000       3.431      RAMB36_X6Y60  bd_0_i/hls_inst/inst/gmem_act_m_axi_U/load_unit/buff_rdata/U_fifo_mem/mem_reg_1/CLKBWRCLK
Min Period        n/a     RAMB36E2/CLKARDCLK  n/a            1.569         5.000       3.431      RAMB36_X4Y60  bd_0_i/hls_inst/inst/gmem_act_m_axi_U/load_unit/buff_rdata/U_fifo_mem/mem_reg_2/CLKARDCLK
Min Period        n/a     RAMB36E2/CLKBWRCLK  n/a            1.569         5.000       3.431      RAMB36_X4Y60  bd_0_i/hls_inst/inst/gmem_act_m_axi_U/load_unit/buff_rdata/U_fifo_mem/mem_reg_2/CLKBWRCLK
Min Period        n/a     RAMB36E2/CLKARDCLK  n/a            1.569         5.000       3.431      RAMB36_X4Y61  bd_0_i/hls_inst/inst/gmem_act_m_axi_U/load_unit/buff_rdata/U_fifo_mem/mem_reg_3/CLKARDCLK
Min Period        n/a     RAMB36E2/CLKBWRCLK  n/a            1.569         5.000       3.431      RAMB36_X4Y61  bd_0_i/hls_inst/inst/gmem_act_m_axi_U/load_unit/buff_rdata/U_fifo_mem/mem_reg_3/CLKBWRCLK
Min Period        n/a     RAMB36E2/CLKARDCLK  n/a            1.569         5.000       3.431      RAMB36_X4Y59  bd_0_i/hls_inst/inst/gmem_act_m_axi_U/load_unit/buff_rdata/U_fifo_mem/mem_reg_4/CLKARDCLK
Min Period        n/a     RAMB36E2/CLKBWRCLK  n/a            1.569         5.000       3.431      RAMB36_X4Y59  bd_0_i/hls_inst/inst/gmem_act_m_axi_U/load_unit/buff_rdata/U_fifo_mem/mem_reg_4/CLKBWRCLK
Low Pulse Width   Slow    RAMB36E2/CLKARDCLK  n/a            0.542         2.500       1.958      RAMB36_X5Y60  bd_0_i/hls_inst/inst/gmem_act_m_axi_U/load_unit/buff_rdata/U_fifo_mem/mem_reg_0/CLKARDCLK
Low Pulse Width   Fast    RAMB36E2/CLKARDCLK  n/a            0.542         2.500       1.958      RAMB36_X5Y60  bd_0_i/hls_inst/inst/gmem_act_m_axi_U/load_unit/buff_rdata/U_fifo_mem/mem_reg_0/CLKARDCLK
Low Pulse Width   Slow    RAMB36E2/CLKBWRCLK  n/a            0.542         2.500       1.958      RAMB36_X5Y60  bd_0_i/hls_inst/inst/gmem_act_m_axi_U/load_unit/buff_rdata/U_fifo_mem/mem_reg_0/CLKBWRCLK
Low Pulse Width   Fast    RAMB36E2/CLKBWRCLK  n/a            0.542         2.500       1.958      RAMB36_X5Y60  bd_0_i/hls_inst/inst/gmem_act_m_axi_U/load_unit/buff_rdata/U_fifo_mem/mem_reg_0/CLKBWRCLK
Low Pulse Width   Slow    RAMB36E2/CLKARDCLK  n/a            0.542         2.500       1.958      RAMB36_X6Y60  bd_0_i/hls_inst/inst/gmem_act_m_axi_U/load_unit/buff_rdata/U_fifo_mem/mem_reg_1/CLKARDCLK
Low Pulse Width   Fast    RAMB36E2/CLKARDCLK  n/a            0.542         2.500       1.958      RAMB36_X6Y60  bd_0_i/hls_inst/inst/gmem_act_m_axi_U/load_unit/buff_rdata/U_fifo_mem/mem_reg_1/CLKARDCLK
Low Pulse Width   Slow    RAMB36E2/CLKBWRCLK  n/a            0.542         2.500       1.958      RAMB36_X6Y60  bd_0_i/hls_inst/inst/gmem_act_m_axi_U/load_unit/buff_rdata/U_fifo_mem/mem_reg_1/CLKBWRCLK
Low Pulse Width   Fast    RAMB36E2/CLKBWRCLK  n/a            0.542         2.500       1.958      RAMB36_X6Y60  bd_0_i/hls_inst/inst/gmem_act_m_axi_U/load_unit/buff_rdata/U_fifo_mem/mem_reg_1/CLKBWRCLK
Low Pulse Width   Slow    RAMB36E2/CLKARDCLK  n/a            0.542         2.500       1.958      RAMB36_X4Y60  bd_0_i/hls_inst/inst/gmem_act_m_axi_U/load_unit/buff_rdata/U_fifo_mem/mem_reg_2/CLKARDCLK
Low Pulse Width   Fast    RAMB36E2/CLKARDCLK  n/a            0.542         2.500       1.958      RAMB36_X4Y60  bd_0_i/hls_inst/inst/gmem_act_m_axi_U/load_unit/buff_rdata/U_fifo_mem/mem_reg_2/CLKARDCLK
High Pulse Width  Slow    RAMB36E2/CLKARDCLK  n/a            0.542         2.500       1.958      RAMB36_X5Y60  bd_0_i/hls_inst/inst/gmem_act_m_axi_U/load_unit/buff_rdata/U_fifo_mem/mem_reg_0/CLKARDCLK
High Pulse Width  Fast    RAMB36E2/CLKARDCLK  n/a            0.542         2.500       1.958      RAMB36_X5Y60  bd_0_i/hls_inst/inst/gmem_act_m_axi_U/load_unit/buff_rdata/U_fifo_mem/mem_reg_0/CLKARDCLK
High Pulse Width  Slow    RAMB36E2/CLKBWRCLK  n/a            0.542         2.500       1.958      RAMB36_X5Y60  bd_0_i/hls_inst/inst/gmem_act_m_axi_U/load_unit/buff_rdata/U_fifo_mem/mem_reg_0/CLKBWRCLK
High Pulse Width  Fast    RAMB36E2/CLKBWRCLK  n/a            0.542         2.500       1.958      RAMB36_X5Y60  bd_0_i/hls_inst/inst/gmem_act_m_axi_U/load_unit/buff_rdata/U_fifo_mem/mem_reg_0/CLKBWRCLK
High Pulse Width  Slow    RAMB36E2/CLKARDCLK  n/a            0.542         2.500       1.958      RAMB36_X6Y60  bd_0_i/hls_inst/inst/gmem_act_m_axi_U/load_unit/buff_rdata/U_fifo_mem/mem_reg_1/CLKARDCLK
High Pulse Width  Fast    RAMB36E2/CLKARDCLK  n/a            0.542         2.500       1.958      RAMB36_X6Y60  bd_0_i/hls_inst/inst/gmem_act_m_axi_U/load_unit/buff_rdata/U_fifo_mem/mem_reg_1/CLKARDCLK
High Pulse Width  Slow    RAMB36E2/CLKBWRCLK  n/a            0.542         2.500       1.958      RAMB36_X6Y60  bd_0_i/hls_inst/inst/gmem_act_m_axi_U/load_unit/buff_rdata/U_fifo_mem/mem_reg_1/CLKBWRCLK
High Pulse Width  Fast    RAMB36E2/CLKBWRCLK  n/a            0.542         2.500       1.958      RAMB36_X6Y60  bd_0_i/hls_inst/inst/gmem_act_m_axi_U/load_unit/buff_rdata/U_fifo_mem/mem_reg_1/CLKBWRCLK
High Pulse Width  Slow    RAMB36E2/CLKARDCLK  n/a            0.542         2.500       1.958      RAMB36_X4Y60  bd_0_i/hls_inst/inst/gmem_act_m_axi_U/load_unit/buff_rdata/U_fifo_mem/mem_reg_2/CLKARDCLK
High Pulse Width  Fast    RAMB36E2/CLKARDCLK  n/a            0.542         2.500       1.958      RAMB36_X4Y60  bd_0_i/hls_inst/inst/gmem_act_m_axi_U/load_unit/buff_rdata/U_fifo_mem/mem_reg_2/CLKARDCLK



--------------------------------------------------------------------------------------
Path Group:  (none)
From Clock:  ap_clk
  To Clock:  

Max Delay           811 Endpoints
Min Delay           811 Endpoints
--------------------------------------------------------------------------------------


Max Delay Paths
--------------------------------------------------------------------------------------
Slack:                    inf
  Source:                 bd_0_i/hls_inst/inst/gmem_out_m_axi_U/bus_write/wreq_throttle/flying_req_reg/C
                            (rising edge-triggered cell FDRE clocked by ap_clk  {rise@0.000ns fall@2.500ns period=5.000ns})
  Destination:            m_axi_gmem_out_wvalid
                            (output port)
  Path Group:             (none)
  Path Type:              Max at Slow Process Corner
  Data Path Delay:        0.601ns  (logic 0.195ns (32.437%)  route 0.406ns (67.563%))
  Logic Levels:           1  (LUT3=1)
  Clock Uncertainty:      0.025ns  ((TSJ^2 + TIJ^2)^1/2 + DJ) / 2 + PE
    Total System Jitter     (TSJ):    0.050ns
    Total Input Jitter      (TIJ):    0.000ns
    Discrete Jitter          (DJ):    0.000ns
    Phase Error              (PE):    0.000ns

    Location             Delay type                Incr(ns)  Path(ns)    Netlist Resource(s)
  -------------------------------------------------------------------    -------------------
                         (clock ap_clk rise edge)     0.000     0.000 r  
                                                      0.000     0.000 r  ap_clk (IN)
                         net (fo=106705, unset)       0.029     0.029    bd_0_i/hls_inst/inst/gmem_out_m_axi_U/bus_write/wreq_throttle/ap_clk
    SLICE_X69Y316        FDRE                                         r  bd_0_i/hls_inst/inst/gmem_out_m_axi_U/bus_write/wreq_throttle/flying_req_reg/C
  -------------------------------------------------------------------    -------------------
    SLICE_X69Y316        FDRE (Prop_HFF_SLICEL_C_Q)
                                                      0.079     0.108 r  bd_0_i/hls_inst/inst/gmem_out_m_axi_U/bus_write/wreq_throttle/flying_req_reg/Q
                         net (fo=6, routed)           0.382     0.490    bd_0_i/hls_inst/inst/gmem_out_m_axi_U/bus_write/wreq_throttle/data_fifo/flying_req_reg
    SLICE_X84Y316        LUT3 (Prop_B5LUT_SLICEL_I0_O)
                                                      0.116     0.606 r  bd_0_i/hls_inst/inst/gmem_out_m_axi_U/bus_write/wreq_throttle/data_fifo/m_axi_gmem_out_WVALID_INST_0/O
                         net (fo=0)                   0.024     0.630    m_axi_gmem_out_wvalid
                                                                      r  m_axi_gmem_out_wvalid (OUT)
  -------------------------------------------------------------------    -------------------

Slack:                    inf
  Source:                 bd_0_i/hls_inst/inst/gmem_m_axi_U/bus_write/rs_resp/s_ready_t_reg/C
                            (rising edge-triggered cell FDRE clocked by ap_clk  {rise@0.000ns fall@2.500ns period=5.000ns})
  Destination:            m_axi_gmem_bready
                            (output port)
  Path Group:             (none)
  Path Type:              Max at Slow Process Corner
  Data Path Delay:        0.080ns  (logic 0.080ns (100.000%)  route 0.000ns (0.000%))
  Logic Levels:           0  
  Clock Uncertainty:      0.025ns  ((TSJ^2 + TIJ^2)^1/2 + DJ) / 2 + PE
    Total System Jitter     (TSJ):    0.050ns
    Total Input Jitter      (TIJ):    0.000ns
    Discrete Jitter          (DJ):    0.000ns
    Phase Error              (PE):    0.000ns

    Location             Delay type                Incr(ns)  Path(ns)    Netlist Resource(s)
  -------------------------------------------------------------------    -------------------
                         (clock ap_clk rise edge)     0.000     0.000 r  
                                                      0.000     0.000 r  ap_clk (IN)
                         net (fo=106705, unset)       0.030     0.030    bd_0_i/hls_inst/inst/gmem_m_axi_U/bus_write/rs_resp/ap_clk
    SLICE_X56Y269        FDRE                                         r  bd_0_i/hls_inst/inst/gmem_m_axi_U/bus_write/rs_resp/s_ready_t_reg/C
  -------------------------------------------------------------------    -------------------
    SLICE_X56Y269        FDRE (Prop_DFF2_SLICEM_C_Q)
                                                      0.080     0.110 r  bd_0_i/hls_inst/inst/gmem_m_axi_U/bus_write/rs_resp/s_ready_t_reg/Q
                         net (fo=2, unset)            0.000     0.110    m_axi_gmem_bready
                                                                      r  m_axi_gmem_bready (OUT)
  -------------------------------------------------------------------    -------------------

Slack:                    inf
  Source:                 bd_0_i/hls_inst/inst/gmem_out_m_axi_U/bus_write/wreq_throttle/data_fifo/U_fifo_srl/dout_reg[102]/C
                            (rising edge-triggered cell FDRE clocked by ap_clk  {rise@0.000ns fall@2.500ns period=5.000ns})
  Destination:            m_axi_gmem_out_wdata[102]
                            (output port)
  Path Group:             (none)
  Path Type:              Max at Slow Process Corner
  Data Path Delay:        0.081ns  (logic 0.081ns (100.000%)  route 0.000ns (0.000%))
  Logic Levels:           0  
  Clock Uncertainty:      0.025ns  ((TSJ^2 + TIJ^2)^1/2 + DJ) / 2 + PE
    Total System Jitter     (TSJ):    0.050ns
    Total Input Jitter      (TIJ):    0.000ns
    Discrete Jitter          (DJ):    0.000ns
    Phase Error              (PE):    0.000ns

    Location             Delay type                Incr(ns)  Path(ns)    Netlist Resource(s)
  -------------------------------------------------------------------    -------------------
                         (clock ap_clk rise edge)     0.000     0.000 r  
                                                      0.000     0.000 r  ap_clk (IN)
                         net (fo=106705, unset)       0.029     0.029    bd_0_i/hls_inst/inst/gmem_out_m_axi_U/bus_write/wreq_throttle/data_fifo/U_fifo_srl/ap_clk
    SLICE_X89Y312        FDRE                                         r  bd_0_i/hls_inst/inst/gmem_out_m_axi_U/bus_write/wreq_throttle/data_fifo/U_fifo_srl/dout_reg[102]/C
  -------------------------------------------------------------------    -------------------
    SLICE_X89Y312        FDRE (Prop_EFF2_SLICEL_C_Q)
                                                      0.081     0.110 r  bd_0_i/hls_inst/inst/gmem_out_m_axi_U/bus_write/wreq_throttle/data_fifo/U_fifo_srl/dout_reg[102]/Q
                         net (fo=0)                   0.000     0.110    m_axi_gmem_out_wdata[102]
                                                                      r  m_axi_gmem_out_wdata[102] (OUT)
  -------------------------------------------------------------------    -------------------

Slack:                    inf
  Source:                 bd_0_i/hls_inst/inst/gmem_out_m_axi_U/bus_write/wreq_throttle/data_fifo/U_fifo_srl/dout_reg[106]/C
                            (rising edge-triggered cell FDRE clocked by ap_clk  {rise@0.000ns fall@2.500ns period=5.000ns})
  Destination:            m_axi_gmem_out_wdata[106]
                            (output port)
  Path Group:             (none)
  Path Type:              Max at Slow Process Corner
  Data Path Delay:        0.081ns  (logic 0.081ns (100.000%)  route 0.000ns (0.000%))
  Logic Levels:           0  
  Clock Uncertainty:      0.025ns  ((TSJ^2 + TIJ^2)^1/2 + DJ) / 2 + PE
    Total System Jitter     (TSJ):    0.050ns
    Total Input Jitter      (TIJ):    0.000ns
    Discrete Jitter          (DJ):    0.000ns
    Phase Error              (PE):    0.000ns

    Location             Delay type                Incr(ns)  Path(ns)    Netlist Resource(s)
  -------------------------------------------------------------------    -------------------
                         (clock ap_clk rise edge)     0.000     0.000 r  
                                                      0.000     0.000 r  ap_clk (IN)
                         net (fo=106705, unset)       0.029     0.029    bd_0_i/hls_inst/inst/gmem_out_m_axi_U/bus_write/wreq_throttle/data_fifo/U_fifo_srl/ap_clk
    SLICE_X89Y312        FDRE                                         r  bd_0_i/hls_inst/inst/gmem_out_m_axi_U/bus_write/wreq_throttle/data_fifo/U_fifo_srl/dout_reg[106]/C
  -------------------------------------------------------------------    -------------------
    SLICE_X89Y312        FDRE (Prop_FFF2_SLICEL_C_Q)
                                                      0.081     0.110 r  bd_0_i/hls_inst/inst/gmem_out_m_axi_U/bus_write/wreq_throttle/data_fifo/U_fifo_srl/dout_reg[106]/Q
                         net (fo=0)                   0.000     0.110    m_axi_gmem_out_wdata[106]
                                                                      r  m_axi_gmem_out_wdata[106] (OUT)
  -------------------------------------------------------------------    -------------------

Slack:                    inf
  Source:                 bd_0_i/hls_inst/inst/gmem_out_m_axi_U/bus_write/wreq_throttle/data_fifo/U_fifo_srl/dout_reg[109]/C
                            (rising edge-triggered cell FDRE clocked by ap_clk  {rise@0.000ns fall@2.500ns period=5.000ns})
  Destination:            m_axi_gmem_out_wdata[109]
                            (output port)
  Path Group:             (none)
  Path Type:              Max at Slow Process Corner
  Data Path Delay:        0.081ns  (logic 0.081ns (100.000%)  route 0.000ns (0.000%))
  Logic Levels:           0  
  Clock Uncertainty:      0.025ns  ((TSJ^2 + TIJ^2)^1/2 + DJ) / 2 + PE
    Total System Jitter     (TSJ):    0.050ns
    Total Input Jitter      (TIJ):    0.000ns
    Discrete Jitter          (DJ):    0.000ns
    Phase Error              (PE):    0.000ns

    Location             Delay type                Incr(ns)  Path(ns)    Netlist Resource(s)
  -------------------------------------------------------------------    -------------------
                         (clock ap_clk rise edge)     0.000     0.000 r  
                                                      0.000     0.000 r  ap_clk (IN)
                         net (fo=106705, unset)       0.029     0.029    bd_0_i/hls_inst/inst/gmem_out_m_axi_U/bus_write/wreq_throttle/data_fifo/U_fifo_srl/ap_clk
    SLICE_X89Y312        FDRE                                         r  bd_0_i/hls_inst/inst/gmem_out_m_axi_U/bus_write/wreq_throttle/data_fifo/U_fifo_srl/dout_reg[109]/C
  -------------------------------------------------------------------    -------------------
    SLICE_X89Y312        FDRE (Prop_GFF2_SLICEL_C_Q)
                                                      0.081     0.110 r  bd_0_i/hls_inst/inst/gmem_out_m_axi_U/bus_write/wreq_throttle/data_fifo/U_fifo_srl/dout_reg[109]/Q
                         net (fo=0)                   0.000     0.110    m_axi_gmem_out_wdata[109]
                                                                      r  m_axi_gmem_out_wdata[109] (OUT)
  -------------------------------------------------------------------    -------------------

Slack:                    inf
  Source:                 bd_0_i/hls_inst/inst/gmem_out_m_axi_U/bus_write/wreq_throttle/data_fifo/U_fifo_srl/dout_reg[10]/C
                            (rising edge-triggered cell FDRE clocked by ap_clk  {rise@0.000ns fall@2.500ns period=5.000ns})
  Destination:            m_axi_gmem_out_wdata[10]
                            (output port)
  Path Group:             (none)
  Path Type:              Max at Slow Process Corner
  Data Path Delay:        0.081ns  (logic 0.081ns (100.000%)  route 0.000ns (0.000%))
  Logic Levels:           0  
  Clock Uncertainty:      0.025ns  ((TSJ^2 + TIJ^2)^1/2 + DJ) / 2 + PE
    Total System Jitter     (TSJ):    0.050ns
    Total Input Jitter      (TIJ):    0.000ns
    Discrete Jitter          (DJ):    0.000ns
    Phase Error              (PE):    0.000ns

    Location             Delay type                Incr(ns)  Path(ns)    Netlist Resource(s)
  -------------------------------------------------------------------    -------------------
                         (clock ap_clk rise edge)     0.000     0.000 r  
                                                      0.000     0.000 r  ap_clk (IN)
                         net (fo=106705, unset)       0.029     0.029    bd_0_i/hls_inst/inst/gmem_out_m_axi_U/bus_write/wreq_throttle/data_fifo/U_fifo_srl/ap_clk
    SLICE_X90Y307        FDRE                                         r  bd_0_i/hls_inst/inst/gmem_out_m_axi_U/bus_write/wreq_throttle/data_fifo/U_fifo_srl/dout_reg[10]/C
  -------------------------------------------------------------------    -------------------
    SLICE_X90Y307        FDRE (Prop_EFF2_SLICEL_C_Q)
                                                      0.081     0.110 r  bd_0_i/hls_inst/inst/gmem_out_m_axi_U/bus_write/wreq_throttle/data_fifo/U_fifo_srl/dout_reg[10]/Q
                         net (fo=0)                   0.000     0.110    m_axi_gmem_out_wdata[10]
                                                                      r  m_axi_gmem_out_wdata[10] (OUT)
  -------------------------------------------------------------------    -------------------

Slack:                    inf
  Source:                 bd_0_i/hls_inst/inst/gmem_out_m_axi_U/bus_write/wreq_throttle/data_fifo/U_fifo_srl/dout_reg[115]/C
                            (rising edge-triggered cell FDRE clocked by ap_clk  {rise@0.000ns fall@2.500ns period=5.000ns})
  Destination:            m_axi_gmem_out_wdata[115]
                            (output port)
  Path Group:             (none)
  Path Type:              Max at Slow Process Corner
  Data Path Delay:        0.080ns  (logic 0.080ns (100.000%)  route 0.000ns (0.000%))
  Logic Levels:           0  
  Clock Uncertainty:      0.025ns  ((TSJ^2 + TIJ^2)^1/2 + DJ) / 2 + PE
    Total System Jitter     (TSJ):    0.050ns
    Total Input Jitter      (TIJ):    0.000ns
    Discrete Jitter          (DJ):    0.000ns
    Phase Error              (PE):    0.000ns

    Location             Delay type                Incr(ns)  Path(ns)    Netlist Resource(s)
  -------------------------------------------------------------------    -------------------
                         (clock ap_clk rise edge)     0.000     0.000 r  
                                                      0.000     0.000 r  ap_clk (IN)
                         net (fo=106705, unset)       0.030     0.030    bd_0_i/hls_inst/inst/gmem_out_m_axi_U/bus_write/wreq_throttle/data_fifo/U_fifo_srl/ap_clk
    SLICE_X88Y314        FDRE                                         r  bd_0_i/hls_inst/inst/gmem_out_m_axi_U/bus_write/wreq_throttle/data_fifo/U_fifo_srl/dout_reg[115]/C
  -------------------------------------------------------------------    -------------------
    SLICE_X88Y314        FDRE (Prop_DFF2_SLICEM_C_Q)
                                                      0.080     0.110 r  bd_0_i/hls_inst/inst/gmem_out_m_axi_U/bus_write/wreq_throttle/data_fifo/U_fifo_srl/dout_reg[115]/Q
                         net (fo=0)                   0.000     0.110    m_axi_gmem_out_wdata[115]
                                                                      r  m_axi_gmem_out_wdata[115] (OUT)
  -------------------------------------------------------------------    -------------------

Slack:                    inf
  Source:                 bd_0_i/hls_inst/inst/gmem_out_m_axi_U/bus_write/wreq_throttle/data_fifo/U_fifo_srl/dout_reg[118]/C
                            (rising edge-triggered cell FDRE clocked by ap_clk  {rise@0.000ns fall@2.500ns period=5.000ns})
  Destination:            m_axi_gmem_out_wdata[118]
                            (output port)
  Path Group:             (none)
  Path Type:              Max at Slow Process Corner
  Data Path Delay:        0.080ns  (logic 0.080ns (100.000%)  route 0.000ns (0.000%))
  Logic Levels:           0  
  Clock Uncertainty:      0.025ns  ((TSJ^2 + TIJ^2)^1/2 + DJ) / 2 + PE
    Total System Jitter     (TSJ):    0.050ns
    Total Input Jitter      (TIJ):    0.000ns
    Discrete Jitter          (DJ):    0.000ns
    Phase Error              (PE):    0.000ns

    Location             Delay type                Incr(ns)  Path(ns)    Netlist Resource(s)
  -------------------------------------------------------------------    -------------------
                         (clock ap_clk rise edge)     0.000     0.000 r  
                                                      0.000     0.000 r  ap_clk (IN)
                         net (fo=106705, unset)       0.030     0.030    bd_0_i/hls_inst/inst/gmem_out_m_axi_U/bus_write/wreq_throttle/data_fifo/U_fifo_srl/ap_clk
    SLICE_X88Y314        FDRE                                         r  bd_0_i/hls_inst/inst/gmem_out_m_axi_U/bus_write/wreq_throttle/data_fifo/U_fifo_srl/dout_reg[118]/C
  -------------------------------------------------------------------    -------------------
    SLICE_X88Y314        FDRE (Prop_BFF2_SLICEM_C_Q)
                                                      0.080     0.110 r  bd_0_i/hls_inst/inst/gmem_out_m_axi_U/bus_write/wreq_throttle/data_fifo/U_fifo_srl/dout_reg[118]/Q
                         net (fo=0)                   0.000     0.110    m_axi_gmem_out_wdata[118]
                                                                      r  m_axi_gmem_out_wdata[118] (OUT)
  -------------------------------------------------------------------    -------------------

Slack:                    inf
  Source:                 bd_0_i/hls_inst/inst/gmem_out_m_axi_U/bus_write/wreq_throttle/data_fifo/U_fifo_srl/dout_reg[119]/C
                            (rising edge-triggered cell FDRE clocked by ap_clk  {rise@0.000ns fall@2.500ns period=5.000ns})
  Destination:            m_axi_gmem_out_wdata[119]
                            (output port)
  Path Group:             (none)
  Path Type:              Max at Slow Process Corner
  Data Path Delay:        0.080ns  (logic 0.080ns (100.000%)  route 0.000ns (0.000%))
  Logic Levels:           0  
  Clock Uncertainty:      0.025ns  ((TSJ^2 + TIJ^2)^1/2 + DJ) / 2 + PE
    Total System Jitter     (TSJ):    0.050ns
    Total Input Jitter      (TIJ):    0.000ns
    Discrete Jitter          (DJ):    0.000ns
    Phase Error              (PE):    0.000ns

    Location             Delay type                Incr(ns)  Path(ns)    Netlist Resource(s)
  -------------------------------------------------------------------    -------------------
                         (clock ap_clk rise edge)     0.000     0.000 r  
                                                      0.000     0.000 r  ap_clk (IN)
                         net (fo=106705, unset)       0.030     0.030    bd_0_i/hls_inst/inst/gmem_out_m_axi_U/bus_write/wreq_throttle/data_fifo/U_fifo_srl/ap_clk
    SLICE_X88Y314        FDRE                                         r  bd_0_i/hls_inst/inst/gmem_out_m_axi_U/bus_write/wreq_throttle/data_fifo/U_fifo_srl/dout_reg[119]/C
  -------------------------------------------------------------------    -------------------
    SLICE_X88Y314        FDRE (Prop_AFF2_SLICEM_C_Q)
                                                      0.080     0.110 r  bd_0_i/hls_inst/inst/gmem_out_m_axi_U/bus_write/wreq_throttle/data_fifo/U_fifo_srl/dout_reg[119]/Q
                         net (fo=0)                   0.000     0.110    m_axi_gmem_out_wdata[119]
                                                                      r  m_axi_gmem_out_wdata[119] (OUT)
  -------------------------------------------------------------------    -------------------

Slack:                    inf
  Source:                 bd_0_i/hls_inst/inst/gmem_out_m_axi_U/bus_write/wreq_throttle/data_fifo/U_fifo_srl/dout_reg[137]/C
                            (rising edge-triggered cell FDRE clocked by ap_clk  {rise@0.000ns fall@2.500ns period=5.000ns})
  Destination:            m_axi_gmem_out_wdata[137]
                            (output port)
  Path Group:             (none)
  Path Type:              Max at Slow Process Corner
  Data Path Delay:        0.080ns  (logic 0.080ns (100.000%)  route 0.000ns (0.000%))
  Logic Levels:           0  
  Clock Uncertainty:      0.025ns  ((TSJ^2 + TIJ^2)^1/2 + DJ) / 2 + PE
    Total System Jitter     (TSJ):    0.050ns
    Total Input Jitter      (TIJ):    0.000ns
    Discrete Jitter          (DJ):    0.000ns
    Phase Error              (PE):    0.000ns

    Location             Delay type                Incr(ns)  Path(ns)    Netlist Resource(s)
  -------------------------------------------------------------------    -------------------
                         (clock ap_clk rise edge)     0.000     0.000 r  
                                                      0.000     0.000 r  ap_clk (IN)
                         net (fo=106705, unset)       0.030     0.030    bd_0_i/hls_inst/inst/gmem_out_m_axi_U/bus_write/wreq_throttle/data_fifo/U_fifo_srl/ap_clk
    SLICE_X91Y311        FDRE                                         r  bd_0_i/hls_inst/inst/gmem_out_m_axi_U/bus_write/wreq_throttle/data_fifo/U_fifo_srl/dout_reg[137]/C
  -------------------------------------------------------------------    -------------------
    SLICE_X91Y311        FDRE (Prop_AFF2_SLICEM_C_Q)
                                                      0.080     0.110 r  bd_0_i/hls_inst/inst/gmem_out_m_axi_U/bus_write/wreq_throttle/data_fifo/U_fifo_srl/dout_reg[137]/Q
                         net (fo=0)                   0.000     0.110    m_axi_gmem_out_wdata[137]
                                                                      r  m_axi_gmem_out_wdata[137] (OUT)
  -------------------------------------------------------------------    -------------------





Min Delay Paths
--------------------------------------------------------------------------------------
Slack:                    inf
  Source:                 bd_0_i/hls_inst/inst/gmem_m_axi_U/bus_read/rreq_burst_conv/could_multi_bursts.addr_buf_reg[11]/C
                            (rising edge-triggered cell FDRE clocked by ap_clk  {rise@0.000ns fall@2.500ns period=5.000ns})
  Destination:            m_axi_gmem_araddr[11]
                            (output port)
  Path Group:             (none)
  Path Type:              Min at Fast Process Corner
  Data Path Delay:        0.037ns  (logic 0.037ns (100.000%)  route 0.000ns (0.000%))
  Logic Levels:           0  
  Clock Uncertainty:      0.025ns  ((TSJ^2 + TIJ^2)^1/2 + DJ) / 2 + PE
    Total System Jitter     (TSJ):    0.050ns
    Total Input Jitter      (TIJ):    0.000ns
    Discrete Jitter          (DJ):    0.000ns
    Phase Error              (PE):    0.000ns

    Location             Delay type                Incr(ns)  Path(ns)    Netlist Resource(s)
  -------------------------------------------------------------------    -------------------
                         (clock ap_clk rise edge)     0.000     0.000 r  
                                                      0.000     0.000 r  ap_clk (IN)
                         net (fo=106705, unset)       0.013     0.013    bd_0_i/hls_inst/inst/gmem_m_axi_U/bus_read/rreq_burst_conv/ap_clk
    SLICE_X50Y343        FDRE                                         r  bd_0_i/hls_inst/inst/gmem_m_axi_U/bus_read/rreq_burst_conv/could_multi_bursts.addr_buf_reg[11]/C
  -------------------------------------------------------------------    -------------------
    SLICE_X50Y343        FDRE (Prop_FFF_SLICEM_C_Q)
                                                      0.037     0.050 r  bd_0_i/hls_inst/inst/gmem_m_axi_U/bus_read/rreq_burst_conv/could_multi_bursts.addr_buf_reg[11]/Q
                         net (fo=1, unset)            0.000     0.050    m_axi_gmem_araddr[11]
                                                                      r  m_axi_gmem_araddr[11] (OUT)
  -------------------------------------------------------------------    -------------------

Slack:                    inf
  Source:                 bd_0_i/hls_inst/inst/gmem_m_axi_U/bus_read/rreq_burst_conv/could_multi_bursts.addr_buf_reg[19]/C
                            (rising edge-triggered cell FDRE clocked by ap_clk  {rise@0.000ns fall@2.500ns period=5.000ns})
  Destination:            m_axi_gmem_araddr[19]
                            (output port)
  Path Group:             (none)
  Path Type:              Min at Fast Process Corner
  Data Path Delay:        0.037ns  (logic 0.037ns (100.000%)  route 0.000ns (0.000%))
  Logic Levels:           0  
  Clock Uncertainty:      0.025ns  ((TSJ^2 + TIJ^2)^1/2 + DJ) / 2 + PE
    Total System Jitter     (TSJ):    0.050ns
    Total Input Jitter      (TIJ):    0.000ns
    Discrete Jitter          (DJ):    0.000ns
    Phase Error              (PE):    0.000ns

    Location             Delay type                Incr(ns)  Path(ns)    Netlist Resource(s)
  -------------------------------------------------------------------    -------------------
                         (clock ap_clk rise edge)     0.000     0.000 r  
                                                      0.000     0.000 r  ap_clk (IN)
                         net (fo=106705, unset)       0.013     0.013    bd_0_i/hls_inst/inst/gmem_m_axi_U/bus_read/rreq_burst_conv/ap_clk
    SLICE_X50Y344        FDRE                                         r  bd_0_i/hls_inst/inst/gmem_m_axi_U/bus_read/rreq_burst_conv/could_multi_bursts.addr_buf_reg[19]/C
  -------------------------------------------------------------------    -------------------
    SLICE_X50Y344        FDRE (Prop_FFF_SLICEM_C_Q)
                                                      0.037     0.050 r  bd_0_i/hls_inst/inst/gmem_m_axi_U/bus_read/rreq_burst_conv/could_multi_bursts.addr_buf_reg[19]/Q
                         net (fo=1, unset)            0.000     0.050    m_axi_gmem_araddr[19]
                                                                      r  m_axi_gmem_araddr[19] (OUT)
  -------------------------------------------------------------------    -------------------

Slack:                    inf
  Source:                 bd_0_i/hls_inst/inst/gmem_m_axi_U/bus_read/rreq_burst_conv/could_multi_bursts.addr_buf_reg[27]/C
                            (rising edge-triggered cell FDRE clocked by ap_clk  {rise@0.000ns fall@2.500ns period=5.000ns})
  Destination:            m_axi_gmem_araddr[27]
                            (output port)
  Path Group:             (none)
  Path Type:              Min at Fast Process Corner
  Data Path Delay:        0.037ns  (logic 0.037ns (100.000%)  route 0.000ns (0.000%))
  Logic Levels:           0  
  Clock Uncertainty:      0.025ns  ((TSJ^2 + TIJ^2)^1/2 + DJ) / 2 + PE
    Total System Jitter     (TSJ):    0.050ns
    Total Input Jitter      (TIJ):    0.000ns
    Discrete Jitter          (DJ):    0.000ns
    Phase Error              (PE):    0.000ns

    Location             Delay type                Incr(ns)  Path(ns)    Netlist Resource(s)
  -------------------------------------------------------------------    -------------------
                         (clock ap_clk rise edge)     0.000     0.000 r  
                                                      0.000     0.000 r  ap_clk (IN)
                         net (fo=106705, unset)       0.013     0.013    bd_0_i/hls_inst/inst/gmem_m_axi_U/bus_read/rreq_burst_conv/ap_clk
    SLICE_X50Y345        FDRE                                         r  bd_0_i/hls_inst/inst/gmem_m_axi_U/bus_read/rreq_burst_conv/could_multi_bursts.addr_buf_reg[27]/C
  -------------------------------------------------------------------    -------------------
    SLICE_X50Y345        FDRE (Prop_FFF_SLICEM_C_Q)
                                                      0.037     0.050 r  bd_0_i/hls_inst/inst/gmem_m_axi_U/bus_read/rreq_burst_conv/could_multi_bursts.addr_buf_reg[27]/Q
                         net (fo=1, unset)            0.000     0.050    m_axi_gmem_araddr[27]
                                                                      r  m_axi_gmem_araddr[27] (OUT)
  -------------------------------------------------------------------    -------------------

Slack:                    inf
  Source:                 bd_0_i/hls_inst/inst/gmem_m_axi_U/bus_read/rreq_burst_conv/could_multi_bursts.addr_buf_reg[35]/C
                            (rising edge-triggered cell FDRE clocked by ap_clk  {rise@0.000ns fall@2.500ns period=5.000ns})
  Destination:            m_axi_gmem_araddr[35]
                            (output port)
  Path Group:             (none)
  Path Type:              Min at Fast Process Corner
  Data Path Delay:        0.037ns  (logic 0.037ns (100.000%)  route 0.000ns (0.000%))
  Logic Levels:           0  
  Clock Uncertainty:      0.025ns  ((TSJ^2 + TIJ^2)^1/2 + DJ) / 2 + PE
    Total System Jitter     (TSJ):    0.050ns
    Total Input Jitter      (TIJ):    0.000ns
    Discrete Jitter          (DJ):    0.000ns
    Phase Error              (PE):    0.000ns

    Location             Delay type                Incr(ns)  Path(ns)    Netlist Resource(s)
  -------------------------------------------------------------------    -------------------
                         (clock ap_clk rise edge)     0.000     0.000 r  
                                                      0.000     0.000 r  ap_clk (IN)
                         net (fo=106705, unset)       0.013     0.013    bd_0_i/hls_inst/inst/gmem_m_axi_U/bus_read/rreq_burst_conv/ap_clk
    SLICE_X50Y346        FDRE                                         r  bd_0_i/hls_inst/inst/gmem_m_axi_U/bus_read/rreq_burst_conv/could_multi_bursts.addr_buf_reg[35]/C
  -------------------------------------------------------------------    -------------------
    SLICE_X50Y346        FDRE (Prop_FFF_SLICEM_C_Q)
                                                      0.037     0.050 r  bd_0_i/hls_inst/inst/gmem_m_axi_U/bus_read/rreq_burst_conv/could_multi_bursts.addr_buf_reg[35]/Q
                         net (fo=1, unset)            0.000     0.050    m_axi_gmem_araddr[35]
                                                                      r  m_axi_gmem_araddr[35] (OUT)
  -------------------------------------------------------------------    -------------------

Slack:                    inf
  Source:                 bd_0_i/hls_inst/inst/gmem_m_axi_U/bus_read/rreq_burst_conv/could_multi_bursts.addr_buf_reg[43]/C
                            (rising edge-triggered cell FDRE clocked by ap_clk  {rise@0.000ns fall@2.500ns period=5.000ns})
  Destination:            m_axi_gmem_araddr[43]
                            (output port)
  Path Group:             (none)
  Path Type:              Min at Fast Process Corner
  Data Path Delay:        0.037ns  (logic 0.037ns (100.000%)  route 0.000ns (0.000%))
  Logic Levels:           0  
  Clock Uncertainty:      0.025ns  ((TSJ^2 + TIJ^2)^1/2 + DJ) / 2 + PE
    Total System Jitter     (TSJ):    0.050ns
    Total Input Jitter      (TIJ):    0.000ns
    Discrete Jitter          (DJ):    0.000ns
    Phase Error              (PE):    0.000ns

    Location             Delay type                Incr(ns)  Path(ns)    Netlist Resource(s)
  -------------------------------------------------------------------    -------------------
                         (clock ap_clk rise edge)     0.000     0.000 r  
                                                      0.000     0.000 r  ap_clk (IN)
                         net (fo=106705, unset)       0.013     0.013    bd_0_i/hls_inst/inst/gmem_m_axi_U/bus_read/rreq_burst_conv/ap_clk
    SLICE_X50Y347        FDRE                                         r  bd_0_i/hls_inst/inst/gmem_m_axi_U/bus_read/rreq_burst_conv/could_multi_bursts.addr_buf_reg[43]/C
  -------------------------------------------------------------------    -------------------
    SLICE_X50Y347        FDRE (Prop_FFF_SLICEM_C_Q)
                                                      0.037     0.050 r  bd_0_i/hls_inst/inst/gmem_m_axi_U/bus_read/rreq_burst_conv/could_multi_bursts.addr_buf_reg[43]/Q
                         net (fo=1, unset)            0.000     0.050    m_axi_gmem_araddr[43]
                                                                      r  m_axi_gmem_araddr[43] (OUT)
  -------------------------------------------------------------------    -------------------

Slack:                    inf
  Source:                 bd_0_i/hls_inst/inst/gmem_m_axi_U/bus_read/rreq_burst_conv/could_multi_bursts.addr_buf_reg[51]/C
                            (rising edge-triggered cell FDRE clocked by ap_clk  {rise@0.000ns fall@2.500ns period=5.000ns})
  Destination:            m_axi_gmem_araddr[51]
                            (output port)
  Path Group:             (none)
  Path Type:              Min at Fast Process Corner
  Data Path Delay:        0.037ns  (logic 0.037ns (100.000%)  route 0.000ns (0.000%))
  Logic Levels:           0  
  Clock Uncertainty:      0.025ns  ((TSJ^2 + TIJ^2)^1/2 + DJ) / 2 + PE
    Total System Jitter     (TSJ):    0.050ns
    Total Input Jitter      (TIJ):    0.000ns
    Discrete Jitter          (DJ):    0.000ns
    Phase Error              (PE):    0.000ns

    Location             Delay type                Incr(ns)  Path(ns)    Netlist Resource(s)
  -------------------------------------------------------------------    -------------------
                         (clock ap_clk rise edge)     0.000     0.000 r  
                                                      0.000     0.000 r  ap_clk (IN)
                         net (fo=106705, unset)       0.013     0.013    bd_0_i/hls_inst/inst/gmem_m_axi_U/bus_read/rreq_burst_conv/ap_clk
    SLICE_X50Y348        FDRE                                         r  bd_0_i/hls_inst/inst/gmem_m_axi_U/bus_read/rreq_burst_conv/could_multi_bursts.addr_buf_reg[51]/C
  -------------------------------------------------------------------    -------------------
    SLICE_X50Y348        FDRE (Prop_FFF_SLICEM_C_Q)
                                                      0.037     0.050 r  bd_0_i/hls_inst/inst/gmem_m_axi_U/bus_read/rreq_burst_conv/could_multi_bursts.addr_buf_reg[51]/Q
                         net (fo=1, unset)            0.000     0.050    m_axi_gmem_araddr[51]
                                                                      r  m_axi_gmem_araddr[51] (OUT)
  -------------------------------------------------------------------    -------------------

Slack:                    inf
  Source:                 bd_0_i/hls_inst/inst/gmem_m_axi_U/bus_read/rreq_burst_conv/could_multi_bursts.addr_buf_reg[59]/C
                            (rising edge-triggered cell FDRE clocked by ap_clk  {rise@0.000ns fall@2.500ns period=5.000ns})
  Destination:            m_axi_gmem_araddr[59]
                            (output port)
  Path Group:             (none)
  Path Type:              Min at Fast Process Corner
  Data Path Delay:        0.037ns  (logic 0.037ns (100.000%)  route 0.000ns (0.000%))
  Logic Levels:           0  
  Clock Uncertainty:      0.025ns  ((TSJ^2 + TIJ^2)^1/2 + DJ) / 2 + PE
    Total System Jitter     (TSJ):    0.050ns
    Total Input Jitter      (TIJ):    0.000ns
    Discrete Jitter          (DJ):    0.000ns
    Phase Error              (PE):    0.000ns

    Location             Delay type                Incr(ns)  Path(ns)    Netlist Resource(s)
  -------------------------------------------------------------------    -------------------
                         (clock ap_clk rise edge)     0.000     0.000 r  
                                                      0.000     0.000 r  ap_clk (IN)
                         net (fo=106705, unset)       0.013     0.013    bd_0_i/hls_inst/inst/gmem_m_axi_U/bus_read/rreq_burst_conv/ap_clk
    SLICE_X50Y349        FDRE                                         r  bd_0_i/hls_inst/inst/gmem_m_axi_U/bus_read/rreq_burst_conv/could_multi_bursts.addr_buf_reg[59]/C
  -------------------------------------------------------------------    -------------------
    SLICE_X50Y349        FDRE (Prop_FFF_SLICEM_C_Q)
                                                      0.037     0.050 r  bd_0_i/hls_inst/inst/gmem_m_axi_U/bus_read/rreq_burst_conv/could_multi_bursts.addr_buf_reg[59]/Q
                         net (fo=1, unset)            0.000     0.050    m_axi_gmem_araddr[59]
                                                                      r  m_axi_gmem_araddr[59] (OUT)
  -------------------------------------------------------------------    -------------------

Slack:                    inf
  Source:                 bd_0_i/hls_inst/inst/gmem_out_m_axi_U/bus_write/wreq_throttle/rs_req/data_p1_reg[55]/C
                            (rising edge-triggered cell FDRE clocked by ap_clk  {rise@0.000ns fall@2.500ns period=5.000ns})
  Destination:            m_axi_gmem_out_awaddr[55]
                            (output port)
  Path Group:             (none)
  Path Type:              Min at Fast Process Corner
  Data Path Delay:        0.037ns  (logic 0.037ns (100.000%)  route 0.000ns (0.000%))
  Logic Levels:           0  
  Clock Uncertainty:      0.025ns  ((TSJ^2 + TIJ^2)^1/2 + DJ) / 2 + PE
    Total System Jitter     (TSJ):    0.050ns
    Total Input Jitter      (TIJ):    0.000ns
    Discrete Jitter          (DJ):    0.000ns
    Phase Error              (PE):    0.000ns

    Location             Delay type                Incr(ns)  Path(ns)    Netlist Resource(s)
  -------------------------------------------------------------------    -------------------
                         (clock ap_clk rise edge)     0.000     0.000 r  
                                                      0.000     0.000 r  ap_clk (IN)
                         net (fo=106705, unset)       0.013     0.013    bd_0_i/hls_inst/inst/gmem_out_m_axi_U/bus_write/wreq_throttle/rs_req/ap_clk
    SLICE_X65Y321        FDRE                                         r  bd_0_i/hls_inst/inst/gmem_out_m_axi_U/bus_write/wreq_throttle/rs_req/data_p1_reg[55]/C
  -------------------------------------------------------------------    -------------------
    SLICE_X65Y321        FDRE (Prop_FFF_SLICEM_C_Q)
                                                      0.037     0.050 r  bd_0_i/hls_inst/inst/gmem_out_m_axi_U/bus_write/wreq_throttle/rs_req/data_p1_reg[55]/Q
                         net (fo=0)                   0.000     0.050    m_axi_gmem_out_awaddr[55]
                                                                      r  m_axi_gmem_out_awaddr[55] (OUT)
  -------------------------------------------------------------------    -------------------

Slack:                    inf
  Source:                 bd_0_i/hls_inst/inst/gmem_out_m_axi_U/bus_write/wreq_throttle/rs_req/data_p1_reg[58]/C
                            (rising edge-triggered cell FDRE clocked by ap_clk  {rise@0.000ns fall@2.500ns period=5.000ns})
  Destination:            m_axi_gmem_out_awaddr[58]
                            (output port)
  Path Group:             (none)
  Path Type:              Min at Fast Process Corner
  Data Path Delay:        0.037ns  (logic 0.037ns (100.000%)  route 0.000ns (0.000%))
  Logic Levels:           0  
  Clock Uncertainty:      0.025ns  ((TSJ^2 + TIJ^2)^1/2 + DJ) / 2 + PE
    Total System Jitter     (TSJ):    0.050ns
    Total Input Jitter      (TIJ):    0.000ns
    Discrete Jitter          (DJ):    0.000ns
    Phase Error              (PE):    0.000ns

    Location             Delay type                Incr(ns)  Path(ns)    Netlist Resource(s)
  -------------------------------------------------------------------    -------------------
                         (clock ap_clk rise edge)     0.000     0.000 r  
                                                      0.000     0.000 r  ap_clk (IN)
                         net (fo=106705, unset)       0.013     0.013    bd_0_i/hls_inst/inst/gmem_out_m_axi_U/bus_write/wreq_throttle/rs_req/ap_clk
    SLICE_X65Y322        FDRE                                         r  bd_0_i/hls_inst/inst/gmem_out_m_axi_U/bus_write/wreq_throttle/rs_req/data_p1_reg[58]/C
  -------------------------------------------------------------------    -------------------
    SLICE_X65Y322        FDRE (Prop_FFF_SLICEM_C_Q)
                                                      0.037     0.050 r  bd_0_i/hls_inst/inst/gmem_out_m_axi_U/bus_write/wreq_throttle/rs_req/data_p1_reg[58]/Q
                         net (fo=0)                   0.000     0.050    m_axi_gmem_out_awaddr[58]
                                                                      r  m_axi_gmem_out_awaddr[58] (OUT)
  -------------------------------------------------------------------    -------------------

Slack:                    inf
  Source:                 bd_0_i/hls_inst/inst/gmem_out_m_axi_U/bus_write/wreq_throttle/data_fifo/U_fifo_srl/dout_reg[105]/C
                            (rising edge-triggered cell FDRE clocked by ap_clk  {rise@0.000ns fall@2.500ns period=5.000ns})
  Destination:            m_axi_gmem_out_wdata[105]
                            (output port)
  Path Group:             (none)
  Path Type:              Min at Fast Process Corner
  Data Path Delay:        0.037ns  (logic 0.037ns (100.000%)  route 0.000ns (0.000%))
  Logic Levels:           0  
  Clock Uncertainty:      0.025ns  ((TSJ^2 + TIJ^2)^1/2 + DJ) / 2 + PE
    Total System Jitter     (TSJ):    0.050ns
    Total Input Jitter      (TIJ):    0.000ns
    Discrete Jitter          (DJ):    0.000ns
    Phase Error              (PE):    0.000ns

    Location             Delay type                Incr(ns)  Path(ns)    Netlist Resource(s)
  -------------------------------------------------------------------    -------------------
                         (clock ap_clk rise edge)     0.000     0.000 r  
                                                      0.000     0.000 r  ap_clk (IN)
                         net (fo=106705, unset)       0.013     0.013    bd_0_i/hls_inst/inst/gmem_out_m_axi_U/bus_write/wreq_throttle/data_fifo/U_fifo_srl/ap_clk
    SLICE_X88Y311        FDRE                                         r  bd_0_i/hls_inst/inst/gmem_out_m_axi_U/bus_write/wreq_throttle/data_fifo/U_fifo_srl/dout_reg[105]/C
  -------------------------------------------------------------------    -------------------
    SLICE_X88Y311        FDRE (Prop_FFF_SLICEM_C_Q)
                                                      0.037     0.050 r  bd_0_i/hls_inst/inst/gmem_out_m_axi_U/bus_write/wreq_throttle/data_fifo/U_fifo_srl/dout_reg[105]/Q
                         net (fo=0)                   0.000     0.050    m_axi_gmem_out_wdata[105]
                                                                      r  m_axi_gmem_out_wdata[105] (OUT)
  -------------------------------------------------------------------    -------------------





--------------------------------------------------------------------------------------
Path Group:  (none)
From Clock:  
  To Clock:  ap_clk

Max Delay         10370 Endpoints
Min Delay         10370 Endpoints
--------------------------------------------------------------------------------------


Max Delay Paths
--------------------------------------------------------------------------------------
Slack:                    inf
  Source:                 s_axi_control_araddr[4]
                            (input port)
  Destination:            bd_0_i/hls_inst/inst/control_s_axi_U/rdata_reg[26]/D
                            (rising edge-triggered cell FDRE clocked by ap_clk  {rise@0.000ns fall@2.500ns period=5.000ns})
  Path Group:             (none)
  Path Type:              Setup (Max at Slow Process Corner)
  Data Path Delay:        4.103ns  (logic 0.653ns (15.917%)  route 3.450ns (84.083%))
  Logic Levels:           6  (LUT6=3 MUXF7=2 MUXF8=1)
  Clock Path Skew:        0.020ns (DCD - SCD + CPR)
    Destination Clock Delay (DCD):    0.020ns
    Source Clock Delay      (SCD):    0.000ns
    Clock Pessimism Removal (CPR):    0.000ns
  Clock Uncertainty:      0.025ns  ((TSJ^2 + TIJ^2)^1/2 + DJ) / 2 + PE
    Total System Jitter     (TSJ):    0.050ns
    Total Input Jitter      (TIJ):    0.000ns
    Discrete Jitter          (DJ):    0.000ns
    Phase Error              (PE):    0.000ns

    Location             Delay type                Incr(ns)  Path(ns)    Netlist Resource(s)
  -------------------------------------------------------------------    -------------------
                                                      0.000     0.000 f  s_axi_control_araddr[4] (IN)
                         net (fo=14, unset)           0.000     0.000    bd_0_i/hls_inst/inst/control_s_axi_U/s_axi_control_ARADDR[4]
    SLICE_X91Y332        LUT6 (Prop_G6LUT_SLICEM_I0_O)
                                                      0.150     0.150 r  bd_0_i/hls_inst/inst/control_s_axi_U/rdata[31]_i_53/O
                         net (fo=1, routed)           0.017     0.167    bd_0_i/hls_inst/inst/control_s_axi_U/rdata[31]_i_53_n_0
    SLICE_X91Y332        MUXF7 (Prop_F7MUX_GH_SLICEM_I1_O)
                                                      0.067     0.234 r  bd_0_i/hls_inst/inst/control_s_axi_U/rdata_reg[31]_i_33/O
                         net (fo=1, routed)           0.185     0.419    bd_0_i/hls_inst/inst/control_s_axi_U/rdata_reg[31]_i_33_n_0
    SLICE_X91Y332        LUT6 (Prop_E6LUT_SLICEM_I4_O)
                                                      0.148     0.567 r  bd_0_i/hls_inst/inst/control_s_axi_U/rdata[31]_i_13/O
                         net (fo=160, routed)         2.859     3.426    bd_0_i/hls_inst/inst/control_s_axi_U/rdata[31]_i_13_n_0
    SLICE_X72Y334        MUXF8 (Prop_F8MUX_TOP_SLICEM_S_O)
                                                      0.074     3.500 r  bd_0_i/hls_inst/inst/control_s_axi_U/rdata_reg[26]_i_6/O
                         net (fo=1, routed)           0.348     3.848    bd_0_i/hls_inst/inst/control_s_axi_U/rdata_reg[26]_i_6_n_0
    SLICE_X67Y336        LUT6 (Prop_H6LUT_SLICEL_I3_O)
                                                      0.150     3.998 r  bd_0_i/hls_inst/inst/control_s_axi_U/rdata[26]_i_2/O
                         net (fo=1, routed)           0.010     4.008    bd_0_i/hls_inst/inst/control_s_axi_U/rdata[26]_i_2_n_0
    SLICE_X67Y336        MUXF7 (Prop_F7MUX_GH_SLICEL_I0_O)
                                                      0.064     4.072 r  bd_0_i/hls_inst/inst/control_s_axi_U/rdata_reg[26]_i_1/O
                         net (fo=1, routed)           0.031     4.103    bd_0_i/hls_inst/inst/control_s_axi_U/rdata[26]
    SLICE_X67Y336        FDRE                                         r  bd_0_i/hls_inst/inst/control_s_axi_U/rdata_reg[26]/D
  -------------------------------------------------------------------    -------------------

                         (clock ap_clk rise edge)     0.000     0.000 r  
                                                      0.000     0.000 r  ap_clk (IN)
                         net (fo=106705, unset)       0.020     0.020    bd_0_i/hls_inst/inst/control_s_axi_U/ap_clk
    SLICE_X67Y336        FDRE                                         r  bd_0_i/hls_inst/inst/control_s_axi_U/rdata_reg[26]/C

Slack:                    inf
  Source:                 s_axi_control_araddr[4]
                            (input port)
  Destination:            bd_0_i/hls_inst/inst/control_s_axi_U/rdata_reg[19]/D
                            (rising edge-triggered cell FDRE clocked by ap_clk  {rise@0.000ns fall@2.500ns period=5.000ns})
  Path Group:             (none)
  Path Type:              Setup (Max at Slow Process Corner)
  Data Path Delay:        3.961ns  (logic 0.578ns (14.592%)  route 3.383ns (85.408%))
  Logic Levels:           6  (LUT5=1 LUT6=3 MUXF7=2)
  Clock Path Skew:        0.020ns (DCD - SCD + CPR)
    Destination Clock Delay (DCD):    0.020ns
    Source Clock Delay      (SCD):    0.000ns
    Clock Pessimism Removal (CPR):    0.000ns
  Clock Uncertainty:      0.025ns  ((TSJ^2 + TIJ^2)^1/2 + DJ) / 2 + PE
    Total System Jitter     (TSJ):    0.050ns
    Total Input Jitter      (TIJ):    0.000ns
    Discrete Jitter          (DJ):    0.000ns
    Phase Error              (PE):    0.000ns

    Location             Delay type                Incr(ns)  Path(ns)    Netlist Resource(s)
  -------------------------------------------------------------------    -------------------
                                                      0.000     0.000 f  s_axi_control_araddr[4] (IN)
                         net (fo=14, unset)           0.000     0.000    bd_0_i/hls_inst/inst/control_s_axi_U/s_axi_control_ARADDR[4]
    SLICE_X91Y332        LUT6 (Prop_G6LUT_SLICEM_I0_O)
                                                      0.150     0.150 r  bd_0_i/hls_inst/inst/control_s_axi_U/rdata[31]_i_53/O
                         net (fo=1, routed)           0.017     0.167    bd_0_i/hls_inst/inst/control_s_axi_U/rdata[31]_i_53_n_0
    SLICE_X91Y332        MUXF7 (Prop_F7MUX_GH_SLICEM_I1_O)
                                                      0.067     0.234 r  bd_0_i/hls_inst/inst/control_s_axi_U/rdata_reg[31]_i_33/O
                         net (fo=1, routed)           0.185     0.419    bd_0_i/hls_inst/inst/control_s_axi_U/rdata_reg[31]_i_33_n_0
    SLICE_X91Y332        LUT6 (Prop_E6LUT_SLICEM_I4_O)
                                                      0.148     0.567 r  bd_0_i/hls_inst/inst/control_s_axi_U/rdata[31]_i_13/O
                         net (fo=160, routed)         2.716     3.283    bd_0_i/hls_inst/inst/control_s_axi_U/rdata[31]_i_13_n_0
    SLICE_X72Y332        LUT5 (Prop_A6LUT_SLICEM_I2_O)
                                                      0.100     3.383 r  bd_0_i/hls_inst/inst/control_s_axi_U/rdata[19]_i_7/O
                         net (fo=1, routed)           0.425     3.808    bd_0_i/hls_inst/inst/control_s_axi_U/rdata[19]_i_7_n_0
    SLICE_X62Y342        LUT6 (Prop_D6LUT_SLICEL_I5_O)
                                                      0.050     3.858 r  bd_0_i/hls_inst/inst/control_s_axi_U/rdata[19]_i_2/O
                         net (fo=1, routed)           0.009     3.867    bd_0_i/hls_inst/inst/control_s_axi_U/rdata[19]_i_2_n_0
    SLICE_X62Y342        MUXF7 (Prop_F7MUX_CD_SLICEL_I0_O)
                                                      0.063     3.930 r  bd_0_i/hls_inst/inst/control_s_axi_U/rdata_reg[19]_i_1/O
                         net (fo=1, routed)           0.031     3.961    bd_0_i/hls_inst/inst/control_s_axi_U/rdata[19]
    SLICE_X62Y342        FDRE                                         r  bd_0_i/hls_inst/inst/control_s_axi_U/rdata_reg[19]/D
  -------------------------------------------------------------------    -------------------

                         (clock ap_clk rise edge)     0.000     0.000 r  
                                                      0.000     0.000 r  ap_clk (IN)
                         net (fo=106705, unset)       0.020     0.020    bd_0_i/hls_inst/inst/control_s_axi_U/ap_clk
    SLICE_X62Y342        FDRE                                         r  bd_0_i/hls_inst/inst/control_s_axi_U/rdata_reg[19]/C

Slack:                    inf
  Source:                 s_axi_control_araddr[4]
                            (input port)
  Destination:            bd_0_i/hls_inst/inst/control_s_axi_U/rdata_reg[8]/D
                            (rising edge-triggered cell FDRE clocked by ap_clk  {rise@0.000ns fall@2.500ns period=5.000ns})
  Path Group:             (none)
  Path Type:              Setup (Max at Slow Process Corner)
  Data Path Delay:        3.862ns  (logic 0.588ns (15.223%)  route 3.274ns (84.777%))
  Logic Levels:           6  (LUT5=1 LUT6=3 MUXF7=2)
  Clock Path Skew:        0.020ns (DCD - SCD + CPR)
    Destination Clock Delay (DCD):    0.020ns
    Source Clock Delay      (SCD):    0.000ns
    Clock Pessimism Removal (CPR):    0.000ns
  Clock Uncertainty:      0.025ns  ((TSJ^2 + TIJ^2)^1/2 + DJ) / 2 + PE
    Total System Jitter     (TSJ):    0.050ns
    Total Input Jitter      (TIJ):    0.000ns
    Discrete Jitter          (DJ):    0.000ns
    Phase Error              (PE):    0.000ns

    Location             Delay type                Incr(ns)  Path(ns)    Netlist Resource(s)
  -------------------------------------------------------------------    -------------------
                                                      0.000     0.000 f  s_axi_control_araddr[4] (IN)
                         net (fo=14, unset)           0.000     0.000    bd_0_i/hls_inst/inst/control_s_axi_U/s_axi_control_ARADDR[4]
    SLICE_X91Y332        LUT6 (Prop_G6LUT_SLICEM_I0_O)
                                                      0.150     0.150 r  bd_0_i/hls_inst/inst/control_s_axi_U/rdata[31]_i_53/O
                         net (fo=1, routed)           0.017     0.167    bd_0_i/hls_inst/inst/control_s_axi_U/rdata[31]_i_53_n_0
    SLICE_X91Y332        MUXF7 (Prop_F7MUX_GH_SLICEM_I1_O)
                                                      0.067     0.234 r  bd_0_i/hls_inst/inst/control_s_axi_U/rdata_reg[31]_i_33/O
                         net (fo=1, routed)           0.185     0.419    bd_0_i/hls_inst/inst/control_s_axi_U/rdata_reg[31]_i_33_n_0
    SLICE_X91Y332        LUT6 (Prop_E6LUT_SLICEM_I4_O)
                                                      0.148     0.567 r  bd_0_i/hls_inst/inst/control_s_axi_U/rdata[31]_i_13/O
                         net (fo=160, routed)         2.781     3.348    bd_0_i/hls_inst/inst/control_s_axi_U/rdata[31]_i_13_n_0
    SLICE_X84Y329        LUT5 (Prop_E6LUT_SLICEL_I2_O)
                                                      0.123     3.471 r  bd_0_i/hls_inst/inst/control_s_axi_U/rdata[8]_i_7/O
                         net (fo=1, routed)           0.250     3.721    bd_0_i/hls_inst/inst/control_s_axi_U/rdata[8]_i_7_n_0
    SLICE_X83Y329        LUT6 (Prop_H6LUT_SLICEL_I5_O)
                                                      0.036     3.757 r  bd_0_i/hls_inst/inst/control_s_axi_U/rdata[8]_i_2/O
                         net (fo=1, routed)           0.010     3.767    bd_0_i/hls_inst/inst/control_s_axi_U/rdata[8]_i_2_n_0
    SLICE_X83Y329        MUXF7 (Prop_F7MUX_GH_SLICEL_I0_O)
                                                      0.064     3.831 r  bd_0_i/hls_inst/inst/control_s_axi_U/rdata_reg[8]_i_1/O
                         net (fo=1, routed)           0.031     3.862    bd_0_i/hls_inst/inst/control_s_axi_U/rdata[8]
    SLICE_X83Y329        FDRE                                         r  bd_0_i/hls_inst/inst/control_s_axi_U/rdata_reg[8]/D
  -------------------------------------------------------------------    -------------------

                         (clock ap_clk rise edge)     0.000     0.000 r  
                                                      0.000     0.000 r  ap_clk (IN)
                         net (fo=106705, unset)       0.020     0.020    bd_0_i/hls_inst/inst/control_s_axi_U/ap_clk
    SLICE_X83Y329        FDRE                                         r  bd_0_i/hls_inst/inst/control_s_axi_U/rdata_reg[8]/C

Slack:                    inf
  Source:                 s_axi_control_araddr[4]
                            (input port)
  Destination:            bd_0_i/hls_inst/inst/control_s_axi_U/rdata_reg[18]/D
                            (rising edge-triggered cell FDRE clocked by ap_clk  {rise@0.000ns fall@2.500ns period=5.000ns})
  Path Group:             (none)
  Path Type:              Setup (Max at Slow Process Corner)
  Data Path Delay:        3.845ns  (logic 0.554ns (14.410%)  route 3.291ns (85.590%))
  Logic Levels:           6  (LUT5=1 LUT6=3 MUXF7=2)
  Clock Path Skew:        0.020ns (DCD - SCD + CPR)
    Destination Clock Delay (DCD):    0.020ns
    Source Clock Delay      (SCD):    0.000ns
    Clock Pessimism Removal (CPR):    0.000ns
  Clock Uncertainty:      0.025ns  ((TSJ^2 + TIJ^2)^1/2 + DJ) / 2 + PE
    Total System Jitter     (TSJ):    0.050ns
    Total Input Jitter      (TIJ):    0.000ns
    Discrete Jitter          (DJ):    0.000ns
    Phase Error              (PE):    0.000ns

    Location             Delay type                Incr(ns)  Path(ns)    Netlist Resource(s)
  -------------------------------------------------------------------    -------------------
                                                      0.000     0.000 f  s_axi_control_araddr[4] (IN)
                         net (fo=14, unset)           0.000     0.000    bd_0_i/hls_inst/inst/control_s_axi_U/s_axi_control_ARADDR[4]
    SLICE_X91Y332        LUT6 (Prop_G6LUT_SLICEM_I0_O)
                                                      0.150     0.150 r  bd_0_i/hls_inst/inst/control_s_axi_U/rdata[31]_i_53/O
                         net (fo=1, routed)           0.017     0.167    bd_0_i/hls_inst/inst/control_s_axi_U/rdata[31]_i_53_n_0
    SLICE_X91Y332        MUXF7 (Prop_F7MUX_GH_SLICEM_I1_O)
                                                      0.067     0.234 r  bd_0_i/hls_inst/inst/control_s_axi_U/rdata_reg[31]_i_33/O
                         net (fo=1, routed)           0.185     0.419    bd_0_i/hls_inst/inst/control_s_axi_U/rdata_reg[31]_i_33_n_0
    SLICE_X91Y332        LUT6 (Prop_E6LUT_SLICEM_I4_O)
                                                      0.148     0.567 r  bd_0_i/hls_inst/inst/control_s_axi_U/rdata[31]_i_13/O
                         net (fo=160, routed)         2.622     3.189    bd_0_i/hls_inst/inst/control_s_axi_U/rdata[31]_i_13_n_0
    SLICE_X73Y330        LUT5 (Prop_A6LUT_SLICEL_I2_O)
                                                      0.035     3.224 r  bd_0_i/hls_inst/inst/control_s_axi_U/rdata[18]_i_7/O
                         net (fo=1, routed)           0.426     3.650    bd_0_i/hls_inst/inst/control_s_axi_U/rdata[18]_i_7_n_0
    SLICE_X62Y331        LUT6 (Prop_H6LUT_SLICEL_I5_O)
                                                      0.090     3.740 r  bd_0_i/hls_inst/inst/control_s_axi_U/rdata[18]_i_2/O
                         net (fo=1, routed)           0.010     3.750    bd_0_i/hls_inst/inst/control_s_axi_U/rdata[18]_i_2_n_0
    SLICE_X62Y331        MUXF7 (Prop_F7MUX_GH_SLICEL_I0_O)
                                                      0.064     3.814 r  bd_0_i/hls_inst/inst/control_s_axi_U/rdata_reg[18]_i_1/O
                         net (fo=1, routed)           0.031     3.845    bd_0_i/hls_inst/inst/control_s_axi_U/rdata[18]
    SLICE_X62Y331        FDRE                                         r  bd_0_i/hls_inst/inst/control_s_axi_U/rdata_reg[18]/D
  -------------------------------------------------------------------    -------------------

                         (clock ap_clk rise edge)     0.000     0.000 r  
                                                      0.000     0.000 r  ap_clk (IN)
                         net (fo=106705, unset)       0.020     0.020    bd_0_i/hls_inst/inst/control_s_axi_U/ap_clk
    SLICE_X62Y331        FDRE                                         r  bd_0_i/hls_inst/inst/control_s_axi_U/rdata_reg[18]/C

Slack:                    inf
  Source:                 s_axi_control_araddr[4]
                            (input port)
  Destination:            bd_0_i/hls_inst/inst/control_s_axi_U/rdata_reg[11]/D
                            (rising edge-triggered cell FDRE clocked by ap_clk  {rise@0.000ns fall@2.500ns period=5.000ns})
  Path Group:             (none)
  Path Type:              Setup (Max at Slow Process Corner)
  Data Path Delay:        3.833ns  (logic 0.648ns (16.906%)  route 3.185ns (83.094%))
  Logic Levels:           6  (LUT6=3 MUXF7=2 MUXF8=1)
  Clock Path Skew:        0.020ns (DCD - SCD + CPR)
    Destination Clock Delay (DCD):    0.020ns
    Source Clock Delay      (SCD):    0.000ns
    Clock Pessimism Removal (CPR):    0.000ns
  Clock Uncertainty:      0.025ns  ((TSJ^2 + TIJ^2)^1/2 + DJ) / 2 + PE
    Total System Jitter     (TSJ):    0.050ns
    Total Input Jitter      (TIJ):    0.000ns
    Discrete Jitter          (DJ):    0.000ns
    Phase Error              (PE):    0.000ns

    Location             Delay type                Incr(ns)  Path(ns)    Netlist Resource(s)
  -------------------------------------------------------------------    -------------------
                                                      0.000     0.000 f  s_axi_control_araddr[4] (IN)
                         net (fo=14, unset)           0.000     0.000    bd_0_i/hls_inst/inst/control_s_axi_U/s_axi_control_ARADDR[4]
    SLICE_X91Y332        LUT6 (Prop_G6LUT_SLICEM_I0_O)
                                                      0.150     0.150 r  bd_0_i/hls_inst/inst/control_s_axi_U/rdata[31]_i_53/O
                         net (fo=1, routed)           0.017     0.167    bd_0_i/hls_inst/inst/control_s_axi_U/rdata[31]_i_53_n_0
    SLICE_X91Y332        MUXF7 (Prop_F7MUX_GH_SLICEM_I1_O)
                                                      0.067     0.234 r  bd_0_i/hls_inst/inst/control_s_axi_U/rdata_reg[31]_i_33/O
                         net (fo=1, routed)           0.185     0.419    bd_0_i/hls_inst/inst/control_s_axi_U/rdata_reg[31]_i_33_n_0
    SLICE_X91Y332        LUT6 (Prop_E6LUT_SLICEM_I4_O)
                                                      0.148     0.567 r  bd_0_i/hls_inst/inst/control_s_axi_U/rdata[31]_i_13/O
                         net (fo=160, routed)         2.742     3.309    bd_0_i/hls_inst/inst/control_s_axi_U/rdata[31]_i_13_n_0
    SLICE_X83Y333        MUXF8 (Prop_F8MUX_BOT_SLICEL_S_O)
                                                      0.069     3.378 r  bd_0_i/hls_inst/inst/control_s_axi_U/rdata_reg[11]_i_6/O
                         net (fo=1, routed)           0.200     3.578    bd_0_i/hls_inst/inst/control_s_axi_U/rdata_reg[11]_i_6_n_0
    SLICE_X82Y336        LUT6 (Prop_H6LUT_SLICEL_I3_O)
                                                      0.150     3.728 r  bd_0_i/hls_inst/inst/control_s_axi_U/rdata[11]_i_2/O
                         net (fo=1, routed)           0.010     3.738    bd_0_i/hls_inst/inst/control_s_axi_U/rdata[11]_i_2_n_0
    SLICE_X82Y336        MUXF7 (Prop_F7MUX_GH_SLICEL_I0_O)
                                                      0.064     3.802 r  bd_0_i/hls_inst/inst/control_s_axi_U/rdata_reg[11]_i_1/O
                         net (fo=1, routed)           0.031     3.833    bd_0_i/hls_inst/inst/control_s_axi_U/rdata[11]
    SLICE_X82Y336        FDRE                                         r  bd_0_i/hls_inst/inst/control_s_axi_U/rdata_reg[11]/D
  -------------------------------------------------------------------    -------------------

                         (clock ap_clk rise edge)     0.000     0.000 r  
                                                      0.000     0.000 r  ap_clk (IN)
                         net (fo=106705, unset)       0.020     0.020    bd_0_i/hls_inst/inst/control_s_axi_U/ap_clk
    SLICE_X82Y336        FDRE                                         r  bd_0_i/hls_inst/inst/control_s_axi_U/rdata_reg[11]/C

Slack:                    inf
  Source:                 s_axi_control_araddr[4]
                            (input port)
  Destination:            bd_0_i/hls_inst/inst/control_s_axi_U/rdata_reg[7]/D
                            (rising edge-triggered cell FDRE clocked by ap_clk  {rise@0.000ns fall@2.500ns period=5.000ns})
  Path Group:             (none)
  Path Type:              Setup (Max at Slow Process Corner)
  Data Path Delay:        3.753ns  (logic 0.619ns (16.492%)  route 3.134ns (83.508%))
  Logic Levels:           6  (LUT6=3 MUXF7=2 MUXF8=1)
  Clock Path Skew:        0.020ns (DCD - SCD + CPR)
    Destination Clock Delay (DCD):    0.020ns
    Source Clock Delay      (SCD):    0.000ns
    Clock Pessimism Removal (CPR):    0.000ns
  Clock Uncertainty:      0.025ns  ((TSJ^2 + TIJ^2)^1/2 + DJ) / 2 + PE
    Total System Jitter     (TSJ):    0.050ns
    Total Input Jitter      (TIJ):    0.000ns
    Discrete Jitter          (DJ):    0.000ns
    Phase Error              (PE):    0.000ns

    Location             Delay type                Incr(ns)  Path(ns)    Netlist Resource(s)
  -------------------------------------------------------------------    -------------------
                                                      0.000     0.000 f  s_axi_control_araddr[4] (IN)
                         net (fo=14, unset)           0.000     0.000    bd_0_i/hls_inst/inst/control_s_axi_U/s_axi_control_ARADDR[4]
    SLICE_X91Y332        LUT6 (Prop_G6LUT_SLICEM_I0_O)
                                                      0.150     0.150 r  bd_0_i/hls_inst/inst/control_s_axi_U/rdata[31]_i_53/O
                         net (fo=1, routed)           0.017     0.167    bd_0_i/hls_inst/inst/control_s_axi_U/rdata[31]_i_53_n_0
    SLICE_X91Y332        MUXF7 (Prop_F7MUX_GH_SLICEM_I1_O)
                                                      0.067     0.234 r  bd_0_i/hls_inst/inst/control_s_axi_U/rdata_reg[31]_i_33/O
                         net (fo=1, routed)           0.185     0.419    bd_0_i/hls_inst/inst/control_s_axi_U/rdata_reg[31]_i_33_n_0
    SLICE_X91Y332        LUT6 (Prop_E6LUT_SLICEM_I4_O)
                                                      0.148     0.567 r  bd_0_i/hls_inst/inst/control_s_axi_U/rdata[31]_i_13/O
                         net (fo=160, routed)         2.690     3.257    bd_0_i/hls_inst/inst/control_s_axi_U/rdata[31]_i_13_n_0
    SLICE_X80Y328        MUXF8 (Prop_F8MUX_BOT_SLICEL_S_O)
                                                      0.069     3.326 r  bd_0_i/hls_inst/inst/control_s_axi_U/rdata_reg[7]_i_6/O
                         net (fo=1, routed)           0.202     3.528    bd_0_i/hls_inst/inst/control_s_axi_U/rdata_reg[7]_i_6_n_0
    SLICE_X78Y330        LUT6 (Prop_D6LUT_SLICEL_I3_O)
                                                      0.122     3.650 r  bd_0_i/hls_inst/inst/control_s_axi_U/rdata[7]_i_2/O
                         net (fo=1, routed)           0.009     3.659    bd_0_i/hls_inst/inst/control_s_axi_U/rdata[7]_i_2_n_0
    SLICE_X78Y330        MUXF7 (Prop_F7MUX_CD_SLICEL_I0_O)
                                                      0.063     3.722 r  bd_0_i/hls_inst/inst/control_s_axi_U/rdata_reg[7]_i_1/O
                         net (fo=1, routed)           0.031     3.753    bd_0_i/hls_inst/inst/control_s_axi_U/rdata[7]
    SLICE_X78Y330        FDRE                                         r  bd_0_i/hls_inst/inst/control_s_axi_U/rdata_reg[7]/D
  -------------------------------------------------------------------    -------------------

                         (clock ap_clk rise edge)     0.000     0.000 r  
                                                      0.000     0.000 r  ap_clk (IN)
                         net (fo=106705, unset)       0.020     0.020    bd_0_i/hls_inst/inst/control_s_axi_U/ap_clk
    SLICE_X78Y330        FDRE                                         r  bd_0_i/hls_inst/inst/control_s_axi_U/rdata_reg[7]/C

Slack:                    inf
  Source:                 s_axi_control_araddr[4]
                            (input port)
  Destination:            bd_0_i/hls_inst/inst/control_s_axi_U/rdata_reg[17]/D
                            (rising edge-triggered cell FDRE clocked by ap_clk  {rise@0.000ns fall@2.500ns period=5.000ns})
  Path Group:             (none)
  Path Type:              Setup (Max at Slow Process Corner)
  Data Path Delay:        3.674ns  (logic 0.625ns (17.014%)  route 3.049ns (82.986%))
  Logic Levels:           6  (LUT6=3 MUXF7=2 MUXF8=1)
  Clock Path Skew:        0.021ns (DCD - SCD + CPR)
    Destination Clock Delay (DCD):    0.021ns
    Source Clock Delay      (SCD):    0.000ns
    Clock Pessimism Removal (CPR):    0.000ns
  Clock Uncertainty:      0.025ns  ((TSJ^2 + TIJ^2)^1/2 + DJ) / 2 + PE
    Total System Jitter     (TSJ):    0.050ns
    Total Input Jitter      (TIJ):    0.000ns
    Discrete Jitter          (DJ):    0.000ns
    Phase Error              (PE):    0.000ns

    Location             Delay type                Incr(ns)  Path(ns)    Netlist Resource(s)
  -------------------------------------------------------------------    -------------------
                                                      0.000     0.000 f  s_axi_control_araddr[4] (IN)
                         net (fo=14, unset)           0.000     0.000    bd_0_i/hls_inst/inst/control_s_axi_U/s_axi_control_ARADDR[4]
    SLICE_X91Y332        LUT6 (Prop_G6LUT_SLICEM_I0_O)
                                                      0.150     0.150 r  bd_0_i/hls_inst/inst/control_s_axi_U/rdata[31]_i_53/O
                         net (fo=1, routed)           0.017     0.167    bd_0_i/hls_inst/inst/control_s_axi_U/rdata[31]_i_53_n_0
    SLICE_X91Y332        MUXF7 (Prop_F7MUX_GH_SLICEM_I1_O)
                                                      0.067     0.234 r  bd_0_i/hls_inst/inst/control_s_axi_U/rdata_reg[31]_i_33/O
                         net (fo=1, routed)           0.185     0.419    bd_0_i/hls_inst/inst/control_s_axi_U/rdata_reg[31]_i_33_n_0
    SLICE_X91Y332        LUT6 (Prop_E6LUT_SLICEM_I4_O)
                                                      0.148     0.567 r  bd_0_i/hls_inst/inst/control_s_axi_U/rdata[31]_i_13/O
                         net (fo=160, routed)         2.556     3.123    bd_0_i/hls_inst/inst/control_s_axi_U/rdata[31]_i_13_n_0
    SLICE_X64Y326        MUXF8 (Prop_F8MUX_TOP_SLICEL_S_O)
                                                      0.069     3.192 r  bd_0_i/hls_inst/inst/control_s_axi_U/rdata_reg[17]_i_4/O
                         net (fo=1, routed)           0.245     3.437    bd_0_i/hls_inst/inst/control_s_axi_U/rdata_reg[17]_i_4_n_0
    SLICE_X65Y328        LUT6 (Prop_H6LUT_SLICEM_I0_O)
                                                      0.125     3.562 r  bd_0_i/hls_inst/inst/control_s_axi_U/rdata[17]_i_2/O
                         net (fo=1, routed)           0.014     3.576    bd_0_i/hls_inst/inst/control_s_axi_U/rdata[17]_i_2_n_0
    SLICE_X65Y328        MUXF7 (Prop_F7MUX_GH_SLICEM_I0_O)
                                                      0.066     3.642 r  bd_0_i/hls_inst/inst/control_s_axi_U/rdata_reg[17]_i_1/O
                         net (fo=1, routed)           0.032     3.674    bd_0_i/hls_inst/inst/control_s_axi_U/rdata[17]
    SLICE_X65Y328        FDRE                                         r  bd_0_i/hls_inst/inst/control_s_axi_U/rdata_reg[17]/D
  -------------------------------------------------------------------    -------------------

                         (clock ap_clk rise edge)     0.000     0.000 r  
                                                      0.000     0.000 r  ap_clk (IN)
                         net (fo=106705, unset)       0.021     0.021    bd_0_i/hls_inst/inst/control_s_axi_U/ap_clk
    SLICE_X65Y328        FDRE                                         r  bd_0_i/hls_inst/inst/control_s_axi_U/rdata_reg[17]/C

Slack:                    inf
  Source:                 s_axi_control_araddr[4]
                            (input port)
  Destination:            bd_0_i/hls_inst/inst/control_s_axi_U/rdata_reg[21]/D
                            (rising edge-triggered cell FDRE clocked by ap_clk  {rise@0.000ns fall@2.500ns period=5.000ns})
  Path Group:             (none)
  Path Type:              Setup (Max at Slow Process Corner)
  Data Path Delay:        3.669ns  (logic 0.547ns (14.910%)  route 3.122ns (85.090%))
  Logic Levels:           6  (LUT6=3 MUXF7=2 MUXF8=1)
  Clock Path Skew:        0.020ns (DCD - SCD + CPR)
    Destination Clock Delay (DCD):    0.020ns
    Source Clock Delay      (SCD):    0.000ns
    Clock Pessimism Removal (CPR):    0.000ns
  Clock Uncertainty:      0.025ns  ((TSJ^2 + TIJ^2)^1/2 + DJ) / 2 + PE
    Total System Jitter     (TSJ):    0.050ns
    Total Input Jitter      (TIJ):    0.000ns
    Discrete Jitter          (DJ):    0.000ns
    Phase Error              (PE):    0.000ns

    Location             Delay type                Incr(ns)  Path(ns)    Netlist Resource(s)
  -------------------------------------------------------------------    -------------------
                                                      0.000     0.000 f  s_axi_control_araddr[4] (IN)
                         net (fo=14, unset)           0.000     0.000    bd_0_i/hls_inst/inst/control_s_axi_U/s_axi_control_ARADDR[4]
    SLICE_X91Y332        LUT6 (Prop_G6LUT_SLICEM_I0_O)
                                                      0.150     0.150 r  bd_0_i/hls_inst/inst/control_s_axi_U/rdata[31]_i_53/O
                         net (fo=1, routed)           0.017     0.167    bd_0_i/hls_inst/inst/control_s_axi_U/rdata[31]_i_53_n_0
    SLICE_X91Y332        MUXF7 (Prop_F7MUX_GH_SLICEM_I1_O)
                                                      0.067     0.234 r  bd_0_i/hls_inst/inst/control_s_axi_U/rdata_reg[31]_i_33/O
                         net (fo=1, routed)           0.185     0.419    bd_0_i/hls_inst/inst/control_s_axi_U/rdata_reg[31]_i_33_n_0
    SLICE_X91Y332        LUT6 (Prop_E6LUT_SLICEM_I4_O)
                                                      0.148     0.567 r  bd_0_i/hls_inst/inst/control_s_axi_U/rdata[31]_i_13/O
                         net (fo=160, routed)         2.749     3.316    bd_0_i/hls_inst/inst/control_s_axi_U/rdata[31]_i_13_n_0
    SLICE_X75Y336        MUXF8 (Prop_F8MUX_TOP_SLICEL_S_O)
                                                      0.069     3.385 r  bd_0_i/hls_inst/inst/control_s_axi_U/rdata_reg[21]_i_6/O
                         net (fo=1, routed)           0.131     3.516    bd_0_i/hls_inst/inst/control_s_axi_U/rdata_reg[21]_i_6_n_0
    SLICE_X75Y338        LUT6 (Prop_D6LUT_SLICEL_I3_O)
                                                      0.050     3.566 r  bd_0_i/hls_inst/inst/control_s_axi_U/rdata[21]_i_2/O
                         net (fo=1, routed)           0.009     3.575    bd_0_i/hls_inst/inst/control_s_axi_U/rdata[21]_i_2_n_0
    SLICE_X75Y338        MUXF7 (Prop_F7MUX_CD_SLICEL_I0_O)
                                                      0.063     3.638 r  bd_0_i/hls_inst/inst/control_s_axi_U/rdata_reg[21]_i_1/O
                         net (fo=1, routed)           0.031     3.669    bd_0_i/hls_inst/inst/control_s_axi_U/rdata[21]
    SLICE_X75Y338        FDRE                                         r  bd_0_i/hls_inst/inst/control_s_axi_U/rdata_reg[21]/D
  -------------------------------------------------------------------    -------------------

                         (clock ap_clk rise edge)     0.000     0.000 r  
                                                      0.000     0.000 r  ap_clk (IN)
                         net (fo=106705, unset)       0.020     0.020    bd_0_i/hls_inst/inst/control_s_axi_U/ap_clk
    SLICE_X75Y338        FDRE                                         r  bd_0_i/hls_inst/inst/control_s_axi_U/rdata_reg[21]/C

Slack:                    inf
  Source:                 s_axi_control_araddr[4]
                            (input port)
  Destination:            bd_0_i/hls_inst/inst/control_s_axi_U/rdata_reg[24]/D
                            (rising edge-triggered cell FDRE clocked by ap_clk  {rise@0.000ns fall@2.500ns period=5.000ns})
  Path Group:             (none)
  Path Type:              Setup (Max at Slow Process Corner)
  Data Path Delay:        3.655ns  (logic 0.643ns (17.590%)  route 3.012ns (82.410%))
  Logic Levels:           6  (LUT6=3 MUXF7=2 MUXF8=1)
  Clock Path Skew:        0.020ns (DCD - SCD + CPR)
    Destination Clock Delay (DCD):    0.020ns
    Source Clock Delay      (SCD):    0.000ns
    Clock Pessimism Removal (CPR):    0.000ns
  Clock Uncertainty:      0.025ns  ((TSJ^2 + TIJ^2)^1/2 + DJ) / 2 + PE
    Total System Jitter     (TSJ):    0.050ns
    Total Input Jitter      (TIJ):    0.000ns
    Discrete Jitter          (DJ):    0.000ns
    Phase Error              (PE):    0.000ns

    Location             Delay type                Incr(ns)  Path(ns)    Netlist Resource(s)
  -------------------------------------------------------------------    -------------------
                                                      0.000     0.000 f  s_axi_control_araddr[4] (IN)
                         net (fo=14, unset)           0.000     0.000    bd_0_i/hls_inst/inst/control_s_axi_U/s_axi_control_ARADDR[4]
    SLICE_X91Y332        LUT6 (Prop_G6LUT_SLICEM_I0_O)
                                                      0.150     0.150 r  bd_0_i/hls_inst/inst/control_s_axi_U/rdata[31]_i_53/O
                         net (fo=1, routed)           0.017     0.167    bd_0_i/hls_inst/inst/control_s_axi_U/rdata[31]_i_53_n_0
    SLICE_X91Y332        MUXF7 (Prop_F7MUX_GH_SLICEM_I1_O)
                                                      0.067     0.234 r  bd_0_i/hls_inst/inst/control_s_axi_U/rdata_reg[31]_i_33/O
                         net (fo=1, routed)           0.185     0.419    bd_0_i/hls_inst/inst/control_s_axi_U/rdata_reg[31]_i_33_n_0
    SLICE_X91Y332        LUT6 (Prop_E6LUT_SLICEM_I4_O)
                                                      0.148     0.567 r  bd_0_i/hls_inst/inst/control_s_axi_U/rdata[31]_i_13/O
                         net (fo=160, routed)         2.461     3.028    bd_0_i/hls_inst/inst/control_s_axi_U/rdata[31]_i_13_n_0
    SLICE_X69Y355        MUXF8 (Prop_F8MUX_TOP_SLICEL_S_O)
                                                      0.069     3.097 r  bd_0_i/hls_inst/inst/control_s_axi_U/rdata_reg[24]_i_4/O
                         net (fo=1, routed)           0.309     3.406    bd_0_i/hls_inst/inst/control_s_axi_U/rdata_reg[24]_i_4_n_0
    SLICE_X73Y353        LUT6 (Prop_D6LUT_SLICEL_I0_O)
                                                      0.146     3.552 r  bd_0_i/hls_inst/inst/control_s_axi_U/rdata[24]_i_2/O
                         net (fo=1, routed)           0.009     3.561    bd_0_i/hls_inst/inst/control_s_axi_U/rdata[24]_i_2_n_0
    SLICE_X73Y353        MUXF7 (Prop_F7MUX_CD_SLICEL_I0_O)
                                                      0.063     3.624 r  bd_0_i/hls_inst/inst/control_s_axi_U/rdata_reg[24]_i_1/O
                         net (fo=1, routed)           0.031     3.655    bd_0_i/hls_inst/inst/control_s_axi_U/rdata[24]
    SLICE_X73Y353        FDRE                                         r  bd_0_i/hls_inst/inst/control_s_axi_U/rdata_reg[24]/D
  -------------------------------------------------------------------    -------------------

                         (clock ap_clk rise edge)     0.000     0.000 r  
                                                      0.000     0.000 r  ap_clk (IN)
                         net (fo=106705, unset)       0.020     0.020    bd_0_i/hls_inst/inst/control_s_axi_U/ap_clk
    SLICE_X73Y353        FDRE                                         r  bd_0_i/hls_inst/inst/control_s_axi_U/rdata_reg[24]/C

Slack:                    inf
  Source:                 s_axi_control_araddr[5]
                            (input port)
  Destination:            bd_0_i/hls_inst/inst/control_s_axi_U/rdata_reg[16]/D
                            (rising edge-triggered cell FDRE clocked by ap_clk  {rise@0.000ns fall@2.500ns period=5.000ns})
  Path Group:             (none)
  Path Type:              Setup (Max at Slow Process Corner)
  Data Path Delay:        3.627ns  (logic 0.525ns (14.476%)  route 3.102ns (85.524%))
  Logic Levels:           6  (LUT5=1 LUT6=2 MUXF7=2 MUXF8=1)
  Clock Path Skew:        0.020ns (DCD - SCD + CPR)
    Destination Clock Delay (DCD):    0.020ns
    Source Clock Delay      (SCD):    0.000ns
    Clock Pessimism Removal (CPR):    0.000ns
  Clock Uncertainty:      0.025ns  ((TSJ^2 + TIJ^2)^1/2 + DJ) / 2 + PE
    Total System Jitter     (TSJ):    0.050ns
    Total Input Jitter      (TIJ):    0.000ns
    Discrete Jitter          (DJ):    0.000ns
    Phase Error              (PE):    0.000ns

    Location             Delay type                Incr(ns)  Path(ns)    Netlist Resource(s)
  -------------------------------------------------------------------    -------------------
                                                      0.000     0.000 r  s_axi_control_araddr[5] (IN)
                         net (fo=16, unset)           0.000     0.000    bd_0_i/hls_inst/inst/control_s_axi_U/s_axi_control_ARADDR[5]
    SLICE_X97Y345        LUT6 (Prop_A6LUT_SLICEM_I0_O)
                                                      0.150     0.150 r  bd_0_i/hls_inst/inst/control_s_axi_U/rdata[31]_i_37/O
                         net (fo=2, routed)           0.179     0.329    bd_0_i/hls_inst/inst/control_s_axi_U/rdata[31]_i_37_n_0
    SLICE_X97Y345        LUT5 (Prop_G5LUT_SLICEM_I4_O)
                                                      0.099     0.428 r  bd_0_i/hls_inst/inst/control_s_axi_U/rdata[31]_i_14/O
                         net (fo=128, routed)         2.696     3.124    bd_0_i/hls_inst/inst/control_s_axi_U/rdata[31]_i_14_n_0
    SLICE_X67Y325        MUXF7 (Prop_F7MUX_AB_SLICEL_S_O)
                                                      0.065     3.189 r  bd_0_i/hls_inst/inst/control_s_axi_U/rdata_reg[16]_i_13/O
                         net (fo=1, routed)           0.000     3.189    bd_0_i/hls_inst/inst/control_s_axi_U/rdata_reg[16]_i_13_n_0
    SLICE_X67Y325        MUXF8 (Prop_F8MUX_BOT_SLICEL_I1_O)
                                                      0.026     3.215 r  bd_0_i/hls_inst/inst/control_s_axi_U/rdata_reg[16]_i_5/O
                         net (fo=1, routed)           0.187     3.402    bd_0_i/hls_inst/inst/control_s_axi_U/rdata_reg[16]_i_5_n_0
    SLICE_X67Y329        LUT6 (Prop_D6LUT_SLICEL_I1_O)
                                                      0.122     3.524 r  bd_0_i/hls_inst/inst/control_s_axi_U/rdata[16]_i_2/O
                         net (fo=1, routed)           0.009     3.533    bd_0_i/hls_inst/inst/control_s_axi_U/rdata[16]_i_2_n_0
    SLICE_X67Y329        MUXF7 (Prop_F7MUX_CD_SLICEL_I0_O)
                                                      0.063     3.596 r  bd_0_i/hls_inst/inst/control_s_axi_U/rdata_reg[16]_i_1/O
                         net (fo=1, routed)           0.031     3.627    bd_0_i/hls_inst/inst/control_s_axi_U/rdata[16]
    SLICE_X67Y329        FDRE                                         r  bd_0_i/hls_inst/inst/control_s_axi_U/rdata_reg[16]/D
  -------------------------------------------------------------------    -------------------

                         (clock ap_clk rise edge)     0.000     0.000 r  
                                                      0.000     0.000 r  ap_clk (IN)
                         net (fo=106705, unset)       0.020     0.020    bd_0_i/hls_inst/inst/control_s_axi_U/ap_clk
    SLICE_X67Y329        FDRE                                         r  bd_0_i/hls_inst/inst/control_s_axi_U/rdata_reg[16]/C





Min Delay Paths
--------------------------------------------------------------------------------------
Slack:                    inf
  Source:                 s_axi_control_wdata[0]
                            (input port)
  Destination:            bd_0_i/hls_inst/inst/control_s_axi_U/int_ier_reg[0]/D
                            (rising edge-triggered cell FDRE clocked by ap_clk  {rise@0.000ns fall@2.500ns period=5.000ns})
  Path Group:             (none)
  Path Type:              Hold (Min at Fast Process Corner)
  Data Path Delay:        0.007ns  (logic 0.000ns (0.000%)  route 0.007ns (100.000%))
  Logic Levels:           0  
  Clock Path Skew:        0.018ns (DCD - SCD - CPR)
    Destination Clock Delay (DCD):    0.018ns
    Source Clock Delay      (SCD):    0.000ns
    Clock Pessimism Removal (CPR):    -0.000ns

    Location             Delay type                Incr(ns)  Path(ns)    Netlist Resource(s)
  -------------------------------------------------------------------    -------------------
                                                      0.000     0.000 r  s_axi_control_wdata[0] (IN)
                         net (fo=71, unset)           0.007     0.007    bd_0_i/hls_inst/inst/control_s_axi_U/s_axi_control_WDATA[0]
    SLICE_X89Y332        FDRE                                         r  bd_0_i/hls_inst/inst/control_s_axi_U/int_ier_reg[0]/D
  -------------------------------------------------------------------    -------------------

                         (clock ap_clk rise edge)     0.000     0.000 r  
                                                      0.000     0.000 r  ap_clk (IN)
                         net (fo=106705, unset)       0.018     0.018    bd_0_i/hls_inst/inst/control_s_axi_U/ap_clk
    SLICE_X89Y332        FDRE                                         r  bd_0_i/hls_inst/inst/control_s_axi_U/int_ier_reg[0]/C

Slack:                    inf
  Source:                 s_axi_control_wdata[1]
                            (input port)
  Destination:            bd_0_i/hls_inst/inst/control_s_axi_U/int_ier_reg[1]/D
                            (rising edge-triggered cell FDRE clocked by ap_clk  {rise@0.000ns fall@2.500ns period=5.000ns})
  Path Group:             (none)
  Path Type:              Hold (Min at Fast Process Corner)
  Data Path Delay:        0.007ns  (logic 0.000ns (0.000%)  route 0.007ns (100.000%))
  Logic Levels:           0  
  Clock Path Skew:        0.018ns (DCD - SCD - CPR)
    Destination Clock Delay (DCD):    0.018ns
    Source Clock Delay      (SCD):    0.000ns
    Clock Pessimism Removal (CPR):    -0.000ns

    Location             Delay type                Incr(ns)  Path(ns)    Netlist Resource(s)
  -------------------------------------------------------------------    -------------------
                                                      0.000     0.000 r  s_axi_control_wdata[1] (IN)
                         net (fo=69, unset)           0.007     0.007    bd_0_i/hls_inst/inst/control_s_axi_U/s_axi_control_WDATA[1]
    SLICE_X89Y332        FDRE                                         r  bd_0_i/hls_inst/inst/control_s_axi_U/int_ier_reg[1]/D
  -------------------------------------------------------------------    -------------------

                         (clock ap_clk rise edge)     0.000     0.000 r  
                                                      0.000     0.000 r  ap_clk (IN)
                         net (fo=106705, unset)       0.018     0.018    bd_0_i/hls_inst/inst/control_s_axi_U/ap_clk
    SLICE_X89Y332        FDRE                                         r  bd_0_i/hls_inst/inst/control_s_axi_U/int_ier_reg[1]/C

Slack:                    inf
  Source:                 m_axi_gmem_act_rdata[0]
                            (input port)
  Destination:            bd_0_i/hls_inst/inst/gmem_act_m_axi_U/bus_read/rs_rdata/data_p2_reg[0]/D
                            (rising edge-triggered cell FDRE clocked by ap_clk  {rise@0.000ns fall@2.500ns period=5.000ns})
  Path Group:             (none)
  Path Type:              Hold (Min at Fast Process Corner)
  Data Path Delay:        0.007ns  (logic 0.000ns (0.000%)  route 0.007ns (100.000%))
  Logic Levels:           0  
  Clock Path Skew:        0.019ns (DCD - SCD - CPR)
    Destination Clock Delay (DCD):    0.019ns
    Source Clock Delay      (SCD):    0.000ns
    Clock Pessimism Removal (CPR):    -0.000ns

    Location             Delay type                Incr(ns)  Path(ns)    Netlist Resource(s)
  -------------------------------------------------------------------    -------------------
                                                      0.000     0.000 r  m_axi_gmem_act_rdata[0] (IN)
                         net (fo=1, unset)            0.007     0.007    bd_0_i/hls_inst/inst/gmem_act_m_axi_U/bus_read/rs_rdata/D[0]
    SLICE_X91Y301        FDRE                                         r  bd_0_i/hls_inst/inst/gmem_act_m_axi_U/bus_read/rs_rdata/data_p2_reg[0]/D
  -------------------------------------------------------------------    -------------------

                         (clock ap_clk rise edge)     0.000     0.000 r  
                                                      0.000     0.000 r  ap_clk (IN)
                         net (fo=106705, unset)       0.019     0.019    bd_0_i/hls_inst/inst/gmem_act_m_axi_U/bus_read/rs_rdata/ap_clk
    SLICE_X91Y301        FDRE                                         r  bd_0_i/hls_inst/inst/gmem_act_m_axi_U/bus_read/rs_rdata/data_p2_reg[0]/C

Slack:                    inf
  Source:                 m_axi_gmem_act_rdata[100]
                            (input port)
  Destination:            bd_0_i/hls_inst/inst/gmem_act_m_axi_U/bus_read/rs_rdata/data_p2_reg[100]/D
                            (rising edge-triggered cell FDRE clocked by ap_clk  {rise@0.000ns fall@2.500ns period=5.000ns})
  Path Group:             (none)
  Path Type:              Hold (Min at Fast Process Corner)
  Data Path Delay:        0.007ns  (logic 0.000ns (0.000%)  route 0.007ns (100.000%))
  Logic Levels:           0  
  Clock Path Skew:        0.018ns (DCD - SCD - CPR)
    Destination Clock Delay (DCD):    0.018ns
    Source Clock Delay      (SCD):    0.000ns
    Clock Pessimism Removal (CPR):    -0.000ns

    Location             Delay type                Incr(ns)  Path(ns)    Netlist Resource(s)
  -------------------------------------------------------------------    -------------------
                                                      0.000     0.000 r  m_axi_gmem_act_rdata[100] (IN)
                         net (fo=1, unset)            0.007     0.007    bd_0_i/hls_inst/inst/gmem_act_m_axi_U/bus_read/rs_rdata/D[100]
    SLICE_X84Y302        FDRE                                         r  bd_0_i/hls_inst/inst/gmem_act_m_axi_U/bus_read/rs_rdata/data_p2_reg[100]/D
  -------------------------------------------------------------------    -------------------

                         (clock ap_clk rise edge)     0.000     0.000 r  
                                                      0.000     0.000 r  ap_clk (IN)
                         net (fo=106705, unset)       0.018     0.018    bd_0_i/hls_inst/inst/gmem_act_m_axi_U/bus_read/rs_rdata/ap_clk
    SLICE_X84Y302        FDRE                                         r  bd_0_i/hls_inst/inst/gmem_act_m_axi_U/bus_read/rs_rdata/data_p2_reg[100]/C

Slack:                    inf
  Source:                 m_axi_gmem_act_rdata[102]
                            (input port)
  Destination:            bd_0_i/hls_inst/inst/gmem_act_m_axi_U/bus_read/rs_rdata/data_p2_reg[102]/D
                            (rising edge-triggered cell FDRE clocked by ap_clk  {rise@0.000ns fall@2.500ns period=5.000ns})
  Path Group:             (none)
  Path Type:              Hold (Min at Fast Process Corner)
  Data Path Delay:        0.007ns  (logic 0.000ns (0.000%)  route 0.007ns (100.000%))
  Logic Levels:           0  
  Clock Path Skew:        0.019ns (DCD - SCD - CPR)
    Destination Clock Delay (DCD):    0.019ns
    Source Clock Delay      (SCD):    0.000ns
    Clock Pessimism Removal (CPR):    -0.000ns

    Location             Delay type                Incr(ns)  Path(ns)    Netlist Resource(s)
  -------------------------------------------------------------------    -------------------
                                                      0.000     0.000 r  m_axi_gmem_act_rdata[102] (IN)
                         net (fo=1, unset)            0.007     0.007    bd_0_i/hls_inst/inst/gmem_act_m_axi_U/bus_read/rs_rdata/D[102]
    SLICE_X89Y304        FDRE                                         r  bd_0_i/hls_inst/inst/gmem_act_m_axi_U/bus_read/rs_rdata/data_p2_reg[102]/D
  -------------------------------------------------------------------    -------------------

                         (clock ap_clk rise edge)     0.000     0.000 r  
                                                      0.000     0.000 r  ap_clk (IN)
                         net (fo=106705, unset)       0.019     0.019    bd_0_i/hls_inst/inst/gmem_act_m_axi_U/bus_read/rs_rdata/ap_clk
    SLICE_X89Y304        FDRE                                         r  bd_0_i/hls_inst/inst/gmem_act_m_axi_U/bus_read/rs_rdata/data_p2_reg[102]/C

Slack:                    inf
  Source:                 m_axi_gmem_act_rdata[103]
                            (input port)
  Destination:            bd_0_i/hls_inst/inst/gmem_act_m_axi_U/bus_read/rs_rdata/data_p2_reg[103]/D
                            (rising edge-triggered cell FDRE clocked by ap_clk  {rise@0.000ns fall@2.500ns period=5.000ns})
  Path Group:             (none)
  Path Type:              Hold (Min at Fast Process Corner)
  Data Path Delay:        0.007ns  (logic 0.000ns (0.000%)  route 0.007ns (100.000%))
  Logic Levels:           0  
  Clock Path Skew:        0.019ns (DCD - SCD - CPR)
    Destination Clock Delay (DCD):    0.019ns
    Source Clock Delay      (SCD):    0.000ns
    Clock Pessimism Removal (CPR):    -0.000ns

    Location             Delay type                Incr(ns)  Path(ns)    Netlist Resource(s)
  -------------------------------------------------------------------    -------------------
                                                      0.000     0.000 r  m_axi_gmem_act_rdata[103] (IN)
                         net (fo=1, unset)            0.007     0.007    bd_0_i/hls_inst/inst/gmem_act_m_axi_U/bus_read/rs_rdata/D[103]
    SLICE_X89Y304        FDRE                                         r  bd_0_i/hls_inst/inst/gmem_act_m_axi_U/bus_read/rs_rdata/data_p2_reg[103]/D
  -------------------------------------------------------------------    -------------------

                         (clock ap_clk rise edge)     0.000     0.000 r  
                                                      0.000     0.000 r  ap_clk (IN)
                         net (fo=106705, unset)       0.019     0.019    bd_0_i/hls_inst/inst/gmem_act_m_axi_U/bus_read/rs_rdata/ap_clk
    SLICE_X89Y304        FDRE                                         r  bd_0_i/hls_inst/inst/gmem_act_m_axi_U/bus_read/rs_rdata/data_p2_reg[103]/C

Slack:                    inf
  Source:                 m_axi_gmem_act_rdata[105]
                            (input port)
  Destination:            bd_0_i/hls_inst/inst/gmem_act_m_axi_U/bus_read/rs_rdata/data_p2_reg[105]/D
                            (rising edge-triggered cell FDRE clocked by ap_clk  {rise@0.000ns fall@2.500ns period=5.000ns})
  Path Group:             (none)
  Path Type:              Hold (Min at Fast Process Corner)
  Data Path Delay:        0.007ns  (logic 0.000ns (0.000%)  route 0.007ns (100.000%))
  Logic Levels:           0  
  Clock Path Skew:        0.018ns (DCD - SCD - CPR)
    Destination Clock Delay (DCD):    0.018ns
    Source Clock Delay      (SCD):    0.000ns
    Clock Pessimism Removal (CPR):    -0.000ns

    Location             Delay type                Incr(ns)  Path(ns)    Netlist Resource(s)
  -------------------------------------------------------------------    -------------------
                                                      0.000     0.000 r  m_axi_gmem_act_rdata[105] (IN)
                         net (fo=1, unset)            0.007     0.007    bd_0_i/hls_inst/inst/gmem_act_m_axi_U/bus_read/rs_rdata/D[105]
    SLICE_X89Y302        FDRE                                         r  bd_0_i/hls_inst/inst/gmem_act_m_axi_U/bus_read/rs_rdata/data_p2_reg[105]/D
  -------------------------------------------------------------------    -------------------

                         (clock ap_clk rise edge)     0.000     0.000 r  
                                                      0.000     0.000 r  ap_clk (IN)
                         net (fo=106705, unset)       0.018     0.018    bd_0_i/hls_inst/inst/gmem_act_m_axi_U/bus_read/rs_rdata/ap_clk
    SLICE_X89Y302        FDRE                                         r  bd_0_i/hls_inst/inst/gmem_act_m_axi_U/bus_read/rs_rdata/data_p2_reg[105]/C

Slack:                    inf
  Source:                 m_axi_gmem_act_rdata[106]
                            (input port)
  Destination:            bd_0_i/hls_inst/inst/gmem_act_m_axi_U/bus_read/rs_rdata/data_p2_reg[106]/D
                            (rising edge-triggered cell FDRE clocked by ap_clk  {rise@0.000ns fall@2.500ns period=5.000ns})
  Path Group:             (none)
  Path Type:              Hold (Min at Fast Process Corner)
  Data Path Delay:        0.007ns  (logic 0.000ns (0.000%)  route 0.007ns (100.000%))
  Logic Levels:           0  
  Clock Path Skew:        0.018ns (DCD - SCD - CPR)
    Destination Clock Delay (DCD):    0.018ns
    Source Clock Delay      (SCD):    0.000ns
    Clock Pessimism Removal (CPR):    -0.000ns

    Location             Delay type                Incr(ns)  Path(ns)    Netlist Resource(s)
  -------------------------------------------------------------------    -------------------
                                                      0.000     0.000 r  m_axi_gmem_act_rdata[106] (IN)
                         net (fo=1, unset)            0.007     0.007    bd_0_i/hls_inst/inst/gmem_act_m_axi_U/bus_read/rs_rdata/D[106]
    SLICE_X90Y300        FDRE                                         r  bd_0_i/hls_inst/inst/gmem_act_m_axi_U/bus_read/rs_rdata/data_p2_reg[106]/D
  -------------------------------------------------------------------    -------------------

                         (clock ap_clk rise edge)     0.000     0.000 r  
                                                      0.000     0.000 r  ap_clk (IN)
                         net (fo=106705, unset)       0.018     0.018    bd_0_i/hls_inst/inst/gmem_act_m_axi_U/bus_read/rs_rdata/ap_clk
    SLICE_X90Y300        FDRE                                         r  bd_0_i/hls_inst/inst/gmem_act_m_axi_U/bus_read/rs_rdata/data_p2_reg[106]/C

Slack:                    inf
  Source:                 m_axi_gmem_act_rdata[107]
                            (input port)
  Destination:            bd_0_i/hls_inst/inst/gmem_act_m_axi_U/bus_read/rs_rdata/data_p2_reg[107]/D
                            (rising edge-triggered cell FDRE clocked by ap_clk  {rise@0.000ns fall@2.500ns period=5.000ns})
  Path Group:             (none)
  Path Type:              Hold (Min at Fast Process Corner)
  Data Path Delay:        0.007ns  (logic 0.000ns (0.000%)  route 0.007ns (100.000%))
  Logic Levels:           0  
  Clock Path Skew:        0.018ns (DCD - SCD - CPR)
    Destination Clock Delay (DCD):    0.018ns
    Source Clock Delay      (SCD):    0.000ns
    Clock Pessimism Removal (CPR):    -0.000ns

    Location             Delay type                Incr(ns)  Path(ns)    Netlist Resource(s)
  -------------------------------------------------------------------    -------------------
                                                      0.000     0.000 r  m_axi_gmem_act_rdata[107] (IN)
                         net (fo=1, unset)            0.007     0.007    bd_0_i/hls_inst/inst/gmem_act_m_axi_U/bus_read/rs_rdata/D[107]
    SLICE_X83Y304        FDRE                                         r  bd_0_i/hls_inst/inst/gmem_act_m_axi_U/bus_read/rs_rdata/data_p2_reg[107]/D
  -------------------------------------------------------------------    -------------------

                         (clock ap_clk rise edge)     0.000     0.000 r  
                                                      0.000     0.000 r  ap_clk (IN)
                         net (fo=106705, unset)       0.018     0.018    bd_0_i/hls_inst/inst/gmem_act_m_axi_U/bus_read/rs_rdata/ap_clk
    SLICE_X83Y304        FDRE                                         r  bd_0_i/hls_inst/inst/gmem_act_m_axi_U/bus_read/rs_rdata/data_p2_reg[107]/C

Slack:                    inf
  Source:                 m_axi_gmem_act_rdata[108]
                            (input port)
  Destination:            bd_0_i/hls_inst/inst/gmem_act_m_axi_U/bus_read/rs_rdata/data_p2_reg[108]/D
                            (rising edge-triggered cell FDRE clocked by ap_clk  {rise@0.000ns fall@2.500ns period=5.000ns})
  Path Group:             (none)
  Path Type:              Hold (Min at Fast Process Corner)
  Data Path Delay:        0.007ns  (logic 0.000ns (0.000%)  route 0.007ns (100.000%))
  Logic Levels:           0  
  Clock Path Skew:        0.019ns (DCD - SCD - CPR)
    Destination Clock Delay (DCD):    0.019ns
    Source Clock Delay      (SCD):    0.000ns
    Clock Pessimism Removal (CPR):    -0.000ns

    Location             Delay type                Incr(ns)  Path(ns)    Netlist Resource(s)
  -------------------------------------------------------------------    -------------------
                                                      0.000     0.000 r  m_axi_gmem_act_rdata[108] (IN)
                         net (fo=1, unset)            0.007     0.007    bd_0_i/hls_inst/inst/gmem_act_m_axi_U/bus_read/rs_rdata/D[108]
    SLICE_X86Y300        FDRE                                         r  bd_0_i/hls_inst/inst/gmem_act_m_axi_U/bus_read/rs_rdata/data_p2_reg[108]/D
  -------------------------------------------------------------------    -------------------

                         (clock ap_clk rise edge)     0.000     0.000 r  
                                                      0.000     0.000 r  ap_clk (IN)
                         net (fo=106705, unset)       0.019     0.019    bd_0_i/hls_inst/inst/gmem_act_m_axi_U/bus_read/rs_rdata/ap_clk
    SLICE_X86Y300        FDRE                                         r  bd_0_i/hls_inst/inst/gmem_act_m_axi_U/bus_read/rs_rdata/data_p2_reg[108]/C





