

================================================================
== Vitis HLS Report for 'prepare_attn_input'
================================================================
* Date:           Wed Apr  1 17:55:20 2026

* Version:        2024.1 (Build 5069499 on May 21 2024)
* Project:        transformer_layer_pipeline
* Solution:       hls (Vitis Kernel Flow Target)
* Product family: virtexuplusHBM
* Target device:  xcu55c-fsvh2892-2L-e


================================================================
== Performance Estimates
================================================================
+ Timing: 
    * Summary: 
    +--------+---------+----------+------------+
    |  Clock |  Target | Estimated| Uncertainty|
    +--------+---------+----------+------------+
    |ap_clk  |  5.00 ns|  3.650 ns|     1.35 ns|
    +--------+---------+----------+------------+

+ Latency: 
    * Summary: 
    +---------+---------+-----------+-----------+------+------+---------+
    |  Latency (cycles) |   Latency (absolute)  |   Interval  | Pipeline|
    |   min   |   max   |    min    |    max    |  min |  max |   Type  |
    +---------+---------+-----------+-----------+------+------+---------+
    |     2430|     2430|  12.150 us|  12.150 us|  2430|  2430|       no|
    +---------+---------+-----------+-----------+------+------+---------+

    + Detail: 
        * Instance: 
        +----------------------------------+-----------------------+---------+---------+----------+----------+------+------+---------+
        |                                  |                       |  Latency (cycles) |  Latency (absolute) |   Interval  | Pipeline|
        |             Instance             |         Module        |   min   |   max   |    min   |    max   |  min |  max |   Type  |
        +----------------------------------+-----------------------+---------+---------+----------+----------+------+------+---------+
        |grp_rmsnorm_4096_s_fu_274         |rmsnorm_4096_s         |     1639|     1639|  8.195 us|  8.195 us|  1639|  1639|       no|
        |grp_quantize_ptr_4096_1_1_fu_353  |quantize_ptr_4096_1_1  |      787|      787|  3.935 us|  3.935 us|   787|   787|       no|
        +----------------------------------+-----------------------+---------+---------+----------+----------+------+------+---------+

        * Loop: 
        N/A



================================================================
== Utilization Estimates
================================================================
* Summary: 
+---------------------+---------+------+---------+---------+-----+
|         Name        | BRAM_18K|  DSP |    FF   |   LUT   | URAM|
+---------------------+---------+------+---------+---------+-----+
|DSP                  |        -|     -|        -|        -|    -|
|Expression           |        -|     -|        0|       71|    -|
|FIFO                 |        -|     -|        -|        -|    -|
|Instance             |        0|   320|    53985|    76773|    0|
|Memory               |        8|     -|        0|        0|    0|
|Multiplexer          |        -|     -|        0|      650|    -|
|Register             |        -|     -|      103|        -|    -|
+---------------------+---------+------+---------+---------+-----+
|Total                |        8|   320|    54088|    77494|    0|
+---------------------+---------+------+---------+---------+-----+
|Available SLR        |     1344|  3008|   869120|   434560|  320|
+---------------------+---------+------+---------+---------+-----+
|Utilization SLR (%)  |       ~0|    10|        6|       17|    0|
+---------------------+---------+------+---------+---------+-----+
|Available            |     4032|  9024|  2607360|  1303680|  960|
+---------------------+---------+------+---------+---------+-----+
|Utilization (%)      |       ~0|     3|        2|        5|    0|
+---------------------+---------+------+---------+---------+-----+

+ Detail: 
    * Instance: 
    +----------------------------------+-----------------------+---------+-----+-------+-------+-----+
    |             Instance             |         Module        | BRAM_18K| DSP |   FF  |  LUT  | URAM|
    +----------------------------------+-----------------------+---------+-----+-------+-------+-----+
    |grp_quantize_ptr_4096_1_1_fu_353  |quantize_ptr_4096_1_1  |        0|    0|   7394|  25419|    0|
    |grp_rmsnorm_4096_s_fu_274         |rmsnorm_4096_s         |        0|  320|  46591|  51354|    0|
    +----------------------------------+-----------------------+---------+-----+-------+-------+-----+
    |Total                             |                       |        0|  320|  53985|  76773|    0|
    +----------------------------------+-----------------------+---------+-----+-------+-------+-----+

    * DSP: 
    N/A

    * Memory: 
    +--------+-------------------------------------+---------+---+----+-----+------+-----+------+-------------+
    | Memory |                Module               | BRAM_18K| FF| LUT| URAM| Words| Bits| Banks| W*Bits*Banks|
    +--------+-------------------------------------+---------+---+----+-----+------+-----+------+-------------+
    |xb_U    |prepare_attn_input_xb_RAM_AUTO_1R1W  |        1|  0|   0|    0|   512|   32|     1|        16384|
    |xb_1_U  |prepare_attn_input_xb_RAM_AUTO_1R1W  |        1|  0|   0|    0|   512|   32|     1|        16384|
    |xb_2_U  |prepare_attn_input_xb_RAM_AUTO_1R1W  |        1|  0|   0|    0|   512|   32|     1|        16384|
    |xb_3_U  |prepare_attn_input_xb_RAM_AUTO_1R1W  |        1|  0|   0|    0|   512|   32|     1|        16384|
    |xb_4_U  |prepare_attn_input_xb_RAM_AUTO_1R1W  |        1|  0|   0|    0|   512|   32|     1|        16384|
    |xb_5_U  |prepare_attn_input_xb_RAM_AUTO_1R1W  |        1|  0|   0|    0|   512|   32|     1|        16384|
    |xb_6_U  |prepare_attn_input_xb_RAM_AUTO_1R1W  |        1|  0|   0|    0|   512|   32|     1|        16384|
    |xb_7_U  |prepare_attn_input_xb_RAM_AUTO_1R1W  |        1|  0|   0|    0|   512|   32|     1|        16384|
    +--------+-------------------------------------+---------+---+----+-----+------+-----+------+-------------+
    |Total   |                                     |        8|  0|   0|    0|  4096|  256|     8|       131072|
    +--------+-------------------------------------+---------+---+----+-----+------+-----+------+-------------+

    * FIFO: 
    N/A

    * Expression: 
    +---------------------+----------+----+---+----+------------+------------+
    |    Variable Name    | Operation| DSP| FF| LUT| Bitwidth P0| Bitwidth P1|
    +---------------------+----------+----+---+----+------------+------------+
    |add_ln479_fu_505_p2  |         +|   0|  0|  71|          64|          64|
    +---------------------+----------+----+---+----+------------+------------+
    |Total                |          |   0|  0|  71|          64|          64|
    +---------------------+----------+----+---+----+------------+------------+

    * Multiplexer: 
    +------------------------+----+-----------+-----+-----------+
    |          Name          | LUT| Input Size| Bits| Total Bits|
    +------------------------+----+-----------+-----+-----------+
    |ap_NS_fsm               |  31|          6|    1|          6|
    |ap_return               |   9|          2|   32|         64|
    |m_axi_gmem_wq0_ARVALID  |   9|          2|    1|          2|
    |m_axi_gmem_wq0_RREADY   |   9|          2|    1|          2|
    |xb_1_address0           |  14|          3|    9|         27|
    |xb_1_address1           |  14|          3|    9|         27|
    |xb_1_ce0                |  14|          3|    1|          3|
    |xb_1_ce1                |  14|          3|    1|          3|
    |xb_1_we0                |   9|          2|    1|          2|
    |xb_1_we1                |   9|          2|    1|          2|
    |xb_2_address0           |  14|          3|    9|         27|
    |xb_2_address1           |  14|          3|    9|         27|
    |xb_2_ce0                |  14|          3|    1|          3|
    |xb_2_ce1                |  14|          3|    1|          3|
    |xb_2_we0                |   9|          2|    1|          2|
    |xb_2_we1                |   9|          2|    1|          2|
    |xb_3_address0           |  14|          3|    9|         27|
    |xb_3_address1           |  14|          3|    9|         27|
    |xb_3_ce0                |  14|          3|    1|          3|
    |xb_3_ce1                |  14|          3|    1|          3|
    |xb_3_we0                |   9|          2|    1|          2|
    |xb_3_we1                |   9|          2|    1|          2|
    |xb_4_address0           |  14|          3|    9|         27|
    |xb_4_address1           |  14|          3|    9|         27|
    |xb_4_ce0                |  14|          3|    1|          3|
    |xb_4_ce1                |  14|          3|    1|          3|
    |xb_4_we0                |   9|          2|    1|          2|
    |xb_4_we1                |   9|          2|    1|          2|
    |xb_5_address0           |  14|          3|    9|         27|
    |xb_5_address1           |  14|          3|    9|         27|
    |xb_5_ce0                |  14|          3|    1|          3|
    |xb_5_ce1                |  14|          3|    1|          3|
    |xb_5_we0                |   9|          2|    1|          2|
    |xb_5_we1                |   9|          2|    1|          2|
    |xb_6_address0           |  14|          3|    9|         27|
    |xb_6_address1           |  14|          3|    9|         27|
    |xb_6_ce0                |  14|          3|    1|          3|
    |xb_6_ce1                |  14|          3|    1|          3|
    |xb_6_we0                |   9|          2|    1|          2|
    |xb_6_we1                |   9|          2|    1|          2|
    |xb_7_address0           |  14|          3|    9|         27|
    |xb_7_address1           |  14|          3|    9|         27|
    |xb_7_ce0                |  14|          3|    1|          3|
    |xb_7_ce1                |  14|          3|    1|          3|
    |xb_7_we0                |   9|          2|    1|          2|
    |xb_7_we1                |   9|          2|    1|          2|
    |xb_address0             |  14|          3|    9|         27|
    |xb_address1             |  14|          3|    9|         27|
    |xb_ce0                  |  14|          3|    1|          3|
    |xb_ce1                  |  14|          3|    1|          3|
    |xb_we0                  |   9|          2|    1|          2|
    |xb_we1                  |   9|          2|    1|          2|
    +------------------------+----+-----------+-----+-----------+
    |Total                   | 650|        140|  211|        586|
    +------------------------+----+-----------+-----+-----------+

    * Register: 
    +-----------------------------------------------+----+----+-----+-----------+
    |                      Name                     | FF | LUT| Bits| Const Bits|
    +-----------------------------------------------+----+----+-----+-----------+
    |add_ln479_reg_511                              |  64|   0|   64|          0|
    |ap_CS_fsm                                      |   5|   0|    5|          0|
    |ap_return_preg                                 |  32|   0|   32|          0|
    |grp_quantize_ptr_4096_1_1_fu_353_ap_start_reg  |   1|   0|    1|          0|
    |grp_rmsnorm_4096_s_fu_274_ap_start_reg         |   1|   0|    1|          0|
    +-----------------------------------------------+----+----+-----+-----------+
    |Total                                          | 103|   0|  103|          0|
    +-----------------------------------------------+----+----+-----+-----------+



================================================================
== Interface
================================================================
* Summary: 
+-----------------------------------------------------------------------------------------------+-----+-----+------------+--------------------------------------------------------------------------------------+--------------+
|                                           RTL Ports                                           | Dir | Bits|  Protocol  |                                     Source Object                                    |    C Type    |
+-----------------------------------------------------------------------------------------------+-----+-----+------------+--------------------------------------------------------------------------------------+--------------+
|ap_clk                                                                                         |   in|    1|  ap_ctrl_hs|                                                                    prepare_attn_input|  return value|
|ap_rst                                                                                         |   in|    1|  ap_ctrl_hs|                                                                    prepare_attn_input|  return value|
|ap_start                                                                                       |   in|    1|  ap_ctrl_hs|                                                                    prepare_attn_input|  return value|
|ap_done                                                                                        |  out|    1|  ap_ctrl_hs|                                                                    prepare_attn_input|  return value|
|ap_idle                                                                                        |  out|    1|  ap_ctrl_hs|                                                                    prepare_attn_input|  return value|
|ap_ready                                                                                       |  out|    1|  ap_ctrl_hs|                                                                    prepare_attn_input|  return value|
|ap_return                                                                                      |  out|   32|  ap_ctrl_hs|                                                                    prepare_attn_input|  return value|
|l                                                                                              |   in|    5|     ap_none|                                                                                     l|        scalar|
|xq_ptr_0_address0                                                                              |  out|    8|   ap_memory|                                                                              xq_ptr_0|         array|
|xq_ptr_0_ce0                                                                                   |  out|    1|   ap_memory|                                                                              xq_ptr_0|         array|
|xq_ptr_0_we0                                                                                   |  out|    1|   ap_memory|                                                                              xq_ptr_0|         array|
|xq_ptr_0_d0                                                                                    |  out|    8|   ap_memory|                                                                              xq_ptr_0|         array|
|xq_ptr_1_address0                                                                              |  out|    8|   ap_memory|                                                                              xq_ptr_1|         array|
|xq_ptr_1_ce0                                                                                   |  out|    1|   ap_memory|                                                                              xq_ptr_1|         array|
|xq_ptr_1_we0                                                                                   |  out|    1|   ap_memory|                                                                              xq_ptr_1|         array|
|xq_ptr_1_d0                                                                                    |  out|    8|   ap_memory|                                                                              xq_ptr_1|         array|
|xq_ptr_2_address0                                                                              |  out|    8|   ap_memory|                                                                              xq_ptr_2|         array|
|xq_ptr_2_ce0                                                                                   |  out|    1|   ap_memory|                                                                              xq_ptr_2|         array|
|xq_ptr_2_we0                                                                                   |  out|    1|   ap_memory|                                                                              xq_ptr_2|         array|
|xq_ptr_2_d0                                                                                    |  out|    8|   ap_memory|                                                                              xq_ptr_2|         array|
|xq_ptr_3_address0                                                                              |  out|    8|   ap_memory|                                                                              xq_ptr_3|         array|
|xq_ptr_3_ce0                                                                                   |  out|    1|   ap_memory|                                                                              xq_ptr_3|         array|
|xq_ptr_3_we0                                                                                   |  out|    1|   ap_memory|                                                                              xq_ptr_3|         array|
|xq_ptr_3_d0                                                                                    |  out|    8|   ap_memory|                                                                              xq_ptr_3|         array|
|xq_ptr_4_address0                                                                              |  out|    8|   ap_memory|                                                                              xq_ptr_4|         array|
|xq_ptr_4_ce0                                                                                   |  out|    1|   ap_memory|                                                                              xq_ptr_4|         array|
|xq_ptr_4_we0                                                                                   |  out|    1|   ap_memory|                                                                              xq_ptr_4|         array|
|xq_ptr_4_d0                                                                                    |  out|    8|   ap_memory|                                                                              xq_ptr_4|         array|
|xq_ptr_5_address0                                                                              |  out|    8|   ap_memory|                                                                              xq_ptr_5|         array|
|xq_ptr_5_ce0                                                                                   |  out|    1|   ap_memory|                                                                              xq_ptr_5|         array|
|xq_ptr_5_we0                                                                                   |  out|    1|   ap_memory|                                                                              xq_ptr_5|         array|
|xq_ptr_5_d0                                                                                    |  out|    8|   ap_memory|                                                                              xq_ptr_5|         array|
|xq_ptr_6_address0                                                                              |  out|    8|   ap_memory|                                                                              xq_ptr_6|         array|
|xq_ptr_6_ce0                                                                                   |  out|    1|   ap_memory|                                                                              xq_ptr_6|         array|
|xq_ptr_6_we0                                                                                   |  out|    1|   ap_memory|                                                                              xq_ptr_6|         array|
|xq_ptr_6_d0                                                                                    |  out|    8|   ap_memory|                                                                              xq_ptr_6|         array|
|xq_ptr_7_address0                                                                              |  out|    8|   ap_memory|                                                                              xq_ptr_7|         array|
|xq_ptr_7_ce0                                                                                   |  out|    1|   ap_memory|                                                                              xq_ptr_7|         array|
|xq_ptr_7_we0                                                                                   |  out|    1|   ap_memory|                                                                              xq_ptr_7|         array|
|xq_ptr_7_d0                                                                                    |  out|    8|   ap_memory|                                                                              xq_ptr_7|         array|
|xq_ptr_8_address0                                                                              |  out|    8|   ap_memory|                                                                              xq_ptr_8|         array|
|xq_ptr_8_ce0                                                                                   |  out|    1|   ap_memory|                                                                              xq_ptr_8|         array|
|xq_ptr_8_we0                                                                                   |  out|    1|   ap_memory|                                                                              xq_ptr_8|         array|
|xq_ptr_8_d0                                                                                    |  out|    8|   ap_memory|                                                                              xq_ptr_8|         array|
|xq_ptr_9_address0                                                                              |  out|    8|   ap_memory|                                                                              xq_ptr_9|         array|
|xq_ptr_9_ce0                                                                                   |  out|    1|   ap_memory|                                                                              xq_ptr_9|         array|
|xq_ptr_9_we0                                                                                   |  out|    1|   ap_memory|                                                                              xq_ptr_9|         array|
|xq_ptr_9_d0                                                                                    |  out|    8|   ap_memory|                                                                              xq_ptr_9|         array|
|xq_ptr_10_address0                                                                             |  out|    8|   ap_memory|                                                                             xq_ptr_10|         array|
|xq_ptr_10_ce0                                                                                  |  out|    1|   ap_memory|                                                                             xq_ptr_10|         array|
|xq_ptr_10_we0                                                                                  |  out|    1|   ap_memory|                                                                             xq_ptr_10|         array|
|xq_ptr_10_d0                                                                                   |  out|    8|   ap_memory|                                                                             xq_ptr_10|         array|
|xq_ptr_11_address0                                                                             |  out|    8|   ap_memory|                                                                             xq_ptr_11|         array|
|xq_ptr_11_ce0                                                                                  |  out|    1|   ap_memory|                                                                             xq_ptr_11|         array|
|xq_ptr_11_we0                                                                                  |  out|    1|   ap_memory|                                                                             xq_ptr_11|         array|
|xq_ptr_11_d0                                                                                   |  out|    8|   ap_memory|                                                                             xq_ptr_11|         array|
|xq_ptr_12_address0                                                                             |  out|    8|   ap_memory|                                                                             xq_ptr_12|         array|
|xq_ptr_12_ce0                                                                                  |  out|    1|   ap_memory|                                                                             xq_ptr_12|         array|
|xq_ptr_12_we0                                                                                  |  out|    1|   ap_memory|                                                                             xq_ptr_12|         array|
|xq_ptr_12_d0                                                                                   |  out|    8|   ap_memory|                                                                             xq_ptr_12|         array|
|xq_ptr_13_address0                                                                             |  out|    8|   ap_memory|                                                                             xq_ptr_13|         array|
|xq_ptr_13_ce0                                                                                  |  out|    1|   ap_memory|                                                                             xq_ptr_13|         array|
|xq_ptr_13_we0                                                                                  |  out|    1|   ap_memory|                                                                             xq_ptr_13|         array|
|xq_ptr_13_d0                                                                                   |  out|    8|   ap_memory|                                                                             xq_ptr_13|         array|
|xq_ptr_14_address0                                                                             |  out|    8|   ap_memory|                                                                             xq_ptr_14|         array|
|xq_ptr_14_ce0                                                                                  |  out|    1|   ap_memory|                                                                             xq_ptr_14|         array|
|xq_ptr_14_we0                                                                                  |  out|    1|   ap_memory|                                                                             xq_ptr_14|         array|
|xq_ptr_14_d0                                                                                   |  out|    8|   ap_memory|                                                                             xq_ptr_14|         array|
|xq_ptr_15_address0                                                                             |  out|    8|   ap_memory|                                                                             xq_ptr_15|         array|
|xq_ptr_15_ce0                                                                                  |  out|    1|   ap_memory|                                                                             xq_ptr_15|         array|
|xq_ptr_15_we0                                                                                  |  out|    1|   ap_memory|                                                                             xq_ptr_15|         array|
|xq_ptr_15_d0                                                                                   |  out|    8|   ap_memory|                                                                             xq_ptr_15|         array|
|xq_ptr_16_address0                                                                             |  out|    8|   ap_memory|                                                                             xq_ptr_16|         array|
|xq_ptr_16_ce0                                                                                  |  out|    1|   ap_memory|                                                                             xq_ptr_16|         array|
|xq_ptr_16_we0                                                                                  |  out|    1|   ap_memory|                                                                             xq_ptr_16|         array|
|xq_ptr_16_d0                                                                                   |  out|    8|   ap_memory|                                                                             xq_ptr_16|         array|
|xq_ptr_17_address0                                                                             |  out|    8|   ap_memory|                                                                             xq_ptr_17|         array|
|xq_ptr_17_ce0                                                                                  |  out|    1|   ap_memory|                                                                             xq_ptr_17|         array|
|xq_ptr_17_we0                                                                                  |  out|    1|   ap_memory|                                                                             xq_ptr_17|         array|
|xq_ptr_17_d0                                                                                   |  out|    8|   ap_memory|                                                                             xq_ptr_17|         array|
|xq_ptr_18_address0                                                                             |  out|    8|   ap_memory|                                                                             xq_ptr_18|         array|
|xq_ptr_18_ce0                                                                                  |  out|    1|   ap_memory|                                                                             xq_ptr_18|         array|
|xq_ptr_18_we0                                                                                  |  out|    1|   ap_memory|                                                                             xq_ptr_18|         array|
|xq_ptr_18_d0                                                                                   |  out|    8|   ap_memory|                                                                             xq_ptr_18|         array|
|xq_ptr_19_address0                                                                             |  out|    8|   ap_memory|                                                                             xq_ptr_19|         array|
|xq_ptr_19_ce0                                                                                  |  out|    1|   ap_memory|                                                                             xq_ptr_19|         array|
|xq_ptr_19_we0                                                                                  |  out|    1|   ap_memory|                                                                             xq_ptr_19|         array|
|xq_ptr_19_d0                                                                                   |  out|    8|   ap_memory|                                                                             xq_ptr_19|         array|
|xq_ptr_20_address0                                                                             |  out|    8|   ap_memory|                                                                             xq_ptr_20|         array|
|xq_ptr_20_ce0                                                                                  |  out|    1|   ap_memory|                                                                             xq_ptr_20|         array|
|xq_ptr_20_we0                                                                                  |  out|    1|   ap_memory|                                                                             xq_ptr_20|         array|
|xq_ptr_20_d0                                                                                   |  out|    8|   ap_memory|                                                                             xq_ptr_20|         array|
|xq_ptr_21_address0                                                                             |  out|    8|   ap_memory|                                                                             xq_ptr_21|         array|
|xq_ptr_21_ce0                                                                                  |  out|    1|   ap_memory|                                                                             xq_ptr_21|         array|
|xq_ptr_21_we0                                                                                  |  out|    1|   ap_memory|                                                                             xq_ptr_21|         array|
|xq_ptr_21_d0                                                                                   |  out|    8|   ap_memory|                                                                             xq_ptr_21|         array|
|xq_ptr_22_address0                                                                             |  out|    8|   ap_memory|                                                                             xq_ptr_22|         array|
|xq_ptr_22_ce0                                                                                  |  out|    1|   ap_memory|                                                                             xq_ptr_22|         array|
|xq_ptr_22_we0                                                                                  |  out|    1|   ap_memory|                                                                             xq_ptr_22|         array|
|xq_ptr_22_d0                                                                                   |  out|    8|   ap_memory|                                                                             xq_ptr_22|         array|
|xq_ptr_23_address0                                                                             |  out|    8|   ap_memory|                                                                             xq_ptr_23|         array|
|xq_ptr_23_ce0                                                                                  |  out|    1|   ap_memory|                                                                             xq_ptr_23|         array|
|xq_ptr_23_we0                                                                                  |  out|    1|   ap_memory|                                                                             xq_ptr_23|         array|
|xq_ptr_23_d0                                                                                   |  out|    8|   ap_memory|                                                                             xq_ptr_23|         array|
|xq_ptr_24_address0                                                                             |  out|    8|   ap_memory|                                                                             xq_ptr_24|         array|
|xq_ptr_24_ce0                                                                                  |  out|    1|   ap_memory|                                                                             xq_ptr_24|         array|
|xq_ptr_24_we0                                                                                  |  out|    1|   ap_memory|                                                                             xq_ptr_24|         array|
|xq_ptr_24_d0                                                                                   |  out|    8|   ap_memory|                                                                             xq_ptr_24|         array|
|xq_ptr_25_address0                                                                             |  out|    8|   ap_memory|                                                                             xq_ptr_25|         array|
|xq_ptr_25_ce0                                                                                  |  out|    1|   ap_memory|                                                                             xq_ptr_25|         array|
|xq_ptr_25_we0                                                                                  |  out|    1|   ap_memory|                                                                             xq_ptr_25|         array|
|xq_ptr_25_d0                                                                                   |  out|    8|   ap_memory|                                                                             xq_ptr_25|         array|
|xq_ptr_26_address0                                                                             |  out|    8|   ap_memory|                                                                             xq_ptr_26|         array|
|xq_ptr_26_ce0                                                                                  |  out|    1|   ap_memory|                                                                             xq_ptr_26|         array|
|xq_ptr_26_we0                                                                                  |  out|    1|   ap_memory|                                                                             xq_ptr_26|         array|
|xq_ptr_26_d0                                                                                   |  out|    8|   ap_memory|                                                                             xq_ptr_26|         array|
|xq_ptr_27_address0                                                                             |  out|    8|   ap_memory|                                                                             xq_ptr_27|         array|
|xq_ptr_27_ce0                                                                                  |  out|    1|   ap_memory|                                                                             xq_ptr_27|         array|
|xq_ptr_27_we0                                                                                  |  out|    1|   ap_memory|                                                                             xq_ptr_27|         array|
|xq_ptr_27_d0                                                                                   |  out|    8|   ap_memory|                                                                             xq_ptr_27|         array|
|xq_ptr_28_address0                                                                             |  out|    8|   ap_memory|                                                                             xq_ptr_28|         array|
|xq_ptr_28_ce0                                                                                  |  out|    1|   ap_memory|                                                                             xq_ptr_28|         array|
|xq_ptr_28_we0                                                                                  |  out|    1|   ap_memory|                                                                             xq_ptr_28|         array|
|xq_ptr_28_d0                                                                                   |  out|    8|   ap_memory|                                                                             xq_ptr_28|         array|
|xq_ptr_29_address0                                                                             |  out|    8|   ap_memory|                                                                             xq_ptr_29|         array|
|xq_ptr_29_ce0                                                                                  |  out|    1|   ap_memory|                                                                             xq_ptr_29|         array|
|xq_ptr_29_we0                                                                                  |  out|    1|   ap_memory|                                                                             xq_ptr_29|         array|
|xq_ptr_29_d0                                                                                   |  out|    8|   ap_memory|                                                                             xq_ptr_29|         array|
|xq_ptr_30_address0                                                                             |  out|    8|   ap_memory|                                                                             xq_ptr_30|         array|
|xq_ptr_30_ce0                                                                                  |  out|    1|   ap_memory|                                                                             xq_ptr_30|         array|
|xq_ptr_30_we0                                                                                  |  out|    1|   ap_memory|                                                                             xq_ptr_30|         array|
|xq_ptr_30_d0                                                                                   |  out|    8|   ap_memory|                                                                             xq_ptr_30|         array|
|xq_ptr_31_address0                                                                             |  out|    8|   ap_memory|                                                                             xq_ptr_31|         array|
|xq_ptr_31_ce0                                                                                  |  out|    1|   ap_memory|                                                                             xq_ptr_31|         array|
|xq_ptr_31_we0                                                                                  |  out|    1|   ap_memory|                                                                             xq_ptr_31|         array|
|xq_ptr_31_d0                                                                                   |  out|    8|   ap_memory|                                                                             xq_ptr_31|         array|
|xq_ptr_32_address0                                                                             |  out|    8|   ap_memory|                                                                             xq_ptr_32|         array|
|xq_ptr_32_ce0                                                                                  |  out|    1|   ap_memory|                                                                             xq_ptr_32|         array|
|xq_ptr_32_we0                                                                                  |  out|    1|   ap_memory|                                                                             xq_ptr_32|         array|
|xq_ptr_32_d0                                                                                   |  out|    8|   ap_memory|                                                                             xq_ptr_32|         array|
|xq_ptr_33_address0                                                                             |  out|    8|   ap_memory|                                                                             xq_ptr_33|         array|
|xq_ptr_33_ce0                                                                                  |  out|    1|   ap_memory|                                                                             xq_ptr_33|         array|
|xq_ptr_33_we0                                                                                  |  out|    1|   ap_memory|                                                                             xq_ptr_33|         array|
|xq_ptr_33_d0                                                                                   |  out|    8|   ap_memory|                                                                             xq_ptr_33|         array|
|xq_ptr_34_address0                                                                             |  out|    8|   ap_memory|                                                                             xq_ptr_34|         array|
|xq_ptr_34_ce0                                                                                  |  out|    1|   ap_memory|                                                                             xq_ptr_34|         array|
|xq_ptr_34_we0                                                                                  |  out|    1|   ap_memory|                                                                             xq_ptr_34|         array|
|xq_ptr_34_d0                                                                                   |  out|    8|   ap_memory|                                                                             xq_ptr_34|         array|
|xq_ptr_35_address0                                                                             |  out|    8|   ap_memory|                                                                             xq_ptr_35|         array|
|xq_ptr_35_ce0                                                                                  |  out|    1|   ap_memory|                                                                             xq_ptr_35|         array|
|xq_ptr_35_we0                                                                                  |  out|    1|   ap_memory|                                                                             xq_ptr_35|         array|
|xq_ptr_35_d0                                                                                   |  out|    8|   ap_memory|                                                                             xq_ptr_35|         array|
|xq_ptr_36_address0                                                                             |  out|    8|   ap_memory|                                                                             xq_ptr_36|         array|
|xq_ptr_36_ce0                                                                                  |  out|    1|   ap_memory|                                                                             xq_ptr_36|         array|
|xq_ptr_36_we0                                                                                  |  out|    1|   ap_memory|                                                                             xq_ptr_36|         array|
|xq_ptr_36_d0                                                                                   |  out|    8|   ap_memory|                                                                             xq_ptr_36|         array|
|xq_ptr_37_address0                                                                             |  out|    8|   ap_memory|                                                                             xq_ptr_37|         array|
|xq_ptr_37_ce0                                                                                  |  out|    1|   ap_memory|                                                                             xq_ptr_37|         array|
|xq_ptr_37_we0                                                                                  |  out|    1|   ap_memory|                                                                             xq_ptr_37|         array|
|xq_ptr_37_d0                                                                                   |  out|    8|   ap_memory|                                                                             xq_ptr_37|         array|
|xq_ptr_38_address0                                                                             |  out|    8|   ap_memory|                                                                             xq_ptr_38|         array|
|xq_ptr_38_ce0                                                                                  |  out|    1|   ap_memory|                                                                             xq_ptr_38|         array|
|xq_ptr_38_we0                                                                                  |  out|    1|   ap_memory|                                                                             xq_ptr_38|         array|
|xq_ptr_38_d0                                                                                   |  out|    8|   ap_memory|                                                                             xq_ptr_38|         array|
|xq_ptr_39_address0                                                                             |  out|    8|   ap_memory|                                                                             xq_ptr_39|         array|
|xq_ptr_39_ce0                                                                                  |  out|    1|   ap_memory|                                                                             xq_ptr_39|         array|
|xq_ptr_39_we0                                                                                  |  out|    1|   ap_memory|                                                                             xq_ptr_39|         array|
|xq_ptr_39_d0                                                                                   |  out|    8|   ap_memory|                                                                             xq_ptr_39|         array|
|xq_ptr_40_address0                                                                             |  out|    8|   ap_memory|                                                                             xq_ptr_40|         array|
|xq_ptr_40_ce0                                                                                  |  out|    1|   ap_memory|                                                                             xq_ptr_40|         array|
|xq_ptr_40_we0                                                                                  |  out|    1|   ap_memory|                                                                             xq_ptr_40|         array|
|xq_ptr_40_d0                                                                                   |  out|    8|   ap_memory|                                                                             xq_ptr_40|         array|
|xq_ptr_41_address0                                                                             |  out|    8|   ap_memory|                                                                             xq_ptr_41|         array|
|xq_ptr_41_ce0                                                                                  |  out|    1|   ap_memory|                                                                             xq_ptr_41|         array|
|xq_ptr_41_we0                                                                                  |  out|    1|   ap_memory|                                                                             xq_ptr_41|         array|
|xq_ptr_41_d0                                                                                   |  out|    8|   ap_memory|                                                                             xq_ptr_41|         array|
|xq_ptr_42_address0                                                                             |  out|    8|   ap_memory|                                                                             xq_ptr_42|         array|
|xq_ptr_42_ce0                                                                                  |  out|    1|   ap_memory|                                                                             xq_ptr_42|         array|
|xq_ptr_42_we0                                                                                  |  out|    1|   ap_memory|                                                                             xq_ptr_42|         array|
|xq_ptr_42_d0                                                                                   |  out|    8|   ap_memory|                                                                             xq_ptr_42|         array|
|xq_ptr_43_address0                                                                             |  out|    8|   ap_memory|                                                                             xq_ptr_43|         array|
|xq_ptr_43_ce0                                                                                  |  out|    1|   ap_memory|                                                                             xq_ptr_43|         array|
|xq_ptr_43_we0                                                                                  |  out|    1|   ap_memory|                                                                             xq_ptr_43|         array|
|xq_ptr_43_d0                                                                                   |  out|    8|   ap_memory|                                                                             xq_ptr_43|         array|
|xq_ptr_44_address0                                                                             |  out|    8|   ap_memory|                                                                             xq_ptr_44|         array|
|xq_ptr_44_ce0                                                                                  |  out|    1|   ap_memory|                                                                             xq_ptr_44|         array|
|xq_ptr_44_we0                                                                                  |  out|    1|   ap_memory|                                                                             xq_ptr_44|         array|
|xq_ptr_44_d0                                                                                   |  out|    8|   ap_memory|                                                                             xq_ptr_44|         array|
|xq_ptr_45_address0                                                                             |  out|    8|   ap_memory|                                                                             xq_ptr_45|         array|
|xq_ptr_45_ce0                                                                                  |  out|    1|   ap_memory|                                                                             xq_ptr_45|         array|
|xq_ptr_45_we0                                                                                  |  out|    1|   ap_memory|                                                                             xq_ptr_45|         array|
|xq_ptr_45_d0                                                                                   |  out|    8|   ap_memory|                                                                             xq_ptr_45|         array|
|xq_ptr_46_address0                                                                             |  out|    8|   ap_memory|                                                                             xq_ptr_46|         array|
|xq_ptr_46_ce0                                                                                  |  out|    1|   ap_memory|                                                                             xq_ptr_46|         array|
|xq_ptr_46_we0                                                                                  |  out|    1|   ap_memory|                                                                             xq_ptr_46|         array|
|xq_ptr_46_d0                                                                                   |  out|    8|   ap_memory|                                                                             xq_ptr_46|         array|
|xq_ptr_47_address0                                                                             |  out|    8|   ap_memory|                                                                             xq_ptr_47|         array|
|xq_ptr_47_ce0                                                                                  |  out|    1|   ap_memory|                                                                             xq_ptr_47|         array|
|xq_ptr_47_we0                                                                                  |  out|    1|   ap_memory|                                                                             xq_ptr_47|         array|
|xq_ptr_47_d0                                                                                   |  out|    8|   ap_memory|                                                                             xq_ptr_47|         array|
|xq_ptr_48_address0                                                                             |  out|    8|   ap_memory|                                                                             xq_ptr_48|         array|
|xq_ptr_48_ce0                                                                                  |  out|    1|   ap_memory|                                                                             xq_ptr_48|         array|
|xq_ptr_48_we0                                                                                  |  out|    1|   ap_memory|                                                                             xq_ptr_48|         array|
|xq_ptr_48_d0                                                                                   |  out|    8|   ap_memory|                                                                             xq_ptr_48|         array|
|xq_ptr_49_address0                                                                             |  out|    8|   ap_memory|                                                                             xq_ptr_49|         array|
|xq_ptr_49_ce0                                                                                  |  out|    1|   ap_memory|                                                                             xq_ptr_49|         array|
|xq_ptr_49_we0                                                                                  |  out|    1|   ap_memory|                                                                             xq_ptr_49|         array|
|xq_ptr_49_d0                                                                                   |  out|    8|   ap_memory|                                                                             xq_ptr_49|         array|
|xq_ptr_50_address0                                                                             |  out|    8|   ap_memory|                                                                             xq_ptr_50|         array|
|xq_ptr_50_ce0                                                                                  |  out|    1|   ap_memory|                                                                             xq_ptr_50|         array|
|xq_ptr_50_we0                                                                                  |  out|    1|   ap_memory|                                                                             xq_ptr_50|         array|
|xq_ptr_50_d0                                                                                   |  out|    8|   ap_memory|                                                                             xq_ptr_50|         array|
|xq_ptr_51_address0                                                                             |  out|    8|   ap_memory|                                                                             xq_ptr_51|         array|
|xq_ptr_51_ce0                                                                                  |  out|    1|   ap_memory|                                                                             xq_ptr_51|         array|
|xq_ptr_51_we0                                                                                  |  out|    1|   ap_memory|                                                                             xq_ptr_51|         array|
|xq_ptr_51_d0                                                                                   |  out|    8|   ap_memory|                                                                             xq_ptr_51|         array|
|xq_ptr_52_address0                                                                             |  out|    8|   ap_memory|                                                                             xq_ptr_52|         array|
|xq_ptr_52_ce0                                                                                  |  out|    1|   ap_memory|                                                                             xq_ptr_52|         array|
|xq_ptr_52_we0                                                                                  |  out|    1|   ap_memory|                                                                             xq_ptr_52|         array|
|xq_ptr_52_d0                                                                                   |  out|    8|   ap_memory|                                                                             xq_ptr_52|         array|
|xq_ptr_53_address0                                                                             |  out|    8|   ap_memory|                                                                             xq_ptr_53|         array|
|xq_ptr_53_ce0                                                                                  |  out|    1|   ap_memory|                                                                             xq_ptr_53|         array|
|xq_ptr_53_we0                                                                                  |  out|    1|   ap_memory|                                                                             xq_ptr_53|         array|
|xq_ptr_53_d0                                                                                   |  out|    8|   ap_memory|                                                                             xq_ptr_53|         array|
|xq_ptr_54_address0                                                                             |  out|    8|   ap_memory|                                                                             xq_ptr_54|         array|
|xq_ptr_54_ce0                                                                                  |  out|    1|   ap_memory|                                                                             xq_ptr_54|         array|
|xq_ptr_54_we0                                                                                  |  out|    1|   ap_memory|                                                                             xq_ptr_54|         array|
|xq_ptr_54_d0                                                                                   |  out|    8|   ap_memory|                                                                             xq_ptr_54|         array|
|xq_ptr_55_address0                                                                             |  out|    8|   ap_memory|                                                                             xq_ptr_55|         array|
|xq_ptr_55_ce0                                                                                  |  out|    1|   ap_memory|                                                                             xq_ptr_55|         array|
|xq_ptr_55_we0                                                                                  |  out|    1|   ap_memory|                                                                             xq_ptr_55|         array|
|xq_ptr_55_d0                                                                                   |  out|    8|   ap_memory|                                                                             xq_ptr_55|         array|
|xq_ptr_56_address0                                                                             |  out|    8|   ap_memory|                                                                             xq_ptr_56|         array|
|xq_ptr_56_ce0                                                                                  |  out|    1|   ap_memory|                                                                             xq_ptr_56|         array|
|xq_ptr_56_we0                                                                                  |  out|    1|   ap_memory|                                                                             xq_ptr_56|         array|
|xq_ptr_56_d0                                                                                   |  out|    8|   ap_memory|                                                                             xq_ptr_56|         array|
|xq_ptr_57_address0                                                                             |  out|    8|   ap_memory|                                                                             xq_ptr_57|         array|
|xq_ptr_57_ce0                                                                                  |  out|    1|   ap_memory|                                                                             xq_ptr_57|         array|
|xq_ptr_57_we0                                                                                  |  out|    1|   ap_memory|                                                                             xq_ptr_57|         array|
|xq_ptr_57_d0                                                                                   |  out|    8|   ap_memory|                                                                             xq_ptr_57|         array|
|xq_ptr_58_address0                                                                             |  out|    8|   ap_memory|                                                                             xq_ptr_58|         array|
|xq_ptr_58_ce0                                                                                  |  out|    1|   ap_memory|                                                                             xq_ptr_58|         array|
|xq_ptr_58_we0                                                                                  |  out|    1|   ap_memory|                                                                             xq_ptr_58|         array|
|xq_ptr_58_d0                                                                                   |  out|    8|   ap_memory|                                                                             xq_ptr_58|         array|
|xq_ptr_59_address0                                                                             |  out|    8|   ap_memory|                                                                             xq_ptr_59|         array|
|xq_ptr_59_ce0                                                                                  |  out|    1|   ap_memory|                                                                             xq_ptr_59|         array|
|xq_ptr_59_we0                                                                                  |  out|    1|   ap_memory|                                                                             xq_ptr_59|         array|
|xq_ptr_59_d0                                                                                   |  out|    8|   ap_memory|                                                                             xq_ptr_59|         array|
|xq_ptr_60_address0                                                                             |  out|    8|   ap_memory|                                                                             xq_ptr_60|         array|
|xq_ptr_60_ce0                                                                                  |  out|    1|   ap_memory|                                                                             xq_ptr_60|         array|
|xq_ptr_60_we0                                                                                  |  out|    1|   ap_memory|                                                                             xq_ptr_60|         array|
|xq_ptr_60_d0                                                                                   |  out|    8|   ap_memory|                                                                             xq_ptr_60|         array|
|xq_ptr_61_address0                                                                             |  out|    8|   ap_memory|                                                                             xq_ptr_61|         array|
|xq_ptr_61_ce0                                                                                  |  out|    1|   ap_memory|                                                                             xq_ptr_61|         array|
|xq_ptr_61_we0                                                                                  |  out|    1|   ap_memory|                                                                             xq_ptr_61|         array|
|xq_ptr_61_d0                                                                                   |  out|    8|   ap_memory|                                                                             xq_ptr_61|         array|
|xq_ptr_62_address0                                                                             |  out|    8|   ap_memory|                                                                             xq_ptr_62|         array|
|xq_ptr_62_ce0                                                                                  |  out|    1|   ap_memory|                                                                             xq_ptr_62|         array|
|xq_ptr_62_we0                                                                                  |  out|    1|   ap_memory|                                                                             xq_ptr_62|         array|
|xq_ptr_62_d0                                                                                   |  out|    8|   ap_memory|                                                                             xq_ptr_62|         array|
|xq_ptr_63_address0                                                                             |  out|    8|   ap_memory|                                                                             xq_ptr_63|         array|
|xq_ptr_63_ce0                                                                                  |  out|    1|   ap_memory|                                                                             xq_ptr_63|         array|
|xq_ptr_63_we0                                                                                  |  out|    1|   ap_memory|                                                                             xq_ptr_63|         array|
|xq_ptr_63_d0                                                                                   |  out|    8|   ap_memory|                                                                             xq_ptr_63|         array|
|m_axi_gmem_wq0_AWVALID                                                                         |  out|    1|       m_axi|                                                                              gmem_wq0|       pointer|
|m_axi_gmem_wq0_AWREADY                                                                         |   in|    1|       m_axi|                                                                              gmem_wq0|       pointer|
|m_axi_gmem_wq0_AWADDR                                                                          |  out|   64|       m_axi|                                                                              gmem_wq0|       pointer|
|m_axi_gmem_wq0_AWID                                                                            |  out|    1|       m_axi|                                                                              gmem_wq0|       pointer|
|m_axi_gmem_wq0_AWLEN                                                                           |  out|   32|       m_axi|                                                                              gmem_wq0|       pointer|
|m_axi_gmem_wq0_AWSIZE                                                                          |  out|    3|       m_axi|                                                                              gmem_wq0|       pointer|
|m_axi_gmem_wq0_AWBURST                                                                         |  out|    2|       m_axi|                                                                              gmem_wq0|       pointer|
|m_axi_gmem_wq0_AWLOCK                                                                          |  out|    2|       m_axi|                                                                              gmem_wq0|       pointer|
|m_axi_gmem_wq0_AWCACHE                                                                         |  out|    4|       m_axi|                                                                              gmem_wq0|       pointer|
|m_axi_gmem_wq0_AWPROT                                                                          |  out|    3|       m_axi|                                                                              gmem_wq0|       pointer|
|m_axi_gmem_wq0_AWQOS                                                                           |  out|    4|       m_axi|                                                                              gmem_wq0|       pointer|
|m_axi_gmem_wq0_AWREGION                                                                        |  out|    4|       m_axi|                                                                              gmem_wq0|       pointer|
|m_axi_gmem_wq0_AWUSER                                                                          |  out|    1|       m_axi|                                                                              gmem_wq0|       pointer|
|m_axi_gmem_wq0_WVALID                                                                          |  out|    1|       m_axi|                                                                              gmem_wq0|       pointer|
|m_axi_gmem_wq0_WREADY                                                                          |   in|    1|       m_axi|                                                                              gmem_wq0|       pointer|
|m_axi_gmem_wq0_WDATA                                                                           |  out|  512|       m_axi|                                                                              gmem_wq0|       pointer|
|m_axi_gmem_wq0_WSTRB                                                                           |  out|   64|       m_axi|                                                                              gmem_wq0|       pointer|
|m_axi_gmem_wq0_WLAST                                                                           |  out|    1|       m_axi|                                                                              gmem_wq0|       pointer|
|m_axi_gmem_wq0_WID                                                                             |  out|    1|       m_axi|                                                                              gmem_wq0|       pointer|
|m_axi_gmem_wq0_WUSER                                                                           |  out|    1|       m_axi|                                                                              gmem_wq0|       pointer|
|m_axi_gmem_wq0_ARVALID                                                                         |  out|    1|       m_axi|                                                                              gmem_wq0|       pointer|
|m_axi_gmem_wq0_ARREADY                                                                         |   in|    1|       m_axi|                                                                              gmem_wq0|       pointer|
|m_axi_gmem_wq0_ARADDR                                                                          |  out|   64|       m_axi|                                                                              gmem_wq0|       pointer|
|m_axi_gmem_wq0_ARID                                                                            |  out|    1|       m_axi|                                                                              gmem_wq0|       pointer|
|m_axi_gmem_wq0_ARLEN                                                                           |  out|   32|       m_axi|                                                                              gmem_wq0|       pointer|
|m_axi_gmem_wq0_ARSIZE                                                                          |  out|    3|       m_axi|                                                                              gmem_wq0|       pointer|
|m_axi_gmem_wq0_ARBURST                                                                         |  out|    2|       m_axi|                                                                              gmem_wq0|       pointer|
|m_axi_gmem_wq0_ARLOCK                                                                          |  out|    2|       m_axi|                                                                              gmem_wq0|       pointer|
|m_axi_gmem_wq0_ARCACHE                                                                         |  out|    4|       m_axi|                                                                              gmem_wq0|       pointer|
|m_axi_gmem_wq0_ARPROT                                                                          |  out|    3|       m_axi|                                                                              gmem_wq0|       pointer|
|m_axi_gmem_wq0_ARQOS                                                                           |  out|    4|       m_axi|                                                                              gmem_wq0|       pointer|
|m_axi_gmem_wq0_ARREGION                                                                        |  out|    4|       m_axi|                                                                              gmem_wq0|       pointer|
|m_axi_gmem_wq0_ARUSER                                                                          |  out|    1|       m_axi|                                                                              gmem_wq0|       pointer|
|m_axi_gmem_wq0_RVALID                                                                          |   in|    1|       m_axi|                                                                              gmem_wq0|       pointer|
|m_axi_gmem_wq0_RREADY                                                                          |  out|    1|       m_axi|                                                                              gmem_wq0|       pointer|
|m_axi_gmem_wq0_RDATA                                                                           |   in|  512|       m_axi|                                                                              gmem_wq0|       pointer|
|m_axi_gmem_wq0_RLAST                                                                           |   in|    1|       m_axi|                                                                              gmem_wq0|       pointer|
|m_axi_gmem_wq0_RID                                                                             |   in|    1|       m_axi|                                                                              gmem_wq0|       pointer|
|m_axi_gmem_wq0_RFIFONUM                                                                        |   in|    9|       m_axi|                                                                              gmem_wq0|       pointer|
|m_axi_gmem_wq0_RUSER                                                                           |   in|    1|       m_axi|                                                                              gmem_wq0|       pointer|
|m_axi_gmem_wq0_RRESP                                                                           |   in|    2|       m_axi|                                                                              gmem_wq0|       pointer|
|m_axi_gmem_wq0_BVALID                                                                          |   in|    1|       m_axi|                                                                              gmem_wq0|       pointer|
|m_axi_gmem_wq0_BREADY                                                                          |  out|    1|       m_axi|                                                                              gmem_wq0|       pointer|
|m_axi_gmem_wq0_BRESP                                                                           |   in|    2|       m_axi|                                                                              gmem_wq0|       pointer|
|m_axi_gmem_wq0_BID                                                                             |   in|    1|       m_axi|                                                                              gmem_wq0|       pointer|
|m_axi_gmem_wq0_BUSER                                                                           |   in|    1|       m_axi|                                                                              gmem_wq0|       pointer|
|w_p0                                                                                           |   in|   64|     ap_none|                                                                                  w_p0|        scalar|
|transformer_layer_scheduler_stream_stream_MatmulShardWeights_const_MatmulShar_9_address0       |  out|    7|   ap_memory|       transformer_layer_scheduler_stream_stream_MatmulShardWeights_const_MatmulShar_9|         array|
|transformer_layer_scheduler_stream_stream_MatmulShardWeights_const_MatmulShar_9_ce0            |  out|    1|   ap_memory|       transformer_layer_scheduler_stream_stream_MatmulShardWeights_const_MatmulShar_9|         array|
|transformer_layer_scheduler_stream_stream_MatmulShardWeights_const_MatmulShar_9_q0             |   in|   32|   ap_memory|       transformer_layer_scheduler_stream_stream_MatmulShardWeights_const_MatmulShar_9|         array|
|p_ZZL27transformer_layer_schedulerRN3hls6streamIfLi0EEES2_PK18MatmulShardWeightsI_15_address0  |  out|    7|   ap_memory|  p_ZZL27transformer_layer_schedulerRN3hls6streamIfLi0EEES2_PK18MatmulShardWeightsI_15|         array|
|p_ZZL27transformer_layer_schedulerRN3hls6streamIfLi0EEES2_PK18MatmulShardWeightsI_15_ce0       |  out|    1|   ap_memory|  p_ZZL27transformer_layer_schedulerRN3hls6streamIfLi0EEES2_PK18MatmulShardWeightsI_15|         array|
|p_ZZL27transformer_layer_schedulerRN3hls6streamIfLi0EEES2_PK18MatmulShardWeightsI_15_q0        |   in|   32|   ap_memory|  p_ZZL27transformer_layer_schedulerRN3hls6streamIfLi0EEES2_PK18MatmulShardWeightsI_15|         array|
|transformer_layer_scheduler_stream_stream_MatmulShardWeights_const_MatmulShar_7_address0       |  out|    7|   ap_memory|       transformer_layer_scheduler_stream_stream_MatmulShardWeights_const_MatmulShar_7|         array|
|transformer_layer_scheduler_stream_stream_MatmulShardWeights_const_MatmulShar_7_ce0            |  out|    1|   ap_memory|       transformer_layer_scheduler_stream_stream_MatmulShardWeights_const_MatmulShar_7|         array|
|transformer_layer_scheduler_stream_stream_MatmulShardWeights_const_MatmulShar_7_q0             |   in|   32|   ap_memory|       transformer_layer_scheduler_stream_stream_MatmulShardWeights_const_MatmulShar_7|         array|
|p_ZZL27transformer_layer_schedulerRN3hls6streamIfLi0EEES2_PK18MatmulShardWeightsI_14_address0  |  out|    7|   ap_memory|  p_ZZL27transformer_layer_schedulerRN3hls6streamIfLi0EEES2_PK18MatmulShardWeightsI_14|         array|
|p_ZZL27transformer_layer_schedulerRN3hls6streamIfLi0EEES2_PK18MatmulShardWeightsI_14_ce0       |  out|    1|   ap_memory|  p_ZZL27transformer_layer_schedulerRN3hls6streamIfLi0EEES2_PK18MatmulShardWeightsI_14|         array|
|p_ZZL27transformer_layer_schedulerRN3hls6streamIfLi0EEES2_PK18MatmulShardWeightsI_14_q0        |   in|   32|   ap_memory|  p_ZZL27transformer_layer_schedulerRN3hls6streamIfLi0EEES2_PK18MatmulShardWeightsI_14|         array|
|transformer_layer_scheduler_stream_stream_MatmulShardWeights_const_MatmulShar_6_address0       |  out|    7|   ap_memory|       transformer_layer_scheduler_stream_stream_MatmulShardWeights_const_MatmulShar_6|         array|
|transformer_layer_scheduler_stream_stream_MatmulShardWeights_const_MatmulShar_6_ce0            |  out|    1|   ap_memory|       transformer_layer_scheduler_stream_stream_MatmulShardWeights_const_MatmulShar_6|         array|
|transformer_layer_scheduler_stream_stream_MatmulShardWeights_const_MatmulShar_6_q0             |   in|   32|   ap_memory|       transformer_layer_scheduler_stream_stream_MatmulShardWeights_const_MatmulShar_6|         array|
|p_ZZL27transformer_layer_schedulerRN3hls6streamIfLi0EEES2_PK18MatmulShardWeightsI_13_address0  |  out|    7|   ap_memory|  p_ZZL27transformer_layer_schedulerRN3hls6streamIfLi0EEES2_PK18MatmulShardWeightsI_13|         array|
|p_ZZL27transformer_layer_schedulerRN3hls6streamIfLi0EEES2_PK18MatmulShardWeightsI_13_ce0       |  out|    1|   ap_memory|  p_ZZL27transformer_layer_schedulerRN3hls6streamIfLi0EEES2_PK18MatmulShardWeightsI_13|         array|
|p_ZZL27transformer_layer_schedulerRN3hls6streamIfLi0EEES2_PK18MatmulShardWeightsI_13_q0        |   in|   32|   ap_memory|  p_ZZL27transformer_layer_schedulerRN3hls6streamIfLi0EEES2_PK18MatmulShardWeightsI_13|         array|
|transformer_layer_scheduler_stream_stream_MatmulShardWeights_const_MatmulShar_5_address0       |  out|    7|   ap_memory|       transformer_layer_scheduler_stream_stream_MatmulShardWeights_const_MatmulShar_5|         array|
|transformer_layer_scheduler_stream_stream_MatmulShardWeights_const_MatmulShar_5_ce0            |  out|    1|   ap_memory|       transformer_layer_scheduler_stream_stream_MatmulShardWeights_const_MatmulShar_5|         array|
|transformer_layer_scheduler_stream_stream_MatmulShardWeights_const_MatmulShar_5_q0             |   in|   32|   ap_memory|       transformer_layer_scheduler_stream_stream_MatmulShardWeights_const_MatmulShar_5|         array|
|p_ZZL27transformer_layer_schedulerRN3hls6streamIfLi0EEES2_PK18MatmulShardWeightsI_12_address0  |  out|    7|   ap_memory|  p_ZZL27transformer_layer_schedulerRN3hls6streamIfLi0EEES2_PK18MatmulShardWeightsI_12|         array|
|p_ZZL27transformer_layer_schedulerRN3hls6streamIfLi0EEES2_PK18MatmulShardWeightsI_12_ce0       |  out|    1|   ap_memory|  p_ZZL27transformer_layer_schedulerRN3hls6streamIfLi0EEES2_PK18MatmulShardWeightsI_12|         array|
|p_ZZL27transformer_layer_schedulerRN3hls6streamIfLi0EEES2_PK18MatmulShardWeightsI_12_q0        |   in|   32|   ap_memory|  p_ZZL27transformer_layer_schedulerRN3hls6streamIfLi0EEES2_PK18MatmulShardWeightsI_12|         array|
|transformer_layer_scheduler_stream_stream_MatmulShardWeights_const_MatmulShar_4_address0       |  out|    7|   ap_memory|       transformer_layer_scheduler_stream_stream_MatmulShardWeights_const_MatmulShar_4|         array|
|transformer_layer_scheduler_stream_stream_MatmulShardWeights_const_MatmulShar_4_ce0            |  out|    1|   ap_memory|       transformer_layer_scheduler_stream_stream_MatmulShardWeights_const_MatmulShar_4|         array|
|transformer_layer_scheduler_stream_stream_MatmulShardWeights_const_MatmulShar_4_q0             |   in|   32|   ap_memory|       transformer_layer_scheduler_stream_stream_MatmulShardWeights_const_MatmulShar_4|         array|
|p_ZZL27transformer_layer_schedulerRN3hls6streamIfLi0EEES2_PK18MatmulShardWeightsI_11_address0  |  out|    7|   ap_memory|  p_ZZL27transformer_layer_schedulerRN3hls6streamIfLi0EEES2_PK18MatmulShardWeightsI_11|         array|
|p_ZZL27transformer_layer_schedulerRN3hls6streamIfLi0EEES2_PK18MatmulShardWeightsI_11_ce0       |  out|    1|   ap_memory|  p_ZZL27transformer_layer_schedulerRN3hls6streamIfLi0EEES2_PK18MatmulShardWeightsI_11|         array|
|p_ZZL27transformer_layer_schedulerRN3hls6streamIfLi0EEES2_PK18MatmulShardWeightsI_11_q0        |   in|   32|   ap_memory|  p_ZZL27transformer_layer_schedulerRN3hls6streamIfLi0EEES2_PK18MatmulShardWeightsI_11|         array|
|transformer_layer_scheduler_stream_stream_MatmulShardWeights_const_MatmulShar_3_address0       |  out|    7|   ap_memory|       transformer_layer_scheduler_stream_stream_MatmulShardWeights_const_MatmulShar_3|         array|
|transformer_layer_scheduler_stream_stream_MatmulShardWeights_const_MatmulShar_3_ce0            |  out|    1|   ap_memory|       transformer_layer_scheduler_stream_stream_MatmulShardWeights_const_MatmulShar_3|         array|
|transformer_layer_scheduler_stream_stream_MatmulShardWeights_const_MatmulShar_3_q0             |   in|   32|   ap_memory|       transformer_layer_scheduler_stream_stream_MatmulShardWeights_const_MatmulShar_3|         array|
|p_ZZL27transformer_layer_schedulerRN3hls6streamIfLi0EEES2_PK18MatmulShardWeightsI_10_address0  |  out|    7|   ap_memory|  p_ZZL27transformer_layer_schedulerRN3hls6streamIfLi0EEES2_PK18MatmulShardWeightsI_10|         array|
|p_ZZL27transformer_layer_schedulerRN3hls6streamIfLi0EEES2_PK18MatmulShardWeightsI_10_ce0       |  out|    1|   ap_memory|  p_ZZL27transformer_layer_schedulerRN3hls6streamIfLi0EEES2_PK18MatmulShardWeightsI_10|         array|
|p_ZZL27transformer_layer_schedulerRN3hls6streamIfLi0EEES2_PK18MatmulShardWeightsI_10_q0        |   in|   32|   ap_memory|  p_ZZL27transformer_layer_schedulerRN3hls6streamIfLi0EEES2_PK18MatmulShardWeightsI_10|         array|
|transformer_layer_scheduler_stream_stream_MatmulShardWeights_const_MatmulShar_2_address0       |  out|    7|   ap_memory|       transformer_layer_scheduler_stream_stream_MatmulShardWeights_const_MatmulShar_2|         array|
|transformer_layer_scheduler_stream_stream_MatmulShardWeights_const_MatmulShar_2_ce0            |  out|    1|   ap_memory|       transformer_layer_scheduler_stream_stream_MatmulShardWeights_const_MatmulShar_2|         array|
|transformer_layer_scheduler_stream_stream_MatmulShardWeights_const_MatmulShar_2_q0             |   in|   32|   ap_memory|       transformer_layer_scheduler_stream_stream_MatmulShardWeights_const_MatmulShar_2|         array|
|p_ZZL27transformer_layer_schedulerRN3hls6streamIfLi0EEES2_PK18MatmulShardWeightsI_9_address0   |  out|    7|   ap_memory|   p_ZZL27transformer_layer_schedulerRN3hls6streamIfLi0EEES2_PK18MatmulShardWeightsI_9|         array|
|p_ZZL27transformer_layer_schedulerRN3hls6streamIfLi0EEES2_PK18MatmulShardWeightsI_9_ce0        |  out|    1|   ap_memory|   p_ZZL27transformer_layer_schedulerRN3hls6streamIfLi0EEES2_PK18MatmulShardWeightsI_9|         array|
|p_ZZL27transformer_layer_schedulerRN3hls6streamIfLi0EEES2_PK18MatmulShardWeightsI_9_q0         |   in|   32|   ap_memory|   p_ZZL27transformer_layer_schedulerRN3hls6streamIfLi0EEES2_PK18MatmulShardWeightsI_9|         array|
|transformer_layer_scheduler_stream_stream_MatmulShardWeights_const_MatmulShar_1_address0       |  out|    7|   ap_memory|       transformer_layer_scheduler_stream_stream_MatmulShardWeights_const_MatmulShar_1|         array|
|transformer_layer_scheduler_stream_stream_MatmulShardWeights_const_MatmulShar_1_ce0            |  out|    1|   ap_memory|       transformer_layer_scheduler_stream_stream_MatmulShardWeights_const_MatmulShar_1|         array|
|transformer_layer_scheduler_stream_stream_MatmulShardWeights_const_MatmulShar_1_q0             |   in|   32|   ap_memory|       transformer_layer_scheduler_stream_stream_MatmulShardWeights_const_MatmulShar_1|         array|
|p_ZZL27transformer_layer_schedulerRN3hls6streamIfLi0EEES2_PK18MatmulShardWeightsI_8_address0   |  out|    7|   ap_memory|   p_ZZL27transformer_layer_schedulerRN3hls6streamIfLi0EEES2_PK18MatmulShardWeightsI_8|         array|
|p_ZZL27transformer_layer_schedulerRN3hls6streamIfLi0EEES2_PK18MatmulShardWeightsI_8_ce0        |  out|    1|   ap_memory|   p_ZZL27transformer_layer_schedulerRN3hls6streamIfLi0EEES2_PK18MatmulShardWeightsI_8|         array|
|p_ZZL27transformer_layer_schedulerRN3hls6streamIfLi0EEES2_PK18MatmulShardWeightsI_8_q0         |   in|   32|   ap_memory|   p_ZZL27transformer_layer_schedulerRN3hls6streamIfLi0EEES2_PK18MatmulShardWeightsI_8|         array|
|transformer_layer_scheduler_stream_stream_MatmulShardWeights_const_MatmulShar_address0         |  out|    7|   ap_memory|         transformer_layer_scheduler_stream_stream_MatmulShardWeights_const_MatmulShar|         array|
|transformer_layer_scheduler_stream_stream_MatmulShardWeights_const_MatmulShar_ce0              |  out|    1|   ap_memory|         transformer_layer_scheduler_stream_stream_MatmulShardWeights_const_MatmulShar|         array|
|transformer_layer_scheduler_stream_stream_MatmulShardWeights_const_MatmulShar_q0               |   in|   32|   ap_memory|         transformer_layer_scheduler_stream_stream_MatmulShardWeights_const_MatmulShar|         array|
|p_ZZL27transformer_layer_schedulerRN3hls6streamIfLi0EEES2_PK18MatmulShardWeightsI_7_address0   |  out|    7|   ap_memory|   p_ZZL27transformer_layer_schedulerRN3hls6streamIfLi0EEES2_PK18MatmulShardWeightsI_7|         array|
|p_ZZL27transformer_layer_schedulerRN3hls6streamIfLi0EEES2_PK18MatmulShardWeightsI_7_ce0        |  out|    1|   ap_memory|   p_ZZL27transformer_layer_schedulerRN3hls6streamIfLi0EEES2_PK18MatmulShardWeightsI_7|         array|
|p_ZZL27transformer_layer_schedulerRN3hls6streamIfLi0EEES2_PK18MatmulShardWeightsI_7_q0         |   in|   32|   ap_memory|   p_ZZL27transformer_layer_schedulerRN3hls6streamIfLi0EEES2_PK18MatmulShardWeightsI_7|         array|
|transformer_layer_scheduler_stream_stream_MatmulShardWeights_const_MatmulShar_8_address0       |  out|    7|   ap_memory|       transformer_layer_scheduler_stream_stream_MatmulShardWeights_const_MatmulShar_8|         array|
|transformer_layer_scheduler_stream_stream_MatmulShardWeights_const_MatmulShar_8_ce0            |  out|    1|   ap_memory|       transformer_layer_scheduler_stream_stream_MatmulShardWeights_const_MatmulShar_8|         array|
|transformer_layer_scheduler_stream_stream_MatmulShardWeights_const_MatmulShar_8_q0             |   in|   32|   ap_memory|       transformer_layer_scheduler_stream_stream_MatmulShardWeights_const_MatmulShar_8|         array|
|p_ZZL27transformer_layer_schedulerRN3hls6streamIfLi0EEES2_PK18MatmulShardWeightsI_6_address0   |  out|    7|   ap_memory|   p_ZZL27transformer_layer_schedulerRN3hls6streamIfLi0EEES2_PK18MatmulShardWeightsI_6|         array|
|p_ZZL27transformer_layer_schedulerRN3hls6streamIfLi0EEES2_PK18MatmulShardWeightsI_6_ce0        |  out|    1|   ap_memory|   p_ZZL27transformer_layer_schedulerRN3hls6streamIfLi0EEES2_PK18MatmulShardWeightsI_6|         array|
|p_ZZL27transformer_layer_schedulerRN3hls6streamIfLi0EEES2_PK18MatmulShardWeightsI_6_q0         |   in|   32|   ap_memory|   p_ZZL27transformer_layer_schedulerRN3hls6streamIfLi0EEES2_PK18MatmulShardWeightsI_6|         array|
|p_ZZL27transformer_layer_schedulerRN3hls6streamIfLi0EEES2_PK18MatmulShardWeightsI_21_address0  |  out|    7|   ap_memory|  p_ZZL27transformer_layer_schedulerRN3hls6streamIfLi0EEES2_PK18MatmulShardWeightsI_21|         array|
|p_ZZL27transformer_layer_schedulerRN3hls6streamIfLi0EEES2_PK18MatmulShardWeightsI_21_ce0       |  out|    1|   ap_memory|  p_ZZL27transformer_layer_schedulerRN3hls6streamIfLi0EEES2_PK18MatmulShardWeightsI_21|         array|
|p_ZZL27transformer_layer_schedulerRN3hls6streamIfLi0EEES2_PK18MatmulShardWeightsI_21_q0        |   in|   32|   ap_memory|  p_ZZL27transformer_layer_schedulerRN3hls6streamIfLi0EEES2_PK18MatmulShardWeightsI_21|         array|
|p_ZZL27transformer_layer_schedulerRN3hls6streamIfLi0EEES2_PK18MatmulShardWeightsI_5_address0   |  out|    7|   ap_memory|   p_ZZL27transformer_layer_schedulerRN3hls6streamIfLi0EEES2_PK18MatmulShardWeightsI_5|         array|
|p_ZZL27transformer_layer_schedulerRN3hls6streamIfLi0EEES2_PK18MatmulShardWeightsI_5_ce0        |  out|    1|   ap_memory|   p_ZZL27transformer_layer_schedulerRN3hls6streamIfLi0EEES2_PK18MatmulShardWeightsI_5|         array|
|p_ZZL27transformer_layer_schedulerRN3hls6streamIfLi0EEES2_PK18MatmulShardWeightsI_5_q0         |   in|   32|   ap_memory|   p_ZZL27transformer_layer_schedulerRN3hls6streamIfLi0EEES2_PK18MatmulShardWeightsI_5|         array|
|p_ZZL27transformer_layer_schedulerRN3hls6streamIfLi0EEES2_PK18MatmulShardWeightsI_20_address0  |  out|    7|   ap_memory|  p_ZZL27transformer_layer_schedulerRN3hls6streamIfLi0EEES2_PK18MatmulShardWeightsI_20|         array|
|p_ZZL27transformer_layer_schedulerRN3hls6streamIfLi0EEES2_PK18MatmulShardWeightsI_20_ce0       |  out|    1|   ap_memory|  p_ZZL27transformer_layer_schedulerRN3hls6streamIfLi0EEES2_PK18MatmulShardWeightsI_20|         array|
|p_ZZL27transformer_layer_schedulerRN3hls6streamIfLi0EEES2_PK18MatmulShardWeightsI_20_q0        |   in|   32|   ap_memory|  p_ZZL27transformer_layer_schedulerRN3hls6streamIfLi0EEES2_PK18MatmulShardWeightsI_20|         array|
|p_ZZL27transformer_layer_schedulerRN3hls6streamIfLi0EEES2_PK18MatmulShardWeightsI_4_address0   |  out|    7|   ap_memory|   p_ZZL27transformer_layer_schedulerRN3hls6streamIfLi0EEES2_PK18MatmulShardWeightsI_4|         array|
|p_ZZL27transformer_layer_schedulerRN3hls6streamIfLi0EEES2_PK18MatmulShardWeightsI_4_ce0        |  out|    1|   ap_memory|   p_ZZL27transformer_layer_schedulerRN3hls6streamIfLi0EEES2_PK18MatmulShardWeightsI_4|         array|
|p_ZZL27transformer_layer_schedulerRN3hls6streamIfLi0EEES2_PK18MatmulShardWeightsI_4_q0         |   in|   32|   ap_memory|   p_ZZL27transformer_layer_schedulerRN3hls6streamIfLi0EEES2_PK18MatmulShardWeightsI_4|         array|
|p_ZZL27transformer_layer_schedulerRN3hls6streamIfLi0EEES2_PK18MatmulShardWeightsI_19_address0  |  out|    7|   ap_memory|  p_ZZL27transformer_layer_schedulerRN3hls6streamIfLi0EEES2_PK18MatmulShardWeightsI_19|         array|
|p_ZZL27transformer_layer_schedulerRN3hls6streamIfLi0EEES2_PK18MatmulShardWeightsI_19_ce0       |  out|    1|   ap_memory|  p_ZZL27transformer_layer_schedulerRN3hls6streamIfLi0EEES2_PK18MatmulShardWeightsI_19|         array|
|p_ZZL27transformer_layer_schedulerRN3hls6streamIfLi0EEES2_PK18MatmulShardWeightsI_19_q0        |   in|   32|   ap_memory|  p_ZZL27transformer_layer_schedulerRN3hls6streamIfLi0EEES2_PK18MatmulShardWeightsI_19|         array|
|p_ZZL27transformer_layer_schedulerRN3hls6streamIfLi0EEES2_PK18MatmulShardWeightsI_3_address0   |  out|    7|   ap_memory|   p_ZZL27transformer_layer_schedulerRN3hls6streamIfLi0EEES2_PK18MatmulShardWeightsI_3|         array|
|p_ZZL27transformer_layer_schedulerRN3hls6streamIfLi0EEES2_PK18MatmulShardWeightsI_3_ce0        |  out|    1|   ap_memory|   p_ZZL27transformer_layer_schedulerRN3hls6streamIfLi0EEES2_PK18MatmulShardWeightsI_3|         array|
|p_ZZL27transformer_layer_schedulerRN3hls6streamIfLi0EEES2_PK18MatmulShardWeightsI_3_q0         |   in|   32|   ap_memory|   p_ZZL27transformer_layer_schedulerRN3hls6streamIfLi0EEES2_PK18MatmulShardWeightsI_3|         array|
|p_ZZL27transformer_layer_schedulerRN3hls6streamIfLi0EEES2_PK18MatmulShardWeightsI_18_address0  |  out|    7|   ap_memory|  p_ZZL27transformer_layer_schedulerRN3hls6streamIfLi0EEES2_PK18MatmulShardWeightsI_18|         array|
|p_ZZL27transformer_layer_schedulerRN3hls6streamIfLi0EEES2_PK18MatmulShardWeightsI_18_ce0       |  out|    1|   ap_memory|  p_ZZL27transformer_layer_schedulerRN3hls6streamIfLi0EEES2_PK18MatmulShardWeightsI_18|         array|
|p_ZZL27transformer_layer_schedulerRN3hls6streamIfLi0EEES2_PK18MatmulShardWeightsI_18_q0        |   in|   32|   ap_memory|  p_ZZL27transformer_layer_schedulerRN3hls6streamIfLi0EEES2_PK18MatmulShardWeightsI_18|         array|
|p_ZZL27transformer_layer_schedulerRN3hls6streamIfLi0EEES2_PK18MatmulShardWeightsI_2_address0   |  out|    7|   ap_memory|   p_ZZL27transformer_layer_schedulerRN3hls6streamIfLi0EEES2_PK18MatmulShardWeightsI_2|         array|
|p_ZZL27transformer_layer_schedulerRN3hls6streamIfLi0EEES2_PK18MatmulShardWeightsI_2_ce0        |  out|    1|   ap_memory|   p_ZZL27transformer_layer_schedulerRN3hls6streamIfLi0EEES2_PK18MatmulShardWeightsI_2|         array|
|p_ZZL27transformer_layer_schedulerRN3hls6streamIfLi0EEES2_PK18MatmulShardWeightsI_2_q0         |   in|   32|   ap_memory|   p_ZZL27transformer_layer_schedulerRN3hls6streamIfLi0EEES2_PK18MatmulShardWeightsI_2|         array|
|p_ZZL27transformer_layer_schedulerRN3hls6streamIfLi0EEES2_PK18MatmulShardWeightsI_17_address0  |  out|    7|   ap_memory|  p_ZZL27transformer_layer_schedulerRN3hls6streamIfLi0EEES2_PK18MatmulShardWeightsI_17|         array|
|p_ZZL27transformer_layer_schedulerRN3hls6streamIfLi0EEES2_PK18MatmulShardWeightsI_17_ce0       |  out|    1|   ap_memory|  p_ZZL27transformer_layer_schedulerRN3hls6streamIfLi0EEES2_PK18MatmulShardWeightsI_17|         array|
|p_ZZL27transformer_layer_schedulerRN3hls6streamIfLi0EEES2_PK18MatmulShardWeightsI_17_q0        |   in|   32|   ap_memory|  p_ZZL27transformer_layer_schedulerRN3hls6streamIfLi0EEES2_PK18MatmulShardWeightsI_17|         array|
|p_ZZL27transformer_layer_schedulerRN3hls6streamIfLi0EEES2_PK18MatmulShardWeightsI_1_address0   |  out|    7|   ap_memory|   p_ZZL27transformer_layer_schedulerRN3hls6streamIfLi0EEES2_PK18MatmulShardWeightsI_1|         array|
|p_ZZL27transformer_layer_schedulerRN3hls6streamIfLi0EEES2_PK18MatmulShardWeightsI_1_ce0        |  out|    1|   ap_memory|   p_ZZL27transformer_layer_schedulerRN3hls6streamIfLi0EEES2_PK18MatmulShardWeightsI_1|         array|
|p_ZZL27transformer_layer_schedulerRN3hls6streamIfLi0EEES2_PK18MatmulShardWeightsI_1_q0         |   in|   32|   ap_memory|   p_ZZL27transformer_layer_schedulerRN3hls6streamIfLi0EEES2_PK18MatmulShardWeightsI_1|         array|
|p_ZZL27transformer_layer_schedulerRN3hls6streamIfLi0EEES2_PK18MatmulShardWeightsI_16_address0  |  out|    7|   ap_memory|  p_ZZL27transformer_layer_schedulerRN3hls6streamIfLi0EEES2_PK18MatmulShardWeightsI_16|         array|
|p_ZZL27transformer_layer_schedulerRN3hls6streamIfLi0EEES2_PK18MatmulShardWeightsI_16_ce0       |  out|    1|   ap_memory|  p_ZZL27transformer_layer_schedulerRN3hls6streamIfLi0EEES2_PK18MatmulShardWeightsI_16|         array|
|p_ZZL27transformer_layer_schedulerRN3hls6streamIfLi0EEES2_PK18MatmulShardWeightsI_16_q0        |   in|   32|   ap_memory|  p_ZZL27transformer_layer_schedulerRN3hls6streamIfLi0EEES2_PK18MatmulShardWeightsI_16|         array|
|p_ZZL27transformer_layer_schedulerRN3hls6streamIfLi0EEES2_PK18MatmulShardWeightsI_address0     |  out|    7|   ap_memory|     p_ZZL27transformer_layer_schedulerRN3hls6streamIfLi0EEES2_PK18MatmulShardWeightsI|         array|
|p_ZZL27transformer_layer_schedulerRN3hls6streamIfLi0EEES2_PK18MatmulShardWeightsI_ce0          |  out|    1|   ap_memory|     p_ZZL27transformer_layer_schedulerRN3hls6streamIfLi0EEES2_PK18MatmulShardWeightsI|         array|
|p_ZZL27transformer_layer_schedulerRN3hls6streamIfLi0EEES2_PK18MatmulShardWeightsI_q0           |   in|   32|   ap_memory|     p_ZZL27transformer_layer_schedulerRN3hls6streamIfLi0EEES2_PK18MatmulShardWeightsI|         array|
+-----------------------------------------------------------------------------------------------+-----+-----+------------+--------------------------------------------------------------------------------------+--------------+

