Copyright 1986-2022 Xilinx, Inc. All Rights Reserved. Copyright 2022-2023 Advanced Micro Devices, Inc. All Rights Reserved.
--------------------------------------------------------------------------------------------------------------------------------------------------------------------------------------------------------------------------------------
| Tool Version      : Vivado v.2023.2 (lin64) Build 4029153 Fri Oct 13 20:13:54 MDT 2023
| Date              : Tue Mar 17 17:30:26 2026
| Host              : <REDACTED_HOST> running 64-bit Ubuntu 22.04.5 LTS
| Command           : report_timing_summary -max_paths 10 -report_unconstrained -file bd_0_wrapper_timing_summary_routed.rpt -pb bd_0_wrapper_timing_summary_routed.pb -rpx bd_0_wrapper_timing_summary_routed.rpx -warn_on_violation
| Design            : bd_0_wrapper
| Device            : xcu55c-fsvh2892
| Speed File        : -2L  PRODUCTION 1.30 05-01-2022
| Design State      : Routed
| Temperature Grade : E
--------------------------------------------------------------------------------------------------------------------------------------------------------------------------------------------------------------------------------------

Timing Summary Report

------------------------------------------------------------------------------------------------
| Timer Settings
| --------------
------------------------------------------------------------------------------------------------

  Enable Multi Corner Analysis               :  Yes
  Enable Pessimism Removal                   :  Yes
  Pessimism Removal Resolution               :  Nearest Common Node
  Enable Input Delay Default Clock           :  No
  Enable Preset / Clear Arcs                 :  No
  Disable Flight Delays                      :  No
  Ignore I/O Paths                           :  No
  Timing Early Launch at Borrowing Latches   :  No
  Borrow Time for Max Delay Exceptions       :  Yes
  Merge Timing Exceptions                    :  Yes
  Inter-SLR Compensation                     :  Conservative

  Corner  Analyze    Analyze    
  Name    Max Paths  Min Paths  
  ------  ---------  ---------  
  Slow    Yes        Yes        
  Fast    Yes        Yes        


------------------------------------------------------------------------------------------------
| Report Methodology
| ------------------
------------------------------------------------------------------------------------------------

Rule       Severity  Description                    Violations  
---------  --------  -----------------------------  ----------  
TIMING-18  Warning   Missing input or output delay  913         

Note: This report is based on the most recent report_methodology run and may not be up-to-date. Run report_methodology on the current design for the latest report.



check_timing report

Table of Contents
-----------------
1. checking no_clock (0)
2. checking constant_clock (0)
3. checking pulse_width_clock (0)
4. checking unconstrained_internal_endpoints (0)
5. checking no_input_delay (360)
6. checking no_output_delay (529)
7. checking multiple_clock (0)
8. checking generated_clocks (0)
9. checking loops (0)
10. checking partial_input_delay (0)
11. checking partial_output_delay (0)
12. checking latch_loops (0)

1. checking no_clock (0)
------------------------
 There are 0 register/latch pins with no clock.


2. checking constant_clock (0)
------------------------------
 There are 0 register/latch pins with constant_clock.


3. checking pulse_width_clock (0)
---------------------------------
 There are 0 register/latch pins which need pulse_width check


4. checking unconstrained_internal_endpoints (0)
------------------------------------------------
 There are 0 pins that are not constrained for maximum delay.

 There are 0 pins that are not constrained for maximum delay due to constant clock.


5. checking no_input_delay (360)
--------------------------------
 There are 360 input ports with no input delay specified. (HIGH)

 There are 0 input ports with no input delay but user has a false path constraint.


6. checking no_output_delay (529)
---------------------------------
 There are 529 ports with no output delay specified. (HIGH)

 There are 0 ports with no output delay but user has a false path constraint

 There are 0 ports with no output delay but with a timing clock defined on it or propagating through it


7. checking multiple_clock (0)
------------------------------
 There are 0 register/latch pins with multiple clocks.


8. checking generated_clocks (0)
--------------------------------
 There are 0 generated clocks that are not connected to a clock source.


9. checking loops (0)
---------------------
 There are 0 combinational loops in the design.


10. checking partial_input_delay (0)
------------------------------------
 There are 0 input ports with partial input delay specified.


11. checking partial_output_delay (0)
-------------------------------------
 There are 0 ports with partial output delay specified.


12. checking latch_loops (0)
----------------------------
 There are 0 combinational latch loops in the design through latch input



------------------------------------------------------------------------------------------------
| Design Timing Summary
| ---------------------
------------------------------------------------------------------------------------------------

    WNS(ns)      TNS(ns)  TNS Failing Endpoints  TNS Total Endpoints      WHS(ns)      THS(ns)  THS Failing Endpoints  THS Total Endpoints     WPWS(ns)     TPWS(ns)  TPWS Failing Endpoints  TPWS Total Endpoints  
    -------      -------  ---------------------  -------------------      -------      -------  ---------------------  -------------------     --------     --------  ----------------------  --------------------  
      0.016        0.000                      0                39271        0.023        0.000                      0                39271        0.451        0.000                       0                 15193  


All user specified timing constraints are met.


------------------------------------------------------------------------------------------------
| Clock Summary
| -------------
------------------------------------------------------------------------------------------------

Clock   Waveform(ns)         Period(ns)      Frequency(MHz)
-----   ------------         ----------      --------------
ap_clk  {0.000 1.010}        2.020           495.050         


------------------------------------------------------------------------------------------------
| Intra Clock Table
| -----------------
------------------------------------------------------------------------------------------------

Clock             WNS(ns)      TNS(ns)  TNS Failing Endpoints  TNS Total Endpoints      WHS(ns)      THS(ns)  THS Failing Endpoints  THS Total Endpoints     WPWS(ns)     TPWS(ns)  TPWS Failing Endpoints  TPWS Total Endpoints  
-----             -------      -------  ---------------------  -------------------      -------      -------  ---------------------  -------------------     --------     --------  ----------------------  --------------------  
ap_clk              0.016        0.000                      0                39271        0.023        0.000                      0                39271        0.451        0.000                       0                 15193  


------------------------------------------------------------------------------------------------
| Inter Clock Table
| -----------------
------------------------------------------------------------------------------------------------

From Clock    To Clock          WNS(ns)      TNS(ns)  TNS Failing Endpoints  TNS Total Endpoints      WHS(ns)      THS(ns)  THS Failing Endpoints  THS Total Endpoints  
----------    --------          -------      -------  ---------------------  -------------------      -------      -------  ---------------------  -------------------  


------------------------------------------------------------------------------------------------
| Other Path Groups Table
| -----------------------
------------------------------------------------------------------------------------------------

Path Group    From Clock    To Clock          WNS(ns)      TNS(ns)  TNS Failing Endpoints  TNS Total Endpoints      WHS(ns)      THS(ns)  THS Failing Endpoints  THS Total Endpoints  
----------    ----------    --------          -------      -------  ---------------------  -------------------      -------      -------  ---------------------  -------------------  


------------------------------------------------------------------------------------------------
| User Ignored Path Table
| -----------------------
------------------------------------------------------------------------------------------------

Path Group    From Clock    To Clock    
----------    ----------    --------    


------------------------------------------------------------------------------------------------
| Unconstrained Path Table
| ------------------------
------------------------------------------------------------------------------------------------

Path Group    From Clock    To Clock    
----------    ----------    --------    
(none)        ap_clk                      
(none)                      ap_clk        


------------------------------------------------------------------------------------------------
| Timing Details
| --------------
------------------------------------------------------------------------------------------------


---------------------------------------------------------------------------------------------------
From Clock:  ap_clk
  To Clock:  ap_clk

Setup :            0  Failing Endpoints,  Worst Slack        0.016ns,  Total Violation        0.000ns
Hold  :            0  Failing Endpoints,  Worst Slack        0.023ns,  Total Violation        0.000ns
PW    :            0  Failing Endpoints,  Worst Slack        0.451ns,  Total Violation        0.000ns
---------------------------------------------------------------------------------------------------


Max Delay Paths
--------------------------------------------------------------------------------------
Slack (MET) :             0.016ns  (required time - arrival time)
  Source:                 bd_0_i/hls_inst/inst/grp_gemv_kernel_Pipeline_PACK_PREFILL_ROW2_fu_635/icmp_ln81_reg_242_reg[0]/C
                            (rising edge-triggered cell FDRE clocked by ap_clk  {rise@0.000ns fall@1.010ns period=2.020ns})
  Destination:            bd_0_i/hls_inst/inst/gmem_m_axi_U/load_unit/buff_rdata/U_fifo_mem/mem_reg/ENARDEN
                            (rising edge-triggered cell RAMB18E2 clocked by ap_clk  {rise@0.000ns fall@1.010ns period=2.020ns})
  Path Group:             ap_clk
  Path Type:              Setup (Max at Slow Process Corner)
  Requirement:            2.020ns  (ap_clk rise@2.020ns - ap_clk rise@0.000ns)
  Data Path Delay:        1.637ns  (logic 0.515ns (31.465%)  route 1.122ns (68.535%))
  Logic Levels:           6  (LUT4=2 LUT6=4)
  Clock Path Skew:        0.010ns (DCD - SCD + CPR)
    Destination Clock Delay (DCD):    0.039ns = ( 2.059 - 2.020 ) 
    Source Clock Delay      (SCD):    0.029ns
    Clock Pessimism Removal (CPR):    0.000ns
  Clock Uncertainty:      0.035ns  ((TSJ^2 + TIJ^2)^1/2 + DJ) / 2 + PE
    Total System Jitter     (TSJ):    0.071ns
    Total Input Jitter      (TIJ):    0.000ns
    Discrete Jitter          (DJ):    0.000ns
    Phase Error              (PE):    0.000ns

    Location             Delay type                Incr(ns)  Path(ns)    Netlist Resource(s)
  -------------------------------------------------------------------    -------------------
                         (clock ap_clk rise edge)     0.000     0.000 r  
                                                      0.000     0.000 r  ap_clk (IN)
                         net (fo=15512, unset)        0.029     0.029    bd_0_i/hls_inst/inst/grp_gemv_kernel_Pipeline_PACK_PREFILL_ROW2_fu_635/ap_clk
    SLICE_X58Y82         FDRE                                         r  bd_0_i/hls_inst/inst/grp_gemv_kernel_Pipeline_PACK_PREFILL_ROW2_fu_635/icmp_ln81_reg_242_reg[0]/C
  -------------------------------------------------------------------    -------------------
    SLICE_X58Y82         FDRE (Prop_HFF_SLICEL_C_Q)
                                                      0.079     0.108 f  bd_0_i/hls_inst/inst/grp_gemv_kernel_Pipeline_PACK_PREFILL_ROW2_fu_635/icmp_ln81_reg_242_reg[0]/Q
                         net (fo=15, routed)          0.205     0.313    bd_0_i/hls_inst/inst/grp_gemv_kernel_Pipeline_PACK_PREFILL_ROW2_fu_635/icmp_ln81_reg_242_reg_n_0_[0]
    SLICE_X57Y81         LUT4 (Prop_B6LUT_SLICEM_I3_O)
                                                      0.089     0.402 r  bd_0_i/hls_inst/inst/grp_gemv_kernel_Pipeline_PACK_PREFILL_ROW2_fu_635/bus_wide_gen.data_valid_i_57/O
                         net (fo=1, routed)           0.192     0.594    bd_0_i/hls_inst/inst/grp_gemv_kernel_Pipeline_PACK_PREFILL_ROW2_fu_635/bus_wide_gen.data_valid_i_57_n_0
    SLICE_X57Y80         LUT6 (Prop_F6LUT_SLICEM_I2_O)
                                                      0.098     0.692 r  bd_0_i/hls_inst/inst/grp_gemv_kernel_Pipeline_PACK_PREFILL_ROW2_fu_635/bus_wide_gen.data_valid_i_32/O
                         net (fo=1, routed)           0.083     0.775    bd_0_i/hls_inst/inst/grp_gemv_kernel_Pipeline_PACK_PREFILL_ROW1_fu_614/bus_wide_gen.data_valid_i_2_2
    SLICE_X57Y79         LUT6 (Prop_G6LUT_SLICEM_I4_O)
                                                      0.090     0.865 r  bd_0_i/hls_inst/inst/grp_gemv_kernel_Pipeline_PACK_PREFILL_ROW1_fu_614/bus_wide_gen.data_valid_i_8/O
                         net (fo=1, routed)           0.128     0.993    bd_0_i/hls_inst/inst/grp_gemv_kernel_Pipeline_PACK_DECODING_ROW10_fu_835/bus_wide_gen.data_valid_reg_4
    SLICE_X58Y78         LUT6 (Prop_C6LUT_SLICEL_I3_O)
                                                      0.088     1.081 r  bd_0_i/hls_inst/inst/grp_gemv_kernel_Pipeline_PACK_DECODING_ROW10_fu_835/bus_wide_gen.data_valid_i_2/O
                         net (fo=7, routed)           0.180     1.261    bd_0_i/hls_inst/inst/gmem_m_axi_U/load_unit/bus_wide_gen.rreq_offset/U_fifo_srl/bus_wide_gen.ready_for_data__0
    SLICE_X59Y80         LUT6 (Prop_C6LUT_SLICEL_I2_O)
                                                      0.035     1.296 r  bd_0_i/hls_inst/inst/gmem_m_axi_U/load_unit/bus_wide_gen.rreq_offset/U_fifo_srl/mem_reg_i_4/O
                         net (fo=15, routed)          0.108     1.405    bd_0_i/hls_inst/inst/gmem_m_axi_U/load_unit/buff_rdata/U_fifo_mem/bus_wide_gen.last_split__0
    SLICE_X59Y82         LUT4 (Prop_B6LUT_SLICEL_I0_O)
                                                      0.036     1.441 r  bd_0_i/hls_inst/inst/gmem_m_axi_U/load_unit/buff_rdata/U_fifo_mem/mem_reg_i_1/O
                         net (fo=1, routed)           0.225     1.666    bd_0_i/hls_inst/inst/gmem_m_axi_U/load_unit/buff_rdata/U_fifo_mem/mem_reg_i_1_n_0
    RAMB18_X4Y32         RAMB18E2                                     r  bd_0_i/hls_inst/inst/gmem_m_axi_U/load_unit/buff_rdata/U_fifo_mem/mem_reg/ENARDEN
  -------------------------------------------------------------------    -------------------

                         (clock ap_clk rise edge)     2.020     2.020 r  
                                                      0.000     2.020 r  ap_clk (IN)
                         net (fo=15512, unset)        0.039     2.059    bd_0_i/hls_inst/inst/gmem_m_axi_U/load_unit/buff_rdata/U_fifo_mem/ap_clk
    RAMB18_X4Y32         RAMB18E2                                     r  bd_0_i/hls_inst/inst/gmem_m_axi_U/load_unit/buff_rdata/U_fifo_mem/mem_reg/CLKARDCLK
                         clock pessimism              0.000     2.059    
                         clock uncertainty           -0.035     2.024    
    RAMB18_X4Y32         RAMB18E2 (Setup_RAMB18E2_L_RAMB180_CLKARDCLK_ENARDEN)
                                                     -0.342     1.682    bd_0_i/hls_inst/inst/gmem_m_axi_U/load_unit/buff_rdata/U_fifo_mem/mem_reg
  -------------------------------------------------------------------
                         required time                          1.682    
                         arrival time                          -1.666    
  -------------------------------------------------------------------
                         slack                                  0.016    

Slack (MET) :             0.043ns  (required time - arrival time)
  Source:                 bd_0_i/hls_inst/inst/grp_gemv_kernel_Pipeline_PACK_DECODING_ROW9_fu_814/ap_enable_reg_pp0_iter0_reg_reg/C
                            (rising edge-triggered cell FDRE clocked by ap_clk  {rise@0.000ns fall@1.010ns period=2.020ns})
  Destination:            bd_0_i/hls_inst/inst/w1_arr_V_U/ram_reg_0_63_0_0/SP/WE
                            (rising edge-triggered cell RAMS64E clocked by ap_clk  {rise@0.000ns fall@1.010ns period=2.020ns})
  Path Group:             ap_clk
  Path Type:              Setup (Max at Slow Process Corner)
  Requirement:            2.020ns  (ap_clk rise@2.020ns - ap_clk rise@0.000ns)
  Data Path Delay:        1.775ns  (logic 0.556ns (31.317%)  route 1.219ns (68.683%))
  Logic Levels:           7  (LUT3=1 LUT5=1 LUT6=5)
  Clock Path Skew:        0.014ns (DCD - SCD + CPR)
    Destination Clock Delay (DCD):    0.043ns = ( 2.063 - 2.020 ) 
    Source Clock Delay      (SCD):    0.029ns
    Clock Pessimism Removal (CPR):    0.000ns
  Clock Uncertainty:      0.035ns  ((TSJ^2 + TIJ^2)^1/2 + DJ) / 2 + PE
    Total System Jitter     (TSJ):    0.071ns
    Total Input Jitter      (TIJ):    0.000ns
    Discrete Jitter          (DJ):    0.000ns
    Phase Error              (PE):    0.000ns

    Location             Delay type                Incr(ns)  Path(ns)    Netlist Resource(s)
  -------------------------------------------------------------------    -------------------
                         (clock ap_clk rise edge)     0.000     0.000 r  
                                                      0.000     0.000 r  ap_clk (IN)
                         net (fo=15512, unset)        0.029     0.029    bd_0_i/hls_inst/inst/grp_gemv_kernel_Pipeline_PACK_DECODING_ROW9_fu_814/ap_clk
    SLICE_X58Y77         FDRE                                         r  bd_0_i/hls_inst/inst/grp_gemv_kernel_Pipeline_PACK_DECODING_ROW9_fu_814/ap_enable_reg_pp0_iter0_reg_reg/C
  -------------------------------------------------------------------    -------------------
    SLICE_X58Y77         FDRE (Prop_GFF_SLICEL_C_Q)
                                                      0.079     0.108 r  bd_0_i/hls_inst/inst/grp_gemv_kernel_Pipeline_PACK_DECODING_ROW9_fu_814/ap_enable_reg_pp0_iter0_reg_reg/Q
                         net (fo=17, routed)          0.210     0.318    bd_0_i/hls_inst/inst/grp_gemv_kernel_Pipeline_PACK_DECODING_ROW9_fu_814/ap_enable_reg_pp0_iter0_reg
    SLICE_X57Y76         LUT3 (Prop_E6LUT_SLICEM_I1_O)
                                                      0.091     0.409 r  bd_0_i/hls_inst/inst/grp_gemv_kernel_Pipeline_PACK_DECODING_ROW9_fu_814/ap_CS_fsm[6]_i_2__0/O
                         net (fo=8, routed)           0.171     0.579    bd_0_i/hls_inst/inst/grp_gemv_kernel_Pipeline_PACK_DECODING_ROW9_fu_814/ap_CS_fsm[6]_i_2__0_n_0
    SLICE_X57Y77         LUT6 (Prop_F6LUT_SLICEM_I1_O)
                                                      0.051     0.630 r  bd_0_i/hls_inst/inst/grp_gemv_kernel_Pipeline_PACK_DECODING_ROW9_fu_814/q0[3]_i_22/O
                         net (fo=1, routed)           0.091     0.721    bd_0_i/hls_inst/inst/grp_gemv_kernel_Pipeline_PACK_DECODING_ROW10_fu_835/q0[3]_i_8__2
    SLICE_X57Y76         LUT6 (Prop_C6LUT_SLICEM_I0_O)
                                                      0.123     0.844 r  bd_0_i/hls_inst/inst/grp_gemv_kernel_Pipeline_PACK_DECODING_ROW10_fu_835/q0[3]_i_18/O
                         net (fo=1, routed)           0.088     0.932    bd_0_i/hls_inst/inst/grp_gemv_kernel_Pipeline_PACK_DECODING_ROW8_fu_793/q0[3]_i_2__2
    SLICE_X57Y76         LUT6 (Prop_F6LUT_SLICEM_I1_O)
                                                      0.037     0.969 r  bd_0_i/hls_inst/inst/grp_gemv_kernel_Pipeline_PACK_DECODING_ROW8_fu_793/q0[3]_i_8__2/O
                         net (fo=1, routed)           0.197     1.166    bd_0_i/hls_inst/inst/grp_gemv_kernel_Pipeline_PACK_DECODING_ROW14_fu_919/q0_reg[0]_3
    SLICE_X55Y76         LUT6 (Prop_D6LUT_SLICEL_I0_O)
                                                      0.050     1.216 r  bd_0_i/hls_inst/inst/grp_gemv_kernel_Pipeline_PACK_DECODING_ROW14_fu_919/q0[3]_i_2__2/O
                         net (fo=1, routed)           0.178     1.394    bd_0_i/hls_inst/inst/grp_gemv_kernel_Pipeline_PACK_DECODING_ROW14_fu_919/q0[3]_i_2__2_n_0
    SLICE_X54Y77         LUT6 (Prop_C6LUT_SLICEL_I0_O)
                                                      0.088     1.482 r  bd_0_i/hls_inst/inst/grp_gemv_kernel_Pipeline_PACK_DECODING_ROW14_fu_919/q0[3]_i_1__0/O
                         net (fo=5, routed)           0.086     1.568    bd_0_i/hls_inst/inst/grp_gemv_kernel_Pipeline_PACK_DECODING_ROW11_fu_856/E[0]
    SLICE_X53Y77         LUT5 (Prop_B6LUT_SLICEM_I4_O)
                                                      0.037     1.605 r  bd_0_i/hls_inst/inst/grp_gemv_kernel_Pipeline_PACK_DECODING_ROW11_fu_856/ram_reg_0_63_0_0_i_2__5/O
                         net (fo=4, routed)           0.199     1.804    bd_0_i/hls_inst/inst/w1_arr_V_U/ram_reg_0_63_0_0/WE
    SLICE_X52Y77         RAMS64E                                      r  bd_0_i/hls_inst/inst/w1_arr_V_U/ram_reg_0_63_0_0/SP/WE
  -------------------------------------------------------------------    -------------------

                         (clock ap_clk rise edge)     2.020     2.020 r  
                                                      0.000     2.020 r  ap_clk (IN)
                         net (fo=15512, unset)        0.043     2.063    bd_0_i/hls_inst/inst/w1_arr_V_U/ram_reg_0_63_0_0/WCLK
    SLICE_X52Y77         RAMS64E                                      r  bd_0_i/hls_inst/inst/w1_arr_V_U/ram_reg_0_63_0_0/SP/CLK
                         clock pessimism              0.000     2.063    
                         clock uncertainty           -0.035     2.028    
    SLICE_X52Y77         RAMS64E (Setup_H6LUT_SLICEM_CLK_WE)
                                                     -0.180     1.848    bd_0_i/hls_inst/inst/w1_arr_V_U/ram_reg_0_63_0_0/SP
  -------------------------------------------------------------------
                         required time                          1.848    
                         arrival time                          -1.804    
  -------------------------------------------------------------------
                         slack                                  0.043    

Slack (MET) :             0.043ns  (required time - arrival time)
  Source:                 bd_0_i/hls_inst/inst/grp_gemv_kernel_Pipeline_PACK_DECODING_ROW9_fu_814/ap_enable_reg_pp0_iter0_reg_reg/C
                            (rising edge-triggered cell FDRE clocked by ap_clk  {rise@0.000ns fall@1.010ns period=2.020ns})
  Destination:            bd_0_i/hls_inst/inst/w1_arr_V_U/ram_reg_0_63_1_1/SP/WE
                            (rising edge-triggered cell RAMS64E clocked by ap_clk  {rise@0.000ns fall@1.010ns period=2.020ns})
  Path Group:             ap_clk
  Path Type:              Setup (Max at Slow Process Corner)
  Requirement:            2.020ns  (ap_clk rise@2.020ns - ap_clk rise@0.000ns)
  Data Path Delay:        1.775ns  (logic 0.556ns (31.317%)  route 1.219ns (68.683%))
  Logic Levels:           7  (LUT3=1 LUT5=1 LUT6=5)
  Clock Path Skew:        0.014ns (DCD - SCD + CPR)
    Destination Clock Delay (DCD):    0.043ns = ( 2.063 - 2.020 ) 
    Source Clock Delay      (SCD):    0.029ns
    Clock Pessimism Removal (CPR):    0.000ns
  Clock Uncertainty:      0.035ns  ((TSJ^2 + TIJ^2)^1/2 + DJ) / 2 + PE
    Total System Jitter     (TSJ):    0.071ns
    Total Input Jitter      (TIJ):    0.000ns
    Discrete Jitter          (DJ):    0.000ns
    Phase Error              (PE):    0.000ns

    Location             Delay type                Incr(ns)  Path(ns)    Netlist Resource(s)
  -------------------------------------------------------------------    -------------------
                         (clock ap_clk rise edge)     0.000     0.000 r  
                                                      0.000     0.000 r  ap_clk (IN)
                         net (fo=15512, unset)        0.029     0.029    bd_0_i/hls_inst/inst/grp_gemv_kernel_Pipeline_PACK_DECODING_ROW9_fu_814/ap_clk
    SLICE_X58Y77         FDRE                                         r  bd_0_i/hls_inst/inst/grp_gemv_kernel_Pipeline_PACK_DECODING_ROW9_fu_814/ap_enable_reg_pp0_iter0_reg_reg/C
  -------------------------------------------------------------------    -------------------
    SLICE_X58Y77         FDRE (Prop_GFF_SLICEL_C_Q)
                                                      0.079     0.108 r  bd_0_i/hls_inst/inst/grp_gemv_kernel_Pipeline_PACK_DECODING_ROW9_fu_814/ap_enable_reg_pp0_iter0_reg_reg/Q
                         net (fo=17, routed)          0.210     0.318    bd_0_i/hls_inst/inst/grp_gemv_kernel_Pipeline_PACK_DECODING_ROW9_fu_814/ap_enable_reg_pp0_iter0_reg
    SLICE_X57Y76         LUT3 (Prop_E6LUT_SLICEM_I1_O)
                                                      0.091     0.409 r  bd_0_i/hls_inst/inst/grp_gemv_kernel_Pipeline_PACK_DECODING_ROW9_fu_814/ap_CS_fsm[6]_i_2__0/O
                         net (fo=8, routed)           0.171     0.579    bd_0_i/hls_inst/inst/grp_gemv_kernel_Pipeline_PACK_DECODING_ROW9_fu_814/ap_CS_fsm[6]_i_2__0_n_0
    SLICE_X57Y77         LUT6 (Prop_F6LUT_SLICEM_I1_O)
                                                      0.051     0.630 r  bd_0_i/hls_inst/inst/grp_gemv_kernel_Pipeline_PACK_DECODING_ROW9_fu_814/q0[3]_i_22/O
                         net (fo=1, routed)           0.091     0.721    bd_0_i/hls_inst/inst/grp_gemv_kernel_Pipeline_PACK_DECODING_ROW10_fu_835/q0[3]_i_8__2
    SLICE_X57Y76         LUT6 (Prop_C6LUT_SLICEM_I0_O)
                                                      0.123     0.844 r  bd_0_i/hls_inst/inst/grp_gemv_kernel_Pipeline_PACK_DECODING_ROW10_fu_835/q0[3]_i_18/O
                         net (fo=1, routed)           0.088     0.932    bd_0_i/hls_inst/inst/grp_gemv_kernel_Pipeline_PACK_DECODING_ROW8_fu_793/q0[3]_i_2__2
    SLICE_X57Y76         LUT6 (Prop_F6LUT_SLICEM_I1_O)
                                                      0.037     0.969 r  bd_0_i/hls_inst/inst/grp_gemv_kernel_Pipeline_PACK_DECODING_ROW8_fu_793/q0[3]_i_8__2/O
                         net (fo=1, routed)           0.197     1.166    bd_0_i/hls_inst/inst/grp_gemv_kernel_Pipeline_PACK_DECODING_ROW14_fu_919/q0_reg[0]_3
    SLICE_X55Y76         LUT6 (Prop_D6LUT_SLICEL_I0_O)
                                                      0.050     1.216 r  bd_0_i/hls_inst/inst/grp_gemv_kernel_Pipeline_PACK_DECODING_ROW14_fu_919/q0[3]_i_2__2/O
                         net (fo=1, routed)           0.178     1.394    bd_0_i/hls_inst/inst/grp_gemv_kernel_Pipeline_PACK_DECODING_ROW14_fu_919/q0[3]_i_2__2_n_0
    SLICE_X54Y77         LUT6 (Prop_C6LUT_SLICEL_I0_O)
                                                      0.088     1.482 r  bd_0_i/hls_inst/inst/grp_gemv_kernel_Pipeline_PACK_DECODING_ROW14_fu_919/q0[3]_i_1__0/O
                         net (fo=5, routed)           0.086     1.568    bd_0_i/hls_inst/inst/grp_gemv_kernel_Pipeline_PACK_DECODING_ROW11_fu_856/E[0]
    SLICE_X53Y77         LUT5 (Prop_B6LUT_SLICEM_I4_O)
                                                      0.037     1.605 r  bd_0_i/hls_inst/inst/grp_gemv_kernel_Pipeline_PACK_DECODING_ROW11_fu_856/ram_reg_0_63_0_0_i_2__5/O
                         net (fo=4, routed)           0.199     1.804    bd_0_i/hls_inst/inst/w1_arr_V_U/ram_reg_0_63_1_1/WE
    SLICE_X52Y77         RAMS64E                                      r  bd_0_i/hls_inst/inst/w1_arr_V_U/ram_reg_0_63_1_1/SP/WE
  -------------------------------------------------------------------    -------------------

                         (clock ap_clk rise edge)     2.020     2.020 r  
                                                      0.000     2.020 r  ap_clk (IN)
                         net (fo=15512, unset)        0.043     2.063    bd_0_i/hls_inst/inst/w1_arr_V_U/ram_reg_0_63_1_1/WCLK
    SLICE_X52Y77         RAMS64E                                      r  bd_0_i/hls_inst/inst/w1_arr_V_U/ram_reg_0_63_1_1/SP/CLK
                         clock pessimism              0.000     2.063    
                         clock uncertainty           -0.035     2.028    
    SLICE_X52Y77         RAMS64E (Setup_G6LUT_SLICEM_CLK_WE)
                                                     -0.180     1.848    bd_0_i/hls_inst/inst/w1_arr_V_U/ram_reg_0_63_1_1/SP
  -------------------------------------------------------------------
                         required time                          1.848    
                         arrival time                          -1.804    
  -------------------------------------------------------------------
                         slack                                  0.043    

Slack (MET) :             0.043ns  (required time - arrival time)
  Source:                 bd_0_i/hls_inst/inst/grp_gemv_kernel_Pipeline_PACK_DECODING_ROW9_fu_814/ap_enable_reg_pp0_iter0_reg_reg/C
                            (rising edge-triggered cell FDRE clocked by ap_clk  {rise@0.000ns fall@1.010ns period=2.020ns})
  Destination:            bd_0_i/hls_inst/inst/w1_arr_V_U/ram_reg_0_63_2_2/SP/WE
                            (rising edge-triggered cell RAMS64E clocked by ap_clk  {rise@0.000ns fall@1.010ns period=2.020ns})
  Path Group:             ap_clk
  Path Type:              Setup (Max at Slow Process Corner)
  Requirement:            2.020ns  (ap_clk rise@2.020ns - ap_clk rise@0.000ns)
  Data Path Delay:        1.775ns  (logic 0.556ns (31.317%)  route 1.219ns (68.683%))
  Logic Levels:           7  (LUT3=1 LUT5=1 LUT6=5)
  Clock Path Skew:        0.014ns (DCD - SCD + CPR)
    Destination Clock Delay (DCD):    0.043ns = ( 2.063 - 2.020 ) 
    Source Clock Delay      (SCD):    0.029ns
    Clock Pessimism Removal (CPR):    0.000ns
  Clock Uncertainty:      0.035ns  ((TSJ^2 + TIJ^2)^1/2 + DJ) / 2 + PE
    Total System Jitter     (TSJ):    0.071ns
    Total Input Jitter      (TIJ):    0.000ns
    Discrete Jitter          (DJ):    0.000ns
    Phase Error              (PE):    0.000ns

    Location             Delay type                Incr(ns)  Path(ns)    Netlist Resource(s)
  -------------------------------------------------------------------    -------------------
                         (clock ap_clk rise edge)     0.000     0.000 r  
                                                      0.000     0.000 r  ap_clk (IN)
                         net (fo=15512, unset)        0.029     0.029    bd_0_i/hls_inst/inst/grp_gemv_kernel_Pipeline_PACK_DECODING_ROW9_fu_814/ap_clk
    SLICE_X58Y77         FDRE                                         r  bd_0_i/hls_inst/inst/grp_gemv_kernel_Pipeline_PACK_DECODING_ROW9_fu_814/ap_enable_reg_pp0_iter0_reg_reg/C
  -------------------------------------------------------------------    -------------------
    SLICE_X58Y77         FDRE (Prop_GFF_SLICEL_C_Q)
                                                      0.079     0.108 r  bd_0_i/hls_inst/inst/grp_gemv_kernel_Pipeline_PACK_DECODING_ROW9_fu_814/ap_enable_reg_pp0_iter0_reg_reg/Q
                         net (fo=17, routed)          0.210     0.318    bd_0_i/hls_inst/inst/grp_gemv_kernel_Pipeline_PACK_DECODING_ROW9_fu_814/ap_enable_reg_pp0_iter0_reg
    SLICE_X57Y76         LUT3 (Prop_E6LUT_SLICEM_I1_O)
                                                      0.091     0.409 r  bd_0_i/hls_inst/inst/grp_gemv_kernel_Pipeline_PACK_DECODING_ROW9_fu_814/ap_CS_fsm[6]_i_2__0/O
                         net (fo=8, routed)           0.171     0.579    bd_0_i/hls_inst/inst/grp_gemv_kernel_Pipeline_PACK_DECODING_ROW9_fu_814/ap_CS_fsm[6]_i_2__0_n_0
    SLICE_X57Y77         LUT6 (Prop_F6LUT_SLICEM_I1_O)
                                                      0.051     0.630 r  bd_0_i/hls_inst/inst/grp_gemv_kernel_Pipeline_PACK_DECODING_ROW9_fu_814/q0[3]_i_22/O
                         net (fo=1, routed)           0.091     0.721    bd_0_i/hls_inst/inst/grp_gemv_kernel_Pipeline_PACK_DECODING_ROW10_fu_835/q0[3]_i_8__2
    SLICE_X57Y76         LUT6 (Prop_C6LUT_SLICEM_I0_O)
                                                      0.123     0.844 r  bd_0_i/hls_inst/inst/grp_gemv_kernel_Pipeline_PACK_DECODING_ROW10_fu_835/q0[3]_i_18/O
                         net (fo=1, routed)           0.088     0.932    bd_0_i/hls_inst/inst/grp_gemv_kernel_Pipeline_PACK_DECODING_ROW8_fu_793/q0[3]_i_2__2
    SLICE_X57Y76         LUT6 (Prop_F6LUT_SLICEM_I1_O)
                                                      0.037     0.969 r  bd_0_i/hls_inst/inst/grp_gemv_kernel_Pipeline_PACK_DECODING_ROW8_fu_793/q0[3]_i_8__2/O
                         net (fo=1, routed)           0.197     1.166    bd_0_i/hls_inst/inst/grp_gemv_kernel_Pipeline_PACK_DECODING_ROW14_fu_919/q0_reg[0]_3
    SLICE_X55Y76         LUT6 (Prop_D6LUT_SLICEL_I0_O)
                                                      0.050     1.216 r  bd_0_i/hls_inst/inst/grp_gemv_kernel_Pipeline_PACK_DECODING_ROW14_fu_919/q0[3]_i_2__2/O
                         net (fo=1, routed)           0.178     1.394    bd_0_i/hls_inst/inst/grp_gemv_kernel_Pipeline_PACK_DECODING_ROW14_fu_919/q0[3]_i_2__2_n_0
    SLICE_X54Y77         LUT6 (Prop_C6LUT_SLICEL_I0_O)
                                                      0.088     1.482 r  bd_0_i/hls_inst/inst/grp_gemv_kernel_Pipeline_PACK_DECODING_ROW14_fu_919/q0[3]_i_1__0/O
                         net (fo=5, routed)           0.086     1.568    bd_0_i/hls_inst/inst/grp_gemv_kernel_Pipeline_PACK_DECODING_ROW11_fu_856/E[0]
    SLICE_X53Y77         LUT5 (Prop_B6LUT_SLICEM_I4_O)
                                                      0.037     1.605 r  bd_0_i/hls_inst/inst/grp_gemv_kernel_Pipeline_PACK_DECODING_ROW11_fu_856/ram_reg_0_63_0_0_i_2__5/O
                         net (fo=4, routed)           0.199     1.804    bd_0_i/hls_inst/inst/w1_arr_V_U/ram_reg_0_63_2_2/WE
    SLICE_X52Y77         RAMS64E                                      r  bd_0_i/hls_inst/inst/w1_arr_V_U/ram_reg_0_63_2_2/SP/WE
  -------------------------------------------------------------------    -------------------

                         (clock ap_clk rise edge)     2.020     2.020 r  
                                                      0.000     2.020 r  ap_clk (IN)
                         net (fo=15512, unset)        0.043     2.063    bd_0_i/hls_inst/inst/w1_arr_V_U/ram_reg_0_63_2_2/WCLK
    SLICE_X52Y77         RAMS64E                                      r  bd_0_i/hls_inst/inst/w1_arr_V_U/ram_reg_0_63_2_2/SP/CLK
                         clock pessimism              0.000     2.063    
                         clock uncertainty           -0.035     2.028    
    SLICE_X52Y77         RAMS64E (Setup_F6LUT_SLICEM_CLK_WE)
                                                     -0.180     1.848    bd_0_i/hls_inst/inst/w1_arr_V_U/ram_reg_0_63_2_2/SP
  -------------------------------------------------------------------
                         required time                          1.848    
                         arrival time                          -1.804    
  -------------------------------------------------------------------
                         slack                                  0.043    

Slack (MET) :             0.043ns  (required time - arrival time)
  Source:                 bd_0_i/hls_inst/inst/grp_gemv_kernel_Pipeline_PACK_DECODING_ROW9_fu_814/ap_enable_reg_pp0_iter0_reg_reg/C
                            (rising edge-triggered cell FDRE clocked by ap_clk  {rise@0.000ns fall@1.010ns period=2.020ns})
  Destination:            bd_0_i/hls_inst/inst/w1_arr_V_U/ram_reg_0_63_3_3/SP/WE
                            (rising edge-triggered cell RAMS64E clocked by ap_clk  {rise@0.000ns fall@1.010ns period=2.020ns})
  Path Group:             ap_clk
  Path Type:              Setup (Max at Slow Process Corner)
  Requirement:            2.020ns  (ap_clk rise@2.020ns - ap_clk rise@0.000ns)
  Data Path Delay:        1.775ns  (logic 0.556ns (31.317%)  route 1.219ns (68.683%))
  Logic Levels:           7  (LUT3=1 LUT5=1 LUT6=5)
  Clock Path Skew:        0.014ns (DCD - SCD + CPR)
    Destination Clock Delay (DCD):    0.043ns = ( 2.063 - 2.020 ) 
    Source Clock Delay      (SCD):    0.029ns
    Clock Pessimism Removal (CPR):    0.000ns
  Clock Uncertainty:      0.035ns  ((TSJ^2 + TIJ^2)^1/2 + DJ) / 2 + PE
    Total System Jitter     (TSJ):    0.071ns
    Total Input Jitter      (TIJ):    0.000ns
    Discrete Jitter          (DJ):    0.000ns
    Phase Error              (PE):    0.000ns

    Location             Delay type                Incr(ns)  Path(ns)    Netlist Resource(s)
  -------------------------------------------------------------------    -------------------
                         (clock ap_clk rise edge)     0.000     0.000 r  
                                                      0.000     0.000 r  ap_clk (IN)
                         net (fo=15512, unset)        0.029     0.029    bd_0_i/hls_inst/inst/grp_gemv_kernel_Pipeline_PACK_DECODING_ROW9_fu_814/ap_clk
    SLICE_X58Y77         FDRE                                         r  bd_0_i/hls_inst/inst/grp_gemv_kernel_Pipeline_PACK_DECODING_ROW9_fu_814/ap_enable_reg_pp0_iter0_reg_reg/C
  -------------------------------------------------------------------    -------------------
    SLICE_X58Y77         FDRE (Prop_GFF_SLICEL_C_Q)
                                                      0.079     0.108 r  bd_0_i/hls_inst/inst/grp_gemv_kernel_Pipeline_PACK_DECODING_ROW9_fu_814/ap_enable_reg_pp0_iter0_reg_reg/Q
                         net (fo=17, routed)          0.210     0.318    bd_0_i/hls_inst/inst/grp_gemv_kernel_Pipeline_PACK_DECODING_ROW9_fu_814/ap_enable_reg_pp0_iter0_reg
    SLICE_X57Y76         LUT3 (Prop_E6LUT_SLICEM_I1_O)
                                                      0.091     0.409 r  bd_0_i/hls_inst/inst/grp_gemv_kernel_Pipeline_PACK_DECODING_ROW9_fu_814/ap_CS_fsm[6]_i_2__0/O
                         net (fo=8, routed)           0.171     0.579    bd_0_i/hls_inst/inst/grp_gemv_kernel_Pipeline_PACK_DECODING_ROW9_fu_814/ap_CS_fsm[6]_i_2__0_n_0
    SLICE_X57Y77         LUT6 (Prop_F6LUT_SLICEM_I1_O)
                                                      0.051     0.630 r  bd_0_i/hls_inst/inst/grp_gemv_kernel_Pipeline_PACK_DECODING_ROW9_fu_814/q0[3]_i_22/O
                         net (fo=1, routed)           0.091     0.721    bd_0_i/hls_inst/inst/grp_gemv_kernel_Pipeline_PACK_DECODING_ROW10_fu_835/q0[3]_i_8__2
    SLICE_X57Y76         LUT6 (Prop_C6LUT_SLICEM_I0_O)
                                                      0.123     0.844 r  bd_0_i/hls_inst/inst/grp_gemv_kernel_Pipeline_PACK_DECODING_ROW10_fu_835/q0[3]_i_18/O
                         net (fo=1, routed)           0.088     0.932    bd_0_i/hls_inst/inst/grp_gemv_kernel_Pipeline_PACK_DECODING_ROW8_fu_793/q0[3]_i_2__2
    SLICE_X57Y76         LUT6 (Prop_F6LUT_SLICEM_I1_O)
                                                      0.037     0.969 r  bd_0_i/hls_inst/inst/grp_gemv_kernel_Pipeline_PACK_DECODING_ROW8_fu_793/q0[3]_i_8__2/O
                         net (fo=1, routed)           0.197     1.166    bd_0_i/hls_inst/inst/grp_gemv_kernel_Pipeline_PACK_DECODING_ROW14_fu_919/q0_reg[0]_3
    SLICE_X55Y76         LUT6 (Prop_D6LUT_SLICEL_I0_O)
                                                      0.050     1.216 r  bd_0_i/hls_inst/inst/grp_gemv_kernel_Pipeline_PACK_DECODING_ROW14_fu_919/q0[3]_i_2__2/O
                         net (fo=1, routed)           0.178     1.394    bd_0_i/hls_inst/inst/grp_gemv_kernel_Pipeline_PACK_DECODING_ROW14_fu_919/q0[3]_i_2__2_n_0
    SLICE_X54Y77         LUT6 (Prop_C6LUT_SLICEL_I0_O)
                                                      0.088     1.482 r  bd_0_i/hls_inst/inst/grp_gemv_kernel_Pipeline_PACK_DECODING_ROW14_fu_919/q0[3]_i_1__0/O
                         net (fo=5, routed)           0.086     1.568    bd_0_i/hls_inst/inst/grp_gemv_kernel_Pipeline_PACK_DECODING_ROW11_fu_856/E[0]
    SLICE_X53Y77         LUT5 (Prop_B6LUT_SLICEM_I4_O)
                                                      0.037     1.605 r  bd_0_i/hls_inst/inst/grp_gemv_kernel_Pipeline_PACK_DECODING_ROW11_fu_856/ram_reg_0_63_0_0_i_2__5/O
                         net (fo=4, routed)           0.199     1.804    bd_0_i/hls_inst/inst/w1_arr_V_U/ram_reg_0_63_3_3/WE
    SLICE_X52Y77         RAMS64E                                      r  bd_0_i/hls_inst/inst/w1_arr_V_U/ram_reg_0_63_3_3/SP/WE
  -------------------------------------------------------------------    -------------------

                         (clock ap_clk rise edge)     2.020     2.020 r  
                                                      0.000     2.020 r  ap_clk (IN)
                         net (fo=15512, unset)        0.043     2.063    bd_0_i/hls_inst/inst/w1_arr_V_U/ram_reg_0_63_3_3/WCLK
    SLICE_X52Y77         RAMS64E                                      r  bd_0_i/hls_inst/inst/w1_arr_V_U/ram_reg_0_63_3_3/SP/CLK
                         clock pessimism              0.000     2.063    
                         clock uncertainty           -0.035     2.028    
    SLICE_X52Y77         RAMS64E (Setup_E6LUT_SLICEM_CLK_WE)
                                                     -0.180     1.848    bd_0_i/hls_inst/inst/w1_arr_V_U/ram_reg_0_63_3_3/SP
  -------------------------------------------------------------------
                         required time                          1.848    
                         arrival time                          -1.804    
  -------------------------------------------------------------------
                         slack                                  0.043    

Slack (MET) :             0.049ns  (required time - arrival time)
  Source:                 bd_0_i/hls_inst/inst/grp_gemv_kernel_Pipeline_PACK_PREFILL_ROW2_fu_635/icmp_ln81_reg_242_reg[0]/C
                            (rising edge-triggered cell FDRE clocked by ap_clk  {rise@0.000ns fall@1.010ns period=2.020ns})
  Destination:            bd_0_i/hls_inst/inst/gmem_m_axi_U/load_unit/bus_wide_gen.data_buf_reg[24]/R
                            (rising edge-triggered cell FDRE clocked by ap_clk  {rise@0.000ns fall@1.010ns period=2.020ns})
  Path Group:             ap_clk
  Path Type:              Setup (Max at Slow Process Corner)
  Requirement:            2.020ns  (ap_clk rise@2.020ns - ap_clk rise@0.000ns)
  Data Path Delay:        1.852ns  (logic 0.751ns (40.544%)  route 1.101ns (59.456%))
  Logic Levels:           7  (LUT3=1 LUT4=1 LUT6=5)
  Clock Path Skew:        -0.009ns (DCD - SCD + CPR)
    Destination Clock Delay (DCD):    0.020ns = ( 2.040 - 2.020 ) 
    Source Clock Delay      (SCD):    0.029ns
    Clock Pessimism Removal (CPR):    0.000ns
  Clock Uncertainty:      0.035ns  ((TSJ^2 + TIJ^2)^1/2 + DJ) / 2 + PE
    Total System Jitter     (TSJ):    0.071ns
    Total Input Jitter      (TIJ):    0.000ns
    Discrete Jitter          (DJ):    0.000ns
    Phase Error              (PE):    0.000ns

    Location             Delay type                Incr(ns)  Path(ns)    Netlist Resource(s)
  -------------------------------------------------------------------    -------------------
                         (clock ap_clk rise edge)     0.000     0.000 r  
                                                      0.000     0.000 r  ap_clk (IN)
                         net (fo=15512, unset)        0.029     0.029    bd_0_i/hls_inst/inst/grp_gemv_kernel_Pipeline_PACK_PREFILL_ROW2_fu_635/ap_clk
    SLICE_X58Y82         FDRE                                         r  bd_0_i/hls_inst/inst/grp_gemv_kernel_Pipeline_PACK_PREFILL_ROW2_fu_635/icmp_ln81_reg_242_reg[0]/C
  -------------------------------------------------------------------    -------------------
    SLICE_X58Y82         FDRE (Prop_HFF_SLICEL_C_Q)
                                                      0.079     0.108 r  bd_0_i/hls_inst/inst/grp_gemv_kernel_Pipeline_PACK_PREFILL_ROW2_fu_635/icmp_ln81_reg_242_reg[0]/Q
                         net (fo=15, routed)          0.205     0.313    bd_0_i/hls_inst/inst/grp_gemv_kernel_Pipeline_PACK_PREFILL_ROW2_fu_635/icmp_ln81_reg_242_reg_n_0_[0]
    SLICE_X57Y81         LUT4 (Prop_B6LUT_SLICEM_I3_O)
                                                      0.089     0.402 f  bd_0_i/hls_inst/inst/grp_gemv_kernel_Pipeline_PACK_PREFILL_ROW2_fu_635/bus_wide_gen.data_valid_i_57/O
                         net (fo=1, routed)           0.192     0.594    bd_0_i/hls_inst/inst/grp_gemv_kernel_Pipeline_PACK_PREFILL_ROW2_fu_635/bus_wide_gen.data_valid_i_57_n_0
    SLICE_X57Y80         LUT6 (Prop_F6LUT_SLICEM_I2_O)
                                                      0.098     0.692 f  bd_0_i/hls_inst/inst/grp_gemv_kernel_Pipeline_PACK_PREFILL_ROW2_fu_635/bus_wide_gen.data_valid_i_32/O
                         net (fo=1, routed)           0.083     0.775    bd_0_i/hls_inst/inst/grp_gemv_kernel_Pipeline_PACK_PREFILL_ROW1_fu_614/bus_wide_gen.data_valid_i_2_2
    SLICE_X57Y79         LUT6 (Prop_G6LUT_SLICEM_I4_O)
                                                      0.090     0.865 f  bd_0_i/hls_inst/inst/grp_gemv_kernel_Pipeline_PACK_PREFILL_ROW1_fu_614/bus_wide_gen.data_valid_i_8/O
                         net (fo=1, routed)           0.128     0.993    bd_0_i/hls_inst/inst/grp_gemv_kernel_Pipeline_PACK_DECODING_ROW10_fu_835/bus_wide_gen.data_valid_reg_4
    SLICE_X58Y78         LUT6 (Prop_C6LUT_SLICEL_I3_O)
                                                      0.088     1.081 f  bd_0_i/hls_inst/inst/grp_gemv_kernel_Pipeline_PACK_DECODING_ROW10_fu_835/bus_wide_gen.data_valid_i_2/O
                         net (fo=7, routed)           0.172     1.254    bd_0_i/hls_inst/inst/gmem_m_axi_U/load_unit/bus_wide_gen.rreq_offset/U_fifo_srl/bus_wide_gen.ready_for_data__0
    SLICE_X59Y78         LUT6 (Prop_F6LUT_SLICEL_I4_O)
                                                      0.123     1.377 f  bd_0_i/hls_inst/inst/gmem_m_axi_U/load_unit/bus_wide_gen.rreq_offset/U_fifo_srl/bus_wide_gen.split_cnt_buf[1]_i_4/O
                         net (fo=17, routed)          0.090     1.467    bd_0_i/hls_inst/inst/gmem_m_axi_U/load_unit/bus_wide_gen.rreq_offset/U_fifo_srl/bus_wide_gen.first_split
    SLICE_X59Y77         LUT6 (Prop_H6LUT_SLICEL_I2_O)
                                                      0.036     1.503 f  bd_0_i/hls_inst/inst/gmem_m_axi_U/load_unit/bus_wide_gen.rreq_offset/U_fifo_srl/bus_wide_gen.data_buf[19]_i_3/O
                         net (fo=5, routed)           0.070     1.573    bd_0_i/hls_inst/inst/gmem_m_axi_U/load_unit/bus_wide_gen.rreq_offset/U_fifo_srl/bus_wide_gen.data_buf[19]_i_3_n_0
    SLICE_X59Y77         LUT3 (Prop_B6LUT_SLICEL_I2_O)
                                                      0.148     1.721 r  bd_0_i/hls_inst/inst/gmem_m_axi_U/load_unit/bus_wide_gen.rreq_offset/U_fifo_srl/bus_wide_gen.data_buf[27]_i_1/O
                         net (fo=4, routed)           0.160     1.881    bd_0_i/hls_inst/inst/gmem_m_axi_U/load_unit/bus_wide_gen.rreq_offset_n_29
    SLICE_X59Y77         FDRE                                         r  bd_0_i/hls_inst/inst/gmem_m_axi_U/load_unit/bus_wide_gen.data_buf_reg[24]/R
  -------------------------------------------------------------------    -------------------

                         (clock ap_clk rise edge)     2.020     2.020 r  
                                                      0.000     2.020 r  ap_clk (IN)
                         net (fo=15512, unset)        0.020     2.040    bd_0_i/hls_inst/inst/gmem_m_axi_U/load_unit/ap_clk
    SLICE_X59Y77         FDRE                                         r  bd_0_i/hls_inst/inst/gmem_m_axi_U/load_unit/bus_wide_gen.data_buf_reg[24]/C
                         clock pessimism              0.000     2.040    
                         clock uncertainty           -0.035     2.005    
    SLICE_X59Y77         FDRE (Setup_EFF_SLICEL_C_R)
                                                     -0.074     1.931    bd_0_i/hls_inst/inst/gmem_m_axi_U/load_unit/bus_wide_gen.data_buf_reg[24]
  -------------------------------------------------------------------
                         required time                          1.931    
                         arrival time                          -1.881    
  -------------------------------------------------------------------
                         slack                                  0.049    

Slack (MET) :             0.049ns  (required time - arrival time)
  Source:                 bd_0_i/hls_inst/inst/grp_gemv_kernel_Pipeline_PACK_PREFILL_ROW2_fu_635/icmp_ln81_reg_242_reg[0]/C
                            (rising edge-triggered cell FDRE clocked by ap_clk  {rise@0.000ns fall@1.010ns period=2.020ns})
  Destination:            bd_0_i/hls_inst/inst/gmem_m_axi_U/load_unit/bus_wide_gen.data_buf_reg[25]/R
                            (rising edge-triggered cell FDRE clocked by ap_clk  {rise@0.000ns fall@1.010ns period=2.020ns})
  Path Group:             ap_clk
  Path Type:              Setup (Max at Slow Process Corner)
  Requirement:            2.020ns  (ap_clk rise@2.020ns - ap_clk rise@0.000ns)
  Data Path Delay:        1.852ns  (logic 0.751ns (40.544%)  route 1.101ns (59.456%))
  Logic Levels:           7  (LUT3=1 LUT4=1 LUT6=5)
  Clock Path Skew:        -0.009ns (DCD - SCD + CPR)
    Destination Clock Delay (DCD):    0.020ns = ( 2.040 - 2.020 ) 
    Source Clock Delay      (SCD):    0.029ns
    Clock Pessimism Removal (CPR):    0.000ns
  Clock Uncertainty:      0.035ns  ((TSJ^2 + TIJ^2)^1/2 + DJ) / 2 + PE
    Total System Jitter     (TSJ):    0.071ns
    Total Input Jitter      (TIJ):    0.000ns
    Discrete Jitter          (DJ):    0.000ns
    Phase Error              (PE):    0.000ns

    Location             Delay type                Incr(ns)  Path(ns)    Netlist Resource(s)
  -------------------------------------------------------------------    -------------------
                         (clock ap_clk rise edge)     0.000     0.000 r  
                                                      0.000     0.000 r  ap_clk (IN)
                         net (fo=15512, unset)        0.029     0.029    bd_0_i/hls_inst/inst/grp_gemv_kernel_Pipeline_PACK_PREFILL_ROW2_fu_635/ap_clk
    SLICE_X58Y82         FDRE                                         r  bd_0_i/hls_inst/inst/grp_gemv_kernel_Pipeline_PACK_PREFILL_ROW2_fu_635/icmp_ln81_reg_242_reg[0]/C
  -------------------------------------------------------------------    -------------------
    SLICE_X58Y82         FDRE (Prop_HFF_SLICEL_C_Q)
                                                      0.079     0.108 r  bd_0_i/hls_inst/inst/grp_gemv_kernel_Pipeline_PACK_PREFILL_ROW2_fu_635/icmp_ln81_reg_242_reg[0]/Q
                         net (fo=15, routed)          0.205     0.313    bd_0_i/hls_inst/inst/grp_gemv_kernel_Pipeline_PACK_PREFILL_ROW2_fu_635/icmp_ln81_reg_242_reg_n_0_[0]
    SLICE_X57Y81         LUT4 (Prop_B6LUT_SLICEM_I3_O)
                                                      0.089     0.402 f  bd_0_i/hls_inst/inst/grp_gemv_kernel_Pipeline_PACK_PREFILL_ROW2_fu_635/bus_wide_gen.data_valid_i_57/O
                         net (fo=1, routed)           0.192     0.594    bd_0_i/hls_inst/inst/grp_gemv_kernel_Pipeline_PACK_PREFILL_ROW2_fu_635/bus_wide_gen.data_valid_i_57_n_0
    SLICE_X57Y80         LUT6 (Prop_F6LUT_SLICEM_I2_O)
                                                      0.098     0.692 f  bd_0_i/hls_inst/inst/grp_gemv_kernel_Pipeline_PACK_PREFILL_ROW2_fu_635/bus_wide_gen.data_valid_i_32/O
                         net (fo=1, routed)           0.083     0.775    bd_0_i/hls_inst/inst/grp_gemv_kernel_Pipeline_PACK_PREFILL_ROW1_fu_614/bus_wide_gen.data_valid_i_2_2
    SLICE_X57Y79         LUT6 (Prop_G6LUT_SLICEM_I4_O)
                                                      0.090     0.865 f  bd_0_i/hls_inst/inst/grp_gemv_kernel_Pipeline_PACK_PREFILL_ROW1_fu_614/bus_wide_gen.data_valid_i_8/O
                         net (fo=1, routed)           0.128     0.993    bd_0_i/hls_inst/inst/grp_gemv_kernel_Pipeline_PACK_DECODING_ROW10_fu_835/bus_wide_gen.data_valid_reg_4
    SLICE_X58Y78         LUT6 (Prop_C6LUT_SLICEL_I3_O)
                                                      0.088     1.081 f  bd_0_i/hls_inst/inst/grp_gemv_kernel_Pipeline_PACK_DECODING_ROW10_fu_835/bus_wide_gen.data_valid_i_2/O
                         net (fo=7, routed)           0.172     1.254    bd_0_i/hls_inst/inst/gmem_m_axi_U/load_unit/bus_wide_gen.rreq_offset/U_fifo_srl/bus_wide_gen.ready_for_data__0
    SLICE_X59Y78         LUT6 (Prop_F6LUT_SLICEL_I4_O)
                                                      0.123     1.377 f  bd_0_i/hls_inst/inst/gmem_m_axi_U/load_unit/bus_wide_gen.rreq_offset/U_fifo_srl/bus_wide_gen.split_cnt_buf[1]_i_4/O
                         net (fo=17, routed)          0.090     1.467    bd_0_i/hls_inst/inst/gmem_m_axi_U/load_unit/bus_wide_gen.rreq_offset/U_fifo_srl/bus_wide_gen.first_split
    SLICE_X59Y77         LUT6 (Prop_H6LUT_SLICEL_I2_O)
                                                      0.036     1.503 f  bd_0_i/hls_inst/inst/gmem_m_axi_U/load_unit/bus_wide_gen.rreq_offset/U_fifo_srl/bus_wide_gen.data_buf[19]_i_3/O
                         net (fo=5, routed)           0.070     1.573    bd_0_i/hls_inst/inst/gmem_m_axi_U/load_unit/bus_wide_gen.rreq_offset/U_fifo_srl/bus_wide_gen.data_buf[19]_i_3_n_0
    SLICE_X59Y77         LUT3 (Prop_B6LUT_SLICEL_I2_O)
                                                      0.148     1.721 r  bd_0_i/hls_inst/inst/gmem_m_axi_U/load_unit/bus_wide_gen.rreq_offset/U_fifo_srl/bus_wide_gen.data_buf[27]_i_1/O
                         net (fo=4, routed)           0.160     1.881    bd_0_i/hls_inst/inst/gmem_m_axi_U/load_unit/bus_wide_gen.rreq_offset_n_29
    SLICE_X59Y77         FDRE                                         r  bd_0_i/hls_inst/inst/gmem_m_axi_U/load_unit/bus_wide_gen.data_buf_reg[25]/R
  -------------------------------------------------------------------    -------------------

                         (clock ap_clk rise edge)     2.020     2.020 r  
                                                      0.000     2.020 r  ap_clk (IN)
                         net (fo=15512, unset)        0.020     2.040    bd_0_i/hls_inst/inst/gmem_m_axi_U/load_unit/ap_clk
    SLICE_X59Y77         FDRE                                         r  bd_0_i/hls_inst/inst/gmem_m_axi_U/load_unit/bus_wide_gen.data_buf_reg[25]/C
                         clock pessimism              0.000     2.040    
                         clock uncertainty           -0.035     2.005    
    SLICE_X59Y77         FDRE (Setup_EFF2_SLICEL_C_R)
                                                     -0.074     1.931    bd_0_i/hls_inst/inst/gmem_m_axi_U/load_unit/bus_wide_gen.data_buf_reg[25]
  -------------------------------------------------------------------
                         required time                          1.931    
                         arrival time                          -1.881    
  -------------------------------------------------------------------
                         slack                                  0.049    

Slack (MET) :             0.049ns  (required time - arrival time)
  Source:                 bd_0_i/hls_inst/inst/grp_gemv_kernel_Pipeline_PACK_PREFILL_ROW2_fu_635/icmp_ln81_reg_242_reg[0]/C
                            (rising edge-triggered cell FDRE clocked by ap_clk  {rise@0.000ns fall@1.010ns period=2.020ns})
  Destination:            bd_0_i/hls_inst/inst/gmem_m_axi_U/load_unit/bus_wide_gen.data_buf_reg[26]/R
                            (rising edge-triggered cell FDRE clocked by ap_clk  {rise@0.000ns fall@1.010ns period=2.020ns})
  Path Group:             ap_clk
  Path Type:              Setup (Max at Slow Process Corner)
  Requirement:            2.020ns  (ap_clk rise@2.020ns - ap_clk rise@0.000ns)
  Data Path Delay:        1.852ns  (logic 0.751ns (40.544%)  route 1.101ns (59.456%))
  Logic Levels:           7  (LUT3=1 LUT4=1 LUT6=5)
  Clock Path Skew:        -0.009ns (DCD - SCD + CPR)
    Destination Clock Delay (DCD):    0.020ns = ( 2.040 - 2.020 ) 
    Source Clock Delay      (SCD):    0.029ns
    Clock Pessimism Removal (CPR):    0.000ns
  Clock Uncertainty:      0.035ns  ((TSJ^2 + TIJ^2)^1/2 + DJ) / 2 + PE
    Total System Jitter     (TSJ):    0.071ns
    Total Input Jitter      (TIJ):    0.000ns
    Discrete Jitter          (DJ):    0.000ns
    Phase Error              (PE):    0.000ns

    Location             Delay type                Incr(ns)  Path(ns)    Netlist Resource(s)
  -------------------------------------------------------------------    -------------------
                         (clock ap_clk rise edge)     0.000     0.000 r  
                                                      0.000     0.000 r  ap_clk (IN)
                         net (fo=15512, unset)        0.029     0.029    bd_0_i/hls_inst/inst/grp_gemv_kernel_Pipeline_PACK_PREFILL_ROW2_fu_635/ap_clk
    SLICE_X58Y82         FDRE                                         r  bd_0_i/hls_inst/inst/grp_gemv_kernel_Pipeline_PACK_PREFILL_ROW2_fu_635/icmp_ln81_reg_242_reg[0]/C
  -------------------------------------------------------------------    -------------------
    SLICE_X58Y82         FDRE (Prop_HFF_SLICEL_C_Q)
                                                      0.079     0.108 r  bd_0_i/hls_inst/inst/grp_gemv_kernel_Pipeline_PACK_PREFILL_ROW2_fu_635/icmp_ln81_reg_242_reg[0]/Q
                         net (fo=15, routed)          0.205     0.313    bd_0_i/hls_inst/inst/grp_gemv_kernel_Pipeline_PACK_PREFILL_ROW2_fu_635/icmp_ln81_reg_242_reg_n_0_[0]
    SLICE_X57Y81         LUT4 (Prop_B6LUT_SLICEM_I3_O)
                                                      0.089     0.402 f  bd_0_i/hls_inst/inst/grp_gemv_kernel_Pipeline_PACK_PREFILL_ROW2_fu_635/bus_wide_gen.data_valid_i_57/O
                         net (fo=1, routed)           0.192     0.594    bd_0_i/hls_inst/inst/grp_gemv_kernel_Pipeline_PACK_PREFILL_ROW2_fu_635/bus_wide_gen.data_valid_i_57_n_0
    SLICE_X57Y80         LUT6 (Prop_F6LUT_SLICEM_I2_O)
                                                      0.098     0.692 f  bd_0_i/hls_inst/inst/grp_gemv_kernel_Pipeline_PACK_PREFILL_ROW2_fu_635/bus_wide_gen.data_valid_i_32/O
                         net (fo=1, routed)           0.083     0.775    bd_0_i/hls_inst/inst/grp_gemv_kernel_Pipeline_PACK_PREFILL_ROW1_fu_614/bus_wide_gen.data_valid_i_2_2
    SLICE_X57Y79         LUT6 (Prop_G6LUT_SLICEM_I4_O)
                                                      0.090     0.865 f  bd_0_i/hls_inst/inst/grp_gemv_kernel_Pipeline_PACK_PREFILL_ROW1_fu_614/bus_wide_gen.data_valid_i_8/O
                         net (fo=1, routed)           0.128     0.993    bd_0_i/hls_inst/inst/grp_gemv_kernel_Pipeline_PACK_DECODING_ROW10_fu_835/bus_wide_gen.data_valid_reg_4
    SLICE_X58Y78         LUT6 (Prop_C6LUT_SLICEL_I3_O)
                                                      0.088     1.081 f  bd_0_i/hls_inst/inst/grp_gemv_kernel_Pipeline_PACK_DECODING_ROW10_fu_835/bus_wide_gen.data_valid_i_2/O
                         net (fo=7, routed)           0.172     1.254    bd_0_i/hls_inst/inst/gmem_m_axi_U/load_unit/bus_wide_gen.rreq_offset/U_fifo_srl/bus_wide_gen.ready_for_data__0
    SLICE_X59Y78         LUT6 (Prop_F6LUT_SLICEL_I4_O)
                                                      0.123     1.377 f  bd_0_i/hls_inst/inst/gmem_m_axi_U/load_unit/bus_wide_gen.rreq_offset/U_fifo_srl/bus_wide_gen.split_cnt_buf[1]_i_4/O
                         net (fo=17, routed)          0.090     1.467    bd_0_i/hls_inst/inst/gmem_m_axi_U/load_unit/bus_wide_gen.rreq_offset/U_fifo_srl/bus_wide_gen.first_split
    SLICE_X59Y77         LUT6 (Prop_H6LUT_SLICEL_I2_O)
                                                      0.036     1.503 f  bd_0_i/hls_inst/inst/gmem_m_axi_U/load_unit/bus_wide_gen.rreq_offset/U_fifo_srl/bus_wide_gen.data_buf[19]_i_3/O
                         net (fo=5, routed)           0.070     1.573    bd_0_i/hls_inst/inst/gmem_m_axi_U/load_unit/bus_wide_gen.rreq_offset/U_fifo_srl/bus_wide_gen.data_buf[19]_i_3_n_0
    SLICE_X59Y77         LUT3 (Prop_B6LUT_SLICEL_I2_O)
                                                      0.148     1.721 r  bd_0_i/hls_inst/inst/gmem_m_axi_U/load_unit/bus_wide_gen.rreq_offset/U_fifo_srl/bus_wide_gen.data_buf[27]_i_1/O
                         net (fo=4, routed)           0.160     1.881    bd_0_i/hls_inst/inst/gmem_m_axi_U/load_unit/bus_wide_gen.rreq_offset_n_29
    SLICE_X59Y77         FDRE                                         r  bd_0_i/hls_inst/inst/gmem_m_axi_U/load_unit/bus_wide_gen.data_buf_reg[26]/R
  -------------------------------------------------------------------    -------------------

                         (clock ap_clk rise edge)     2.020     2.020 r  
                                                      0.000     2.020 r  ap_clk (IN)
                         net (fo=15512, unset)        0.020     2.040    bd_0_i/hls_inst/inst/gmem_m_axi_U/load_unit/ap_clk
    SLICE_X59Y77         FDRE                                         r  bd_0_i/hls_inst/inst/gmem_m_axi_U/load_unit/bus_wide_gen.data_buf_reg[26]/C
                         clock pessimism              0.000     2.040    
                         clock uncertainty           -0.035     2.005    
    SLICE_X59Y77         FDRE (Setup_FFF_SLICEL_C_R)
                                                     -0.074     1.931    bd_0_i/hls_inst/inst/gmem_m_axi_U/load_unit/bus_wide_gen.data_buf_reg[26]
  -------------------------------------------------------------------
                         required time                          1.931    
                         arrival time                          -1.881    
  -------------------------------------------------------------------
                         slack                                  0.049    

Slack (MET) :             0.049ns  (required time - arrival time)
  Source:                 bd_0_i/hls_inst/inst/grp_gemv_kernel_Pipeline_PACK_PREFILL_ROW2_fu_635/icmp_ln81_reg_242_reg[0]/C
                            (rising edge-triggered cell FDRE clocked by ap_clk  {rise@0.000ns fall@1.010ns period=2.020ns})
  Destination:            bd_0_i/hls_inst/inst/gmem_m_axi_U/load_unit/bus_wide_gen.data_buf_reg[27]/R
                            (rising edge-triggered cell FDRE clocked by ap_clk  {rise@0.000ns fall@1.010ns period=2.020ns})
  Path Group:             ap_clk
  Path Type:              Setup (Max at Slow Process Corner)
  Requirement:            2.020ns  (ap_clk rise@2.020ns - ap_clk rise@0.000ns)
  Data Path Delay:        1.852ns  (logic 0.751ns (40.544%)  route 1.101ns (59.456%))
  Logic Levels:           7  (LUT3=1 LUT4=1 LUT6=5)
  Clock Path Skew:        -0.009ns (DCD - SCD + CPR)
    Destination Clock Delay (DCD):    0.020ns = ( 2.040 - 2.020 ) 
    Source Clock Delay      (SCD):    0.029ns
    Clock Pessimism Removal (CPR):    0.000ns
  Clock Uncertainty:      0.035ns  ((TSJ^2 + TIJ^2)^1/2 + DJ) / 2 + PE
    Total System Jitter     (TSJ):    0.071ns
    Total Input Jitter      (TIJ):    0.000ns
    Discrete Jitter          (DJ):    0.000ns
    Phase Error              (PE):    0.000ns

    Location             Delay type                Incr(ns)  Path(ns)    Netlist Resource(s)
  -------------------------------------------------------------------    -------------------
                         (clock ap_clk rise edge)     0.000     0.000 r  
                                                      0.000     0.000 r  ap_clk (IN)
                         net (fo=15512, unset)        0.029     0.029    bd_0_i/hls_inst/inst/grp_gemv_kernel_Pipeline_PACK_PREFILL_ROW2_fu_635/ap_clk
    SLICE_X58Y82         FDRE                                         r  bd_0_i/hls_inst/inst/grp_gemv_kernel_Pipeline_PACK_PREFILL_ROW2_fu_635/icmp_ln81_reg_242_reg[0]/C
  -------------------------------------------------------------------    -------------------
    SLICE_X58Y82         FDRE (Prop_HFF_SLICEL_C_Q)
                                                      0.079     0.108 r  bd_0_i/hls_inst/inst/grp_gemv_kernel_Pipeline_PACK_PREFILL_ROW2_fu_635/icmp_ln81_reg_242_reg[0]/Q
                         net (fo=15, routed)          0.205     0.313    bd_0_i/hls_inst/inst/grp_gemv_kernel_Pipeline_PACK_PREFILL_ROW2_fu_635/icmp_ln81_reg_242_reg_n_0_[0]
    SLICE_X57Y81         LUT4 (Prop_B6LUT_SLICEM_I3_O)
                                                      0.089     0.402 f  bd_0_i/hls_inst/inst/grp_gemv_kernel_Pipeline_PACK_PREFILL_ROW2_fu_635/bus_wide_gen.data_valid_i_57/O
                         net (fo=1, routed)           0.192     0.594    bd_0_i/hls_inst/inst/grp_gemv_kernel_Pipeline_PACK_PREFILL_ROW2_fu_635/bus_wide_gen.data_valid_i_57_n_0
    SLICE_X57Y80         LUT6 (Prop_F6LUT_SLICEM_I2_O)
                                                      0.098     0.692 f  bd_0_i/hls_inst/inst/grp_gemv_kernel_Pipeline_PACK_PREFILL_ROW2_fu_635/bus_wide_gen.data_valid_i_32/O
                         net (fo=1, routed)           0.083     0.775    bd_0_i/hls_inst/inst/grp_gemv_kernel_Pipeline_PACK_PREFILL_ROW1_fu_614/bus_wide_gen.data_valid_i_2_2
    SLICE_X57Y79         LUT6 (Prop_G6LUT_SLICEM_I4_O)
                                                      0.090     0.865 f  bd_0_i/hls_inst/inst/grp_gemv_kernel_Pipeline_PACK_PREFILL_ROW1_fu_614/bus_wide_gen.data_valid_i_8/O
                         net (fo=1, routed)           0.128     0.993    bd_0_i/hls_inst/inst/grp_gemv_kernel_Pipeline_PACK_DECODING_ROW10_fu_835/bus_wide_gen.data_valid_reg_4
    SLICE_X58Y78         LUT6 (Prop_C6LUT_SLICEL_I3_O)
                                                      0.088     1.081 f  bd_0_i/hls_inst/inst/grp_gemv_kernel_Pipeline_PACK_DECODING_ROW10_fu_835/bus_wide_gen.data_valid_i_2/O
                         net (fo=7, routed)           0.172     1.254    bd_0_i/hls_inst/inst/gmem_m_axi_U/load_unit/bus_wide_gen.rreq_offset/U_fifo_srl/bus_wide_gen.ready_for_data__0
    SLICE_X59Y78         LUT6 (Prop_F6LUT_SLICEL_I4_O)
                                                      0.123     1.377 f  bd_0_i/hls_inst/inst/gmem_m_axi_U/load_unit/bus_wide_gen.rreq_offset/U_fifo_srl/bus_wide_gen.split_cnt_buf[1]_i_4/O
                         net (fo=17, routed)          0.090     1.467    bd_0_i/hls_inst/inst/gmem_m_axi_U/load_unit/bus_wide_gen.rreq_offset/U_fifo_srl/bus_wide_gen.first_split
    SLICE_X59Y77         LUT6 (Prop_H6LUT_SLICEL_I2_O)
                                                      0.036     1.503 f  bd_0_i/hls_inst/inst/gmem_m_axi_U/load_unit/bus_wide_gen.rreq_offset/U_fifo_srl/bus_wide_gen.data_buf[19]_i_3/O
                         net (fo=5, routed)           0.070     1.573    bd_0_i/hls_inst/inst/gmem_m_axi_U/load_unit/bus_wide_gen.rreq_offset/U_fifo_srl/bus_wide_gen.data_buf[19]_i_3_n_0
    SLICE_X59Y77         LUT3 (Prop_B6LUT_SLICEL_I2_O)
                                                      0.148     1.721 r  bd_0_i/hls_inst/inst/gmem_m_axi_U/load_unit/bus_wide_gen.rreq_offset/U_fifo_srl/bus_wide_gen.data_buf[27]_i_1/O
                         net (fo=4, routed)           0.160     1.881    bd_0_i/hls_inst/inst/gmem_m_axi_U/load_unit/bus_wide_gen.rreq_offset_n_29
    SLICE_X59Y77         FDRE                                         r  bd_0_i/hls_inst/inst/gmem_m_axi_U/load_unit/bus_wide_gen.data_buf_reg[27]/R
  -------------------------------------------------------------------    -------------------

                         (clock ap_clk rise edge)     2.020     2.020 r  
                                                      0.000     2.020 r  ap_clk (IN)
                         net (fo=15512, unset)        0.020     2.040    bd_0_i/hls_inst/inst/gmem_m_axi_U/load_unit/ap_clk
    SLICE_X59Y77         FDRE                                         r  bd_0_i/hls_inst/inst/gmem_m_axi_U/load_unit/bus_wide_gen.data_buf_reg[27]/C
                         clock pessimism              0.000     2.040    
                         clock uncertainty           -0.035     2.005    
    SLICE_X59Y77         FDRE (Setup_FFF2_SLICEL_C_R)
                                                     -0.074     1.931    bd_0_i/hls_inst/inst/gmem_m_axi_U/load_unit/bus_wide_gen.data_buf_reg[27]
  -------------------------------------------------------------------
                         required time                          1.931    
                         arrival time                          -1.881    
  -------------------------------------------------------------------
                         slack                                  0.049    

Slack (MET) :             0.055ns  (required time - arrival time)
  Source:                 bd_0_i/hls_inst/inst/ap_CS_fsm_reg[1092]/C
                            (rising edge-triggered cell FDRE clocked by ap_clk  {rise@0.000ns fall@1.010ns period=2.020ns})
  Destination:            bd_0_i/hls_inst/inst/w5_arr_V_U/q0_reg[2]/D
                            (rising edge-triggered cell FDRE clocked by ap_clk  {rise@0.000ns fall@1.010ns period=2.020ns})
  Path Group:             ap_clk
  Path Type:              Setup (Max at Slow Process Corner)
  Requirement:            2.020ns  (ap_clk rise@2.020ns - ap_clk rise@0.000ns)
  Data Path Delay:        1.947ns  (logic 0.547ns (28.088%)  route 1.400ns (71.912%))
  Logic Levels:           5  (LUT3=1 LUT6=3 RAMS64E=1)
  Clock Path Skew:        -0.007ns (DCD - SCD + CPR)
    Destination Clock Delay (DCD):    0.021ns = ( 2.041 - 2.020 ) 
    Source Clock Delay      (SCD):    0.028ns
    Clock Pessimism Removal (CPR):    0.000ns
  Clock Uncertainty:      0.035ns  ((TSJ^2 + TIJ^2)^1/2 + DJ) / 2 + PE
    Total System Jitter     (TSJ):    0.071ns
    Total Input Jitter      (TIJ):    0.000ns
    Discrete Jitter          (DJ):    0.000ns
    Phase Error              (PE):    0.000ns

    Location             Delay type                Incr(ns)  Path(ns)    Netlist Resource(s)
  -------------------------------------------------------------------    -------------------
                         (clock ap_clk rise edge)     0.000     0.000 r  
                                                      0.000     0.000 r  ap_clk (IN)
                         net (fo=15512, unset)        0.028     0.028    bd_0_i/hls_inst/inst/ap_clk
    SLICE_X58Y75         FDRE                                         r  bd_0_i/hls_inst/inst/ap_CS_fsm_reg[1092]/C
  -------------------------------------------------------------------    -------------------
    SLICE_X58Y75         FDRE (Prop_CFF_SLICEL_C_Q)
                                                      0.079     0.107 r  bd_0_i/hls_inst/inst/ap_CS_fsm_reg[1092]/Q
                         net (fo=67, routed)          0.120     0.227    bd_0_i/hls_inst/inst/w7_arr_V_U/ap_CS_fsm_state1093
    SLICE_X58Y75         LUT3 (Prop_E6LUT_SLICEL_I0_O)
                                                      0.099     0.326 r  bd_0_i/hls_inst/inst/w7_arr_V_U/ram_reg_0_63_0_0_i_36__2/O
                         net (fo=19, routed)          0.237     0.563    bd_0_i/hls_inst/inst/w2_arr_V_U/ram_reg_0_63_0_0_i_35__1
    SLICE_X54Y75         LUT6 (Prop_E6LUT_SLICEL_I0_O)
                                                      0.123     0.686 r  bd_0_i/hls_inst/inst/w2_arr_V_U/ram_reg_0_63_0_0_i_12__4/O
                         net (fo=30, routed)          0.174     0.859    bd_0_i/hls_inst/inst/grp_gemv_kernel_Pipeline_PACK_DECODING_ROW14_fu_919/ram_reg_0_63_0_0_i_8__2
    SLICE_X54Y75         LUT6 (Prop_G6LUT_SLICEL_I5_O)
                                                      0.097     0.956 r  bd_0_i/hls_inst/inst/grp_gemv_kernel_Pipeline_PACK_DECODING_ROW14_fu_919/ram_reg_0_63_0_0_i_25__0/O
                         net (fo=3, routed)           0.279     1.235    bd_0_i/hls_inst/inst/grp_gemv_kernel_Pipeline_PACK_PREFILL_ROW5_fu_698/flow_control_loop_pipe_sequential_init_U/q0_reg[0]_6
    SLICE_X52Y77         LUT6 (Prop_C6LUT_SLICEM_I5_O)
                                                      0.051     1.286 r  bd_0_i/hls_inst/inst/grp_gemv_kernel_Pipeline_PACK_PREFILL_ROW5_fu_698/flow_control_loop_pipe_sequential_init_U/ram_reg_0_63_0_0_i_5__2/O
                         net (fo=16, routed)          0.319     1.605    bd_0_i/hls_inst/inst/w5_arr_V_U/ram_reg_0_63_2_2/A2
    SLICE_X53Y76         RAMS64E (Prop_F6LUT_SLICEM_ADR2_O)
                                                      0.098     1.703 r  bd_0_i/hls_inst/inst/w5_arr_V_U/ram_reg_0_63_2_2/SP/O
                         net (fo=1, routed)           0.272     1.975    bd_0_i/hls_inst/inst/w5_arr_V_U/q00__1[2]
    SLICE_X52Y77         FDRE                                         r  bd_0_i/hls_inst/inst/w5_arr_V_U/q0_reg[2]/D
  -------------------------------------------------------------------    -------------------

                         (clock ap_clk rise edge)     2.020     2.020 r  
                                                      0.000     2.020 r  ap_clk (IN)
                         net (fo=15512, unset)        0.021     2.041    bd_0_i/hls_inst/inst/w5_arr_V_U/ap_clk
    SLICE_X52Y77         FDRE                                         r  bd_0_i/hls_inst/inst/w5_arr_V_U/q0_reg[2]/C
                         clock pessimism              0.000     2.041    
                         clock uncertainty           -0.035     2.006    
    SLICE_X52Y77         FDRE (Setup_BFF2_SLICEM_C_D)
                                                      0.025     2.031    bd_0_i/hls_inst/inst/w5_arr_V_U/q0_reg[2]
  -------------------------------------------------------------------
                         required time                          2.031    
                         arrival time                          -1.975    
  -------------------------------------------------------------------
                         slack                                  0.055    





Min Delay Paths
--------------------------------------------------------------------------------------
Slack (MET) :             0.023ns  (arrival time - required time)
  Source:                 bd_0_i/hls_inst/inst/grp_Hybrid_INT4_INT4_PD_fu_940/col_gen[7].row_gen[7].dsp_core/LSB_Res4_r2_reg[1]/C
                            (rising edge-triggered cell FDRE clocked by ap_clk  {rise@0.000ns fall@1.010ns period=2.020ns})
  Destination:            bd_0_i/hls_inst/inst/grp_Hybrid_INT4_INT4_PD_fu_940/col_gen[7].row_gen[7].dsp_core/LSB_Res4_r3_reg[1]/D
                            (rising edge-triggered cell FDRE clocked by ap_clk  {rise@0.000ns fall@1.010ns period=2.020ns})
  Path Group:             ap_clk
  Path Type:              Hold (Min at Fast Process Corner)
  Requirement:            0.000ns  (ap_clk rise@0.000ns - ap_clk rise@0.000ns)
  Data Path Delay:        0.076ns  (logic 0.039ns (51.316%)  route 0.037ns (48.684%))
  Logic Levels:           0  
  Clock Path Skew:        0.006ns (DCD - SCD - CPR)
    Destination Clock Delay (DCD):    0.019ns
    Source Clock Delay      (SCD):    0.013ns
    Clock Pessimism Removal (CPR):    -0.000ns

    Location             Delay type                Incr(ns)  Path(ns)    Netlist Resource(s)
  -------------------------------------------------------------------    -------------------
                         (clock ap_clk rise edge)     0.000     0.000 r  
                                                      0.000     0.000 r  ap_clk (IN)
                         net (fo=15512, unset)        0.013     0.013    bd_0_i/hls_inst/inst/grp_Hybrid_INT4_INT4_PD_fu_940/col_gen[7].row_gen[7].dsp_core/ap_clk
    SLICE_X48Y59         FDRE                                         r  bd_0_i/hls_inst/inst/grp_Hybrid_INT4_INT4_PD_fu_940/col_gen[7].row_gen[7].dsp_core/LSB_Res4_r2_reg[1]/C
  -------------------------------------------------------------------    -------------------
    SLICE_X48Y59         FDRE (Prop_HFF_SLICEM_C_Q)
                                                      0.039     0.052 r  bd_0_i/hls_inst/inst/grp_Hybrid_INT4_INT4_PD_fu_940/col_gen[7].row_gen[7].dsp_core/LSB_Res4_r2_reg[1]/Q
                         net (fo=1, routed)           0.037     0.089    bd_0_i/hls_inst/inst/grp_Hybrid_INT4_INT4_PD_fu_940/col_gen[7].row_gen[7].dsp_core/LSB_Res4_r2[1]
    SLICE_X48Y59         FDRE                                         r  bd_0_i/hls_inst/inst/grp_Hybrid_INT4_INT4_PD_fu_940/col_gen[7].row_gen[7].dsp_core/LSB_Res4_r3_reg[1]/D
  -------------------------------------------------------------------    -------------------

                         (clock ap_clk rise edge)     0.000     0.000 r  
                                                      0.000     0.000 r  ap_clk (IN)
                         net (fo=15512, unset)        0.019     0.019    bd_0_i/hls_inst/inst/grp_Hybrid_INT4_INT4_PD_fu_940/col_gen[7].row_gen[7].dsp_core/ap_clk
    SLICE_X48Y59         FDRE                                         r  bd_0_i/hls_inst/inst/grp_Hybrid_INT4_INT4_PD_fu_940/col_gen[7].row_gen[7].dsp_core/LSB_Res4_r3_reg[1]/C
                         clock pessimism              0.000     0.019    
    SLICE_X48Y59         FDRE (Hold_HFF2_SLICEM_C_D)
                                                      0.047     0.066    bd_0_i/hls_inst/inst/grp_Hybrid_INT4_INT4_PD_fu_940/col_gen[7].row_gen[7].dsp_core/LSB_Res4_r3_reg[1]
  -------------------------------------------------------------------
                         required time                         -0.066    
                         arrival time                           0.089    
  -------------------------------------------------------------------
                         slack                                  0.023    

Slack (MET) :             0.024ns  (arrival time - required time)
  Source:                 bd_0_i/hls_inst/inst/ap_CS_fsm_reg_r_63/C
                            (rising edge-triggered cell FDRE clocked by ap_clk  {rise@0.000ns fall@1.010ns period=2.020ns})
  Destination:            bd_0_i/hls_inst/inst/ap_CS_fsm_reg_r_64/D
                            (rising edge-triggered cell FDRE clocked by ap_clk  {rise@0.000ns fall@1.010ns period=2.020ns})
  Path Group:             ap_clk
  Path Type:              Hold (Min at Fast Process Corner)
  Requirement:            0.000ns  (ap_clk rise@0.000ns - ap_clk rise@0.000ns)
  Data Path Delay:        0.077ns  (logic 0.039ns (50.649%)  route 0.038ns (49.351%))
  Logic Levels:           0  
  Clock Path Skew:        0.006ns (DCD - SCD - CPR)
    Destination Clock Delay (DCD):    0.019ns
    Source Clock Delay      (SCD):    0.013ns
    Clock Pessimism Removal (CPR):    -0.000ns

    Location             Delay type                Incr(ns)  Path(ns)    Netlist Resource(s)
  -------------------------------------------------------------------    -------------------
                         (clock ap_clk rise edge)     0.000     0.000 r  
                                                      0.000     0.000 r  ap_clk (IN)
                         net (fo=15512, unset)        0.013     0.013    bd_0_i/hls_inst/inst/ap_clk
    SLICE_X72Y77         FDRE                                         r  bd_0_i/hls_inst/inst/ap_CS_fsm_reg_r_63/C
  -------------------------------------------------------------------    -------------------
    SLICE_X72Y77         FDRE (Prop_HFF_SLICEM_C_Q)
                                                      0.039     0.052 r  bd_0_i/hls_inst/inst/ap_CS_fsm_reg_r_63/Q
                         net (fo=1, routed)           0.038     0.090    bd_0_i/hls_inst/inst/ap_CS_fsm_reg_r_63_n_0
    SLICE_X72Y77         FDRE                                         r  bd_0_i/hls_inst/inst/ap_CS_fsm_reg_r_64/D
  -------------------------------------------------------------------    -------------------

                         (clock ap_clk rise edge)     0.000     0.000 r  
                                                      0.000     0.000 r  ap_clk (IN)
                         net (fo=15512, unset)        0.019     0.019    bd_0_i/hls_inst/inst/ap_clk
    SLICE_X72Y77         FDRE                                         r  bd_0_i/hls_inst/inst/ap_CS_fsm_reg_r_64/C
                         clock pessimism              0.000     0.019    
    SLICE_X72Y77         FDRE (Hold_HFF2_SLICEM_C_D)
                                                      0.047     0.066    bd_0_i/hls_inst/inst/ap_CS_fsm_reg_r_64
  -------------------------------------------------------------------
                         required time                         -0.066    
                         arrival time                           0.090    
  -------------------------------------------------------------------
                         slack                                  0.024    

Slack (MET) :             0.024ns  (arrival time - required time)
  Source:                 bd_0_i/hls_inst/inst/grp_Hybrid_INT4_INT4_PD_fu_940/col_gen[0].row_gen[2].dsp_core/mode_r2_reg/C
                            (rising edge-triggered cell FDRE clocked by ap_clk  {rise@0.000ns fall@1.010ns period=2.020ns})
  Destination:            bd_0_i/hls_inst/inst/grp_Hybrid_INT4_INT4_PD_fu_940/col_gen[0].row_gen[2].dsp_core/mode_r3_reg/D
                            (rising edge-triggered cell FDRE clocked by ap_clk  {rise@0.000ns fall@1.010ns period=2.020ns})
  Path Group:             ap_clk
  Path Type:              Hold (Min at Fast Process Corner)
  Requirement:            0.000ns  (ap_clk rise@0.000ns - ap_clk rise@0.000ns)
  Data Path Delay:        0.077ns  (logic 0.039ns (50.649%)  route 0.038ns (49.351%))
  Logic Levels:           0  
  Clock Path Skew:        0.006ns (DCD - SCD - CPR)
    Destination Clock Delay (DCD):    0.019ns
    Source Clock Delay      (SCD):    0.013ns
    Clock Pessimism Removal (CPR):    -0.000ns

    Location             Delay type                Incr(ns)  Path(ns)    Netlist Resource(s)
  -------------------------------------------------------------------    -------------------
                         (clock ap_clk rise edge)     0.000     0.000 r  
                                                      0.000     0.000 r  ap_clk (IN)
                         net (fo=15512, unset)        0.013     0.013    bd_0_i/hls_inst/inst/grp_Hybrid_INT4_INT4_PD_fu_940/col_gen[0].row_gen[2].dsp_core/ap_clk
    SLICE_X71Y43         FDRE                                         r  bd_0_i/hls_inst/inst/grp_Hybrid_INT4_INT4_PD_fu_940/col_gen[0].row_gen[2].dsp_core/mode_r2_reg/C
  -------------------------------------------------------------------    -------------------
    SLICE_X71Y43         FDRE (Prop_HFF_SLICEM_C_Q)
                                                      0.039     0.052 r  bd_0_i/hls_inst/inst/grp_Hybrid_INT4_INT4_PD_fu_940/col_gen[0].row_gen[2].dsp_core/mode_r2_reg/Q
                         net (fo=1, routed)           0.038     0.090    bd_0_i/hls_inst/inst/grp_Hybrid_INT4_INT4_PD_fu_940/col_gen[0].row_gen[2].dsp_core/mode_r2
    SLICE_X71Y43         FDRE                                         r  bd_0_i/hls_inst/inst/grp_Hybrid_INT4_INT4_PD_fu_940/col_gen[0].row_gen[2].dsp_core/mode_r3_reg/D
  -------------------------------------------------------------------    -------------------

                         (clock ap_clk rise edge)     0.000     0.000 r  
                                                      0.000     0.000 r  ap_clk (IN)
                         net (fo=15512, unset)        0.019     0.019    bd_0_i/hls_inst/inst/grp_Hybrid_INT4_INT4_PD_fu_940/col_gen[0].row_gen[2].dsp_core/ap_clk
    SLICE_X71Y43         FDRE                                         r  bd_0_i/hls_inst/inst/grp_Hybrid_INT4_INT4_PD_fu_940/col_gen[0].row_gen[2].dsp_core/mode_r3_reg/C
                         clock pessimism              0.000     0.019    
    SLICE_X71Y43         FDRE (Hold_HFF2_SLICEM_C_D)
                                                      0.047     0.066    bd_0_i/hls_inst/inst/grp_Hybrid_INT4_INT4_PD_fu_940/col_gen[0].row_gen[2].dsp_core/mode_r3_reg
  -------------------------------------------------------------------
                         required time                         -0.066    
                         arrival time                           0.090    
  -------------------------------------------------------------------
                         slack                                  0.024    

Slack (MET) :             0.024ns  (arrival time - required time)
  Source:                 bd_0_i/hls_inst/inst/grp_Hybrid_INT4_INT4_PD_fu_940/col_gen[0].row_gen[4].dsp_core/mode_r2_reg/C
                            (rising edge-triggered cell FDRE clocked by ap_clk  {rise@0.000ns fall@1.010ns period=2.020ns})
  Destination:            bd_0_i/hls_inst/inst/grp_Hybrid_INT4_INT4_PD_fu_940/col_gen[0].row_gen[4].dsp_core/mode_r3_reg/D
                            (rising edge-triggered cell FDRE clocked by ap_clk  {rise@0.000ns fall@1.010ns period=2.020ns})
  Path Group:             ap_clk
  Path Type:              Hold (Min at Fast Process Corner)
  Requirement:            0.000ns  (ap_clk rise@0.000ns - ap_clk rise@0.000ns)
  Data Path Delay:        0.077ns  (logic 0.039ns (50.649%)  route 0.038ns (49.351%))
  Logic Levels:           0  
  Clock Path Skew:        0.006ns (DCD - SCD - CPR)
    Destination Clock Delay (DCD):    0.019ns
    Source Clock Delay      (SCD):    0.013ns
    Clock Pessimism Removal (CPR):    -0.000ns

    Location             Delay type                Incr(ns)  Path(ns)    Netlist Resource(s)
  -------------------------------------------------------------------    -------------------
                         (clock ap_clk rise edge)     0.000     0.000 r  
                                                      0.000     0.000 r  ap_clk (IN)
                         net (fo=15512, unset)        0.013     0.013    bd_0_i/hls_inst/inst/grp_Hybrid_INT4_INT4_PD_fu_940/col_gen[0].row_gen[4].dsp_core/ap_clk
    SLICE_X87Y53         FDRE                                         r  bd_0_i/hls_inst/inst/grp_Hybrid_INT4_INT4_PD_fu_940/col_gen[0].row_gen[4].dsp_core/mode_r2_reg/C
  -------------------------------------------------------------------    -------------------
    SLICE_X87Y53         FDRE (Prop_HFF_SLICEM_C_Q)
                                                      0.039     0.052 r  bd_0_i/hls_inst/inst/grp_Hybrid_INT4_INT4_PD_fu_940/col_gen[0].row_gen[4].dsp_core/mode_r2_reg/Q
                         net (fo=1, routed)           0.038     0.090    bd_0_i/hls_inst/inst/grp_Hybrid_INT4_INT4_PD_fu_940/col_gen[0].row_gen[4].dsp_core/mode_r2
    SLICE_X87Y53         FDRE                                         r  bd_0_i/hls_inst/inst/grp_Hybrid_INT4_INT4_PD_fu_940/col_gen[0].row_gen[4].dsp_core/mode_r3_reg/D
  -------------------------------------------------------------------    -------------------

                         (clock ap_clk rise edge)     0.000     0.000 r  
                                                      0.000     0.000 r  ap_clk (IN)
                         net (fo=15512, unset)        0.019     0.019    bd_0_i/hls_inst/inst/grp_Hybrid_INT4_INT4_PD_fu_940/col_gen[0].row_gen[4].dsp_core/ap_clk
    SLICE_X87Y53         FDRE                                         r  bd_0_i/hls_inst/inst/grp_Hybrid_INT4_INT4_PD_fu_940/col_gen[0].row_gen[4].dsp_core/mode_r3_reg/C
                         clock pessimism              0.000     0.019    
    SLICE_X87Y53         FDRE (Hold_HFF2_SLICEM_C_D)
                                                      0.047     0.066    bd_0_i/hls_inst/inst/grp_Hybrid_INT4_INT4_PD_fu_940/col_gen[0].row_gen[4].dsp_core/mode_r3_reg
  -------------------------------------------------------------------
                         required time                         -0.066    
                         arrival time                           0.090    
  -------------------------------------------------------------------
                         slack                                  0.024    

Slack (MET) :             0.024ns  (arrival time - required time)
  Source:                 bd_0_i/hls_inst/inst/grp_Hybrid_INT4_INT4_PD_fu_940/col_gen[1].row_gen[6].dsp_core/mode_r2_reg/C
                            (rising edge-triggered cell FDRE clocked by ap_clk  {rise@0.000ns fall@1.010ns period=2.020ns})
  Destination:            bd_0_i/hls_inst/inst/grp_Hybrid_INT4_INT4_PD_fu_940/col_gen[1].row_gen[6].dsp_core/mode_r3_reg/D
                            (rising edge-triggered cell FDRE clocked by ap_clk  {rise@0.000ns fall@1.010ns period=2.020ns})
  Path Group:             ap_clk
  Path Type:              Hold (Min at Fast Process Corner)
  Requirement:            0.000ns  (ap_clk rise@0.000ns - ap_clk rise@0.000ns)
  Data Path Delay:        0.077ns  (logic 0.039ns (50.649%)  route 0.038ns (49.351%))
  Logic Levels:           0  
  Clock Path Skew:        0.006ns (DCD - SCD - CPR)
    Destination Clock Delay (DCD):    0.019ns
    Source Clock Delay      (SCD):    0.013ns
    Clock Pessimism Removal (CPR):    -0.000ns

    Location             Delay type                Incr(ns)  Path(ns)    Netlist Resource(s)
  -------------------------------------------------------------------    -------------------
                         (clock ap_clk rise edge)     0.000     0.000 r  
                                                      0.000     0.000 r  ap_clk (IN)
                         net (fo=15512, unset)        0.013     0.013    bd_0_i/hls_inst/inst/grp_Hybrid_INT4_INT4_PD_fu_940/col_gen[1].row_gen[6].dsp_core/ap_clk
    SLICE_X74Y45         FDRE                                         r  bd_0_i/hls_inst/inst/grp_Hybrid_INT4_INT4_PD_fu_940/col_gen[1].row_gen[6].dsp_core/mode_r2_reg/C
  -------------------------------------------------------------------    -------------------
    SLICE_X74Y45         FDRE (Prop_HFF_SLICEM_C_Q)
                                                      0.039     0.052 r  bd_0_i/hls_inst/inst/grp_Hybrid_INT4_INT4_PD_fu_940/col_gen[1].row_gen[6].dsp_core/mode_r2_reg/Q
                         net (fo=1, routed)           0.038     0.090    bd_0_i/hls_inst/inst/grp_Hybrid_INT4_INT4_PD_fu_940/col_gen[1].row_gen[6].dsp_core/mode_r2
    SLICE_X74Y45         FDRE                                         r  bd_0_i/hls_inst/inst/grp_Hybrid_INT4_INT4_PD_fu_940/col_gen[1].row_gen[6].dsp_core/mode_r3_reg/D
  -------------------------------------------------------------------    -------------------

                         (clock ap_clk rise edge)     0.000     0.000 r  
                                                      0.000     0.000 r  ap_clk (IN)
                         net (fo=15512, unset)        0.019     0.019    bd_0_i/hls_inst/inst/grp_Hybrid_INT4_INT4_PD_fu_940/col_gen[1].row_gen[6].dsp_core/ap_clk
    SLICE_X74Y45         FDRE                                         r  bd_0_i/hls_inst/inst/grp_Hybrid_INT4_INT4_PD_fu_940/col_gen[1].row_gen[6].dsp_core/mode_r3_reg/C
                         clock pessimism              0.000     0.019    
    SLICE_X74Y45         FDRE (Hold_HFF2_SLICEM_C_D)
                                                      0.047     0.066    bd_0_i/hls_inst/inst/grp_Hybrid_INT4_INT4_PD_fu_940/col_gen[1].row_gen[6].dsp_core/mode_r3_reg
  -------------------------------------------------------------------
                         required time                         -0.066    
                         arrival time                           0.090    
  -------------------------------------------------------------------
                         slack                                  0.024    

Slack (MET) :             0.027ns  (arrival time - required time)
  Source:                 bd_0_i/hls_inst/inst/grp_Hybrid_INT4_INT4_PD_fu_940/col_gen[2].row_gen[5].dsp_core/LSB_Res9_r1_reg[1]/C
                            (rising edge-triggered cell FDRE clocked by ap_clk  {rise@0.000ns fall@1.010ns period=2.020ns})
  Destination:            bd_0_i/hls_inst/inst/grp_Hybrid_INT4_INT4_PD_fu_940/col_gen[2].row_gen[5].dsp_core/LSB_Res9_r2_reg[1]/D
                            (rising edge-triggered cell FDRE clocked by ap_clk  {rise@0.000ns fall@1.010ns period=2.020ns})
  Path Group:             ap_clk
  Path Type:              Hold (Min at Fast Process Corner)
  Requirement:            0.000ns  (ap_clk rise@0.000ns - ap_clk rise@0.000ns)
  Data Path Delay:        0.080ns  (logic 0.039ns (48.843%)  route 0.041ns (51.157%))
  Logic Levels:           0  
  Clock Path Skew:        0.006ns (DCD - SCD - CPR)
    Destination Clock Delay (DCD):    0.019ns
    Source Clock Delay      (SCD):    0.013ns
    Clock Pessimism Removal (CPR):    -0.000ns

    Location             Delay type                Incr(ns)  Path(ns)    Netlist Resource(s)
  -------------------------------------------------------------------    -------------------
                         (clock ap_clk rise edge)     0.000     0.000 r  
                                                      0.000     0.000 r  ap_clk (IN)
                         net (fo=15512, unset)        0.013     0.013    bd_0_i/hls_inst/inst/grp_Hybrid_INT4_INT4_PD_fu_940/col_gen[2].row_gen[5].dsp_core/ap_clk
    SLICE_X71Y29         FDRE                                         r  bd_0_i/hls_inst/inst/grp_Hybrid_INT4_INT4_PD_fu_940/col_gen[2].row_gen[5].dsp_core/LSB_Res9_r1_reg[1]/C
  -------------------------------------------------------------------    -------------------
    SLICE_X71Y29         FDRE (Prop_HFF_SLICEM_C_Q)
                                                      0.039     0.052 r  bd_0_i/hls_inst/inst/grp_Hybrid_INT4_INT4_PD_fu_940/col_gen[2].row_gen[5].dsp_core/LSB_Res9_r1_reg[1]/Q
                         net (fo=2, routed)           0.041     0.093    bd_0_i/hls_inst/inst/grp_Hybrid_INT4_INT4_PD_fu_940/col_gen[2].row_gen[5].dsp_core/LSB_Res9_r1[1]
    SLICE_X71Y29         FDRE                                         r  bd_0_i/hls_inst/inst/grp_Hybrid_INT4_INT4_PD_fu_940/col_gen[2].row_gen[5].dsp_core/LSB_Res9_r2_reg[1]/D
  -------------------------------------------------------------------    -------------------

                         (clock ap_clk rise edge)     0.000     0.000 r  
                                                      0.000     0.000 r  ap_clk (IN)
                         net (fo=15512, unset)        0.019     0.019    bd_0_i/hls_inst/inst/grp_Hybrid_INT4_INT4_PD_fu_940/col_gen[2].row_gen[5].dsp_core/ap_clk
    SLICE_X71Y29         FDRE                                         r  bd_0_i/hls_inst/inst/grp_Hybrid_INT4_INT4_PD_fu_940/col_gen[2].row_gen[5].dsp_core/LSB_Res9_r2_reg[1]/C
                         clock pessimism              0.000     0.019    
    SLICE_X71Y29         FDRE (Hold_EFF2_SLICEM_C_D)
                                                      0.047     0.066    bd_0_i/hls_inst/inst/grp_Hybrid_INT4_INT4_PD_fu_940/col_gen[2].row_gen[5].dsp_core/LSB_Res9_r2_reg[1]
  -------------------------------------------------------------------
                         required time                         -0.066    
                         arrival time                           0.093    
  -------------------------------------------------------------------
                         slack                                  0.027    

Slack (MET) :             0.028ns  (arrival time - required time)
  Source:                 bd_0_i/hls_inst/inst/gmem_m_axi_U/load_unit/fifo_rreq/U_fifo_srl/dout_reg[8]/C
                            (rising edge-triggered cell FDRE clocked by ap_clk  {rise@0.000ns fall@1.010ns period=2.020ns})
  Destination:            bd_0_i/hls_inst/inst/gmem_m_axi_U/load_unit/tmp_addr_reg[8]/D
                            (rising edge-triggered cell FDRE clocked by ap_clk  {rise@0.000ns fall@1.010ns period=2.020ns})
  Path Group:             ap_clk
  Path Type:              Hold (Min at Fast Process Corner)
  Requirement:            0.000ns  (ap_clk rise@0.000ns - ap_clk rise@0.000ns)
  Data Path Delay:        0.081ns  (logic 0.039ns (48.148%)  route 0.042ns (51.852%))
  Logic Levels:           0  
  Clock Path Skew:        0.006ns (DCD - SCD - CPR)
    Destination Clock Delay (DCD):    0.019ns
    Source Clock Delay      (SCD):    0.013ns
    Clock Pessimism Removal (CPR):    -0.000ns

    Location             Delay type                Incr(ns)  Path(ns)    Netlist Resource(s)
  -------------------------------------------------------------------    -------------------
                         (clock ap_clk rise edge)     0.000     0.000 r  
                                                      0.000     0.000 r  ap_clk (IN)
                         net (fo=15512, unset)        0.013     0.013    bd_0_i/hls_inst/inst/gmem_m_axi_U/load_unit/fifo_rreq/U_fifo_srl/ap_clk
    SLICE_X57Y97         FDRE                                         r  bd_0_i/hls_inst/inst/gmem_m_axi_U/load_unit/fifo_rreq/U_fifo_srl/dout_reg[8]/C
  -------------------------------------------------------------------    -------------------
    SLICE_X57Y97         FDRE (Prop_DFF_SLICEM_C_Q)
                                                      0.039     0.052 r  bd_0_i/hls_inst/inst/gmem_m_axi_U/load_unit/fifo_rreq/U_fifo_srl/dout_reg[8]/Q
                         net (fo=1, routed)           0.042     0.094    bd_0_i/hls_inst/inst/gmem_m_axi_U/load_unit/fifo_rreq_n_82
    SLICE_X57Y97         FDRE                                         r  bd_0_i/hls_inst/inst/gmem_m_axi_U/load_unit/tmp_addr_reg[8]/D
  -------------------------------------------------------------------    -------------------

                         (clock ap_clk rise edge)     0.000     0.000 r  
                                                      0.000     0.000 r  ap_clk (IN)
                         net (fo=15512, unset)        0.019     0.019    bd_0_i/hls_inst/inst/gmem_m_axi_U/load_unit/ap_clk
    SLICE_X57Y97         FDRE                                         r  bd_0_i/hls_inst/inst/gmem_m_axi_U/load_unit/tmp_addr_reg[8]/C
                         clock pessimism              0.000     0.019    
    SLICE_X57Y97         FDRE (Hold_CFF2_SLICEM_C_D)
                                                      0.047     0.066    bd_0_i/hls_inst/inst/gmem_m_axi_U/load_unit/tmp_addr_reg[8]
  -------------------------------------------------------------------
                         required time                         -0.066    
                         arrival time                           0.094    
  -------------------------------------------------------------------
                         slack                                  0.028    

Slack (MET) :             0.028ns  (arrival time - required time)
  Source:                 bd_0_i/hls_inst/inst/ap_rst_reg_1_reg/C
                            (rising edge-triggered cell FDRE clocked by ap_clk  {rise@0.000ns fall@1.010ns period=2.020ns})
  Destination:            bd_0_i/hls_inst/inst/ap_rst_n_inv_reg_replica_18/D
                            (rising edge-triggered cell FDRE clocked by ap_clk  {rise@0.000ns fall@1.010ns period=2.020ns})
  Path Group:             ap_clk
  Path Type:              Hold (Min at Fast Process Corner)
  Requirement:            0.000ns  (ap_clk rise@0.000ns - ap_clk rise@0.000ns)
  Data Path Delay:        0.081ns  (logic 0.039ns (48.021%)  route 0.042ns (51.979%))
  Logic Levels:           0  
  Clock Path Skew:        0.006ns (DCD - SCD - CPR)
    Destination Clock Delay (DCD):    0.018ns
    Source Clock Delay      (SCD):    0.012ns
    Clock Pessimism Removal (CPR):    -0.000ns

    Location             Delay type                Incr(ns)  Path(ns)    Netlist Resource(s)
  -------------------------------------------------------------------    -------------------
                         (clock ap_clk rise edge)     0.000     0.000 r  
                                                      0.000     0.000 r  ap_clk (IN)
                         net (fo=15512, unset)        0.012     0.012    bd_0_i/hls_inst/inst/ap_clk
    SLICE_X54Y100        FDRE                                         r  bd_0_i/hls_inst/inst/ap_rst_reg_1_reg/C
  -------------------------------------------------------------------    -------------------
    SLICE_X54Y100        FDRE (Prop_AFF_SLICEL_C_Q)
                                                      0.039     0.051 r  bd_0_i/hls_inst/inst/ap_rst_reg_1_reg/Q
                         net (fo=28, routed)          0.042     0.093    bd_0_i/hls_inst/inst/ap_rst_reg_1
    SLICE_X54Y100        FDRE                                         r  bd_0_i/hls_inst/inst/ap_rst_n_inv_reg_replica_18/D
  -------------------------------------------------------------------    -------------------

                         (clock ap_clk rise edge)     0.000     0.000 r  
                                                      0.000     0.000 r  ap_clk (IN)
                         net (fo=15512, unset)        0.018     0.018    bd_0_i/hls_inst/inst/ap_clk
    SLICE_X54Y100        FDRE                                         r  bd_0_i/hls_inst/inst/ap_rst_n_inv_reg_replica_18/C
                         clock pessimism              0.000     0.018    
    SLICE_X54Y100        FDRE (Hold_CFF2_SLICEL_C_D)
                                                      0.047     0.065    bd_0_i/hls_inst/inst/ap_rst_n_inv_reg_replica_18
  -------------------------------------------------------------------
                         required time                         -0.065    
                         arrival time                           0.093    
  -------------------------------------------------------------------
                         slack                                  0.028    

Slack (MET) :             0.029ns  (arrival time - required time)
  Source:                 bd_0_i/hls_inst/inst/ap_rst_reg_1_reg/C
                            (rising edge-triggered cell FDRE clocked by ap_clk  {rise@0.000ns fall@1.010ns period=2.020ns})
  Destination:            bd_0_i/hls_inst/inst/ap_rst_n_inv_reg_replica_10/D
                            (rising edge-triggered cell FDRE clocked by ap_clk  {rise@0.000ns fall@1.010ns period=2.020ns})
  Path Group:             ap_clk
  Path Type:              Hold (Min at Fast Process Corner)
  Requirement:            0.000ns  (ap_clk rise@0.000ns - ap_clk rise@0.000ns)
  Data Path Delay:        0.082ns  (logic 0.039ns (47.437%)  route 0.043ns (52.563%))
  Logic Levels:           0  
  Clock Path Skew:        0.006ns (DCD - SCD - CPR)
    Destination Clock Delay (DCD):    0.018ns
    Source Clock Delay      (SCD):    0.012ns
    Clock Pessimism Removal (CPR):    -0.000ns

    Location             Delay type                Incr(ns)  Path(ns)    Netlist Resource(s)
  -------------------------------------------------------------------    -------------------
                         (clock ap_clk rise edge)     0.000     0.000 r  
                                                      0.000     0.000 r  ap_clk (IN)
                         net (fo=15512, unset)        0.012     0.012    bd_0_i/hls_inst/inst/ap_clk
    SLICE_X54Y100        FDRE                                         r  bd_0_i/hls_inst/inst/ap_rst_reg_1_reg/C
  -------------------------------------------------------------------    -------------------
    SLICE_X54Y100        FDRE (Prop_AFF_SLICEL_C_Q)
                                                      0.039     0.051 r  bd_0_i/hls_inst/inst/ap_rst_reg_1_reg/Q
                         net (fo=28, routed)          0.043     0.094    bd_0_i/hls_inst/inst/ap_rst_reg_1
    SLICE_X54Y100        FDRE                                         r  bd_0_i/hls_inst/inst/ap_rst_n_inv_reg_replica_10/D
  -------------------------------------------------------------------    -------------------

                         (clock ap_clk rise edge)     0.000     0.000 r  
                                                      0.000     0.000 r  ap_clk (IN)
                         net (fo=15512, unset)        0.018     0.018    bd_0_i/hls_inst/inst/ap_clk
    SLICE_X54Y100        FDRE                                         r  bd_0_i/hls_inst/inst/ap_rst_n_inv_reg_replica_10/C
                         clock pessimism              0.000     0.018    
    SLICE_X54Y100        FDRE (Hold_BFF2_SLICEL_C_D)
                                                      0.047     0.065    bd_0_i/hls_inst/inst/ap_rst_n_inv_reg_replica_10
  -------------------------------------------------------------------
                         required time                         -0.065    
                         arrival time                           0.094    
  -------------------------------------------------------------------
                         slack                                  0.029    

Slack (MET) :             0.031ns  (arrival time - required time)
  Source:                 bd_0_i/hls_inst/inst/grp_Hybrid_INT4_INT4_PD_fu_940/col_gen[0].row_gen[0].dsp_core/LSB_Res6_r2_reg[1]/C
                            (rising edge-triggered cell FDRE clocked by ap_clk  {rise@0.000ns fall@1.010ns period=2.020ns})
  Destination:            bd_0_i/hls_inst/inst/grp_Hybrid_INT4_INT4_PD_fu_940/col_gen[0].row_gen[0].dsp_core/LSB_Res6_r3_reg[1]/D
                            (rising edge-triggered cell FDRE clocked by ap_clk  {rise@0.000ns fall@1.010ns period=2.020ns})
  Path Group:             ap_clk
  Path Type:              Hold (Min at Fast Process Corner)
  Requirement:            0.000ns  (ap_clk rise@0.000ns - ap_clk rise@0.000ns)
  Data Path Delay:        0.083ns  (logic 0.039ns (46.988%)  route 0.044ns (53.012%))
  Logic Levels:           0  
  Clock Path Skew:        0.006ns (DCD - SCD - CPR)
    Destination Clock Delay (DCD):    0.019ns
    Source Clock Delay      (SCD):    0.013ns
    Clock Pessimism Removal (CPR):    -0.000ns

    Location             Delay type                Incr(ns)  Path(ns)    Netlist Resource(s)
  -------------------------------------------------------------------    -------------------
                         (clock ap_clk rise edge)     0.000     0.000 r  
                                                      0.000     0.000 r  ap_clk (IN)
                         net (fo=15512, unset)        0.013     0.013    bd_0_i/hls_inst/inst/grp_Hybrid_INT4_INT4_PD_fu_940/col_gen[0].row_gen[0].dsp_core/ap_clk
    SLICE_X70Y67         FDRE                                         r  bd_0_i/hls_inst/inst/grp_Hybrid_INT4_INT4_PD_fu_940/col_gen[0].row_gen[0].dsp_core/LSB_Res6_r2_reg[1]/C
  -------------------------------------------------------------------    -------------------
    SLICE_X70Y67         FDRE (Prop_GFF_SLICEL_C_Q)
                                                      0.039     0.052 r  bd_0_i/hls_inst/inst/grp_Hybrid_INT4_INT4_PD_fu_940/col_gen[0].row_gen[0].dsp_core/LSB_Res6_r2_reg[1]/Q
                         net (fo=1, routed)           0.044     0.096    bd_0_i/hls_inst/inst/grp_Hybrid_INT4_INT4_PD_fu_940/col_gen[0].row_gen[0].dsp_core/LSB_Res6_r2[1]
    SLICE_X70Y67         FDRE                                         r  bd_0_i/hls_inst/inst/grp_Hybrid_INT4_INT4_PD_fu_940/col_gen[0].row_gen[0].dsp_core/LSB_Res6_r3_reg[1]/D
  -------------------------------------------------------------------    -------------------

                         (clock ap_clk rise edge)     0.000     0.000 r  
                                                      0.000     0.000 r  ap_clk (IN)
                         net (fo=15512, unset)        0.019     0.019    bd_0_i/hls_inst/inst/grp_Hybrid_INT4_INT4_PD_fu_940/col_gen[0].row_gen[0].dsp_core/ap_clk
    SLICE_X70Y67         FDRE                                         r  bd_0_i/hls_inst/inst/grp_Hybrid_INT4_INT4_PD_fu_940/col_gen[0].row_gen[0].dsp_core/LSB_Res6_r3_reg[1]/C
                         clock pessimism              0.000     0.019    
    SLICE_X70Y67         FDRE (Hold_FFF_SLICEL_C_D)
                                                      0.046     0.065    bd_0_i/hls_inst/inst/grp_Hybrid_INT4_INT4_PD_fu_940/col_gen[0].row_gen[0].dsp_core/LSB_Res6_r3_reg[1]
  -------------------------------------------------------------------
                         required time                         -0.065    
                         arrival time                           0.096    
  -------------------------------------------------------------------
                         slack                                  0.031    





Pulse Width Checks
--------------------------------------------------------------------------------------
Clock Name:         ap_clk
Waveform(ns):       { 0.000 1.010 }
Period(ns):         2.020
Sources:            { ap_clk }

Check Type        Corner  Lib Pin             Reference Pin  Required(ns)  Actual(ns)  Slack(ns)  Location      Pin
Min Period        n/a     RAMB36E2/CLKARDCLK  n/a            1.569         2.020       0.451      RAMB36_X3Y16  bd_0_i/hls_inst/inst/gmem_act_m_axi_U/load_unit/buff_rdata/U_fifo_mem/mem_reg_0/CLKARDCLK
Min Period        n/a     RAMB36E2/CLKBWRCLK  n/a            1.569         2.020       0.451      RAMB36_X3Y16  bd_0_i/hls_inst/inst/gmem_act_m_axi_U/load_unit/buff_rdata/U_fifo_mem/mem_reg_0/CLKBWRCLK
Min Period        n/a     RAMB36E2/CLKARDCLK  n/a            1.569         2.020       0.451      RAMB36_X3Y17  bd_0_i/hls_inst/inst/gmem_act_m_axi_U/load_unit/buff_rdata/U_fifo_mem/mem_reg_1/CLKARDCLK
Min Period        n/a     RAMB36E2/CLKBWRCLK  n/a            1.569         2.020       0.451      RAMB36_X3Y17  bd_0_i/hls_inst/inst/gmem_act_m_axi_U/load_unit/buff_rdata/U_fifo_mem/mem_reg_1/CLKBWRCLK
Min Period        n/a     RAMB36E2/CLKARDCLK  n/a            1.569         2.020       0.451      RAMB36_X3Y18  bd_0_i/hls_inst/inst/gmem_act_m_axi_U/load_unit/buff_rdata/U_fifo_mem/mem_reg_2/CLKARDCLK
Min Period        n/a     RAMB36E2/CLKBWRCLK  n/a            1.569         2.020       0.451      RAMB36_X3Y18  bd_0_i/hls_inst/inst/gmem_act_m_axi_U/load_unit/buff_rdata/U_fifo_mem/mem_reg_2/CLKBWRCLK
Min Period        n/a     RAMB36E2/CLKARDCLK  n/a            1.569         2.020       0.451      RAMB36_X3Y19  bd_0_i/hls_inst/inst/gmem_act_m_axi_U/load_unit/buff_rdata/U_fifo_mem/mem_reg_3/CLKARDCLK
Min Period        n/a     RAMB36E2/CLKBWRCLK  n/a            1.569         2.020       0.451      RAMB36_X3Y19  bd_0_i/hls_inst/inst/gmem_act_m_axi_U/load_unit/buff_rdata/U_fifo_mem/mem_reg_3/CLKBWRCLK
Min Period        n/a     RAMB18E2/CLKARDCLK  n/a            1.569         2.020       0.451      RAMB18_X4Y32  bd_0_i/hls_inst/inst/gmem_m_axi_U/load_unit/buff_rdata/U_fifo_mem/mem_reg/CLKARDCLK
Min Period        n/a     RAMB18E2/CLKBWRCLK  n/a            1.569         2.020       0.451      RAMB18_X4Y32  bd_0_i/hls_inst/inst/gmem_m_axi_U/load_unit/buff_rdata/U_fifo_mem/mem_reg/CLKBWRCLK
Low Pulse Width   Slow    RAMB36E2/CLKARDCLK  n/a            0.542         1.010       0.468      RAMB36_X3Y16  bd_0_i/hls_inst/inst/gmem_act_m_axi_U/load_unit/buff_rdata/U_fifo_mem/mem_reg_0/CLKARDCLK
Low Pulse Width   Fast    RAMB36E2/CLKARDCLK  n/a            0.542         1.010       0.468      RAMB36_X3Y16  bd_0_i/hls_inst/inst/gmem_act_m_axi_U/load_unit/buff_rdata/U_fifo_mem/mem_reg_0/CLKARDCLK
Low Pulse Width   Slow    RAMB36E2/CLKBWRCLK  n/a            0.542         1.010       0.468      RAMB36_X3Y16  bd_0_i/hls_inst/inst/gmem_act_m_axi_U/load_unit/buff_rdata/U_fifo_mem/mem_reg_0/CLKBWRCLK
Low Pulse Width   Fast    RAMB36E2/CLKBWRCLK  n/a            0.542         1.010       0.468      RAMB36_X3Y16  bd_0_i/hls_inst/inst/gmem_act_m_axi_U/load_unit/buff_rdata/U_fifo_mem/mem_reg_0/CLKBWRCLK
Low Pulse Width   Slow    RAMB36E2/CLKARDCLK  n/a            0.542         1.010       0.468      RAMB36_X3Y17  bd_0_i/hls_inst/inst/gmem_act_m_axi_U/load_unit/buff_rdata/U_fifo_mem/mem_reg_1/CLKARDCLK
Low Pulse Width   Fast    RAMB36E2/CLKARDCLK  n/a            0.542         1.010       0.468      RAMB36_X3Y17  bd_0_i/hls_inst/inst/gmem_act_m_axi_U/load_unit/buff_rdata/U_fifo_mem/mem_reg_1/CLKARDCLK
Low Pulse Width   Slow    RAMB36E2/CLKBWRCLK  n/a            0.542         1.010       0.468      RAMB36_X3Y17  bd_0_i/hls_inst/inst/gmem_act_m_axi_U/load_unit/buff_rdata/U_fifo_mem/mem_reg_1/CLKBWRCLK
Low Pulse Width   Fast    RAMB36E2/CLKBWRCLK  n/a            0.542         1.010       0.468      RAMB36_X3Y17  bd_0_i/hls_inst/inst/gmem_act_m_axi_U/load_unit/buff_rdata/U_fifo_mem/mem_reg_1/CLKBWRCLK
Low Pulse Width   Slow    RAMB36E2/CLKARDCLK  n/a            0.542         1.010       0.468      RAMB36_X3Y18  bd_0_i/hls_inst/inst/gmem_act_m_axi_U/load_unit/buff_rdata/U_fifo_mem/mem_reg_2/CLKARDCLK
Low Pulse Width   Fast    RAMB36E2/CLKARDCLK  n/a            0.542         1.010       0.468      RAMB36_X3Y18  bd_0_i/hls_inst/inst/gmem_act_m_axi_U/load_unit/buff_rdata/U_fifo_mem/mem_reg_2/CLKARDCLK
High Pulse Width  Slow    RAMB36E2/CLKARDCLK  n/a            0.542         1.010       0.468      RAMB36_X3Y16  bd_0_i/hls_inst/inst/gmem_act_m_axi_U/load_unit/buff_rdata/U_fifo_mem/mem_reg_0/CLKARDCLK
High Pulse Width  Fast    RAMB36E2/CLKARDCLK  n/a            0.542         1.010       0.468      RAMB36_X3Y16  bd_0_i/hls_inst/inst/gmem_act_m_axi_U/load_unit/buff_rdata/U_fifo_mem/mem_reg_0/CLKARDCLK
High Pulse Width  Slow    RAMB36E2/CLKBWRCLK  n/a            0.542         1.010       0.468      RAMB36_X3Y16  bd_0_i/hls_inst/inst/gmem_act_m_axi_U/load_unit/buff_rdata/U_fifo_mem/mem_reg_0/CLKBWRCLK
High Pulse Width  Fast    RAMB36E2/CLKBWRCLK  n/a            0.542         1.010       0.468      RAMB36_X3Y16  bd_0_i/hls_inst/inst/gmem_act_m_axi_U/load_unit/buff_rdata/U_fifo_mem/mem_reg_0/CLKBWRCLK
High Pulse Width  Slow    RAMB36E2/CLKARDCLK  n/a            0.542         1.010       0.468      RAMB36_X3Y17  bd_0_i/hls_inst/inst/gmem_act_m_axi_U/load_unit/buff_rdata/U_fifo_mem/mem_reg_1/CLKARDCLK
High Pulse Width  Fast    RAMB36E2/CLKARDCLK  n/a            0.542         1.010       0.468      RAMB36_X3Y17  bd_0_i/hls_inst/inst/gmem_act_m_axi_U/load_unit/buff_rdata/U_fifo_mem/mem_reg_1/CLKARDCLK
High Pulse Width  Slow    RAMB36E2/CLKBWRCLK  n/a            0.542         1.010       0.468      RAMB36_X3Y17  bd_0_i/hls_inst/inst/gmem_act_m_axi_U/load_unit/buff_rdata/U_fifo_mem/mem_reg_1/CLKBWRCLK
High Pulse Width  Fast    RAMB36E2/CLKBWRCLK  n/a            0.542         1.010       0.468      RAMB36_X3Y17  bd_0_i/hls_inst/inst/gmem_act_m_axi_U/load_unit/buff_rdata/U_fifo_mem/mem_reg_1/CLKBWRCLK
High Pulse Width  Slow    RAMB36E2/CLKARDCLK  n/a            0.542         1.010       0.468      RAMB36_X3Y18  bd_0_i/hls_inst/inst/gmem_act_m_axi_U/load_unit/buff_rdata/U_fifo_mem/mem_reg_2/CLKARDCLK
High Pulse Width  Fast    RAMB36E2/CLKARDCLK  n/a            0.542         1.010       0.468      RAMB36_X3Y18  bd_0_i/hls_inst/inst/gmem_act_m_axi_U/load_unit/buff_rdata/U_fifo_mem/mem_reg_2/CLKARDCLK



--------------------------------------------------------------------------------------
Path Group:  (none)
From Clock:  ap_clk
  To Clock:  

Max Delay           529 Endpoints
Min Delay           529 Endpoints
--------------------------------------------------------------------------------------


Max Delay Paths
--------------------------------------------------------------------------------------
Slack:                    inf
  Source:                 bd_0_i/hls_inst/inst/gmem_out_m_axi_U/bus_write/wreq_throttle/last_cnt_reg[0]/C
                            (rising edge-triggered cell FDRE clocked by ap_clk  {rise@0.000ns fall@1.010ns period=2.020ns})
  Destination:            m_axi_gmem_out_wvalid
                            (output port)
  Path Group:             (none)
  Path Type:              Max at Slow Process Corner
  Data Path Delay:        0.751ns  (logic 0.303ns (40.370%)  route 0.448ns (59.630%))
  Logic Levels:           2  (LUT3=1 LUT5=1)
  Clock Uncertainty:      0.025ns  ((TSJ^2 + TIJ^2)^1/2 + DJ) / 2 + PE
    Total System Jitter     (TSJ):    0.050ns
    Total Input Jitter      (TIJ):    0.000ns
    Discrete Jitter          (DJ):    0.000ns
    Phase Error              (PE):    0.000ns

    Location             Delay type                Incr(ns)  Path(ns)    Netlist Resource(s)
  -------------------------------------------------------------------    -------------------
                         (clock ap_clk rise edge)     0.000     0.000 r  
                                                      0.000     0.000 r  ap_clk (IN)
                         net (fo=15512, unset)        0.028     0.028    bd_0_i/hls_inst/inst/gmem_out_m_axi_U/bus_write/wreq_throttle/ap_clk
    SLICE_X89Y90         FDRE                                         r  bd_0_i/hls_inst/inst/gmem_out_m_axi_U/bus_write/wreq_throttle/last_cnt_reg[0]/C
  -------------------------------------------------------------------    -------------------
    SLICE_X89Y90         FDRE (Prop_BFF2_SLICEL_C_Q)
                                                      0.080     0.108 r  bd_0_i/hls_inst/inst/gmem_out_m_axi_U/bus_write/wreq_throttle/last_cnt_reg[0]/Q
                         net (fo=5, routed)           0.231     0.339    bd_0_i/hls_inst/inst/gmem_out_m_axi_U/bus_write/wreq_throttle/data_fifo/U_fifo_srl/Q[0]
    SLICE_X87Y90         LUT5 (Prop_C6LUT_SLICEM_I2_O)
                                                      0.088     0.427 r  bd_0_i/hls_inst/inst/gmem_out_m_axi_U/bus_write/wreq_throttle/data_fifo/U_fifo_srl/m_axi_gmem_out_WVALID_INST_0_i_1/O
                         net (fo=7, routed)           0.182     0.609    bd_0_i/hls_inst/inst/gmem_out_m_axi_U/bus_write/wreq_throttle/data_fifo/data_en__3
    SLICE_X85Y87         LUT3 (Prop_D5LUT_SLICEM_I2_O)
                                                      0.135     0.744 r  bd_0_i/hls_inst/inst/gmem_out_m_axi_U/bus_write/wreq_throttle/data_fifo/m_axi_gmem_out_WVALID_INST_0/O
                         net (fo=0)                   0.035     0.779    m_axi_gmem_out_wvalid
                                                                      r  m_axi_gmem_out_wvalid (OUT)
  -------------------------------------------------------------------    -------------------

Slack:                    inf
  Source:                 bd_0_i/hls_inst/inst/gmem_act_m_axi_U/bus_read/rreq_burst_conv/could_multi_bursts.burst_valid_reg/C
                            (rising edge-triggered cell FDRE clocked by ap_clk  {rise@0.000ns fall@1.010ns period=2.020ns})
  Destination:            m_axi_gmem_act_arvalid
                            (output port)
  Path Group:             (none)
  Path Type:              Max at Slow Process Corner
  Data Path Delay:        0.080ns  (logic 0.080ns (100.000%)  route 0.000ns (0.000%))
  Logic Levels:           0  
  Clock Uncertainty:      0.025ns  ((TSJ^2 + TIJ^2)^1/2 + DJ) / 2 + PE
    Total System Jitter     (TSJ):    0.050ns
    Total Input Jitter      (TIJ):    0.000ns
    Discrete Jitter          (DJ):    0.000ns
    Phase Error              (PE):    0.000ns

    Location             Delay type                Incr(ns)  Path(ns)    Netlist Resource(s)
  -------------------------------------------------------------------    -------------------
                         (clock ap_clk rise edge)     0.000     0.000 r  
                                                      0.000     0.000 r  ap_clk (IN)
                         net (fo=15512, unset)        0.030     0.030    bd_0_i/hls_inst/inst/gmem_act_m_axi_U/bus_read/rreq_burst_conv/ap_clk
    SLICE_X63Y129        FDRE                                         r  bd_0_i/hls_inst/inst/gmem_act_m_axi_U/bus_read/rreq_burst_conv/could_multi_bursts.burst_valid_reg/C
  -------------------------------------------------------------------    -------------------
    SLICE_X63Y129        FDRE (Prop_DFF2_SLICEM_C_Q)
                                                      0.080     0.110 r  bd_0_i/hls_inst/inst/gmem_act_m_axi_U/bus_read/rreq_burst_conv/could_multi_bursts.burst_valid_reg/Q
                         net (fo=6, unset)            0.000     0.110    m_axi_gmem_act_arvalid
                                                                      r  m_axi_gmem_act_arvalid (OUT)
  -------------------------------------------------------------------    -------------------

Slack:                    inf
  Source:                 bd_0_i/hls_inst/inst/gmem_m_axi_U/bus_read/rreq_burst_conv/could_multi_bursts.len_buf_reg[3]/C
                            (rising edge-triggered cell FDRE clocked by ap_clk  {rise@0.000ns fall@1.010ns period=2.020ns})
  Destination:            m_axi_gmem_arlen[3]
                            (output port)
  Path Group:             (none)
  Path Type:              Max at Slow Process Corner
  Data Path Delay:        0.081ns  (logic 0.081ns (100.000%)  route 0.000ns (0.000%))
  Logic Levels:           0  
  Clock Uncertainty:      0.025ns  ((TSJ^2 + TIJ^2)^1/2 + DJ) / 2 + PE
    Total System Jitter     (TSJ):    0.050ns
    Total Input Jitter      (TIJ):    0.000ns
    Discrete Jitter          (DJ):    0.000ns
    Phase Error              (PE):    0.000ns

    Location             Delay type                Incr(ns)  Path(ns)    Netlist Resource(s)
  -------------------------------------------------------------------    -------------------
                         (clock ap_clk rise edge)     0.000     0.000 r  
                                                      0.000     0.000 r  ap_clk (IN)
                         net (fo=15512, unset)        0.029     0.029    bd_0_i/hls_inst/inst/gmem_m_axi_U/bus_read/rreq_burst_conv/ap_clk
    SLICE_X55Y99         FDRE                                         r  bd_0_i/hls_inst/inst/gmem_m_axi_U/bus_read/rreq_burst_conv/could_multi_bursts.len_buf_reg[3]/C
  -------------------------------------------------------------------    -------------------
    SLICE_X55Y99         FDRE (Prop_GFF2_SLICEL_C_Q)
                                                      0.081     0.110 r  bd_0_i/hls_inst/inst/gmem_m_axi_U/bus_read/rreq_burst_conv/could_multi_bursts.len_buf_reg[3]/Q
                         net (fo=0)                   0.000     0.110    m_axi_gmem_arlen[3]
                                                                      r  m_axi_gmem_arlen[3] (OUT)
  -------------------------------------------------------------------    -------------------

Slack:                    inf
  Source:                 bd_0_i/hls_inst/inst/gmem_out_m_axi_U/bus_write/wreq_throttle/data_fifo/U_fifo_srl/dout_reg[103]/C
                            (rising edge-triggered cell FDRE clocked by ap_clk  {rise@0.000ns fall@1.010ns period=2.020ns})
  Destination:            m_axi_gmem_out_wdata[103]
                            (output port)
  Path Group:             (none)
  Path Type:              Max at Slow Process Corner
  Data Path Delay:        0.080ns  (logic 0.080ns (100.000%)  route 0.000ns (0.000%))
  Logic Levels:           0  
  Clock Uncertainty:      0.025ns  ((TSJ^2 + TIJ^2)^1/2 + DJ) / 2 + PE
    Total System Jitter     (TSJ):    0.050ns
    Total Input Jitter      (TIJ):    0.000ns
    Discrete Jitter          (DJ):    0.000ns
    Phase Error              (PE):    0.000ns

    Location             Delay type                Incr(ns)  Path(ns)    Netlist Resource(s)
  -------------------------------------------------------------------    -------------------
                         (clock ap_clk rise edge)     0.000     0.000 r  
                                                      0.000     0.000 r  ap_clk (IN)
                         net (fo=15512, unset)        0.030     0.030    bd_0_i/hls_inst/inst/gmem_out_m_axi_U/bus_write/wreq_throttle/data_fifo/U_fifo_srl/ap_clk
    SLICE_X88Y77         FDRE                                         r  bd_0_i/hls_inst/inst/gmem_out_m_axi_U/bus_write/wreq_throttle/data_fifo/U_fifo_srl/dout_reg[103]/C
  -------------------------------------------------------------------    -------------------
    SLICE_X88Y77         FDRE (Prop_AFF2_SLICEM_C_Q)
                                                      0.080     0.110 r  bd_0_i/hls_inst/inst/gmem_out_m_axi_U/bus_write/wreq_throttle/data_fifo/U_fifo_srl/dout_reg[103]/Q
                         net (fo=0)                   0.000     0.110    m_axi_gmem_out_wdata[103]
                                                                      r  m_axi_gmem_out_wdata[103] (OUT)
  -------------------------------------------------------------------    -------------------

Slack:                    inf
  Source:                 bd_0_i/hls_inst/inst/gmem_out_m_axi_U/bus_write/wreq_throttle/data_fifo/U_fifo_srl/dout_reg[106]/C
                            (rising edge-triggered cell FDRE clocked by ap_clk  {rise@0.000ns fall@1.010ns period=2.020ns})
  Destination:            m_axi_gmem_out_wdata[106]
                            (output port)
  Path Group:             (none)
  Path Type:              Max at Slow Process Corner
  Data Path Delay:        0.080ns  (logic 0.080ns (100.000%)  route 0.000ns (0.000%))
  Logic Levels:           0  
  Clock Uncertainty:      0.025ns  ((TSJ^2 + TIJ^2)^1/2 + DJ) / 2 + PE
    Total System Jitter     (TSJ):    0.050ns
    Total Input Jitter      (TIJ):    0.000ns
    Discrete Jitter          (DJ):    0.000ns
    Phase Error              (PE):    0.000ns

    Location             Delay type                Incr(ns)  Path(ns)    Netlist Resource(s)
  -------------------------------------------------------------------    -------------------
                         (clock ap_clk rise edge)     0.000     0.000 r  
                                                      0.000     0.000 r  ap_clk (IN)
                         net (fo=15512, unset)        0.030     0.030    bd_0_i/hls_inst/inst/gmem_out_m_axi_U/bus_write/wreq_throttle/data_fifo/U_fifo_srl/ap_clk
    SLICE_X88Y77         FDRE                                         r  bd_0_i/hls_inst/inst/gmem_out_m_axi_U/bus_write/wreq_throttle/data_fifo/U_fifo_srl/dout_reg[106]/C
  -------------------------------------------------------------------    -------------------
    SLICE_X88Y77         FDRE (Prop_BFF2_SLICEM_C_Q)
                                                      0.080     0.110 r  bd_0_i/hls_inst/inst/gmem_out_m_axi_U/bus_write/wreq_throttle/data_fifo/U_fifo_srl/dout_reg[106]/Q
                         net (fo=0)                   0.000     0.110    m_axi_gmem_out_wdata[106]
                                                                      r  m_axi_gmem_out_wdata[106] (OUT)
  -------------------------------------------------------------------    -------------------

Slack:                    inf
  Source:                 bd_0_i/hls_inst/inst/gmem_out_m_axi_U/bus_write/wreq_throttle/data_fifo/U_fifo_srl/dout_reg[115]/C
                            (rising edge-triggered cell FDRE clocked by ap_clk  {rise@0.000ns fall@1.010ns period=2.020ns})
  Destination:            m_axi_gmem_out_wdata[115]
                            (output port)
  Path Group:             (none)
  Path Type:              Max at Slow Process Corner
  Data Path Delay:        0.080ns  (logic 0.080ns (100.000%)  route 0.000ns (0.000%))
  Logic Levels:           0  
  Clock Uncertainty:      0.025ns  ((TSJ^2 + TIJ^2)^1/2 + DJ) / 2 + PE
    Total System Jitter     (TSJ):    0.050ns
    Total Input Jitter      (TIJ):    0.000ns
    Discrete Jitter          (DJ):    0.000ns
    Phase Error              (PE):    0.000ns

    Location             Delay type                Incr(ns)  Path(ns)    Netlist Resource(s)
  -------------------------------------------------------------------    -------------------
                         (clock ap_clk rise edge)     0.000     0.000 r  
                                                      0.000     0.000 r  ap_clk (IN)
                         net (fo=15512, unset)        0.030     0.030    bd_0_i/hls_inst/inst/gmem_out_m_axi_U/bus_write/wreq_throttle/data_fifo/U_fifo_srl/ap_clk
    SLICE_X87Y77         FDRE                                         r  bd_0_i/hls_inst/inst/gmem_out_m_axi_U/bus_write/wreq_throttle/data_fifo/U_fifo_srl/dout_reg[115]/C
  -------------------------------------------------------------------    -------------------
    SLICE_X87Y77         FDRE (Prop_AFF2_SLICEM_C_Q)
                                                      0.080     0.110 r  bd_0_i/hls_inst/inst/gmem_out_m_axi_U/bus_write/wreq_throttle/data_fifo/U_fifo_srl/dout_reg[115]/Q
                         net (fo=0)                   0.000     0.110    m_axi_gmem_out_wdata[115]
                                                                      r  m_axi_gmem_out_wdata[115] (OUT)
  -------------------------------------------------------------------    -------------------

Slack:                    inf
  Source:                 bd_0_i/hls_inst/inst/gmem_out_m_axi_U/bus_write/wreq_throttle/data_fifo/U_fifo_srl/dout_reg[118]/C
                            (rising edge-triggered cell FDRE clocked by ap_clk  {rise@0.000ns fall@1.010ns period=2.020ns})
  Destination:            m_axi_gmem_out_wdata[118]
                            (output port)
  Path Group:             (none)
  Path Type:              Max at Slow Process Corner
  Data Path Delay:        0.080ns  (logic 0.080ns (100.000%)  route 0.000ns (0.000%))
  Logic Levels:           0  
  Clock Uncertainty:      0.025ns  ((TSJ^2 + TIJ^2)^1/2 + DJ) / 2 + PE
    Total System Jitter     (TSJ):    0.050ns
    Total Input Jitter      (TIJ):    0.000ns
    Discrete Jitter          (DJ):    0.000ns
    Phase Error              (PE):    0.000ns

    Location             Delay type                Incr(ns)  Path(ns)    Netlist Resource(s)
  -------------------------------------------------------------------    -------------------
                         (clock ap_clk rise edge)     0.000     0.000 r  
                                                      0.000     0.000 r  ap_clk (IN)
                         net (fo=15512, unset)        0.030     0.030    bd_0_i/hls_inst/inst/gmem_out_m_axi_U/bus_write/wreq_throttle/data_fifo/U_fifo_srl/ap_clk
    SLICE_X87Y77         FDRE                                         r  bd_0_i/hls_inst/inst/gmem_out_m_axi_U/bus_write/wreq_throttle/data_fifo/U_fifo_srl/dout_reg[118]/C
  -------------------------------------------------------------------    -------------------
    SLICE_X87Y77         FDRE (Prop_BFF2_SLICEM_C_Q)
                                                      0.080     0.110 r  bd_0_i/hls_inst/inst/gmem_out_m_axi_U/bus_write/wreq_throttle/data_fifo/U_fifo_srl/dout_reg[118]/Q
                         net (fo=0)                   0.000     0.110    m_axi_gmem_out_wdata[118]
                                                                      r  m_axi_gmem_out_wdata[118] (OUT)
  -------------------------------------------------------------------    -------------------

Slack:                    inf
  Source:                 bd_0_i/hls_inst/inst/gmem_out_m_axi_U/bus_write/wreq_throttle/data_fifo/U_fifo_srl/dout_reg[127]/C
                            (rising edge-triggered cell FDRE clocked by ap_clk  {rise@0.000ns fall@1.010ns period=2.020ns})
  Destination:            m_axi_gmem_out_wdata[127]
                            (output port)
  Path Group:             (none)
  Path Type:              Max at Slow Process Corner
  Data Path Delay:        0.080ns  (logic 0.080ns (100.000%)  route 0.000ns (0.000%))
  Logic Levels:           0  
  Clock Uncertainty:      0.025ns  ((TSJ^2 + TIJ^2)^1/2 + DJ) / 2 + PE
    Total System Jitter     (TSJ):    0.050ns
    Total Input Jitter      (TIJ):    0.000ns
    Discrete Jitter          (DJ):    0.000ns
    Phase Error              (PE):    0.000ns

    Location             Delay type                Incr(ns)  Path(ns)    Netlist Resource(s)
  -------------------------------------------------------------------    -------------------
                         (clock ap_clk rise edge)     0.000     0.000 r  
                                                      0.000     0.000 r  ap_clk (IN)
                         net (fo=15512, unset)        0.030     0.030    bd_0_i/hls_inst/inst/gmem_out_m_axi_U/bus_write/wreq_throttle/data_fifo/U_fifo_srl/ap_clk
    SLICE_X87Y77         FDRE                                         r  bd_0_i/hls_inst/inst/gmem_out_m_axi_U/bus_write/wreq_throttle/data_fifo/U_fifo_srl/dout_reg[127]/C
  -------------------------------------------------------------------    -------------------
    SLICE_X87Y77         FDRE (Prop_DFF2_SLICEM_C_Q)
                                                      0.080     0.110 r  bd_0_i/hls_inst/inst/gmem_out_m_axi_U/bus_write/wreq_throttle/data_fifo/U_fifo_srl/dout_reg[127]/Q
                         net (fo=0)                   0.000     0.110    m_axi_gmem_out_wdata[127]
                                                                      r  m_axi_gmem_out_wdata[127] (OUT)
  -------------------------------------------------------------------    -------------------

Slack:                    inf
  Source:                 bd_0_i/hls_inst/inst/gmem_out_m_axi_U/bus_write/wreq_throttle/data_fifo/U_fifo_srl/dout_reg[12]/C
                            (rising edge-triggered cell FDRE clocked by ap_clk  {rise@0.000ns fall@1.010ns period=2.020ns})
  Destination:            m_axi_gmem_out_wdata[12]
                            (output port)
  Path Group:             (none)
  Path Type:              Max at Slow Process Corner
  Data Path Delay:        0.081ns  (logic 0.081ns (100.000%)  route 0.000ns (0.000%))
  Logic Levels:           0  
  Clock Uncertainty:      0.025ns  ((TSJ^2 + TIJ^2)^1/2 + DJ) / 2 + PE
    Total System Jitter     (TSJ):    0.050ns
    Total Input Jitter      (TIJ):    0.000ns
    Discrete Jitter          (DJ):    0.000ns
    Phase Error              (PE):    0.000ns

    Location             Delay type                Incr(ns)  Path(ns)    Netlist Resource(s)
  -------------------------------------------------------------------    -------------------
                         (clock ap_clk rise edge)     0.000     0.000 r  
                                                      0.000     0.000 r  ap_clk (IN)
                         net (fo=15512, unset)        0.029     0.029    bd_0_i/hls_inst/inst/gmem_out_m_axi_U/bus_write/wreq_throttle/data_fifo/U_fifo_srl/ap_clk
    SLICE_X92Y76         FDRE                                         r  bd_0_i/hls_inst/inst/gmem_out_m_axi_U/bus_write/wreq_throttle/data_fifo/U_fifo_srl/dout_reg[12]/C
  -------------------------------------------------------------------    -------------------
    SLICE_X92Y76         FDRE (Prop_EFF2_SLICEL_C_Q)
                                                      0.081     0.110 r  bd_0_i/hls_inst/inst/gmem_out_m_axi_U/bus_write/wreq_throttle/data_fifo/U_fifo_srl/dout_reg[12]/Q
                         net (fo=0)                   0.000     0.110    m_axi_gmem_out_wdata[12]
                                                                      r  m_axi_gmem_out_wdata[12] (OUT)
  -------------------------------------------------------------------    -------------------

Slack:                    inf
  Source:                 bd_0_i/hls_inst/inst/gmem_out_m_axi_U/bus_write/wreq_throttle/data_fifo/U_fifo_srl/dout_reg[130]/C
                            (rising edge-triggered cell FDRE clocked by ap_clk  {rise@0.000ns fall@1.010ns period=2.020ns})
  Destination:            m_axi_gmem_out_wdata[130]
                            (output port)
  Path Group:             (none)
  Path Type:              Max at Slow Process Corner
  Data Path Delay:        0.080ns  (logic 0.080ns (100.000%)  route 0.000ns (0.000%))
  Logic Levels:           0  
  Clock Uncertainty:      0.025ns  ((TSJ^2 + TIJ^2)^1/2 + DJ) / 2 + PE
    Total System Jitter     (TSJ):    0.050ns
    Total Input Jitter      (TIJ):    0.000ns
    Discrete Jitter          (DJ):    0.000ns
    Phase Error              (PE):    0.000ns

    Location             Delay type                Incr(ns)  Path(ns)    Netlist Resource(s)
  -------------------------------------------------------------------    -------------------
                         (clock ap_clk rise edge)     0.000     0.000 r  
                                                      0.000     0.000 r  ap_clk (IN)
                         net (fo=15512, unset)        0.030     0.030    bd_0_i/hls_inst/inst/gmem_out_m_axi_U/bus_write/wreq_throttle/data_fifo/U_fifo_srl/ap_clk
    SLICE_X91Y78         FDRE                                         r  bd_0_i/hls_inst/inst/gmem_out_m_axi_U/bus_write/wreq_throttle/data_fifo/U_fifo_srl/dout_reg[130]/C
  -------------------------------------------------------------------    -------------------
    SLICE_X91Y78         FDRE (Prop_AFF2_SLICEM_C_Q)
                                                      0.080     0.110 r  bd_0_i/hls_inst/inst/gmem_out_m_axi_U/bus_write/wreq_throttle/data_fifo/U_fifo_srl/dout_reg[130]/Q
                         net (fo=0)                   0.000     0.110    m_axi_gmem_out_wdata[130]
                                                                      r  m_axi_gmem_out_wdata[130] (OUT)
  -------------------------------------------------------------------    -------------------





Min Delay Paths
--------------------------------------------------------------------------------------
Slack:                    inf
  Source:                 bd_0_i/hls_inst/inst/gmem_out_m_axi_U/bus_write/wreq_throttle/rs_req/data_p1_reg[25]/C
                            (rising edge-triggered cell FDRE clocked by ap_clk  {rise@0.000ns fall@1.010ns period=2.020ns})
  Destination:            m_axi_gmem_out_awaddr[25]
                            (output port)
  Path Group:             (none)
  Path Type:              Min at Fast Process Corner
  Data Path Delay:        0.037ns  (logic 0.037ns (100.000%)  route 0.000ns (0.000%))
  Logic Levels:           0  
  Clock Uncertainty:      0.025ns  ((TSJ^2 + TIJ^2)^1/2 + DJ) / 2 + PE
    Total System Jitter     (TSJ):    0.050ns
    Total Input Jitter      (TIJ):    0.000ns
    Discrete Jitter          (DJ):    0.000ns
    Phase Error              (PE):    0.000ns

    Location             Delay type                Incr(ns)  Path(ns)    Netlist Resource(s)
  -------------------------------------------------------------------    -------------------
                         (clock ap_clk rise edge)     0.000     0.000 r  
                                                      0.000     0.000 r  ap_clk (IN)
                         net (fo=15512, unset)        0.013     0.013    bd_0_i/hls_inst/inst/gmem_out_m_axi_U/bus_write/wreq_throttle/rs_req/ap_clk
    SLICE_X85Y92         FDRE                                         r  bd_0_i/hls_inst/inst/gmem_out_m_axi_U/bus_write/wreq_throttle/rs_req/data_p1_reg[25]/C
  -------------------------------------------------------------------    -------------------
    SLICE_X85Y92         FDRE (Prop_FFF_SLICEM_C_Q)
                                                      0.037     0.050 r  bd_0_i/hls_inst/inst/gmem_out_m_axi_U/bus_write/wreq_throttle/rs_req/data_p1_reg[25]/Q
                         net (fo=0)                   0.000     0.050    m_axi_gmem_out_awaddr[25]
                                                                      r  m_axi_gmem_out_awaddr[25] (OUT)
  -------------------------------------------------------------------    -------------------

Slack:                    inf
  Source:                 bd_0_i/hls_inst/inst/gmem_out_m_axi_U/bus_write/wreq_throttle/rs_req/data_p1_reg[46]/C
                            (rising edge-triggered cell FDRE clocked by ap_clk  {rise@0.000ns fall@1.010ns period=2.020ns})
  Destination:            m_axi_gmem_out_awaddr[46]
                            (output port)
  Path Group:             (none)
  Path Type:              Min at Fast Process Corner
  Data Path Delay:        0.037ns  (logic 0.037ns (100.000%)  route 0.000ns (0.000%))
  Logic Levels:           0  
  Clock Uncertainty:      0.025ns  ((TSJ^2 + TIJ^2)^1/2 + DJ) / 2 + PE
    Total System Jitter     (TSJ):    0.050ns
    Total Input Jitter      (TIJ):    0.000ns
    Discrete Jitter          (DJ):    0.000ns
    Phase Error              (PE):    0.000ns

    Location             Delay type                Incr(ns)  Path(ns)    Netlist Resource(s)
  -------------------------------------------------------------------    -------------------
                         (clock ap_clk rise edge)     0.000     0.000 r  
                                                      0.000     0.000 r  ap_clk (IN)
                         net (fo=15512, unset)        0.013     0.013    bd_0_i/hls_inst/inst/gmem_out_m_axi_U/bus_write/wreq_throttle/rs_req/ap_clk
    SLICE_X85Y88         FDRE                                         r  bd_0_i/hls_inst/inst/gmem_out_m_axi_U/bus_write/wreq_throttle/rs_req/data_p1_reg[46]/C
  -------------------------------------------------------------------    -------------------
    SLICE_X85Y88         FDRE (Prop_FFF_SLICEM_C_Q)
                                                      0.037     0.050 r  bd_0_i/hls_inst/inst/gmem_out_m_axi_U/bus_write/wreq_throttle/rs_req/data_p1_reg[46]/Q
                         net (fo=0)                   0.000     0.050    m_axi_gmem_out_awaddr[46]
                                                                      r  m_axi_gmem_out_awaddr[46] (OUT)
  -------------------------------------------------------------------    -------------------

Slack:                    inf
  Source:                 bd_0_i/hls_inst/inst/gmem_out_m_axi_U/bus_write/wreq_throttle/rs_req/data_p1_reg[50]/C
                            (rising edge-triggered cell FDRE clocked by ap_clk  {rise@0.000ns fall@1.010ns period=2.020ns})
  Destination:            m_axi_gmem_out_awaddr[50]
                            (output port)
  Path Group:             (none)
  Path Type:              Min at Fast Process Corner
  Data Path Delay:        0.037ns  (logic 0.037ns (100.000%)  route 0.000ns (0.000%))
  Logic Levels:           0  
  Clock Uncertainty:      0.025ns  ((TSJ^2 + TIJ^2)^1/2 + DJ) / 2 + PE
    Total System Jitter     (TSJ):    0.050ns
    Total Input Jitter      (TIJ):    0.000ns
    Discrete Jitter          (DJ):    0.000ns
    Phase Error              (PE):    0.000ns

    Location             Delay type                Incr(ns)  Path(ns)    Netlist Resource(s)
  -------------------------------------------------------------------    -------------------
                         (clock ap_clk rise edge)     0.000     0.000 r  
                                                      0.000     0.000 r  ap_clk (IN)
                         net (fo=15512, unset)        0.013     0.013    bd_0_i/hls_inst/inst/gmem_out_m_axi_U/bus_write/wreq_throttle/rs_req/ap_clk
    SLICE_X88Y90         FDRE                                         r  bd_0_i/hls_inst/inst/gmem_out_m_axi_U/bus_write/wreq_throttle/rs_req/data_p1_reg[50]/C
  -------------------------------------------------------------------    -------------------
    SLICE_X88Y90         FDRE (Prop_FFF_SLICEM_C_Q)
                                                      0.037     0.050 r  bd_0_i/hls_inst/inst/gmem_out_m_axi_U/bus_write/wreq_throttle/rs_req/data_p1_reg[50]/Q
                         net (fo=0)                   0.000     0.050    m_axi_gmem_out_awaddr[50]
                                                                      r  m_axi_gmem_out_awaddr[50] (OUT)
  -------------------------------------------------------------------    -------------------

Slack:                    inf
  Source:                 bd_0_i/hls_inst/inst/gmem_out_m_axi_U/bus_write/wreq_throttle/rs_req/data_p1_reg[59]/C
                            (rising edge-triggered cell FDRE clocked by ap_clk  {rise@0.000ns fall@1.010ns period=2.020ns})
  Destination:            m_axi_gmem_out_awaddr[59]
                            (output port)
  Path Group:             (none)
  Path Type:              Min at Fast Process Corner
  Data Path Delay:        0.037ns  (logic 0.037ns (100.000%)  route 0.000ns (0.000%))
  Logic Levels:           0  
  Clock Uncertainty:      0.025ns  ((TSJ^2 + TIJ^2)^1/2 + DJ) / 2 + PE
    Total System Jitter     (TSJ):    0.050ns
    Total Input Jitter      (TIJ):    0.000ns
    Discrete Jitter          (DJ):    0.000ns
    Phase Error              (PE):    0.000ns

    Location             Delay type                Incr(ns)  Path(ns)    Netlist Resource(s)
  -------------------------------------------------------------------    -------------------
                         (clock ap_clk rise edge)     0.000     0.000 r  
                                                      0.000     0.000 r  ap_clk (IN)
                         net (fo=15512, unset)        0.013     0.013    bd_0_i/hls_inst/inst/gmem_out_m_axi_U/bus_write/wreq_throttle/rs_req/ap_clk
    SLICE_X88Y89         FDRE                                         r  bd_0_i/hls_inst/inst/gmem_out_m_axi_U/bus_write/wreq_throttle/rs_req/data_p1_reg[59]/C
  -------------------------------------------------------------------    -------------------
    SLICE_X88Y89         FDRE (Prop_FFF_SLICEM_C_Q)
                                                      0.037     0.050 r  bd_0_i/hls_inst/inst/gmem_out_m_axi_U/bus_write/wreq_throttle/rs_req/data_p1_reg[59]/Q
                         net (fo=0)                   0.000     0.050    m_axi_gmem_out_awaddr[59]
                                                                      r  m_axi_gmem_out_awaddr[59] (OUT)
  -------------------------------------------------------------------    -------------------

Slack:                    inf
  Source:                 bd_0_i/hls_inst/inst/gmem_out_m_axi_U/bus_write/wreq_throttle/rs_req/data_p1_reg[5]/C
                            (rising edge-triggered cell FDRE clocked by ap_clk  {rise@0.000ns fall@1.010ns period=2.020ns})
  Destination:            m_axi_gmem_out_awaddr[5]
                            (output port)
  Path Group:             (none)
  Path Type:              Min at Fast Process Corner
  Data Path Delay:        0.037ns  (logic 0.037ns (100.000%)  route 0.000ns (0.000%))
  Logic Levels:           0  
  Clock Uncertainty:      0.025ns  ((TSJ^2 + TIJ^2)^1/2 + DJ) / 2 + PE
    Total System Jitter     (TSJ):    0.050ns
    Total Input Jitter      (TIJ):    0.000ns
    Discrete Jitter          (DJ):    0.000ns
    Phase Error              (PE):    0.000ns

    Location             Delay type                Incr(ns)  Path(ns)    Netlist Resource(s)
  -------------------------------------------------------------------    -------------------
                         (clock ap_clk rise edge)     0.000     0.000 r  
                                                      0.000     0.000 r  ap_clk (IN)
                         net (fo=15512, unset)        0.013     0.013    bd_0_i/hls_inst/inst/gmem_out_m_axi_U/bus_write/wreq_throttle/rs_req/ap_clk
    SLICE_X85Y89         FDRE                                         r  bd_0_i/hls_inst/inst/gmem_out_m_axi_U/bus_write/wreq_throttle/rs_req/data_p1_reg[5]/C
  -------------------------------------------------------------------    -------------------
    SLICE_X85Y89         FDRE (Prop_FFF_SLICEM_C_Q)
                                                      0.037     0.050 r  bd_0_i/hls_inst/inst/gmem_out_m_axi_U/bus_write/wreq_throttle/rs_req/data_p1_reg[5]/Q
                         net (fo=0)                   0.000     0.050    m_axi_gmem_out_awaddr[5]
                                                                      r  m_axi_gmem_out_awaddr[5] (OUT)
  -------------------------------------------------------------------    -------------------

Slack:                    inf
  Source:                 bd_0_i/hls_inst/inst/gmem_out_m_axi_U/bus_write/wreq_throttle/data_fifo/U_fifo_srl/dout_reg[107]/C
                            (rising edge-triggered cell FDRE clocked by ap_clk  {rise@0.000ns fall@1.010ns period=2.020ns})
  Destination:            m_axi_gmem_out_wdata[107]
                            (output port)
  Path Group:             (none)
  Path Type:              Min at Fast Process Corner
  Data Path Delay:        0.037ns  (logic 0.037ns (100.000%)  route 0.000ns (0.000%))
  Logic Levels:           0  
  Clock Uncertainty:      0.025ns  ((TSJ^2 + TIJ^2)^1/2 + DJ) / 2 + PE
    Total System Jitter     (TSJ):    0.050ns
    Total Input Jitter      (TIJ):    0.000ns
    Discrete Jitter          (DJ):    0.000ns
    Phase Error              (PE):    0.000ns

    Location             Delay type                Incr(ns)  Path(ns)    Netlist Resource(s)
  -------------------------------------------------------------------    -------------------
                         (clock ap_clk rise edge)     0.000     0.000 r  
                                                      0.000     0.000 r  ap_clk (IN)
                         net (fo=15512, unset)        0.013     0.013    bd_0_i/hls_inst/inst/gmem_out_m_axi_U/bus_write/wreq_throttle/data_fifo/U_fifo_srl/ap_clk
    SLICE_X88Y77         FDRE                                         r  bd_0_i/hls_inst/inst/gmem_out_m_axi_U/bus_write/wreq_throttle/data_fifo/U_fifo_srl/dout_reg[107]/C
  -------------------------------------------------------------------    -------------------
    SLICE_X88Y77         FDRE (Prop_FFF_SLICEM_C_Q)
                                                      0.037     0.050 r  bd_0_i/hls_inst/inst/gmem_out_m_axi_U/bus_write/wreq_throttle/data_fifo/U_fifo_srl/dout_reg[107]/Q
                         net (fo=0)                   0.000     0.050    m_axi_gmem_out_wdata[107]
                                                                      r  m_axi_gmem_out_wdata[107] (OUT)
  -------------------------------------------------------------------    -------------------

Slack:                    inf
  Source:                 bd_0_i/hls_inst/inst/gmem_out_m_axi_U/bus_write/wreq_throttle/data_fifo/U_fifo_srl/dout_reg[116]/C
                            (rising edge-triggered cell FDRE clocked by ap_clk  {rise@0.000ns fall@1.010ns period=2.020ns})
  Destination:            m_axi_gmem_out_wdata[116]
                            (output port)
  Path Group:             (none)
  Path Type:              Min at Fast Process Corner
  Data Path Delay:        0.037ns  (logic 0.037ns (100.000%)  route 0.000ns (0.000%))
  Logic Levels:           0  
  Clock Uncertainty:      0.025ns  ((TSJ^2 + TIJ^2)^1/2 + DJ) / 2 + PE
    Total System Jitter     (TSJ):    0.050ns
    Total Input Jitter      (TIJ):    0.000ns
    Discrete Jitter          (DJ):    0.000ns
    Phase Error              (PE):    0.000ns

    Location             Delay type                Incr(ns)  Path(ns)    Netlist Resource(s)
  -------------------------------------------------------------------    -------------------
                         (clock ap_clk rise edge)     0.000     0.000 r  
                                                      0.000     0.000 r  ap_clk (IN)
                         net (fo=15512, unset)        0.013     0.013    bd_0_i/hls_inst/inst/gmem_out_m_axi_U/bus_write/wreq_throttle/data_fifo/U_fifo_srl/ap_clk
    SLICE_X87Y77         FDRE                                         r  bd_0_i/hls_inst/inst/gmem_out_m_axi_U/bus_write/wreq_throttle/data_fifo/U_fifo_srl/dout_reg[116]/C
  -------------------------------------------------------------------    -------------------
    SLICE_X87Y77         FDRE (Prop_FFF_SLICEM_C_Q)
                                                      0.037     0.050 r  bd_0_i/hls_inst/inst/gmem_out_m_axi_U/bus_write/wreq_throttle/data_fifo/U_fifo_srl/dout_reg[116]/Q
                         net (fo=0)                   0.000     0.050    m_axi_gmem_out_wdata[116]
                                                                      r  m_axi_gmem_out_wdata[116] (OUT)
  -------------------------------------------------------------------    -------------------

Slack:                    inf
  Source:                 bd_0_i/hls_inst/inst/gmem_out_m_axi_U/bus_write/wreq_throttle/data_fifo/U_fifo_srl/dout_reg[136]/C
                            (rising edge-triggered cell FDRE clocked by ap_clk  {rise@0.000ns fall@1.010ns period=2.020ns})
  Destination:            m_axi_gmem_out_wdata[136]
                            (output port)
  Path Group:             (none)
  Path Type:              Min at Fast Process Corner
  Data Path Delay:        0.037ns  (logic 0.037ns (100.000%)  route 0.000ns (0.000%))
  Logic Levels:           0  
  Clock Uncertainty:      0.025ns  ((TSJ^2 + TIJ^2)^1/2 + DJ) / 2 + PE
    Total System Jitter     (TSJ):    0.050ns
    Total Input Jitter      (TIJ):    0.000ns
    Discrete Jitter          (DJ):    0.000ns
    Phase Error              (PE):    0.000ns

    Location             Delay type                Incr(ns)  Path(ns)    Netlist Resource(s)
  -------------------------------------------------------------------    -------------------
                         (clock ap_clk rise edge)     0.000     0.000 r  
                                                      0.000     0.000 r  ap_clk (IN)
                         net (fo=15512, unset)        0.013     0.013    bd_0_i/hls_inst/inst/gmem_out_m_axi_U/bus_write/wreq_throttle/data_fifo/U_fifo_srl/ap_clk
    SLICE_X91Y76         FDRE                                         r  bd_0_i/hls_inst/inst/gmem_out_m_axi_U/bus_write/wreq_throttle/data_fifo/U_fifo_srl/dout_reg[136]/C
  -------------------------------------------------------------------    -------------------
    SLICE_X91Y76         FDRE (Prop_FFF_SLICEM_C_Q)
                                                      0.037     0.050 r  bd_0_i/hls_inst/inst/gmem_out_m_axi_U/bus_write/wreq_throttle/data_fifo/U_fifo_srl/dout_reg[136]/Q
                         net (fo=0)                   0.000     0.050    m_axi_gmem_out_wdata[136]
                                                                      r  m_axi_gmem_out_wdata[136] (OUT)
  -------------------------------------------------------------------    -------------------

Slack:                    inf
  Source:                 bd_0_i/hls_inst/inst/gmem_out_m_axi_U/bus_write/wreq_throttle/data_fifo/U_fifo_srl/dout_reg[138]/C
                            (rising edge-triggered cell FDRE clocked by ap_clk  {rise@0.000ns fall@1.010ns period=2.020ns})
  Destination:            m_axi_gmem_out_wdata[138]
                            (output port)
  Path Group:             (none)
  Path Type:              Min at Fast Process Corner
  Data Path Delay:        0.037ns  (logic 0.037ns (100.000%)  route 0.000ns (0.000%))
  Logic Levels:           0  
  Clock Uncertainty:      0.025ns  ((TSJ^2 + TIJ^2)^1/2 + DJ) / 2 + PE
    Total System Jitter     (TSJ):    0.050ns
    Total Input Jitter      (TIJ):    0.000ns
    Discrete Jitter          (DJ):    0.000ns
    Phase Error              (PE):    0.000ns

    Location             Delay type                Incr(ns)  Path(ns)    Netlist Resource(s)
  -------------------------------------------------------------------    -------------------
                         (clock ap_clk rise edge)     0.000     0.000 r  
                                                      0.000     0.000 r  ap_clk (IN)
                         net (fo=15512, unset)        0.013     0.013    bd_0_i/hls_inst/inst/gmem_out_m_axi_U/bus_write/wreq_throttle/data_fifo/U_fifo_srl/ap_clk
    SLICE_X91Y78         FDRE                                         r  bd_0_i/hls_inst/inst/gmem_out_m_axi_U/bus_write/wreq_throttle/data_fifo/U_fifo_srl/dout_reg[138]/C
  -------------------------------------------------------------------    -------------------
    SLICE_X91Y78         FDRE (Prop_FFF_SLICEM_C_Q)
                                                      0.037     0.050 r  bd_0_i/hls_inst/inst/gmem_out_m_axi_U/bus_write/wreq_throttle/data_fifo/U_fifo_srl/dout_reg[138]/Q
                         net (fo=0)                   0.000     0.050    m_axi_gmem_out_wdata[138]
                                                                      r  m_axi_gmem_out_wdata[138] (OUT)
  -------------------------------------------------------------------    -------------------

Slack:                    inf
  Source:                 bd_0_i/hls_inst/inst/gmem_out_m_axi_U/bus_write/wreq_throttle/data_fifo/U_fifo_srl/dout_reg[159]/C
                            (rising edge-triggered cell FDRE clocked by ap_clk  {rise@0.000ns fall@1.010ns period=2.020ns})
  Destination:            m_axi_gmem_out_wdata[159]
                            (output port)
  Path Group:             (none)
  Path Type:              Min at Fast Process Corner
  Data Path Delay:        0.037ns  (logic 0.037ns (100.000%)  route 0.000ns (0.000%))
  Logic Levels:           0  
  Clock Uncertainty:      0.025ns  ((TSJ^2 + TIJ^2)^1/2 + DJ) / 2 + PE
    Total System Jitter     (TSJ):    0.050ns
    Total Input Jitter      (TIJ):    0.000ns
    Discrete Jitter          (DJ):    0.000ns
    Phase Error              (PE):    0.000ns

    Location             Delay type                Incr(ns)  Path(ns)    Netlist Resource(s)
  -------------------------------------------------------------------    -------------------
                         (clock ap_clk rise edge)     0.000     0.000 r  
                                                      0.000     0.000 r  ap_clk (IN)
                         net (fo=15512, unset)        0.013     0.013    bd_0_i/hls_inst/inst/gmem_out_m_axi_U/bus_write/wreq_throttle/data_fifo/U_fifo_srl/ap_clk
    SLICE_X71Y74         FDRE                                         r  bd_0_i/hls_inst/inst/gmem_out_m_axi_U/bus_write/wreq_throttle/data_fifo/U_fifo_srl/dout_reg[159]/C
  -------------------------------------------------------------------    -------------------
    SLICE_X71Y74         FDRE (Prop_FFF_SLICEM_C_Q)
                                                      0.037     0.050 r  bd_0_i/hls_inst/inst/gmem_out_m_axi_U/bus_write/wreq_throttle/data_fifo/U_fifo_srl/dout_reg[159]/Q
                         net (fo=0)                   0.000     0.050    m_axi_gmem_out_wdata[159]
                                                                      r  m_axi_gmem_out_wdata[159] (OUT)
  -------------------------------------------------------------------    -------------------





--------------------------------------------------------------------------------------
Path Group:  (none)
From Clock:  
  To Clock:  ap_clk

Max Delay          7191 Endpoints
Min Delay          7191 Endpoints
--------------------------------------------------------------------------------------


Max Delay Paths
--------------------------------------------------------------------------------------
Slack:                    inf
  Source:                 s_axi_control_araddr[1]
                            (input port)
  Destination:            bd_0_i/hls_inst/inst/control_s_axi_U/rdata_reg[31]/D
                            (rising edge-triggered cell FDRE clocked by ap_clk  {rise@0.000ns fall@1.010ns period=2.020ns})
  Path Group:             (none)
  Path Type:              Setup (Max at Slow Process Corner)
  Data Path Delay:        1.396ns  (logic 0.164ns (11.745%)  route 1.232ns (88.255%))
  Logic Levels:           2  (LUT3=1 MUXF8=1)
  Clock Path Skew:        0.021ns (DCD - SCD + CPR)
    Destination Clock Delay (DCD):    0.021ns
    Source Clock Delay      (SCD):    0.000ns
    Clock Pessimism Removal (CPR):    0.000ns
  Clock Uncertainty:      0.025ns  ((TSJ^2 + TIJ^2)^1/2 + DJ) / 2 + PE
    Total System Jitter     (TSJ):    0.050ns
    Total Input Jitter      (TIJ):    0.000ns
    Discrete Jitter          (DJ):    0.000ns
    Phase Error              (PE):    0.000ns

    Location             Delay type                Incr(ns)  Path(ns)    Netlist Resource(s)
  -------------------------------------------------------------------    -------------------
                                                      0.000     0.000 r  s_axi_control_araddr[1] (IN)
                         net (fo=2, unset)            0.000     0.000    bd_0_i/hls_inst/inst/control_s_axi_U/s_axi_control_ARADDR[1]
    SLICE_X74Y122        LUT3 (Prop_G6LUT_SLICEM_I0_O)
                                                      0.090     0.090 r  bd_0_i/hls_inst/inst/control_s_axi_U/rdata[31]_i_4/O
                         net (fo=32, routed)          1.193     1.283    bd_0_i/hls_inst/inst/control_s_axi_U/rdata[31]_i_4_n_0
    SLICE_X72Y102        MUXF8 (Prop_F8MUX_BOT_SLICEM_S_O)
                                                      0.074     1.357 r  bd_0_i/hls_inst/inst/control_s_axi_U/rdata_reg[31]_i_3/O
                         net (fo=1, routed)           0.039     1.396    bd_0_i/hls_inst/inst/control_s_axi_U/rdata_reg[31]_i_3_n_0
    SLICE_X72Y102        FDRE                                         r  bd_0_i/hls_inst/inst/control_s_axi_U/rdata_reg[31]/D
  -------------------------------------------------------------------    -------------------

                         (clock ap_clk rise edge)     0.000     0.000 r  
                                                      0.000     0.000 r  ap_clk (IN)
                         net (fo=15512, unset)        0.021     0.021    bd_0_i/hls_inst/inst/control_s_axi_U/ap_clk
    SLICE_X72Y102        FDRE                                         r  bd_0_i/hls_inst/inst/control_s_axi_U/rdata_reg[31]/C

Slack:                    inf
  Source:                 s_axi_control_wvalid
                            (input port)
  Destination:            bd_0_i/hls_inst/inst/control_s_axi_U/int_weight_col12_reg[55]/CE
                            (rising edge-triggered cell FDRE clocked by ap_clk  {rise@0.000ns fall@1.010ns period=2.020ns})
  Path Group:             (none)
  Path Type:              Setup (Max at Slow Process Corner)
  Data Path Delay:        1.391ns  (logic 0.304ns (21.852%)  route 1.087ns (78.148%))
  Logic Levels:           3  (LUT4=2 LUT5=1)
  Clock Path Skew:        0.021ns (DCD - SCD + CPR)
    Destination Clock Delay (DCD):    0.021ns
    Source Clock Delay      (SCD):    0.000ns
    Clock Pessimism Removal (CPR):    0.000ns
  Clock Uncertainty:      0.025ns  ((TSJ^2 + TIJ^2)^1/2 + DJ) / 2 + PE
    Total System Jitter     (TSJ):    0.050ns
    Total Input Jitter      (TIJ):    0.000ns
    Discrete Jitter          (DJ):    0.000ns
    Phase Error              (PE):    0.000ns

    Location             Delay type                Incr(ns)  Path(ns)    Netlist Resource(s)
  -------------------------------------------------------------------    -------------------
                                                      0.000     0.000 r  s_axi_control_wvalid (IN)
                         net (fo=4, unset)            0.000     0.000    bd_0_i/hls_inst/inst/control_s_axi_U/s_axi_control_WVALID
    SLICE_X67Y100        LUT5 (Prop_A6LUT_SLICEL_I2_O)
                                                      0.098     0.098 r  bd_0_i/hls_inst/inst/control_s_axi_U/int_weight_col1[63]_i_3/O
                         net (fo=12, routed)          0.233     0.331    bd_0_i/hls_inst/inst/control_s_axi_U/int_weight_col1[63]_i_3_n_0
    SLICE_X68Y105        LUT4 (Prop_D5LUT_SLICEL_I1_O)
                                                      0.110     0.441 r  bd_0_i/hls_inst/inst/control_s_axi_U/int_weight_col12[31]_i_3/O
                         net (fo=5, routed)           0.271     0.712    bd_0_i/hls_inst/inst/control_s_axi_U/int_weight_col12[31]_i_3_n_0
    SLICE_X70Y108        LUT4 (Prop_D5LUT_SLICEL_I2_O)
                                                      0.096     0.808 r  bd_0_i/hls_inst/inst/control_s_axi_U/int_weight_col12[63]_i_1/O
                         net (fo=32, routed)          0.583     1.391    bd_0_i/hls_inst/inst/control_s_axi_U/int_weight_col12[63]_i_1_n_0
    SLICE_X74Y119        FDRE                                         r  bd_0_i/hls_inst/inst/control_s_axi_U/int_weight_col12_reg[55]/CE
  -------------------------------------------------------------------    -------------------

                         (clock ap_clk rise edge)     0.000     0.000 r  
                                                      0.000     0.000 r  ap_clk (IN)
                         net (fo=15512, unset)        0.021     0.021    bd_0_i/hls_inst/inst/control_s_axi_U/ap_clk
    SLICE_X74Y119        FDRE                                         r  bd_0_i/hls_inst/inst/control_s_axi_U/int_weight_col12_reg[55]/C

Slack:                    inf
  Source:                 s_axi_control_wvalid
                            (input port)
  Destination:            bd_0_i/hls_inst/inst/control_s_axi_U/int_weight_col26_reg[58]/CE
                            (rising edge-triggered cell FDRE clocked by ap_clk  {rise@0.000ns fall@1.010ns period=2.020ns})
  Path Group:             (none)
  Path Type:              Setup (Max at Slow Process Corner)
  Data Path Delay:        1.371ns  (logic 0.247ns (18.013%)  route 1.124ns (81.987%))
  Logic Levels:           3  (LUT3=1 LUT5=2)
  Clock Path Skew:        0.021ns (DCD - SCD + CPR)
    Destination Clock Delay (DCD):    0.021ns
    Source Clock Delay      (SCD):    0.000ns
    Clock Pessimism Removal (CPR):    0.000ns
  Clock Uncertainty:      0.025ns  ((TSJ^2 + TIJ^2)^1/2 + DJ) / 2 + PE
    Total System Jitter     (TSJ):    0.050ns
    Total Input Jitter      (TIJ):    0.000ns
    Discrete Jitter          (DJ):    0.000ns
    Phase Error              (PE):    0.000ns

    Location             Delay type                Incr(ns)  Path(ns)    Netlist Resource(s)
  -------------------------------------------------------------------    -------------------
                                                      0.000     0.000 r  s_axi_control_wvalid (IN)
                         net (fo=4, unset)            0.000     0.000    bd_0_i/hls_inst/inst/control_s_axi_U/s_axi_control_WVALID
    SLICE_X67Y100        LUT5 (Prop_A5LUT_SLICEL_I3_O)
                                                      0.112     0.112 r  bd_0_i/hls_inst/inst/control_s_axi_U/int_weight_col17[63]_i_3/O
                         net (fo=18, routed)          0.254     0.366    bd_0_i/hls_inst/inst/control_s_axi_U/int_weight_col17[63]_i_3_n_0
    SLICE_X69Y105        LUT5 (Prop_H5LUT_SLICEL_I2_O)
                                                      0.065     0.431 r  bd_0_i/hls_inst/inst/control_s_axi_U/int_weight_col26[31]_i_3/O
                         net (fo=2, routed)           0.222     0.653    bd_0_i/hls_inst/inst/control_s_axi_U/int_weight_col26[31]_i_3_n_0
    SLICE_X69Y105        LUT3 (Prop_E5LUT_SLICEL_I1_O)
                                                      0.070     0.723 r  bd_0_i/hls_inst/inst/control_s_axi_U/int_weight_col26[63]_i_1/O
                         net (fo=32, routed)          0.648     1.371    bd_0_i/hls_inst/inst/control_s_axi_U/int_weight_col26[63]_i_1_n_0
    SLICE_X77Y118        FDRE                                         r  bd_0_i/hls_inst/inst/control_s_axi_U/int_weight_col26_reg[58]/CE
  -------------------------------------------------------------------    -------------------

                         (clock ap_clk rise edge)     0.000     0.000 r  
                                                      0.000     0.000 r  ap_clk (IN)
                         net (fo=15512, unset)        0.021     0.021    bd_0_i/hls_inst/inst/control_s_axi_U/ap_clk
    SLICE_X77Y118        FDRE                                         r  bd_0_i/hls_inst/inst/control_s_axi_U/int_weight_col26_reg[58]/C

Slack:                    inf
  Source:                 s_axi_control_wvalid
                            (input port)
  Destination:            bd_0_i/hls_inst/inst/control_s_axi_U/int_weight_col14_reg[32]/CE
                            (rising edge-triggered cell FDRE clocked by ap_clk  {rise@0.000ns fall@1.010ns period=2.020ns})
  Path Group:             (none)
  Path Type:              Setup (Max at Slow Process Corner)
  Data Path Delay:        1.348ns  (logic 0.306ns (22.708%)  route 1.042ns (77.292%))
  Logic Levels:           3  (LUT4=2 LUT5=1)
  Clock Path Skew:        0.020ns (DCD - SCD + CPR)
    Destination Clock Delay (DCD):    0.020ns
    Source Clock Delay      (SCD):    0.000ns
    Clock Pessimism Removal (CPR):    0.000ns
  Clock Uncertainty:      0.025ns  ((TSJ^2 + TIJ^2)^1/2 + DJ) / 2 + PE
    Total System Jitter     (TSJ):    0.050ns
    Total Input Jitter      (TIJ):    0.000ns
    Discrete Jitter          (DJ):    0.000ns
    Phase Error              (PE):    0.000ns

    Location             Delay type                Incr(ns)  Path(ns)    Netlist Resource(s)
  -------------------------------------------------------------------    -------------------
                                                      0.000     0.000 r  s_axi_control_wvalid (IN)
                         net (fo=4, unset)            0.000     0.000    bd_0_i/hls_inst/inst/control_s_axi_U/s_axi_control_WVALID
    SLICE_X67Y100        LUT5 (Prop_A6LUT_SLICEL_I2_O)
                                                      0.098     0.098 r  bd_0_i/hls_inst/inst/control_s_axi_U/int_weight_col1[63]_i_3/O
                         net (fo=12, routed)          0.233     0.331    bd_0_i/hls_inst/inst/control_s_axi_U/int_weight_col1[63]_i_3_n_0
    SLICE_X68Y105        LUT4 (Prop_D5LUT_SLICEL_I1_O)
                                                      0.110     0.441 r  bd_0_i/hls_inst/inst/control_s_axi_U/int_weight_col12[31]_i_3/O
                         net (fo=5, routed)           0.272     0.713    bd_0_i/hls_inst/inst/control_s_axi_U/int_weight_col12[31]_i_3_n_0
    SLICE_X70Y108        LUT4 (Prop_C5LUT_SLICEL_I2_O)
                                                      0.098     0.811 r  bd_0_i/hls_inst/inst/control_s_axi_U/int_weight_col14[63]_i_1/O
                         net (fo=32, routed)          0.536     1.348    bd_0_i/hls_inst/inst/control_s_axi_U/int_weight_col14[63]_i_1_n_0
    SLICE_X75Y115        FDRE                                         r  bd_0_i/hls_inst/inst/control_s_axi_U/int_weight_col14_reg[32]/CE
  -------------------------------------------------------------------    -------------------

                         (clock ap_clk rise edge)     0.000     0.000 r  
                                                      0.000     0.000 r  ap_clk (IN)
                         net (fo=15512, unset)        0.020     0.020    bd_0_i/hls_inst/inst/control_s_axi_U/ap_clk
    SLICE_X75Y115        FDRE                                         r  bd_0_i/hls_inst/inst/control_s_axi_U/int_weight_col14_reg[32]/C

Slack:                    inf
  Source:                 s_axi_control_wvalid
                            (input port)
  Destination:            bd_0_i/hls_inst/inst/control_s_axi_U/int_weight_col14_reg[54]/CE
                            (rising edge-triggered cell FDRE clocked by ap_clk  {rise@0.000ns fall@1.010ns period=2.020ns})
  Path Group:             (none)
  Path Type:              Setup (Max at Slow Process Corner)
  Data Path Delay:        1.348ns  (logic 0.306ns (22.708%)  route 1.042ns (77.292%))
  Logic Levels:           3  (LUT4=2 LUT5=1)
  Clock Path Skew:        0.021ns (DCD - SCD + CPR)
    Destination Clock Delay (DCD):    0.021ns
    Source Clock Delay      (SCD):    0.000ns
    Clock Pessimism Removal (CPR):    0.000ns
  Clock Uncertainty:      0.025ns  ((TSJ^2 + TIJ^2)^1/2 + DJ) / 2 + PE
    Total System Jitter     (TSJ):    0.050ns
    Total Input Jitter      (TIJ):    0.000ns
    Discrete Jitter          (DJ):    0.000ns
    Phase Error              (PE):    0.000ns

    Location             Delay type                Incr(ns)  Path(ns)    Netlist Resource(s)
  -------------------------------------------------------------------    -------------------
                                                      0.000     0.000 r  s_axi_control_wvalid (IN)
                         net (fo=4, unset)            0.000     0.000    bd_0_i/hls_inst/inst/control_s_axi_U/s_axi_control_WVALID
    SLICE_X67Y100        LUT5 (Prop_A6LUT_SLICEL_I2_O)
                                                      0.098     0.098 r  bd_0_i/hls_inst/inst/control_s_axi_U/int_weight_col1[63]_i_3/O
                         net (fo=12, routed)          0.233     0.331    bd_0_i/hls_inst/inst/control_s_axi_U/int_weight_col1[63]_i_3_n_0
    SLICE_X68Y105        LUT4 (Prop_D5LUT_SLICEL_I1_O)
                                                      0.110     0.441 r  bd_0_i/hls_inst/inst/control_s_axi_U/int_weight_col12[31]_i_3/O
                         net (fo=5, routed)           0.272     0.713    bd_0_i/hls_inst/inst/control_s_axi_U/int_weight_col12[31]_i_3_n_0
    SLICE_X70Y108        LUT4 (Prop_C5LUT_SLICEL_I2_O)
                                                      0.098     0.811 r  bd_0_i/hls_inst/inst/control_s_axi_U/int_weight_col14[63]_i_1/O
                         net (fo=32, routed)          0.536     1.348    bd_0_i/hls_inst/inst/control_s_axi_U/int_weight_col14[63]_i_1_n_0
    SLICE_X74Y115        FDRE                                         r  bd_0_i/hls_inst/inst/control_s_axi_U/int_weight_col14_reg[54]/CE
  -------------------------------------------------------------------    -------------------

                         (clock ap_clk rise edge)     0.000     0.000 r  
                                                      0.000     0.000 r  ap_clk (IN)
                         net (fo=15512, unset)        0.021     0.021    bd_0_i/hls_inst/inst/control_s_axi_U/ap_clk
    SLICE_X74Y115        FDRE                                         r  bd_0_i/hls_inst/inst/control_s_axi_U/int_weight_col14_reg[54]/C

Slack:                    inf
  Source:                 s_axi_control_wvalid
                            (input port)
  Destination:            bd_0_i/hls_inst/inst/control_s_axi_U/int_weight_col22_reg[58]/CE
                            (rising edge-triggered cell FDRE clocked by ap_clk  {rise@0.000ns fall@1.010ns period=2.020ns})
  Path Group:             (none)
  Path Type:              Setup (Max at Slow Process Corner)
  Data Path Delay:        1.341ns  (logic 0.333ns (24.826%)  route 1.008ns (75.174%))
  Logic Levels:           3  (LUT3=1 LUT5=2)
  Clock Path Skew:        0.020ns (DCD - SCD + CPR)
    Destination Clock Delay (DCD):    0.020ns
    Source Clock Delay      (SCD):    0.000ns
    Clock Pessimism Removal (CPR):    0.000ns
  Clock Uncertainty:      0.025ns  ((TSJ^2 + TIJ^2)^1/2 + DJ) / 2 + PE
    Total System Jitter     (TSJ):    0.050ns
    Total Input Jitter      (TIJ):    0.000ns
    Discrete Jitter          (DJ):    0.000ns
    Phase Error              (PE):    0.000ns

    Location             Delay type                Incr(ns)  Path(ns)    Netlist Resource(s)
  -------------------------------------------------------------------    -------------------
                                                      0.000     0.000 r  s_axi_control_wvalid (IN)
                         net (fo=4, unset)            0.000     0.000    bd_0_i/hls_inst/inst/control_s_axi_U/s_axi_control_WVALID
    SLICE_X67Y100        LUT5 (Prop_A5LUT_SLICEL_I3_O)
                                                      0.112     0.112 r  bd_0_i/hls_inst/inst/control_s_axi_U/int_weight_col17[63]_i_3/O
                         net (fo=18, routed)          0.249     0.361    bd_0_i/hls_inst/inst/control_s_axi_U/int_weight_col17[63]_i_3_n_0
    SLICE_X69Y106        LUT3 (Prop_C5LUT_SLICEL_I1_O)
                                                      0.098     0.459 r  bd_0_i/hls_inst/inst/control_s_axi_U/int_weight_col20[31]_i_3/O
                         net (fo=5, routed)           0.186     0.645    bd_0_i/hls_inst/inst/control_s_axi_U/int_weight_col20[31]_i_3_n_0
    SLICE_X70Y106        LUT5 (Prop_C6LUT_SLICEL_I2_O)
                                                      0.123     0.768 r  bd_0_i/hls_inst/inst/control_s_axi_U/int_weight_col22[63]_i_1/O
                         net (fo=32, routed)          0.573     1.341    bd_0_i/hls_inst/inst/control_s_axi_U/int_weight_col22[63]_i_1_n_0
    SLICE_X78Y120        FDRE                                         r  bd_0_i/hls_inst/inst/control_s_axi_U/int_weight_col22_reg[58]/CE
  -------------------------------------------------------------------    -------------------

                         (clock ap_clk rise edge)     0.000     0.000 r  
                                                      0.000     0.000 r  ap_clk (IN)
                         net (fo=15512, unset)        0.020     0.020    bd_0_i/hls_inst/inst/control_s_axi_U/ap_clk
    SLICE_X78Y120        FDRE                                         r  bd_0_i/hls_inst/inst/control_s_axi_U/int_weight_col22_reg[58]/C

Slack:                    inf
  Source:                 s_axi_control_wvalid
                            (input port)
  Destination:            bd_0_i/hls_inst/inst/control_s_axi_U/int_weight_col22_reg[62]/CE
                            (rising edge-triggered cell FDRE clocked by ap_clk  {rise@0.000ns fall@1.010ns period=2.020ns})
  Path Group:             (none)
  Path Type:              Setup (Max at Slow Process Corner)
  Data Path Delay:        1.341ns  (logic 0.333ns (24.826%)  route 1.008ns (75.174%))
  Logic Levels:           3  (LUT3=1 LUT5=2)
  Clock Path Skew:        0.020ns (DCD - SCD + CPR)
    Destination Clock Delay (DCD):    0.020ns
    Source Clock Delay      (SCD):    0.000ns
    Clock Pessimism Removal (CPR):    0.000ns
  Clock Uncertainty:      0.025ns  ((TSJ^2 + TIJ^2)^1/2 + DJ) / 2 + PE
    Total System Jitter     (TSJ):    0.050ns
    Total Input Jitter      (TIJ):    0.000ns
    Discrete Jitter          (DJ):    0.000ns
    Phase Error              (PE):    0.000ns

    Location             Delay type                Incr(ns)  Path(ns)    Netlist Resource(s)
  -------------------------------------------------------------------    -------------------
                                                      0.000     0.000 r  s_axi_control_wvalid (IN)
                         net (fo=4, unset)            0.000     0.000    bd_0_i/hls_inst/inst/control_s_axi_U/s_axi_control_WVALID
    SLICE_X67Y100        LUT5 (Prop_A5LUT_SLICEL_I3_O)
                                                      0.112     0.112 r  bd_0_i/hls_inst/inst/control_s_axi_U/int_weight_col17[63]_i_3/O
                         net (fo=18, routed)          0.249     0.361    bd_0_i/hls_inst/inst/control_s_axi_U/int_weight_col17[63]_i_3_n_0
    SLICE_X69Y106        LUT3 (Prop_C5LUT_SLICEL_I1_O)
                                                      0.098     0.459 r  bd_0_i/hls_inst/inst/control_s_axi_U/int_weight_col20[31]_i_3/O
                         net (fo=5, routed)           0.186     0.645    bd_0_i/hls_inst/inst/control_s_axi_U/int_weight_col20[31]_i_3_n_0
    SLICE_X70Y106        LUT5 (Prop_C6LUT_SLICEL_I2_O)
                                                      0.123     0.768 r  bd_0_i/hls_inst/inst/control_s_axi_U/int_weight_col22[63]_i_1/O
                         net (fo=32, routed)          0.573     1.341    bd_0_i/hls_inst/inst/control_s_axi_U/int_weight_col22[63]_i_1_n_0
    SLICE_X78Y120        FDRE                                         r  bd_0_i/hls_inst/inst/control_s_axi_U/int_weight_col22_reg[62]/CE
  -------------------------------------------------------------------    -------------------

                         (clock ap_clk rise edge)     0.000     0.000 r  
                                                      0.000     0.000 r  ap_clk (IN)
                         net (fo=15512, unset)        0.020     0.020    bd_0_i/hls_inst/inst/control_s_axi_U/ap_clk
    SLICE_X78Y120        FDRE                                         r  bd_0_i/hls_inst/inst/control_s_axi_U/int_weight_col22_reg[62]/C

Slack:                    inf
  Source:                 s_axi_control_wvalid
                            (input port)
  Destination:            bd_0_i/hls_inst/inst/control_s_axi_U/int_weight_col26_reg[44]/CE
                            (rising edge-triggered cell FDRE clocked by ap_clk  {rise@0.000ns fall@1.010ns period=2.020ns})
  Path Group:             (none)
  Path Type:              Setup (Max at Slow Process Corner)
  Data Path Delay:        1.340ns  (logic 0.247ns (18.439%)  route 1.093ns (81.562%))
  Logic Levels:           3  (LUT3=1 LUT5=2)
  Clock Path Skew:        0.021ns (DCD - SCD + CPR)
    Destination Clock Delay (DCD):    0.021ns
    Source Clock Delay      (SCD):    0.000ns
    Clock Pessimism Removal (CPR):    0.000ns
  Clock Uncertainty:      0.025ns  ((TSJ^2 + TIJ^2)^1/2 + DJ) / 2 + PE
    Total System Jitter     (TSJ):    0.050ns
    Total Input Jitter      (TIJ):    0.000ns
    Discrete Jitter          (DJ):    0.000ns
    Phase Error              (PE):    0.000ns

    Location             Delay type                Incr(ns)  Path(ns)    Netlist Resource(s)
  -------------------------------------------------------------------    -------------------
                                                      0.000     0.000 r  s_axi_control_wvalid (IN)
                         net (fo=4, unset)            0.000     0.000    bd_0_i/hls_inst/inst/control_s_axi_U/s_axi_control_WVALID
    SLICE_X67Y100        LUT5 (Prop_A5LUT_SLICEL_I3_O)
                                                      0.112     0.112 r  bd_0_i/hls_inst/inst/control_s_axi_U/int_weight_col17[63]_i_3/O
                         net (fo=18, routed)          0.254     0.366    bd_0_i/hls_inst/inst/control_s_axi_U/int_weight_col17[63]_i_3_n_0
    SLICE_X69Y105        LUT5 (Prop_H5LUT_SLICEL_I2_O)
                                                      0.065     0.431 r  bd_0_i/hls_inst/inst/control_s_axi_U/int_weight_col26[31]_i_3/O
                         net (fo=2, routed)           0.222     0.653    bd_0_i/hls_inst/inst/control_s_axi_U/int_weight_col26[31]_i_3_n_0
    SLICE_X69Y105        LUT3 (Prop_E5LUT_SLICEL_I1_O)
                                                      0.070     0.723 r  bd_0_i/hls_inst/inst/control_s_axi_U/int_weight_col26[63]_i_1/O
                         net (fo=32, routed)          0.616     1.340    bd_0_i/hls_inst/inst/control_s_axi_U/int_weight_col26[63]_i_1_n_0
    SLICE_X74Y125        FDRE                                         r  bd_0_i/hls_inst/inst/control_s_axi_U/int_weight_col26_reg[44]/CE
  -------------------------------------------------------------------    -------------------

                         (clock ap_clk rise edge)     0.000     0.000 r  
                                                      0.000     0.000 r  ap_clk (IN)
                         net (fo=15512, unset)        0.021     0.021    bd_0_i/hls_inst/inst/control_s_axi_U/ap_clk
    SLICE_X74Y125        FDRE                                         r  bd_0_i/hls_inst/inst/control_s_axi_U/int_weight_col26_reg[44]/C

Slack:                    inf
  Source:                 s_axi_control_wvalid
                            (input port)
  Destination:            bd_0_i/hls_inst/inst/control_s_axi_U/int_weight_col26_reg[56]/CE
                            (rising edge-triggered cell FDRE clocked by ap_clk  {rise@0.000ns fall@1.010ns period=2.020ns})
  Path Group:             (none)
  Path Type:              Setup (Max at Slow Process Corner)
  Data Path Delay:        1.340ns  (logic 0.247ns (18.439%)  route 1.093ns (81.562%))
  Logic Levels:           3  (LUT3=1 LUT5=2)
  Clock Path Skew:        0.021ns (DCD - SCD + CPR)
    Destination Clock Delay (DCD):    0.021ns
    Source Clock Delay      (SCD):    0.000ns
    Clock Pessimism Removal (CPR):    0.000ns
  Clock Uncertainty:      0.025ns  ((TSJ^2 + TIJ^2)^1/2 + DJ) / 2 + PE
    Total System Jitter     (TSJ):    0.050ns
    Total Input Jitter      (TIJ):    0.000ns
    Discrete Jitter          (DJ):    0.000ns
    Phase Error              (PE):    0.000ns

    Location             Delay type                Incr(ns)  Path(ns)    Netlist Resource(s)
  -------------------------------------------------------------------    -------------------
                                                      0.000     0.000 r  s_axi_control_wvalid (IN)
                         net (fo=4, unset)            0.000     0.000    bd_0_i/hls_inst/inst/control_s_axi_U/s_axi_control_WVALID
    SLICE_X67Y100        LUT5 (Prop_A5LUT_SLICEL_I3_O)
                                                      0.112     0.112 r  bd_0_i/hls_inst/inst/control_s_axi_U/int_weight_col17[63]_i_3/O
                         net (fo=18, routed)          0.254     0.366    bd_0_i/hls_inst/inst/control_s_axi_U/int_weight_col17[63]_i_3_n_0
    SLICE_X69Y105        LUT5 (Prop_H5LUT_SLICEL_I2_O)
                                                      0.065     0.431 r  bd_0_i/hls_inst/inst/control_s_axi_U/int_weight_col26[31]_i_3/O
                         net (fo=2, routed)           0.222     0.653    bd_0_i/hls_inst/inst/control_s_axi_U/int_weight_col26[31]_i_3_n_0
    SLICE_X69Y105        LUT3 (Prop_E5LUT_SLICEL_I1_O)
                                                      0.070     0.723 r  bd_0_i/hls_inst/inst/control_s_axi_U/int_weight_col26[63]_i_1/O
                         net (fo=32, routed)          0.616     1.340    bd_0_i/hls_inst/inst/control_s_axi_U/int_weight_col26[63]_i_1_n_0
    SLICE_X74Y125        FDRE                                         r  bd_0_i/hls_inst/inst/control_s_axi_U/int_weight_col26_reg[56]/CE
  -------------------------------------------------------------------    -------------------

                         (clock ap_clk rise edge)     0.000     0.000 r  
                                                      0.000     0.000 r  ap_clk (IN)
                         net (fo=15512, unset)        0.021     0.021    bd_0_i/hls_inst/inst/control_s_axi_U/ap_clk
    SLICE_X74Y125        FDRE                                         r  bd_0_i/hls_inst/inst/control_s_axi_U/int_weight_col26_reg[56]/C

Slack:                    inf
  Source:                 s_axi_control_wvalid
                            (input port)
  Destination:            bd_0_i/hls_inst/inst/control_s_axi_U/int_weight_col28_reg[2]/CE
                            (rising edge-triggered cell FDRE clocked by ap_clk  {rise@0.000ns fall@1.010ns period=2.020ns})
  Path Group:             (none)
  Path Type:              Setup (Max at Slow Process Corner)
  Data Path Delay:        1.339ns  (logic 0.273ns (20.395%)  route 1.066ns (79.605%))
  Logic Levels:           3  (LUT4=2 LUT5=1)
  Clock Path Skew:        0.020ns (DCD - SCD + CPR)
    Destination Clock Delay (DCD):    0.020ns
    Source Clock Delay      (SCD):    0.000ns
    Clock Pessimism Removal (CPR):    0.000ns
  Clock Uncertainty:      0.025ns  ((TSJ^2 + TIJ^2)^1/2 + DJ) / 2 + PE
    Total System Jitter     (TSJ):    0.050ns
    Total Input Jitter      (TIJ):    0.000ns
    Discrete Jitter          (DJ):    0.000ns
    Phase Error              (PE):    0.000ns

    Location             Delay type                Incr(ns)  Path(ns)    Netlist Resource(s)
  -------------------------------------------------------------------    -------------------
                                                      0.000     0.000 r  s_axi_control_wvalid (IN)
                         net (fo=4, unset)            0.000     0.000    bd_0_i/hls_inst/inst/control_s_axi_U/s_axi_control_WVALID
    SLICE_X67Y100        LUT5 (Prop_A5LUT_SLICEL_I3_O)
                                                      0.112     0.112 r  bd_0_i/hls_inst/inst/control_s_axi_U/int_weight_col17[63]_i_3/O
                         net (fo=18, routed)          0.249     0.361    bd_0_i/hls_inst/inst/control_s_axi_U/int_weight_col17[63]_i_3_n_0
    SLICE_X69Y106        LUT4 (Prop_C6LUT_SLICEL_I0_O)
                                                      0.088     0.449 r  bd_0_i/hls_inst/inst/control_s_axi_U/int_weight_col28[31]_i_3/O
                         net (fo=5, routed)           0.244     0.694    bd_0_i/hls_inst/inst/control_s_axi_U/int_weight_col28[31]_i_3_n_0
    SLICE_X70Y108        LUT4 (Prop_B5LUT_SLICEL_I1_O)
                                                      0.073     0.767 r  bd_0_i/hls_inst/inst/control_s_axi_U/int_weight_col28[31]_i_1/O
                         net (fo=32, routed)          0.572     1.339    bd_0_i/hls_inst/inst/control_s_axi_U/int_weight_col28[31]_i_1_n_0
    SLICE_X78Y115        FDRE                                         r  bd_0_i/hls_inst/inst/control_s_axi_U/int_weight_col28_reg[2]/CE
  -------------------------------------------------------------------    -------------------

                         (clock ap_clk rise edge)     0.000     0.000 r  
                                                      0.000     0.000 r  ap_clk (IN)
                         net (fo=15512, unset)        0.020     0.020    bd_0_i/hls_inst/inst/control_s_axi_U/ap_clk
    SLICE_X78Y115        FDRE                                         r  bd_0_i/hls_inst/inst/control_s_axi_U/int_weight_col28_reg[2]/C





Min Delay Paths
--------------------------------------------------------------------------------------
Slack:                    inf
  Source:                 s_axi_control_wdata[0]
                            (input port)
  Destination:            bd_0_i/hls_inst/inst/control_s_axi_U/int_ier_reg[0]/D
                            (rising edge-triggered cell FDRE clocked by ap_clk  {rise@0.000ns fall@1.010ns period=2.020ns})
  Path Group:             (none)
  Path Type:              Hold (Min at Fast Process Corner)
  Data Path Delay:        0.007ns  (logic 0.000ns (0.000%)  route 0.007ns (100.000%))
  Logic Levels:           0  
  Clock Path Skew:        0.019ns (DCD - SCD - CPR)
    Destination Clock Delay (DCD):    0.019ns
    Source Clock Delay      (SCD):    0.000ns
    Clock Pessimism Removal (CPR):    -0.000ns

    Location             Delay type                Incr(ns)  Path(ns)    Netlist Resource(s)
  -------------------------------------------------------------------    -------------------
                                                      0.000     0.000 r  s_axi_control_wdata[0] (IN)
                         net (fo=72, unset)           0.007     0.007    bd_0_i/hls_inst/inst/control_s_axi_U/s_axi_control_WDATA[0]
    SLICE_X71Y93         FDRE                                         r  bd_0_i/hls_inst/inst/control_s_axi_U/int_ier_reg[0]/D
  -------------------------------------------------------------------    -------------------

                         (clock ap_clk rise edge)     0.000     0.000 r  
                                                      0.000     0.000 r  ap_clk (IN)
                         net (fo=15512, unset)        0.019     0.019    bd_0_i/hls_inst/inst/control_s_axi_U/ap_clk
    SLICE_X71Y93         FDRE                                         r  bd_0_i/hls_inst/inst/control_s_axi_U/int_ier_reg[0]/C

Slack:                    inf
  Source:                 m_axi_gmem_act_rdata[101]
                            (input port)
  Destination:            bd_0_i/hls_inst/inst/gmem_act_m_axi_U/bus_read/rs_rdata/data_p2_reg[101]/D
                            (rising edge-triggered cell FDRE clocked by ap_clk  {rise@0.000ns fall@1.010ns period=2.020ns})
  Path Group:             (none)
  Path Type:              Hold (Min at Fast Process Corner)
  Data Path Delay:        0.007ns  (logic 0.000ns (0.000%)  route 0.007ns (100.000%))
  Logic Levels:           0  
  Clock Path Skew:        0.019ns (DCD - SCD - CPR)
    Destination Clock Delay (DCD):    0.019ns
    Source Clock Delay      (SCD):    0.000ns
    Clock Pessimism Removal (CPR):    -0.000ns

    Location             Delay type                Incr(ns)  Path(ns)    Netlist Resource(s)
  -------------------------------------------------------------------    -------------------
                                                      0.000     0.000 r  m_axi_gmem_act_rdata[101] (IN)
                         net (fo=1, unset)            0.007     0.007    bd_0_i/hls_inst/inst/gmem_act_m_axi_U/bus_read/rs_rdata/D[101]
    SLICE_X49Y93         FDRE                                         r  bd_0_i/hls_inst/inst/gmem_act_m_axi_U/bus_read/rs_rdata/data_p2_reg[101]/D
  -------------------------------------------------------------------    -------------------

                         (clock ap_clk rise edge)     0.000     0.000 r  
                                                      0.000     0.000 r  ap_clk (IN)
                         net (fo=15512, unset)        0.019     0.019    bd_0_i/hls_inst/inst/gmem_act_m_axi_U/bus_read/rs_rdata/ap_clk
    SLICE_X49Y93         FDRE                                         r  bd_0_i/hls_inst/inst/gmem_act_m_axi_U/bus_read/rs_rdata/data_p2_reg[101]/C

Slack:                    inf
  Source:                 m_axi_gmem_act_rdata[102]
                            (input port)
  Destination:            bd_0_i/hls_inst/inst/gmem_act_m_axi_U/bus_read/rs_rdata/data_p2_reg[102]/D
                            (rising edge-triggered cell FDRE clocked by ap_clk  {rise@0.000ns fall@1.010ns period=2.020ns})
  Path Group:             (none)
  Path Type:              Hold (Min at Fast Process Corner)
  Data Path Delay:        0.007ns  (logic 0.000ns (0.000%)  route 0.007ns (100.000%))
  Logic Levels:           0  
  Clock Path Skew:        0.019ns (DCD - SCD - CPR)
    Destination Clock Delay (DCD):    0.019ns
    Source Clock Delay      (SCD):    0.000ns
    Clock Pessimism Removal (CPR):    -0.000ns

    Location             Delay type                Incr(ns)  Path(ns)    Netlist Resource(s)
  -------------------------------------------------------------------    -------------------
                                                      0.000     0.000 r  m_axi_gmem_act_rdata[102] (IN)
                         net (fo=1, unset)            0.007     0.007    bd_0_i/hls_inst/inst/gmem_act_m_axi_U/bus_read/rs_rdata/D[102]
    SLICE_X48Y86         FDRE                                         r  bd_0_i/hls_inst/inst/gmem_act_m_axi_U/bus_read/rs_rdata/data_p2_reg[102]/D
  -------------------------------------------------------------------    -------------------

                         (clock ap_clk rise edge)     0.000     0.000 r  
                                                      0.000     0.000 r  ap_clk (IN)
                         net (fo=15512, unset)        0.019     0.019    bd_0_i/hls_inst/inst/gmem_act_m_axi_U/bus_read/rs_rdata/ap_clk
    SLICE_X48Y86         FDRE                                         r  bd_0_i/hls_inst/inst/gmem_act_m_axi_U/bus_read/rs_rdata/data_p2_reg[102]/C

Slack:                    inf
  Source:                 m_axi_gmem_act_rdata[103]
                            (input port)
  Destination:            bd_0_i/hls_inst/inst/gmem_act_m_axi_U/bus_read/rs_rdata/data_p2_reg[103]/D
                            (rising edge-triggered cell FDRE clocked by ap_clk  {rise@0.000ns fall@1.010ns period=2.020ns})
  Path Group:             (none)
  Path Type:              Hold (Min at Fast Process Corner)
  Data Path Delay:        0.007ns  (logic 0.000ns (0.000%)  route 0.007ns (100.000%))
  Logic Levels:           0  
  Clock Path Skew:        0.019ns (DCD - SCD - CPR)
    Destination Clock Delay (DCD):    0.019ns
    Source Clock Delay      (SCD):    0.000ns
    Clock Pessimism Removal (CPR):    -0.000ns

    Location             Delay type                Incr(ns)  Path(ns)    Netlist Resource(s)
  -------------------------------------------------------------------    -------------------
                                                      0.000     0.000 r  m_axi_gmem_act_rdata[103] (IN)
                         net (fo=1, unset)            0.007     0.007    bd_0_i/hls_inst/inst/gmem_act_m_axi_U/bus_read/rs_rdata/D[103]
    SLICE_X47Y94         FDRE                                         r  bd_0_i/hls_inst/inst/gmem_act_m_axi_U/bus_read/rs_rdata/data_p2_reg[103]/D
  -------------------------------------------------------------------    -------------------

                         (clock ap_clk rise edge)     0.000     0.000 r  
                                                      0.000     0.000 r  ap_clk (IN)
                         net (fo=15512, unset)        0.019     0.019    bd_0_i/hls_inst/inst/gmem_act_m_axi_U/bus_read/rs_rdata/ap_clk
    SLICE_X47Y94         FDRE                                         r  bd_0_i/hls_inst/inst/gmem_act_m_axi_U/bus_read/rs_rdata/data_p2_reg[103]/C

Slack:                    inf
  Source:                 m_axi_gmem_act_rdata[106]
                            (input port)
  Destination:            bd_0_i/hls_inst/inst/gmem_act_m_axi_U/bus_read/rs_rdata/data_p2_reg[106]/D
                            (rising edge-triggered cell FDRE clocked by ap_clk  {rise@0.000ns fall@1.010ns period=2.020ns})
  Path Group:             (none)
  Path Type:              Hold (Min at Fast Process Corner)
  Data Path Delay:        0.007ns  (logic 0.000ns (0.000%)  route 0.007ns (100.000%))
  Logic Levels:           0  
  Clock Path Skew:        0.018ns (DCD - SCD - CPR)
    Destination Clock Delay (DCD):    0.018ns
    Source Clock Delay      (SCD):    0.000ns
    Clock Pessimism Removal (CPR):    -0.000ns

    Location             Delay type                Incr(ns)  Path(ns)    Netlist Resource(s)
  -------------------------------------------------------------------    -------------------
                                                      0.000     0.000 r  m_axi_gmem_act_rdata[106] (IN)
                         net (fo=1, unset)            0.007     0.007    bd_0_i/hls_inst/inst/gmem_act_m_axi_U/bus_read/rs_rdata/D[106]
    SLICE_X47Y92         FDRE                                         r  bd_0_i/hls_inst/inst/gmem_act_m_axi_U/bus_read/rs_rdata/data_p2_reg[106]/D
  -------------------------------------------------------------------    -------------------

                         (clock ap_clk rise edge)     0.000     0.000 r  
                                                      0.000     0.000 r  ap_clk (IN)
                         net (fo=15512, unset)        0.018     0.018    bd_0_i/hls_inst/inst/gmem_act_m_axi_U/bus_read/rs_rdata/ap_clk
    SLICE_X47Y92         FDRE                                         r  bd_0_i/hls_inst/inst/gmem_act_m_axi_U/bus_read/rs_rdata/data_p2_reg[106]/C

Slack:                    inf
  Source:                 m_axi_gmem_act_rdata[107]
                            (input port)
  Destination:            bd_0_i/hls_inst/inst/gmem_act_m_axi_U/bus_read/rs_rdata/data_p2_reg[107]/D
                            (rising edge-triggered cell FDRE clocked by ap_clk  {rise@0.000ns fall@1.010ns period=2.020ns})
  Path Group:             (none)
  Path Type:              Hold (Min at Fast Process Corner)
  Data Path Delay:        0.007ns  (logic 0.000ns (0.000%)  route 0.007ns (100.000%))
  Logic Levels:           0  
  Clock Path Skew:        0.018ns (DCD - SCD - CPR)
    Destination Clock Delay (DCD):    0.018ns
    Source Clock Delay      (SCD):    0.000ns
    Clock Pessimism Removal (CPR):    -0.000ns

    Location             Delay type                Incr(ns)  Path(ns)    Netlist Resource(s)
  -------------------------------------------------------------------    -------------------
                                                      0.000     0.000 r  m_axi_gmem_act_rdata[107] (IN)
                         net (fo=1, unset)            0.007     0.007    bd_0_i/hls_inst/inst/gmem_act_m_axi_U/bus_read/rs_rdata/D[107]
    SLICE_X49Y90         FDRE                                         r  bd_0_i/hls_inst/inst/gmem_act_m_axi_U/bus_read/rs_rdata/data_p2_reg[107]/D
  -------------------------------------------------------------------    -------------------

                         (clock ap_clk rise edge)     0.000     0.000 r  
                                                      0.000     0.000 r  ap_clk (IN)
                         net (fo=15512, unset)        0.018     0.018    bd_0_i/hls_inst/inst/gmem_act_m_axi_U/bus_read/rs_rdata/ap_clk
    SLICE_X49Y90         FDRE                                         r  bd_0_i/hls_inst/inst/gmem_act_m_axi_U/bus_read/rs_rdata/data_p2_reg[107]/C

Slack:                    inf
  Source:                 m_axi_gmem_act_rdata[108]
                            (input port)
  Destination:            bd_0_i/hls_inst/inst/gmem_act_m_axi_U/bus_read/rs_rdata/data_p2_reg[108]/D
                            (rising edge-triggered cell FDRE clocked by ap_clk  {rise@0.000ns fall@1.010ns period=2.020ns})
  Path Group:             (none)
  Path Type:              Hold (Min at Fast Process Corner)
  Data Path Delay:        0.007ns  (logic 0.000ns (0.000%)  route 0.007ns (100.000%))
  Logic Levels:           0  
  Clock Path Skew:        0.018ns (DCD - SCD - CPR)
    Destination Clock Delay (DCD):    0.018ns
    Source Clock Delay      (SCD):    0.000ns
    Clock Pessimism Removal (CPR):    -0.000ns

    Location             Delay type                Incr(ns)  Path(ns)    Netlist Resource(s)
  -------------------------------------------------------------------    -------------------
                                                      0.000     0.000 r  m_axi_gmem_act_rdata[108] (IN)
                         net (fo=1, unset)            0.007     0.007    bd_0_i/hls_inst/inst/gmem_act_m_axi_U/bus_read/rs_rdata/D[108]
    SLICE_X49Y89         FDRE                                         r  bd_0_i/hls_inst/inst/gmem_act_m_axi_U/bus_read/rs_rdata/data_p2_reg[108]/D
  -------------------------------------------------------------------    -------------------

                         (clock ap_clk rise edge)     0.000     0.000 r  
                                                      0.000     0.000 r  ap_clk (IN)
                         net (fo=15512, unset)        0.018     0.018    bd_0_i/hls_inst/inst/gmem_act_m_axi_U/bus_read/rs_rdata/ap_clk
    SLICE_X49Y89         FDRE                                         r  bd_0_i/hls_inst/inst/gmem_act_m_axi_U/bus_read/rs_rdata/data_p2_reg[108]/C

Slack:                    inf
  Source:                 m_axi_gmem_act_rdata[109]
                            (input port)
  Destination:            bd_0_i/hls_inst/inst/gmem_act_m_axi_U/bus_read/rs_rdata/data_p2_reg[109]/D
                            (rising edge-triggered cell FDRE clocked by ap_clk  {rise@0.000ns fall@1.010ns period=2.020ns})
  Path Group:             (none)
  Path Type:              Hold (Min at Fast Process Corner)
  Data Path Delay:        0.007ns  (logic 0.000ns (0.000%)  route 0.007ns (100.000%))
  Logic Levels:           0  
  Clock Path Skew:        0.019ns (DCD - SCD - CPR)
    Destination Clock Delay (DCD):    0.019ns
    Source Clock Delay      (SCD):    0.000ns
    Clock Pessimism Removal (CPR):    -0.000ns

    Location             Delay type                Incr(ns)  Path(ns)    Netlist Resource(s)
  -------------------------------------------------------------------    -------------------
                                                      0.000     0.000 r  m_axi_gmem_act_rdata[109] (IN)
                         net (fo=1, unset)            0.007     0.007    bd_0_i/hls_inst/inst/gmem_act_m_axi_U/bus_read/rs_rdata/D[109]
    SLICE_X52Y98         FDRE                                         r  bd_0_i/hls_inst/inst/gmem_act_m_axi_U/bus_read/rs_rdata/data_p2_reg[109]/D
  -------------------------------------------------------------------    -------------------

                         (clock ap_clk rise edge)     0.000     0.000 r  
                                                      0.000     0.000 r  ap_clk (IN)
                         net (fo=15512, unset)        0.019     0.019    bd_0_i/hls_inst/inst/gmem_act_m_axi_U/bus_read/rs_rdata/ap_clk
    SLICE_X52Y98         FDRE                                         r  bd_0_i/hls_inst/inst/gmem_act_m_axi_U/bus_read/rs_rdata/data_p2_reg[109]/C

Slack:                    inf
  Source:                 m_axi_gmem_act_rdata[110]
                            (input port)
  Destination:            bd_0_i/hls_inst/inst/gmem_act_m_axi_U/bus_read/rs_rdata/data_p2_reg[110]/D
                            (rising edge-triggered cell FDRE clocked by ap_clk  {rise@0.000ns fall@1.010ns period=2.020ns})
  Path Group:             (none)
  Path Type:              Hold (Min at Fast Process Corner)
  Data Path Delay:        0.007ns  (logic 0.000ns (0.000%)  route 0.007ns (100.000%))
  Logic Levels:           0  
  Clock Path Skew:        0.019ns (DCD - SCD - CPR)
    Destination Clock Delay (DCD):    0.019ns
    Source Clock Delay      (SCD):    0.000ns
    Clock Pessimism Removal (CPR):    -0.000ns

    Location             Delay type                Incr(ns)  Path(ns)    Netlist Resource(s)
  -------------------------------------------------------------------    -------------------
                                                      0.000     0.000 r  m_axi_gmem_act_rdata[110] (IN)
                         net (fo=1, unset)            0.007     0.007    bd_0_i/hls_inst/inst/gmem_act_m_axi_U/bus_read/rs_rdata/D[110]
    SLICE_X49Y89         FDRE                                         r  bd_0_i/hls_inst/inst/gmem_act_m_axi_U/bus_read/rs_rdata/data_p2_reg[110]/D
  -------------------------------------------------------------------    -------------------

                         (clock ap_clk rise edge)     0.000     0.000 r  
                                                      0.000     0.000 r  ap_clk (IN)
                         net (fo=15512, unset)        0.019     0.019    bd_0_i/hls_inst/inst/gmem_act_m_axi_U/bus_read/rs_rdata/ap_clk
    SLICE_X49Y89         FDRE                                         r  bd_0_i/hls_inst/inst/gmem_act_m_axi_U/bus_read/rs_rdata/data_p2_reg[110]/C

Slack:                    inf
  Source:                 m_axi_gmem_act_rdata[113]
                            (input port)
  Destination:            bd_0_i/hls_inst/inst/gmem_act_m_axi_U/bus_read/rs_rdata/data_p2_reg[113]/D
                            (rising edge-triggered cell FDRE clocked by ap_clk  {rise@0.000ns fall@1.010ns period=2.020ns})
  Path Group:             (none)
  Path Type:              Hold (Min at Fast Process Corner)
  Data Path Delay:        0.007ns  (logic 0.000ns (0.000%)  route 0.007ns (100.000%))
  Logic Levels:           0  
  Clock Path Skew:        0.019ns (DCD - SCD - CPR)
    Destination Clock Delay (DCD):    0.019ns
    Source Clock Delay      (SCD):    0.000ns
    Clock Pessimism Removal (CPR):    -0.000ns

    Location             Delay type                Incr(ns)  Path(ns)    Netlist Resource(s)
  -------------------------------------------------------------------    -------------------
                                                      0.000     0.000 r  m_axi_gmem_act_rdata[113] (IN)
                         net (fo=1, unset)            0.007     0.007    bd_0_i/hls_inst/inst/gmem_act_m_axi_U/bus_read/rs_rdata/D[113]
    SLICE_X49Y96         FDRE                                         r  bd_0_i/hls_inst/inst/gmem_act_m_axi_U/bus_read/rs_rdata/data_p2_reg[113]/D
  -------------------------------------------------------------------    -------------------

                         (clock ap_clk rise edge)     0.000     0.000 r  
                                                      0.000     0.000 r  ap_clk (IN)
                         net (fo=15512, unset)        0.019     0.019    bd_0_i/hls_inst/inst/gmem_act_m_axi_U/bus_read/rs_rdata/ap_clk
    SLICE_X49Y96         FDRE                                         r  bd_0_i/hls_inst/inst/gmem_act_m_axi_U/bus_read/rs_rdata/data_p2_reg[113]/C





