Copyright 1986-2022 Xilinx, Inc. All Rights Reserved. Copyright 2022-2023 Advanced Micro Devices, Inc. All Rights Reserved.
--------------------------------------------------------------------------------------------------------------------------------------------------------------------------------------------------------------------------------------
| Tool Version      : Vivado v.2023.2 (lin64) Build 4029153 Fri Oct 13 20:13:54 MDT 2023
| Date              : Sun Mar 15 19:24:16 2026
| Host              : <REDACTED_HOST> running 64-bit Ubuntu 22.04.5 LTS
| Command           : report_timing_summary -max_paths 10 -report_unconstrained -file bd_0_wrapper_timing_summary_routed.rpt -pb bd_0_wrapper_timing_summary_routed.pb -rpx bd_0_wrapper_timing_summary_routed.rpx -warn_on_violation
| Design            : bd_0_wrapper
| Device            : xcu55c-fsvh2892
| Speed File        : -2L  PRODUCTION 1.30 05-01-2022
| Design State      : Routed
| Temperature Grade : E
--------------------------------------------------------------------------------------------------------------------------------------------------------------------------------------------------------------------------------------

Timing Summary Report

------------------------------------------------------------------------------------------------
| Timer Settings
| --------------
------------------------------------------------------------------------------------------------

  Enable Multi Corner Analysis               :  Yes
  Enable Pessimism Removal                   :  Yes
  Pessimism Removal Resolution               :  Nearest Common Node
  Enable Input Delay Default Clock           :  No
  Enable Preset / Clear Arcs                 :  No
  Disable Flight Delays                      :  No
  Ignore I/O Paths                           :  No
  Timing Early Launch at Borrowing Latches   :  No
  Borrow Time for Max Delay Exceptions       :  Yes
  Merge Timing Exceptions                    :  Yes
  Inter-SLR Compensation                     :  Conservative

  Corner  Analyze    Analyze    
  Name    Max Paths  Min Paths  
  ------  ---------  ---------  
  Slow    Yes        Yes        
  Fast    Yes        Yes        


------------------------------------------------------------------------------------------------
| Report Methodology
| ------------------
------------------------------------------------------------------------------------------------

Rule       Severity  Description                    Violations  
---------  --------  -----------------------------  ----------  
TIMING-18  Warning   Missing input or output delay  913         

Note: This report is based on the most recent report_methodology run and may not be up-to-date. Run report_methodology on the current design for the latest report.



check_timing report

Table of Contents
-----------------
1. checking no_clock (0)
2. checking constant_clock (0)
3. checking pulse_width_clock (0)
4. checking unconstrained_internal_endpoints (0)
5. checking no_input_delay (360)
6. checking no_output_delay (529)
7. checking multiple_clock (0)
8. checking generated_clocks (0)
9. checking loops (0)
10. checking partial_input_delay (0)
11. checking partial_output_delay (0)
12. checking latch_loops (0)

1. checking no_clock (0)
------------------------
 There are 0 register/latch pins with no clock.


2. checking constant_clock (0)
------------------------------
 There are 0 register/latch pins with constant_clock.


3. checking pulse_width_clock (0)
---------------------------------
 There are 0 register/latch pins which need pulse_width check


4. checking unconstrained_internal_endpoints (0)
------------------------------------------------
 There are 0 pins that are not constrained for maximum delay.

 There are 0 pins that are not constrained for maximum delay due to constant clock.


5. checking no_input_delay (360)
--------------------------------
 There are 360 input ports with no input delay specified. (HIGH)

 There are 0 input ports with no input delay but user has a false path constraint.


6. checking no_output_delay (529)
---------------------------------
 There are 529 ports with no output delay specified. (HIGH)

 There are 0 ports with no output delay but user has a false path constraint

 There are 0 ports with no output delay but with a timing clock defined on it or propagating through it


7. checking multiple_clock (0)
------------------------------
 There are 0 register/latch pins with multiple clocks.


8. checking generated_clocks (0)
--------------------------------
 There are 0 generated clocks that are not connected to a clock source.


9. checking loops (0)
---------------------
 There are 0 combinational loops in the design.


10. checking partial_input_delay (0)
------------------------------------
 There are 0 input ports with partial input delay specified.


11. checking partial_output_delay (0)
-------------------------------------
 There are 0 ports with partial output delay specified.


12. checking latch_loops (0)
----------------------------
 There are 0 combinational latch loops in the design through latch input



------------------------------------------------------------------------------------------------
| Design Timing Summary
| ---------------------
------------------------------------------------------------------------------------------------

    WNS(ns)      TNS(ns)  TNS Failing Endpoints  TNS Total Endpoints      WHS(ns)      THS(ns)  THS Failing Endpoints  THS Total Endpoints     WPWS(ns)     TPWS(ns)  TPWS Failing Endpoints  TPWS Total Endpoints  
    -------      -------  ---------------------  -------------------      -------      -------  ---------------------  -------------------     --------     --------  ----------------------  --------------------  
      0.730        0.000                      0                39167        0.026        0.000                      0                39167        1.730        0.000                       0                 15099  


All user specified timing constraints are met.


------------------------------------------------------------------------------------------------
| Clock Summary
| -------------
------------------------------------------------------------------------------------------------

Clock   Waveform(ns)         Period(ns)      Frequency(MHz)
-----   ------------         ----------      --------------
ap_clk  {0.000 2.272}        4.545           220.022         


------------------------------------------------------------------------------------------------
| Intra Clock Table
| -----------------
------------------------------------------------------------------------------------------------

Clock             WNS(ns)      TNS(ns)  TNS Failing Endpoints  TNS Total Endpoints      WHS(ns)      THS(ns)  THS Failing Endpoints  THS Total Endpoints     WPWS(ns)     TPWS(ns)  TPWS Failing Endpoints  TPWS Total Endpoints  
-----             -------      -------  ---------------------  -------------------      -------      -------  ---------------------  -------------------     --------     --------  ----------------------  --------------------  
ap_clk              0.730        0.000                      0                39167        0.026        0.000                      0                39167        1.730        0.000                       0                 15099  


------------------------------------------------------------------------------------------------
| Inter Clock Table
| -----------------
------------------------------------------------------------------------------------------------

From Clock    To Clock          WNS(ns)      TNS(ns)  TNS Failing Endpoints  TNS Total Endpoints      WHS(ns)      THS(ns)  THS Failing Endpoints  THS Total Endpoints  
----------    --------          -------      -------  ---------------------  -------------------      -------      -------  ---------------------  -------------------  


------------------------------------------------------------------------------------------------
| Other Path Groups Table
| -----------------------
------------------------------------------------------------------------------------------------

Path Group    From Clock    To Clock          WNS(ns)      TNS(ns)  TNS Failing Endpoints  TNS Total Endpoints      WHS(ns)      THS(ns)  THS Failing Endpoints  THS Total Endpoints  
----------    ----------    --------          -------      -------  ---------------------  -------------------      -------      -------  ---------------------  -------------------  


------------------------------------------------------------------------------------------------
| User Ignored Path Table
| -----------------------
------------------------------------------------------------------------------------------------

Path Group    From Clock    To Clock    
----------    ----------    --------    


------------------------------------------------------------------------------------------------
| Unconstrained Path Table
| ------------------------
------------------------------------------------------------------------------------------------

Path Group    From Clock    To Clock    
----------    ----------    --------    
(none)        ap_clk                      
(none)                      ap_clk        


------------------------------------------------------------------------------------------------
| Timing Details
| --------------
------------------------------------------------------------------------------------------------


---------------------------------------------------------------------------------------------------
From Clock:  ap_clk
  To Clock:  ap_clk

Setup :            0  Failing Endpoints,  Worst Slack        0.730ns,  Total Violation        0.000ns
Hold  :            0  Failing Endpoints,  Worst Slack        0.026ns,  Total Violation        0.000ns
PW    :            0  Failing Endpoints,  Worst Slack        1.730ns,  Total Violation        0.000ns
---------------------------------------------------------------------------------------------------


Max Delay Paths
--------------------------------------------------------------------------------------
Slack (MET) :             0.730ns  (required time - arrival time)
  Source:                 bd_0_i/hls_inst/inst/control_s_axi_U/int_mode_reg[0]/C
                            (rising edge-triggered cell FDRE clocked by ap_clk  {rise@0.000ns fall@2.272ns period=4.545ns})
  Destination:            bd_0_i/hls_inst/inst/grp_Hybrid_INT4_INT4_PD_fu_940/col_gen[4].row_gen[5].dsp_core/signs_r1_reg[8]/R
                            (rising edge-triggered cell FDRE clocked by ap_clk  {rise@0.000ns fall@2.272ns period=4.545ns})
  Path Group:             ap_clk
  Path Type:              Setup (Max at Slow Process Corner)
  Requirement:            4.545ns  (ap_clk rise@4.545ns - ap_clk rise@0.000ns)
  Data Path Delay:        3.698ns  (logic 0.080ns (2.163%)  route 3.618ns (97.837%))
  Logic Levels:           0  
  Clock Path Skew:        -0.008ns (DCD - SCD + CPR)
    Destination Clock Delay (DCD):    0.021ns = ( 4.566 - 4.545 ) 
    Source Clock Delay      (SCD):    0.029ns
    Clock Pessimism Removal (CPR):    0.000ns
  Clock Uncertainty:      0.035ns  ((TSJ^2 + TIJ^2)^1/2 + DJ) / 2 + PE
    Total System Jitter     (TSJ):    0.071ns
    Total Input Jitter      (TIJ):    0.000ns
    Discrete Jitter          (DJ):    0.000ns
    Phase Error              (PE):    0.000ns

    Location             Delay type                Incr(ns)  Path(ns)    Netlist Resource(s)
  -------------------------------------------------------------------    -------------------
                         (clock ap_clk rise edge)     0.000     0.000 r  
                                                      0.000     0.000 r  ap_clk (IN)
                         net (fo=15418, unset)        0.029     0.029    bd_0_i/hls_inst/inst/control_s_axi_U/ap_clk
    SLICE_X70Y55         FDRE                                         r  bd_0_i/hls_inst/inst/control_s_axi_U/int_mode_reg[0]/C
  -------------------------------------------------------------------    -------------------
    SLICE_X70Y55         FDRE (Prop_HFF2_SLICEL_C_Q)
                                                      0.080     0.109 r  bd_0_i/hls_inst/inst/control_s_axi_U/int_mode_reg[0]/Q
                         net (fo=2686, routed)        3.618     3.727    bd_0_i/hls_inst/inst/grp_Hybrid_INT4_INT4_PD_fu_940/col_gen[4].row_gen[5].dsp_core/mode
    SLICE_X77Y144        FDRE                                         r  bd_0_i/hls_inst/inst/grp_Hybrid_INT4_INT4_PD_fu_940/col_gen[4].row_gen[5].dsp_core/signs_r1_reg[8]/R
  -------------------------------------------------------------------    -------------------

                         (clock ap_clk rise edge)     4.545     4.545 r  
                                                      0.000     4.545 r  ap_clk (IN)
                         net (fo=15418, unset)        0.021     4.566    bd_0_i/hls_inst/inst/grp_Hybrid_INT4_INT4_PD_fu_940/col_gen[4].row_gen[5].dsp_core/ap_clk
    SLICE_X77Y144        FDRE                                         r  bd_0_i/hls_inst/inst/grp_Hybrid_INT4_INT4_PD_fu_940/col_gen[4].row_gen[5].dsp_core/signs_r1_reg[8]/C
                         clock pessimism              0.000     4.566    
                         clock uncertainty           -0.035     4.531    
    SLICE_X77Y144        FDRE (Setup_AFF_SLICEM_C_R)
                                                     -0.074     4.457    bd_0_i/hls_inst/inst/grp_Hybrid_INT4_INT4_PD_fu_940/col_gen[4].row_gen[5].dsp_core/signs_r1_reg[8]
  -------------------------------------------------------------------
                         required time                          4.457    
                         arrival time                          -3.727    
  -------------------------------------------------------------------
                         slack                                  0.730    

Slack (MET) :             0.779ns  (required time - arrival time)
  Source:                 bd_0_i/hls_inst/inst/control_s_axi_U/int_mode_reg[0]/C
                            (rising edge-triggered cell FDRE clocked by ap_clk  {rise@0.000ns fall@2.272ns period=4.545ns})
  Destination:            bd_0_i/hls_inst/inst/grp_Hybrid_INT4_INT4_PD_fu_940/col_gen[4].row_gen[5].dsp_core/signs_r1_reg[7]/R
                            (rising edge-triggered cell FDRE clocked by ap_clk  {rise@0.000ns fall@2.272ns period=4.545ns})
  Path Group:             ap_clk
  Path Type:              Setup (Max at Slow Process Corner)
  Requirement:            4.545ns  (ap_clk rise@4.545ns - ap_clk rise@0.000ns)
  Data Path Delay:        3.647ns  (logic 0.080ns (2.193%)  route 3.567ns (97.807%))
  Logic Levels:           0  
  Clock Path Skew:        -0.009ns (DCD - SCD + CPR)
    Destination Clock Delay (DCD):    0.020ns = ( 4.565 - 4.545 ) 
    Source Clock Delay      (SCD):    0.029ns
    Clock Pessimism Removal (CPR):    0.000ns
  Clock Uncertainty:      0.035ns  ((TSJ^2 + TIJ^2)^1/2 + DJ) / 2 + PE
    Total System Jitter     (TSJ):    0.071ns
    Total Input Jitter      (TIJ):    0.000ns
    Discrete Jitter          (DJ):    0.000ns
    Phase Error              (PE):    0.000ns

    Location             Delay type                Incr(ns)  Path(ns)    Netlist Resource(s)
  -------------------------------------------------------------------    -------------------
                         (clock ap_clk rise edge)     0.000     0.000 r  
                                                      0.000     0.000 r  ap_clk (IN)
                         net (fo=15418, unset)        0.029     0.029    bd_0_i/hls_inst/inst/control_s_axi_U/ap_clk
    SLICE_X70Y55         FDRE                                         r  bd_0_i/hls_inst/inst/control_s_axi_U/int_mode_reg[0]/C
  -------------------------------------------------------------------    -------------------
    SLICE_X70Y55         FDRE (Prop_HFF2_SLICEL_C_Q)
                                                      0.080     0.109 r  bd_0_i/hls_inst/inst/control_s_axi_U/int_mode_reg[0]/Q
                         net (fo=2686, routed)        3.567     3.676    bd_0_i/hls_inst/inst/grp_Hybrid_INT4_INT4_PD_fu_940/col_gen[4].row_gen[5].dsp_core/mode
    SLICE_X78Y142        FDRE                                         r  bd_0_i/hls_inst/inst/grp_Hybrid_INT4_INT4_PD_fu_940/col_gen[4].row_gen[5].dsp_core/signs_r1_reg[7]/R
  -------------------------------------------------------------------    -------------------

                         (clock ap_clk rise edge)     4.545     4.545 r  
                                                      0.000     4.545 r  ap_clk (IN)
                         net (fo=15418, unset)        0.020     4.565    bd_0_i/hls_inst/inst/grp_Hybrid_INT4_INT4_PD_fu_940/col_gen[4].row_gen[5].dsp_core/ap_clk
    SLICE_X78Y142        FDRE                                         r  bd_0_i/hls_inst/inst/grp_Hybrid_INT4_INT4_PD_fu_940/col_gen[4].row_gen[5].dsp_core/signs_r1_reg[7]/C
                         clock pessimism              0.000     4.565    
                         clock uncertainty           -0.035     4.530    
    SLICE_X78Y142        FDRE (Setup_AFF_SLICEL_C_R)
                                                     -0.074     4.456    bd_0_i/hls_inst/inst/grp_Hybrid_INT4_INT4_PD_fu_940/col_gen[4].row_gen[5].dsp_core/signs_r1_reg[7]
  -------------------------------------------------------------------
                         required time                          4.456    
                         arrival time                          -3.676    
  -------------------------------------------------------------------
                         slack                                  0.779    

Slack (MET) :             0.805ns  (required time - arrival time)
  Source:                 bd_0_i/hls_inst/inst/control_s_axi_U/int_mode_reg[0]/C
                            (rising edge-triggered cell FDRE clocked by ap_clk  {rise@0.000ns fall@2.272ns period=4.545ns})
  Destination:            bd_0_i/hls_inst/inst/grp_Hybrid_INT4_INT4_PD_fu_940/col_gen[6].row_gen[5].dsp_core/mode_r1_reg/D
                            (rising edge-triggered cell FDRE clocked by ap_clk  {rise@0.000ns fall@2.272ns period=4.545ns})
  Path Group:             ap_clk
  Path Type:              Setup (Max at Slow Process Corner)
  Requirement:            4.545ns  (ap_clk rise@4.545ns - ap_clk rise@0.000ns)
  Data Path Delay:        3.721ns  (logic 0.080ns (2.150%)  route 3.641ns (97.850%))
  Logic Levels:           0  
  Clock Path Skew:        -0.009ns (DCD - SCD + CPR)
    Destination Clock Delay (DCD):    0.020ns = ( 4.565 - 4.545 ) 
    Source Clock Delay      (SCD):    0.029ns
    Clock Pessimism Removal (CPR):    0.000ns
  Clock Uncertainty:      0.035ns  ((TSJ^2 + TIJ^2)^1/2 + DJ) / 2 + PE
    Total System Jitter     (TSJ):    0.071ns
    Total Input Jitter      (TIJ):    0.000ns
    Discrete Jitter          (DJ):    0.000ns
    Phase Error              (PE):    0.000ns

    Location             Delay type                Incr(ns)  Path(ns)    Netlist Resource(s)
  -------------------------------------------------------------------    -------------------
                         (clock ap_clk rise edge)     0.000     0.000 r  
                                                      0.000     0.000 r  ap_clk (IN)
                         net (fo=15418, unset)        0.029     0.029    bd_0_i/hls_inst/inst/control_s_axi_U/ap_clk
    SLICE_X70Y55         FDRE                                         r  bd_0_i/hls_inst/inst/control_s_axi_U/int_mode_reg[0]/C
  -------------------------------------------------------------------    -------------------
    SLICE_X70Y55         FDRE (Prop_HFF2_SLICEL_C_Q)
                                                      0.080     0.109 r  bd_0_i/hls_inst/inst/control_s_axi_U/int_mode_reg[0]/Q
                         net (fo=2686, routed)        3.641     3.750    bd_0_i/hls_inst/inst/grp_Hybrid_INT4_INT4_PD_fu_940/col_gen[6].row_gen[5].dsp_core/mode
    SLICE_X75Y146        FDRE                                         r  bd_0_i/hls_inst/inst/grp_Hybrid_INT4_INT4_PD_fu_940/col_gen[6].row_gen[5].dsp_core/mode_r1_reg/D
  -------------------------------------------------------------------    -------------------

                         (clock ap_clk rise edge)     4.545     4.545 r  
                                                      0.000     4.545 r  ap_clk (IN)
                         net (fo=15418, unset)        0.020     4.565    bd_0_i/hls_inst/inst/grp_Hybrid_INT4_INT4_PD_fu_940/col_gen[6].row_gen[5].dsp_core/ap_clk
    SLICE_X75Y146        FDRE                                         r  bd_0_i/hls_inst/inst/grp_Hybrid_INT4_INT4_PD_fu_940/col_gen[6].row_gen[5].dsp_core/mode_r1_reg/C
                         clock pessimism              0.000     4.565    
                         clock uncertainty           -0.035     4.530    
    SLICE_X75Y146        FDRE (Setup_GFF_SLICEL_C_D)
                                                      0.025     4.555    bd_0_i/hls_inst/inst/grp_Hybrid_INT4_INT4_PD_fu_940/col_gen[6].row_gen[5].dsp_core/mode_r1_reg
  -------------------------------------------------------------------
                         required time                          4.555    
                         arrival time                          -3.750    
  -------------------------------------------------------------------
                         slack                                  0.805    

Slack (MET) :             0.835ns  (required time - arrival time)
  Source:                 bd_0_i/hls_inst/inst/control_s_axi_U/int_mode_reg[0]/C
                            (rising edge-triggered cell FDRE clocked by ap_clk  {rise@0.000ns fall@2.272ns period=4.545ns})
  Destination:            bd_0_i/hls_inst/inst/grp_Hybrid_INT4_INT4_PD_fu_940/col_gen[5].row_gen[5].dsp_core/signs_r1_reg[8]/R
                            (rising edge-triggered cell FDRE clocked by ap_clk  {rise@0.000ns fall@2.272ns period=4.545ns})
  Path Group:             ap_clk
  Path Type:              Setup (Max at Slow Process Corner)
  Requirement:            4.545ns  (ap_clk rise@4.545ns - ap_clk rise@0.000ns)
  Data Path Delay:        3.593ns  (logic 0.080ns (2.227%)  route 3.513ns (97.773%))
  Logic Levels:           0  
  Clock Path Skew:        -0.008ns (DCD - SCD + CPR)
    Destination Clock Delay (DCD):    0.021ns = ( 4.566 - 4.545 ) 
    Source Clock Delay      (SCD):    0.029ns
    Clock Pessimism Removal (CPR):    0.000ns
  Clock Uncertainty:      0.035ns  ((TSJ^2 + TIJ^2)^1/2 + DJ) / 2 + PE
    Total System Jitter     (TSJ):    0.071ns
    Total Input Jitter      (TIJ):    0.000ns
    Discrete Jitter          (DJ):    0.000ns
    Phase Error              (PE):    0.000ns

    Location             Delay type                Incr(ns)  Path(ns)    Netlist Resource(s)
  -------------------------------------------------------------------    -------------------
                         (clock ap_clk rise edge)     0.000     0.000 r  
                                                      0.000     0.000 r  ap_clk (IN)
                         net (fo=15418, unset)        0.029     0.029    bd_0_i/hls_inst/inst/control_s_axi_U/ap_clk
    SLICE_X70Y55         FDRE                                         r  bd_0_i/hls_inst/inst/control_s_axi_U/int_mode_reg[0]/C
  -------------------------------------------------------------------    -------------------
    SLICE_X70Y55         FDRE (Prop_HFF2_SLICEL_C_Q)
                                                      0.080     0.109 r  bd_0_i/hls_inst/inst/control_s_axi_U/int_mode_reg[0]/Q
                         net (fo=2686, routed)        3.513     3.622    bd_0_i/hls_inst/inst/grp_Hybrid_INT4_INT4_PD_fu_940/col_gen[5].row_gen[5].dsp_core/mode
    SLICE_X74Y133        FDRE                                         r  bd_0_i/hls_inst/inst/grp_Hybrid_INT4_INT4_PD_fu_940/col_gen[5].row_gen[5].dsp_core/signs_r1_reg[8]/R
  -------------------------------------------------------------------    -------------------

                         (clock ap_clk rise edge)     4.545     4.545 r  
                                                      0.000     4.545 r  ap_clk (IN)
                         net (fo=15418, unset)        0.021     4.566    bd_0_i/hls_inst/inst/grp_Hybrid_INT4_INT4_PD_fu_940/col_gen[5].row_gen[5].dsp_core/ap_clk
    SLICE_X74Y133        FDRE                                         r  bd_0_i/hls_inst/inst/grp_Hybrid_INT4_INT4_PD_fu_940/col_gen[5].row_gen[5].dsp_core/signs_r1_reg[8]/C
                         clock pessimism              0.000     4.566    
                         clock uncertainty           -0.035     4.531    
    SLICE_X74Y133        FDRE (Setup_AFF_SLICEM_C_R)
                                                     -0.074     4.457    bd_0_i/hls_inst/inst/grp_Hybrid_INT4_INT4_PD_fu_940/col_gen[5].row_gen[5].dsp_core/signs_r1_reg[8]
  -------------------------------------------------------------------
                         required time                          4.457    
                         arrival time                          -3.622    
  -------------------------------------------------------------------
                         slack                                  0.835    

Slack (MET) :             0.849ns  (required time - arrival time)
  Source:                 bd_0_i/hls_inst/inst/control_s_axi_U/int_mode_reg[0]/C
                            (rising edge-triggered cell FDRE clocked by ap_clk  {rise@0.000ns fall@2.272ns period=4.545ns})
  Destination:            bd_0_i/hls_inst/inst/grp_Hybrid_INT4_INT4_PD_fu_940/col_gen[5].row_gen[5].dsp_core/signs_r1_reg[7]/R
                            (rising edge-triggered cell FDRE clocked by ap_clk  {rise@0.000ns fall@2.272ns period=4.545ns})
  Path Group:             ap_clk
  Path Type:              Setup (Max at Slow Process Corner)
  Requirement:            4.545ns  (ap_clk rise@4.545ns - ap_clk rise@0.000ns)
  Data Path Delay:        3.578ns  (logic 0.080ns (2.236%)  route 3.498ns (97.764%))
  Logic Levels:           0  
  Clock Path Skew:        -0.009ns (DCD - SCD + CPR)
    Destination Clock Delay (DCD):    0.020ns = ( 4.565 - 4.545 ) 
    Source Clock Delay      (SCD):    0.029ns
    Clock Pessimism Removal (CPR):    0.000ns
  Clock Uncertainty:      0.035ns  ((TSJ^2 + TIJ^2)^1/2 + DJ) / 2 + PE
    Total System Jitter     (TSJ):    0.071ns
    Total Input Jitter      (TIJ):    0.000ns
    Discrete Jitter          (DJ):    0.000ns
    Phase Error              (PE):    0.000ns

    Location             Delay type                Incr(ns)  Path(ns)    Netlist Resource(s)
  -------------------------------------------------------------------    -------------------
                         (clock ap_clk rise edge)     0.000     0.000 r  
                                                      0.000     0.000 r  ap_clk (IN)
                         net (fo=15418, unset)        0.029     0.029    bd_0_i/hls_inst/inst/control_s_axi_U/ap_clk
    SLICE_X70Y55         FDRE                                         r  bd_0_i/hls_inst/inst/control_s_axi_U/int_mode_reg[0]/C
  -------------------------------------------------------------------    -------------------
    SLICE_X70Y55         FDRE (Prop_HFF2_SLICEL_C_Q)
                                                      0.080     0.109 r  bd_0_i/hls_inst/inst/control_s_axi_U/int_mode_reg[0]/Q
                         net (fo=2686, routed)        3.498     3.607    bd_0_i/hls_inst/inst/grp_Hybrid_INT4_INT4_PD_fu_940/col_gen[5].row_gen[5].dsp_core/mode
    SLICE_X75Y133        FDRE                                         r  bd_0_i/hls_inst/inst/grp_Hybrid_INT4_INT4_PD_fu_940/col_gen[5].row_gen[5].dsp_core/signs_r1_reg[7]/R
  -------------------------------------------------------------------    -------------------

                         (clock ap_clk rise edge)     4.545     4.545 r  
                                                      0.000     4.545 r  ap_clk (IN)
                         net (fo=15418, unset)        0.020     4.565    bd_0_i/hls_inst/inst/grp_Hybrid_INT4_INT4_PD_fu_940/col_gen[5].row_gen[5].dsp_core/ap_clk
    SLICE_X75Y133        FDRE                                         r  bd_0_i/hls_inst/inst/grp_Hybrid_INT4_INT4_PD_fu_940/col_gen[5].row_gen[5].dsp_core/signs_r1_reg[7]/C
                         clock pessimism              0.000     4.565    
                         clock uncertainty           -0.035     4.530    
    SLICE_X75Y133        FDRE (Setup_AFF_SLICEL_C_R)
                                                     -0.074     4.456    bd_0_i/hls_inst/inst/grp_Hybrid_INT4_INT4_PD_fu_940/col_gen[5].row_gen[5].dsp_core/signs_r1_reg[7]
  -------------------------------------------------------------------
                         required time                          4.456    
                         arrival time                          -3.607    
  -------------------------------------------------------------------
                         slack                                  0.849    

Slack (MET) :             0.850ns  (required time - arrival time)
  Source:                 bd_0_i/hls_inst/inst/control_s_axi_U/int_mode_reg[0]/C
                            (rising edge-triggered cell FDRE clocked by ap_clk  {rise@0.000ns fall@2.272ns period=4.545ns})
  Destination:            bd_0_i/hls_inst/inst/grp_Hybrid_INT4_INT4_PD_fu_940/col_gen[6].row_gen[5].dsp_core/signs_r1_reg[8]/R
                            (rising edge-triggered cell FDRE clocked by ap_clk  {rise@0.000ns fall@2.272ns period=4.545ns})
  Path Group:             ap_clk
  Path Type:              Setup (Max at Slow Process Corner)
  Requirement:            4.545ns  (ap_clk rise@4.545ns - ap_clk rise@0.000ns)
  Data Path Delay:        3.578ns  (logic 0.080ns (2.236%)  route 3.498ns (97.764%))
  Logic Levels:           0  
  Clock Path Skew:        -0.008ns (DCD - SCD + CPR)
    Destination Clock Delay (DCD):    0.021ns = ( 4.566 - 4.545 ) 
    Source Clock Delay      (SCD):    0.029ns
    Clock Pessimism Removal (CPR):    0.000ns
  Clock Uncertainty:      0.035ns  ((TSJ^2 + TIJ^2)^1/2 + DJ) / 2 + PE
    Total System Jitter     (TSJ):    0.071ns
    Total Input Jitter      (TIJ):    0.000ns
    Discrete Jitter          (DJ):    0.000ns
    Phase Error              (PE):    0.000ns

    Location             Delay type                Incr(ns)  Path(ns)    Netlist Resource(s)
  -------------------------------------------------------------------    -------------------
                         (clock ap_clk rise edge)     0.000     0.000 r  
                                                      0.000     0.000 r  ap_clk (IN)
                         net (fo=15418, unset)        0.029     0.029    bd_0_i/hls_inst/inst/control_s_axi_U/ap_clk
    SLICE_X70Y55         FDRE                                         r  bd_0_i/hls_inst/inst/control_s_axi_U/int_mode_reg[0]/C
  -------------------------------------------------------------------    -------------------
    SLICE_X70Y55         FDRE (Prop_HFF2_SLICEL_C_Q)
                                                      0.080     0.109 r  bd_0_i/hls_inst/inst/control_s_axi_U/int_mode_reg[0]/Q
                         net (fo=2686, routed)        3.498     3.607    bd_0_i/hls_inst/inst/grp_Hybrid_INT4_INT4_PD_fu_940/col_gen[6].row_gen[5].dsp_core/mode
    SLICE_X74Y144        FDRE                                         r  bd_0_i/hls_inst/inst/grp_Hybrid_INT4_INT4_PD_fu_940/col_gen[6].row_gen[5].dsp_core/signs_r1_reg[8]/R
  -------------------------------------------------------------------    -------------------

                         (clock ap_clk rise edge)     4.545     4.545 r  
                                                      0.000     4.545 r  ap_clk (IN)
                         net (fo=15418, unset)        0.021     4.566    bd_0_i/hls_inst/inst/grp_Hybrid_INT4_INT4_PD_fu_940/col_gen[6].row_gen[5].dsp_core/ap_clk
    SLICE_X74Y144        FDRE                                         r  bd_0_i/hls_inst/inst/grp_Hybrid_INT4_INT4_PD_fu_940/col_gen[6].row_gen[5].dsp_core/signs_r1_reg[8]/C
                         clock pessimism              0.000     4.566    
                         clock uncertainty           -0.035     4.531    
    SLICE_X74Y144        FDRE (Setup_CFF_SLICEM_C_R)
                                                     -0.074     4.457    bd_0_i/hls_inst/inst/grp_Hybrid_INT4_INT4_PD_fu_940/col_gen[6].row_gen[5].dsp_core/signs_r1_reg[8]
  -------------------------------------------------------------------
                         required time                          4.457    
                         arrival time                          -3.607    
  -------------------------------------------------------------------
                         slack                                  0.850    

Slack (MET) :             0.894ns  (required time - arrival time)
  Source:                 bd_0_i/hls_inst/inst/control_s_axi_U/int_mode_reg[0]/C
                            (rising edge-triggered cell FDRE clocked by ap_clk  {rise@0.000ns fall@2.272ns period=4.545ns})
  Destination:            bd_0_i/hls_inst/inst/grp_Hybrid_INT4_INT4_PD_fu_940/col_gen[7].row_gen[7].dsp_core/mode_r1_reg/D
                            (rising edge-triggered cell FDRE clocked by ap_clk  {rise@0.000ns fall@2.272ns period=4.545ns})
  Path Group:             ap_clk
  Path Type:              Setup (Max at Slow Process Corner)
  Requirement:            4.545ns  (ap_clk rise@4.545ns - ap_clk rise@0.000ns)
  Data Path Delay:        3.632ns  (logic 0.080ns (2.203%)  route 3.552ns (97.797%))
  Logic Levels:           0  
  Clock Path Skew:        -0.009ns (DCD - SCD + CPR)
    Destination Clock Delay (DCD):    0.020ns = ( 4.565 - 4.545 ) 
    Source Clock Delay      (SCD):    0.029ns
    Clock Pessimism Removal (CPR):    0.000ns
  Clock Uncertainty:      0.035ns  ((TSJ^2 + TIJ^2)^1/2 + DJ) / 2 + PE
    Total System Jitter     (TSJ):    0.071ns
    Total Input Jitter      (TIJ):    0.000ns
    Discrete Jitter          (DJ):    0.000ns
    Phase Error              (PE):    0.000ns

    Location             Delay type                Incr(ns)  Path(ns)    Netlist Resource(s)
  -------------------------------------------------------------------    -------------------
                         (clock ap_clk rise edge)     0.000     0.000 r  
                                                      0.000     0.000 r  ap_clk (IN)
                         net (fo=15418, unset)        0.029     0.029    bd_0_i/hls_inst/inst/control_s_axi_U/ap_clk
    SLICE_X70Y55         FDRE                                         r  bd_0_i/hls_inst/inst/control_s_axi_U/int_mode_reg[0]/C
  -------------------------------------------------------------------    -------------------
    SLICE_X70Y55         FDRE (Prop_HFF2_SLICEL_C_Q)
                                                      0.080     0.109 r  bd_0_i/hls_inst/inst/control_s_axi_U/int_mode_reg[0]/Q
                         net (fo=2686, routed)        3.552     3.661    bd_0_i/hls_inst/inst/grp_Hybrid_INT4_INT4_PD_fu_940/col_gen[7].row_gen[7].dsp_core/mode
    SLICE_X89Y113        FDRE                                         r  bd_0_i/hls_inst/inst/grp_Hybrid_INT4_INT4_PD_fu_940/col_gen[7].row_gen[7].dsp_core/mode_r1_reg/D
  -------------------------------------------------------------------    -------------------

                         (clock ap_clk rise edge)     4.545     4.545 r  
                                                      0.000     4.545 r  ap_clk (IN)
                         net (fo=15418, unset)        0.020     4.565    bd_0_i/hls_inst/inst/grp_Hybrid_INT4_INT4_PD_fu_940/col_gen[7].row_gen[7].dsp_core/ap_clk
    SLICE_X89Y113        FDRE                                         r  bd_0_i/hls_inst/inst/grp_Hybrid_INT4_INT4_PD_fu_940/col_gen[7].row_gen[7].dsp_core/mode_r1_reg/C
                         clock pessimism              0.000     4.565    
                         clock uncertainty           -0.035     4.530    
    SLICE_X89Y113        FDRE (Setup_GFF_SLICEL_C_D)
                                                      0.025     4.555    bd_0_i/hls_inst/inst/grp_Hybrid_INT4_INT4_PD_fu_940/col_gen[7].row_gen[7].dsp_core/mode_r1_reg
  -------------------------------------------------------------------
                         required time                          4.555    
                         arrival time                          -3.661    
  -------------------------------------------------------------------
                         slack                                  0.894    

Slack (MET) :             0.927ns  (required time - arrival time)
  Source:                 bd_0_i/hls_inst/inst/control_s_axi_U/int_mode_reg[0]/C
                            (rising edge-triggered cell FDRE clocked by ap_clk  {rise@0.000ns fall@2.272ns period=4.545ns})
  Destination:            bd_0_i/hls_inst/inst/grp_Hybrid_INT4_INT4_PD_fu_940/col_gen[0].row_gen[5].dsp_core/signs_r1_reg[8]/R
                            (rising edge-triggered cell FDRE clocked by ap_clk  {rise@0.000ns fall@2.272ns period=4.545ns})
  Path Group:             ap_clk
  Path Type:              Setup (Max at Slow Process Corner)
  Requirement:            4.545ns  (ap_clk rise@4.545ns - ap_clk rise@0.000ns)
  Data Path Delay:        3.500ns  (logic 0.080ns (2.286%)  route 3.420ns (97.714%))
  Logic Levels:           0  
  Clock Path Skew:        -0.009ns (DCD - SCD + CPR)
    Destination Clock Delay (DCD):    0.020ns = ( 4.565 - 4.545 ) 
    Source Clock Delay      (SCD):    0.029ns
    Clock Pessimism Removal (CPR):    0.000ns
  Clock Uncertainty:      0.035ns  ((TSJ^2 + TIJ^2)^1/2 + DJ) / 2 + PE
    Total System Jitter     (TSJ):    0.071ns
    Total Input Jitter      (TIJ):    0.000ns
    Discrete Jitter          (DJ):    0.000ns
    Phase Error              (PE):    0.000ns

    Location             Delay type                Incr(ns)  Path(ns)    Netlist Resource(s)
  -------------------------------------------------------------------    -------------------
                         (clock ap_clk rise edge)     0.000     0.000 r  
                                                      0.000     0.000 r  ap_clk (IN)
                         net (fo=15418, unset)        0.029     0.029    bd_0_i/hls_inst/inst/control_s_axi_U/ap_clk
    SLICE_X70Y55         FDRE                                         r  bd_0_i/hls_inst/inst/control_s_axi_U/int_mode_reg[0]/C
  -------------------------------------------------------------------    -------------------
    SLICE_X70Y55         FDRE (Prop_HFF2_SLICEL_C_Q)
                                                      0.080     0.109 r  bd_0_i/hls_inst/inst/control_s_axi_U/int_mode_reg[0]/Q
                         net (fo=2686, routed)        3.420     3.529    bd_0_i/hls_inst/inst/grp_Hybrid_INT4_INT4_PD_fu_940/col_gen[0].row_gen[5].dsp_core/mode
    SLICE_X86Y138        FDRE                                         r  bd_0_i/hls_inst/inst/grp_Hybrid_INT4_INT4_PD_fu_940/col_gen[0].row_gen[5].dsp_core/signs_r1_reg[8]/R
  -------------------------------------------------------------------    -------------------

                         (clock ap_clk rise edge)     4.545     4.545 r  
                                                      0.000     4.545 r  ap_clk (IN)
                         net (fo=15418, unset)        0.020     4.565    bd_0_i/hls_inst/inst/grp_Hybrid_INT4_INT4_PD_fu_940/col_gen[0].row_gen[5].dsp_core/ap_clk
    SLICE_X86Y138        FDRE                                         r  bd_0_i/hls_inst/inst/grp_Hybrid_INT4_INT4_PD_fu_940/col_gen[0].row_gen[5].dsp_core/signs_r1_reg[8]/C
                         clock pessimism              0.000     4.565    
                         clock uncertainty           -0.035     4.530    
    SLICE_X86Y138        FDRE (Setup_AFF_SLICEL_C_R)
                                                     -0.074     4.456    bd_0_i/hls_inst/inst/grp_Hybrid_INT4_INT4_PD_fu_940/col_gen[0].row_gen[5].dsp_core/signs_r1_reg[8]
  -------------------------------------------------------------------
                         required time                          4.456    
                         arrival time                          -3.529    
  -------------------------------------------------------------------
                         slack                                  0.927    

Slack (MET) :             0.935ns  (required time - arrival time)
  Source:                 bd_0_i/hls_inst/inst/control_s_axi_U/int_mode_reg[0]/C
                            (rising edge-triggered cell FDRE clocked by ap_clk  {rise@0.000ns fall@2.272ns period=4.545ns})
  Destination:            bd_0_i/hls_inst/inst/grp_Hybrid_INT4_INT4_PD_fu_940/col_gen[5].row_gen[5].dsp_core/mode_r1_reg/D
                            (rising edge-triggered cell FDRE clocked by ap_clk  {rise@0.000ns fall@2.272ns period=4.545ns})
  Path Group:             ap_clk
  Path Type:              Setup (Max at Slow Process Corner)
  Requirement:            4.545ns  (ap_clk rise@4.545ns - ap_clk rise@0.000ns)
  Data Path Delay:        3.591ns  (logic 0.080ns (2.228%)  route 3.511ns (97.772%))
  Logic Levels:           0  
  Clock Path Skew:        -0.008ns (DCD - SCD + CPR)
    Destination Clock Delay (DCD):    0.021ns = ( 4.566 - 4.545 ) 
    Source Clock Delay      (SCD):    0.029ns
    Clock Pessimism Removal (CPR):    0.000ns
  Clock Uncertainty:      0.035ns  ((TSJ^2 + TIJ^2)^1/2 + DJ) / 2 + PE
    Total System Jitter     (TSJ):    0.071ns
    Total Input Jitter      (TIJ):    0.000ns
    Discrete Jitter          (DJ):    0.000ns
    Phase Error              (PE):    0.000ns

    Location             Delay type                Incr(ns)  Path(ns)    Netlist Resource(s)
  -------------------------------------------------------------------    -------------------
                         (clock ap_clk rise edge)     0.000     0.000 r  
                                                      0.000     0.000 r  ap_clk (IN)
                         net (fo=15418, unset)        0.029     0.029    bd_0_i/hls_inst/inst/control_s_axi_U/ap_clk
    SLICE_X70Y55         FDRE                                         r  bd_0_i/hls_inst/inst/control_s_axi_U/int_mode_reg[0]/C
  -------------------------------------------------------------------    -------------------
    SLICE_X70Y55         FDRE (Prop_HFF2_SLICEL_C_Q)
                                                      0.080     0.109 r  bd_0_i/hls_inst/inst/control_s_axi_U/int_mode_reg[0]/Q
                         net (fo=2686, routed)        3.511     3.620    bd_0_i/hls_inst/inst/grp_Hybrid_INT4_INT4_PD_fu_940/col_gen[5].row_gen[5].dsp_core/mode
    SLICE_X77Y133        FDRE                                         r  bd_0_i/hls_inst/inst/grp_Hybrid_INT4_INT4_PD_fu_940/col_gen[5].row_gen[5].dsp_core/mode_r1_reg/D
  -------------------------------------------------------------------    -------------------

                         (clock ap_clk rise edge)     4.545     4.545 r  
                                                      0.000     4.545 r  ap_clk (IN)
                         net (fo=15418, unset)        0.021     4.566    bd_0_i/hls_inst/inst/grp_Hybrid_INT4_INT4_PD_fu_940/col_gen[5].row_gen[5].dsp_core/ap_clk
    SLICE_X77Y133        FDRE                                         r  bd_0_i/hls_inst/inst/grp_Hybrid_INT4_INT4_PD_fu_940/col_gen[5].row_gen[5].dsp_core/mode_r1_reg/C
                         clock pessimism              0.000     4.566    
                         clock uncertainty           -0.035     4.531    
    SLICE_X77Y133        FDRE (Setup_GFF_SLICEM_C_D)
                                                      0.025     4.556    bd_0_i/hls_inst/inst/grp_Hybrid_INT4_INT4_PD_fu_940/col_gen[5].row_gen[5].dsp_core/mode_r1_reg
  -------------------------------------------------------------------
                         required time                          4.556    
                         arrival time                          -3.620    
  -------------------------------------------------------------------
                         slack                                  0.935    

Slack (MET) :             0.955ns  (required time - arrival time)
  Source:                 bd_0_i/hls_inst/inst/control_s_axi_U/int_mode_reg[0]/C
                            (rising edge-triggered cell FDRE clocked by ap_clk  {rise@0.000ns fall@2.272ns period=4.545ns})
  Destination:            bd_0_i/hls_inst/inst/grp_Hybrid_INT4_INT4_PD_fu_940/col_gen[7].row_gen[5].dsp_core/signs_r1_reg[7]/R
                            (rising edge-triggered cell FDRE clocked by ap_clk  {rise@0.000ns fall@2.272ns period=4.545ns})
  Path Group:             ap_clk
  Path Type:              Setup (Max at Slow Process Corner)
  Requirement:            4.545ns  (ap_clk rise@4.545ns - ap_clk rise@0.000ns)
  Data Path Delay:        3.473ns  (logic 0.080ns (2.304%)  route 3.393ns (97.696%))
  Logic Levels:           0  
  Clock Path Skew:        -0.008ns (DCD - SCD + CPR)
    Destination Clock Delay (DCD):    0.021ns = ( 4.566 - 4.545 ) 
    Source Clock Delay      (SCD):    0.029ns
    Clock Pessimism Removal (CPR):    0.000ns
  Clock Uncertainty:      0.035ns  ((TSJ^2 + TIJ^2)^1/2 + DJ) / 2 + PE
    Total System Jitter     (TSJ):    0.071ns
    Total Input Jitter      (TIJ):    0.000ns
    Discrete Jitter          (DJ):    0.000ns
    Phase Error              (PE):    0.000ns

    Location             Delay type                Incr(ns)  Path(ns)    Netlist Resource(s)
  -------------------------------------------------------------------    -------------------
                         (clock ap_clk rise edge)     0.000     0.000 r  
                                                      0.000     0.000 r  ap_clk (IN)
                         net (fo=15418, unset)        0.029     0.029    bd_0_i/hls_inst/inst/control_s_axi_U/ap_clk
    SLICE_X70Y55         FDRE                                         r  bd_0_i/hls_inst/inst/control_s_axi_U/int_mode_reg[0]/C
  -------------------------------------------------------------------    -------------------
    SLICE_X70Y55         FDRE (Prop_HFF2_SLICEL_C_Q)
                                                      0.080     0.109 r  bd_0_i/hls_inst/inst/control_s_axi_U/int_mode_reg[0]/Q
                         net (fo=2686, routed)        3.393     3.502    bd_0_i/hls_inst/inst/grp_Hybrid_INT4_INT4_PD_fu_940/col_gen[7].row_gen[5].dsp_core/mode
    SLICE_X74Y137        FDRE                                         r  bd_0_i/hls_inst/inst/grp_Hybrid_INT4_INT4_PD_fu_940/col_gen[7].row_gen[5].dsp_core/signs_r1_reg[7]/R
  -------------------------------------------------------------------    -------------------

                         (clock ap_clk rise edge)     4.545     4.545 r  
                                                      0.000     4.545 r  ap_clk (IN)
                         net (fo=15418, unset)        0.021     4.566    bd_0_i/hls_inst/inst/grp_Hybrid_INT4_INT4_PD_fu_940/col_gen[7].row_gen[5].dsp_core/ap_clk
    SLICE_X74Y137        FDRE                                         r  bd_0_i/hls_inst/inst/grp_Hybrid_INT4_INT4_PD_fu_940/col_gen[7].row_gen[5].dsp_core/signs_r1_reg[7]/C
                         clock pessimism              0.000     4.566    
                         clock uncertainty           -0.035     4.531    
    SLICE_X74Y137        FDRE (Setup_AFF_SLICEM_C_R)
                                                     -0.074     4.457    bd_0_i/hls_inst/inst/grp_Hybrid_INT4_INT4_PD_fu_940/col_gen[7].row_gen[5].dsp_core/signs_r1_reg[7]
  -------------------------------------------------------------------
                         required time                          4.457    
                         arrival time                          -3.502    
  -------------------------------------------------------------------
                         slack                                  0.955    





Min Delay Paths
--------------------------------------------------------------------------------------
Slack (MET) :             0.026ns  (arrival time - required time)
  Source:                 bd_0_i/hls_inst/inst/grp_gemv_kernel_Pipeline_PACK_PREFILL_ROW2_fu_635/zext_ln87_reg_251_reg[0]/C
                            (rising edge-triggered cell FDRE clocked by ap_clk  {rise@0.000ns fall@2.272ns period=4.545ns})
  Destination:            bd_0_i/hls_inst/inst/grp_gemv_kernel_Pipeline_PACK_PREFILL_ROW2_fu_635/zext_ln87_reg_251_pp0_iter1_reg_reg[0]/D
                            (rising edge-triggered cell FDRE clocked by ap_clk  {rise@0.000ns fall@2.272ns period=4.545ns})
  Path Group:             ap_clk
  Path Type:              Hold (Min at Fast Process Corner)
  Requirement:            0.000ns  (ap_clk rise@0.000ns - ap_clk rise@0.000ns)
  Data Path Delay:        0.078ns  (logic 0.039ns (50.000%)  route 0.039ns (50.000%))
  Logic Levels:           0  
  Clock Path Skew:        0.006ns (DCD - SCD - CPR)
    Destination Clock Delay (DCD):    0.018ns
    Source Clock Delay      (SCD):    0.012ns
    Clock Pessimism Removal (CPR):    -0.000ns

    Location             Delay type                Incr(ns)  Path(ns)    Netlist Resource(s)
  -------------------------------------------------------------------    -------------------
                         (clock ap_clk rise edge)     0.000     0.000 r  
                                                      0.000     0.000 r  ap_clk (IN)
                         net (fo=15418, unset)        0.012     0.012    bd_0_i/hls_inst/inst/grp_gemv_kernel_Pipeline_PACK_PREFILL_ROW2_fu_635/ap_clk
    SLICE_X66Y29         FDRE                                         r  bd_0_i/hls_inst/inst/grp_gemv_kernel_Pipeline_PACK_PREFILL_ROW2_fu_635/zext_ln87_reg_251_reg[0]/C
  -------------------------------------------------------------------    -------------------
    SLICE_X66Y29         FDRE (Prop_CFF_SLICEL_C_Q)
                                                      0.039     0.051 r  bd_0_i/hls_inst/inst/grp_gemv_kernel_Pipeline_PACK_PREFILL_ROW2_fu_635/zext_ln87_reg_251_reg[0]/Q
                         net (fo=2, routed)           0.039     0.090    bd_0_i/hls_inst/inst/grp_gemv_kernel_Pipeline_PACK_PREFILL_ROW2_fu_635/w1_arr_V_address0[0]
    SLICE_X66Y29         FDRE                                         r  bd_0_i/hls_inst/inst/grp_gemv_kernel_Pipeline_PACK_PREFILL_ROW2_fu_635/zext_ln87_reg_251_pp0_iter1_reg_reg[0]/D
  -------------------------------------------------------------------    -------------------

                         (clock ap_clk rise edge)     0.000     0.000 r  
                                                      0.000     0.000 r  ap_clk (IN)
                         net (fo=15418, unset)        0.018     0.018    bd_0_i/hls_inst/inst/grp_gemv_kernel_Pipeline_PACK_PREFILL_ROW2_fu_635/ap_clk
    SLICE_X66Y29         FDRE                                         r  bd_0_i/hls_inst/inst/grp_gemv_kernel_Pipeline_PACK_PREFILL_ROW2_fu_635/zext_ln87_reg_251_pp0_iter1_reg_reg[0]/C
                         clock pessimism              0.000     0.018    
    SLICE_X66Y29         FDRE (Hold_DFF_SLICEL_C_D)
                                                      0.046     0.064    bd_0_i/hls_inst/inst/grp_gemv_kernel_Pipeline_PACK_PREFILL_ROW2_fu_635/zext_ln87_reg_251_pp0_iter1_reg_reg[0]
  -------------------------------------------------------------------
                         required time                         -0.064    
                         arrival time                           0.090    
  -------------------------------------------------------------------
                         slack                                  0.026    

Slack (MET) :             0.041ns  (arrival time - required time)
  Source:                 bd_0_i/hls_inst/inst/gmem_m_axi_U/bus_read/fifo_burst/mOutPtr_reg[2]/C
                            (rising edge-triggered cell FDRE clocked by ap_clk  {rise@0.000ns fall@2.272ns period=4.545ns})
  Destination:            bd_0_i/hls_inst/inst/gmem_m_axi_U/bus_read/fifo_burst/mOutPtr_reg[3]/D
                            (rising edge-triggered cell FDRE clocked by ap_clk  {rise@0.000ns fall@2.272ns period=4.545ns})
  Path Group:             ap_clk
  Path Type:              Hold (Min at Fast Process Corner)
  Requirement:            0.000ns  (ap_clk rise@0.000ns - ap_clk rise@0.000ns)
  Data Path Delay:        0.094ns  (logic 0.060ns (64.037%)  route 0.034ns (35.963%))
  Logic Levels:           1  (LUT5=1)
  Clock Path Skew:        0.006ns (DCD - SCD - CPR)
    Destination Clock Delay (DCD):    0.018ns
    Source Clock Delay      (SCD):    0.012ns
    Clock Pessimism Removal (CPR):    -0.000ns

    Location             Delay type                Incr(ns)  Path(ns)    Netlist Resource(s)
  -------------------------------------------------------------------    -------------------
                         (clock ap_clk rise edge)     0.000     0.000 r  
                                                      0.000     0.000 r  ap_clk (IN)
                         net (fo=15418, unset)        0.012     0.012    bd_0_i/hls_inst/inst/gmem_m_axi_U/bus_read/fifo_burst/ap_clk
    SLICE_X64Y50         FDRE                                         r  bd_0_i/hls_inst/inst/gmem_m_axi_U/bus_read/fifo_burst/mOutPtr_reg[2]/C
  -------------------------------------------------------------------    -------------------
    SLICE_X64Y50         FDRE (Prop_BFF_SLICEL_C_Q)
                                                      0.039     0.051 r  bd_0_i/hls_inst/inst/gmem_m_axi_U/bus_read/fifo_burst/mOutPtr_reg[2]/Q
                         net (fo=5, routed)           0.027     0.078    bd_0_i/hls_inst/inst/gmem_m_axi_U/bus_read/fifo_burst/mOutPtr_reg_n_0_[2]
    SLICE_X64Y50         LUT5 (Prop_B5LUT_SLICEL_I2_O)
                                                      0.021     0.099 r  bd_0_i/hls_inst/inst/gmem_m_axi_U/bus_read/fifo_burst/mOutPtr[3]_i_1__11/O
                         net (fo=1, routed)           0.007     0.106    bd_0_i/hls_inst/inst/gmem_m_axi_U/bus_read/fifo_burst/mOutPtr[3]_i_1__11_n_0
    SLICE_X64Y50         FDRE                                         r  bd_0_i/hls_inst/inst/gmem_m_axi_U/bus_read/fifo_burst/mOutPtr_reg[3]/D
  -------------------------------------------------------------------    -------------------

                         (clock ap_clk rise edge)     0.000     0.000 r  
                                                      0.000     0.000 r  ap_clk (IN)
                         net (fo=15418, unset)        0.018     0.018    bd_0_i/hls_inst/inst/gmem_m_axi_U/bus_read/fifo_burst/ap_clk
    SLICE_X64Y50         FDRE                                         r  bd_0_i/hls_inst/inst/gmem_m_axi_U/bus_read/fifo_burst/mOutPtr_reg[3]/C
                         clock pessimism              0.000     0.018    
    SLICE_X64Y50         FDRE (Hold_BFF2_SLICEL_C_D)
                                                      0.047     0.065    bd_0_i/hls_inst/inst/gmem_m_axi_U/bus_read/fifo_burst/mOutPtr_reg[3]
  -------------------------------------------------------------------
                         required time                         -0.065    
                         arrival time                           0.106    
  -------------------------------------------------------------------
                         slack                                  0.041    

Slack (MET) :             0.041ns  (arrival time - required time)
  Source:                 bd_0_i/hls_inst/inst/control_s_axi_U/int_weight_col5_reg[27]/C
                            (rising edge-triggered cell FDRE clocked by ap_clk  {rise@0.000ns fall@2.272ns period=4.545ns})
  Destination:            bd_0_i/hls_inst/inst/weight_col5_read_reg_1284_reg[27]/D
                            (rising edge-triggered cell FDRE clocked by ap_clk  {rise@0.000ns fall@2.272ns period=4.545ns})
  Path Group:             ap_clk
  Path Type:              Hold (Min at Fast Process Corner)
  Requirement:            0.000ns  (ap_clk rise@0.000ns - ap_clk rise@0.000ns)
  Data Path Delay:        0.094ns  (logic 0.037ns (39.323%)  route 0.057ns (60.677%))
  Logic Levels:           0  
  Clock Path Skew:        0.006ns (DCD - SCD - CPR)
    Destination Clock Delay (DCD):    0.019ns
    Source Clock Delay      (SCD):    0.013ns
    Clock Pessimism Removal (CPR):    -0.000ns

    Location             Delay type                Incr(ns)  Path(ns)    Netlist Resource(s)
  -------------------------------------------------------------------    -------------------
                         (clock ap_clk rise edge)     0.000     0.000 r  
                                                      0.000     0.000 r  ap_clk (IN)
                         net (fo=15418, unset)        0.013     0.013    bd_0_i/hls_inst/inst/control_s_axi_U/ap_clk
    SLICE_X72Y83         FDRE                                         r  bd_0_i/hls_inst/inst/control_s_axi_U/int_weight_col5_reg[27]/C
  -------------------------------------------------------------------    -------------------
    SLICE_X72Y83         FDRE (Prop_FFF_SLICEM_C_Q)
                                                      0.037     0.050 r  bd_0_i/hls_inst/inst/control_s_axi_U/int_weight_col5_reg[27]/Q
                         net (fo=3, routed)           0.057     0.107    bd_0_i/hls_inst/inst/weight_col5[27]
    SLICE_X73Y83         FDRE                                         r  bd_0_i/hls_inst/inst/weight_col5_read_reg_1284_reg[27]/D
  -------------------------------------------------------------------    -------------------

                         (clock ap_clk rise edge)     0.000     0.000 r  
                                                      0.000     0.000 r  ap_clk (IN)
                         net (fo=15418, unset)        0.019     0.019    bd_0_i/hls_inst/inst/ap_clk
    SLICE_X73Y83         FDRE                                         r  bd_0_i/hls_inst/inst/weight_col5_read_reg_1284_reg[27]/C
                         clock pessimism              0.000     0.019    
    SLICE_X73Y83         FDRE (Hold_GFF2_SLICEL_C_D)
                                                      0.047     0.066    bd_0_i/hls_inst/inst/weight_col5_read_reg_1284_reg[27]
  -------------------------------------------------------------------
                         required time                         -0.066    
                         arrival time                           0.107    
  -------------------------------------------------------------------
                         slack                                  0.041    

Slack (MET) :             0.042ns  (arrival time - required time)
  Source:                 bd_0_i/hls_inst/inst/gmem_out_m_axi_U/bus_write/wreq_burst_conv/req_handling_reg/C
                            (rising edge-triggered cell FDRE clocked by ap_clk  {rise@0.000ns fall@2.272ns period=4.545ns})
  Destination:            bd_0_i/hls_inst/inst/gmem_out_m_axi_U/bus_write/wreq_burst_conv/req_handling_reg/D
                            (rising edge-triggered cell FDRE clocked by ap_clk  {rise@0.000ns fall@2.272ns period=4.545ns})
  Path Group:             ap_clk
  Path Type:              Hold (Min at Fast Process Corner)
  Requirement:            0.000ns  (ap_clk rise@0.000ns - ap_clk rise@0.000ns)
  Data Path Delay:        0.094ns  (logic 0.054ns (57.540%)  route 0.040ns (42.460%))
  Logic Levels:           1  (LUT6=1)
  Clock Path Skew:        0.006ns (DCD - SCD - CPR)
    Destination Clock Delay (DCD):    0.018ns
    Source Clock Delay      (SCD):    0.012ns
    Clock Pessimism Removal (CPR):    -0.000ns

    Location             Delay type                Incr(ns)  Path(ns)    Netlist Resource(s)
  -------------------------------------------------------------------    -------------------
                         (clock ap_clk rise edge)     0.000     0.000 r  
                                                      0.000     0.000 r  ap_clk (IN)
                         net (fo=15418, unset)        0.012     0.012    bd_0_i/hls_inst/inst/gmem_out_m_axi_U/bus_write/wreq_burst_conv/ap_clk
    SLICE_X84Y52         FDRE                                         r  bd_0_i/hls_inst/inst/gmem_out_m_axi_U/bus_write/wreq_burst_conv/req_handling_reg/C
  -------------------------------------------------------------------    -------------------
    SLICE_X84Y52         FDRE (Prop_BFF_SLICEL_C_Q)
                                                      0.039     0.051 r  bd_0_i/hls_inst/inst/gmem_out_m_axi_U/bus_write/wreq_burst_conv/req_handling_reg/Q
                         net (fo=5, routed)           0.025     0.076    bd_0_i/hls_inst/inst/gmem_out_m_axi_U/bus_write/wreq_burst_conv/rs_req/first_sect_reg
    SLICE_X84Y52         LUT6 (Prop_B6LUT_SLICEL_I5_O)
                                                      0.015     0.091 r  bd_0_i/hls_inst/inst/gmem_out_m_axi_U/bus_write/wreq_burst_conv/rs_req/req_handling_i_1__1/O
                         net (fo=1, routed)           0.015     0.106    bd_0_i/hls_inst/inst/gmem_out_m_axi_U/bus_write/wreq_burst_conv/rs_req_n_120
    SLICE_X84Y52         FDRE                                         r  bd_0_i/hls_inst/inst/gmem_out_m_axi_U/bus_write/wreq_burst_conv/req_handling_reg/D
  -------------------------------------------------------------------    -------------------

                         (clock ap_clk rise edge)     0.000     0.000 r  
                                                      0.000     0.000 r  ap_clk (IN)
                         net (fo=15418, unset)        0.018     0.018    bd_0_i/hls_inst/inst/gmem_out_m_axi_U/bus_write/wreq_burst_conv/ap_clk
    SLICE_X84Y52         FDRE                                         r  bd_0_i/hls_inst/inst/gmem_out_m_axi_U/bus_write/wreq_burst_conv/req_handling_reg/C
                         clock pessimism              0.000     0.018    
    SLICE_X84Y52         FDRE (Hold_BFF_SLICEL_C_D)
                                                      0.046     0.064    bd_0_i/hls_inst/inst/gmem_out_m_axi_U/bus_write/wreq_burst_conv/req_handling_reg
  -------------------------------------------------------------------
                         required time                         -0.064    
                         arrival time                           0.106    
  -------------------------------------------------------------------
                         slack                                  0.042    

Slack (MET) :             0.042ns  (arrival time - required time)
  Source:                 bd_0_i/hls_inst/inst/control_s_axi_U/auto_restart_done_reg/C
                            (rising edge-triggered cell FDRE clocked by ap_clk  {rise@0.000ns fall@2.272ns period=4.545ns})
  Destination:            bd_0_i/hls_inst/inst/control_s_axi_U/auto_restart_done_reg/D
                            (rising edge-triggered cell FDRE clocked by ap_clk  {rise@0.000ns fall@2.272ns period=4.545ns})
  Path Group:             ap_clk
  Path Type:              Hold (Min at Fast Process Corner)
  Requirement:            0.000ns  (ap_clk rise@0.000ns - ap_clk rise@0.000ns)
  Data Path Delay:        0.094ns  (logic 0.053ns (56.327%)  route 0.041ns (43.673%))
  Logic Levels:           1  (LUT6=1)
  Clock Path Skew:        0.006ns (DCD - SCD - CPR)
    Destination Clock Delay (DCD):    0.018ns
    Source Clock Delay      (SCD):    0.012ns
    Clock Pessimism Removal (CPR):    -0.000ns

    Location             Delay type                Incr(ns)  Path(ns)    Netlist Resource(s)
  -------------------------------------------------------------------    -------------------
                         (clock ap_clk rise edge)     0.000     0.000 r  
                                                      0.000     0.000 r  ap_clk (IN)
                         net (fo=15418, unset)        0.012     0.012    bd_0_i/hls_inst/inst/control_s_axi_U/ap_clk
    SLICE_X73Y55         FDRE                                         r  bd_0_i/hls_inst/inst/control_s_axi_U/auto_restart_done_reg/C
  -------------------------------------------------------------------    -------------------
    SLICE_X73Y55         FDRE (Prop_DFF_SLICEL_C_Q)
                                                      0.039     0.051 r  bd_0_i/hls_inst/inst/control_s_axi_U/auto_restart_done_reg/Q
                         net (fo=2, routed)           0.025     0.076    bd_0_i/hls_inst/inst/control_s_axi_U/auto_restart_done_reg_n_0
    SLICE_X73Y55         LUT6 (Prop_D6LUT_SLICEL_I5_O)
                                                      0.014     0.090 r  bd_0_i/hls_inst/inst/control_s_axi_U/auto_restart_done_i_1/O
                         net (fo=1, routed)           0.016     0.106    bd_0_i/hls_inst/inst/control_s_axi_U/auto_restart_done_i_1_n_0
    SLICE_X73Y55         FDRE                                         r  bd_0_i/hls_inst/inst/control_s_axi_U/auto_restart_done_reg/D
  -------------------------------------------------------------------    -------------------

                         (clock ap_clk rise edge)     0.000     0.000 r  
                                                      0.000     0.000 r  ap_clk (IN)
                         net (fo=15418, unset)        0.018     0.018    bd_0_i/hls_inst/inst/control_s_axi_U/ap_clk
    SLICE_X73Y55         FDRE                                         r  bd_0_i/hls_inst/inst/control_s_axi_U/auto_restart_done_reg/C
                         clock pessimism              0.000     0.018    
    SLICE_X73Y55         FDRE (Hold_DFF_SLICEL_C_D)
                                                      0.046     0.064    bd_0_i/hls_inst/inst/control_s_axi_U/auto_restart_done_reg
  -------------------------------------------------------------------
                         required time                         -0.064    
                         arrival time                           0.106    
  -------------------------------------------------------------------
                         slack                                  0.042    

Slack (MET) :             0.042ns  (arrival time - required time)
  Source:                 bd_0_i/hls_inst/inst/grp_gemv_kernel_Pipeline_PACK_PREFILL_ROW6_fu_719/zext_ln87_reg_255_reg[0]/C
                            (rising edge-triggered cell FDRE clocked by ap_clk  {rise@0.000ns fall@2.272ns period=4.545ns})
  Destination:            bd_0_i/hls_inst/inst/grp_gemv_kernel_Pipeline_PACK_PREFILL_ROW6_fu_719/zext_ln87_reg_255_pp0_iter1_reg_reg[0]/D
                            (rising edge-triggered cell FDRE clocked by ap_clk  {rise@0.000ns fall@2.272ns period=4.545ns})
  Path Group:             ap_clk
  Path Type:              Hold (Min at Fast Process Corner)
  Requirement:            0.000ns  (ap_clk rise@0.000ns - ap_clk rise@0.000ns)
  Data Path Delay:        0.094ns  (logic 0.039ns (41.383%)  route 0.055ns (58.617%))
  Logic Levels:           0  
  Clock Path Skew:        0.005ns (DCD - SCD - CPR)
    Destination Clock Delay (DCD):    0.018ns
    Source Clock Delay      (SCD):    0.013ns
    Clock Pessimism Removal (CPR):    -0.000ns

    Location             Delay type                Incr(ns)  Path(ns)    Netlist Resource(s)
  -------------------------------------------------------------------    -------------------
                         (clock ap_clk rise edge)     0.000     0.000 r  
                                                      0.000     0.000 r  ap_clk (IN)
                         net (fo=15418, unset)        0.013     0.013    bd_0_i/hls_inst/inst/grp_gemv_kernel_Pipeline_PACK_PREFILL_ROW6_fu_719/ap_clk
    SLICE_X67Y29         FDRE                                         r  bd_0_i/hls_inst/inst/grp_gemv_kernel_Pipeline_PACK_PREFILL_ROW6_fu_719/zext_ln87_reg_255_reg[0]/C
  -------------------------------------------------------------------    -------------------
    SLICE_X67Y29         FDRE (Prop_HFF2_SLICEL_C_Q)
                                                      0.039     0.052 r  bd_0_i/hls_inst/inst/grp_gemv_kernel_Pipeline_PACK_PREFILL_ROW6_fu_719/zext_ln87_reg_255_reg[0]/Q
                         net (fo=3, routed)           0.055     0.107    bd_0_i/hls_inst/inst/grp_gemv_kernel_Pipeline_PACK_PREFILL_ROW6_fu_719/w1_arr_V_address0[0]
    SLICE_X68Y29         FDRE                                         r  bd_0_i/hls_inst/inst/grp_gemv_kernel_Pipeline_PACK_PREFILL_ROW6_fu_719/zext_ln87_reg_255_pp0_iter1_reg_reg[0]/D
  -------------------------------------------------------------------    -------------------

                         (clock ap_clk rise edge)     0.000     0.000 r  
                                                      0.000     0.000 r  ap_clk (IN)
                         net (fo=15418, unset)        0.018     0.018    bd_0_i/hls_inst/inst/grp_gemv_kernel_Pipeline_PACK_PREFILL_ROW6_fu_719/ap_clk
    SLICE_X68Y29         FDRE                                         r  bd_0_i/hls_inst/inst/grp_gemv_kernel_Pipeline_PACK_PREFILL_ROW6_fu_719/zext_ln87_reg_255_pp0_iter1_reg_reg[0]/C
                         clock pessimism              0.000     0.018    
    SLICE_X68Y29         FDRE (Hold_DFF2_SLICEL_C_D)
                                                      0.047     0.065    bd_0_i/hls_inst/inst/grp_gemv_kernel_Pipeline_PACK_PREFILL_ROW6_fu_719/zext_ln87_reg_255_pp0_iter1_reg_reg[0]
  -------------------------------------------------------------------
                         required time                         -0.065    
                         arrival time                           0.107    
  -------------------------------------------------------------------
                         slack                                  0.042    

Slack (MET) :             0.043ns  (arrival time - required time)
  Source:                 bd_0_i/hls_inst/inst/gmem_out_m_axi_U/store_unit/tmp_addr_reg[45]/C
                            (rising edge-triggered cell FDRE clocked by ap_clk  {rise@0.000ns fall@2.272ns period=4.545ns})
  Destination:            bd_0_i/hls_inst/inst/gmem_out_m_axi_U/bus_write/wreq_burst_conv/rs_req/data_p2_reg[45]/D
                            (rising edge-triggered cell FDRE clocked by ap_clk  {rise@0.000ns fall@2.272ns period=4.545ns})
  Path Group:             ap_clk
  Path Type:              Hold (Min at Fast Process Corner)
  Requirement:            0.000ns  (ap_clk rise@0.000ns - ap_clk rise@0.000ns)
  Data Path Delay:        0.095ns  (logic 0.038ns (40.064%)  route 0.057ns (59.936%))
  Logic Levels:           0  
  Clock Path Skew:        0.005ns (DCD - SCD - CPR)
    Destination Clock Delay (DCD):    0.018ns
    Source Clock Delay      (SCD):    0.013ns
    Clock Pessimism Removal (CPR):    -0.000ns

    Location             Delay type                Incr(ns)  Path(ns)    Netlist Resource(s)
  -------------------------------------------------------------------    -------------------
                         (clock ap_clk rise edge)     0.000     0.000 r  
                                                      0.000     0.000 r  ap_clk (IN)
                         net (fo=15418, unset)        0.013     0.013    bd_0_i/hls_inst/inst/gmem_out_m_axi_U/store_unit/ap_clk
    SLICE_X77Y63         FDRE                                         r  bd_0_i/hls_inst/inst/gmem_out_m_axi_U/store_unit/tmp_addr_reg[45]/C
  -------------------------------------------------------------------    -------------------
    SLICE_X77Y63         FDRE (Prop_BFF_SLICEM_C_Q)
                                                      0.038     0.051 r  bd_0_i/hls_inst/inst/gmem_out_m_axi_U/store_unit/tmp_addr_reg[45]/Q
                         net (fo=2, routed)           0.057     0.108    bd_0_i/hls_inst/inst/gmem_out_m_axi_U/bus_write/wreq_burst_conv/rs_req/data_p2_reg[95]_0[40]
    SLICE_X78Y63         FDRE                                         r  bd_0_i/hls_inst/inst/gmem_out_m_axi_U/bus_write/wreq_burst_conv/rs_req/data_p2_reg[45]/D
  -------------------------------------------------------------------    -------------------

                         (clock ap_clk rise edge)     0.000     0.000 r  
                                                      0.000     0.000 r  ap_clk (IN)
                         net (fo=15418, unset)        0.018     0.018    bd_0_i/hls_inst/inst/gmem_out_m_axi_U/bus_write/wreq_burst_conv/rs_req/ap_clk
    SLICE_X78Y63         FDRE                                         r  bd_0_i/hls_inst/inst/gmem_out_m_axi_U/bus_write/wreq_burst_conv/rs_req/data_p2_reg[45]/C
                         clock pessimism              0.000     0.018    
    SLICE_X78Y63         FDRE (Hold_CFF2_SLICEL_C_D)
                                                      0.047     0.065    bd_0_i/hls_inst/inst/gmem_out_m_axi_U/bus_write/wreq_burst_conv/rs_req/data_p2_reg[45]
  -------------------------------------------------------------------
                         required time                         -0.065    
                         arrival time                           0.108    
  -------------------------------------------------------------------
                         slack                                  0.043    

Slack (MET) :             0.043ns  (arrival time - required time)
  Source:                 bd_0_i/hls_inst/inst/gmem_out_m_axi_U/bus_write/wreq_throttle/req_fifo/U_fifo_srl/dout_reg[33]/C
                            (rising edge-triggered cell FDRE clocked by ap_clk  {rise@0.000ns fall@2.272ns period=4.545ns})
  Destination:            bd_0_i/hls_inst/inst/gmem_out_m_axi_U/bus_write/wreq_throttle/rs_req/data_p2_reg[33]/D
                            (rising edge-triggered cell FDRE clocked by ap_clk  {rise@0.000ns fall@2.272ns period=4.545ns})
  Path Group:             ap_clk
  Path Type:              Hold (Min at Fast Process Corner)
  Requirement:            0.000ns  (ap_clk rise@0.000ns - ap_clk rise@0.000ns)
  Data Path Delay:        0.095ns  (logic 0.040ns (42.105%)  route 0.055ns (57.895%))
  Logic Levels:           0  
  Clock Path Skew:        0.005ns (DCD - SCD - CPR)
    Destination Clock Delay (DCD):    0.018ns
    Source Clock Delay      (SCD):    0.013ns
    Clock Pessimism Removal (CPR):    -0.000ns

    Location             Delay type                Incr(ns)  Path(ns)    Netlist Resource(s)
  -------------------------------------------------------------------    -------------------
                         (clock ap_clk rise edge)     0.000     0.000 r  
                                                      0.000     0.000 r  ap_clk (IN)
                         net (fo=15418, unset)        0.013     0.013    bd_0_i/hls_inst/inst/gmem_out_m_axi_U/bus_write/wreq_throttle/req_fifo/U_fifo_srl/ap_clk
    SLICE_X83Y62         FDRE                                         r  bd_0_i/hls_inst/inst/gmem_out_m_axi_U/bus_write/wreq_throttle/req_fifo/U_fifo_srl/dout_reg[33]/C
  -------------------------------------------------------------------    -------------------
    SLICE_X83Y62         FDRE (Prop_GFF2_SLICEL_C_Q)
                                                      0.040     0.053 r  bd_0_i/hls_inst/inst/gmem_out_m_axi_U/bus_write/wreq_throttle/req_fifo/U_fifo_srl/dout_reg[33]/Q
                         net (fo=2, routed)           0.055     0.108    bd_0_i/hls_inst/inst/gmem_out_m_axi_U/bus_write/wreq_throttle/rs_req/D[28]
    SLICE_X84Y62         FDRE                                         r  bd_0_i/hls_inst/inst/gmem_out_m_axi_U/bus_write/wreq_throttle/rs_req/data_p2_reg[33]/D
  -------------------------------------------------------------------    -------------------

                         (clock ap_clk rise edge)     0.000     0.000 r  
                                                      0.000     0.000 r  ap_clk (IN)
                         net (fo=15418, unset)        0.018     0.018    bd_0_i/hls_inst/inst/gmem_out_m_axi_U/bus_write/wreq_throttle/rs_req/ap_clk
    SLICE_X84Y62         FDRE                                         r  bd_0_i/hls_inst/inst/gmem_out_m_axi_U/bus_write/wreq_throttle/rs_req/data_p2_reg[33]/C
                         clock pessimism              0.000     0.018    
    SLICE_X84Y62         FDRE (Hold_CFF2_SLICEL_C_D)
                                                      0.047     0.065    bd_0_i/hls_inst/inst/gmem_out_m_axi_U/bus_write/wreq_throttle/rs_req/data_p2_reg[33]
  -------------------------------------------------------------------
                         required time                         -0.065    
                         arrival time                           0.108    
  -------------------------------------------------------------------
                         slack                                  0.043    

Slack (MET) :             0.044ns  (arrival time - required time)
  Source:                 bd_0_i/hls_inst/inst/grp_gemv_kernel_Pipeline_ACC_PREFILL_COL_ACC_PREFILL_ROW_fu_983/indvar_flatten_fu_116_reg[4]/C
                            (rising edge-triggered cell FDRE clocked by ap_clk  {rise@0.000ns fall@2.272ns period=4.545ns})
  Destination:            bd_0_i/hls_inst/inst/grp_gemv_kernel_Pipeline_ACC_PREFILL_COL_ACC_PREFILL_ROW_fu_983/indvar_flatten_fu_116_reg[4]/D
                            (rising edge-triggered cell FDRE clocked by ap_clk  {rise@0.000ns fall@2.272ns period=4.545ns})
  Path Group:             ap_clk
  Path Type:              Hold (Min at Fast Process Corner)
  Requirement:            0.000ns  (ap_clk rise@0.000ns - ap_clk rise@0.000ns)
  Data Path Delay:        0.096ns  (logic 0.054ns (56.436%)  route 0.042ns (43.564%))
  Logic Levels:           1  (LUT6=1)
  Clock Path Skew:        0.006ns (DCD - SCD - CPR)
    Destination Clock Delay (DCD):    0.018ns
    Source Clock Delay      (SCD):    0.012ns
    Clock Pessimism Removal (CPR):    -0.000ns

    Location             Delay type                Incr(ns)  Path(ns)    Netlist Resource(s)
  -------------------------------------------------------------------    -------------------
                         (clock ap_clk rise edge)     0.000     0.000 r  
                                                      0.000     0.000 r  ap_clk (IN)
                         net (fo=15418, unset)        0.012     0.012    bd_0_i/hls_inst/inst/grp_gemv_kernel_Pipeline_ACC_PREFILL_COL_ACC_PREFILL_ROW_fu_983/ap_clk
    SLICE_X78Y20         FDRE                                         r  bd_0_i/hls_inst/inst/grp_gemv_kernel_Pipeline_ACC_PREFILL_COL_ACC_PREFILL_ROW_fu_983/indvar_flatten_fu_116_reg[4]/C
  -------------------------------------------------------------------    -------------------
    SLICE_X78Y20         FDRE (Prop_BFF_SLICEL_C_Q)
                                                      0.039     0.051 r  bd_0_i/hls_inst/inst/grp_gemv_kernel_Pipeline_ACC_PREFILL_COL_ACC_PREFILL_ROW_fu_983/indvar_flatten_fu_116_reg[4]/Q
                         net (fo=3, routed)           0.027     0.078    bd_0_i/hls_inst/inst/grp_gemv_kernel_Pipeline_ACC_PREFILL_COL_ACC_PREFILL_ROW_fu_983/flow_control_loop_pipe_sequential_init_U/indvar_flatten_fu_116_reg[6][4]
    SLICE_X78Y20         LUT6 (Prop_B6LUT_SLICEL_I5_O)
                                                      0.015     0.093 r  bd_0_i/hls_inst/inst/grp_gemv_kernel_Pipeline_ACC_PREFILL_COL_ACC_PREFILL_ROW_fu_983/flow_control_loop_pipe_sequential_init_U/indvar_flatten_fu_116[4]_i_1/O
                         net (fo=1, routed)           0.015     0.108    bd_0_i/hls_inst/inst/grp_gemv_kernel_Pipeline_ACC_PREFILL_COL_ACC_PREFILL_ROW_fu_983/add_ln152_fu_312_p2[4]
    SLICE_X78Y20         FDRE                                         r  bd_0_i/hls_inst/inst/grp_gemv_kernel_Pipeline_ACC_PREFILL_COL_ACC_PREFILL_ROW_fu_983/indvar_flatten_fu_116_reg[4]/D
  -------------------------------------------------------------------    -------------------

                         (clock ap_clk rise edge)     0.000     0.000 r  
                                                      0.000     0.000 r  ap_clk (IN)
                         net (fo=15418, unset)        0.018     0.018    bd_0_i/hls_inst/inst/grp_gemv_kernel_Pipeline_ACC_PREFILL_COL_ACC_PREFILL_ROW_fu_983/ap_clk
    SLICE_X78Y20         FDRE                                         r  bd_0_i/hls_inst/inst/grp_gemv_kernel_Pipeline_ACC_PREFILL_COL_ACC_PREFILL_ROW_fu_983/indvar_flatten_fu_116_reg[4]/C
                         clock pessimism              0.000     0.018    
    SLICE_X78Y20         FDRE (Hold_BFF_SLICEL_C_D)
                                                      0.046     0.064    bd_0_i/hls_inst/inst/grp_gemv_kernel_Pipeline_ACC_PREFILL_COL_ACC_PREFILL_ROW_fu_983/indvar_flatten_fu_116_reg[4]
  -------------------------------------------------------------------
                         required time                         -0.064    
                         arrival time                           0.108    
  -------------------------------------------------------------------
                         slack                                  0.044    

Slack (MET) :             0.044ns  (arrival time - required time)
  Source:                 bd_0_i/hls_inst/inst/grp_gemv_kernel_Pipeline_PACK_DECODING_ROW8_fu_793/row_4_fu_62_reg[1]/C
                            (rising edge-triggered cell FDRE clocked by ap_clk  {rise@0.000ns fall@2.272ns period=4.545ns})
  Destination:            bd_0_i/hls_inst/inst/grp_gemv_kernel_Pipeline_PACK_DECODING_ROW8_fu_793/row_4_fu_62_reg[2]/D
                            (rising edge-triggered cell FDRE clocked by ap_clk  {rise@0.000ns fall@2.272ns period=4.545ns})
  Path Group:             ap_clk
  Path Type:              Hold (Min at Fast Process Corner)
  Requirement:            0.000ns  (ap_clk rise@0.000ns - ap_clk rise@0.000ns)
  Data Path Delay:        0.097ns  (logic 0.060ns (62.050%)  route 0.037ns (37.950%))
  Logic Levels:           1  (LUT4=1)
  Clock Path Skew:        0.006ns (DCD - SCD - CPR)
    Destination Clock Delay (DCD):    0.019ns
    Source Clock Delay      (SCD):    0.013ns
    Clock Pessimism Removal (CPR):    -0.000ns

    Location             Delay type                Incr(ns)  Path(ns)    Netlist Resource(s)
  -------------------------------------------------------------------    -------------------
                         (clock ap_clk rise edge)     0.000     0.000 r  
                                                      0.000     0.000 r  ap_clk (IN)
                         net (fo=15418, unset)        0.013     0.013    bd_0_i/hls_inst/inst/grp_gemv_kernel_Pipeline_PACK_DECODING_ROW8_fu_793/ap_clk
    SLICE_X77Y32         FDRE                                         r  bd_0_i/hls_inst/inst/grp_gemv_kernel_Pipeline_PACK_DECODING_ROW8_fu_793/row_4_fu_62_reg[1]/C
  -------------------------------------------------------------------    -------------------
    SLICE_X77Y32         FDRE (Prop_HFF_SLICEM_C_Q)
                                                      0.039     0.052 r  bd_0_i/hls_inst/inst/grp_gemv_kernel_Pipeline_PACK_DECODING_ROW8_fu_793/row_4_fu_62_reg[1]/Q
                         net (fo=5, routed)           0.031     0.083    bd_0_i/hls_inst/inst/grp_gemv_kernel_Pipeline_PACK_DECODING_ROW8_fu_793/flow_control_loop_pipe_sequential_init_U/icmp_ln120_reg_249_reg[0]_2
    SLICE_X77Y32         LUT4 (Prop_H5LUT_SLICEM_I1_O)
                                                      0.021     0.104 r  bd_0_i/hls_inst/inst/grp_gemv_kernel_Pipeline_PACK_DECODING_ROW8_fu_793/flow_control_loop_pipe_sequential_init_U/row_4_fu_62[2]_i_1/O
                         net (fo=1, routed)           0.006     0.110    bd_0_i/hls_inst/inst/grp_gemv_kernel_Pipeline_PACK_DECODING_ROW8_fu_793/add_ln120_fu_182_p2[2]
    SLICE_X77Y32         FDRE                                         r  bd_0_i/hls_inst/inst/grp_gemv_kernel_Pipeline_PACK_DECODING_ROW8_fu_793/row_4_fu_62_reg[2]/D
  -------------------------------------------------------------------    -------------------

                         (clock ap_clk rise edge)     0.000     0.000 r  
                                                      0.000     0.000 r  ap_clk (IN)
                         net (fo=15418, unset)        0.019     0.019    bd_0_i/hls_inst/inst/grp_gemv_kernel_Pipeline_PACK_DECODING_ROW8_fu_793/ap_clk
    SLICE_X77Y32         FDRE                                         r  bd_0_i/hls_inst/inst/grp_gemv_kernel_Pipeline_PACK_DECODING_ROW8_fu_793/row_4_fu_62_reg[2]/C
                         clock pessimism              0.000     0.019    
    SLICE_X77Y32         FDRE (Hold_HFF2_SLICEM_C_D)
                                                      0.047     0.066    bd_0_i/hls_inst/inst/grp_gemv_kernel_Pipeline_PACK_DECODING_ROW8_fu_793/row_4_fu_62_reg[2]
  -------------------------------------------------------------------
                         required time                         -0.066    
                         arrival time                           0.110    
  -------------------------------------------------------------------
                         slack                                  0.044    





Pulse Width Checks
--------------------------------------------------------------------------------------
Clock Name:         ap_clk
Waveform(ns):       { 0.000 2.272 }
Period(ns):         4.545
Sources:            { ap_clk }

Check Type        Corner  Lib Pin             Reference Pin  Required(ns)  Actual(ns)  Slack(ns)  Location      Pin
Min Period        n/a     RAMB36E2/CLKARDCLK  n/a            1.569         4.545       2.976      RAMB36_X4Y1   bd_0_i/hls_inst/inst/gmem_act_m_axi_U/load_unit/buff_rdata/U_fifo_mem/mem_reg_0/CLKARDCLK
Min Period        n/a     RAMB36E2/CLKBWRCLK  n/a            1.569         4.545       2.976      RAMB36_X4Y1   bd_0_i/hls_inst/inst/gmem_act_m_axi_U/load_unit/buff_rdata/U_fifo_mem/mem_reg_0/CLKBWRCLK
Min Period        n/a     RAMB36E2/CLKARDCLK  n/a            1.569         4.545       2.976      RAMB36_X4Y0   bd_0_i/hls_inst/inst/gmem_act_m_axi_U/load_unit/buff_rdata/U_fifo_mem/mem_reg_1/CLKARDCLK
Min Period        n/a     RAMB36E2/CLKBWRCLK  n/a            1.569         4.545       2.976      RAMB36_X4Y0   bd_0_i/hls_inst/inst/gmem_act_m_axi_U/load_unit/buff_rdata/U_fifo_mem/mem_reg_1/CLKBWRCLK
Min Period        n/a     RAMB36E2/CLKARDCLK  n/a            1.569         4.545       2.976      RAMB36_X4Y2   bd_0_i/hls_inst/inst/gmem_act_m_axi_U/load_unit/buff_rdata/U_fifo_mem/mem_reg_2/CLKARDCLK
Min Period        n/a     RAMB36E2/CLKBWRCLK  n/a            1.569         4.545       2.976      RAMB36_X4Y2   bd_0_i/hls_inst/inst/gmem_act_m_axi_U/load_unit/buff_rdata/U_fifo_mem/mem_reg_2/CLKBWRCLK
Min Period        n/a     RAMB36E2/CLKARDCLK  n/a            1.569         4.545       2.976      RAMB36_X3Y1   bd_0_i/hls_inst/inst/gmem_act_m_axi_U/load_unit/buff_rdata/U_fifo_mem/mem_reg_3/CLKARDCLK
Min Period        n/a     RAMB36E2/CLKBWRCLK  n/a            1.569         4.545       2.976      RAMB36_X3Y1   bd_0_i/hls_inst/inst/gmem_act_m_axi_U/load_unit/buff_rdata/U_fifo_mem/mem_reg_3/CLKBWRCLK
Min Period        n/a     RAMB18E2/CLKARDCLK  n/a            1.569         4.545       2.976      RAMB18_X4Y20  bd_0_i/hls_inst/inst/gmem_m_axi_U/load_unit/buff_rdata/U_fifo_mem/mem_reg/CLKARDCLK
Min Period        n/a     RAMB18E2/CLKBWRCLK  n/a            1.569         4.545       2.976      RAMB18_X4Y20  bd_0_i/hls_inst/inst/gmem_m_axi_U/load_unit/buff_rdata/U_fifo_mem/mem_reg/CLKBWRCLK
Low Pulse Width   Slow    RAMB36E2/CLKARDCLK  n/a            0.542         2.273       1.731      RAMB36_X4Y1   bd_0_i/hls_inst/inst/gmem_act_m_axi_U/load_unit/buff_rdata/U_fifo_mem/mem_reg_0/CLKARDCLK
Low Pulse Width   Fast    RAMB36E2/CLKARDCLK  n/a            0.542         2.273       1.731      RAMB36_X4Y1   bd_0_i/hls_inst/inst/gmem_act_m_axi_U/load_unit/buff_rdata/U_fifo_mem/mem_reg_0/CLKARDCLK
Low Pulse Width   Slow    RAMB36E2/CLKBWRCLK  n/a            0.542         2.273       1.731      RAMB36_X4Y1   bd_0_i/hls_inst/inst/gmem_act_m_axi_U/load_unit/buff_rdata/U_fifo_mem/mem_reg_0/CLKBWRCLK
Low Pulse Width   Fast    RAMB36E2/CLKBWRCLK  n/a            0.542         2.273       1.731      RAMB36_X4Y1   bd_0_i/hls_inst/inst/gmem_act_m_axi_U/load_unit/buff_rdata/U_fifo_mem/mem_reg_0/CLKBWRCLK
Low Pulse Width   Slow    RAMB36E2/CLKARDCLK  n/a            0.542         2.273       1.731      RAMB36_X4Y0   bd_0_i/hls_inst/inst/gmem_act_m_axi_U/load_unit/buff_rdata/U_fifo_mem/mem_reg_1/CLKARDCLK
Low Pulse Width   Fast    RAMB36E2/CLKARDCLK  n/a            0.542         2.273       1.731      RAMB36_X4Y0   bd_0_i/hls_inst/inst/gmem_act_m_axi_U/load_unit/buff_rdata/U_fifo_mem/mem_reg_1/CLKARDCLK
Low Pulse Width   Slow    RAMB36E2/CLKBWRCLK  n/a            0.542         2.273       1.731      RAMB36_X4Y0   bd_0_i/hls_inst/inst/gmem_act_m_axi_U/load_unit/buff_rdata/U_fifo_mem/mem_reg_1/CLKBWRCLK
Low Pulse Width   Fast    RAMB36E2/CLKBWRCLK  n/a            0.542         2.273       1.731      RAMB36_X4Y0   bd_0_i/hls_inst/inst/gmem_act_m_axi_U/load_unit/buff_rdata/U_fifo_mem/mem_reg_1/CLKBWRCLK
Low Pulse Width   Slow    RAMB36E2/CLKARDCLK  n/a            0.542         2.273       1.731      RAMB36_X4Y2   bd_0_i/hls_inst/inst/gmem_act_m_axi_U/load_unit/buff_rdata/U_fifo_mem/mem_reg_2/CLKARDCLK
Low Pulse Width   Fast    RAMB36E2/CLKARDCLK  n/a            0.542         2.273       1.731      RAMB36_X4Y2   bd_0_i/hls_inst/inst/gmem_act_m_axi_U/load_unit/buff_rdata/U_fifo_mem/mem_reg_2/CLKARDCLK
High Pulse Width  Slow    RAMB36E2/CLKARDCLK  n/a            0.542         2.272       1.730      RAMB36_X4Y1   bd_0_i/hls_inst/inst/gmem_act_m_axi_U/load_unit/buff_rdata/U_fifo_mem/mem_reg_0/CLKARDCLK
High Pulse Width  Fast    RAMB36E2/CLKARDCLK  n/a            0.542         2.272       1.730      RAMB36_X4Y1   bd_0_i/hls_inst/inst/gmem_act_m_axi_U/load_unit/buff_rdata/U_fifo_mem/mem_reg_0/CLKARDCLK
High Pulse Width  Slow    RAMB36E2/CLKBWRCLK  n/a            0.542         2.272       1.730      RAMB36_X4Y1   bd_0_i/hls_inst/inst/gmem_act_m_axi_U/load_unit/buff_rdata/U_fifo_mem/mem_reg_0/CLKBWRCLK
High Pulse Width  Fast    RAMB36E2/CLKBWRCLK  n/a            0.542         2.272       1.730      RAMB36_X4Y1   bd_0_i/hls_inst/inst/gmem_act_m_axi_U/load_unit/buff_rdata/U_fifo_mem/mem_reg_0/CLKBWRCLK
High Pulse Width  Slow    RAMB36E2/CLKARDCLK  n/a            0.542         2.272       1.730      RAMB36_X4Y0   bd_0_i/hls_inst/inst/gmem_act_m_axi_U/load_unit/buff_rdata/U_fifo_mem/mem_reg_1/CLKARDCLK
High Pulse Width  Fast    RAMB36E2/CLKARDCLK  n/a            0.542         2.272       1.730      RAMB36_X4Y0   bd_0_i/hls_inst/inst/gmem_act_m_axi_U/load_unit/buff_rdata/U_fifo_mem/mem_reg_1/CLKARDCLK
High Pulse Width  Slow    RAMB36E2/CLKBWRCLK  n/a            0.542         2.272       1.730      RAMB36_X4Y0   bd_0_i/hls_inst/inst/gmem_act_m_axi_U/load_unit/buff_rdata/U_fifo_mem/mem_reg_1/CLKBWRCLK
High Pulse Width  Fast    RAMB36E2/CLKBWRCLK  n/a            0.542         2.272       1.730      RAMB36_X4Y0   bd_0_i/hls_inst/inst/gmem_act_m_axi_U/load_unit/buff_rdata/U_fifo_mem/mem_reg_1/CLKBWRCLK
High Pulse Width  Slow    RAMB36E2/CLKARDCLK  n/a            0.542         2.272       1.730      RAMB36_X4Y2   bd_0_i/hls_inst/inst/gmem_act_m_axi_U/load_unit/buff_rdata/U_fifo_mem/mem_reg_2/CLKARDCLK
High Pulse Width  Fast    RAMB36E2/CLKARDCLK  n/a            0.542         2.272       1.730      RAMB36_X4Y2   bd_0_i/hls_inst/inst/gmem_act_m_axi_U/load_unit/buff_rdata/U_fifo_mem/mem_reg_2/CLKARDCLK



--------------------------------------------------------------------------------------
Path Group:  (none)
From Clock:  ap_clk
  To Clock:  

Max Delay           529 Endpoints
Min Delay           529 Endpoints
--------------------------------------------------------------------------------------


Max Delay Paths
--------------------------------------------------------------------------------------
Slack:                    inf
  Source:                 bd_0_i/hls_inst/inst/gmem_out_m_axi_U/bus_write/wreq_throttle/last_cnt_reg[4]/C
                            (rising edge-triggered cell FDRE clocked by ap_clk  {rise@0.000ns fall@2.272ns period=4.545ns})
  Destination:            m_axi_gmem_out_wvalid
                            (output port)
  Path Group:             (none)
  Path Type:              Max at Slow Process Corner
  Data Path Delay:        0.709ns  (logic 0.386ns (54.416%)  route 0.323ns (45.584%))
  Logic Levels:           2  (LUT3=1 LUT5=1)
  Clock Uncertainty:      0.025ns  ((TSJ^2 + TIJ^2)^1/2 + DJ) / 2 + PE
    Total System Jitter     (TSJ):    0.050ns
    Total Input Jitter      (TIJ):    0.000ns
    Discrete Jitter          (DJ):    0.000ns
    Phase Error              (PE):    0.000ns

    Location             Delay type                Incr(ns)  Path(ns)    Netlist Resource(s)
  -------------------------------------------------------------------    -------------------
                         (clock ap_clk rise edge)     0.000     0.000 r  
                                                      0.000     0.000 r  ap_clk (IN)
                         net (fo=15418, unset)        0.028     0.028    bd_0_i/hls_inst/inst/gmem_out_m_axi_U/bus_write/wreq_throttle/ap_clk
    SLICE_X86Y30         FDRE                                         r  bd_0_i/hls_inst/inst/gmem_out_m_axi_U/bus_write/wreq_throttle/last_cnt_reg[4]/C
  -------------------------------------------------------------------    -------------------
    SLICE_X86Y30         FDRE (Prop_CFF2_SLICEL_C_Q)
                                                      0.080     0.108 r  bd_0_i/hls_inst/inst/gmem_out_m_axi_U/bus_write/wreq_throttle/last_cnt_reg[4]/Q
                         net (fo=3, routed)           0.148     0.256    bd_0_i/hls_inst/inst/gmem_out_m_axi_U/bus_write/wreq_throttle/data_fifo/U_fifo_srl/Q[4]
    SLICE_X86Y30         LUT5 (Prop_G6LUT_SLICEL_I4_O)
                                                      0.149     0.405 r  bd_0_i/hls_inst/inst/gmem_out_m_axi_U/bus_write/wreq_throttle/data_fifo/U_fifo_srl/m_axi_gmem_out_WVALID_INST_0_i_1/O
                         net (fo=5, routed)           0.155     0.559    bd_0_i/hls_inst/inst/gmem_out_m_axi_U/bus_write/wreq_throttle/data_fifo/data_en__3
    SLICE_X86Y29         LUT3 (Prop_D5LUT_SLICEL_I2_O)
                                                      0.157     0.716 r  bd_0_i/hls_inst/inst/gmem_out_m_axi_U/bus_write/wreq_throttle/data_fifo/m_axi_gmem_out_WVALID_INST_0/O
                         net (fo=0)                   0.021     0.737    m_axi_gmem_out_wvalid
                                                                      r  m_axi_gmem_out_wvalid (OUT)
  -------------------------------------------------------------------    -------------------

Slack:                    inf
  Source:                 bd_0_i/hls_inst/inst/gmem_act_m_axi_U/bus_write/rs_resp/s_ready_t_reg/C
                            (rising edge-triggered cell FDRE clocked by ap_clk  {rise@0.000ns fall@2.272ns period=4.545ns})
  Destination:            m_axi_gmem_act_bready
                            (output port)
  Path Group:             (none)
  Path Type:              Max at Slow Process Corner
  Data Path Delay:        0.080ns  (logic 0.080ns (100.000%)  route 0.000ns (0.000%))
  Logic Levels:           0  
  Clock Uncertainty:      0.025ns  ((TSJ^2 + TIJ^2)^1/2 + DJ) / 2 + PE
    Total System Jitter     (TSJ):    0.050ns
    Total Input Jitter      (TIJ):    0.000ns
    Discrete Jitter          (DJ):    0.000ns
    Phase Error              (PE):    0.000ns

    Location             Delay type                Incr(ns)  Path(ns)    Netlist Resource(s)
  -------------------------------------------------------------------    -------------------
                         (clock ap_clk rise edge)     0.000     0.000 r  
                                                      0.000     0.000 r  ap_clk (IN)
                         net (fo=15418, unset)        0.030     0.030    bd_0_i/hls_inst/inst/gmem_act_m_axi_U/bus_write/rs_resp/ap_clk
    SLICE_X88Y23         FDRE                                         r  bd_0_i/hls_inst/inst/gmem_act_m_axi_U/bus_write/rs_resp/s_ready_t_reg/C
  -------------------------------------------------------------------    -------------------
    SLICE_X88Y23         FDRE (Prop_DFF2_SLICEM_C_Q)
                                                      0.080     0.110 r  bd_0_i/hls_inst/inst/gmem_act_m_axi_U/bus_write/rs_resp/s_ready_t_reg/Q
                         net (fo=2, unset)            0.000     0.110    m_axi_gmem_act_bready
                                                                      r  m_axi_gmem_act_bready (OUT)
  -------------------------------------------------------------------    -------------------

Slack:                    inf
  Source:                 bd_0_i/hls_inst/inst/gmem_m_axi_U/bus_read/rreq_burst_conv/could_multi_bursts.len_buf_reg[3]/C
                            (rising edge-triggered cell FDRE clocked by ap_clk  {rise@0.000ns fall@2.272ns period=4.545ns})
  Destination:            m_axi_gmem_arlen[3]
                            (output port)
  Path Group:             (none)
  Path Type:              Max at Slow Process Corner
  Data Path Delay:        0.081ns  (logic 0.081ns (100.000%)  route 0.000ns (0.000%))
  Logic Levels:           0  
  Clock Uncertainty:      0.025ns  ((TSJ^2 + TIJ^2)^1/2 + DJ) / 2 + PE
    Total System Jitter     (TSJ):    0.050ns
    Total Input Jitter      (TIJ):    0.000ns
    Discrete Jitter          (DJ):    0.000ns
    Phase Error              (PE):    0.000ns

    Location             Delay type                Incr(ns)  Path(ns)    Netlist Resource(s)
  -------------------------------------------------------------------    -------------------
                         (clock ap_clk rise edge)     0.000     0.000 r  
                                                      0.000     0.000 r  ap_clk (IN)
                         net (fo=15418, unset)        0.029     0.029    bd_0_i/hls_inst/inst/gmem_m_axi_U/bus_read/rreq_burst_conv/ap_clk
    SLICE_X67Y65         FDRE                                         r  bd_0_i/hls_inst/inst/gmem_m_axi_U/bus_read/rreq_burst_conv/could_multi_bursts.len_buf_reg[3]/C
  -------------------------------------------------------------------    -------------------
    SLICE_X67Y65         FDRE (Prop_GFF2_SLICEL_C_Q)
                                                      0.081     0.110 r  bd_0_i/hls_inst/inst/gmem_m_axi_U/bus_read/rreq_burst_conv/could_multi_bursts.len_buf_reg[3]/Q
                         net (fo=0)                   0.000     0.110    m_axi_gmem_arlen[3]
                                                                      r  m_axi_gmem_arlen[3] (OUT)
  -------------------------------------------------------------------    -------------------

Slack:                    inf
  Source:                 bd_0_i/hls_inst/inst/gmem_out_m_axi_U/bus_write/wreq_throttle/data_fifo/U_fifo_srl/dout_reg[101]/C
                            (rising edge-triggered cell FDRE clocked by ap_clk  {rise@0.000ns fall@2.272ns period=4.545ns})
  Destination:            m_axi_gmem_out_wdata[101]
                            (output port)
  Path Group:             (none)
  Path Type:              Max at Slow Process Corner
  Data Path Delay:        0.081ns  (logic 0.081ns (100.000%)  route 0.000ns (0.000%))
  Logic Levels:           0  
  Clock Uncertainty:      0.025ns  ((TSJ^2 + TIJ^2)^1/2 + DJ) / 2 + PE
    Total System Jitter     (TSJ):    0.050ns
    Total Input Jitter      (TIJ):    0.000ns
    Discrete Jitter          (DJ):    0.000ns
    Phase Error              (PE):    0.000ns

    Location             Delay type                Incr(ns)  Path(ns)    Netlist Resource(s)
  -------------------------------------------------------------------    -------------------
                         (clock ap_clk rise edge)     0.000     0.000 r  
                                                      0.000     0.000 r  ap_clk (IN)
                         net (fo=15418, unset)        0.029     0.029    bd_0_i/hls_inst/inst/gmem_out_m_axi_U/bus_write/wreq_throttle/data_fifo/U_fifo_srl/ap_clk
    SLICE_X92Y6          FDRE                                         r  bd_0_i/hls_inst/inst/gmem_out_m_axi_U/bus_write/wreq_throttle/data_fifo/U_fifo_srl/dout_reg[101]/C
  -------------------------------------------------------------------    -------------------
    SLICE_X92Y6          FDRE (Prop_EFF2_SLICEL_C_Q)
                                                      0.081     0.110 r  bd_0_i/hls_inst/inst/gmem_out_m_axi_U/bus_write/wreq_throttle/data_fifo/U_fifo_srl/dout_reg[101]/Q
                         net (fo=0)                   0.000     0.110    m_axi_gmem_out_wdata[101]
                                                                      r  m_axi_gmem_out_wdata[101] (OUT)
  -------------------------------------------------------------------    -------------------

Slack:                    inf
  Source:                 bd_0_i/hls_inst/inst/gmem_out_m_axi_U/bus_write/wreq_throttle/data_fifo/U_fifo_srl/dout_reg[103]/C
                            (rising edge-triggered cell FDRE clocked by ap_clk  {rise@0.000ns fall@2.272ns period=4.545ns})
  Destination:            m_axi_gmem_out_wdata[103]
                            (output port)
  Path Group:             (none)
  Path Type:              Max at Slow Process Corner
  Data Path Delay:        0.081ns  (logic 0.081ns (100.000%)  route 0.000ns (0.000%))
  Logic Levels:           0  
  Clock Uncertainty:      0.025ns  ((TSJ^2 + TIJ^2)^1/2 + DJ) / 2 + PE
    Total System Jitter     (TSJ):    0.050ns
    Total Input Jitter      (TIJ):    0.000ns
    Discrete Jitter          (DJ):    0.000ns
    Phase Error              (PE):    0.000ns

    Location             Delay type                Incr(ns)  Path(ns)    Netlist Resource(s)
  -------------------------------------------------------------------    -------------------
                         (clock ap_clk rise edge)     0.000     0.000 r  
                                                      0.000     0.000 r  ap_clk (IN)
                         net (fo=15418, unset)        0.029     0.029    bd_0_i/hls_inst/inst/gmem_out_m_axi_U/bus_write/wreq_throttle/data_fifo/U_fifo_srl/ap_clk
    SLICE_X92Y6          FDRE                                         r  bd_0_i/hls_inst/inst/gmem_out_m_axi_U/bus_write/wreq_throttle/data_fifo/U_fifo_srl/dout_reg[103]/C
  -------------------------------------------------------------------    -------------------
    SLICE_X92Y6          FDRE (Prop_FFF2_SLICEL_C_Q)
                                                      0.081     0.110 r  bd_0_i/hls_inst/inst/gmem_out_m_axi_U/bus_write/wreq_throttle/data_fifo/U_fifo_srl/dout_reg[103]/Q
                         net (fo=0)                   0.000     0.110    m_axi_gmem_out_wdata[103]
                                                                      r  m_axi_gmem_out_wdata[103] (OUT)
  -------------------------------------------------------------------    -------------------

Slack:                    inf
  Source:                 bd_0_i/hls_inst/inst/gmem_out_m_axi_U/bus_write/wreq_throttle/data_fifo/U_fifo_srl/dout_reg[105]/C
                            (rising edge-triggered cell FDRE clocked by ap_clk  {rise@0.000ns fall@2.272ns period=4.545ns})
  Destination:            m_axi_gmem_out_wdata[105]
                            (output port)
  Path Group:             (none)
  Path Type:              Max at Slow Process Corner
  Data Path Delay:        0.081ns  (logic 0.081ns (100.000%)  route 0.000ns (0.000%))
  Logic Levels:           0  
  Clock Uncertainty:      0.025ns  ((TSJ^2 + TIJ^2)^1/2 + DJ) / 2 + PE
    Total System Jitter     (TSJ):    0.050ns
    Total Input Jitter      (TIJ):    0.000ns
    Discrete Jitter          (DJ):    0.000ns
    Phase Error              (PE):    0.000ns

    Location             Delay type                Incr(ns)  Path(ns)    Netlist Resource(s)
  -------------------------------------------------------------------    -------------------
                         (clock ap_clk rise edge)     0.000     0.000 r  
                                                      0.000     0.000 r  ap_clk (IN)
                         net (fo=15418, unset)        0.029     0.029    bd_0_i/hls_inst/inst/gmem_out_m_axi_U/bus_write/wreq_throttle/data_fifo/U_fifo_srl/ap_clk
    SLICE_X92Y6          FDRE                                         r  bd_0_i/hls_inst/inst/gmem_out_m_axi_U/bus_write/wreq_throttle/data_fifo/U_fifo_srl/dout_reg[105]/C
  -------------------------------------------------------------------    -------------------
    SLICE_X92Y6          FDRE (Prop_GFF2_SLICEL_C_Q)
                                                      0.081     0.110 r  bd_0_i/hls_inst/inst/gmem_out_m_axi_U/bus_write/wreq_throttle/data_fifo/U_fifo_srl/dout_reg[105]/Q
                         net (fo=0)                   0.000     0.110    m_axi_gmem_out_wdata[105]
                                                                      r  m_axi_gmem_out_wdata[105] (OUT)
  -------------------------------------------------------------------    -------------------

Slack:                    inf
  Source:                 bd_0_i/hls_inst/inst/gmem_out_m_axi_U/bus_write/wreq_throttle/data_fifo/U_fifo_srl/dout_reg[121]/C
                            (rising edge-triggered cell FDRE clocked by ap_clk  {rise@0.000ns fall@2.272ns period=4.545ns})
  Destination:            m_axi_gmem_out_wdata[121]
                            (output port)
  Path Group:             (none)
  Path Type:              Max at Slow Process Corner
  Data Path Delay:        0.080ns  (logic 0.080ns (100.000%)  route 0.000ns (0.000%))
  Logic Levels:           0  
  Clock Uncertainty:      0.025ns  ((TSJ^2 + TIJ^2)^1/2 + DJ) / 2 + PE
    Total System Jitter     (TSJ):    0.050ns
    Total Input Jitter      (TIJ):    0.000ns
    Discrete Jitter          (DJ):    0.000ns
    Phase Error              (PE):    0.000ns

    Location             Delay type                Incr(ns)  Path(ns)    Netlist Resource(s)
  -------------------------------------------------------------------    -------------------
                         (clock ap_clk rise edge)     0.000     0.000 r  
                                                      0.000     0.000 r  ap_clk (IN)
                         net (fo=15418, unset)        0.030     0.030    bd_0_i/hls_inst/inst/gmem_out_m_axi_U/bus_write/wreq_throttle/data_fifo/U_fifo_srl/ap_clk
    SLICE_X91Y8          FDRE                                         r  bd_0_i/hls_inst/inst/gmem_out_m_axi_U/bus_write/wreq_throttle/data_fifo/U_fifo_srl/dout_reg[121]/C
  -------------------------------------------------------------------    -------------------
    SLICE_X91Y8          FDRE (Prop_AFF2_SLICEM_C_Q)
                                                      0.080     0.110 r  bd_0_i/hls_inst/inst/gmem_out_m_axi_U/bus_write/wreq_throttle/data_fifo/U_fifo_srl/dout_reg[121]/Q
                         net (fo=0)                   0.000     0.110    m_axi_gmem_out_wdata[121]
                                                                      r  m_axi_gmem_out_wdata[121] (OUT)
  -------------------------------------------------------------------    -------------------

Slack:                    inf
  Source:                 bd_0_i/hls_inst/inst/gmem_out_m_axi_U/bus_write/wreq_throttle/data_fifo/U_fifo_srl/dout_reg[123]/C
                            (rising edge-triggered cell FDRE clocked by ap_clk  {rise@0.000ns fall@2.272ns period=4.545ns})
  Destination:            m_axi_gmem_out_wdata[123]
                            (output port)
  Path Group:             (none)
  Path Type:              Max at Slow Process Corner
  Data Path Delay:        0.080ns  (logic 0.080ns (100.000%)  route 0.000ns (0.000%))
  Logic Levels:           0  
  Clock Uncertainty:      0.025ns  ((TSJ^2 + TIJ^2)^1/2 + DJ) / 2 + PE
    Total System Jitter     (TSJ):    0.050ns
    Total Input Jitter      (TIJ):    0.000ns
    Discrete Jitter          (DJ):    0.000ns
    Phase Error              (PE):    0.000ns

    Location             Delay type                Incr(ns)  Path(ns)    Netlist Resource(s)
  -------------------------------------------------------------------    -------------------
                         (clock ap_clk rise edge)     0.000     0.000 r  
                                                      0.000     0.000 r  ap_clk (IN)
                         net (fo=15418, unset)        0.030     0.030    bd_0_i/hls_inst/inst/gmem_out_m_axi_U/bus_write/wreq_throttle/data_fifo/U_fifo_srl/ap_clk
    SLICE_X91Y8          FDRE                                         r  bd_0_i/hls_inst/inst/gmem_out_m_axi_U/bus_write/wreq_throttle/data_fifo/U_fifo_srl/dout_reg[123]/C
  -------------------------------------------------------------------    -------------------
    SLICE_X91Y8          FDRE (Prop_BFF2_SLICEM_C_Q)
                                                      0.080     0.110 r  bd_0_i/hls_inst/inst/gmem_out_m_axi_U/bus_write/wreq_throttle/data_fifo/U_fifo_srl/dout_reg[123]/Q
                         net (fo=0)                   0.000     0.110    m_axi_gmem_out_wdata[123]
                                                                      r  m_axi_gmem_out_wdata[123] (OUT)
  -------------------------------------------------------------------    -------------------

Slack:                    inf
  Source:                 bd_0_i/hls_inst/inst/gmem_out_m_axi_U/bus_write/wreq_throttle/data_fifo/U_fifo_srl/dout_reg[127]/C
                            (rising edge-triggered cell FDRE clocked by ap_clk  {rise@0.000ns fall@2.272ns period=4.545ns})
  Destination:            m_axi_gmem_out_wdata[127]
                            (output port)
  Path Group:             (none)
  Path Type:              Max at Slow Process Corner
  Data Path Delay:        0.080ns  (logic 0.080ns (100.000%)  route 0.000ns (0.000%))
  Logic Levels:           0  
  Clock Uncertainty:      0.025ns  ((TSJ^2 + TIJ^2)^1/2 + DJ) / 2 + PE
    Total System Jitter     (TSJ):    0.050ns
    Total Input Jitter      (TIJ):    0.000ns
    Discrete Jitter          (DJ):    0.000ns
    Phase Error              (PE):    0.000ns

    Location             Delay type                Incr(ns)  Path(ns)    Netlist Resource(s)
  -------------------------------------------------------------------    -------------------
                         (clock ap_clk rise edge)     0.000     0.000 r  
                                                      0.000     0.000 r  ap_clk (IN)
                         net (fo=15418, unset)        0.030     0.030    bd_0_i/hls_inst/inst/gmem_out_m_axi_U/bus_write/wreq_throttle/data_fifo/U_fifo_srl/ap_clk
    SLICE_X91Y8          FDRE                                         r  bd_0_i/hls_inst/inst/gmem_out_m_axi_U/bus_write/wreq_throttle/data_fifo/U_fifo_srl/dout_reg[127]/C
  -------------------------------------------------------------------    -------------------
    SLICE_X91Y8          FDRE (Prop_DFF2_SLICEM_C_Q)
                                                      0.080     0.110 r  bd_0_i/hls_inst/inst/gmem_out_m_axi_U/bus_write/wreq_throttle/data_fifo/U_fifo_srl/dout_reg[127]/Q
                         net (fo=0)                   0.000     0.110    m_axi_gmem_out_wdata[127]
                                                                      r  m_axi_gmem_out_wdata[127] (OUT)
  -------------------------------------------------------------------    -------------------

Slack:                    inf
  Source:                 bd_0_i/hls_inst/inst/gmem_out_m_axi_U/bus_write/wreq_throttle/data_fifo/U_fifo_srl/dout_reg[133]/C
                            (rising edge-triggered cell FDRE clocked by ap_clk  {rise@0.000ns fall@2.272ns period=4.545ns})
  Destination:            m_axi_gmem_out_wdata[133]
                            (output port)
  Path Group:             (none)
  Path Type:              Max at Slow Process Corner
  Data Path Delay:        0.081ns  (logic 0.081ns (100.000%)  route 0.000ns (0.000%))
  Logic Levels:           0  
  Clock Uncertainty:      0.025ns  ((TSJ^2 + TIJ^2)^1/2 + DJ) / 2 + PE
    Total System Jitter     (TSJ):    0.050ns
    Total Input Jitter      (TIJ):    0.000ns
    Discrete Jitter          (DJ):    0.000ns
    Phase Error              (PE):    0.000ns

    Location             Delay type                Incr(ns)  Path(ns)    Netlist Resource(s)
  -------------------------------------------------------------------    -------------------
                         (clock ap_clk rise edge)     0.000     0.000 r  
                                                      0.000     0.000 r  ap_clk (IN)
                         net (fo=15418, unset)        0.029     0.029    bd_0_i/hls_inst/inst/gmem_out_m_axi_U/bus_write/wreq_throttle/data_fifo/U_fifo_srl/ap_clk
    SLICE_X92Y10         FDRE                                         r  bd_0_i/hls_inst/inst/gmem_out_m_axi_U/bus_write/wreq_throttle/data_fifo/U_fifo_srl/dout_reg[133]/C
  -------------------------------------------------------------------    -------------------
    SLICE_X92Y10         FDRE (Prop_EFF2_SLICEL_C_Q)
                                                      0.081     0.110 r  bd_0_i/hls_inst/inst/gmem_out_m_axi_U/bus_write/wreq_throttle/data_fifo/U_fifo_srl/dout_reg[133]/Q
                         net (fo=0)                   0.000     0.110    m_axi_gmem_out_wdata[133]
                                                                      r  m_axi_gmem_out_wdata[133] (OUT)
  -------------------------------------------------------------------    -------------------





Min Delay Paths
--------------------------------------------------------------------------------------
Slack:                    inf
  Source:                 bd_0_i/hls_inst/inst/gmem_act_m_axi_U/bus_read/rreq_burst_conv/could_multi_bursts.addr_buf_reg[10]/C
                            (rising edge-triggered cell FDRE clocked by ap_clk  {rise@0.000ns fall@2.272ns period=4.545ns})
  Destination:            m_axi_gmem_act_araddr[10]
                            (output port)
  Path Group:             (none)
  Path Type:              Min at Fast Process Corner
  Data Path Delay:        0.037ns  (logic 0.037ns (100.000%)  route 0.000ns (0.000%))
  Logic Levels:           0  
  Clock Uncertainty:      0.025ns  ((TSJ^2 + TIJ^2)^1/2 + DJ) / 2 + PE
    Total System Jitter     (TSJ):    0.050ns
    Total Input Jitter      (TIJ):    0.000ns
    Discrete Jitter          (DJ):    0.000ns
    Phase Error              (PE):    0.000ns

    Location             Delay type                Incr(ns)  Path(ns)    Netlist Resource(s)
  -------------------------------------------------------------------    -------------------
                         (clock ap_clk rise edge)     0.000     0.000 r  
                                                      0.000     0.000 r  ap_clk (IN)
                         net (fo=15418, unset)        0.013     0.013    bd_0_i/hls_inst/inst/gmem_act_m_axi_U/bus_read/rreq_burst_conv/ap_clk
    SLICE_X53Y71         FDRE                                         r  bd_0_i/hls_inst/inst/gmem_act_m_axi_U/bus_read/rreq_burst_conv/could_multi_bursts.addr_buf_reg[10]/C
  -------------------------------------------------------------------    -------------------
    SLICE_X53Y71         FDRE (Prop_FFF_SLICEM_C_Q)
                                                      0.037     0.050 r  bd_0_i/hls_inst/inst/gmem_act_m_axi_U/bus_read/rreq_burst_conv/could_multi_bursts.addr_buf_reg[10]/Q
                         net (fo=1, unset)            0.000     0.050    m_axi_gmem_act_araddr[10]
                                                                      r  m_axi_gmem_act_araddr[10] (OUT)
  -------------------------------------------------------------------    -------------------

Slack:                    inf
  Source:                 bd_0_i/hls_inst/inst/gmem_act_m_axi_U/bus_read/rreq_burst_conv/could_multi_bursts.addr_buf_reg[18]/C
                            (rising edge-triggered cell FDRE clocked by ap_clk  {rise@0.000ns fall@2.272ns period=4.545ns})
  Destination:            m_axi_gmem_act_araddr[18]
                            (output port)
  Path Group:             (none)
  Path Type:              Min at Fast Process Corner
  Data Path Delay:        0.037ns  (logic 0.037ns (100.000%)  route 0.000ns (0.000%))
  Logic Levels:           0  
  Clock Uncertainty:      0.025ns  ((TSJ^2 + TIJ^2)^1/2 + DJ) / 2 + PE
    Total System Jitter     (TSJ):    0.050ns
    Total Input Jitter      (TIJ):    0.000ns
    Discrete Jitter          (DJ):    0.000ns
    Phase Error              (PE):    0.000ns

    Location             Delay type                Incr(ns)  Path(ns)    Netlist Resource(s)
  -------------------------------------------------------------------    -------------------
                         (clock ap_clk rise edge)     0.000     0.000 r  
                                                      0.000     0.000 r  ap_clk (IN)
                         net (fo=15418, unset)        0.013     0.013    bd_0_i/hls_inst/inst/gmem_act_m_axi_U/bus_read/rreq_burst_conv/ap_clk
    SLICE_X53Y72         FDRE                                         r  bd_0_i/hls_inst/inst/gmem_act_m_axi_U/bus_read/rreq_burst_conv/could_multi_bursts.addr_buf_reg[18]/C
  -------------------------------------------------------------------    -------------------
    SLICE_X53Y72         FDRE (Prop_FFF_SLICEM_C_Q)
                                                      0.037     0.050 r  bd_0_i/hls_inst/inst/gmem_act_m_axi_U/bus_read/rreq_burst_conv/could_multi_bursts.addr_buf_reg[18]/Q
                         net (fo=1, unset)            0.000     0.050    m_axi_gmem_act_araddr[18]
                                                                      r  m_axi_gmem_act_araddr[18] (OUT)
  -------------------------------------------------------------------    -------------------

Slack:                    inf
  Source:                 bd_0_i/hls_inst/inst/gmem_act_m_axi_U/bus_read/rreq_burst_conv/could_multi_bursts.addr_buf_reg[26]/C
                            (rising edge-triggered cell FDRE clocked by ap_clk  {rise@0.000ns fall@2.272ns period=4.545ns})
  Destination:            m_axi_gmem_act_araddr[26]
                            (output port)
  Path Group:             (none)
  Path Type:              Min at Fast Process Corner
  Data Path Delay:        0.037ns  (logic 0.037ns (100.000%)  route 0.000ns (0.000%))
  Logic Levels:           0  
  Clock Uncertainty:      0.025ns  ((TSJ^2 + TIJ^2)^1/2 + DJ) / 2 + PE
    Total System Jitter     (TSJ):    0.050ns
    Total Input Jitter      (TIJ):    0.000ns
    Discrete Jitter          (DJ):    0.000ns
    Phase Error              (PE):    0.000ns

    Location             Delay type                Incr(ns)  Path(ns)    Netlist Resource(s)
  -------------------------------------------------------------------    -------------------
                         (clock ap_clk rise edge)     0.000     0.000 r  
                                                      0.000     0.000 r  ap_clk (IN)
                         net (fo=15418, unset)        0.013     0.013    bd_0_i/hls_inst/inst/gmem_act_m_axi_U/bus_read/rreq_burst_conv/ap_clk
    SLICE_X53Y73         FDRE                                         r  bd_0_i/hls_inst/inst/gmem_act_m_axi_U/bus_read/rreq_burst_conv/could_multi_bursts.addr_buf_reg[26]/C
  -------------------------------------------------------------------    -------------------
    SLICE_X53Y73         FDRE (Prop_FFF_SLICEM_C_Q)
                                                      0.037     0.050 r  bd_0_i/hls_inst/inst/gmem_act_m_axi_U/bus_read/rreq_burst_conv/could_multi_bursts.addr_buf_reg[26]/Q
                         net (fo=1, unset)            0.000     0.050    m_axi_gmem_act_araddr[26]
                                                                      r  m_axi_gmem_act_araddr[26] (OUT)
  -------------------------------------------------------------------    -------------------

Slack:                    inf
  Source:                 bd_0_i/hls_inst/inst/gmem_act_m_axi_U/bus_read/rreq_burst_conv/could_multi_bursts.addr_buf_reg[34]/C
                            (rising edge-triggered cell FDRE clocked by ap_clk  {rise@0.000ns fall@2.272ns period=4.545ns})
  Destination:            m_axi_gmem_act_araddr[34]
                            (output port)
  Path Group:             (none)
  Path Type:              Min at Fast Process Corner
  Data Path Delay:        0.037ns  (logic 0.037ns (100.000%)  route 0.000ns (0.000%))
  Logic Levels:           0  
  Clock Uncertainty:      0.025ns  ((TSJ^2 + TIJ^2)^1/2 + DJ) / 2 + PE
    Total System Jitter     (TSJ):    0.050ns
    Total Input Jitter      (TIJ):    0.000ns
    Discrete Jitter          (DJ):    0.000ns
    Phase Error              (PE):    0.000ns

    Location             Delay type                Incr(ns)  Path(ns)    Netlist Resource(s)
  -------------------------------------------------------------------    -------------------
                         (clock ap_clk rise edge)     0.000     0.000 r  
                                                      0.000     0.000 r  ap_clk (IN)
                         net (fo=15418, unset)        0.013     0.013    bd_0_i/hls_inst/inst/gmem_act_m_axi_U/bus_read/rreq_burst_conv/ap_clk
    SLICE_X53Y74         FDRE                                         r  bd_0_i/hls_inst/inst/gmem_act_m_axi_U/bus_read/rreq_burst_conv/could_multi_bursts.addr_buf_reg[34]/C
  -------------------------------------------------------------------    -------------------
    SLICE_X53Y74         FDRE (Prop_FFF_SLICEM_C_Q)
                                                      0.037     0.050 r  bd_0_i/hls_inst/inst/gmem_act_m_axi_U/bus_read/rreq_burst_conv/could_multi_bursts.addr_buf_reg[34]/Q
                         net (fo=1, unset)            0.000     0.050    m_axi_gmem_act_araddr[34]
                                                                      r  m_axi_gmem_act_araddr[34] (OUT)
  -------------------------------------------------------------------    -------------------

Slack:                    inf
  Source:                 bd_0_i/hls_inst/inst/gmem_act_m_axi_U/bus_read/rreq_burst_conv/could_multi_bursts.addr_buf_reg[42]/C
                            (rising edge-triggered cell FDRE clocked by ap_clk  {rise@0.000ns fall@2.272ns period=4.545ns})
  Destination:            m_axi_gmem_act_araddr[42]
                            (output port)
  Path Group:             (none)
  Path Type:              Min at Fast Process Corner
  Data Path Delay:        0.037ns  (logic 0.037ns (100.000%)  route 0.000ns (0.000%))
  Logic Levels:           0  
  Clock Uncertainty:      0.025ns  ((TSJ^2 + TIJ^2)^1/2 + DJ) / 2 + PE
    Total System Jitter     (TSJ):    0.050ns
    Total Input Jitter      (TIJ):    0.000ns
    Discrete Jitter          (DJ):    0.000ns
    Phase Error              (PE):    0.000ns

    Location             Delay type                Incr(ns)  Path(ns)    Netlist Resource(s)
  -------------------------------------------------------------------    -------------------
                         (clock ap_clk rise edge)     0.000     0.000 r  
                                                      0.000     0.000 r  ap_clk (IN)
                         net (fo=15418, unset)        0.013     0.013    bd_0_i/hls_inst/inst/gmem_act_m_axi_U/bus_read/rreq_burst_conv/ap_clk
    SLICE_X53Y75         FDRE                                         r  bd_0_i/hls_inst/inst/gmem_act_m_axi_U/bus_read/rreq_burst_conv/could_multi_bursts.addr_buf_reg[42]/C
  -------------------------------------------------------------------    -------------------
    SLICE_X53Y75         FDRE (Prop_FFF_SLICEM_C_Q)
                                                      0.037     0.050 r  bd_0_i/hls_inst/inst/gmem_act_m_axi_U/bus_read/rreq_burst_conv/could_multi_bursts.addr_buf_reg[42]/Q
                         net (fo=1, unset)            0.000     0.050    m_axi_gmem_act_araddr[42]
                                                                      r  m_axi_gmem_act_araddr[42] (OUT)
  -------------------------------------------------------------------    -------------------

Slack:                    inf
  Source:                 bd_0_i/hls_inst/inst/gmem_act_m_axi_U/bus_read/rreq_burst_conv/could_multi_bursts.addr_buf_reg[50]/C
                            (rising edge-triggered cell FDRE clocked by ap_clk  {rise@0.000ns fall@2.272ns period=4.545ns})
  Destination:            m_axi_gmem_act_araddr[50]
                            (output port)
  Path Group:             (none)
  Path Type:              Min at Fast Process Corner
  Data Path Delay:        0.037ns  (logic 0.037ns (100.000%)  route 0.000ns (0.000%))
  Logic Levels:           0  
  Clock Uncertainty:      0.025ns  ((TSJ^2 + TIJ^2)^1/2 + DJ) / 2 + PE
    Total System Jitter     (TSJ):    0.050ns
    Total Input Jitter      (TIJ):    0.000ns
    Discrete Jitter          (DJ):    0.000ns
    Phase Error              (PE):    0.000ns

    Location             Delay type                Incr(ns)  Path(ns)    Netlist Resource(s)
  -------------------------------------------------------------------    -------------------
                         (clock ap_clk rise edge)     0.000     0.000 r  
                                                      0.000     0.000 r  ap_clk (IN)
                         net (fo=15418, unset)        0.013     0.013    bd_0_i/hls_inst/inst/gmem_act_m_axi_U/bus_read/rreq_burst_conv/ap_clk
    SLICE_X53Y76         FDRE                                         r  bd_0_i/hls_inst/inst/gmem_act_m_axi_U/bus_read/rreq_burst_conv/could_multi_bursts.addr_buf_reg[50]/C
  -------------------------------------------------------------------    -------------------
    SLICE_X53Y76         FDRE (Prop_FFF_SLICEM_C_Q)
                                                      0.037     0.050 r  bd_0_i/hls_inst/inst/gmem_act_m_axi_U/bus_read/rreq_burst_conv/could_multi_bursts.addr_buf_reg[50]/Q
                         net (fo=1, unset)            0.000     0.050    m_axi_gmem_act_araddr[50]
                                                                      r  m_axi_gmem_act_araddr[50] (OUT)
  -------------------------------------------------------------------    -------------------

Slack:                    inf
  Source:                 bd_0_i/hls_inst/inst/gmem_act_m_axi_U/bus_read/rreq_burst_conv/could_multi_bursts.addr_buf_reg[58]/C
                            (rising edge-triggered cell FDRE clocked by ap_clk  {rise@0.000ns fall@2.272ns period=4.545ns})
  Destination:            m_axi_gmem_act_araddr[58]
                            (output port)
  Path Group:             (none)
  Path Type:              Min at Fast Process Corner
  Data Path Delay:        0.037ns  (logic 0.037ns (100.000%)  route 0.000ns (0.000%))
  Logic Levels:           0  
  Clock Uncertainty:      0.025ns  ((TSJ^2 + TIJ^2)^1/2 + DJ) / 2 + PE
    Total System Jitter     (TSJ):    0.050ns
    Total Input Jitter      (TIJ):    0.000ns
    Discrete Jitter          (DJ):    0.000ns
    Phase Error              (PE):    0.000ns

    Location             Delay type                Incr(ns)  Path(ns)    Netlist Resource(s)
  -------------------------------------------------------------------    -------------------
                         (clock ap_clk rise edge)     0.000     0.000 r  
                                                      0.000     0.000 r  ap_clk (IN)
                         net (fo=15418, unset)        0.013     0.013    bd_0_i/hls_inst/inst/gmem_act_m_axi_U/bus_read/rreq_burst_conv/ap_clk
    SLICE_X53Y77         FDRE                                         r  bd_0_i/hls_inst/inst/gmem_act_m_axi_U/bus_read/rreq_burst_conv/could_multi_bursts.addr_buf_reg[58]/C
  -------------------------------------------------------------------    -------------------
    SLICE_X53Y77         FDRE (Prop_FFF_SLICEM_C_Q)
                                                      0.037     0.050 r  bd_0_i/hls_inst/inst/gmem_act_m_axi_U/bus_read/rreq_burst_conv/could_multi_bursts.addr_buf_reg[58]/Q
                         net (fo=1, unset)            0.000     0.050    m_axi_gmem_act_araddr[58]
                                                                      r  m_axi_gmem_act_araddr[58] (OUT)
  -------------------------------------------------------------------    -------------------

Slack:                    inf
  Source:                 bd_0_i/hls_inst/inst/gmem_out_m_axi_U/bus_write/wreq_throttle/rs_req/data_p1_reg[63]/C
                            (rising edge-triggered cell FDRE clocked by ap_clk  {rise@0.000ns fall@2.272ns period=4.545ns})
  Destination:            m_axi_gmem_out_awaddr[63]
                            (output port)
  Path Group:             (none)
  Path Type:              Min at Fast Process Corner
  Data Path Delay:        0.037ns  (logic 0.037ns (100.000%)  route 0.000ns (0.000%))
  Logic Levels:           0  
  Clock Uncertainty:      0.025ns  ((TSJ^2 + TIJ^2)^1/2 + DJ) / 2 + PE
    Total System Jitter     (TSJ):    0.050ns
    Total Input Jitter      (TIJ):    0.000ns
    Discrete Jitter          (DJ):    0.000ns
    Phase Error              (PE):    0.000ns

    Location             Delay type                Incr(ns)  Path(ns)    Netlist Resource(s)
  -------------------------------------------------------------------    -------------------
                         (clock ap_clk rise edge)     0.000     0.000 r  
                                                      0.000     0.000 r  ap_clk (IN)
                         net (fo=15418, unset)        0.013     0.013    bd_0_i/hls_inst/inst/gmem_out_m_axi_U/bus_write/wreq_throttle/rs_req/ap_clk
    SLICE_X85Y65         FDRE                                         r  bd_0_i/hls_inst/inst/gmem_out_m_axi_U/bus_write/wreq_throttle/rs_req/data_p1_reg[63]/C
  -------------------------------------------------------------------    -------------------
    SLICE_X85Y65         FDRE (Prop_FFF_SLICEM_C_Q)
                                                      0.037     0.050 r  bd_0_i/hls_inst/inst/gmem_out_m_axi_U/bus_write/wreq_throttle/rs_req/data_p1_reg[63]/Q
                         net (fo=0)                   0.000     0.050    m_axi_gmem_out_awaddr[63]
                                                                      r  m_axi_gmem_out_awaddr[63] (OUT)
  -------------------------------------------------------------------    -------------------

Slack:                    inf
  Source:                 bd_0_i/hls_inst/inst/gmem_out_m_axi_U/bus_write/wreq_throttle/data_fifo/U_fifo_srl/dout_reg[114]/C
                            (rising edge-triggered cell FDRE clocked by ap_clk  {rise@0.000ns fall@2.272ns period=4.545ns})
  Destination:            m_axi_gmem_out_wdata[114]
                            (output port)
  Path Group:             (none)
  Path Type:              Min at Fast Process Corner
  Data Path Delay:        0.037ns  (logic 0.037ns (100.000%)  route 0.000ns (0.000%))
  Logic Levels:           0  
  Clock Uncertainty:      0.025ns  ((TSJ^2 + TIJ^2)^1/2 + DJ) / 2 + PE
    Total System Jitter     (TSJ):    0.050ns
    Total Input Jitter      (TIJ):    0.000ns
    Discrete Jitter          (DJ):    0.000ns
    Phase Error              (PE):    0.000ns

    Location             Delay type                Incr(ns)  Path(ns)    Netlist Resource(s)
  -------------------------------------------------------------------    -------------------
                         (clock ap_clk rise edge)     0.000     0.000 r  
                                                      0.000     0.000 r  ap_clk (IN)
                         net (fo=15418, unset)        0.013     0.013    bd_0_i/hls_inst/inst/gmem_out_m_axi_U/bus_write/wreq_throttle/data_fifo/U_fifo_srl/ap_clk
    SLICE_X91Y8          FDRE                                         r  bd_0_i/hls_inst/inst/gmem_out_m_axi_U/bus_write/wreq_throttle/data_fifo/U_fifo_srl/dout_reg[114]/C
  -------------------------------------------------------------------    -------------------
    SLICE_X91Y8          FDRE (Prop_FFF_SLICEM_C_Q)
                                                      0.037     0.050 r  bd_0_i/hls_inst/inst/gmem_out_m_axi_U/bus_write/wreq_throttle/data_fifo/U_fifo_srl/dout_reg[114]/Q
                         net (fo=0)                   0.000     0.050    m_axi_gmem_out_wdata[114]
                                                                      r  m_axi_gmem_out_wdata[114] (OUT)
  -------------------------------------------------------------------    -------------------

Slack:                    inf
  Source:                 bd_0_i/hls_inst/inst/gmem_out_m_axi_U/bus_write/wreq_throttle/data_fifo/U_fifo_srl/dout_reg[11]/C
                            (rising edge-triggered cell FDRE clocked by ap_clk  {rise@0.000ns fall@2.272ns period=4.545ns})
  Destination:            m_axi_gmem_out_wdata[11]
                            (output port)
  Path Group:             (none)
  Path Type:              Min at Fast Process Corner
  Data Path Delay:        0.037ns  (logic 0.037ns (100.000%)  route 0.000ns (0.000%))
  Logic Levels:           0  
  Clock Uncertainty:      0.025ns  ((TSJ^2 + TIJ^2)^1/2 + DJ) / 2 + PE
    Total System Jitter     (TSJ):    0.050ns
    Total Input Jitter      (TIJ):    0.000ns
    Discrete Jitter          (DJ):    0.000ns
    Phase Error              (PE):    0.000ns

    Location             Delay type                Incr(ns)  Path(ns)    Netlist Resource(s)
  -------------------------------------------------------------------    -------------------
                         (clock ap_clk rise edge)     0.000     0.000 r  
                                                      0.000     0.000 r  ap_clk (IN)
                         net (fo=15418, unset)        0.013     0.013    bd_0_i/hls_inst/inst/gmem_out_m_axi_U/bus_write/wreq_throttle/data_fifo/U_fifo_srl/ap_clk
    SLICE_X91Y3          FDRE                                         r  bd_0_i/hls_inst/inst/gmem_out_m_axi_U/bus_write/wreq_throttle/data_fifo/U_fifo_srl/dout_reg[11]/C
  -------------------------------------------------------------------    -------------------
    SLICE_X91Y3          FDRE (Prop_FFF_SLICEM_C_Q)
                                                      0.037     0.050 r  bd_0_i/hls_inst/inst/gmem_out_m_axi_U/bus_write/wreq_throttle/data_fifo/U_fifo_srl/dout_reg[11]/Q
                         net (fo=0)                   0.000     0.050    m_axi_gmem_out_wdata[11]
                                                                      r  m_axi_gmem_out_wdata[11] (OUT)
  -------------------------------------------------------------------    -------------------





--------------------------------------------------------------------------------------
Path Group:  (none)
From Clock:  
  To Clock:  ap_clk

Max Delay          7189 Endpoints
Min Delay          7189 Endpoints
--------------------------------------------------------------------------------------


Max Delay Paths
--------------------------------------------------------------------------------------
Slack:                    inf
  Source:                 s_axi_control_wvalid
                            (input port)
  Destination:            bd_0_i/hls_inst/inst/control_s_axi_U/int_act_packed_reg[22]/CE
                            (rising edge-triggered cell FDRE clocked by ap_clk  {rise@0.000ns fall@2.272ns period=4.545ns})
  Path Group:             (none)
  Path Type:              Setup (Max at Slow Process Corner)
  Data Path Delay:        2.054ns  (logic 0.135ns (6.573%)  route 1.919ns (93.427%))
  Logic Levels:           2  (LUT6=2)
  Clock Path Skew:        0.021ns (DCD - SCD + CPR)
    Destination Clock Delay (DCD):    0.021ns
    Source Clock Delay      (SCD):    0.000ns
    Clock Pessimism Removal (CPR):    0.000ns
  Clock Uncertainty:      0.025ns  ((TSJ^2 + TIJ^2)^1/2 + DJ) / 2 + PE
    Total System Jitter     (TSJ):    0.050ns
    Total Input Jitter      (TIJ):    0.000ns
    Discrete Jitter          (DJ):    0.000ns
    Phase Error              (PE):    0.000ns

    Location             Delay type                Incr(ns)  Path(ns)    Netlist Resource(s)
  -------------------------------------------------------------------    -------------------
                                                      0.000     0.000 r  s_axi_control_wvalid (IN)
                         net (fo=4, unset)            0.000     0.000    bd_0_i/hls_inst/inst/control_s_axi_U/s_axi_control_WVALID
    SLICE_X70Y56         LUT6 (Prop_H6LUT_SLICEL_I2_O)
                                                      0.099     0.099 r  bd_0_i/hls_inst/inst/control_s_axi_U/int_output_r[31]_i_3/O
                         net (fo=19, routed)          0.162     0.261    bd_0_i/hls_inst/inst/control_s_axi_U/int_output_r[31]_i_3_n_0
    SLICE_X70Y60         LUT6 (Prop_H6LUT_SLICEL_I3_O)
                                                      0.036     0.297 r  bd_0_i/hls_inst/inst/control_s_axi_U/int_act_packed[31]_i_1/O
                         net (fo=32, routed)          1.757     2.054    bd_0_i/hls_inst/inst/control_s_axi_U/int_act_packed[31]_i_1_n_0
    SLICE_X53Y83         FDRE                                         r  bd_0_i/hls_inst/inst/control_s_axi_U/int_act_packed_reg[22]/CE
  -------------------------------------------------------------------    -------------------

                         (clock ap_clk rise edge)     0.000     0.000 r  
                                                      0.000     0.000 r  ap_clk (IN)
                         net (fo=15418, unset)        0.021     0.021    bd_0_i/hls_inst/inst/control_s_axi_U/ap_clk
    SLICE_X53Y83         FDRE                                         r  bd_0_i/hls_inst/inst/control_s_axi_U/int_act_packed_reg[22]/C

Slack:                    inf
  Source:                 s_axi_control_wvalid
                            (input port)
  Destination:            bd_0_i/hls_inst/inst/control_s_axi_U/int_act_packed_reg[30]/CE
                            (rising edge-triggered cell FDRE clocked by ap_clk  {rise@0.000ns fall@2.272ns period=4.545ns})
  Path Group:             (none)
  Path Type:              Setup (Max at Slow Process Corner)
  Data Path Delay:        2.054ns  (logic 0.135ns (6.573%)  route 1.919ns (93.427%))
  Logic Levels:           2  (LUT6=2)
  Clock Path Skew:        0.021ns (DCD - SCD + CPR)
    Destination Clock Delay (DCD):    0.021ns
    Source Clock Delay      (SCD):    0.000ns
    Clock Pessimism Removal (CPR):    0.000ns
  Clock Uncertainty:      0.025ns  ((TSJ^2 + TIJ^2)^1/2 + DJ) / 2 + PE
    Total System Jitter     (TSJ):    0.050ns
    Total Input Jitter      (TIJ):    0.000ns
    Discrete Jitter          (DJ):    0.000ns
    Phase Error              (PE):    0.000ns

    Location             Delay type                Incr(ns)  Path(ns)    Netlist Resource(s)
  -------------------------------------------------------------------    -------------------
                                                      0.000     0.000 r  s_axi_control_wvalid (IN)
                         net (fo=4, unset)            0.000     0.000    bd_0_i/hls_inst/inst/control_s_axi_U/s_axi_control_WVALID
    SLICE_X70Y56         LUT6 (Prop_H6LUT_SLICEL_I2_O)
                                                      0.099     0.099 r  bd_0_i/hls_inst/inst/control_s_axi_U/int_output_r[31]_i_3/O
                         net (fo=19, routed)          0.162     0.261    bd_0_i/hls_inst/inst/control_s_axi_U/int_output_r[31]_i_3_n_0
    SLICE_X70Y60         LUT6 (Prop_H6LUT_SLICEL_I3_O)
                                                      0.036     0.297 r  bd_0_i/hls_inst/inst/control_s_axi_U/int_act_packed[31]_i_1/O
                         net (fo=32, routed)          1.757     2.054    bd_0_i/hls_inst/inst/control_s_axi_U/int_act_packed[31]_i_1_n_0
    SLICE_X53Y83         FDRE                                         r  bd_0_i/hls_inst/inst/control_s_axi_U/int_act_packed_reg[30]/CE
  -------------------------------------------------------------------    -------------------

                         (clock ap_clk rise edge)     0.000     0.000 r  
                                                      0.000     0.000 r  ap_clk (IN)
                         net (fo=15418, unset)        0.021     0.021    bd_0_i/hls_inst/inst/control_s_axi_U/ap_clk
    SLICE_X53Y83         FDRE                                         r  bd_0_i/hls_inst/inst/control_s_axi_U/int_act_packed_reg[30]/C

Slack:                    inf
  Source:                 s_axi_control_wvalid
                            (input port)
  Destination:            bd_0_i/hls_inst/inst/control_s_axi_U/int_weight_col6_reg[62]/CE
                            (rising edge-triggered cell FDRE clocked by ap_clk  {rise@0.000ns fall@2.272ns period=4.545ns})
  Path Group:             (none)
  Path Type:              Setup (Max at Slow Process Corner)
  Data Path Delay:        2.023ns  (logic 0.343ns (16.954%)  route 1.680ns (83.046%))
  Logic Levels:           3  (LUT3=1 LUT5=2)
  Clock Path Skew:        0.020ns (DCD - SCD + CPR)
    Destination Clock Delay (DCD):    0.020ns
    Source Clock Delay      (SCD):    0.000ns
    Clock Pessimism Removal (CPR):    0.000ns
  Clock Uncertainty:      0.025ns  ((TSJ^2 + TIJ^2)^1/2 + DJ) / 2 + PE
    Total System Jitter     (TSJ):    0.050ns
    Total Input Jitter      (TIJ):    0.000ns
    Discrete Jitter          (DJ):    0.000ns
    Phase Error              (PE):    0.000ns

    Location             Delay type                Incr(ns)  Path(ns)    Netlist Resource(s)
  -------------------------------------------------------------------    -------------------
                                                      0.000     0.000 r  s_axi_control_wvalid (IN)
                         net (fo=4, unset)            0.000     0.000    bd_0_i/hls_inst/inst/control_s_axi_U/s_axi_control_WVALID
    SLICE_X70Y56         LUT5 (Prop_A6LUT_SLICEL_I2_O)
                                                      0.098     0.098 r  bd_0_i/hls_inst/inst/control_s_axi_U/int_weight_col1[63]_i_3/O
                         net (fo=12, routed)          0.121     0.219    bd_0_i/hls_inst/inst/control_s_axi_U/int_weight_col1[63]_i_3_n_0
    SLICE_X69Y56         LUT3 (Prop_E6LUT_SLICEL_I1_O)
                                                      0.147     0.366 f  bd_0_i/hls_inst/inst/control_s_axi_U/int_weight_col4[31]_i_3/O
                         net (fo=5, routed)           0.048     0.415    bd_0_i/hls_inst/inst/control_s_axi_U/int_weight_col4[31]_i_3_n_0
    SLICE_X69Y56         LUT5 (Prop_C5LUT_SLICEL_I3_O)
                                                      0.098     0.513 r  bd_0_i/hls_inst/inst/control_s_axi_U/int_weight_col6[63]_i_1/O
                         net (fo=32, routed)          1.510     2.023    bd_0_i/hls_inst/inst/control_s_axi_U/int_weight_col6[63]_i_1_n_0
    SLICE_X55Y85         FDRE                                         r  bd_0_i/hls_inst/inst/control_s_axi_U/int_weight_col6_reg[62]/CE
  -------------------------------------------------------------------    -------------------

                         (clock ap_clk rise edge)     0.000     0.000 r  
                                                      0.000     0.000 r  ap_clk (IN)
                         net (fo=15418, unset)        0.020     0.020    bd_0_i/hls_inst/inst/control_s_axi_U/ap_clk
    SLICE_X55Y85         FDRE                                         r  bd_0_i/hls_inst/inst/control_s_axi_U/int_weight_col6_reg[62]/C

Slack:                    inf
  Source:                 s_axi_control_araddr[1]
                            (input port)
  Destination:            bd_0_i/hls_inst/inst/control_s_axi_U/rdata_reg[22]/R
                            (rising edge-triggered cell FDRE clocked by ap_clk  {rise@0.000ns fall@2.272ns period=4.545ns})
  Path Group:             (none)
  Path Type:              Setup (Max at Slow Process Corner)
  Data Path Delay:        2.011ns  (logic 0.133ns (6.615%)  route 1.878ns (93.385%))
  Logic Levels:           1  (LUT4=1)
  Clock Path Skew:        0.020ns (DCD - SCD + CPR)
    Destination Clock Delay (DCD):    0.020ns
    Source Clock Delay      (SCD):    0.000ns
    Clock Pessimism Removal (CPR):    0.000ns
  Clock Uncertainty:      0.025ns  ((TSJ^2 + TIJ^2)^1/2 + DJ) / 2 + PE
    Total System Jitter     (TSJ):    0.050ns
    Total Input Jitter      (TIJ):    0.000ns
    Discrete Jitter          (DJ):    0.000ns
    Phase Error              (PE):    0.000ns

    Location             Delay type                Incr(ns)  Path(ns)    Netlist Resource(s)
  -------------------------------------------------------------------    -------------------
                                                      0.000     0.000 r  s_axi_control_araddr[1] (IN)
                         net (fo=2, unset)            0.000     0.000    bd_0_i/hls_inst/inst/control_s_axi_U/s_axi_control_ARADDR[1]
    SLICE_X73Y57         LUT4 (Prop_D5LUT_SLICEL_I0_O)
                                                      0.133     0.133 r  bd_0_i/hls_inst/inst/control_s_axi_U/rdata[31]_i_1/O
                         net (fo=32, routed)          1.878     2.011    bd_0_i/hls_inst/inst/control_s_axi_U/rdata[31]_i_1_n_0
    SLICE_X58Y85         FDRE                                         r  bd_0_i/hls_inst/inst/control_s_axi_U/rdata_reg[22]/R
  -------------------------------------------------------------------    -------------------

                         (clock ap_clk rise edge)     0.000     0.000 r  
                                                      0.000     0.000 r  ap_clk (IN)
                         net (fo=15418, unset)        0.020     0.020    bd_0_i/hls_inst/inst/control_s_axi_U/ap_clk
    SLICE_X58Y85         FDRE                                         r  bd_0_i/hls_inst/inst/control_s_axi_U/rdata_reg[22]/C

Slack:                    inf
  Source:                 s_axi_control_wvalid
                            (input port)
  Destination:            bd_0_i/hls_inst/inst/control_s_axi_U/int_weight_col8_reg[62]/CE
                            (rising edge-triggered cell FDRE clocked by ap_clk  {rise@0.000ns fall@2.272ns period=4.545ns})
  Path Group:             (none)
  Path Type:              Setup (Max at Slow Process Corner)
  Data Path Delay:        1.976ns  (logic 0.197ns (9.970%)  route 1.779ns (90.030%))
  Logic Levels:           2  (LUT6=2)
  Clock Path Skew:        0.021ns (DCD - SCD + CPR)
    Destination Clock Delay (DCD):    0.021ns
    Source Clock Delay      (SCD):    0.000ns
    Clock Pessimism Removal (CPR):    0.000ns
  Clock Uncertainty:      0.025ns  ((TSJ^2 + TIJ^2)^1/2 + DJ) / 2 + PE
    Total System Jitter     (TSJ):    0.050ns
    Total Input Jitter      (TIJ):    0.000ns
    Discrete Jitter          (DJ):    0.000ns
    Phase Error              (PE):    0.000ns

    Location             Delay type                Incr(ns)  Path(ns)    Netlist Resource(s)
  -------------------------------------------------------------------    -------------------
                                                      0.000     0.000 r  s_axi_control_wvalid (IN)
                         net (fo=4, unset)            0.000     0.000    bd_0_i/hls_inst/inst/control_s_axi_U/s_axi_control_WVALID
    SLICE_X70Y56         LUT6 (Prop_H6LUT_SLICEL_I2_O)
                                                      0.099     0.099 r  bd_0_i/hls_inst/inst/control_s_axi_U/int_output_r[31]_i_3/O
                         net (fo=19, routed)          0.122     0.221    bd_0_i/hls_inst/inst/control_s_axi_U/int_output_r[31]_i_3_n_0
    SLICE_X71Y56         LUT6 (Prop_F6LUT_SLICEM_I5_O)
                                                      0.098     0.319 r  bd_0_i/hls_inst/inst/control_s_axi_U/int_weight_col8[63]_i_1/O
                         net (fo=32, routed)          1.657     1.976    bd_0_i/hls_inst/inst/control_s_axi_U/int_weight_col8[63]_i_1_n_0
    SLICE_X56Y86         FDRE                                         r  bd_0_i/hls_inst/inst/control_s_axi_U/int_weight_col8_reg[62]/CE
  -------------------------------------------------------------------    -------------------

                         (clock ap_clk rise edge)     0.000     0.000 r  
                                                      0.000     0.000 r  ap_clk (IN)
                         net (fo=15418, unset)        0.021     0.021    bd_0_i/hls_inst/inst/control_s_axi_U/ap_clk
    SLICE_X56Y86         FDRE                                         r  bd_0_i/hls_inst/inst/control_s_axi_U/int_weight_col8_reg[62]/C

Slack:                    inf
  Source:                 s_axi_control_wvalid
                            (input port)
  Destination:            bd_0_i/hls_inst/inst/control_s_axi_U/int_weight_col30_reg[54]/CE
                            (rising edge-triggered cell FDRE clocked by ap_clk  {rise@0.000ns fall@2.272ns period=4.545ns})
  Path Group:             (none)
  Path Type:              Setup (Max at Slow Process Corner)
  Data Path Delay:        1.947ns  (logic 0.303ns (15.561%)  route 1.644ns (84.439%))
  Logic Levels:           3  (LUT4=2 LUT5=1)
  Clock Path Skew:        0.020ns (DCD - SCD + CPR)
    Destination Clock Delay (DCD):    0.020ns
    Source Clock Delay      (SCD):    0.000ns
    Clock Pessimism Removal (CPR):    0.000ns
  Clock Uncertainty:      0.025ns  ((TSJ^2 + TIJ^2)^1/2 + DJ) / 2 + PE
    Total System Jitter     (TSJ):    0.050ns
    Total Input Jitter      (TIJ):    0.000ns
    Discrete Jitter          (DJ):    0.000ns
    Phase Error              (PE):    0.000ns

    Location             Delay type                Incr(ns)  Path(ns)    Netlist Resource(s)
  -------------------------------------------------------------------    -------------------
                                                      0.000     0.000 r  s_axi_control_wvalid (IN)
                         net (fo=4, unset)            0.000     0.000    bd_0_i/hls_inst/inst/control_s_axi_U/s_axi_control_WVALID
    SLICE_X70Y56         LUT5 (Prop_A5LUT_SLICEL_I3_O)
                                                      0.112     0.112 r  bd_0_i/hls_inst/inst/control_s_axi_U/int_weight_col17[63]_i_3/O
                         net (fo=18, routed)          0.190     0.302    bd_0_i/hls_inst/inst/control_s_axi_U/int_weight_col17[63]_i_3_n_0
    SLICE_X69Y57         LUT4 (Prop_D6LUT_SLICEL_I0_O)
                                                      0.122     0.424 r  bd_0_i/hls_inst/inst/control_s_axi_U/int_weight_col28[31]_i_3/O
                         net (fo=5, routed)           0.045     0.469    bd_0_i/hls_inst/inst/control_s_axi_U/int_weight_col28[31]_i_3_n_0
    SLICE_X69Y57         LUT4 (Prop_A5LUT_SLICEL_I2_O)
                                                      0.069     0.538 r  bd_0_i/hls_inst/inst/control_s_axi_U/int_weight_col30[63]_i_1/O
                         net (fo=32, routed)          1.409     1.947    bd_0_i/hls_inst/inst/control_s_axi_U/int_weight_col30[63]_i_1_n_0
    SLICE_X58Y88         FDRE                                         r  bd_0_i/hls_inst/inst/control_s_axi_U/int_weight_col30_reg[54]/CE
  -------------------------------------------------------------------    -------------------

                         (clock ap_clk rise edge)     0.000     0.000 r  
                                                      0.000     0.000 r  ap_clk (IN)
                         net (fo=15418, unset)        0.020     0.020    bd_0_i/hls_inst/inst/control_s_axi_U/ap_clk
    SLICE_X58Y88         FDRE                                         r  bd_0_i/hls_inst/inst/control_s_axi_U/int_weight_col30_reg[54]/C

Slack:                    inf
  Source:                 s_axi_control_wvalid
                            (input port)
  Destination:            bd_0_i/hls_inst/inst/control_s_axi_U/int_weight_col30_reg[62]/CE
                            (rising edge-triggered cell FDRE clocked by ap_clk  {rise@0.000ns fall@2.272ns period=4.545ns})
  Path Group:             (none)
  Path Type:              Setup (Max at Slow Process Corner)
  Data Path Delay:        1.947ns  (logic 0.303ns (15.561%)  route 1.644ns (84.439%))
  Logic Levels:           3  (LUT4=2 LUT5=1)
  Clock Path Skew:        0.020ns (DCD - SCD + CPR)
    Destination Clock Delay (DCD):    0.020ns
    Source Clock Delay      (SCD):    0.000ns
    Clock Pessimism Removal (CPR):    0.000ns
  Clock Uncertainty:      0.025ns  ((TSJ^2 + TIJ^2)^1/2 + DJ) / 2 + PE
    Total System Jitter     (TSJ):    0.050ns
    Total Input Jitter      (TIJ):    0.000ns
    Discrete Jitter          (DJ):    0.000ns
    Phase Error              (PE):    0.000ns

    Location             Delay type                Incr(ns)  Path(ns)    Netlist Resource(s)
  -------------------------------------------------------------------    -------------------
                                                      0.000     0.000 r  s_axi_control_wvalid (IN)
                         net (fo=4, unset)            0.000     0.000    bd_0_i/hls_inst/inst/control_s_axi_U/s_axi_control_WVALID
    SLICE_X70Y56         LUT5 (Prop_A5LUT_SLICEL_I3_O)
                                                      0.112     0.112 r  bd_0_i/hls_inst/inst/control_s_axi_U/int_weight_col17[63]_i_3/O
                         net (fo=18, routed)          0.190     0.302    bd_0_i/hls_inst/inst/control_s_axi_U/int_weight_col17[63]_i_3_n_0
    SLICE_X69Y57         LUT4 (Prop_D6LUT_SLICEL_I0_O)
                                                      0.122     0.424 r  bd_0_i/hls_inst/inst/control_s_axi_U/int_weight_col28[31]_i_3/O
                         net (fo=5, routed)           0.045     0.469    bd_0_i/hls_inst/inst/control_s_axi_U/int_weight_col28[31]_i_3_n_0
    SLICE_X69Y57         LUT4 (Prop_A5LUT_SLICEL_I2_O)
                                                      0.069     0.538 r  bd_0_i/hls_inst/inst/control_s_axi_U/int_weight_col30[63]_i_1/O
                         net (fo=32, routed)          1.409     1.947    bd_0_i/hls_inst/inst/control_s_axi_U/int_weight_col30[63]_i_1_n_0
    SLICE_X58Y88         FDRE                                         r  bd_0_i/hls_inst/inst/control_s_axi_U/int_weight_col30_reg[62]/CE
  -------------------------------------------------------------------    -------------------

                         (clock ap_clk rise edge)     0.000     0.000 r  
                                                      0.000     0.000 r  ap_clk (IN)
                         net (fo=15418, unset)        0.020     0.020    bd_0_i/hls_inst/inst/control_s_axi_U/ap_clk
    SLICE_X58Y88         FDRE                                         r  bd_0_i/hls_inst/inst/control_s_axi_U/int_weight_col30_reg[62]/C

Slack:                    inf
  Source:                 s_axi_control_wvalid
                            (input port)
  Destination:            bd_0_i/hls_inst/inst/control_s_axi_U/int_weight_col9_reg[59]/CE
                            (rising edge-triggered cell FDRE clocked by ap_clk  {rise@0.000ns fall@2.272ns period=4.545ns})
  Path Group:             (none)
  Path Type:              Setup (Max at Slow Process Corner)
  Data Path Delay:        1.936ns  (logic 0.150ns (7.748%)  route 1.786ns (92.252%))
  Logic Levels:           2  (LUT6=2)
  Clock Path Skew:        0.020ns (DCD - SCD + CPR)
    Destination Clock Delay (DCD):    0.020ns
    Source Clock Delay      (SCD):    0.000ns
    Clock Pessimism Removal (CPR):    0.000ns
  Clock Uncertainty:      0.025ns  ((TSJ^2 + TIJ^2)^1/2 + DJ) / 2 + PE
    Total System Jitter     (TSJ):    0.050ns
    Total Input Jitter      (TIJ):    0.000ns
    Discrete Jitter          (DJ):    0.000ns
    Phase Error              (PE):    0.000ns

    Location             Delay type                Incr(ns)  Path(ns)    Netlist Resource(s)
  -------------------------------------------------------------------    -------------------
                                                      0.000     0.000 r  s_axi_control_wvalid (IN)
                         net (fo=4, unset)            0.000     0.000    bd_0_i/hls_inst/inst/control_s_axi_U/s_axi_control_WVALID
    SLICE_X70Y56         LUT6 (Prop_H6LUT_SLICEL_I2_O)
                                                      0.099     0.099 r  bd_0_i/hls_inst/inst/control_s_axi_U/int_output_r[31]_i_3/O
                         net (fo=19, routed)          0.108     0.207    bd_0_i/hls_inst/inst/control_s_axi_U/int_output_r[31]_i_3_n_0
    SLICE_X70Y57         LUT6 (Prop_E6LUT_SLICEL_I2_O)
                                                      0.051     0.258 r  bd_0_i/hls_inst/inst/control_s_axi_U/int_weight_col9[63]_i_1/O
                         net (fo=32, routed)          1.678     1.936    bd_0_i/hls_inst/inst/control_s_axi_U/int_weight_col9[63]_i_1_n_0
    SLICE_X75Y83         FDRE                                         r  bd_0_i/hls_inst/inst/control_s_axi_U/int_weight_col9_reg[59]/CE
  -------------------------------------------------------------------    -------------------

                         (clock ap_clk rise edge)     0.000     0.000 r  
                                                      0.000     0.000 r  ap_clk (IN)
                         net (fo=15418, unset)        0.020     0.020    bd_0_i/hls_inst/inst/control_s_axi_U/ap_clk
    SLICE_X75Y83         FDRE                                         r  bd_0_i/hls_inst/inst/control_s_axi_U/int_weight_col9_reg[59]/C

Slack:                    inf
  Source:                 s_axi_control_wvalid
                            (input port)
  Destination:            bd_0_i/hls_inst/inst/control_s_axi_U/int_weight_col25_reg[54]/CE
                            (rising edge-triggered cell FDRE clocked by ap_clk  {rise@0.000ns fall@2.272ns period=4.545ns})
  Path Group:             (none)
  Path Type:              Setup (Max at Slow Process Corner)
  Data Path Delay:        1.934ns  (logic 0.234ns (12.101%)  route 1.700ns (87.899%))
  Logic Levels:           2  (LUT5=1 LUT6=1)
  Clock Path Skew:        0.021ns (DCD - SCD + CPR)
    Destination Clock Delay (DCD):    0.021ns
    Source Clock Delay      (SCD):    0.000ns
    Clock Pessimism Removal (CPR):    0.000ns
  Clock Uncertainty:      0.025ns  ((TSJ^2 + TIJ^2)^1/2 + DJ) / 2 + PE
    Total System Jitter     (TSJ):    0.050ns
    Total Input Jitter      (TIJ):    0.000ns
    Discrete Jitter          (DJ):    0.000ns
    Phase Error              (PE):    0.000ns

    Location             Delay type                Incr(ns)  Path(ns)    Netlist Resource(s)
  -------------------------------------------------------------------    -------------------
                                                      0.000     0.000 r  s_axi_control_wvalid (IN)
                         net (fo=4, unset)            0.000     0.000    bd_0_i/hls_inst/inst/control_s_axi_U/s_axi_control_WVALID
    SLICE_X70Y56         LUT5 (Prop_A5LUT_SLICEL_I3_O)
                                                      0.112     0.112 r  bd_0_i/hls_inst/inst/control_s_axi_U/int_weight_col17[63]_i_3/O
                         net (fo=18, routed)          0.244     0.356    bd_0_i/hls_inst/inst/control_s_axi_U/int_weight_col17[63]_i_3_n_0
    SLICE_X69Y58         LUT6 (Prop_D6LUT_SLICEL_I2_O)
                                                      0.122     0.478 r  bd_0_i/hls_inst/inst/control_s_axi_U/int_weight_col25[63]_i_1/O
                         net (fo=32, routed)          1.455     1.934    bd_0_i/hls_inst/inst/control_s_axi_U/int_weight_col25[63]_i_1_n_0
    SLICE_X56Y87         FDRE                                         r  bd_0_i/hls_inst/inst/control_s_axi_U/int_weight_col25_reg[54]/CE
  -------------------------------------------------------------------    -------------------

                         (clock ap_clk rise edge)     0.000     0.000 r  
                                                      0.000     0.000 r  ap_clk (IN)
                         net (fo=15418, unset)        0.021     0.021    bd_0_i/hls_inst/inst/control_s_axi_U/ap_clk
    SLICE_X56Y87         FDRE                                         r  bd_0_i/hls_inst/inst/control_s_axi_U/int_weight_col25_reg[54]/C

Slack:                    inf
  Source:                 s_axi_control_wvalid
                            (input port)
  Destination:            bd_0_i/hls_inst/inst/control_s_axi_U/int_weight_col25_reg[62]/CE
                            (rising edge-triggered cell FDRE clocked by ap_clk  {rise@0.000ns fall@2.272ns period=4.545ns})
  Path Group:             (none)
  Path Type:              Setup (Max at Slow Process Corner)
  Data Path Delay:        1.934ns  (logic 0.234ns (12.101%)  route 1.700ns (87.899%))
  Logic Levels:           2  (LUT5=1 LUT6=1)
  Clock Path Skew:        0.021ns (DCD - SCD + CPR)
    Destination Clock Delay (DCD):    0.021ns
    Source Clock Delay      (SCD):    0.000ns
    Clock Pessimism Removal (CPR):    0.000ns
  Clock Uncertainty:      0.025ns  ((TSJ^2 + TIJ^2)^1/2 + DJ) / 2 + PE
    Total System Jitter     (TSJ):    0.050ns
    Total Input Jitter      (TIJ):    0.000ns
    Discrete Jitter          (DJ):    0.000ns
    Phase Error              (PE):    0.000ns

    Location             Delay type                Incr(ns)  Path(ns)    Netlist Resource(s)
  -------------------------------------------------------------------    -------------------
                                                      0.000     0.000 r  s_axi_control_wvalid (IN)
                         net (fo=4, unset)            0.000     0.000    bd_0_i/hls_inst/inst/control_s_axi_U/s_axi_control_WVALID
    SLICE_X70Y56         LUT5 (Prop_A5LUT_SLICEL_I3_O)
                                                      0.112     0.112 r  bd_0_i/hls_inst/inst/control_s_axi_U/int_weight_col17[63]_i_3/O
                         net (fo=18, routed)          0.244     0.356    bd_0_i/hls_inst/inst/control_s_axi_U/int_weight_col17[63]_i_3_n_0
    SLICE_X69Y58         LUT6 (Prop_D6LUT_SLICEL_I2_O)
                                                      0.122     0.478 r  bd_0_i/hls_inst/inst/control_s_axi_U/int_weight_col25[63]_i_1/O
                         net (fo=32, routed)          1.455     1.934    bd_0_i/hls_inst/inst/control_s_axi_U/int_weight_col25[63]_i_1_n_0
    SLICE_X56Y87         FDRE                                         r  bd_0_i/hls_inst/inst/control_s_axi_U/int_weight_col25_reg[62]/CE
  -------------------------------------------------------------------    -------------------

                         (clock ap_clk rise edge)     0.000     0.000 r  
                                                      0.000     0.000 r  ap_clk (IN)
                         net (fo=15418, unset)        0.021     0.021    bd_0_i/hls_inst/inst/control_s_axi_U/ap_clk
    SLICE_X56Y87         FDRE                                         r  bd_0_i/hls_inst/inst/control_s_axi_U/int_weight_col25_reg[62]/C





Min Delay Paths
--------------------------------------------------------------------------------------
Slack:                    inf
  Source:                 s_axi_control_wdata[0]
                            (input port)
  Destination:            bd_0_i/hls_inst/inst/control_s_axi_U/int_ier_reg[0]/D
                            (rising edge-triggered cell FDRE clocked by ap_clk  {rise@0.000ns fall@2.272ns period=4.545ns})
  Path Group:             (none)
  Path Type:              Hold (Min at Fast Process Corner)
  Data Path Delay:        0.007ns  (logic 0.000ns (0.000%)  route 0.007ns (100.000%))
  Logic Levels:           0  
  Clock Path Skew:        0.019ns (DCD - SCD - CPR)
    Destination Clock Delay (DCD):    0.019ns
    Source Clock Delay      (SCD):    0.000ns
    Clock Pessimism Removal (CPR):    -0.000ns

    Location             Delay type                Incr(ns)  Path(ns)    Netlist Resource(s)
  -------------------------------------------------------------------    -------------------
                                                      0.000     0.000 r  s_axi_control_wdata[0] (IN)
                         net (fo=72, unset)           0.007     0.007    bd_0_i/hls_inst/inst/control_s_axi_U/s_axi_control_WDATA[0]
    SLICE_X72Y56         FDRE                                         r  bd_0_i/hls_inst/inst/control_s_axi_U/int_ier_reg[0]/D
  -------------------------------------------------------------------    -------------------

                         (clock ap_clk rise edge)     0.000     0.000 r  
                                                      0.000     0.000 r  ap_clk (IN)
                         net (fo=15418, unset)        0.019     0.019    bd_0_i/hls_inst/inst/control_s_axi_U/ap_clk
    SLICE_X72Y56         FDRE                                         r  bd_0_i/hls_inst/inst/control_s_axi_U/int_ier_reg[0]/C

Slack:                    inf
  Source:                 s_axi_control_awaddr[7]
                            (input port)
  Destination:            bd_0_i/hls_inst/inst/control_s_axi_U/waddr_reg[7]/D
                            (rising edge-triggered cell FDRE clocked by ap_clk  {rise@0.000ns fall@2.272ns period=4.545ns})
  Path Group:             (none)
  Path Type:              Hold (Min at Fast Process Corner)
  Data Path Delay:        0.007ns  (logic 0.000ns (0.000%)  route 0.007ns (100.000%))
  Logic Levels:           0  
  Clock Path Skew:        0.019ns (DCD - SCD - CPR)
    Destination Clock Delay (DCD):    0.019ns
    Source Clock Delay      (SCD):    0.000ns
    Clock Pessimism Removal (CPR):    -0.000ns

    Location             Delay type                Incr(ns)  Path(ns)    Netlist Resource(s)
  -------------------------------------------------------------------    -------------------
                                                      0.000     0.000 r  s_axi_control_awaddr[7] (IN)
                         net (fo=0)                   0.007     0.007    bd_0_i/hls_inst/inst/control_s_axi_U/s_axi_control_AWADDR[7]
    SLICE_X69Y56         FDRE                                         r  bd_0_i/hls_inst/inst/control_s_axi_U/waddr_reg[7]/D
  -------------------------------------------------------------------    -------------------

                         (clock ap_clk rise edge)     0.000     0.000 r  
                                                      0.000     0.000 r  ap_clk (IN)
                         net (fo=15418, unset)        0.019     0.019    bd_0_i/hls_inst/inst/control_s_axi_U/ap_clk
    SLICE_X69Y56         FDRE                                         r  bd_0_i/hls_inst/inst/control_s_axi_U/waddr_reg[7]/C

Slack:                    inf
  Source:                 m_axi_gmem_act_rdata[0]
                            (input port)
  Destination:            bd_0_i/hls_inst/inst/gmem_act_m_axi_U/bus_read/rs_rdata/data_p2_reg[0]/D
                            (rising edge-triggered cell FDRE clocked by ap_clk  {rise@0.000ns fall@2.272ns period=4.545ns})
  Path Group:             (none)
  Path Type:              Hold (Min at Fast Process Corner)
  Data Path Delay:        0.007ns  (logic 0.000ns (0.000%)  route 0.007ns (100.000%))
  Logic Levels:           0  
  Clock Path Skew:        0.018ns (DCD - SCD - CPR)
    Destination Clock Delay (DCD):    0.018ns
    Source Clock Delay      (SCD):    0.000ns
    Clock Pessimism Removal (CPR):    -0.000ns

    Location             Delay type                Incr(ns)  Path(ns)    Netlist Resource(s)
  -------------------------------------------------------------------    -------------------
                                                      0.000     0.000 r  m_axi_gmem_act_rdata[0] (IN)
                         net (fo=1, unset)            0.007     0.007    bd_0_i/hls_inst/inst/gmem_act_m_axi_U/bus_read/rs_rdata/D[0]
    SLICE_X59Y3          FDRE                                         r  bd_0_i/hls_inst/inst/gmem_act_m_axi_U/bus_read/rs_rdata/data_p2_reg[0]/D
  -------------------------------------------------------------------    -------------------

                         (clock ap_clk rise edge)     0.000     0.000 r  
                                                      0.000     0.000 r  ap_clk (IN)
                         net (fo=15418, unset)        0.018     0.018    bd_0_i/hls_inst/inst/gmem_act_m_axi_U/bus_read/rs_rdata/ap_clk
    SLICE_X59Y3          FDRE                                         r  bd_0_i/hls_inst/inst/gmem_act_m_axi_U/bus_read/rs_rdata/data_p2_reg[0]/C

Slack:                    inf
  Source:                 m_axi_gmem_act_rdata[100]
                            (input port)
  Destination:            bd_0_i/hls_inst/inst/gmem_act_m_axi_U/bus_read/rs_rdata/data_p2_reg[100]/D
                            (rising edge-triggered cell FDRE clocked by ap_clk  {rise@0.000ns fall@2.272ns period=4.545ns})
  Path Group:             (none)
  Path Type:              Hold (Min at Fast Process Corner)
  Data Path Delay:        0.007ns  (logic 0.000ns (0.000%)  route 0.007ns (100.000%))
  Logic Levels:           0  
  Clock Path Skew:        0.018ns (DCD - SCD - CPR)
    Destination Clock Delay (DCD):    0.018ns
    Source Clock Delay      (SCD):    0.000ns
    Clock Pessimism Removal (CPR):    -0.000ns

    Location             Delay type                Incr(ns)  Path(ns)    Netlist Resource(s)
  -------------------------------------------------------------------    -------------------
                                                      0.000     0.000 r  m_axi_gmem_act_rdata[100] (IN)
                         net (fo=1, unset)            0.007     0.007    bd_0_i/hls_inst/inst/gmem_act_m_axi_U/bus_read/rs_rdata/D[100]
    SLICE_X58Y2          FDRE                                         r  bd_0_i/hls_inst/inst/gmem_act_m_axi_U/bus_read/rs_rdata/data_p2_reg[100]/D
  -------------------------------------------------------------------    -------------------

                         (clock ap_clk rise edge)     0.000     0.000 r  
                                                      0.000     0.000 r  ap_clk (IN)
                         net (fo=15418, unset)        0.018     0.018    bd_0_i/hls_inst/inst/gmem_act_m_axi_U/bus_read/rs_rdata/ap_clk
    SLICE_X58Y2          FDRE                                         r  bd_0_i/hls_inst/inst/gmem_act_m_axi_U/bus_read/rs_rdata/data_p2_reg[100]/C

Slack:                    inf
  Source:                 m_axi_gmem_act_rdata[101]
                            (input port)
  Destination:            bd_0_i/hls_inst/inst/gmem_act_m_axi_U/bus_read/rs_rdata/data_p2_reg[101]/D
                            (rising edge-triggered cell FDRE clocked by ap_clk  {rise@0.000ns fall@2.272ns period=4.545ns})
  Path Group:             (none)
  Path Type:              Hold (Min at Fast Process Corner)
  Data Path Delay:        0.007ns  (logic 0.000ns (0.000%)  route 0.007ns (100.000%))
  Logic Levels:           0  
  Clock Path Skew:        0.019ns (DCD - SCD - CPR)
    Destination Clock Delay (DCD):    0.019ns
    Source Clock Delay      (SCD):    0.000ns
    Clock Pessimism Removal (CPR):    -0.000ns

    Location             Delay type                Incr(ns)  Path(ns)    Netlist Resource(s)
  -------------------------------------------------------------------    -------------------
                                                      0.000     0.000 r  m_axi_gmem_act_rdata[101] (IN)
                         net (fo=1, unset)            0.007     0.007    bd_0_i/hls_inst/inst/gmem_act_m_axi_U/bus_read/rs_rdata/D[101]
    SLICE_X61Y4          FDRE                                         r  bd_0_i/hls_inst/inst/gmem_act_m_axi_U/bus_read/rs_rdata/data_p2_reg[101]/D
  -------------------------------------------------------------------    -------------------

                         (clock ap_clk rise edge)     0.000     0.000 r  
                                                      0.000     0.000 r  ap_clk (IN)
                         net (fo=15418, unset)        0.019     0.019    bd_0_i/hls_inst/inst/gmem_act_m_axi_U/bus_read/rs_rdata/ap_clk
    SLICE_X61Y4          FDRE                                         r  bd_0_i/hls_inst/inst/gmem_act_m_axi_U/bus_read/rs_rdata/data_p2_reg[101]/C

Slack:                    inf
  Source:                 m_axi_gmem_act_rdata[102]
                            (input port)
  Destination:            bd_0_i/hls_inst/inst/gmem_act_m_axi_U/bus_read/rs_rdata/data_p2_reg[102]/D
                            (rising edge-triggered cell FDRE clocked by ap_clk  {rise@0.000ns fall@2.272ns period=4.545ns})
  Path Group:             (none)
  Path Type:              Hold (Min at Fast Process Corner)
  Data Path Delay:        0.007ns  (logic 0.000ns (0.000%)  route 0.007ns (100.000%))
  Logic Levels:           0  
  Clock Path Skew:        0.019ns (DCD - SCD - CPR)
    Destination Clock Delay (DCD):    0.019ns
    Source Clock Delay      (SCD):    0.000ns
    Clock Pessimism Removal (CPR):    -0.000ns

    Location             Delay type                Incr(ns)  Path(ns)    Netlist Resource(s)
  -------------------------------------------------------------------    -------------------
                                                      0.000     0.000 r  m_axi_gmem_act_rdata[102] (IN)
                         net (fo=1, unset)            0.007     0.007    bd_0_i/hls_inst/inst/gmem_act_m_axi_U/bus_read/rs_rdata/D[102]
    SLICE_X60Y3          FDRE                                         r  bd_0_i/hls_inst/inst/gmem_act_m_axi_U/bus_read/rs_rdata/data_p2_reg[102]/D
  -------------------------------------------------------------------    -------------------

                         (clock ap_clk rise edge)     0.000     0.000 r  
                                                      0.000     0.000 r  ap_clk (IN)
                         net (fo=15418, unset)        0.019     0.019    bd_0_i/hls_inst/inst/gmem_act_m_axi_U/bus_read/rs_rdata/ap_clk
    SLICE_X60Y3          FDRE                                         r  bd_0_i/hls_inst/inst/gmem_act_m_axi_U/bus_read/rs_rdata/data_p2_reg[102]/C

Slack:                    inf
  Source:                 m_axi_gmem_act_rdata[103]
                            (input port)
  Destination:            bd_0_i/hls_inst/inst/gmem_act_m_axi_U/bus_read/rs_rdata/data_p2_reg[103]/D
                            (rising edge-triggered cell FDRE clocked by ap_clk  {rise@0.000ns fall@2.272ns period=4.545ns})
  Path Group:             (none)
  Path Type:              Hold (Min at Fast Process Corner)
  Data Path Delay:        0.007ns  (logic 0.000ns (0.000%)  route 0.007ns (100.000%))
  Logic Levels:           0  
  Clock Path Skew:        0.019ns (DCD - SCD - CPR)
    Destination Clock Delay (DCD):    0.019ns
    Source Clock Delay      (SCD):    0.000ns
    Clock Pessimism Removal (CPR):    -0.000ns

    Location             Delay type                Incr(ns)  Path(ns)    Netlist Resource(s)
  -------------------------------------------------------------------    -------------------
                                                      0.000     0.000 r  m_axi_gmem_act_rdata[103] (IN)
                         net (fo=1, unset)            0.007     0.007    bd_0_i/hls_inst/inst/gmem_act_m_axi_U/bus_read/rs_rdata/D[103]
    SLICE_X57Y5          FDRE                                         r  bd_0_i/hls_inst/inst/gmem_act_m_axi_U/bus_read/rs_rdata/data_p2_reg[103]/D
  -------------------------------------------------------------------    -------------------

                         (clock ap_clk rise edge)     0.000     0.000 r  
                                                      0.000     0.000 r  ap_clk (IN)
                         net (fo=15418, unset)        0.019     0.019    bd_0_i/hls_inst/inst/gmem_act_m_axi_U/bus_read/rs_rdata/ap_clk
    SLICE_X57Y5          FDRE                                         r  bd_0_i/hls_inst/inst/gmem_act_m_axi_U/bus_read/rs_rdata/data_p2_reg[103]/C

Slack:                    inf
  Source:                 m_axi_gmem_act_rdata[104]
                            (input port)
  Destination:            bd_0_i/hls_inst/inst/gmem_act_m_axi_U/bus_read/rs_rdata/data_p2_reg[104]/D
                            (rising edge-triggered cell FDRE clocked by ap_clk  {rise@0.000ns fall@2.272ns period=4.545ns})
  Path Group:             (none)
  Path Type:              Hold (Min at Fast Process Corner)
  Data Path Delay:        0.007ns  (logic 0.000ns (0.000%)  route 0.007ns (100.000%))
  Logic Levels:           0  
  Clock Path Skew:        0.019ns (DCD - SCD - CPR)
    Destination Clock Delay (DCD):    0.019ns
    Source Clock Delay      (SCD):    0.000ns
    Clock Pessimism Removal (CPR):    -0.000ns

    Location             Delay type                Incr(ns)  Path(ns)    Netlist Resource(s)
  -------------------------------------------------------------------    -------------------
                                                      0.000     0.000 r  m_axi_gmem_act_rdata[104] (IN)
                         net (fo=1, unset)            0.007     0.007    bd_0_i/hls_inst/inst/gmem_act_m_axi_U/bus_read/rs_rdata/D[104]
    SLICE_X59Y0          FDRE                                         r  bd_0_i/hls_inst/inst/gmem_act_m_axi_U/bus_read/rs_rdata/data_p2_reg[104]/D
  -------------------------------------------------------------------    -------------------

                         (clock ap_clk rise edge)     0.000     0.000 r  
                                                      0.000     0.000 r  ap_clk (IN)
                         net (fo=15418, unset)        0.019     0.019    bd_0_i/hls_inst/inst/gmem_act_m_axi_U/bus_read/rs_rdata/ap_clk
    SLICE_X59Y0          FDRE                                         r  bd_0_i/hls_inst/inst/gmem_act_m_axi_U/bus_read/rs_rdata/data_p2_reg[104]/C

Slack:                    inf
  Source:                 m_axi_gmem_act_rdata[106]
                            (input port)
  Destination:            bd_0_i/hls_inst/inst/gmem_act_m_axi_U/bus_read/rs_rdata/data_p2_reg[106]/D
                            (rising edge-triggered cell FDRE clocked by ap_clk  {rise@0.000ns fall@2.272ns period=4.545ns})
  Path Group:             (none)
  Path Type:              Hold (Min at Fast Process Corner)
  Data Path Delay:        0.007ns  (logic 0.000ns (0.000%)  route 0.007ns (100.000%))
  Logic Levels:           0  
  Clock Path Skew:        0.019ns (DCD - SCD - CPR)
    Destination Clock Delay (DCD):    0.019ns
    Source Clock Delay      (SCD):    0.000ns
    Clock Pessimism Removal (CPR):    -0.000ns

    Location             Delay type                Incr(ns)  Path(ns)    Netlist Resource(s)
  -------------------------------------------------------------------    -------------------
                                                      0.000     0.000 r  m_axi_gmem_act_rdata[106] (IN)
                         net (fo=1, unset)            0.007     0.007    bd_0_i/hls_inst/inst/gmem_act_m_axi_U/bus_read/rs_rdata/D[106]
    SLICE_X57Y1          FDRE                                         r  bd_0_i/hls_inst/inst/gmem_act_m_axi_U/bus_read/rs_rdata/data_p2_reg[106]/D
  -------------------------------------------------------------------    -------------------

                         (clock ap_clk rise edge)     0.000     0.000 r  
                                                      0.000     0.000 r  ap_clk (IN)
                         net (fo=15418, unset)        0.019     0.019    bd_0_i/hls_inst/inst/gmem_act_m_axi_U/bus_read/rs_rdata/ap_clk
    SLICE_X57Y1          FDRE                                         r  bd_0_i/hls_inst/inst/gmem_act_m_axi_U/bus_read/rs_rdata/data_p2_reg[106]/C

Slack:                    inf
  Source:                 m_axi_gmem_act_rdata[107]
                            (input port)
  Destination:            bd_0_i/hls_inst/inst/gmem_act_m_axi_U/bus_read/rs_rdata/data_p2_reg[107]/D
                            (rising edge-triggered cell FDRE clocked by ap_clk  {rise@0.000ns fall@2.272ns period=4.545ns})
  Path Group:             (none)
  Path Type:              Hold (Min at Fast Process Corner)
  Data Path Delay:        0.007ns  (logic 0.000ns (0.000%)  route 0.007ns (100.000%))
  Logic Levels:           0  
  Clock Path Skew:        0.018ns (DCD - SCD - CPR)
    Destination Clock Delay (DCD):    0.018ns
    Source Clock Delay      (SCD):    0.000ns
    Clock Pessimism Removal (CPR):    -0.000ns

    Location             Delay type                Incr(ns)  Path(ns)    Netlist Resource(s)
  -------------------------------------------------------------------    -------------------
                                                      0.000     0.000 r  m_axi_gmem_act_rdata[107] (IN)
                         net (fo=1, unset)            0.007     0.007    bd_0_i/hls_inst/inst/gmem_act_m_axi_U/bus_read/rs_rdata/D[107]
    SLICE_X59Y2          FDRE                                         r  bd_0_i/hls_inst/inst/gmem_act_m_axi_U/bus_read/rs_rdata/data_p2_reg[107]/D
  -------------------------------------------------------------------    -------------------

                         (clock ap_clk rise edge)     0.000     0.000 r  
                                                      0.000     0.000 r  ap_clk (IN)
                         net (fo=15418, unset)        0.018     0.018    bd_0_i/hls_inst/inst/gmem_act_m_axi_U/bus_read/rs_rdata/ap_clk
    SLICE_X59Y2          FDRE                                         r  bd_0_i/hls_inst/inst/gmem_act_m_axi_U/bus_read/rs_rdata/data_p2_reg[107]/C





