Copyright 1986-2022 Xilinx, Inc. All Rights Reserved. Copyright 2022-2023 Advanced Micro Devices, Inc. All Rights Reserved.
--------------------------------------------------------------------------------------------------------------------------------------------------------------------------------------------------------------------------------------
| Tool Version      : Vivado v.2023.2 (lin64) Build 4029153 Fri Oct 13 20:13:54 MDT 2023
| Date              : Mon Mar 16 02:23:11 2026
| Host              : <REDACTED_HOST> running 64-bit Ubuntu 22.04.5 LTS
| Command           : report_timing_summary -max_paths 10 -report_unconstrained -file bd_0_wrapper_timing_summary_routed.rpt -pb bd_0_wrapper_timing_summary_routed.pb -rpx bd_0_wrapper_timing_summary_routed.rpx -warn_on_violation
| Design            : bd_0_wrapper
| Device            : xcu55c-fsvh2892
| Speed File        : -2L  PRODUCTION 1.30 05-01-2022
| Design State      : Routed
| Temperature Grade : E
--------------------------------------------------------------------------------------------------------------------------------------------------------------------------------------------------------------------------------------

Timing Summary Report

------------------------------------------------------------------------------------------------
| Timer Settings
| --------------
------------------------------------------------------------------------------------------------

  Enable Multi Corner Analysis               :  Yes
  Enable Pessimism Removal                   :  Yes
  Pessimism Removal Resolution               :  Nearest Common Node
  Enable Input Delay Default Clock           :  No
  Enable Preset / Clear Arcs                 :  No
  Disable Flight Delays                      :  No
  Ignore I/O Paths                           :  No
  Timing Early Launch at Borrowing Latches   :  No
  Borrow Time for Max Delay Exceptions       :  Yes
  Merge Timing Exceptions                    :  Yes
  Inter-SLR Compensation                     :  Conservative

  Corner  Analyze    Analyze    
  Name    Max Paths  Min Paths  
  ------  ---------  ---------  
  Slow    Yes        Yes        
  Fast    Yes        Yes        


------------------------------------------------------------------------------------------------
| Report Methodology
| ------------------
------------------------------------------------------------------------------------------------

Rule       Severity  Description                    Violations  
---------  --------  -----------------------------  ----------  
TIMING-16  Warning   Large setup violation          187         
TIMING-18  Warning   Missing input or output delay  1000        

Note: This report is based on the most recent report_methodology run and may not be up-to-date. Run report_methodology on the current design for the latest report.



check_timing report

Table of Contents
-----------------
1. checking no_clock (0)
2. checking constant_clock (0)
3. checking pulse_width_clock (0)
4. checking unconstrained_internal_endpoints (0)
5. checking no_input_delay (616)
6. checking no_output_delay (815)
7. checking multiple_clock (0)
8. checking generated_clocks (0)
9. checking loops (0)
10. checking partial_input_delay (0)
11. checking partial_output_delay (0)
12. checking latch_loops (0)

1. checking no_clock (0)
------------------------
 There are 0 register/latch pins with no clock.


2. checking constant_clock (0)
------------------------------
 There are 0 register/latch pins with constant_clock.


3. checking pulse_width_clock (0)
---------------------------------
 There are 0 register/latch pins which need pulse_width check


4. checking unconstrained_internal_endpoints (0)
------------------------------------------------
 There are 0 pins that are not constrained for maximum delay.

 There are 0 pins that are not constrained for maximum delay due to constant clock.


5. checking no_input_delay (616)
--------------------------------
 There are 616 input ports with no input delay specified. (HIGH)

 There are 0 input ports with no input delay but user has a false path constraint.


6. checking no_output_delay (815)
---------------------------------
 There are 815 ports with no output delay specified. (HIGH)

 There are 0 ports with no output delay but user has a false path constraint

 There are 0 ports with no output delay but with a timing clock defined on it or propagating through it


7. checking multiple_clock (0)
------------------------------
 There are 0 register/latch pins with multiple clocks.


8. checking generated_clocks (0)
--------------------------------
 There are 0 generated clocks that are not connected to a clock source.


9. checking loops (0)
---------------------
 There are 0 combinational loops in the design.


10. checking partial_input_delay (0)
------------------------------------
 There are 0 input ports with partial input delay specified.


11. checking partial_output_delay (0)
-------------------------------------
 There are 0 ports with partial output delay specified.


12. checking latch_loops (0)
----------------------------
 There are 0 combinational latch loops in the design through latch input



------------------------------------------------------------------------------------------------
| Design Timing Summary
| ---------------------
------------------------------------------------------------------------------------------------

    WNS(ns)      TNS(ns)  TNS Failing Endpoints  TNS Total Endpoints      WHS(ns)      THS(ns)  THS Failing Endpoints  THS Total Endpoints     WPWS(ns)     TPWS(ns)  TPWS Failing Endpoints  TPWS Total Endpoints  
    -------      -------  ---------------------  -------------------      -------      -------  ---------------------  -------------------     --------     --------  ----------------------  --------------------  
     -1.347    -2044.144                   4815               865011        0.019        0.000                      0               865011        1.381        0.000                       0                327515  


Timing constraints are not met.


------------------------------------------------------------------------------------------------
| Clock Summary
| -------------
------------------------------------------------------------------------------------------------

Clock   Waveform(ns)         Period(ns)      Frequency(MHz)
-----   ------------         ----------      --------------
ap_clk  {0.000 1.923}        3.846           260.010         


------------------------------------------------------------------------------------------------
| Intra Clock Table
| -----------------
------------------------------------------------------------------------------------------------

Clock             WNS(ns)      TNS(ns)  TNS Failing Endpoints  TNS Total Endpoints      WHS(ns)      THS(ns)  THS Failing Endpoints  THS Total Endpoints     WPWS(ns)     TPWS(ns)  TPWS Failing Endpoints  TPWS Total Endpoints  
-----             -------      -------  ---------------------  -------------------      -------      -------  ---------------------  -------------------     --------     --------  ----------------------  --------------------  
ap_clk             -1.347    -2044.144                   4815               865011        0.019        0.000                      0               865011        1.381        0.000                       0                327515  


------------------------------------------------------------------------------------------------
| Inter Clock Table
| -----------------
------------------------------------------------------------------------------------------------

From Clock    To Clock          WNS(ns)      TNS(ns)  TNS Failing Endpoints  TNS Total Endpoints      WHS(ns)      THS(ns)  THS Failing Endpoints  THS Total Endpoints  
----------    --------          -------      -------  ---------------------  -------------------      -------      -------  ---------------------  -------------------  


------------------------------------------------------------------------------------------------
| Other Path Groups Table
| -----------------------
------------------------------------------------------------------------------------------------

Path Group    From Clock    To Clock          WNS(ns)      TNS(ns)  TNS Failing Endpoints  TNS Total Endpoints      WHS(ns)      THS(ns)  THS Failing Endpoints  THS Total Endpoints  
----------    ----------    --------          -------      -------  ---------------------  -------------------      -------      -------  ---------------------  -------------------  


------------------------------------------------------------------------------------------------
| User Ignored Path Table
| -----------------------
------------------------------------------------------------------------------------------------

Path Group    From Clock    To Clock    
----------    ----------    --------    


------------------------------------------------------------------------------------------------
| Unconstrained Path Table
| ------------------------
------------------------------------------------------------------------------------------------

Path Group    From Clock    To Clock    
----------    ----------    --------    
(none)        ap_clk                      
(none)                      ap_clk        


------------------------------------------------------------------------------------------------
| Timing Details
| --------------
------------------------------------------------------------------------------------------------


---------------------------------------------------------------------------------------------------
From Clock:  ap_clk
  To Clock:  ap_clk

Setup :         4815  Failing Endpoints,  Worst Slack       -1.347ns,  Total Violation    -2044.144ns
Hold  :            0  Failing Endpoints,  Worst Slack        0.019ns,  Total Violation        0.000ns
PW    :            0  Failing Endpoints,  Worst Slack        1.381ns,  Total Violation        0.000ns
---------------------------------------------------------------------------------------------------


Max Delay Paths
--------------------------------------------------------------------------------------
Slack (VIOLATED) :        -1.347ns  (required time - arrival time)
  Source:                 bd_0_i/hls_inst/inst/control_s_axi_U/int_mode_reg[0]/C
                            (rising edge-triggered cell FDRE clocked by ap_clk  {rise@0.000ns fall@1.923ns period=3.846ns})
  Destination:            bd_0_i/hls_inst/inst/grp_Hybrid_INT4_INT4_PD_fu_2625/col_gen[36].row_gen[9].dsp_core/signs_r1_reg[7]/R
                            (rising edge-triggered cell FDRE clocked by ap_clk  {rise@0.000ns fall@1.923ns period=3.846ns})
  Path Group:             ap_clk
  Path Type:              Setup (Max at Slow Process Corner)
  Requirement:            3.846ns  (ap_clk rise@3.846ns - ap_clk rise@0.000ns)
  Data Path Delay:        5.074ns  (logic 0.079ns (1.557%)  route 4.995ns (98.443%))
  Logic Levels:           0  
  Clock Path Skew:        -0.007ns (DCD - SCD + CPR)
    Destination Clock Delay (DCD):    0.021ns = ( 3.867 - 3.846 ) 
    Source Clock Delay      (SCD):    0.028ns
    Clock Pessimism Removal (CPR):    0.000ns
  Clock Uncertainty:      0.035ns  ((TSJ^2 + TIJ^2)^1/2 + DJ) / 2 + PE
    Total System Jitter     (TSJ):    0.071ns
    Total Input Jitter      (TIJ):    0.000ns
    Discrete Jitter          (DJ):    0.000ns
    Phase Error              (PE):    0.000ns
  Inter-SLR Compensation: 0.003ns  (DCD * PF)
    Destination Clock Delay (DCD):    0.021ns
    Prorating Factor         (PF):    0.150

    Location             Delay type                Incr(ns)  Path(ns)    Netlist Resource(s)
  -------------------------------------------------------------------    -------------------
                         (clock ap_clk rise edge)     0.000     0.000 r  
                                                      0.000     0.000 r  ap_clk (IN)
                         net (fo=347994, unset)       0.028     0.028    bd_0_i/hls_inst/inst/control_s_axi_U/ap_clk
    SLICE_X130Y312       FDRE                                         r  bd_0_i/hls_inst/inst/control_s_axi_U/int_mode_reg[0]/C
  -------------------------------------------------------------------    -------------------
    SLICE_X130Y312       FDRE (Prop_AFF_SLICEL_C_Q)
                                                      0.079     0.107 r  bd_0_i/hls_inst/inst/control_s_axi_U/int_mode_reg[0]/Q
                         net (fo=168079, routed)      4.995     5.102    bd_0_i/hls_inst/inst/grp_Hybrid_INT4_INT4_PD_fu_2625/col_gen[36].row_gen[9].dsp_core/mode
    SLR Crossing[1->2]   
    SLICE_X42Y604        FDRE                                         r  bd_0_i/hls_inst/inst/grp_Hybrid_INT4_INT4_PD_fu_2625/col_gen[36].row_gen[9].dsp_core/signs_r1_reg[7]/R
  -------------------------------------------------------------------    -------------------

                         (clock ap_clk rise edge)     3.846     3.846 r  
                                                      0.000     3.846 r  ap_clk (IN)
                         net (fo=347994, unset)       0.021     3.867    bd_0_i/hls_inst/inst/grp_Hybrid_INT4_INT4_PD_fu_2625/col_gen[36].row_gen[9].dsp_core/ap_clk
    SLICE_X42Y604        FDRE                                         r  bd_0_i/hls_inst/inst/grp_Hybrid_INT4_INT4_PD_fu_2625/col_gen[36].row_gen[9].dsp_core/signs_r1_reg[7]/C
                         clock pessimism              0.000     3.867    
                         inter-SLR compensation      -0.003     3.864    
                         clock uncertainty           -0.035     3.828    
    SLICE_X42Y604        FDRE (Setup_DFF_SLICEM_C_R)
                                                     -0.074     3.754    bd_0_i/hls_inst/inst/grp_Hybrid_INT4_INT4_PD_fu_2625/col_gen[36].row_gen[9].dsp_core/signs_r1_reg[7]
  -------------------------------------------------------------------
                         required time                          3.754    
                         arrival time                          -5.102    
  -------------------------------------------------------------------
                         slack                                 -1.347    

Slack (VIOLATED) :        -1.318ns  (required time - arrival time)
  Source:                 bd_0_i/hls_inst/inst/control_s_axi_U/int_mode_reg[0]/C
                            (rising edge-triggered cell FDRE clocked by ap_clk  {rise@0.000ns fall@1.923ns period=3.846ns})
  Destination:            bd_0_i/hls_inst/inst/grp_Hybrid_INT4_INT4_PD_fu_2625/col_gen[34].row_gen[60].dsp_core/mode_r1_reg/D
                            (rising edge-triggered cell FDRE clocked by ap_clk  {rise@0.000ns fall@1.923ns period=3.846ns})
  Path Group:             ap_clk
  Path Type:              Setup (Max at Slow Process Corner)
  Requirement:            3.846ns  (ap_clk rise@3.846ns - ap_clk rise@0.000ns)
  Data Path Delay:        5.143ns  (logic 0.079ns (1.536%)  route 5.064ns (98.464%))
  Logic Levels:           0  
  Clock Path Skew:        -0.007ns (DCD - SCD + CPR)
    Destination Clock Delay (DCD):    0.021ns = ( 3.867 - 3.846 ) 
    Source Clock Delay      (SCD):    0.028ns
    Clock Pessimism Removal (CPR):    0.000ns
  Clock Uncertainty:      0.035ns  ((TSJ^2 + TIJ^2)^1/2 + DJ) / 2 + PE
    Total System Jitter     (TSJ):    0.071ns
    Total Input Jitter      (TIJ):    0.000ns
    Discrete Jitter          (DJ):    0.000ns
    Phase Error              (PE):    0.000ns
  Inter-SLR Compensation: 0.003ns  (DCD * PF)
    Destination Clock Delay (DCD):    0.021ns
    Prorating Factor         (PF):    0.150

    Location             Delay type                Incr(ns)  Path(ns)    Netlist Resource(s)
  -------------------------------------------------------------------    -------------------
                         (clock ap_clk rise edge)     0.000     0.000 r  
                                                      0.000     0.000 r  ap_clk (IN)
                         net (fo=347994, unset)       0.028     0.028    bd_0_i/hls_inst/inst/control_s_axi_U/ap_clk
    SLICE_X130Y312       FDRE                                         r  bd_0_i/hls_inst/inst/control_s_axi_U/int_mode_reg[0]/C
  -------------------------------------------------------------------    -------------------
    SLICE_X130Y312       FDRE (Prop_AFF_SLICEL_C_Q)
                                                      0.079     0.107 r  bd_0_i/hls_inst/inst/control_s_axi_U/int_mode_reg[0]/Q
                         net (fo=168079, routed)      5.064     5.171    bd_0_i/hls_inst/inst/grp_Hybrid_INT4_INT4_PD_fu_2625/col_gen[34].row_gen[60].dsp_core/mode
    SLR Crossing[1->2]   
    SLICE_X44Y624        FDRE                                         r  bd_0_i/hls_inst/inst/grp_Hybrid_INT4_INT4_PD_fu_2625/col_gen[34].row_gen[60].dsp_core/mode_r1_reg/D
  -------------------------------------------------------------------    -------------------

                         (clock ap_clk rise edge)     3.846     3.846 r  
                                                      0.000     3.846 r  ap_clk (IN)
                         net (fo=347994, unset)       0.021     3.867    bd_0_i/hls_inst/inst/grp_Hybrid_INT4_INT4_PD_fu_2625/col_gen[34].row_gen[60].dsp_core/ap_clk
    SLICE_X44Y624        FDRE                                         r  bd_0_i/hls_inst/inst/grp_Hybrid_INT4_INT4_PD_fu_2625/col_gen[34].row_gen[60].dsp_core/mode_r1_reg/C
                         clock pessimism              0.000     3.867    
                         inter-SLR compensation      -0.003     3.864    
                         clock uncertainty           -0.035     3.828    
    SLICE_X44Y624        FDRE (Setup_GFF2_SLICEM_C_D)
                                                      0.025     3.853    bd_0_i/hls_inst/inst/grp_Hybrid_INT4_INT4_PD_fu_2625/col_gen[34].row_gen[60].dsp_core/mode_r1_reg
  -------------------------------------------------------------------
                         required time                          3.853    
                         arrival time                          -5.171    
  -------------------------------------------------------------------
                         slack                                 -1.318    

Slack (VIOLATED) :        -1.289ns  (required time - arrival time)
  Source:                 bd_0_i/hls_inst/inst/control_s_axi_U/int_mode_reg[0]/C
                            (rising edge-triggered cell FDRE clocked by ap_clk  {rise@0.000ns fall@1.923ns period=3.846ns})
  Destination:            bd_0_i/hls_inst/inst/grp_Hybrid_INT4_INT4_PD_fu_2625/col_gen[24].row_gen[6].dsp_core/signs_r1_reg[7]/R
                            (rising edge-triggered cell FDRE clocked by ap_clk  {rise@0.000ns fall@1.923ns period=3.846ns})
  Path Group:             ap_clk
  Path Type:              Setup (Max at Slow Process Corner)
  Requirement:            3.846ns  (ap_clk rise@3.846ns - ap_clk rise@0.000ns)
  Data Path Delay:        5.016ns  (logic 0.079ns (1.575%)  route 4.937ns (98.425%))
  Logic Levels:           0  
  Clock Path Skew:        -0.007ns (DCD - SCD + CPR)
    Destination Clock Delay (DCD):    0.021ns = ( 3.867 - 3.846 ) 
    Source Clock Delay      (SCD):    0.028ns
    Clock Pessimism Removal (CPR):    0.000ns
  Clock Uncertainty:      0.035ns  ((TSJ^2 + TIJ^2)^1/2 + DJ) / 2 + PE
    Total System Jitter     (TSJ):    0.071ns
    Total Input Jitter      (TIJ):    0.000ns
    Discrete Jitter          (DJ):    0.000ns
    Phase Error              (PE):    0.000ns
  Inter-SLR Compensation: 0.003ns  (DCD * PF)
    Destination Clock Delay (DCD):    0.021ns
    Prorating Factor         (PF):    0.150

    Location             Delay type                Incr(ns)  Path(ns)    Netlist Resource(s)
  -------------------------------------------------------------------    -------------------
                         (clock ap_clk rise edge)     0.000     0.000 r  
                                                      0.000     0.000 r  ap_clk (IN)
                         net (fo=347994, unset)       0.028     0.028    bd_0_i/hls_inst/inst/control_s_axi_U/ap_clk
    SLICE_X130Y312       FDRE                                         r  bd_0_i/hls_inst/inst/control_s_axi_U/int_mode_reg[0]/C
  -------------------------------------------------------------------    -------------------
    SLICE_X130Y312       FDRE (Prop_AFF_SLICEL_C_Q)
                                                      0.079     0.107 r  bd_0_i/hls_inst/inst/control_s_axi_U/int_mode_reg[0]/Q
                         net (fo=168079, routed)      4.937     5.044    bd_0_i/hls_inst/inst/grp_Hybrid_INT4_INT4_PD_fu_2625/col_gen[24].row_gen[6].dsp_core/mode
    SLR Crossing[1->2]   
    SLICE_X65Y648        FDRE                                         r  bd_0_i/hls_inst/inst/grp_Hybrid_INT4_INT4_PD_fu_2625/col_gen[24].row_gen[6].dsp_core/signs_r1_reg[7]/R
  -------------------------------------------------------------------    -------------------

                         (clock ap_clk rise edge)     3.846     3.846 r  
                                                      0.000     3.846 r  ap_clk (IN)
                         net (fo=347994, unset)       0.021     3.867    bd_0_i/hls_inst/inst/grp_Hybrid_INT4_INT4_PD_fu_2625/col_gen[24].row_gen[6].dsp_core/ap_clk
    SLICE_X65Y648        FDRE                                         r  bd_0_i/hls_inst/inst/grp_Hybrid_INT4_INT4_PD_fu_2625/col_gen[24].row_gen[6].dsp_core/signs_r1_reg[7]/C
                         clock pessimism              0.000     3.867    
                         inter-SLR compensation      -0.003     3.864    
                         clock uncertainty           -0.035     3.828    
    SLICE_X65Y648        FDRE (Setup_DFF_SLICEM_C_R)
                                                     -0.074     3.754    bd_0_i/hls_inst/inst/grp_Hybrid_INT4_INT4_PD_fu_2625/col_gen[24].row_gen[6].dsp_core/signs_r1_reg[7]
  -------------------------------------------------------------------
                         required time                          3.754    
                         arrival time                          -5.044    
  -------------------------------------------------------------------
                         slack                                 -1.289    

Slack (VIOLATED) :        -1.278ns  (required time - arrival time)
  Source:                 bd_0_i/hls_inst/inst/control_s_axi_U/int_mode_reg[0]/C
                            (rising edge-triggered cell FDRE clocked by ap_clk  {rise@0.000ns fall@1.923ns period=3.846ns})
  Destination:            bd_0_i/hls_inst/inst/grp_Hybrid_INT4_INT4_PD_fu_2625/col_gen[49].row_gen[60].dsp_core/signs_r1_reg[8]/R
                            (rising edge-triggered cell FDRE clocked by ap_clk  {rise@0.000ns fall@1.923ns period=3.846ns})
  Path Group:             ap_clk
  Path Type:              Setup (Max at Slow Process Corner)
  Requirement:            3.846ns  (ap_clk rise@3.846ns - ap_clk rise@0.000ns)
  Data Path Delay:        5.005ns  (logic 0.079ns (1.578%)  route 4.926ns (98.421%))
  Logic Levels:           0  
  Clock Path Skew:        -0.007ns (DCD - SCD + CPR)
    Destination Clock Delay (DCD):    0.021ns = ( 3.867 - 3.846 ) 
    Source Clock Delay      (SCD):    0.028ns
    Clock Pessimism Removal (CPR):    0.000ns
  Clock Uncertainty:      0.035ns  ((TSJ^2 + TIJ^2)^1/2 + DJ) / 2 + PE
    Total System Jitter     (TSJ):    0.071ns
    Total Input Jitter      (TIJ):    0.000ns
    Discrete Jitter          (DJ):    0.000ns
    Phase Error              (PE):    0.000ns
  Inter-SLR Compensation: 0.003ns  (DCD * PF)
    Destination Clock Delay (DCD):    0.021ns
    Prorating Factor         (PF):    0.150

    Location             Delay type                Incr(ns)  Path(ns)    Netlist Resource(s)
  -------------------------------------------------------------------    -------------------
                         (clock ap_clk rise edge)     0.000     0.000 r  
                                                      0.000     0.000 r  ap_clk (IN)
                         net (fo=347994, unset)       0.028     0.028    bd_0_i/hls_inst/inst/control_s_axi_U/ap_clk
    SLICE_X130Y312       FDRE                                         r  bd_0_i/hls_inst/inst/control_s_axi_U/int_mode_reg[0]/C
  -------------------------------------------------------------------    -------------------
    SLICE_X130Y312       FDRE (Prop_AFF_SLICEL_C_Q)
                                                      0.079     0.107 r  bd_0_i/hls_inst/inst/control_s_axi_U/int_mode_reg[0]/Q
                         net (fo=168079, routed)      4.926     5.033    bd_0_i/hls_inst/inst/grp_Hybrid_INT4_INT4_PD_fu_2625/col_gen[49].row_gen[60].dsp_core/mode
    SLR Crossing[1->2]   
    SLICE_X56Y620        FDRE                                         r  bd_0_i/hls_inst/inst/grp_Hybrid_INT4_INT4_PD_fu_2625/col_gen[49].row_gen[60].dsp_core/signs_r1_reg[8]/R
  -------------------------------------------------------------------    -------------------

                         (clock ap_clk rise edge)     3.846     3.846 r  
                                                      0.000     3.846 r  ap_clk (IN)
                         net (fo=347994, unset)       0.021     3.867    bd_0_i/hls_inst/inst/grp_Hybrid_INT4_INT4_PD_fu_2625/col_gen[49].row_gen[60].dsp_core/ap_clk
    SLICE_X56Y620        FDRE                                         r  bd_0_i/hls_inst/inst/grp_Hybrid_INT4_INT4_PD_fu_2625/col_gen[49].row_gen[60].dsp_core/signs_r1_reg[8]/C
                         clock pessimism              0.000     3.867    
                         inter-SLR compensation      -0.003     3.864    
                         clock uncertainty           -0.035     3.828    
    SLICE_X56Y620        FDRE (Setup_HFF_SLICEM_C_R)
                                                     -0.074     3.754    bd_0_i/hls_inst/inst/grp_Hybrid_INT4_INT4_PD_fu_2625/col_gen[49].row_gen[60].dsp_core/signs_r1_reg[8]
  -------------------------------------------------------------------
                         required time                          3.754    
                         arrival time                          -5.033    
  -------------------------------------------------------------------
                         slack                                 -1.278    

Slack (VIOLATED) :        -1.276ns  (required time - arrival time)
  Source:                 bd_0_i/hls_inst/inst/control_s_axi_U/int_mode_reg[0]/C
                            (rising edge-triggered cell FDRE clocked by ap_clk  {rise@0.000ns fall@1.923ns period=3.846ns})
  Destination:            bd_0_i/hls_inst/inst/grp_Hybrid_INT4_INT4_PD_fu_2625/col_gen[9].row_gen[6].dsp_core/signs_r1_reg[8]/R
                            (rising edge-triggered cell FDRE clocked by ap_clk  {rise@0.000ns fall@1.923ns period=3.846ns})
  Path Group:             ap_clk
  Path Type:              Setup (Max at Slow Process Corner)
  Requirement:            3.846ns  (ap_clk rise@3.846ns - ap_clk rise@0.000ns)
  Data Path Delay:        5.002ns  (logic 0.079ns (1.579%)  route 4.923ns (98.421%))
  Logic Levels:           0  
  Clock Path Skew:        -0.007ns (DCD - SCD + CPR)
    Destination Clock Delay (DCD):    0.021ns = ( 3.867 - 3.846 ) 
    Source Clock Delay      (SCD):    0.028ns
    Clock Pessimism Removal (CPR):    0.000ns
  Clock Uncertainty:      0.035ns  ((TSJ^2 + TIJ^2)^1/2 + DJ) / 2 + PE
    Total System Jitter     (TSJ):    0.071ns
    Total Input Jitter      (TIJ):    0.000ns
    Discrete Jitter          (DJ):    0.000ns
    Phase Error              (PE):    0.000ns
  Inter-SLR Compensation: 0.003ns  (DCD * PF)
    Destination Clock Delay (DCD):    0.021ns
    Prorating Factor         (PF):    0.150

    Location             Delay type                Incr(ns)  Path(ns)    Netlist Resource(s)
  -------------------------------------------------------------------    -------------------
                         (clock ap_clk rise edge)     0.000     0.000 r  
                                                      0.000     0.000 r  ap_clk (IN)
                         net (fo=347994, unset)       0.028     0.028    bd_0_i/hls_inst/inst/control_s_axi_U/ap_clk
    SLICE_X130Y312       FDRE                                         r  bd_0_i/hls_inst/inst/control_s_axi_U/int_mode_reg[0]/C
  -------------------------------------------------------------------    -------------------
    SLICE_X130Y312       FDRE (Prop_AFF_SLICEL_C_Q)
                                                      0.079     0.107 r  bd_0_i/hls_inst/inst/control_s_axi_U/int_mode_reg[0]/Q
                         net (fo=168079, routed)      4.923     5.030    bd_0_i/hls_inst/inst/grp_Hybrid_INT4_INT4_PD_fu_2625/col_gen[9].row_gen[6].dsp_core/mode
    SLR Crossing[1->2]   
    SLICE_X87Y672        FDRE                                         r  bd_0_i/hls_inst/inst/grp_Hybrid_INT4_INT4_PD_fu_2625/col_gen[9].row_gen[6].dsp_core/signs_r1_reg[8]/R
  -------------------------------------------------------------------    -------------------

                         (clock ap_clk rise edge)     3.846     3.846 r  
                                                      0.000     3.846 r  ap_clk (IN)
                         net (fo=347994, unset)       0.021     3.867    bd_0_i/hls_inst/inst/grp_Hybrid_INT4_INT4_PD_fu_2625/col_gen[9].row_gen[6].dsp_core/ap_clk
    SLICE_X87Y672        FDRE                                         r  bd_0_i/hls_inst/inst/grp_Hybrid_INT4_INT4_PD_fu_2625/col_gen[9].row_gen[6].dsp_core/signs_r1_reg[8]/C
                         clock pessimism              0.000     3.867    
                         inter-SLR compensation      -0.003     3.864    
                         clock uncertainty           -0.035     3.828    
    SLICE_X87Y672        FDRE (Setup_AFF_SLICEM_C_R)
                                                     -0.074     3.754    bd_0_i/hls_inst/inst/grp_Hybrid_INT4_INT4_PD_fu_2625/col_gen[9].row_gen[6].dsp_core/signs_r1_reg[8]
  -------------------------------------------------------------------
                         required time                          3.754    
                         arrival time                          -5.030    
  -------------------------------------------------------------------
                         slack                                 -1.276    

Slack (VIOLATED) :        -1.274ns  (required time - arrival time)
  Source:                 bd_0_i/hls_inst/inst/control_s_axi_U/int_mode_reg[0]/C
                            (rising edge-triggered cell FDRE clocked by ap_clk  {rise@0.000ns fall@1.923ns period=3.846ns})
  Destination:            bd_0_i/hls_inst/inst/grp_Hybrid_INT4_INT4_PD_fu_2625/col_gen[34].row_gen[6].dsp_core/signs_r1_reg[8]/R
                            (rising edge-triggered cell FDRE clocked by ap_clk  {rise@0.000ns fall@1.923ns period=3.846ns})
  Path Group:             ap_clk
  Path Type:              Setup (Max at Slow Process Corner)
  Requirement:            3.846ns  (ap_clk rise@3.846ns - ap_clk rise@0.000ns)
  Data Path Delay:        5.001ns  (logic 0.079ns (1.580%)  route 4.922ns (98.420%))
  Logic Levels:           0  
  Clock Path Skew:        -0.007ns (DCD - SCD + CPR)
    Destination Clock Delay (DCD):    0.021ns = ( 3.867 - 3.846 ) 
    Source Clock Delay      (SCD):    0.028ns
    Clock Pessimism Removal (CPR):    0.000ns
  Clock Uncertainty:      0.035ns  ((TSJ^2 + TIJ^2)^1/2 + DJ) / 2 + PE
    Total System Jitter     (TSJ):    0.071ns
    Total Input Jitter      (TIJ):    0.000ns
    Discrete Jitter          (DJ):    0.000ns
    Phase Error              (PE):    0.000ns
  Inter-SLR Compensation: 0.003ns  (DCD * PF)
    Destination Clock Delay (DCD):    0.021ns
    Prorating Factor         (PF):    0.150

    Location             Delay type                Incr(ns)  Path(ns)    Netlist Resource(s)
  -------------------------------------------------------------------    -------------------
                         (clock ap_clk rise edge)     0.000     0.000 r  
                                                      0.000     0.000 r  ap_clk (IN)
                         net (fo=347994, unset)       0.028     0.028    bd_0_i/hls_inst/inst/control_s_axi_U/ap_clk
    SLICE_X130Y312       FDRE                                         r  bd_0_i/hls_inst/inst/control_s_axi_U/int_mode_reg[0]/C
  -------------------------------------------------------------------    -------------------
    SLICE_X130Y312       FDRE (Prop_AFF_SLICEL_C_Q)
                                                      0.079     0.107 r  bd_0_i/hls_inst/inst/control_s_axi_U/int_mode_reg[0]/Q
                         net (fo=168079, routed)      4.922     5.029    bd_0_i/hls_inst/inst/grp_Hybrid_INT4_INT4_PD_fu_2625/col_gen[34].row_gen[6].dsp_core/mode
    SLR Crossing[1->2]   
    SLICE_X71Y650        FDRE                                         r  bd_0_i/hls_inst/inst/grp_Hybrid_INT4_INT4_PD_fu_2625/col_gen[34].row_gen[6].dsp_core/signs_r1_reg[8]/R
  -------------------------------------------------------------------    -------------------

                         (clock ap_clk rise edge)     3.846     3.846 r  
                                                      0.000     3.846 r  ap_clk (IN)
                         net (fo=347994, unset)       0.021     3.867    bd_0_i/hls_inst/inst/grp_Hybrid_INT4_INT4_PD_fu_2625/col_gen[34].row_gen[6].dsp_core/ap_clk
    SLICE_X71Y650        FDRE                                         r  bd_0_i/hls_inst/inst/grp_Hybrid_INT4_INT4_PD_fu_2625/col_gen[34].row_gen[6].dsp_core/signs_r1_reg[8]/C
                         clock pessimism              0.000     3.867    
                         inter-SLR compensation      -0.003     3.864    
                         clock uncertainty           -0.035     3.828    
    SLICE_X71Y650        FDRE (Setup_BFF_SLICEM_C_R)
                                                     -0.074     3.754    bd_0_i/hls_inst/inst/grp_Hybrid_INT4_INT4_PD_fu_2625/col_gen[34].row_gen[6].dsp_core/signs_r1_reg[8]
  -------------------------------------------------------------------
                         required time                          3.754    
                         arrival time                          -5.029    
  -------------------------------------------------------------------
                         slack                                 -1.274    

Slack (VIOLATED) :        -1.272ns  (required time - arrival time)
  Source:                 bd_0_i/hls_inst/inst/control_s_axi_U/int_mode_reg[0]/C
                            (rising edge-triggered cell FDRE clocked by ap_clk  {rise@0.000ns fall@1.923ns period=3.846ns})
  Destination:            bd_0_i/hls_inst/inst/grp_Hybrid_INT4_INT4_PD_fu_2625/col_gen[47].row_gen[7].dsp_core/signs_r1_reg[7]/R
                            (rising edge-triggered cell FDRE clocked by ap_clk  {rise@0.000ns fall@1.923ns period=3.846ns})
  Path Group:             ap_clk
  Path Type:              Setup (Max at Slow Process Corner)
  Requirement:            3.846ns  (ap_clk rise@3.846ns - ap_clk rise@0.000ns)
  Data Path Delay:        4.998ns  (logic 0.079ns (1.580%)  route 4.919ns (98.420%))
  Logic Levels:           0  
  Clock Path Skew:        -0.007ns (DCD - SCD + CPR)
    Destination Clock Delay (DCD):    0.021ns = ( 3.867 - 3.846 ) 
    Source Clock Delay      (SCD):    0.028ns
    Clock Pessimism Removal (CPR):    0.000ns
  Clock Uncertainty:      0.035ns  ((TSJ^2 + TIJ^2)^1/2 + DJ) / 2 + PE
    Total System Jitter     (TSJ):    0.071ns
    Total Input Jitter      (TIJ):    0.000ns
    Discrete Jitter          (DJ):    0.000ns
    Phase Error              (PE):    0.000ns
  Inter-SLR Compensation: 0.003ns  (DCD * PF)
    Destination Clock Delay (DCD):    0.021ns
    Prorating Factor         (PF):    0.150

    Location             Delay type                Incr(ns)  Path(ns)    Netlist Resource(s)
  -------------------------------------------------------------------    -------------------
                         (clock ap_clk rise edge)     0.000     0.000 r  
                                                      0.000     0.000 r  ap_clk (IN)
                         net (fo=347994, unset)       0.028     0.028    bd_0_i/hls_inst/inst/control_s_axi_U/ap_clk
    SLICE_X130Y312       FDRE                                         r  bd_0_i/hls_inst/inst/control_s_axi_U/int_mode_reg[0]/C
  -------------------------------------------------------------------    -------------------
    SLICE_X130Y312       FDRE (Prop_AFF_SLICEL_C_Q)
                                                      0.079     0.107 r  bd_0_i/hls_inst/inst/control_s_axi_U/int_mode_reg[0]/Q
                         net (fo=168079, routed)      4.919     5.026    bd_0_i/hls_inst/inst/grp_Hybrid_INT4_INT4_PD_fu_2625/col_gen[47].row_gen[7].dsp_core/mode
    SLR Crossing[1->2]   
    SLICE_X77Y642        FDRE                                         r  bd_0_i/hls_inst/inst/grp_Hybrid_INT4_INT4_PD_fu_2625/col_gen[47].row_gen[7].dsp_core/signs_r1_reg[7]/R
  -------------------------------------------------------------------    -------------------

                         (clock ap_clk rise edge)     3.846     3.846 r  
                                                      0.000     3.846 r  ap_clk (IN)
                         net (fo=347994, unset)       0.021     3.867    bd_0_i/hls_inst/inst/grp_Hybrid_INT4_INT4_PD_fu_2625/col_gen[47].row_gen[7].dsp_core/ap_clk
    SLICE_X77Y642        FDRE                                         r  bd_0_i/hls_inst/inst/grp_Hybrid_INT4_INT4_PD_fu_2625/col_gen[47].row_gen[7].dsp_core/signs_r1_reg[7]/C
                         clock pessimism              0.000     3.867    
                         inter-SLR compensation      -0.003     3.864    
                         clock uncertainty           -0.035     3.828    
    SLICE_X77Y642        FDRE (Setup_AFF_SLICEM_C_R)
                                                     -0.074     3.754    bd_0_i/hls_inst/inst/grp_Hybrid_INT4_INT4_PD_fu_2625/col_gen[47].row_gen[7].dsp_core/signs_r1_reg[7]
  -------------------------------------------------------------------
                         required time                          3.754    
                         arrival time                          -5.026    
  -------------------------------------------------------------------
                         slack                                 -1.272    

Slack (VIOLATED) :        -1.264ns  (required time - arrival time)
  Source:                 bd_0_i/hls_inst/inst/control_s_axi_U/int_mode_reg[0]/C
                            (rising edge-triggered cell FDRE clocked by ap_clk  {rise@0.000ns fall@1.923ns period=3.846ns})
  Destination:            bd_0_i/hls_inst/inst/grp_Hybrid_INT4_INT4_PD_fu_2625/col_gen[15].row_gen[63].dsp_core/mode_r1_reg/D
                            (rising edge-triggered cell FDRE clocked by ap_clk  {rise@0.000ns fall@1.923ns period=3.846ns})
  Path Group:             ap_clk
  Path Type:              Setup (Max at Slow Process Corner)
  Requirement:            3.846ns  (ap_clk rise@3.846ns - ap_clk rise@0.000ns)
  Data Path Delay:        5.089ns  (logic 0.079ns (1.552%)  route 5.010ns (98.448%))
  Logic Levels:           0  
  Clock Path Skew:        -0.008ns (DCD - SCD + CPR)
    Destination Clock Delay (DCD):    0.020ns = ( 3.866 - 3.846 ) 
    Source Clock Delay      (SCD):    0.028ns
    Clock Pessimism Removal (CPR):    0.000ns
  Clock Uncertainty:      0.035ns  ((TSJ^2 + TIJ^2)^1/2 + DJ) / 2 + PE
    Total System Jitter     (TSJ):    0.071ns
    Total Input Jitter      (TIJ):    0.000ns
    Discrete Jitter          (DJ):    0.000ns
    Phase Error              (PE):    0.000ns
  Inter-SLR Compensation: 0.003ns  (DCD * PF)
    Destination Clock Delay (DCD):    0.020ns
    Prorating Factor         (PF):    0.150

    Location             Delay type                Incr(ns)  Path(ns)    Netlist Resource(s)
  -------------------------------------------------------------------    -------------------
                         (clock ap_clk rise edge)     0.000     0.000 r  
                                                      0.000     0.000 r  ap_clk (IN)
                         net (fo=347994, unset)       0.028     0.028    bd_0_i/hls_inst/inst/control_s_axi_U/ap_clk
    SLICE_X130Y312       FDRE                                         r  bd_0_i/hls_inst/inst/control_s_axi_U/int_mode_reg[0]/C
  -------------------------------------------------------------------    -------------------
    SLICE_X130Y312       FDRE (Prop_AFF_SLICEL_C_Q)
                                                      0.079     0.107 r  bd_0_i/hls_inst/inst/control_s_axi_U/int_mode_reg[0]/Q
                         net (fo=168079, routed)      5.010     5.117    bd_0_i/hls_inst/inst/grp_Hybrid_INT4_INT4_PD_fu_2625/col_gen[15].row_gen[63].dsp_core/mode
    SLR Crossing[1->2]   
    SLICE_X66Y652        FDRE                                         r  bd_0_i/hls_inst/inst/grp_Hybrid_INT4_INT4_PD_fu_2625/col_gen[15].row_gen[63].dsp_core/mode_r1_reg/D
  -------------------------------------------------------------------    -------------------

                         (clock ap_clk rise edge)     3.846     3.846 r  
                                                      0.000     3.846 r  ap_clk (IN)
                         net (fo=347994, unset)       0.020     3.866    bd_0_i/hls_inst/inst/grp_Hybrid_INT4_INT4_PD_fu_2625/col_gen[15].row_gen[63].dsp_core/ap_clk
    SLICE_X66Y652        FDRE                                         r  bd_0_i/hls_inst/inst/grp_Hybrid_INT4_INT4_PD_fu_2625/col_gen[15].row_gen[63].dsp_core/mode_r1_reg/C
                         clock pessimism              0.000     3.866    
                         inter-SLR compensation      -0.003     3.863    
                         clock uncertainty           -0.035     3.828    
    SLICE_X66Y652        FDRE (Setup_FFF_SLICEL_C_D)
                                                      0.025     3.853    bd_0_i/hls_inst/inst/grp_Hybrid_INT4_INT4_PD_fu_2625/col_gen[15].row_gen[63].dsp_core/mode_r1_reg
  -------------------------------------------------------------------
                         required time                          3.853    
                         arrival time                          -5.117    
  -------------------------------------------------------------------
                         slack                                 -1.264    

Slack (VIOLATED) :        -1.259ns  (required time - arrival time)
  Source:                 bd_0_i/hls_inst/inst/control_s_axi_U/int_mode_reg[0]/C
                            (rising edge-triggered cell FDRE clocked by ap_clk  {rise@0.000ns fall@1.923ns period=3.846ns})
  Destination:            bd_0_i/hls_inst/inst/grp_Hybrid_INT4_INT4_PD_fu_2625/col_gen[18].row_gen[6].dsp_core/signs_r1_reg[8]/R
                            (rising edge-triggered cell FDRE clocked by ap_clk  {rise@0.000ns fall@1.923ns period=3.846ns})
  Path Group:             ap_clk
  Path Type:              Setup (Max at Slow Process Corner)
  Requirement:            3.846ns  (ap_clk rise@3.846ns - ap_clk rise@0.000ns)
  Data Path Delay:        4.986ns  (logic 0.079ns (1.584%)  route 4.907ns (98.416%))
  Logic Levels:           0  
  Clock Path Skew:        -0.007ns (DCD - SCD + CPR)
    Destination Clock Delay (DCD):    0.021ns = ( 3.867 - 3.846 ) 
    Source Clock Delay      (SCD):    0.028ns
    Clock Pessimism Removal (CPR):    0.000ns
  Clock Uncertainty:      0.035ns  ((TSJ^2 + TIJ^2)^1/2 + DJ) / 2 + PE
    Total System Jitter     (TSJ):    0.071ns
    Total Input Jitter      (TIJ):    0.000ns
    Discrete Jitter          (DJ):    0.000ns
    Phase Error              (PE):    0.000ns
  Inter-SLR Compensation: 0.003ns  (DCD * PF)
    Destination Clock Delay (DCD):    0.021ns
    Prorating Factor         (PF):    0.150

    Location             Delay type                Incr(ns)  Path(ns)    Netlist Resource(s)
  -------------------------------------------------------------------    -------------------
                         (clock ap_clk rise edge)     0.000     0.000 r  
                                                      0.000     0.000 r  ap_clk (IN)
                         net (fo=347994, unset)       0.028     0.028    bd_0_i/hls_inst/inst/control_s_axi_U/ap_clk
    SLICE_X130Y312       FDRE                                         r  bd_0_i/hls_inst/inst/control_s_axi_U/int_mode_reg[0]/C
  -------------------------------------------------------------------    -------------------
    SLICE_X130Y312       FDRE (Prop_AFF_SLICEL_C_Q)
                                                      0.079     0.107 r  bd_0_i/hls_inst/inst/control_s_axi_U/int_mode_reg[0]/Q
                         net (fo=168079, routed)      4.907     5.014    bd_0_i/hls_inst/inst/grp_Hybrid_INT4_INT4_PD_fu_2625/col_gen[18].row_gen[6].dsp_core/mode
    SLR Crossing[1->2]   
    SLICE_X94Y678        FDRE                                         r  bd_0_i/hls_inst/inst/grp_Hybrid_INT4_INT4_PD_fu_2625/col_gen[18].row_gen[6].dsp_core/signs_r1_reg[8]/R
  -------------------------------------------------------------------    -------------------

                         (clock ap_clk rise edge)     3.846     3.846 r  
                                                      0.000     3.846 r  ap_clk (IN)
                         net (fo=347994, unset)       0.021     3.867    bd_0_i/hls_inst/inst/grp_Hybrid_INT4_INT4_PD_fu_2625/col_gen[18].row_gen[6].dsp_core/ap_clk
    SLICE_X94Y678        FDRE                                         r  bd_0_i/hls_inst/inst/grp_Hybrid_INT4_INT4_PD_fu_2625/col_gen[18].row_gen[6].dsp_core/signs_r1_reg[8]/C
                         clock pessimism              0.000     3.867    
                         inter-SLR compensation      -0.003     3.864    
                         clock uncertainty           -0.035     3.828    
    SLICE_X94Y678        FDRE (Setup_AFF_SLICEM_C_R)
                                                     -0.074     3.754    bd_0_i/hls_inst/inst/grp_Hybrid_INT4_INT4_PD_fu_2625/col_gen[18].row_gen[6].dsp_core/signs_r1_reg[8]
  -------------------------------------------------------------------
                         required time                          3.754    
                         arrival time                          -5.014    
  -------------------------------------------------------------------
                         slack                                 -1.259    

Slack (VIOLATED) :        -1.258ns  (required time - arrival time)
  Source:                 bd_0_i/hls_inst/inst/control_s_axi_U/int_mode_reg[0]/C
                            (rising edge-triggered cell FDRE clocked by ap_clk  {rise@0.000ns fall@1.923ns period=3.846ns})
  Destination:            bd_0_i/hls_inst/inst/grp_Hybrid_INT4_INT4_PD_fu_2625/col_gen[39].row_gen[7].dsp_core/signs_r1_reg[8]/R
                            (rising edge-triggered cell FDRE clocked by ap_clk  {rise@0.000ns fall@1.923ns period=3.846ns})
  Path Group:             ap_clk
  Path Type:              Setup (Max at Slow Process Corner)
  Requirement:            3.846ns  (ap_clk rise@3.846ns - ap_clk rise@0.000ns)
  Data Path Delay:        4.983ns  (logic 0.079ns (1.585%)  route 4.904ns (98.415%))
  Logic Levels:           0  
  Clock Path Skew:        -0.008ns (DCD - SCD + CPR)
    Destination Clock Delay (DCD):    0.020ns = ( 3.866 - 3.846 ) 
    Source Clock Delay      (SCD):    0.028ns
    Clock Pessimism Removal (CPR):    0.000ns
  Clock Uncertainty:      0.035ns  ((TSJ^2 + TIJ^2)^1/2 + DJ) / 2 + PE
    Total System Jitter     (TSJ):    0.071ns
    Total Input Jitter      (TIJ):    0.000ns
    Discrete Jitter          (DJ):    0.000ns
    Phase Error              (PE):    0.000ns
  Inter-SLR Compensation: 0.003ns  (DCD * PF)
    Destination Clock Delay (DCD):    0.020ns
    Prorating Factor         (PF):    0.150

    Location             Delay type                Incr(ns)  Path(ns)    Netlist Resource(s)
  -------------------------------------------------------------------    -------------------
                         (clock ap_clk rise edge)     0.000     0.000 r  
                                                      0.000     0.000 r  ap_clk (IN)
                         net (fo=347994, unset)       0.028     0.028    bd_0_i/hls_inst/inst/control_s_axi_U/ap_clk
    SLICE_X130Y312       FDRE                                         r  bd_0_i/hls_inst/inst/control_s_axi_U/int_mode_reg[0]/C
  -------------------------------------------------------------------    -------------------
    SLICE_X130Y312       FDRE (Prop_AFF_SLICEL_C_Q)
                                                      0.079     0.107 r  bd_0_i/hls_inst/inst/control_s_axi_U/int_mode_reg[0]/Q
                         net (fo=168079, routed)      4.904     5.011    bd_0_i/hls_inst/inst/grp_Hybrid_INT4_INT4_PD_fu_2625/col_gen[39].row_gen[7].dsp_core/mode
    SLR Crossing[1->2]   
    SLICE_X78Y642        FDRE                                         r  bd_0_i/hls_inst/inst/grp_Hybrid_INT4_INT4_PD_fu_2625/col_gen[39].row_gen[7].dsp_core/signs_r1_reg[8]/R
  -------------------------------------------------------------------    -------------------

                         (clock ap_clk rise edge)     3.846     3.846 r  
                                                      0.000     3.846 r  ap_clk (IN)
                         net (fo=347994, unset)       0.020     3.866    bd_0_i/hls_inst/inst/grp_Hybrid_INT4_INT4_PD_fu_2625/col_gen[39].row_gen[7].dsp_core/ap_clk
    SLICE_X78Y642        FDRE                                         r  bd_0_i/hls_inst/inst/grp_Hybrid_INT4_INT4_PD_fu_2625/col_gen[39].row_gen[7].dsp_core/signs_r1_reg[8]/C
                         clock pessimism              0.000     3.866    
                         inter-SLR compensation      -0.003     3.863    
                         clock uncertainty           -0.035     3.828    
    SLICE_X78Y642        FDRE (Setup_DFF_SLICEL_C_R)
                                                     -0.074     3.754    bd_0_i/hls_inst/inst/grp_Hybrid_INT4_INT4_PD_fu_2625/col_gen[39].row_gen[7].dsp_core/signs_r1_reg[8]
  -------------------------------------------------------------------
                         required time                          3.754    
                         arrival time                          -5.011    
  -------------------------------------------------------------------
                         slack                                 -1.258    





Min Delay Paths
--------------------------------------------------------------------------------------
Slack (MET) :             0.019ns  (arrival time - required time)
  Source:                 bd_0_i/hls_inst/inst/grp_Hybrid_INT4_INT4_PD_fu_2625/col_gen[0].row_gen[44].dsp_core/LSB_Res4_r2_reg[2]/C
                            (rising edge-triggered cell FDRE clocked by ap_clk  {rise@0.000ns fall@1.923ns period=3.846ns})
  Destination:            bd_0_i/hls_inst/inst/grp_Hybrid_INT4_INT4_PD_fu_2625/col_gen[0].row_gen[44].dsp_core/LSB_Res4_r3_reg[2]/D
                            (rising edge-triggered cell FDRE clocked by ap_clk  {rise@0.000ns fall@1.923ns period=3.846ns})
  Path Group:             ap_clk
  Path Type:              Hold (Min at Fast Process Corner)
  Requirement:            0.000ns  (ap_clk rise@0.000ns - ap_clk rise@0.000ns)
  Data Path Delay:        0.072ns  (logic 0.039ns (54.167%)  route 0.033ns (45.833%))
  Logic Levels:           0  
  Clock Path Skew:        0.006ns (DCD - SCD - CPR)
    Destination Clock Delay (DCD):    0.019ns
    Source Clock Delay      (SCD):    0.013ns
    Clock Pessimism Removal (CPR):    -0.000ns

    Location             Delay type                Incr(ns)  Path(ns)    Netlist Resource(s)
  -------------------------------------------------------------------    -------------------
                         (clock ap_clk rise edge)     0.000     0.000 r  
                                                      0.000     0.000 r  ap_clk (IN)
                         net (fo=347994, unset)       0.013     0.013    bd_0_i/hls_inst/inst/grp_Hybrid_INT4_INT4_PD_fu_2625/col_gen[0].row_gen[44].dsp_core/ap_clk
    SLICE_X83Y36         FDRE                                         r  bd_0_i/hls_inst/inst/grp_Hybrid_INT4_INT4_PD_fu_2625/col_gen[0].row_gen[44].dsp_core/LSB_Res4_r2_reg[2]/C
  -------------------------------------------------------------------    -------------------
    SLICE_X83Y36         FDRE (Prop_HFF_SLICEL_C_Q)
                                                      0.039     0.052 r  bd_0_i/hls_inst/inst/grp_Hybrid_INT4_INT4_PD_fu_2625/col_gen[0].row_gen[44].dsp_core/LSB_Res4_r2_reg[2]/Q
                         net (fo=1, routed)           0.033     0.085    bd_0_i/hls_inst/inst/grp_Hybrid_INT4_INT4_PD_fu_2625/col_gen[0].row_gen[44].dsp_core/LSB_Res4_r2[2]
    SLICE_X83Y36         FDRE                                         r  bd_0_i/hls_inst/inst/grp_Hybrid_INT4_INT4_PD_fu_2625/col_gen[0].row_gen[44].dsp_core/LSB_Res4_r3_reg[2]/D
  -------------------------------------------------------------------    -------------------

                         (clock ap_clk rise edge)     0.000     0.000 r  
                                                      0.000     0.000 r  ap_clk (IN)
                         net (fo=347994, unset)       0.019     0.019    bd_0_i/hls_inst/inst/grp_Hybrid_INT4_INT4_PD_fu_2625/col_gen[0].row_gen[44].dsp_core/ap_clk
    SLICE_X83Y36         FDRE                                         r  bd_0_i/hls_inst/inst/grp_Hybrid_INT4_INT4_PD_fu_2625/col_gen[0].row_gen[44].dsp_core/LSB_Res4_r3_reg[2]/C
                         clock pessimism              0.000     0.019    
    SLICE_X83Y36         FDRE (Hold_HFF2_SLICEL_C_D)
                                                      0.047     0.066    bd_0_i/hls_inst/inst/grp_Hybrid_INT4_INT4_PD_fu_2625/col_gen[0].row_gen[44].dsp_core/LSB_Res4_r3_reg[2]
  -------------------------------------------------------------------
                         required time                         -0.066    
                         arrival time                           0.085    
  -------------------------------------------------------------------
                         slack                                  0.019    

Slack (MET) :             0.019ns  (arrival time - required time)
  Source:                 bd_0_i/hls_inst/inst/grp_Hybrid_INT4_INT4_PD_fu_2625/col_gen[10].row_gen[35].dsp_core/LSB_Res4_r1_reg[1]/C
                            (rising edge-triggered cell FDRE clocked by ap_clk  {rise@0.000ns fall@1.923ns period=3.846ns})
  Destination:            bd_0_i/hls_inst/inst/grp_Hybrid_INT4_INT4_PD_fu_2625/col_gen[10].row_gen[35].dsp_core/LSB_Res4_r1_reg[1]_psdsp/D
                            (rising edge-triggered cell FDRE clocked by ap_clk  {rise@0.000ns fall@1.923ns period=3.846ns})
  Path Group:             ap_clk
  Path Type:              Hold (Min at Fast Process Corner)
  Requirement:            0.000ns  (ap_clk rise@0.000ns - ap_clk rise@0.000ns)
  Data Path Delay:        0.073ns  (logic 0.039ns (53.425%)  route 0.034ns (46.575%))
  Logic Levels:           0  
  Clock Path Skew:        0.007ns (DCD - SCD - CPR)
    Destination Clock Delay (DCD):    0.019ns
    Source Clock Delay      (SCD):    0.012ns
    Clock Pessimism Removal (CPR):    -0.000ns

    Location             Delay type                Incr(ns)  Path(ns)    Netlist Resource(s)
  -------------------------------------------------------------------    -------------------
                         (clock ap_clk rise edge)     0.000     0.000 r  
                                                      0.000     0.000 r  ap_clk (IN)
                         net (fo=347994, unset)       0.012     0.012    bd_0_i/hls_inst/inst/grp_Hybrid_INT4_INT4_PD_fu_2625/col_gen[10].row_gen[35].dsp_core/ap_clk
    SLICE_X181Y67        FDRE                                         r  bd_0_i/hls_inst/inst/grp_Hybrid_INT4_INT4_PD_fu_2625/col_gen[10].row_gen[35].dsp_core/LSB_Res4_r1_reg[1]/C
  -------------------------------------------------------------------    -------------------
    SLICE_X181Y67        FDRE (Prop_CFF_SLICEL_C_Q)
                                                      0.039     0.051 r  bd_0_i/hls_inst/inst/grp_Hybrid_INT4_INT4_PD_fu_2625/col_gen[10].row_gen[35].dsp_core/LSB_Res4_r1_reg[1]/Q
                         net (fo=2, routed)           0.034     0.085    bd_0_i/hls_inst/inst/grp_Hybrid_INT4_INT4_PD_fu_2625/col_gen[10].row_gen[35].dsp_core/LSB_Res4_r1[1]
    SLICE_X181Y66        FDRE                                         r  bd_0_i/hls_inst/inst/grp_Hybrid_INT4_INT4_PD_fu_2625/col_gen[10].row_gen[35].dsp_core/LSB_Res4_r1_reg[1]_psdsp/D
  -------------------------------------------------------------------    -------------------

                         (clock ap_clk rise edge)     0.000     0.000 r  
                                                      0.000     0.000 r  ap_clk (IN)
                         net (fo=347994, unset)       0.019     0.019    bd_0_i/hls_inst/inst/grp_Hybrid_INT4_INT4_PD_fu_2625/col_gen[10].row_gen[35].dsp_core/ap_clk
    SLICE_X181Y66        FDRE                                         r  bd_0_i/hls_inst/inst/grp_Hybrid_INT4_INT4_PD_fu_2625/col_gen[10].row_gen[35].dsp_core/LSB_Res4_r1_reg[1]_psdsp/C
                         clock pessimism              0.000     0.019    
    SLICE_X181Y66        FDRE (Hold_HFF2_SLICEL_C_D)
                                                      0.047     0.066    bd_0_i/hls_inst/inst/grp_Hybrid_INT4_INT4_PD_fu_2625/col_gen[10].row_gen[35].dsp_core/LSB_Res4_r1_reg[1]_psdsp
  -------------------------------------------------------------------
                         required time                         -0.066    
                         arrival time                           0.085    
  -------------------------------------------------------------------
                         slack                                  0.019    

Slack (MET) :             0.019ns  (arrival time - required time)
  Source:                 bd_0_i/hls_inst/inst/grp_Hybrid_INT4_INT4_PD_fu_2625/col_gen[16].row_gen[42].dsp_core/signs_r2_reg[8]/C
                            (rising edge-triggered cell FDRE clocked by ap_clk  {rise@0.000ns fall@1.923ns period=3.846ns})
  Destination:            bd_0_i/hls_inst/inst/grp_Hybrid_INT4_INT4_PD_fu_2625/col_gen[16].row_gen[42].dsp_core/signs_r3_reg[8]/D
                            (rising edge-triggered cell FDRE clocked by ap_clk  {rise@0.000ns fall@1.923ns period=3.846ns})
  Path Group:             ap_clk
  Path Type:              Hold (Min at Fast Process Corner)
  Requirement:            0.000ns  (ap_clk rise@0.000ns - ap_clk rise@0.000ns)
  Data Path Delay:        0.072ns  (logic 0.039ns (54.167%)  route 0.033ns (45.833%))
  Logic Levels:           0  
  Clock Path Skew:        0.006ns (DCD - SCD - CPR)
    Destination Clock Delay (DCD):    0.019ns
    Source Clock Delay      (SCD):    0.013ns
    Clock Pessimism Removal (CPR):    -0.000ns

    Location             Delay type                Incr(ns)  Path(ns)    Netlist Resource(s)
  -------------------------------------------------------------------    -------------------
                         (clock ap_clk rise edge)     0.000     0.000 r  
                                                      0.000     0.000 r  ap_clk (IN)
                         net (fo=347994, unset)       0.013     0.013    bd_0_i/hls_inst/inst/grp_Hybrid_INT4_INT4_PD_fu_2625/col_gen[16].row_gen[42].dsp_core/ap_clk
    SLICE_X101Y49        FDRE                                         r  bd_0_i/hls_inst/inst/grp_Hybrid_INT4_INT4_PD_fu_2625/col_gen[16].row_gen[42].dsp_core/signs_r2_reg[8]/C
  -------------------------------------------------------------------    -------------------
    SLICE_X101Y49        FDRE (Prop_HFF_SLICEL_C_Q)
                                                      0.039     0.052 r  bd_0_i/hls_inst/inst/grp_Hybrid_INT4_INT4_PD_fu_2625/col_gen[16].row_gen[42].dsp_core/signs_r2_reg[8]/Q
                         net (fo=1, routed)           0.033     0.085    bd_0_i/hls_inst/inst/grp_Hybrid_INT4_INT4_PD_fu_2625/col_gen[16].row_gen[42].dsp_core/signs_r2[8]
    SLICE_X101Y49        FDRE                                         r  bd_0_i/hls_inst/inst/grp_Hybrid_INT4_INT4_PD_fu_2625/col_gen[16].row_gen[42].dsp_core/signs_r3_reg[8]/D
  -------------------------------------------------------------------    -------------------

                         (clock ap_clk rise edge)     0.000     0.000 r  
                                                      0.000     0.000 r  ap_clk (IN)
                         net (fo=347994, unset)       0.019     0.019    bd_0_i/hls_inst/inst/grp_Hybrid_INT4_INT4_PD_fu_2625/col_gen[16].row_gen[42].dsp_core/ap_clk
    SLICE_X101Y49        FDRE                                         r  bd_0_i/hls_inst/inst/grp_Hybrid_INT4_INT4_PD_fu_2625/col_gen[16].row_gen[42].dsp_core/signs_r3_reg[8]/C
                         clock pessimism              0.000     0.019    
    SLICE_X101Y49        FDRE (Hold_HFF2_SLICEL_C_D)
                                                      0.047     0.066    bd_0_i/hls_inst/inst/grp_Hybrid_INT4_INT4_PD_fu_2625/col_gen[16].row_gen[42].dsp_core/signs_r3_reg[8]
  -------------------------------------------------------------------
                         required time                         -0.066    
                         arrival time                           0.085    
  -------------------------------------------------------------------
                         slack                                  0.019    

Slack (MET) :             0.019ns  (arrival time - required time)
  Source:                 bd_0_i/hls_inst/inst/grp_Hybrid_INT4_INT4_PD_fu_2625/col_gen[19].row_gen[35].dsp_core/mode_r2_reg/C
                            (rising edge-triggered cell FDRE clocked by ap_clk  {rise@0.000ns fall@1.923ns period=3.846ns})
  Destination:            bd_0_i/hls_inst/inst/grp_Hybrid_INT4_INT4_PD_fu_2625/col_gen[19].row_gen[35].dsp_core/mode_r3_reg/D
                            (rising edge-triggered cell FDRE clocked by ap_clk  {rise@0.000ns fall@1.923ns period=3.846ns})
  Path Group:             ap_clk
  Path Type:              Hold (Min at Fast Process Corner)
  Requirement:            0.000ns  (ap_clk rise@0.000ns - ap_clk rise@0.000ns)
  Data Path Delay:        0.072ns  (logic 0.039ns (54.167%)  route 0.033ns (45.833%))
  Logic Levels:           0  
  Clock Path Skew:        0.006ns (DCD - SCD - CPR)
    Destination Clock Delay (DCD):    0.019ns
    Source Clock Delay      (SCD):    0.013ns
    Clock Pessimism Removal (CPR):    -0.000ns

    Location             Delay type                Incr(ns)  Path(ns)    Netlist Resource(s)
  -------------------------------------------------------------------    -------------------
                         (clock ap_clk rise edge)     0.000     0.000 r  
                                                      0.000     0.000 r  ap_clk (IN)
                         net (fo=347994, unset)       0.013     0.013    bd_0_i/hls_inst/inst/grp_Hybrid_INT4_INT4_PD_fu_2625/col_gen[19].row_gen[35].dsp_core/ap_clk
    SLICE_X173Y54        FDRE                                         r  bd_0_i/hls_inst/inst/grp_Hybrid_INT4_INT4_PD_fu_2625/col_gen[19].row_gen[35].dsp_core/mode_r2_reg/C
  -------------------------------------------------------------------    -------------------
    SLICE_X173Y54        FDRE (Prop_HFF_SLICEL_C_Q)
                                                      0.039     0.052 r  bd_0_i/hls_inst/inst/grp_Hybrid_INT4_INT4_PD_fu_2625/col_gen[19].row_gen[35].dsp_core/mode_r2_reg/Q
                         net (fo=1, routed)           0.033     0.085    bd_0_i/hls_inst/inst/grp_Hybrid_INT4_INT4_PD_fu_2625/col_gen[19].row_gen[35].dsp_core/mode_r2
    SLICE_X173Y54        FDRE                                         r  bd_0_i/hls_inst/inst/grp_Hybrid_INT4_INT4_PD_fu_2625/col_gen[19].row_gen[35].dsp_core/mode_r3_reg/D
  -------------------------------------------------------------------    -------------------

                         (clock ap_clk rise edge)     0.000     0.000 r  
                                                      0.000     0.000 r  ap_clk (IN)
                         net (fo=347994, unset)       0.019     0.019    bd_0_i/hls_inst/inst/grp_Hybrid_INT4_INT4_PD_fu_2625/col_gen[19].row_gen[35].dsp_core/ap_clk
    SLICE_X173Y54        FDRE                                         r  bd_0_i/hls_inst/inst/grp_Hybrid_INT4_INT4_PD_fu_2625/col_gen[19].row_gen[35].dsp_core/mode_r3_reg/C
                         clock pessimism              0.000     0.019    
    SLICE_X173Y54        FDRE (Hold_HFF2_SLICEL_C_D)
                                                      0.047     0.066    bd_0_i/hls_inst/inst/grp_Hybrid_INT4_INT4_PD_fu_2625/col_gen[19].row_gen[35].dsp_core/mode_r3_reg
  -------------------------------------------------------------------
                         required time                         -0.066    
                         arrival time                           0.085    
  -------------------------------------------------------------------
                         slack                                  0.019    

Slack (MET) :             0.019ns  (arrival time - required time)
  Source:                 bd_0_i/hls_inst/inst/grp_Hybrid_INT4_INT4_PD_fu_2625/col_gen[1].row_gen[26].dsp_core/LSB_Res4_r2_reg[2]/C
                            (rising edge-triggered cell FDRE clocked by ap_clk  {rise@0.000ns fall@1.923ns period=3.846ns})
  Destination:            bd_0_i/hls_inst/inst/grp_Hybrid_INT4_INT4_PD_fu_2625/col_gen[1].row_gen[26].dsp_core/LSB_Res4_r3_reg[2]/D
                            (rising edge-triggered cell FDRE clocked by ap_clk  {rise@0.000ns fall@1.923ns period=3.846ns})
  Path Group:             ap_clk
  Path Type:              Hold (Min at Fast Process Corner)
  Requirement:            0.000ns  (ap_clk rise@0.000ns - ap_clk rise@0.000ns)
  Data Path Delay:        0.072ns  (logic 0.039ns (54.167%)  route 0.033ns (45.833%))
  Logic Levels:           0  
  Clock Path Skew:        0.006ns (DCD - SCD - CPR)
    Destination Clock Delay (DCD):    0.019ns
    Source Clock Delay      (SCD):    0.013ns
    Clock Pessimism Removal (CPR):    -0.000ns

    Location             Delay type                Incr(ns)  Path(ns)    Netlist Resource(s)
  -------------------------------------------------------------------    -------------------
                         (clock ap_clk rise edge)     0.000     0.000 r  
                                                      0.000     0.000 r  ap_clk (IN)
                         net (fo=347994, unset)       0.013     0.013    bd_0_i/hls_inst/inst/grp_Hybrid_INT4_INT4_PD_fu_2625/col_gen[1].row_gen[26].dsp_core/ap_clk
    SLICE_X130Y246       FDRE                                         r  bd_0_i/hls_inst/inst/grp_Hybrid_INT4_INT4_PD_fu_2625/col_gen[1].row_gen[26].dsp_core/LSB_Res4_r2_reg[2]/C
  -------------------------------------------------------------------    -------------------
    SLICE_X130Y246       FDRE (Prop_HFF_SLICEL_C_Q)
                                                      0.039     0.052 r  bd_0_i/hls_inst/inst/grp_Hybrid_INT4_INT4_PD_fu_2625/col_gen[1].row_gen[26].dsp_core/LSB_Res4_r2_reg[2]/Q
                         net (fo=1, routed)           0.033     0.085    bd_0_i/hls_inst/inst/grp_Hybrid_INT4_INT4_PD_fu_2625/col_gen[1].row_gen[26].dsp_core/LSB_Res4_r2[2]
    SLICE_X130Y246       FDRE                                         r  bd_0_i/hls_inst/inst/grp_Hybrid_INT4_INT4_PD_fu_2625/col_gen[1].row_gen[26].dsp_core/LSB_Res4_r3_reg[2]/D
  -------------------------------------------------------------------    -------------------

                         (clock ap_clk rise edge)     0.000     0.000 r  
                                                      0.000     0.000 r  ap_clk (IN)
                         net (fo=347994, unset)       0.019     0.019    bd_0_i/hls_inst/inst/grp_Hybrid_INT4_INT4_PD_fu_2625/col_gen[1].row_gen[26].dsp_core/ap_clk
    SLICE_X130Y246       FDRE                                         r  bd_0_i/hls_inst/inst/grp_Hybrid_INT4_INT4_PD_fu_2625/col_gen[1].row_gen[26].dsp_core/LSB_Res4_r3_reg[2]/C
                         clock pessimism              0.000     0.019    
    SLICE_X130Y246       FDRE (Hold_HFF2_SLICEL_C_D)
                                                      0.047     0.066    bd_0_i/hls_inst/inst/grp_Hybrid_INT4_INT4_PD_fu_2625/col_gen[1].row_gen[26].dsp_core/LSB_Res4_r3_reg[2]
  -------------------------------------------------------------------
                         required time                         -0.066    
                         arrival time                           0.085    
  -------------------------------------------------------------------
                         slack                                  0.019    

Slack (MET) :             0.019ns  (arrival time - required time)
  Source:                 bd_0_i/hls_inst/inst/grp_Hybrid_INT4_INT4_PD_fu_2625/col_gen[21].row_gen[36].dsp_core/LSB_Res4_r2_reg[0]/C
                            (rising edge-triggered cell FDRE clocked by ap_clk  {rise@0.000ns fall@1.923ns period=3.846ns})
  Destination:            bd_0_i/hls_inst/inst/grp_Hybrid_INT4_INT4_PD_fu_2625/col_gen[21].row_gen[36].dsp_core/LSB_Res4_r3_reg[0]/D
                            (rising edge-triggered cell FDRE clocked by ap_clk  {rise@0.000ns fall@1.923ns period=3.846ns})
  Path Group:             ap_clk
  Path Type:              Hold (Min at Fast Process Corner)
  Requirement:            0.000ns  (ap_clk rise@0.000ns - ap_clk rise@0.000ns)
  Data Path Delay:        0.072ns  (logic 0.039ns (54.167%)  route 0.033ns (45.833%))
  Logic Levels:           0  
  Clock Path Skew:        0.006ns (DCD - SCD - CPR)
    Destination Clock Delay (DCD):    0.019ns
    Source Clock Delay      (SCD):    0.013ns
    Clock Pessimism Removal (CPR):    -0.000ns

    Location             Delay type                Incr(ns)  Path(ns)    Netlist Resource(s)
  -------------------------------------------------------------------    -------------------
                         (clock ap_clk rise edge)     0.000     0.000 r  
                                                      0.000     0.000 r  ap_clk (IN)
                         net (fo=347994, unset)       0.013     0.013    bd_0_i/hls_inst/inst/grp_Hybrid_INT4_INT4_PD_fu_2625/col_gen[21].row_gen[36].dsp_core/ap_clk
    SLICE_X163Y161       FDRE                                         r  bd_0_i/hls_inst/inst/grp_Hybrid_INT4_INT4_PD_fu_2625/col_gen[21].row_gen[36].dsp_core/LSB_Res4_r2_reg[0]/C
  -------------------------------------------------------------------    -------------------
    SLICE_X163Y161       FDRE (Prop_HFF_SLICEL_C_Q)
                                                      0.039     0.052 r  bd_0_i/hls_inst/inst/grp_Hybrid_INT4_INT4_PD_fu_2625/col_gen[21].row_gen[36].dsp_core/LSB_Res4_r2_reg[0]/Q
                         net (fo=1, routed)           0.033     0.085    bd_0_i/hls_inst/inst/grp_Hybrid_INT4_INT4_PD_fu_2625/col_gen[21].row_gen[36].dsp_core/LSB_Res4_r2[0]
    SLICE_X163Y161       FDRE                                         r  bd_0_i/hls_inst/inst/grp_Hybrid_INT4_INT4_PD_fu_2625/col_gen[21].row_gen[36].dsp_core/LSB_Res4_r3_reg[0]/D
  -------------------------------------------------------------------    -------------------

                         (clock ap_clk rise edge)     0.000     0.000 r  
                                                      0.000     0.000 r  ap_clk (IN)
                         net (fo=347994, unset)       0.019     0.019    bd_0_i/hls_inst/inst/grp_Hybrid_INT4_INT4_PD_fu_2625/col_gen[21].row_gen[36].dsp_core/ap_clk
    SLICE_X163Y161       FDRE                                         r  bd_0_i/hls_inst/inst/grp_Hybrid_INT4_INT4_PD_fu_2625/col_gen[21].row_gen[36].dsp_core/LSB_Res4_r3_reg[0]/C
                         clock pessimism              0.000     0.019    
    SLICE_X163Y161       FDRE (Hold_HFF2_SLICEL_C_D)
                                                      0.047     0.066    bd_0_i/hls_inst/inst/grp_Hybrid_INT4_INT4_PD_fu_2625/col_gen[21].row_gen[36].dsp_core/LSB_Res4_r3_reg[0]
  -------------------------------------------------------------------
                         required time                         -0.066    
                         arrival time                           0.085    
  -------------------------------------------------------------------
                         slack                                  0.019    

Slack (MET) :             0.019ns  (arrival time - required time)
  Source:                 bd_0_i/hls_inst/inst/grp_Hybrid_INT4_INT4_PD_fu_2625/col_gen[24].row_gen[47].dsp_core/signs_r2_reg[8]/C
                            (rising edge-triggered cell FDRE clocked by ap_clk  {rise@0.000ns fall@1.923ns period=3.846ns})
  Destination:            bd_0_i/hls_inst/inst/grp_Hybrid_INT4_INT4_PD_fu_2625/col_gen[24].row_gen[47].dsp_core/signs_r3_reg[8]/D
                            (rising edge-triggered cell FDRE clocked by ap_clk  {rise@0.000ns fall@1.923ns period=3.846ns})
  Path Group:             ap_clk
  Path Type:              Hold (Min at Fast Process Corner)
  Requirement:            0.000ns  (ap_clk rise@0.000ns - ap_clk rise@0.000ns)
  Data Path Delay:        0.072ns  (logic 0.039ns (54.167%)  route 0.033ns (45.833%))
  Logic Levels:           0  
  Clock Path Skew:        0.006ns (DCD - SCD - CPR)
    Destination Clock Delay (DCD):    0.019ns
    Source Clock Delay      (SCD):    0.013ns
    Clock Pessimism Removal (CPR):    -0.000ns

    Location             Delay type                Incr(ns)  Path(ns)    Netlist Resource(s)
  -------------------------------------------------------------------    -------------------
                         (clock ap_clk rise edge)     0.000     0.000 r  
                                                      0.000     0.000 r  ap_clk (IN)
                         net (fo=347994, unset)       0.013     0.013    bd_0_i/hls_inst/inst/grp_Hybrid_INT4_INT4_PD_fu_2625/col_gen[24].row_gen[47].dsp_core/ap_clk
    SLICE_X75Y39         FDRE                                         r  bd_0_i/hls_inst/inst/grp_Hybrid_INT4_INT4_PD_fu_2625/col_gen[24].row_gen[47].dsp_core/signs_r2_reg[8]/C
  -------------------------------------------------------------------    -------------------
    SLICE_X75Y39         FDRE (Prop_HFF_SLICEL_C_Q)
                                                      0.039     0.052 r  bd_0_i/hls_inst/inst/grp_Hybrid_INT4_INT4_PD_fu_2625/col_gen[24].row_gen[47].dsp_core/signs_r2_reg[8]/Q
                         net (fo=1, routed)           0.033     0.085    bd_0_i/hls_inst/inst/grp_Hybrid_INT4_INT4_PD_fu_2625/col_gen[24].row_gen[47].dsp_core/signs_r2[8]
    SLICE_X75Y39         FDRE                                         r  bd_0_i/hls_inst/inst/grp_Hybrid_INT4_INT4_PD_fu_2625/col_gen[24].row_gen[47].dsp_core/signs_r3_reg[8]/D
  -------------------------------------------------------------------    -------------------

                         (clock ap_clk rise edge)     0.000     0.000 r  
                                                      0.000     0.000 r  ap_clk (IN)
                         net (fo=347994, unset)       0.019     0.019    bd_0_i/hls_inst/inst/grp_Hybrid_INT4_INT4_PD_fu_2625/col_gen[24].row_gen[47].dsp_core/ap_clk
    SLICE_X75Y39         FDRE                                         r  bd_0_i/hls_inst/inst/grp_Hybrid_INT4_INT4_PD_fu_2625/col_gen[24].row_gen[47].dsp_core/signs_r3_reg[8]/C
                         clock pessimism              0.000     0.019    
    SLICE_X75Y39         FDRE (Hold_HFF2_SLICEL_C_D)
                                                      0.047     0.066    bd_0_i/hls_inst/inst/grp_Hybrid_INT4_INT4_PD_fu_2625/col_gen[24].row_gen[47].dsp_core/signs_r3_reg[8]
  -------------------------------------------------------------------
                         required time                         -0.066    
                         arrival time                           0.085    
  -------------------------------------------------------------------
                         slack                                  0.019    

Slack (MET) :             0.019ns  (arrival time - required time)
  Source:                 bd_0_i/hls_inst/inst/grp_Hybrid_INT4_INT4_PD_fu_2625/col_gen[27].row_gen[27].dsp_core/LSB_Res7_r2_reg[1]/C
                            (rising edge-triggered cell FDRE clocked by ap_clk  {rise@0.000ns fall@1.923ns period=3.846ns})
  Destination:            bd_0_i/hls_inst/inst/grp_Hybrid_INT4_INT4_PD_fu_2625/col_gen[27].row_gen[27].dsp_core/LSB_Res7_r3_reg[1]/D
                            (rising edge-triggered cell FDRE clocked by ap_clk  {rise@0.000ns fall@1.923ns period=3.846ns})
  Path Group:             ap_clk
  Path Type:              Hold (Min at Fast Process Corner)
  Requirement:            0.000ns  (ap_clk rise@0.000ns - ap_clk rise@0.000ns)
  Data Path Delay:        0.072ns  (logic 0.039ns (54.167%)  route 0.033ns (45.833%))
  Logic Levels:           0  
  Clock Path Skew:        0.006ns (DCD - SCD - CPR)
    Destination Clock Delay (DCD):    0.019ns
    Source Clock Delay      (SCD):    0.013ns
    Clock Pessimism Removal (CPR):    -0.000ns

    Location             Delay type                Incr(ns)  Path(ns)    Netlist Resource(s)
  -------------------------------------------------------------------    -------------------
                         (clock ap_clk rise edge)     0.000     0.000 r  
                                                      0.000     0.000 r  ap_clk (IN)
                         net (fo=347994, unset)       0.013     0.013    bd_0_i/hls_inst/inst/grp_Hybrid_INT4_INT4_PD_fu_2625/col_gen[27].row_gen[27].dsp_core/ap_clk
    SLICE_X173Y411       FDRE                                         r  bd_0_i/hls_inst/inst/grp_Hybrid_INT4_INT4_PD_fu_2625/col_gen[27].row_gen[27].dsp_core/LSB_Res7_r2_reg[1]/C
  -------------------------------------------------------------------    -------------------
    SLICE_X173Y411       FDRE (Prop_HFF_SLICEL_C_Q)
                                                      0.039     0.052 r  bd_0_i/hls_inst/inst/grp_Hybrid_INT4_INT4_PD_fu_2625/col_gen[27].row_gen[27].dsp_core/LSB_Res7_r2_reg[1]/Q
                         net (fo=1, routed)           0.033     0.085    bd_0_i/hls_inst/inst/grp_Hybrid_INT4_INT4_PD_fu_2625/col_gen[27].row_gen[27].dsp_core/LSB_Res7_r2[1]
    SLICE_X173Y411       FDRE                                         r  bd_0_i/hls_inst/inst/grp_Hybrid_INT4_INT4_PD_fu_2625/col_gen[27].row_gen[27].dsp_core/LSB_Res7_r3_reg[1]/D
  -------------------------------------------------------------------    -------------------

                         (clock ap_clk rise edge)     0.000     0.000 r  
                                                      0.000     0.000 r  ap_clk (IN)
                         net (fo=347994, unset)       0.019     0.019    bd_0_i/hls_inst/inst/grp_Hybrid_INT4_INT4_PD_fu_2625/col_gen[27].row_gen[27].dsp_core/ap_clk
    SLICE_X173Y411       FDRE                                         r  bd_0_i/hls_inst/inst/grp_Hybrid_INT4_INT4_PD_fu_2625/col_gen[27].row_gen[27].dsp_core/LSB_Res7_r3_reg[1]/C
                         clock pessimism              0.000     0.019    
    SLICE_X173Y411       FDRE (Hold_HFF2_SLICEL_C_D)
                                                      0.047     0.066    bd_0_i/hls_inst/inst/grp_Hybrid_INT4_INT4_PD_fu_2625/col_gen[27].row_gen[27].dsp_core/LSB_Res7_r3_reg[1]
  -------------------------------------------------------------------
                         required time                         -0.066    
                         arrival time                           0.085    
  -------------------------------------------------------------------
                         slack                                  0.019    

Slack (MET) :             0.019ns  (arrival time - required time)
  Source:                 bd_0_i/hls_inst/inst/grp_Hybrid_INT4_INT4_PD_fu_2625/col_gen[27].row_gen[28].dsp_core/LSB_Res4_r2_reg[1]/C
                            (rising edge-triggered cell FDRE clocked by ap_clk  {rise@0.000ns fall@1.923ns period=3.846ns})
  Destination:            bd_0_i/hls_inst/inst/grp_Hybrid_INT4_INT4_PD_fu_2625/col_gen[27].row_gen[28].dsp_core/LSB_Res4_r3_reg[1]/D
                            (rising edge-triggered cell FDRE clocked by ap_clk  {rise@0.000ns fall@1.923ns period=3.846ns})
  Path Group:             ap_clk
  Path Type:              Hold (Min at Fast Process Corner)
  Requirement:            0.000ns  (ap_clk rise@0.000ns - ap_clk rise@0.000ns)
  Data Path Delay:        0.072ns  (logic 0.039ns (54.167%)  route 0.033ns (45.833%))
  Logic Levels:           0  
  Clock Path Skew:        0.006ns (DCD - SCD - CPR)
    Destination Clock Delay (DCD):    0.019ns
    Source Clock Delay      (SCD):    0.013ns
    Clock Pessimism Removal (CPR):    -0.000ns

    Location             Delay type                Incr(ns)  Path(ns)    Netlist Resource(s)
  -------------------------------------------------------------------    -------------------
                         (clock ap_clk rise edge)     0.000     0.000 r  
                                                      0.000     0.000 r  ap_clk (IN)
                         net (fo=347994, unset)       0.013     0.013    bd_0_i/hls_inst/inst/grp_Hybrid_INT4_INT4_PD_fu_2625/col_gen[27].row_gen[28].dsp_core/ap_clk
    SLICE_X189Y338       FDRE                                         r  bd_0_i/hls_inst/inst/grp_Hybrid_INT4_INT4_PD_fu_2625/col_gen[27].row_gen[28].dsp_core/LSB_Res4_r2_reg[1]/C
  -------------------------------------------------------------------    -------------------
    SLICE_X189Y338       FDRE (Prop_HFF_SLICEL_C_Q)
                                                      0.039     0.052 r  bd_0_i/hls_inst/inst/grp_Hybrid_INT4_INT4_PD_fu_2625/col_gen[27].row_gen[28].dsp_core/LSB_Res4_r2_reg[1]/Q
                         net (fo=1, routed)           0.033     0.085    bd_0_i/hls_inst/inst/grp_Hybrid_INT4_INT4_PD_fu_2625/col_gen[27].row_gen[28].dsp_core/LSB_Res4_r2[1]
    SLICE_X189Y338       FDRE                                         r  bd_0_i/hls_inst/inst/grp_Hybrid_INT4_INT4_PD_fu_2625/col_gen[27].row_gen[28].dsp_core/LSB_Res4_r3_reg[1]/D
  -------------------------------------------------------------------    -------------------

                         (clock ap_clk rise edge)     0.000     0.000 r  
                                                      0.000     0.000 r  ap_clk (IN)
                         net (fo=347994, unset)       0.019     0.019    bd_0_i/hls_inst/inst/grp_Hybrid_INT4_INT4_PD_fu_2625/col_gen[27].row_gen[28].dsp_core/ap_clk
    SLICE_X189Y338       FDRE                                         r  bd_0_i/hls_inst/inst/grp_Hybrid_INT4_INT4_PD_fu_2625/col_gen[27].row_gen[28].dsp_core/LSB_Res4_r3_reg[1]/C
                         clock pessimism              0.000     0.019    
    SLICE_X189Y338       FDRE (Hold_HFF2_SLICEL_C_D)
                                                      0.047     0.066    bd_0_i/hls_inst/inst/grp_Hybrid_INT4_INT4_PD_fu_2625/col_gen[27].row_gen[28].dsp_core/LSB_Res4_r3_reg[1]
  -------------------------------------------------------------------
                         required time                         -0.066    
                         arrival time                           0.085    
  -------------------------------------------------------------------
                         slack                                  0.019    

Slack (MET) :             0.019ns  (arrival time - required time)
  Source:                 bd_0_i/hls_inst/inst/grp_Hybrid_INT4_INT4_PD_fu_2625/col_gen[27].row_gen[48].dsp_core/mode_r2_reg/C
                            (rising edge-triggered cell FDRE clocked by ap_clk  {rise@0.000ns fall@1.923ns period=3.846ns})
  Destination:            bd_0_i/hls_inst/inst/grp_Hybrid_INT4_INT4_PD_fu_2625/col_gen[27].row_gen[48].dsp_core/mode_r3_reg/D
                            (rising edge-triggered cell FDRE clocked by ap_clk  {rise@0.000ns fall@1.923ns period=3.846ns})
  Path Group:             ap_clk
  Path Type:              Hold (Min at Fast Process Corner)
  Requirement:            0.000ns  (ap_clk rise@0.000ns - ap_clk rise@0.000ns)
  Data Path Delay:        0.072ns  (logic 0.039ns (54.167%)  route 0.033ns (45.833%))
  Logic Levels:           0  
  Clock Path Skew:        0.006ns (DCD - SCD - CPR)
    Destination Clock Delay (DCD):    0.019ns
    Source Clock Delay      (SCD):    0.013ns
    Clock Pessimism Removal (CPR):    -0.000ns

    Location             Delay type                Incr(ns)  Path(ns)    Netlist Resource(s)
  -------------------------------------------------------------------    -------------------
                         (clock ap_clk rise edge)     0.000     0.000 r  
                                                      0.000     0.000 r  ap_clk (IN)
                         net (fo=347994, unset)       0.013     0.013    bd_0_i/hls_inst/inst/grp_Hybrid_INT4_INT4_PD_fu_2625/col_gen[27].row_gen[48].dsp_core/ap_clk
    SLICE_X86Y212        FDRE                                         r  bd_0_i/hls_inst/inst/grp_Hybrid_INT4_INT4_PD_fu_2625/col_gen[27].row_gen[48].dsp_core/mode_r2_reg/C
  -------------------------------------------------------------------    -------------------
    SLICE_X86Y212        FDRE (Prop_HFF_SLICEL_C_Q)
                                                      0.039     0.052 r  bd_0_i/hls_inst/inst/grp_Hybrid_INT4_INT4_PD_fu_2625/col_gen[27].row_gen[48].dsp_core/mode_r2_reg/Q
                         net (fo=1, routed)           0.033     0.085    bd_0_i/hls_inst/inst/grp_Hybrid_INT4_INT4_PD_fu_2625/col_gen[27].row_gen[48].dsp_core/mode_r2
    SLICE_X86Y212        FDRE                                         r  bd_0_i/hls_inst/inst/grp_Hybrid_INT4_INT4_PD_fu_2625/col_gen[27].row_gen[48].dsp_core/mode_r3_reg/D
  -------------------------------------------------------------------    -------------------

                         (clock ap_clk rise edge)     0.000     0.000 r  
                                                      0.000     0.000 r  ap_clk (IN)
                         net (fo=347994, unset)       0.019     0.019    bd_0_i/hls_inst/inst/grp_Hybrid_INT4_INT4_PD_fu_2625/col_gen[27].row_gen[48].dsp_core/ap_clk
    SLICE_X86Y212        FDRE                                         r  bd_0_i/hls_inst/inst/grp_Hybrid_INT4_INT4_PD_fu_2625/col_gen[27].row_gen[48].dsp_core/mode_r3_reg/C
                         clock pessimism              0.000     0.019    
    SLICE_X86Y212        FDRE (Hold_HFF2_SLICEL_C_D)
                                                      0.047     0.066    bd_0_i/hls_inst/inst/grp_Hybrid_INT4_INT4_PD_fu_2625/col_gen[27].row_gen[48].dsp_core/mode_r3_reg
  -------------------------------------------------------------------
                         required time                         -0.066    
                         arrival time                           0.085    
  -------------------------------------------------------------------
                         slack                                  0.019    





Pulse Width Checks
--------------------------------------------------------------------------------------
Clock Name:         ap_clk
Waveform(ns):       { 0.000 1.923 }
Period(ns):         3.846
Sources:            { ap_clk }

Check Type        Corner  Lib Pin             Reference Pin  Required(ns)  Actual(ns)  Slack(ns)  Location      Pin
Min Period        n/a     RAMB36E2/CLKARDCLK  n/a            1.569         3.846       2.277      RAMB36_X9Y55  bd_0_i/hls_inst/inst/gmem_act_m_axi_U/load_unit/buff_rdata/U_fifo_mem/mem_reg_0/CLKARDCLK
Min Period        n/a     RAMB36E2/CLKBWRCLK  n/a            1.569         3.846       2.277      RAMB36_X9Y55  bd_0_i/hls_inst/inst/gmem_act_m_axi_U/load_unit/buff_rdata/U_fifo_mem/mem_reg_0/CLKBWRCLK
Min Period        n/a     RAMB36E2/CLKARDCLK  n/a            1.569         3.846       2.277      RAMB36_X9Y54  bd_0_i/hls_inst/inst/gmem_act_m_axi_U/load_unit/buff_rdata/U_fifo_mem/mem_reg_1/CLKARDCLK
Min Period        n/a     RAMB36E2/CLKBWRCLK  n/a            1.569         3.846       2.277      RAMB36_X9Y54  bd_0_i/hls_inst/inst/gmem_act_m_axi_U/load_unit/buff_rdata/U_fifo_mem/mem_reg_1/CLKBWRCLK
Min Period        n/a     RAMB36E2/CLKARDCLK  n/a            1.569         3.846       2.277      RAMB36_X9Y53  bd_0_i/hls_inst/inst/gmem_act_m_axi_U/load_unit/buff_rdata/U_fifo_mem/mem_reg_2/CLKARDCLK
Min Period        n/a     RAMB36E2/CLKBWRCLK  n/a            1.569         3.846       2.277      RAMB36_X9Y53  bd_0_i/hls_inst/inst/gmem_act_m_axi_U/load_unit/buff_rdata/U_fifo_mem/mem_reg_2/CLKBWRCLK
Min Period        n/a     RAMB36E2/CLKARDCLK  n/a            1.569         3.846       2.277      RAMB36_X9Y56  bd_0_i/hls_inst/inst/gmem_act_m_axi_U/load_unit/buff_rdata/U_fifo_mem/mem_reg_3/CLKARDCLK
Min Period        n/a     RAMB36E2/CLKBWRCLK  n/a            1.569         3.846       2.277      RAMB36_X9Y56  bd_0_i/hls_inst/inst/gmem_act_m_axi_U/load_unit/buff_rdata/U_fifo_mem/mem_reg_3/CLKBWRCLK
Min Period        n/a     RAMB36E2/CLKARDCLK  n/a            1.569         3.846       2.277      RAMB36_X8Y55  bd_0_i/hls_inst/inst/gmem_act_m_axi_U/load_unit/buff_rdata/U_fifo_mem/mem_reg_4/CLKARDCLK
Min Period        n/a     RAMB36E2/CLKBWRCLK  n/a            1.569         3.846       2.277      RAMB36_X8Y55  bd_0_i/hls_inst/inst/gmem_act_m_axi_U/load_unit/buff_rdata/U_fifo_mem/mem_reg_4/CLKBWRCLK
Low Pulse Width   Slow    RAMB36E2/CLKARDCLK  n/a            0.542         1.923       1.381      RAMB36_X9Y55  bd_0_i/hls_inst/inst/gmem_act_m_axi_U/load_unit/buff_rdata/U_fifo_mem/mem_reg_0/CLKARDCLK
Low Pulse Width   Fast    RAMB36E2/CLKARDCLK  n/a            0.542         1.923       1.381      RAMB36_X9Y55  bd_0_i/hls_inst/inst/gmem_act_m_axi_U/load_unit/buff_rdata/U_fifo_mem/mem_reg_0/CLKARDCLK
Low Pulse Width   Slow    RAMB36E2/CLKBWRCLK  n/a            0.542         1.923       1.381      RAMB36_X9Y55  bd_0_i/hls_inst/inst/gmem_act_m_axi_U/load_unit/buff_rdata/U_fifo_mem/mem_reg_0/CLKBWRCLK
Low Pulse Width   Fast    RAMB36E2/CLKBWRCLK  n/a            0.542         1.923       1.381      RAMB36_X9Y55  bd_0_i/hls_inst/inst/gmem_act_m_axi_U/load_unit/buff_rdata/U_fifo_mem/mem_reg_0/CLKBWRCLK
Low Pulse Width   Slow    RAMB36E2/CLKARDCLK  n/a            0.542         1.923       1.381      RAMB36_X9Y54  bd_0_i/hls_inst/inst/gmem_act_m_axi_U/load_unit/buff_rdata/U_fifo_mem/mem_reg_1/CLKARDCLK
Low Pulse Width   Fast    RAMB36E2/CLKARDCLK  n/a            0.542         1.923       1.381      RAMB36_X9Y54  bd_0_i/hls_inst/inst/gmem_act_m_axi_U/load_unit/buff_rdata/U_fifo_mem/mem_reg_1/CLKARDCLK
Low Pulse Width   Slow    RAMB36E2/CLKBWRCLK  n/a            0.542         1.923       1.381      RAMB36_X9Y54  bd_0_i/hls_inst/inst/gmem_act_m_axi_U/load_unit/buff_rdata/U_fifo_mem/mem_reg_1/CLKBWRCLK
Low Pulse Width   Fast    RAMB36E2/CLKBWRCLK  n/a            0.542         1.923       1.381      RAMB36_X9Y54  bd_0_i/hls_inst/inst/gmem_act_m_axi_U/load_unit/buff_rdata/U_fifo_mem/mem_reg_1/CLKBWRCLK
Low Pulse Width   Slow    RAMB36E2/CLKARDCLK  n/a            0.542         1.923       1.381      RAMB36_X9Y53  bd_0_i/hls_inst/inst/gmem_act_m_axi_U/load_unit/buff_rdata/U_fifo_mem/mem_reg_2/CLKARDCLK
Low Pulse Width   Fast    RAMB36E2/CLKARDCLK  n/a            0.542         1.923       1.381      RAMB36_X9Y53  bd_0_i/hls_inst/inst/gmem_act_m_axi_U/load_unit/buff_rdata/U_fifo_mem/mem_reg_2/CLKARDCLK
High Pulse Width  Slow    RAMB36E2/CLKARDCLK  n/a            0.542         1.923       1.381      RAMB36_X9Y55  bd_0_i/hls_inst/inst/gmem_act_m_axi_U/load_unit/buff_rdata/U_fifo_mem/mem_reg_0/CLKARDCLK
High Pulse Width  Fast    RAMB36E2/CLKARDCLK  n/a            0.542         1.923       1.381      RAMB36_X9Y55  bd_0_i/hls_inst/inst/gmem_act_m_axi_U/load_unit/buff_rdata/U_fifo_mem/mem_reg_0/CLKARDCLK
High Pulse Width  Slow    RAMB36E2/CLKBWRCLK  n/a            0.542         1.923       1.381      RAMB36_X9Y55  bd_0_i/hls_inst/inst/gmem_act_m_axi_U/load_unit/buff_rdata/U_fifo_mem/mem_reg_0/CLKBWRCLK
High Pulse Width  Fast    RAMB36E2/CLKBWRCLK  n/a            0.542         1.923       1.381      RAMB36_X9Y55  bd_0_i/hls_inst/inst/gmem_act_m_axi_U/load_unit/buff_rdata/U_fifo_mem/mem_reg_0/CLKBWRCLK
High Pulse Width  Slow    RAMB36E2/CLKARDCLK  n/a            0.542         1.923       1.381      RAMB36_X9Y54  bd_0_i/hls_inst/inst/gmem_act_m_axi_U/load_unit/buff_rdata/U_fifo_mem/mem_reg_1/CLKARDCLK
High Pulse Width  Fast    RAMB36E2/CLKARDCLK  n/a            0.542         1.923       1.381      RAMB36_X9Y54  bd_0_i/hls_inst/inst/gmem_act_m_axi_U/load_unit/buff_rdata/U_fifo_mem/mem_reg_1/CLKARDCLK
High Pulse Width  Slow    RAMB36E2/CLKBWRCLK  n/a            0.542         1.923       1.381      RAMB36_X9Y54  bd_0_i/hls_inst/inst/gmem_act_m_axi_U/load_unit/buff_rdata/U_fifo_mem/mem_reg_1/CLKBWRCLK
High Pulse Width  Fast    RAMB36E2/CLKBWRCLK  n/a            0.542         1.923       1.381      RAMB36_X9Y54  bd_0_i/hls_inst/inst/gmem_act_m_axi_U/load_unit/buff_rdata/U_fifo_mem/mem_reg_1/CLKBWRCLK
High Pulse Width  Slow    RAMB36E2/CLKARDCLK  n/a            0.542         1.923       1.381      RAMB36_X9Y53  bd_0_i/hls_inst/inst/gmem_act_m_axi_U/load_unit/buff_rdata/U_fifo_mem/mem_reg_2/CLKARDCLK
High Pulse Width  Fast    RAMB36E2/CLKARDCLK  n/a            0.542         1.923       1.381      RAMB36_X9Y53  bd_0_i/hls_inst/inst/gmem_act_m_axi_U/load_unit/buff_rdata/U_fifo_mem/mem_reg_2/CLKARDCLK



--------------------------------------------------------------------------------------
Path Group:  (none)
From Clock:  ap_clk
  To Clock:  

Max Delay           815 Endpoints
Min Delay           815 Endpoints
--------------------------------------------------------------------------------------


Max Delay Paths
--------------------------------------------------------------------------------------
Slack:                    inf
  Source:                 bd_0_i/hls_inst/inst/gmem_out_m_axi_U/bus_write/wreq_throttle/flying_req_reg/C
                            (rising edge-triggered cell FDRE clocked by ap_clk  {rise@0.000ns fall@1.923ns period=3.846ns})
  Destination:            m_axi_gmem_out_wvalid
                            (output port)
  Path Group:             (none)
  Path Type:              Max at Slow Process Corner
  Data Path Delay:        0.820ns  (logic 0.212ns (25.859%)  route 0.608ns (74.141%))
  Logic Levels:           1  (LUT3=1)
  Clock Uncertainty:      0.025ns  ((TSJ^2 + TIJ^2)^1/2 + DJ) / 2 + PE
    Total System Jitter     (TSJ):    0.050ns
    Total Input Jitter      (TIJ):    0.000ns
    Discrete Jitter          (DJ):    0.000ns
    Phase Error              (PE):    0.000ns

    Location             Delay type                Incr(ns)  Path(ns)    Netlist Resource(s)
  -------------------------------------------------------------------    -------------------
                         (clock ap_clk rise edge)     0.000     0.000 r  
                                                      0.000     0.000 r  ap_clk (IN)
                         net (fo=347994, unset)       0.029     0.029    bd_0_i/hls_inst/inst/gmem_out_m_axi_U/bus_write/wreq_throttle/ap_clk
    SLICE_X165Y330       FDRE                                         r  bd_0_i/hls_inst/inst/gmem_out_m_axi_U/bus_write/wreq_throttle/flying_req_reg/C
  -------------------------------------------------------------------    -------------------
    SLICE_X165Y330       FDRE (Prop_EFF_SLICEL_C_Q)
                                                      0.079     0.108 r  bd_0_i/hls_inst/inst/gmem_out_m_axi_U/bus_write/wreq_throttle/flying_req_reg/Q
                         net (fo=7, routed)           0.587     0.695    bd_0_i/hls_inst/inst/gmem_out_m_axi_U/bus_write/wreq_throttle/data_fifo/flying_req_reg
    SLICE_X174Y290       LUT3 (Prop_D5LUT_SLICEL_I0_O)
                                                      0.133     0.828 r  bd_0_i/hls_inst/inst/gmem_out_m_axi_U/bus_write/wreq_throttle/data_fifo/m_axi_gmem_out_WVALID_INST_0/O
                         net (fo=0)                   0.021     0.849    m_axi_gmem_out_wvalid
                                                                      r  m_axi_gmem_out_wvalid (OUT)
  -------------------------------------------------------------------    -------------------

Slack:                    inf
  Source:                 bd_0_i/hls_inst/inst/gmem_act_m_axi_U/bus_read/rreq_burst_conv/could_multi_bursts.len_buf_reg[1]/C
                            (rising edge-triggered cell FDRE clocked by ap_clk  {rise@0.000ns fall@1.923ns period=3.846ns})
  Destination:            m_axi_gmem_act_arlen[1]
                            (output port)
  Path Group:             (none)
  Path Type:              Max at Slow Process Corner
  Data Path Delay:        0.080ns  (logic 0.080ns (100.000%)  route 0.000ns (0.000%))
  Logic Levels:           0  
  Clock Uncertainty:      0.025ns  ((TSJ^2 + TIJ^2)^1/2 + DJ) / 2 + PE
    Total System Jitter     (TSJ):    0.050ns
    Total Input Jitter      (TIJ):    0.000ns
    Discrete Jitter          (DJ):    0.000ns
    Phase Error              (PE):    0.000ns

    Location             Delay type                Incr(ns)  Path(ns)    Netlist Resource(s)
  -------------------------------------------------------------------    -------------------
                         (clock ap_clk rise edge)     0.000     0.000 r  
                                                      0.000     0.000 r  ap_clk (IN)
                         net (fo=347994, unset)       0.030     0.030    bd_0_i/hls_inst/inst/gmem_act_m_axi_U/bus_read/rreq_burst_conv/ap_clk
    SLICE_X121Y312       FDRE                                         r  bd_0_i/hls_inst/inst/gmem_act_m_axi_U/bus_read/rreq_burst_conv/could_multi_bursts.len_buf_reg[1]/C
  -------------------------------------------------------------------    -------------------
    SLICE_X121Y312       FDRE (Prop_DFF2_SLICEM_C_Q)
                                                      0.080     0.110 r  bd_0_i/hls_inst/inst/gmem_act_m_axi_U/bus_read/rreq_burst_conv/could_multi_bursts.len_buf_reg[1]/Q
                         net (fo=0)                   0.000     0.110    m_axi_gmem_act_arlen[1]
                                                                      r  m_axi_gmem_act_arlen[1] (OUT)
  -------------------------------------------------------------------    -------------------

Slack:                    inf
  Source:                 bd_0_i/hls_inst/inst/gmem_m_axi_U/bus_read/rreq_burst_conv/could_multi_bursts.len_buf_reg[1]/C
                            (rising edge-triggered cell FDRE clocked by ap_clk  {rise@0.000ns fall@1.923ns period=3.846ns})
  Destination:            m_axi_gmem_arlen[1]
                            (output port)
  Path Group:             (none)
  Path Type:              Max at Slow Process Corner
  Data Path Delay:        0.081ns  (logic 0.081ns (100.000%)  route 0.000ns (0.000%))
  Logic Levels:           0  
  Clock Uncertainty:      0.025ns  ((TSJ^2 + TIJ^2)^1/2 + DJ) / 2 + PE
    Total System Jitter     (TSJ):    0.050ns
    Total Input Jitter      (TIJ):    0.000ns
    Discrete Jitter          (DJ):    0.000ns
    Phase Error              (PE):    0.000ns

    Location             Delay type                Incr(ns)  Path(ns)    Netlist Resource(s)
  -------------------------------------------------------------------    -------------------
                         (clock ap_clk rise edge)     0.000     0.000 r  
                                                      0.000     0.000 r  ap_clk (IN)
                         net (fo=347994, unset)       0.029     0.029    bd_0_i/hls_inst/inst/gmem_m_axi_U/bus_read/rreq_burst_conv/ap_clk
    SLICE_X131Y316       FDRE                                         r  bd_0_i/hls_inst/inst/gmem_m_axi_U/bus_read/rreq_burst_conv/could_multi_bursts.len_buf_reg[1]/C
  -------------------------------------------------------------------    -------------------
    SLICE_X131Y316       FDRE (Prop_GFF2_SLICEL_C_Q)
                                                      0.081     0.110 r  bd_0_i/hls_inst/inst/gmem_m_axi_U/bus_read/rreq_burst_conv/could_multi_bursts.len_buf_reg[1]/Q
                         net (fo=0)                   0.000     0.110    m_axi_gmem_arlen[1]
                                                                      r  m_axi_gmem_arlen[1] (OUT)
  -------------------------------------------------------------------    -------------------

Slack:                    inf
  Source:                 bd_0_i/hls_inst/inst/gmem_m_axi_U/bus_read/rreq_burst_conv/could_multi_bursts.len_buf_reg[3]/C
                            (rising edge-triggered cell FDRE clocked by ap_clk  {rise@0.000ns fall@1.923ns period=3.846ns})
  Destination:            m_axi_gmem_arlen[3]
                            (output port)
  Path Group:             (none)
  Path Type:              Max at Slow Process Corner
  Data Path Delay:        0.081ns  (logic 0.081ns (100.000%)  route 0.000ns (0.000%))
  Logic Levels:           0  
  Clock Uncertainty:      0.025ns  ((TSJ^2 + TIJ^2)^1/2 + DJ) / 2 + PE
    Total System Jitter     (TSJ):    0.050ns
    Total Input Jitter      (TIJ):    0.000ns
    Discrete Jitter          (DJ):    0.000ns
    Phase Error              (PE):    0.000ns

    Location             Delay type                Incr(ns)  Path(ns)    Netlist Resource(s)
  -------------------------------------------------------------------    -------------------
                         (clock ap_clk rise edge)     0.000     0.000 r  
                                                      0.000     0.000 r  ap_clk (IN)
                         net (fo=347994, unset)       0.029     0.029    bd_0_i/hls_inst/inst/gmem_m_axi_U/bus_read/rreq_burst_conv/ap_clk
    SLICE_X131Y316       FDRE                                         r  bd_0_i/hls_inst/inst/gmem_m_axi_U/bus_read/rreq_burst_conv/could_multi_bursts.len_buf_reg[3]/C
  -------------------------------------------------------------------    -------------------
    SLICE_X131Y316       FDRE (Prop_FFF2_SLICEL_C_Q)
                                                      0.081     0.110 r  bd_0_i/hls_inst/inst/gmem_m_axi_U/bus_read/rreq_burst_conv/could_multi_bursts.len_buf_reg[3]/Q
                         net (fo=0)                   0.000     0.110    m_axi_gmem_arlen[3]
                                                                      r  m_axi_gmem_arlen[3] (OUT)
  -------------------------------------------------------------------    -------------------

Slack:                    inf
  Source:                 bd_0_i/hls_inst/inst/gmem_out_m_axi_U/bus_read/rs_rdata/s_ready_t_reg/C
                            (rising edge-triggered cell FDRE clocked by ap_clk  {rise@0.000ns fall@1.923ns period=3.846ns})
  Destination:            m_axi_gmem_out_rready
                            (output port)
  Path Group:             (none)
  Path Type:              Max at Slow Process Corner
  Data Path Delay:        0.081ns  (logic 0.081ns (100.000%)  route 0.000ns (0.000%))
  Logic Levels:           0  
  Clock Uncertainty:      0.025ns  ((TSJ^2 + TIJ^2)^1/2 + DJ) / 2 + PE
    Total System Jitter     (TSJ):    0.050ns
    Total Input Jitter      (TIJ):    0.000ns
    Discrete Jitter          (DJ):    0.000ns
    Phase Error              (PE):    0.000ns

    Location             Delay type                Incr(ns)  Path(ns)    Netlist Resource(s)
  -------------------------------------------------------------------    -------------------
                         (clock ap_clk rise edge)     0.000     0.000 r  
                                                      0.000     0.000 r  ap_clk (IN)
                         net (fo=347994, unset)       0.029     0.029    bd_0_i/hls_inst/inst/gmem_out_m_axi_U/bus_read/rs_rdata/ap_clk
    SLICE_X117Y286       FDRE                                         r  bd_0_i/hls_inst/inst/gmem_out_m_axi_U/bus_read/rs_rdata/s_ready_t_reg/C
  -------------------------------------------------------------------    -------------------
    SLICE_X117Y286       FDRE (Prop_GFF2_SLICEL_C_Q)
                                                      0.081     0.110 r  bd_0_i/hls_inst/inst/gmem_out_m_axi_U/bus_read/rs_rdata/s_ready_t_reg/Q
                         net (fo=3, unset)            0.000     0.110    m_axi_gmem_out_rready
                                                                      r  m_axi_gmem_out_rready (OUT)
  -------------------------------------------------------------------    -------------------

Slack:                    inf
  Source:                 bd_0_i/hls_inst/inst/gmem_out_m_axi_U/bus_write/wreq_throttle/data_fifo/U_fifo_srl/dout_reg[103]/C
                            (rising edge-triggered cell FDRE clocked by ap_clk  {rise@0.000ns fall@1.923ns period=3.846ns})
  Destination:            m_axi_gmem_out_wdata[103]
                            (output port)
  Path Group:             (none)
  Path Type:              Max at Slow Process Corner
  Data Path Delay:        0.080ns  (logic 0.080ns (100.000%)  route 0.000ns (0.000%))
  Logic Levels:           0  
  Clock Uncertainty:      0.025ns  ((TSJ^2 + TIJ^2)^1/2 + DJ) / 2 + PE
    Total System Jitter     (TSJ):    0.050ns
    Total Input Jitter      (TIJ):    0.000ns
    Discrete Jitter          (DJ):    0.000ns
    Phase Error              (PE):    0.000ns

    Location             Delay type                Incr(ns)  Path(ns)    Netlist Resource(s)
  -------------------------------------------------------------------    -------------------
                         (clock ap_clk rise edge)     0.000     0.000 r  
                                                      0.000     0.000 r  ap_clk (IN)
                         net (fo=347994, unset)       0.030     0.030    bd_0_i/hls_inst/inst/gmem_out_m_axi_U/bus_write/wreq_throttle/data_fifo/U_fifo_srl/ap_clk
    SLICE_X184Y265       FDRE                                         r  bd_0_i/hls_inst/inst/gmem_out_m_axi_U/bus_write/wreq_throttle/data_fifo/U_fifo_srl/dout_reg[103]/C
  -------------------------------------------------------------------    -------------------
    SLICE_X184Y265       FDRE (Prop_AFF2_SLICEM_C_Q)
                                                      0.080     0.110 r  bd_0_i/hls_inst/inst/gmem_out_m_axi_U/bus_write/wreq_throttle/data_fifo/U_fifo_srl/dout_reg[103]/Q
                         net (fo=0)                   0.000     0.110    m_axi_gmem_out_wdata[103]
                                                                      r  m_axi_gmem_out_wdata[103] (OUT)
  -------------------------------------------------------------------    -------------------

Slack:                    inf
  Source:                 bd_0_i/hls_inst/inst/gmem_out_m_axi_U/bus_write/wreq_throttle/data_fifo/U_fifo_srl/dout_reg[114]/C
                            (rising edge-triggered cell FDRE clocked by ap_clk  {rise@0.000ns fall@1.923ns period=3.846ns})
  Destination:            m_axi_gmem_out_wdata[114]
                            (output port)
  Path Group:             (none)
  Path Type:              Max at Slow Process Corner
  Data Path Delay:        0.080ns  (logic 0.080ns (100.000%)  route 0.000ns (0.000%))
  Logic Levels:           0  
  Clock Uncertainty:      0.025ns  ((TSJ^2 + TIJ^2)^1/2 + DJ) / 2 + PE
    Total System Jitter     (TSJ):    0.050ns
    Total Input Jitter      (TIJ):    0.000ns
    Discrete Jitter          (DJ):    0.000ns
    Phase Error              (PE):    0.000ns

    Location             Delay type                Incr(ns)  Path(ns)    Netlist Resource(s)
  -------------------------------------------------------------------    -------------------
                         (clock ap_clk rise edge)     0.000     0.000 r  
                                                      0.000     0.000 r  ap_clk (IN)
                         net (fo=347994, unset)       0.030     0.030    bd_0_i/hls_inst/inst/gmem_out_m_axi_U/bus_write/wreq_throttle/data_fifo/U_fifo_srl/ap_clk
    SLICE_X179Y263       FDRE                                         r  bd_0_i/hls_inst/inst/gmem_out_m_axi_U/bus_write/wreq_throttle/data_fifo/U_fifo_srl/dout_reg[114]/C
  -------------------------------------------------------------------    -------------------
    SLICE_X179Y263       FDRE (Prop_AFF2_SLICEM_C_Q)
                                                      0.080     0.110 r  bd_0_i/hls_inst/inst/gmem_out_m_axi_U/bus_write/wreq_throttle/data_fifo/U_fifo_srl/dout_reg[114]/Q
                         net (fo=0)                   0.000     0.110    m_axi_gmem_out_wdata[114]
                                                                      r  m_axi_gmem_out_wdata[114] (OUT)
  -------------------------------------------------------------------    -------------------

Slack:                    inf
  Source:                 bd_0_i/hls_inst/inst/gmem_out_m_axi_U/bus_write/wreq_throttle/data_fifo/U_fifo_srl/dout_reg[115]/C
                            (rising edge-triggered cell FDRE clocked by ap_clk  {rise@0.000ns fall@1.923ns period=3.846ns})
  Destination:            m_axi_gmem_out_wdata[115]
                            (output port)
  Path Group:             (none)
  Path Type:              Max at Slow Process Corner
  Data Path Delay:        0.081ns  (logic 0.081ns (100.000%)  route 0.000ns (0.000%))
  Logic Levels:           0  
  Clock Uncertainty:      0.025ns  ((TSJ^2 + TIJ^2)^1/2 + DJ) / 2 + PE
    Total System Jitter     (TSJ):    0.050ns
    Total Input Jitter      (TIJ):    0.000ns
    Discrete Jitter          (DJ):    0.000ns
    Phase Error              (PE):    0.000ns

    Location             Delay type                Incr(ns)  Path(ns)    Netlist Resource(s)
  -------------------------------------------------------------------    -------------------
                         (clock ap_clk rise edge)     0.000     0.000 r  
                                                      0.000     0.000 r  ap_clk (IN)
                         net (fo=347994, unset)       0.029     0.029    bd_0_i/hls_inst/inst/gmem_out_m_axi_U/bus_write/wreq_throttle/data_fifo/U_fifo_srl/ap_clk
    SLICE_X178Y262       FDRE                                         r  bd_0_i/hls_inst/inst/gmem_out_m_axi_U/bus_write/wreq_throttle/data_fifo/U_fifo_srl/dout_reg[115]/C
  -------------------------------------------------------------------    -------------------
    SLICE_X178Y262       FDRE (Prop_EFF2_SLICEL_C_Q)
                                                      0.081     0.110 r  bd_0_i/hls_inst/inst/gmem_out_m_axi_U/bus_write/wreq_throttle/data_fifo/U_fifo_srl/dout_reg[115]/Q
                         net (fo=0)                   0.000     0.110    m_axi_gmem_out_wdata[115]
                                                                      r  m_axi_gmem_out_wdata[115] (OUT)
  -------------------------------------------------------------------    -------------------

Slack:                    inf
  Source:                 bd_0_i/hls_inst/inst/gmem_out_m_axi_U/bus_write/wreq_throttle/data_fifo/U_fifo_srl/dout_reg[119]/C
                            (rising edge-triggered cell FDRE clocked by ap_clk  {rise@0.000ns fall@1.923ns period=3.846ns})
  Destination:            m_axi_gmem_out_wdata[119]
                            (output port)
  Path Group:             (none)
  Path Type:              Max at Slow Process Corner
  Data Path Delay:        0.081ns  (logic 0.081ns (100.000%)  route 0.000ns (0.000%))
  Logic Levels:           0  
  Clock Uncertainty:      0.025ns  ((TSJ^2 + TIJ^2)^1/2 + DJ) / 2 + PE
    Total System Jitter     (TSJ):    0.050ns
    Total Input Jitter      (TIJ):    0.000ns
    Discrete Jitter          (DJ):    0.000ns
    Phase Error              (PE):    0.000ns

    Location             Delay type                Incr(ns)  Path(ns)    Netlist Resource(s)
  -------------------------------------------------------------------    -------------------
                         (clock ap_clk rise edge)     0.000     0.000 r  
                                                      0.000     0.000 r  ap_clk (IN)
                         net (fo=347994, unset)       0.029     0.029    bd_0_i/hls_inst/inst/gmem_out_m_axi_U/bus_write/wreq_throttle/data_fifo/U_fifo_srl/ap_clk
    SLICE_X178Y262       FDRE                                         r  bd_0_i/hls_inst/inst/gmem_out_m_axi_U/bus_write/wreq_throttle/data_fifo/U_fifo_srl/dout_reg[119]/C
  -------------------------------------------------------------------    -------------------
    SLICE_X178Y262       FDRE (Prop_FFF2_SLICEL_C_Q)
                                                      0.081     0.110 r  bd_0_i/hls_inst/inst/gmem_out_m_axi_U/bus_write/wreq_throttle/data_fifo/U_fifo_srl/dout_reg[119]/Q
                         net (fo=0)                   0.000     0.110    m_axi_gmem_out_wdata[119]
                                                                      r  m_axi_gmem_out_wdata[119] (OUT)
  -------------------------------------------------------------------    -------------------

Slack:                    inf
  Source:                 bd_0_i/hls_inst/inst/gmem_out_m_axi_U/bus_write/wreq_throttle/data_fifo/U_fifo_srl/dout_reg[131]/C
                            (rising edge-triggered cell FDRE clocked by ap_clk  {rise@0.000ns fall@1.923ns period=3.846ns})
  Destination:            m_axi_gmem_out_wdata[131]
                            (output port)
  Path Group:             (none)
  Path Type:              Max at Slow Process Corner
  Data Path Delay:        0.080ns  (logic 0.080ns (100.000%)  route 0.000ns (0.000%))
  Logic Levels:           0  
  Clock Uncertainty:      0.025ns  ((TSJ^2 + TIJ^2)^1/2 + DJ) / 2 + PE
    Total System Jitter     (TSJ):    0.050ns
    Total Input Jitter      (TIJ):    0.000ns
    Discrete Jitter          (DJ):    0.000ns
    Phase Error              (PE):    0.000ns

    Location             Delay type                Incr(ns)  Path(ns)    Netlist Resource(s)
  -------------------------------------------------------------------    -------------------
                         (clock ap_clk rise edge)     0.000     0.000 r  
                                                      0.000     0.000 r  ap_clk (IN)
                         net (fo=347994, unset)       0.030     0.030    bd_0_i/hls_inst/inst/gmem_out_m_axi_U/bus_write/wreq_throttle/data_fifo/U_fifo_srl/ap_clk
    SLICE_X179Y263       FDRE                                         r  bd_0_i/hls_inst/inst/gmem_out_m_axi_U/bus_write/wreq_throttle/data_fifo/U_fifo_srl/dout_reg[131]/C
  -------------------------------------------------------------------    -------------------
    SLICE_X179Y263       FDRE (Prop_BFF2_SLICEM_C_Q)
                                                      0.080     0.110 r  bd_0_i/hls_inst/inst/gmem_out_m_axi_U/bus_write/wreq_throttle/data_fifo/U_fifo_srl/dout_reg[131]/Q
                         net (fo=0)                   0.000     0.110    m_axi_gmem_out_wdata[131]
                                                                      r  m_axi_gmem_out_wdata[131] (OUT)
  -------------------------------------------------------------------    -------------------





Min Delay Paths
--------------------------------------------------------------------------------------
Slack:                    inf
  Source:                 bd_0_i/hls_inst/inst/gmem_out_m_axi_U/bus_write/wreq_throttle/rs_req/data_p1_reg[21]/C
                            (rising edge-triggered cell FDRE clocked by ap_clk  {rise@0.000ns fall@1.923ns period=3.846ns})
  Destination:            m_axi_gmem_out_awaddr[21]
                            (output port)
  Path Group:             (none)
  Path Type:              Min at Fast Process Corner
  Data Path Delay:        0.037ns  (logic 0.037ns (100.000%)  route 0.000ns (0.000%))
  Logic Levels:           0  
  Clock Uncertainty:      0.025ns  ((TSJ^2 + TIJ^2)^1/2 + DJ) / 2 + PE
    Total System Jitter     (TSJ):    0.050ns
    Total Input Jitter      (TIJ):    0.000ns
    Discrete Jitter          (DJ):    0.000ns
    Phase Error              (PE):    0.000ns

    Location             Delay type                Incr(ns)  Path(ns)    Netlist Resource(s)
  -------------------------------------------------------------------    -------------------
                         (clock ap_clk rise edge)     0.000     0.000 r  
                                                      0.000     0.000 r  ap_clk (IN)
                         net (fo=347994, unset)       0.013     0.013    bd_0_i/hls_inst/inst/gmem_out_m_axi_U/bus_write/wreq_throttle/rs_req/ap_clk
    SLICE_X164Y333       FDRE                                         r  bd_0_i/hls_inst/inst/gmem_out_m_axi_U/bus_write/wreq_throttle/rs_req/data_p1_reg[21]/C
  -------------------------------------------------------------------    -------------------
    SLICE_X164Y333       FDRE (Prop_FFF_SLICEM_C_Q)
                                                      0.037     0.050 r  bd_0_i/hls_inst/inst/gmem_out_m_axi_U/bus_write/wreq_throttle/rs_req/data_p1_reg[21]/Q
                         net (fo=0)                   0.000     0.050    m_axi_gmem_out_awaddr[21]
                                                                      r  m_axi_gmem_out_awaddr[21] (OUT)
  -------------------------------------------------------------------    -------------------

Slack:                    inf
  Source:                 bd_0_i/hls_inst/inst/gmem_out_m_axi_U/bus_write/wreq_throttle/rs_req/data_p1_reg[53]/C
                            (rising edge-triggered cell FDRE clocked by ap_clk  {rise@0.000ns fall@1.923ns period=3.846ns})
  Destination:            m_axi_gmem_out_awaddr[53]
                            (output port)
  Path Group:             (none)
  Path Type:              Min at Fast Process Corner
  Data Path Delay:        0.037ns  (logic 0.037ns (100.000%)  route 0.000ns (0.000%))
  Logic Levels:           0  
  Clock Uncertainty:      0.025ns  ((TSJ^2 + TIJ^2)^1/2 + DJ) / 2 + PE
    Total System Jitter     (TSJ):    0.050ns
    Total Input Jitter      (TIJ):    0.000ns
    Discrete Jitter          (DJ):    0.000ns
    Phase Error              (PE):    0.000ns

    Location             Delay type                Incr(ns)  Path(ns)    Netlist Resource(s)
  -------------------------------------------------------------------    -------------------
                         (clock ap_clk rise edge)     0.000     0.000 r  
                                                      0.000     0.000 r  ap_clk (IN)
                         net (fo=347994, unset)       0.013     0.013    bd_0_i/hls_inst/inst/gmem_out_m_axi_U/bus_write/wreq_throttle/rs_req/ap_clk
    SLICE_X164Y341       FDRE                                         r  bd_0_i/hls_inst/inst/gmem_out_m_axi_U/bus_write/wreq_throttle/rs_req/data_p1_reg[53]/C
  -------------------------------------------------------------------    -------------------
    SLICE_X164Y341       FDRE (Prop_FFF_SLICEM_C_Q)
                                                      0.037     0.050 r  bd_0_i/hls_inst/inst/gmem_out_m_axi_U/bus_write/wreq_throttle/rs_req/data_p1_reg[53]/Q
                         net (fo=0)                   0.000     0.050    m_axi_gmem_out_awaddr[53]
                                                                      r  m_axi_gmem_out_awaddr[53] (OUT)
  -------------------------------------------------------------------    -------------------

Slack:                    inf
  Source:                 bd_0_i/hls_inst/inst/gmem_out_m_axi_U/bus_write/wreq_throttle/rs_req/data_p1_reg[55]/C
                            (rising edge-triggered cell FDRE clocked by ap_clk  {rise@0.000ns fall@1.923ns period=3.846ns})
  Destination:            m_axi_gmem_out_awaddr[55]
                            (output port)
  Path Group:             (none)
  Path Type:              Min at Fast Process Corner
  Data Path Delay:        0.037ns  (logic 0.037ns (100.000%)  route 0.000ns (0.000%))
  Logic Levels:           0  
  Clock Uncertainty:      0.025ns  ((TSJ^2 + TIJ^2)^1/2 + DJ) / 2 + PE
    Total System Jitter     (TSJ):    0.050ns
    Total Input Jitter      (TIJ):    0.000ns
    Discrete Jitter          (DJ):    0.000ns
    Phase Error              (PE):    0.000ns

    Location             Delay type                Incr(ns)  Path(ns)    Netlist Resource(s)
  -------------------------------------------------------------------    -------------------
                         (clock ap_clk rise edge)     0.000     0.000 r  
                                                      0.000     0.000 r  ap_clk (IN)
                         net (fo=347994, unset)       0.013     0.013    bd_0_i/hls_inst/inst/gmem_out_m_axi_U/bus_write/wreq_throttle/rs_req/ap_clk
    SLICE_X164Y340       FDRE                                         r  bd_0_i/hls_inst/inst/gmem_out_m_axi_U/bus_write/wreq_throttle/rs_req/data_p1_reg[55]/C
  -------------------------------------------------------------------    -------------------
    SLICE_X164Y340       FDRE (Prop_FFF_SLICEM_C_Q)
                                                      0.037     0.050 r  bd_0_i/hls_inst/inst/gmem_out_m_axi_U/bus_write/wreq_throttle/rs_req/data_p1_reg[55]/Q
                         net (fo=0)                   0.000     0.050    m_axi_gmem_out_awaddr[55]
                                                                      r  m_axi_gmem_out_awaddr[55] (OUT)
  -------------------------------------------------------------------    -------------------

Slack:                    inf
  Source:                 bd_0_i/hls_inst/inst/gmem_out_m_axi_U/bus_write/wreq_throttle/rs_req/data_p1_reg[67]/C
                            (rising edge-triggered cell FDRE clocked by ap_clk  {rise@0.000ns fall@1.923ns period=3.846ns})
  Destination:            m_axi_gmem_out_awlen[3]
                            (output port)
  Path Group:             (none)
  Path Type:              Min at Fast Process Corner
  Data Path Delay:        0.037ns  (logic 0.037ns (100.000%)  route 0.000ns (0.000%))
  Logic Levels:           0  
  Clock Uncertainty:      0.025ns  ((TSJ^2 + TIJ^2)^1/2 + DJ) / 2 + PE
    Total System Jitter     (TSJ):    0.050ns
    Total Input Jitter      (TIJ):    0.000ns
    Discrete Jitter          (DJ):    0.000ns
    Phase Error              (PE):    0.000ns

    Location             Delay type                Incr(ns)  Path(ns)    Netlist Resource(s)
  -------------------------------------------------------------------    -------------------
                         (clock ap_clk rise edge)     0.000     0.000 r  
                                                      0.000     0.000 r  ap_clk (IN)
                         net (fo=347994, unset)       0.013     0.013    bd_0_i/hls_inst/inst/gmem_out_m_axi_U/bus_write/wreq_throttle/rs_req/ap_clk
    SLICE_X164Y339       FDRE                                         r  bd_0_i/hls_inst/inst/gmem_out_m_axi_U/bus_write/wreq_throttle/rs_req/data_p1_reg[67]/C
  -------------------------------------------------------------------    -------------------
    SLICE_X164Y339       FDRE (Prop_FFF_SLICEM_C_Q)
                                                      0.037     0.050 r  bd_0_i/hls_inst/inst/gmem_out_m_axi_U/bus_write/wreq_throttle/rs_req/data_p1_reg[67]/Q
                         net (fo=0)                   0.000     0.050    m_axi_gmem_out_awlen[3]
                                                                      r  m_axi_gmem_out_awlen[3] (OUT)
  -------------------------------------------------------------------    -------------------

Slack:                    inf
  Source:                 bd_0_i/hls_inst/inst/gmem_out_m_axi_U/bus_write/wreq_throttle/data_fifo/U_fifo_srl/dout_reg[108]/C
                            (rising edge-triggered cell FDRE clocked by ap_clk  {rise@0.000ns fall@1.923ns period=3.846ns})
  Destination:            m_axi_gmem_out_wdata[108]
                            (output port)
  Path Group:             (none)
  Path Type:              Min at Fast Process Corner
  Data Path Delay:        0.037ns  (logic 0.037ns (100.000%)  route 0.000ns (0.000%))
  Logic Levels:           0  
  Clock Uncertainty:      0.025ns  ((TSJ^2 + TIJ^2)^1/2 + DJ) / 2 + PE
    Total System Jitter     (TSJ):    0.050ns
    Total Input Jitter      (TIJ):    0.000ns
    Discrete Jitter          (DJ):    0.000ns
    Phase Error              (PE):    0.000ns

    Location             Delay type                Incr(ns)  Path(ns)    Netlist Resource(s)
  -------------------------------------------------------------------    -------------------
                         (clock ap_clk rise edge)     0.000     0.000 r  
                                                      0.000     0.000 r  ap_clk (IN)
                         net (fo=347994, unset)       0.013     0.013    bd_0_i/hls_inst/inst/gmem_out_m_axi_U/bus_write/wreq_throttle/data_fifo/U_fifo_srl/ap_clk
    SLICE_X184Y265       FDRE                                         r  bd_0_i/hls_inst/inst/gmem_out_m_axi_U/bus_write/wreq_throttle/data_fifo/U_fifo_srl/dout_reg[108]/C
  -------------------------------------------------------------------    -------------------
    SLICE_X184Y265       FDRE (Prop_FFF_SLICEM_C_Q)
                                                      0.037     0.050 r  bd_0_i/hls_inst/inst/gmem_out_m_axi_U/bus_write/wreq_throttle/data_fifo/U_fifo_srl/dout_reg[108]/Q
                         net (fo=0)                   0.000     0.050    m_axi_gmem_out_wdata[108]
                                                                      r  m_axi_gmem_out_wdata[108] (OUT)
  -------------------------------------------------------------------    -------------------

Slack:                    inf
  Source:                 bd_0_i/hls_inst/inst/gmem_out_m_axi_U/bus_write/wreq_throttle/data_fifo/U_fifo_srl/dout_reg[110]/C
                            (rising edge-triggered cell FDRE clocked by ap_clk  {rise@0.000ns fall@1.923ns period=3.846ns})
  Destination:            m_axi_gmem_out_wdata[110]
                            (output port)
  Path Group:             (none)
  Path Type:              Min at Fast Process Corner
  Data Path Delay:        0.037ns  (logic 0.037ns (100.000%)  route 0.000ns (0.000%))
  Logic Levels:           0  
  Clock Uncertainty:      0.025ns  ((TSJ^2 + TIJ^2)^1/2 + DJ) / 2 + PE
    Total System Jitter     (TSJ):    0.050ns
    Total Input Jitter      (TIJ):    0.000ns
    Discrete Jitter          (DJ):    0.000ns
    Phase Error              (PE):    0.000ns

    Location             Delay type                Incr(ns)  Path(ns)    Netlist Resource(s)
  -------------------------------------------------------------------    -------------------
                         (clock ap_clk rise edge)     0.000     0.000 r  
                                                      0.000     0.000 r  ap_clk (IN)
                         net (fo=347994, unset)       0.013     0.013    bd_0_i/hls_inst/inst/gmem_out_m_axi_U/bus_write/wreq_throttle/data_fifo/U_fifo_srl/ap_clk
    SLICE_X184Y263       FDRE                                         r  bd_0_i/hls_inst/inst/gmem_out_m_axi_U/bus_write/wreq_throttle/data_fifo/U_fifo_srl/dout_reg[110]/C
  -------------------------------------------------------------------    -------------------
    SLICE_X184Y263       FDRE (Prop_FFF_SLICEM_C_Q)
                                                      0.037     0.050 r  bd_0_i/hls_inst/inst/gmem_out_m_axi_U/bus_write/wreq_throttle/data_fifo/U_fifo_srl/dout_reg[110]/Q
                         net (fo=0)                   0.000     0.050    m_axi_gmem_out_wdata[110]
                                                                      r  m_axi_gmem_out_wdata[110] (OUT)
  -------------------------------------------------------------------    -------------------

Slack:                    inf
  Source:                 bd_0_i/hls_inst/inst/gmem_out_m_axi_U/bus_write/wreq_throttle/data_fifo/U_fifo_srl/dout_reg[150]/C
                            (rising edge-triggered cell FDRE clocked by ap_clk  {rise@0.000ns fall@1.923ns period=3.846ns})
  Destination:            m_axi_gmem_out_wdata[150]
                            (output port)
  Path Group:             (none)
  Path Type:              Min at Fast Process Corner
  Data Path Delay:        0.037ns  (logic 0.037ns (100.000%)  route 0.000ns (0.000%))
  Logic Levels:           0  
  Clock Uncertainty:      0.025ns  ((TSJ^2 + TIJ^2)^1/2 + DJ) / 2 + PE
    Total System Jitter     (TSJ):    0.050ns
    Total Input Jitter      (TIJ):    0.000ns
    Discrete Jitter          (DJ):    0.000ns
    Phase Error              (PE):    0.000ns

    Location             Delay type                Incr(ns)  Path(ns)    Netlist Resource(s)
  -------------------------------------------------------------------    -------------------
                         (clock ap_clk rise edge)     0.000     0.000 r  
                                                      0.000     0.000 r  ap_clk (IN)
                         net (fo=347994, unset)       0.013     0.013    bd_0_i/hls_inst/inst/gmem_out_m_axi_U/bus_write/wreq_throttle/data_fifo/U_fifo_srl/ap_clk
    SLICE_X179Y260       FDRE                                         r  bd_0_i/hls_inst/inst/gmem_out_m_axi_U/bus_write/wreq_throttle/data_fifo/U_fifo_srl/dout_reg[150]/C
  -------------------------------------------------------------------    -------------------
    SLICE_X179Y260       FDRE (Prop_FFF_SLICEM_C_Q)
                                                      0.037     0.050 r  bd_0_i/hls_inst/inst/gmem_out_m_axi_U/bus_write/wreq_throttle/data_fifo/U_fifo_srl/dout_reg[150]/Q
                         net (fo=0)                   0.000     0.050    m_axi_gmem_out_wdata[150]
                                                                      r  m_axi_gmem_out_wdata[150] (OUT)
  -------------------------------------------------------------------    -------------------

Slack:                    inf
  Source:                 bd_0_i/hls_inst/inst/gmem_out_m_axi_U/bus_write/wreq_throttle/data_fifo/U_fifo_srl/dout_reg[162]/C
                            (rising edge-triggered cell FDRE clocked by ap_clk  {rise@0.000ns fall@1.923ns period=3.846ns})
  Destination:            m_axi_gmem_out_wdata[162]
                            (output port)
  Path Group:             (none)
  Path Type:              Min at Fast Process Corner
  Data Path Delay:        0.037ns  (logic 0.037ns (100.000%)  route 0.000ns (0.000%))
  Logic Levels:           0  
  Clock Uncertainty:      0.025ns  ((TSJ^2 + TIJ^2)^1/2 + DJ) / 2 + PE
    Total System Jitter     (TSJ):    0.050ns
    Total Input Jitter      (TIJ):    0.000ns
    Discrete Jitter          (DJ):    0.000ns
    Phase Error              (PE):    0.000ns

    Location             Delay type                Incr(ns)  Path(ns)    Netlist Resource(s)
  -------------------------------------------------------------------    -------------------
                         (clock ap_clk rise edge)     0.000     0.000 r  
                                                      0.000     0.000 r  ap_clk (IN)
                         net (fo=347994, unset)       0.013     0.013    bd_0_i/hls_inst/inst/gmem_out_m_axi_U/bus_write/wreq_throttle/data_fifo/U_fifo_srl/ap_clk
    SLICE_X180Y258       FDRE                                         r  bd_0_i/hls_inst/inst/gmem_out_m_axi_U/bus_write/wreq_throttle/data_fifo/U_fifo_srl/dout_reg[162]/C
  -------------------------------------------------------------------    -------------------
    SLICE_X180Y258       FDRE (Prop_FFF_SLICEM_C_Q)
                                                      0.037     0.050 r  bd_0_i/hls_inst/inst/gmem_out_m_axi_U/bus_write/wreq_throttle/data_fifo/U_fifo_srl/dout_reg[162]/Q
                         net (fo=0)                   0.000     0.050    m_axi_gmem_out_wdata[162]
                                                                      r  m_axi_gmem_out_wdata[162] (OUT)
  -------------------------------------------------------------------    -------------------

Slack:                    inf
  Source:                 bd_0_i/hls_inst/inst/gmem_out_m_axi_U/bus_write/wreq_throttle/data_fifo/U_fifo_srl/dout_reg[181]/C
                            (rising edge-triggered cell FDRE clocked by ap_clk  {rise@0.000ns fall@1.923ns period=3.846ns})
  Destination:            m_axi_gmem_out_wdata[181]
                            (output port)
  Path Group:             (none)
  Path Type:              Min at Fast Process Corner
  Data Path Delay:        0.037ns  (logic 0.037ns (100.000%)  route 0.000ns (0.000%))
  Logic Levels:           0  
  Clock Uncertainty:      0.025ns  ((TSJ^2 + TIJ^2)^1/2 + DJ) / 2 + PE
    Total System Jitter     (TSJ):    0.050ns
    Total Input Jitter      (TIJ):    0.000ns
    Discrete Jitter          (DJ):    0.000ns
    Phase Error              (PE):    0.000ns

    Location             Delay type                Incr(ns)  Path(ns)    Netlist Resource(s)
  -------------------------------------------------------------------    -------------------
                         (clock ap_clk rise edge)     0.000     0.000 r  
                                                      0.000     0.000 r  ap_clk (IN)
                         net (fo=347994, unset)       0.013     0.013    bd_0_i/hls_inst/inst/gmem_out_m_axi_U/bus_write/wreq_throttle/data_fifo/U_fifo_srl/ap_clk
    SLICE_X179Y256       FDRE                                         r  bd_0_i/hls_inst/inst/gmem_out_m_axi_U/bus_write/wreq_throttle/data_fifo/U_fifo_srl/dout_reg[181]/C
  -------------------------------------------------------------------    -------------------
    SLICE_X179Y256       FDRE (Prop_FFF_SLICEM_C_Q)
                                                      0.037     0.050 r  bd_0_i/hls_inst/inst/gmem_out_m_axi_U/bus_write/wreq_throttle/data_fifo/U_fifo_srl/dout_reg[181]/Q
                         net (fo=0)                   0.000     0.050    m_axi_gmem_out_wdata[181]
                                                                      r  m_axi_gmem_out_wdata[181] (OUT)
  -------------------------------------------------------------------    -------------------

Slack:                    inf
  Source:                 bd_0_i/hls_inst/inst/gmem_out_m_axi_U/bus_write/wreq_throttle/data_fifo/U_fifo_srl/dout_reg[19]/C
                            (rising edge-triggered cell FDRE clocked by ap_clk  {rise@0.000ns fall@1.923ns period=3.846ns})
  Destination:            m_axi_gmem_out_wdata[19]
                            (output port)
  Path Group:             (none)
  Path Type:              Min at Fast Process Corner
  Data Path Delay:        0.037ns  (logic 0.037ns (100.000%)  route 0.000ns (0.000%))
  Logic Levels:           0  
  Clock Uncertainty:      0.025ns  ((TSJ^2 + TIJ^2)^1/2 + DJ) / 2 + PE
    Total System Jitter     (TSJ):    0.050ns
    Total Input Jitter      (TIJ):    0.000ns
    Discrete Jitter          (DJ):    0.000ns
    Phase Error              (PE):    0.000ns

    Location             Delay type                Incr(ns)  Path(ns)    Netlist Resource(s)
  -------------------------------------------------------------------    -------------------
                         (clock ap_clk rise edge)     0.000     0.000 r  
                                                      0.000     0.000 r  ap_clk (IN)
                         net (fo=347994, unset)       0.013     0.013    bd_0_i/hls_inst/inst/gmem_out_m_axi_U/bus_write/wreq_throttle/data_fifo/U_fifo_srl/ap_clk
    SLICE_X184Y256       FDRE                                         r  bd_0_i/hls_inst/inst/gmem_out_m_axi_U/bus_write/wreq_throttle/data_fifo/U_fifo_srl/dout_reg[19]/C
  -------------------------------------------------------------------    -------------------
    SLICE_X184Y256       FDRE (Prop_FFF_SLICEM_C_Q)
                                                      0.037     0.050 r  bd_0_i/hls_inst/inst/gmem_out_m_axi_U/bus_write/wreq_throttle/data_fifo/U_fifo_srl/dout_reg[19]/Q
                         net (fo=0)                   0.000     0.050    m_axi_gmem_out_wdata[19]
                                                                      r  m_axi_gmem_out_wdata[19] (OUT)
  -------------------------------------------------------------------    -------------------





--------------------------------------------------------------------------------------
Path Group:  (none)
From Clock:  
  To Clock:  ap_clk

Max Delay          8523 Endpoints
Min Delay          8523 Endpoints
--------------------------------------------------------------------------------------


Max Delay Paths
--------------------------------------------------------------------------------------
Slack:                    inf
  Source:                 s_axi_control_arvalid
                            (input port)
  Destination:            bd_0_i/hls_inst/inst/control_s_axi_U/rdata_reg[1]/CE
                            (rising edge-triggered cell FDRE clocked by ap_clk  {rise@0.000ns fall@1.923ns period=3.846ns})
  Path Group:             (none)
  Path Type:              Setup (Max at Slow Process Corner)
  Data Path Delay:        2.313ns  (logic 0.088ns (3.805%)  route 2.225ns (96.195%))
  Logic Levels:           1  (LUT2=1)
  Clock Path Skew:        0.020ns (DCD - SCD + CPR)
    Destination Clock Delay (DCD):    0.020ns
    Source Clock Delay      (SCD):    0.000ns
    Clock Pessimism Removal (CPR):    0.000ns
  Clock Uncertainty:      0.025ns  ((TSJ^2 + TIJ^2)^1/2 + DJ) / 2 + PE
    Total System Jitter     (TSJ):    0.050ns
    Total Input Jitter      (TIJ):    0.000ns
    Discrete Jitter          (DJ):    0.000ns
    Phase Error              (PE):    0.000ns

    Location             Delay type                Incr(ns)  Path(ns)    Netlist Resource(s)
  -------------------------------------------------------------------    -------------------
                                                      0.000     0.000 r  s_axi_control_arvalid (IN)
                         net (fo=4, unset)            0.000     0.000    bd_0_i/hls_inst/inst/control_s_axi_U/s_axi_control_ARVALID
    SLICE_X145Y333       LUT2 (Prop_C6LUT_SLICEM_I0_O)
                                                      0.088     0.088 r  bd_0_i/hls_inst/inst/control_s_axi_U/rdata[31]_i_2/O
                         net (fo=32, routed)          2.225     2.313    bd_0_i/hls_inst/inst/control_s_axi_U/ar_hs
    SLICE_X120Y302       FDRE                                         r  bd_0_i/hls_inst/inst/control_s_axi_U/rdata_reg[1]/CE
  -------------------------------------------------------------------    -------------------

                         (clock ap_clk rise edge)     0.000     0.000 r  
                                                      0.000     0.000 r  ap_clk (IN)
                         net (fo=347994, unset)       0.020     0.020    bd_0_i/hls_inst/inst/control_s_axi_U/ap_clk
    SLICE_X120Y302       FDRE                                         r  bd_0_i/hls_inst/inst/control_s_axi_U/rdata_reg[1]/C

Slack:                    inf
  Source:                 s_axi_control_arvalid
                            (input port)
  Destination:            bd_0_i/hls_inst/inst/control_s_axi_U/rdata_reg[9]/CE
                            (rising edge-triggered cell FDRE clocked by ap_clk  {rise@0.000ns fall@1.923ns period=3.846ns})
  Path Group:             (none)
  Path Type:              Setup (Max at Slow Process Corner)
  Data Path Delay:        2.226ns  (logic 0.088ns (3.954%)  route 2.138ns (96.046%))
  Logic Levels:           1  (LUT2=1)
  Clock Path Skew:        0.021ns (DCD - SCD + CPR)
    Destination Clock Delay (DCD):    0.021ns
    Source Clock Delay      (SCD):    0.000ns
    Clock Pessimism Removal (CPR):    0.000ns
  Clock Uncertainty:      0.025ns  ((TSJ^2 + TIJ^2)^1/2 + DJ) / 2 + PE
    Total System Jitter     (TSJ):    0.050ns
    Total Input Jitter      (TIJ):    0.000ns
    Discrete Jitter          (DJ):    0.000ns
    Phase Error              (PE):    0.000ns

    Location             Delay type                Incr(ns)  Path(ns)    Netlist Resource(s)
  -------------------------------------------------------------------    -------------------
                                                      0.000     0.000 r  s_axi_control_arvalid (IN)
                         net (fo=4, unset)            0.000     0.000    bd_0_i/hls_inst/inst/control_s_axi_U/s_axi_control_ARVALID
    SLICE_X145Y333       LUT2 (Prop_C6LUT_SLICEM_I0_O)
                                                      0.088     0.088 r  bd_0_i/hls_inst/inst/control_s_axi_U/rdata[31]_i_2/O
                         net (fo=32, routed)          2.138     2.226    bd_0_i/hls_inst/inst/control_s_axi_U/ar_hs
    SLICE_X122Y302       FDRE                                         r  bd_0_i/hls_inst/inst/control_s_axi_U/rdata_reg[9]/CE
  -------------------------------------------------------------------    -------------------

                         (clock ap_clk rise edge)     0.000     0.000 r  
                                                      0.000     0.000 r  ap_clk (IN)
                         net (fo=347994, unset)       0.021     0.021    bd_0_i/hls_inst/inst/control_s_axi_U/ap_clk
    SLICE_X122Y302       FDRE                                         r  bd_0_i/hls_inst/inst/control_s_axi_U/rdata_reg[9]/C

Slack:                    inf
  Source:                 s_axi_control_araddr[1]
                            (input port)
  Destination:            bd_0_i/hls_inst/inst/control_s_axi_U/rdata_reg[4]/R
                            (rising edge-triggered cell FDRE clocked by ap_clk  {rise@0.000ns fall@1.923ns period=3.846ns})
  Path Group:             (none)
  Path Type:              Setup (Max at Slow Process Corner)
  Data Path Delay:        2.084ns  (logic 0.137ns (6.575%)  route 1.947ns (93.425%))
  Logic Levels:           1  (LUT4=1)
  Clock Path Skew:        0.020ns (DCD - SCD + CPR)
    Destination Clock Delay (DCD):    0.020ns
    Source Clock Delay      (SCD):    0.000ns
    Clock Pessimism Removal (CPR):    0.000ns
  Clock Uncertainty:      0.025ns  ((TSJ^2 + TIJ^2)^1/2 + DJ) / 2 + PE
    Total System Jitter     (TSJ):    0.050ns
    Total Input Jitter      (TIJ):    0.000ns
    Discrete Jitter          (DJ):    0.000ns
    Phase Error              (PE):    0.000ns

    Location             Delay type                Incr(ns)  Path(ns)    Netlist Resource(s)
  -------------------------------------------------------------------    -------------------
                                                      0.000     0.000 r  s_axi_control_araddr[1] (IN)
                         net (fo=2, unset)            0.000     0.000    bd_0_i/hls_inst/inst/control_s_axi_U/s_axi_control_ARADDR[1]
    SLICE_X145Y333       LUT4 (Prop_C5LUT_SLICEM_I0_O)
                                                      0.137     0.137 r  bd_0_i/hls_inst/inst/control_s_axi_U/rdata[31]_i_1/O
                         net (fo=32, routed)          1.947     2.084    bd_0_i/hls_inst/inst/control_s_axi_U/rdata[31]_i_1_n_0
    SLICE_X120Y308       FDRE                                         r  bd_0_i/hls_inst/inst/control_s_axi_U/rdata_reg[4]/R
  -------------------------------------------------------------------    -------------------

                         (clock ap_clk rise edge)     0.000     0.000 r  
                                                      0.000     0.000 r  ap_clk (IN)
                         net (fo=347994, unset)       0.020     0.020    bd_0_i/hls_inst/inst/control_s_axi_U/ap_clk
    SLICE_X120Y308       FDRE                                         r  bd_0_i/hls_inst/inst/control_s_axi_U/rdata_reg[4]/C

Slack:                    inf
  Source:                 s_axi_control_wvalid
                            (input port)
  Destination:            bd_0_i/hls_inst/inst/control_s_axi_U/int_act_packed_reg[4]/CE
                            (rising edge-triggered cell FDRE clocked by ap_clk  {rise@0.000ns fall@1.923ns period=3.846ns})
  Path Group:             (none)
  Path Type:              Setup (Max at Slow Process Corner)
  Data Path Delay:        2.036ns  (logic 0.134ns (6.581%)  route 1.902ns (93.419%))
  Logic Levels:           2  (LUT6=2)
  Clock Path Skew:        0.020ns (DCD - SCD + CPR)
    Destination Clock Delay (DCD):    0.020ns
    Source Clock Delay      (SCD):    0.000ns
    Clock Pessimism Removal (CPR):    0.000ns
  Clock Uncertainty:      0.025ns  ((TSJ^2 + TIJ^2)^1/2 + DJ) / 2 + PE
    Total System Jitter     (TSJ):    0.050ns
    Total Input Jitter      (TIJ):    0.000ns
    Discrete Jitter          (DJ):    0.000ns
    Phase Error              (PE):    0.000ns

    Location             Delay type                Incr(ns)  Path(ns)    Netlist Resource(s)
  -------------------------------------------------------------------    -------------------
                                                      0.000     0.000 r  s_axi_control_wvalid (IN)
                         net (fo=4, unset)            0.000     0.000    bd_0_i/hls_inst/inst/control_s_axi_U/s_axi_control_WVALID
    SLICE_X130Y333       LUT6 (Prop_H6LUT_SLICEL_I2_O)
                                                      0.099     0.099 r  bd_0_i/hls_inst/inst/control_s_axi_U/int_output_r[31]_i_3/O
                         net (fo=19, routed)          0.106     0.205    bd_0_i/hls_inst/inst/control_s_axi_U/int_output_r[31]_i_3_n_0
    SLICE_X130Y332       LUT6 (Prop_G6LUT_SLICEL_I3_O)
                                                      0.035     0.240 r  bd_0_i/hls_inst/inst/control_s_axi_U/int_act_packed[31]_i_1/O
                         net (fo=32, routed)          1.796     2.036    bd_0_i/hls_inst/inst/control_s_axi_U/int_act_packed[31]_i_1_n_0
    SLICE_X119Y310       FDRE                                         r  bd_0_i/hls_inst/inst/control_s_axi_U/int_act_packed_reg[4]/CE
  -------------------------------------------------------------------    -------------------

                         (clock ap_clk rise edge)     0.000     0.000 r  
                                                      0.000     0.000 r  ap_clk (IN)
                         net (fo=347994, unset)       0.020     0.020    bd_0_i/hls_inst/inst/control_s_axi_U/ap_clk
    SLICE_X119Y310       FDRE                                         r  bd_0_i/hls_inst/inst/control_s_axi_U/int_act_packed_reg[4]/C

Slack:                    inf
  Source:                 s_axi_control_wvalid
                            (input port)
  Destination:            bd_0_i/hls_inst/inst/control_s_axi_U/int_weight_col1_reg[9]/CE
                            (rising edge-triggered cell FDRE clocked by ap_clk  {rise@0.000ns fall@1.923ns period=3.846ns})
  Path Group:             (none)
  Path Type:              Setup (Max at Slow Process Corner)
  Data Path Delay:        2.015ns  (logic 0.223ns (11.067%)  route 1.792ns (88.933%))
  Logic Levels:           2  (LUT6=2)
  Clock Path Skew:        0.021ns (DCD - SCD + CPR)
    Destination Clock Delay (DCD):    0.021ns
    Source Clock Delay      (SCD):    0.000ns
    Clock Pessimism Removal (CPR):    0.000ns
  Clock Uncertainty:      0.025ns  ((TSJ^2 + TIJ^2)^1/2 + DJ) / 2 + PE
    Total System Jitter     (TSJ):    0.050ns
    Total Input Jitter      (TIJ):    0.000ns
    Discrete Jitter          (DJ):    0.000ns
    Phase Error              (PE):    0.000ns

    Location             Delay type                Incr(ns)  Path(ns)    Netlist Resource(s)
  -------------------------------------------------------------------    -------------------
                                                      0.000     0.000 r  s_axi_control_wvalid (IN)
                         net (fo=4, unset)            0.000     0.000    bd_0_i/hls_inst/inst/control_s_axi_U/s_axi_control_WVALID
    SLICE_X130Y333       LUT6 (Prop_H6LUT_SLICEL_I2_O)
                                                      0.099     0.099 r  bd_0_i/hls_inst/inst/control_s_axi_U/int_output_r[31]_i_3/O
                         net (fo=19, routed)          0.209     0.308    bd_0_i/hls_inst/inst/control_s_axi_U/int_output_r[31]_i_3_n_0
    SLICE_X131Y334       LUT6 (Prop_H6LUT_SLICEL_I2_O)
                                                      0.124     0.432 r  bd_0_i/hls_inst/inst/control_s_axi_U/int_weight_col1[31]_i_1/O
                         net (fo=32, routed)          1.583     2.015    bd_0_i/hls_inst/inst/control_s_axi_U/int_weight_col1[31]_i_1_n_0
    SLICE_X121Y304       FDRE                                         r  bd_0_i/hls_inst/inst/control_s_axi_U/int_weight_col1_reg[9]/CE
  -------------------------------------------------------------------    -------------------

                         (clock ap_clk rise edge)     0.000     0.000 r  
                                                      0.000     0.000 r  ap_clk (IN)
                         net (fo=347994, unset)       0.021     0.021    bd_0_i/hls_inst/inst/control_s_axi_U/ap_clk
    SLICE_X121Y304       FDRE                                         r  bd_0_i/hls_inst/inst/control_s_axi_U/int_weight_col1_reg[9]/C

Slack:                    inf
  Source:                 s_axi_control_arvalid
                            (input port)
  Destination:            bd_0_i/hls_inst/inst/control_s_axi_U/rdata_reg[6]/CE
                            (rising edge-triggered cell FDRE clocked by ap_clk  {rise@0.000ns fall@1.923ns period=3.846ns})
  Path Group:             (none)
  Path Type:              Setup (Max at Slow Process Corner)
  Data Path Delay:        2.014ns  (logic 0.088ns (4.370%)  route 1.926ns (95.630%))
  Logic Levels:           1  (LUT2=1)
  Clock Path Skew:        0.020ns (DCD - SCD + CPR)
    Destination Clock Delay (DCD):    0.020ns
    Source Clock Delay      (SCD):    0.000ns
    Clock Pessimism Removal (CPR):    0.000ns
  Clock Uncertainty:      0.025ns  ((TSJ^2 + TIJ^2)^1/2 + DJ) / 2 + PE
    Total System Jitter     (TSJ):    0.050ns
    Total Input Jitter      (TIJ):    0.000ns
    Discrete Jitter          (DJ):    0.000ns
    Phase Error              (PE):    0.000ns

    Location             Delay type                Incr(ns)  Path(ns)    Netlist Resource(s)
  -------------------------------------------------------------------    -------------------
                                                      0.000     0.000 r  s_axi_control_arvalid (IN)
                         net (fo=4, unset)            0.000     0.000    bd_0_i/hls_inst/inst/control_s_axi_U/s_axi_control_ARVALID
    SLICE_X145Y333       LUT2 (Prop_C6LUT_SLICEM_I0_O)
                                                      0.088     0.088 r  bd_0_i/hls_inst/inst/control_s_axi_U/rdata[31]_i_2/O
                         net (fo=32, routed)          1.926     2.014    bd_0_i/hls_inst/inst/control_s_axi_U/ar_hs
    SLICE_X131Y302       FDRE                                         r  bd_0_i/hls_inst/inst/control_s_axi_U/rdata_reg[6]/CE
  -------------------------------------------------------------------    -------------------

                         (clock ap_clk rise edge)     0.000     0.000 r  
                                                      0.000     0.000 r  ap_clk (IN)
                         net (fo=347994, unset)       0.020     0.020    bd_0_i/hls_inst/inst/control_s_axi_U/ap_clk
    SLICE_X131Y302       FDRE                                         r  bd_0_i/hls_inst/inst/control_s_axi_U/rdata_reg[6]/C

Slack:                    inf
  Source:                 s_axi_control_araddr[1]
                            (input port)
  Destination:            bd_0_i/hls_inst/inst/control_s_axi_U/rdata_reg[9]/R
                            (rising edge-triggered cell FDRE clocked by ap_clk  {rise@0.000ns fall@1.923ns period=3.846ns})
  Path Group:             (none)
  Path Type:              Setup (Max at Slow Process Corner)
  Data Path Delay:        1.989ns  (logic 0.137ns (6.889%)  route 1.852ns (93.111%))
  Logic Levels:           1  (LUT4=1)
  Clock Path Skew:        0.021ns (DCD - SCD + CPR)
    Destination Clock Delay (DCD):    0.021ns
    Source Clock Delay      (SCD):    0.000ns
    Clock Pessimism Removal (CPR):    0.000ns
  Clock Uncertainty:      0.025ns  ((TSJ^2 + TIJ^2)^1/2 + DJ) / 2 + PE
    Total System Jitter     (TSJ):    0.050ns
    Total Input Jitter      (TIJ):    0.000ns
    Discrete Jitter          (DJ):    0.000ns
    Phase Error              (PE):    0.000ns

    Location             Delay type                Incr(ns)  Path(ns)    Netlist Resource(s)
  -------------------------------------------------------------------    -------------------
                                                      0.000     0.000 r  s_axi_control_araddr[1] (IN)
                         net (fo=2, unset)            0.000     0.000    bd_0_i/hls_inst/inst/control_s_axi_U/s_axi_control_ARADDR[1]
    SLICE_X145Y333       LUT4 (Prop_C5LUT_SLICEM_I0_O)
                                                      0.137     0.137 r  bd_0_i/hls_inst/inst/control_s_axi_U/rdata[31]_i_1/O
                         net (fo=32, routed)          1.852     1.989    bd_0_i/hls_inst/inst/control_s_axi_U/rdata[31]_i_1_n_0
    SLICE_X122Y302       FDRE                                         r  bd_0_i/hls_inst/inst/control_s_axi_U/rdata_reg[9]/R
  -------------------------------------------------------------------    -------------------

                         (clock ap_clk rise edge)     0.000     0.000 r  
                                                      0.000     0.000 r  ap_clk (IN)
                         net (fo=347994, unset)       0.021     0.021    bd_0_i/hls_inst/inst/control_s_axi_U/ap_clk
    SLICE_X122Y302       FDRE                                         r  bd_0_i/hls_inst/inst/control_s_axi_U/rdata_reg[9]/C

Slack:                    inf
  Source:                 s_axi_control_wvalid
                            (input port)
  Destination:            bd_0_i/hls_inst/inst/control_s_axi_U/int_weight_col30_reg[41]/CE
                            (rising edge-triggered cell FDRE clocked by ap_clk  {rise@0.000ns fall@1.923ns period=3.846ns})
  Path Group:             (none)
  Path Type:              Setup (Max at Slow Process Corner)
  Data Path Delay:        1.977ns  (logic 0.281ns (14.215%)  route 1.696ns (85.785%))
  Logic Levels:           3  (LUT4=2 LUT5=1)
  Clock Path Skew:        0.021ns (DCD - SCD + CPR)
    Destination Clock Delay (DCD):    0.021ns
    Source Clock Delay      (SCD):    0.000ns
    Clock Pessimism Removal (CPR):    0.000ns
  Clock Uncertainty:      0.025ns  ((TSJ^2 + TIJ^2)^1/2 + DJ) / 2 + PE
    Total System Jitter     (TSJ):    0.050ns
    Total Input Jitter      (TIJ):    0.000ns
    Discrete Jitter          (DJ):    0.000ns
    Phase Error              (PE):    0.000ns

    Location             Delay type                Incr(ns)  Path(ns)    Netlist Resource(s)
  -------------------------------------------------------------------    -------------------
                                                      0.000     0.000 r  s_axi_control_wvalid (IN)
                         net (fo=4, unset)            0.000     0.000    bd_0_i/hls_inst/inst/control_s_axi_U/s_axi_control_WVALID
    SLICE_X130Y333       LUT5 (Prop_A6LUT_SLICEL_I3_O)
                                                      0.090     0.090 r  bd_0_i/hls_inst/inst/control_s_axi_U/int_weight_col17[63]_i_3/O
                         net (fo=18, routed)          0.323     0.413    bd_0_i/hls_inst/inst/control_s_axi_U/int_weight_col17[63]_i_3_n_0
    SLICE_X131Y329       LUT4 (Prop_D6LUT_SLICEL_I0_O)
                                                      0.122     0.535 r  bd_0_i/hls_inst/inst/control_s_axi_U/int_weight_col28[31]_i_3/O
                         net (fo=5, routed)           0.133     0.668    bd_0_i/hls_inst/inst/control_s_axi_U/int_weight_col28[31]_i_3_n_0
    SLICE_X131Y330       LUT4 (Prop_A5LUT_SLICEL_I2_O)
                                                      0.069     0.737 r  bd_0_i/hls_inst/inst/control_s_axi_U/int_weight_col30[63]_i_1/O
                         net (fo=32, routed)          1.240     1.977    bd_0_i/hls_inst/inst/control_s_axi_U/int_weight_col30[63]_i_1_n_0
    SLICE_X124Y303       FDRE                                         r  bd_0_i/hls_inst/inst/control_s_axi_U/int_weight_col30_reg[41]/CE
  -------------------------------------------------------------------    -------------------

                         (clock ap_clk rise edge)     0.000     0.000 r  
                                                      0.000     0.000 r  ap_clk (IN)
                         net (fo=347994, unset)       0.021     0.021    bd_0_i/hls_inst/inst/control_s_axi_U/ap_clk
    SLICE_X124Y303       FDRE                                         r  bd_0_i/hls_inst/inst/control_s_axi_U/int_weight_col30_reg[41]/C

Slack:                    inf
  Source:                 s_axi_control_arvalid
                            (input port)
  Destination:            bd_0_i/hls_inst/inst/control_s_axi_U/rdata_reg[11]/CE
                            (rising edge-triggered cell FDRE clocked by ap_clk  {rise@0.000ns fall@1.923ns period=3.846ns})
  Path Group:             (none)
  Path Type:              Setup (Max at Slow Process Corner)
  Data Path Delay:        1.965ns  (logic 0.088ns (4.478%)  route 1.877ns (95.522%))
  Logic Levels:           1  (LUT2=1)
  Clock Path Skew:        0.021ns (DCD - SCD + CPR)
    Destination Clock Delay (DCD):    0.021ns
    Source Clock Delay      (SCD):    0.000ns
    Clock Pessimism Removal (CPR):    0.000ns
  Clock Uncertainty:      0.025ns  ((TSJ^2 + TIJ^2)^1/2 + DJ) / 2 + PE
    Total System Jitter     (TSJ):    0.050ns
    Total Input Jitter      (TIJ):    0.000ns
    Discrete Jitter          (DJ):    0.000ns
    Phase Error              (PE):    0.000ns

    Location             Delay type                Incr(ns)  Path(ns)    Netlist Resource(s)
  -------------------------------------------------------------------    -------------------
                                                      0.000     0.000 r  s_axi_control_arvalid (IN)
                         net (fo=4, unset)            0.000     0.000    bd_0_i/hls_inst/inst/control_s_axi_U/s_axi_control_ARVALID
    SLICE_X145Y333       LUT2 (Prop_C6LUT_SLICEM_I0_O)
                                                      0.088     0.088 r  bd_0_i/hls_inst/inst/control_s_axi_U/rdata[31]_i_2/O
                         net (fo=32, routed)          1.877     1.965    bd_0_i/hls_inst/inst/control_s_axi_U/ar_hs
    SLICE_X128Y302       FDRE                                         r  bd_0_i/hls_inst/inst/control_s_axi_U/rdata_reg[11]/CE
  -------------------------------------------------------------------    -------------------

                         (clock ap_clk rise edge)     0.000     0.000 r  
                                                      0.000     0.000 r  ap_clk (IN)
                         net (fo=347994, unset)       0.021     0.021    bd_0_i/hls_inst/inst/control_s_axi_U/ap_clk
    SLICE_X128Y302       FDRE                                         r  bd_0_i/hls_inst/inst/control_s_axi_U/rdata_reg[11]/C

Slack:                    inf
  Source:                 s_axi_control_wvalid
                            (input port)
  Destination:            bd_0_i/hls_inst/inst/control_s_axi_U/int_act_packed_reg[1]/CE
                            (rising edge-triggered cell FDRE clocked by ap_clk  {rise@0.000ns fall@1.923ns period=3.846ns})
  Path Group:             (none)
  Path Type:              Setup (Max at Slow Process Corner)
  Data Path Delay:        1.965ns  (logic 0.134ns (6.821%)  route 1.831ns (93.179%))
  Logic Levels:           2  (LUT6=2)
  Clock Path Skew:        0.020ns (DCD - SCD + CPR)
    Destination Clock Delay (DCD):    0.020ns
    Source Clock Delay      (SCD):    0.000ns
    Clock Pessimism Removal (CPR):    0.000ns
  Clock Uncertainty:      0.025ns  ((TSJ^2 + TIJ^2)^1/2 + DJ) / 2 + PE
    Total System Jitter     (TSJ):    0.050ns
    Total Input Jitter      (TIJ):    0.000ns
    Discrete Jitter          (DJ):    0.000ns
    Phase Error              (PE):    0.000ns

    Location             Delay type                Incr(ns)  Path(ns)    Netlist Resource(s)
  -------------------------------------------------------------------    -------------------
                                                      0.000     0.000 r  s_axi_control_wvalid (IN)
                         net (fo=4, unset)            0.000     0.000    bd_0_i/hls_inst/inst/control_s_axi_U/s_axi_control_WVALID
    SLICE_X130Y333       LUT6 (Prop_H6LUT_SLICEL_I2_O)
                                                      0.099     0.099 r  bd_0_i/hls_inst/inst/control_s_axi_U/int_output_r[31]_i_3/O
                         net (fo=19, routed)          0.106     0.205    bd_0_i/hls_inst/inst/control_s_axi_U/int_output_r[31]_i_3_n_0
    SLICE_X130Y332       LUT6 (Prop_G6LUT_SLICEL_I3_O)
                                                      0.035     0.240 r  bd_0_i/hls_inst/inst/control_s_axi_U/int_act_packed[31]_i_1/O
                         net (fo=32, routed)          1.724     1.965    bd_0_i/hls_inst/inst/control_s_axi_U/int_act_packed[31]_i_1_n_0
    SLICE_X119Y309       FDRE                                         r  bd_0_i/hls_inst/inst/control_s_axi_U/int_act_packed_reg[1]/CE
  -------------------------------------------------------------------    -------------------

                         (clock ap_clk rise edge)     0.000     0.000 r  
                                                      0.000     0.000 r  ap_clk (IN)
                         net (fo=347994, unset)       0.020     0.020    bd_0_i/hls_inst/inst/control_s_axi_U/ap_clk
    SLICE_X119Y309       FDRE                                         r  bd_0_i/hls_inst/inst/control_s_axi_U/int_act_packed_reg[1]/C





Min Delay Paths
--------------------------------------------------------------------------------------
Slack:                    inf
  Source:                 s_axi_control_awaddr[0]
                            (input port)
  Destination:            bd_0_i/hls_inst/inst/control_s_axi_U/waddr_reg[0]/D
                            (rising edge-triggered cell FDRE clocked by ap_clk  {rise@0.000ns fall@1.923ns period=3.846ns})
  Path Group:             (none)
  Path Type:              Hold (Min at Slow Process Corner)
  Data Path Delay:        0.000ns  (logic 0.000ns (0.000%)  route 0.000ns (0.000%))
  Logic Levels:           0  
  Clock Path Skew:        0.029ns (DCD - SCD - CPR)
    Destination Clock Delay (DCD):    0.029ns
    Source Clock Delay      (SCD):    0.000ns
    Clock Pessimism Removal (CPR):    -0.000ns

    Location             Delay type                Incr(ns)  Path(ns)    Netlist Resource(s)
  -------------------------------------------------------------------    -------------------
                                                      0.000     0.000 r  s_axi_control_awaddr[0] (IN)
                         net (fo=0)                   0.000     0.000    bd_0_i/hls_inst/inst/control_s_axi_U/s_axi_control_AWADDR[0]
    SLICE_X130Y333       FDRE                                         r  bd_0_i/hls_inst/inst/control_s_axi_U/waddr_reg[0]/D
  -------------------------------------------------------------------    -------------------

                         (clock ap_clk rise edge)     0.000     0.000 r  
                                                      0.000     0.000 r  ap_clk (IN)
                         net (fo=347994, unset)       0.029     0.029    bd_0_i/hls_inst/inst/control_s_axi_U/ap_clk
    SLICE_X130Y333       FDRE                                         r  bd_0_i/hls_inst/inst/control_s_axi_U/waddr_reg[0]/C

Slack:                    inf
  Source:                 s_axi_control_awaddr[1]
                            (input port)
  Destination:            bd_0_i/hls_inst/inst/control_s_axi_U/waddr_reg[1]/D
                            (rising edge-triggered cell FDRE clocked by ap_clk  {rise@0.000ns fall@1.923ns period=3.846ns})
  Path Group:             (none)
  Path Type:              Hold (Min at Slow Process Corner)
  Data Path Delay:        0.000ns  (logic 0.000ns (0.000%)  route 0.000ns (0.000%))
  Logic Levels:           0  
  Clock Path Skew:        0.029ns (DCD - SCD - CPR)
    Destination Clock Delay (DCD):    0.029ns
    Source Clock Delay      (SCD):    0.000ns
    Clock Pessimism Removal (CPR):    -0.000ns

    Location             Delay type                Incr(ns)  Path(ns)    Netlist Resource(s)
  -------------------------------------------------------------------    -------------------
                                                      0.000     0.000 r  s_axi_control_awaddr[1] (IN)
                         net (fo=0)                   0.000     0.000    bd_0_i/hls_inst/inst/control_s_axi_U/s_axi_control_AWADDR[1]
    SLICE_X130Y333       FDRE                                         r  bd_0_i/hls_inst/inst/control_s_axi_U/waddr_reg[1]/D
  -------------------------------------------------------------------    -------------------

                         (clock ap_clk rise edge)     0.000     0.000 r  
                                                      0.000     0.000 r  ap_clk (IN)
                         net (fo=347994, unset)       0.029     0.029    bd_0_i/hls_inst/inst/control_s_axi_U/ap_clk
    SLICE_X130Y333       FDRE                                         r  bd_0_i/hls_inst/inst/control_s_axi_U/waddr_reg[1]/C

Slack:                    inf
  Source:                 s_axi_control_awaddr[2]
                            (input port)
  Destination:            bd_0_i/hls_inst/inst/control_s_axi_U/waddr_reg[2]/D
                            (rising edge-triggered cell FDRE clocked by ap_clk  {rise@0.000ns fall@1.923ns period=3.846ns})
  Path Group:             (none)
  Path Type:              Hold (Min at Slow Process Corner)
  Data Path Delay:        0.000ns  (logic 0.000ns (0.000%)  route 0.000ns (0.000%))
  Logic Levels:           0  
  Clock Path Skew:        0.029ns (DCD - SCD - CPR)
    Destination Clock Delay (DCD):    0.029ns
    Source Clock Delay      (SCD):    0.000ns
    Clock Pessimism Removal (CPR):    -0.000ns

    Location             Delay type                Incr(ns)  Path(ns)    Netlist Resource(s)
  -------------------------------------------------------------------    -------------------
                                                      0.000     0.000 r  s_axi_control_awaddr[2] (IN)
                         net (fo=0)                   0.000     0.000    bd_0_i/hls_inst/inst/control_s_axi_U/s_axi_control_AWADDR[2]
    SLICE_X131Y333       FDRE                                         r  bd_0_i/hls_inst/inst/control_s_axi_U/waddr_reg[2]/D
  -------------------------------------------------------------------    -------------------

                         (clock ap_clk rise edge)     0.000     0.000 r  
                                                      0.000     0.000 r  ap_clk (IN)
                         net (fo=347994, unset)       0.029     0.029    bd_0_i/hls_inst/inst/control_s_axi_U/ap_clk
    SLICE_X131Y333       FDRE                                         r  bd_0_i/hls_inst/inst/control_s_axi_U/waddr_reg[2]/C

Slack:                    inf
  Source:                 s_axi_control_awaddr[3]
                            (input port)
  Destination:            bd_0_i/hls_inst/inst/control_s_axi_U/waddr_reg[3]/D
                            (rising edge-triggered cell FDRE clocked by ap_clk  {rise@0.000ns fall@1.923ns period=3.846ns})
  Path Group:             (none)
  Path Type:              Hold (Min at Slow Process Corner)
  Data Path Delay:        0.000ns  (logic 0.000ns (0.000%)  route 0.000ns (0.000%))
  Logic Levels:           0  
  Clock Path Skew:        0.029ns (DCD - SCD - CPR)
    Destination Clock Delay (DCD):    0.029ns
    Source Clock Delay      (SCD):    0.000ns
    Clock Pessimism Removal (CPR):    -0.000ns

    Location             Delay type                Incr(ns)  Path(ns)    Netlist Resource(s)
  -------------------------------------------------------------------    -------------------
                                                      0.000     0.000 r  s_axi_control_awaddr[3] (IN)
                         net (fo=0)                   0.000     0.000    bd_0_i/hls_inst/inst/control_s_axi_U/s_axi_control_AWADDR[3]
    SLICE_X131Y333       FDRE                                         r  bd_0_i/hls_inst/inst/control_s_axi_U/waddr_reg[3]/D
  -------------------------------------------------------------------    -------------------

                         (clock ap_clk rise edge)     0.000     0.000 r  
                                                      0.000     0.000 r  ap_clk (IN)
                         net (fo=347994, unset)       0.029     0.029    bd_0_i/hls_inst/inst/control_s_axi_U/ap_clk
    SLICE_X131Y333       FDRE                                         r  bd_0_i/hls_inst/inst/control_s_axi_U/waddr_reg[3]/C

Slack:                    inf
  Source:                 s_axi_control_awaddr[4]
                            (input port)
  Destination:            bd_0_i/hls_inst/inst/control_s_axi_U/waddr_reg[4]/D
                            (rising edge-triggered cell FDRE clocked by ap_clk  {rise@0.000ns fall@1.923ns period=3.846ns})
  Path Group:             (none)
  Path Type:              Hold (Min at Slow Process Corner)
  Data Path Delay:        0.000ns  (logic 0.000ns (0.000%)  route 0.000ns (0.000%))
  Logic Levels:           0  
  Clock Path Skew:        0.029ns (DCD - SCD - CPR)
    Destination Clock Delay (DCD):    0.029ns
    Source Clock Delay      (SCD):    0.000ns
    Clock Pessimism Removal (CPR):    -0.000ns

    Location             Delay type                Incr(ns)  Path(ns)    Netlist Resource(s)
  -------------------------------------------------------------------    -------------------
                                                      0.000     0.000 r  s_axi_control_awaddr[4] (IN)
                         net (fo=0)                   0.000     0.000    bd_0_i/hls_inst/inst/control_s_axi_U/s_axi_control_AWADDR[4]
    SLICE_X131Y333       FDRE                                         r  bd_0_i/hls_inst/inst/control_s_axi_U/waddr_reg[4]/D
  -------------------------------------------------------------------    -------------------

                         (clock ap_clk rise edge)     0.000     0.000 r  
                                                      0.000     0.000 r  ap_clk (IN)
                         net (fo=347994, unset)       0.029     0.029    bd_0_i/hls_inst/inst/control_s_axi_U/ap_clk
    SLICE_X131Y333       FDRE                                         r  bd_0_i/hls_inst/inst/control_s_axi_U/waddr_reg[4]/C

Slack:                    inf
  Source:                 s_axi_control_awaddr[5]
                            (input port)
  Destination:            bd_0_i/hls_inst/inst/control_s_axi_U/waddr_reg[5]/D
                            (rising edge-triggered cell FDRE clocked by ap_clk  {rise@0.000ns fall@1.923ns period=3.846ns})
  Path Group:             (none)
  Path Type:              Hold (Min at Slow Process Corner)
  Data Path Delay:        0.000ns  (logic 0.000ns (0.000%)  route 0.000ns (0.000%))
  Logic Levels:           0  
  Clock Path Skew:        0.029ns (DCD - SCD - CPR)
    Destination Clock Delay (DCD):    0.029ns
    Source Clock Delay      (SCD):    0.000ns
    Clock Pessimism Removal (CPR):    -0.000ns

    Location             Delay type                Incr(ns)  Path(ns)    Netlist Resource(s)
  -------------------------------------------------------------------    -------------------
                                                      0.000     0.000 r  s_axi_control_awaddr[5] (IN)
                         net (fo=0)                   0.000     0.000    bd_0_i/hls_inst/inst/control_s_axi_U/s_axi_control_AWADDR[5]
    SLICE_X131Y333       FDRE                                         r  bd_0_i/hls_inst/inst/control_s_axi_U/waddr_reg[5]/D
  -------------------------------------------------------------------    -------------------

                         (clock ap_clk rise edge)     0.000     0.000 r  
                                                      0.000     0.000 r  ap_clk (IN)
                         net (fo=347994, unset)       0.029     0.029    bd_0_i/hls_inst/inst/control_s_axi_U/ap_clk
    SLICE_X131Y333       FDRE                                         r  bd_0_i/hls_inst/inst/control_s_axi_U/waddr_reg[5]/C

Slack:                    inf
  Source:                 s_axi_control_awaddr[6]
                            (input port)
  Destination:            bd_0_i/hls_inst/inst/control_s_axi_U/waddr_reg[6]/D
                            (rising edge-triggered cell FDRE clocked by ap_clk  {rise@0.000ns fall@1.923ns period=3.846ns})
  Path Group:             (none)
  Path Type:              Hold (Min at Slow Process Corner)
  Data Path Delay:        0.000ns  (logic 0.000ns (0.000%)  route 0.000ns (0.000%))
  Logic Levels:           0  
  Clock Path Skew:        0.029ns (DCD - SCD - CPR)
    Destination Clock Delay (DCD):    0.029ns
    Source Clock Delay      (SCD):    0.000ns
    Clock Pessimism Removal (CPR):    -0.000ns

    Location             Delay type                Incr(ns)  Path(ns)    Netlist Resource(s)
  -------------------------------------------------------------------    -------------------
                                                      0.000     0.000 r  s_axi_control_awaddr[6] (IN)
                         net (fo=0)                   0.000     0.000    bd_0_i/hls_inst/inst/control_s_axi_U/s_axi_control_AWADDR[6]
    SLICE_X131Y333       FDRE                                         r  bd_0_i/hls_inst/inst/control_s_axi_U/waddr_reg[6]/D
  -------------------------------------------------------------------    -------------------

                         (clock ap_clk rise edge)     0.000     0.000 r  
                                                      0.000     0.000 r  ap_clk (IN)
                         net (fo=347994, unset)       0.029     0.029    bd_0_i/hls_inst/inst/control_s_axi_U/ap_clk
    SLICE_X131Y333       FDRE                                         r  bd_0_i/hls_inst/inst/control_s_axi_U/waddr_reg[6]/C

Slack:                    inf
  Source:                 s_axi_control_awaddr[7]
                            (input port)
  Destination:            bd_0_i/hls_inst/inst/control_s_axi_U/waddr_reg[7]/D
                            (rising edge-triggered cell FDRE clocked by ap_clk  {rise@0.000ns fall@1.923ns period=3.846ns})
  Path Group:             (none)
  Path Type:              Hold (Min at Slow Process Corner)
  Data Path Delay:        0.000ns  (logic 0.000ns (0.000%)  route 0.000ns (0.000%))
  Logic Levels:           0  
  Clock Path Skew:        0.029ns (DCD - SCD - CPR)
    Destination Clock Delay (DCD):    0.029ns
    Source Clock Delay      (SCD):    0.000ns
    Clock Pessimism Removal (CPR):    -0.000ns

    Location             Delay type                Incr(ns)  Path(ns)    Netlist Resource(s)
  -------------------------------------------------------------------    -------------------
                                                      0.000     0.000 r  s_axi_control_awaddr[7] (IN)
                         net (fo=0)                   0.000     0.000    bd_0_i/hls_inst/inst/control_s_axi_U/s_axi_control_AWADDR[7]
    SLICE_X131Y333       FDRE                                         r  bd_0_i/hls_inst/inst/control_s_axi_U/waddr_reg[7]/D
  -------------------------------------------------------------------    -------------------

                         (clock ap_clk rise edge)     0.000     0.000 r  
                                                      0.000     0.000 r  ap_clk (IN)
                         net (fo=347994, unset)       0.029     0.029    bd_0_i/hls_inst/inst/control_s_axi_U/ap_clk
    SLICE_X131Y333       FDRE                                         r  bd_0_i/hls_inst/inst/control_s_axi_U/waddr_reg[7]/C

Slack:                    inf
  Source:                 s_axi_control_awaddr[8]
                            (input port)
  Destination:            bd_0_i/hls_inst/inst/control_s_axi_U/waddr_reg[8]/D
                            (rising edge-triggered cell FDRE clocked by ap_clk  {rise@0.000ns fall@1.923ns period=3.846ns})
  Path Group:             (none)
  Path Type:              Hold (Min at Slow Process Corner)
  Data Path Delay:        0.000ns  (logic 0.000ns (0.000%)  route 0.000ns (0.000%))
  Logic Levels:           0  
  Clock Path Skew:        0.029ns (DCD - SCD - CPR)
    Destination Clock Delay (DCD):    0.029ns
    Source Clock Delay      (SCD):    0.000ns
    Clock Pessimism Removal (CPR):    -0.000ns

    Location             Delay type                Incr(ns)  Path(ns)    Netlist Resource(s)
  -------------------------------------------------------------------    -------------------
                                                      0.000     0.000 r  s_axi_control_awaddr[8] (IN)
                         net (fo=0)                   0.000     0.000    bd_0_i/hls_inst/inst/control_s_axi_U/s_axi_control_AWADDR[8]
    SLICE_X130Y333       FDRE                                         r  bd_0_i/hls_inst/inst/control_s_axi_U/waddr_reg[8]/D
  -------------------------------------------------------------------    -------------------

                         (clock ap_clk rise edge)     0.000     0.000 r  
                                                      0.000     0.000 r  ap_clk (IN)
                         net (fo=347994, unset)       0.029     0.029    bd_0_i/hls_inst/inst/control_s_axi_U/ap_clk
    SLICE_X130Y333       FDRE                                         r  bd_0_i/hls_inst/inst/control_s_axi_U/waddr_reg[8]/C

Slack:                    inf
  Source:                 s_axi_control_wdata[0]
                            (input port)
  Destination:            bd_0_i/hls_inst/inst/control_s_axi_U/int_ier_reg[0]/D
                            (rising edge-triggered cell FDRE clocked by ap_clk  {rise@0.000ns fall@1.923ns period=3.846ns})
  Path Group:             (none)
  Path Type:              Hold (Min at Fast Process Corner)
  Data Path Delay:        0.007ns  (logic 0.000ns (0.000%)  route 0.007ns (100.000%))
  Logic Levels:           0  
  Clock Path Skew:        0.019ns (DCD - SCD - CPR)
    Destination Clock Delay (DCD):    0.019ns
    Source Clock Delay      (SCD):    0.000ns
    Clock Pessimism Removal (CPR):    -0.000ns

    Location             Delay type                Incr(ns)  Path(ns)    Netlist Resource(s)
  -------------------------------------------------------------------    -------------------
                                                      0.000     0.000 r  s_axi_control_wdata[0] (IN)
                         net (fo=72, unset)           0.007     0.007    bd_0_i/hls_inst/inst/control_s_axi_U/s_axi_control_WDATA[0]
    SLICE_X148Y331       FDRE                                         r  bd_0_i/hls_inst/inst/control_s_axi_U/int_ier_reg[0]/D
  -------------------------------------------------------------------    -------------------

                         (clock ap_clk rise edge)     0.000     0.000 r  
                                                      0.000     0.000 r  ap_clk (IN)
                         net (fo=347994, unset)       0.019     0.019    bd_0_i/hls_inst/inst/control_s_axi_U/ap_clk
    SLICE_X148Y331       FDRE                                         r  bd_0_i/hls_inst/inst/control_s_axi_U/int_ier_reg[0]/C





