Copyright 1986-2022 Xilinx, Inc. All Rights Reserved. Copyright 2022-2023 Advanced Micro Devices, Inc. All Rights Reserved.
--------------------------------------------------------------------------------------------------------------------------------------------------------------------------------------------------------------------------------------
| Tool Version      : Vivado v.2023.2 (lin64) Build 4029153 Fri Oct 13 20:13:54 MDT 2023
| Date              : Tue Mar 17 07:21:52 2026
| Host              : <REDACTED_HOST> running 64-bit Ubuntu 22.04.5 LTS
| Command           : report_timing_summary -max_paths 10 -report_unconstrained -file bd_0_wrapper_timing_summary_routed.rpt -pb bd_0_wrapper_timing_summary_routed.pb -rpx bd_0_wrapper_timing_summary_routed.rpx -warn_on_violation
| Design            : bd_0_wrapper
| Device            : xcu55c-fsvh2892
| Speed File        : -2L  PRODUCTION 1.30 05-01-2022
| Design State      : Routed
| Temperature Grade : E
--------------------------------------------------------------------------------------------------------------------------------------------------------------------------------------------------------------------------------------

Timing Summary Report

------------------------------------------------------------------------------------------------
| Timer Settings
| --------------
------------------------------------------------------------------------------------------------

  Enable Multi Corner Analysis               :  Yes
  Enable Pessimism Removal                   :  Yes
  Pessimism Removal Resolution               :  Nearest Common Node
  Enable Input Delay Default Clock           :  No
  Enable Preset / Clear Arcs                 :  No
  Disable Flight Delays                      :  No
  Ignore I/O Paths                           :  No
  Timing Early Launch at Borrowing Latches   :  No
  Borrow Time for Max Delay Exceptions       :  Yes
  Merge Timing Exceptions                    :  Yes
  Inter-SLR Compensation                     :  Conservative

  Corner  Analyze    Analyze    
  Name    Max Paths  Min Paths  
  ------  ---------  ---------  
  Slow    Yes        Yes        
  Fast    Yes        Yes        


------------------------------------------------------------------------------------------------
| Report Methodology
| ------------------
------------------------------------------------------------------------------------------------

Rule       Severity  Description                    Violations  
---------  --------  -----------------------------  ----------  
TIMING-16  Warning   Large setup violation          45          
TIMING-18  Warning   Missing input or output delay  1000        

Note: This report is based on the most recent report_methodology run and may not be up-to-date. Run report_methodology on the current design for the latest report.



check_timing report

Table of Contents
-----------------
1. checking no_clock (0)
2. checking constant_clock (0)
3. checking pulse_width_clock (0)
4. checking unconstrained_internal_endpoints (0)
5. checking no_input_delay (232)
6. checking no_output_delay (817)
7. checking multiple_clock (0)
8. checking generated_clocks (0)
9. checking loops (0)
10. checking partial_input_delay (0)
11. checking partial_output_delay (0)
12. checking latch_loops (0)

1. checking no_clock (0)
------------------------
 There are 0 register/latch pins with no clock.


2. checking constant_clock (0)
------------------------------
 There are 0 register/latch pins with constant_clock.


3. checking pulse_width_clock (0)
---------------------------------
 There are 0 register/latch pins which need pulse_width check


4. checking unconstrained_internal_endpoints (0)
------------------------------------------------
 There are 0 pins that are not constrained for maximum delay.

 There are 0 pins that are not constrained for maximum delay due to constant clock.


5. checking no_input_delay (232)
--------------------------------
 There are 232 input ports with no input delay specified. (HIGH)

 There are 0 input ports with no input delay but user has a false path constraint.


6. checking no_output_delay (817)
---------------------------------
 There are 817 ports with no output delay specified. (HIGH)

 There are 0 ports with no output delay but user has a false path constraint

 There are 0 ports with no output delay but with a timing clock defined on it or propagating through it


7. checking multiple_clock (0)
------------------------------
 There are 0 register/latch pins with multiple clocks.


8. checking generated_clocks (0)
--------------------------------
 There are 0 generated clocks that are not connected to a clock source.


9. checking loops (0)
---------------------
 There are 0 combinational loops in the design.


10. checking partial_input_delay (0)
------------------------------------
 There are 0 input ports with partial input delay specified.


11. checking partial_output_delay (0)
-------------------------------------
 There are 0 ports with partial output delay specified.


12. checking latch_loops (0)
----------------------------
 There are 0 combinational latch loops in the design through latch input



------------------------------------------------------------------------------------------------
| Design Timing Summary
| ---------------------
------------------------------------------------------------------------------------------------

    WNS(ns)      TNS(ns)  TNS Failing Endpoints  TNS Total Endpoints      WHS(ns)      THS(ns)  THS Failing Endpoints  THS Total Endpoints     WPWS(ns)     TPWS(ns)  TPWS Failing Endpoints  TPWS Total Endpoints  
    -------      -------  ---------------------  -------------------      -------      -------  ---------------------  -------------------     --------     --------  ----------------------  --------------------  
     -1.137    -1079.934                   2757              1322662        0.014        0.000                      0              1322662        1.839        0.000                       0                497383  


Timing constraints are not met.


------------------------------------------------------------------------------------------------
| Clock Summary
| -------------
------------------------------------------------------------------------------------------------

Clock   Waveform(ns)         Period(ns)      Frequency(MHz)
-----   ------------         ----------      --------------
ap_clk  {0.000 2.381}        4.762           209.996         


------------------------------------------------------------------------------------------------
| Intra Clock Table
| -----------------
------------------------------------------------------------------------------------------------

Clock             WNS(ns)      TNS(ns)  TNS Failing Endpoints  TNS Total Endpoints      WHS(ns)      THS(ns)  THS Failing Endpoints  THS Total Endpoints     WPWS(ns)     TPWS(ns)  TPWS Failing Endpoints  TPWS Total Endpoints  
-----             -------      -------  ---------------------  -------------------      -------      -------  ---------------------  -------------------     --------     --------  ----------------------  --------------------  
ap_clk             -1.137    -1079.934                   2757              1322662        0.014        0.000                      0              1322662        1.839        0.000                       0                497383  


------------------------------------------------------------------------------------------------
| Inter Clock Table
| -----------------
------------------------------------------------------------------------------------------------

From Clock    To Clock          WNS(ns)      TNS(ns)  TNS Failing Endpoints  TNS Total Endpoints      WHS(ns)      THS(ns)  THS Failing Endpoints  THS Total Endpoints  
----------    --------          -------      -------  ---------------------  -------------------      -------      -------  ---------------------  -------------------  


------------------------------------------------------------------------------------------------
| Other Path Groups Table
| -----------------------
------------------------------------------------------------------------------------------------

Path Group    From Clock    To Clock          WNS(ns)      TNS(ns)  TNS Failing Endpoints  TNS Total Endpoints      WHS(ns)      THS(ns)  THS Failing Endpoints  THS Total Endpoints  
----------    ----------    --------          -------      -------  ---------------------  -------------------      -------      -------  ---------------------  -------------------  


------------------------------------------------------------------------------------------------
| User Ignored Path Table
| -----------------------
------------------------------------------------------------------------------------------------

Path Group    From Clock    To Clock    
----------    ----------    --------    


------------------------------------------------------------------------------------------------
| Unconstrained Path Table
| ------------------------
------------------------------------------------------------------------------------------------

Path Group    From Clock    To Clock    
----------    ----------    --------    
(none)        ap_clk                      
(none)                      ap_clk        


------------------------------------------------------------------------------------------------
| Timing Details
| --------------
------------------------------------------------------------------------------------------------


---------------------------------------------------------------------------------------------------
From Clock:  ap_clk
  To Clock:  ap_clk

Setup :         2757  Failing Endpoints,  Worst Slack       -1.137ns,  Total Violation    -1079.934ns
Hold  :            0  Failing Endpoints,  Worst Slack        0.014ns,  Total Violation        0.000ns
PW    :            0  Failing Endpoints,  Worst Slack        1.839ns,  Total Violation        0.000ns
---------------------------------------------------------------------------------------------------


Max Delay Paths
--------------------------------------------------------------------------------------
Slack (VIOLATED) :        -1.137ns  (required time - arrival time)
  Source:                 bd_0_i/hls_inst/inst/control_s_axi_U/int_mode_reg[0]/C
                            (rising edge-triggered cell FDRE clocked by ap_clk  {rise@0.000ns fall@2.381ns period=4.762ns})
  Destination:            bd_0_i/hls_inst/inst/grp_Hybrid_INT4_INT4_PD_fu_1730/col_gen[68].row_gen[54].dsp_core/signs_r1_reg[8]/R
                            (rising edge-triggered cell FDRE clocked by ap_clk  {rise@0.000ns fall@2.381ns period=4.762ns})
  Path Group:             ap_clk
  Path Type:              Setup (Max at Slow Process Corner)
  Requirement:            4.762ns  (ap_clk rise@4.762ns - ap_clk rise@0.000ns)
  Data Path Delay:        5.778ns  (logic 0.079ns (1.367%)  route 5.699ns (98.633%))
  Logic Levels:           0  
  Clock Path Skew:        -0.008ns (DCD - SCD + CPR)
    Destination Clock Delay (DCD):    0.021ns = ( 4.783 - 4.762 ) 
    Source Clock Delay      (SCD):    0.029ns
    Clock Pessimism Removal (CPR):    0.000ns
  Clock Uncertainty:      0.035ns  ((TSJ^2 + TIJ^2)^1/2 + DJ) / 2 + PE
    Total System Jitter     (TSJ):    0.071ns
    Total Input Jitter      (TIJ):    0.000ns
    Discrete Jitter          (DJ):    0.000ns
    Phase Error              (PE):    0.000ns
  Inter-SLR Compensation: 0.003ns  (DCD * PF)
    Destination Clock Delay (DCD):    0.021ns
    Prorating Factor         (PF):    0.150

    Location             Delay type                Incr(ns)  Path(ns)    Netlist Resource(s)
  -------------------------------------------------------------------    -------------------
                         (clock ap_clk rise edge)     0.000     0.000 r  
                                                      0.000     0.000 r  ap_clk (IN)
                         net (fo=529382, unset)       0.029     0.029    bd_0_i/hls_inst/inst/control_s_axi_U/ap_clk
    SLICE_X112Y499       FDRE                                         r  bd_0_i/hls_inst/inst/control_s_axi_U/int_mode_reg[0]/C
  -------------------------------------------------------------------    -------------------
    SLICE_X112Y499       FDRE (Prop_EFF_SLICEL_C_Q)
                                                      0.079     0.108 r  bd_0_i/hls_inst/inst/control_s_axi_U/int_mode_reg[0]/Q
                         net (fo=262607, routed)      5.699     5.807    bd_0_i/hls_inst/inst/grp_Hybrid_INT4_INT4_PD_fu_1730/col_gen[68].row_gen[54].dsp_core/mode
    SLR Crossing[2->0]   
    SLICE_X115Y229       FDRE                                         r  bd_0_i/hls_inst/inst/grp_Hybrid_INT4_INT4_PD_fu_1730/col_gen[68].row_gen[54].dsp_core/signs_r1_reg[8]/R
  -------------------------------------------------------------------    -------------------

                         (clock ap_clk rise edge)     4.762     4.762 r  
                                                      0.000     4.762 r  ap_clk (IN)
                         net (fo=529382, unset)       0.021     4.783    bd_0_i/hls_inst/inst/grp_Hybrid_INT4_INT4_PD_fu_1730/col_gen[68].row_gen[54].dsp_core/ap_clk
    SLICE_X115Y229       FDRE                                         r  bd_0_i/hls_inst/inst/grp_Hybrid_INT4_INT4_PD_fu_1730/col_gen[68].row_gen[54].dsp_core/signs_r1_reg[8]/C
                         clock pessimism              0.000     4.783    
                         inter-SLR compensation      -0.003     4.780    
                         clock uncertainty           -0.035     4.744    
    SLICE_X115Y229       FDRE (Setup_DFF_SLICEM_C_R)
                                                     -0.074     4.670    bd_0_i/hls_inst/inst/grp_Hybrid_INT4_INT4_PD_fu_1730/col_gen[68].row_gen[54].dsp_core/signs_r1_reg[8]
  -------------------------------------------------------------------
                         required time                          4.670    
                         arrival time                          -5.807    
  -------------------------------------------------------------------
                         slack                                 -1.137    

Slack (VIOLATED) :        -1.137ns  (required time - arrival time)
  Source:                 bd_0_i/hls_inst/inst/control_s_axi_U/int_mode_reg[0]/C
                            (rising edge-triggered cell FDRE clocked by ap_clk  {rise@0.000ns fall@2.381ns period=4.762ns})
  Destination:            bd_0_i/hls_inst/inst/grp_Hybrid_INT4_INT4_PD_fu_1730/col_gen[68].row_gen[7].dsp_core/signs_r1_reg[7]/R
                            (rising edge-triggered cell FDRE clocked by ap_clk  {rise@0.000ns fall@2.381ns period=4.762ns})
  Path Group:             ap_clk
  Path Type:              Setup (Max at Slow Process Corner)
  Requirement:            4.762ns  (ap_clk rise@4.762ns - ap_clk rise@0.000ns)
  Data Path Delay:        5.778ns  (logic 0.079ns (1.367%)  route 5.699ns (98.633%))
  Logic Levels:           0  
  Clock Path Skew:        -0.008ns (DCD - SCD + CPR)
    Destination Clock Delay (DCD):    0.021ns = ( 4.783 - 4.762 ) 
    Source Clock Delay      (SCD):    0.029ns
    Clock Pessimism Removal (CPR):    0.000ns
  Clock Uncertainty:      0.035ns  ((TSJ^2 + TIJ^2)^1/2 + DJ) / 2 + PE
    Total System Jitter     (TSJ):    0.071ns
    Total Input Jitter      (TIJ):    0.000ns
    Discrete Jitter          (DJ):    0.000ns
    Phase Error              (PE):    0.000ns
  Inter-SLR Compensation: 0.003ns  (DCD * PF)
    Destination Clock Delay (DCD):    0.021ns
    Prorating Factor         (PF):    0.150

    Location             Delay type                Incr(ns)  Path(ns)    Netlist Resource(s)
  -------------------------------------------------------------------    -------------------
                         (clock ap_clk rise edge)     0.000     0.000 r  
                                                      0.000     0.000 r  ap_clk (IN)
                         net (fo=529382, unset)       0.029     0.029    bd_0_i/hls_inst/inst/control_s_axi_U/ap_clk
    SLICE_X112Y499       FDRE                                         r  bd_0_i/hls_inst/inst/control_s_axi_U/int_mode_reg[0]/C
  -------------------------------------------------------------------    -------------------
    SLICE_X112Y499       FDRE (Prop_EFF_SLICEL_C_Q)
                                                      0.079     0.108 r  bd_0_i/hls_inst/inst/control_s_axi_U/int_mode_reg[0]/Q
                         net (fo=262607, routed)      5.699     5.807    bd_0_i/hls_inst/inst/grp_Hybrid_INT4_INT4_PD_fu_1730/col_gen[68].row_gen[7].dsp_core/mode
    SLR Crossing[2->0]   
    SLICE_X115Y229       FDRE                                         r  bd_0_i/hls_inst/inst/grp_Hybrid_INT4_INT4_PD_fu_1730/col_gen[68].row_gen[7].dsp_core/signs_r1_reg[7]/R
  -------------------------------------------------------------------    -------------------

                         (clock ap_clk rise edge)     4.762     4.762 r  
                                                      0.000     4.762 r  ap_clk (IN)
                         net (fo=529382, unset)       0.021     4.783    bd_0_i/hls_inst/inst/grp_Hybrid_INT4_INT4_PD_fu_1730/col_gen[68].row_gen[7].dsp_core/ap_clk
    SLICE_X115Y229       FDRE                                         r  bd_0_i/hls_inst/inst/grp_Hybrid_INT4_INT4_PD_fu_1730/col_gen[68].row_gen[7].dsp_core/signs_r1_reg[7]/C
                         clock pessimism              0.000     4.783    
                         inter-SLR compensation      -0.003     4.780    
                         clock uncertainty           -0.035     4.744    
    SLICE_X115Y229       FDRE (Setup_CFF_SLICEM_C_R)
                                                     -0.074     4.670    bd_0_i/hls_inst/inst/grp_Hybrid_INT4_INT4_PD_fu_1730/col_gen[68].row_gen[7].dsp_core/signs_r1_reg[7]
  -------------------------------------------------------------------
                         required time                          4.670    
                         arrival time                          -5.807    
  -------------------------------------------------------------------
                         slack                                 -1.137    

Slack (VIOLATED) :        -1.137ns  (required time - arrival time)
  Source:                 bd_0_i/hls_inst/inst/control_s_axi_U/int_mode_reg[0]/C
                            (rising edge-triggered cell FDRE clocked by ap_clk  {rise@0.000ns fall@2.381ns period=4.762ns})
  Destination:            bd_0_i/hls_inst/inst/grp_Hybrid_INT4_INT4_PD_fu_1730/col_gen[7].row_gen[34].dsp_core/signs_r1_reg[8]/R
                            (rising edge-triggered cell FDRE clocked by ap_clk  {rise@0.000ns fall@2.381ns period=4.762ns})
  Path Group:             ap_clk
  Path Type:              Setup (Max at Slow Process Corner)
  Requirement:            4.762ns  (ap_clk rise@4.762ns - ap_clk rise@0.000ns)
  Data Path Delay:        5.778ns  (logic 0.079ns (1.367%)  route 5.699ns (98.633%))
  Logic Levels:           0  
  Clock Path Skew:        -0.008ns (DCD - SCD + CPR)
    Destination Clock Delay (DCD):    0.021ns = ( 4.783 - 4.762 ) 
    Source Clock Delay      (SCD):    0.029ns
    Clock Pessimism Removal (CPR):    0.000ns
  Clock Uncertainty:      0.035ns  ((TSJ^2 + TIJ^2)^1/2 + DJ) / 2 + PE
    Total System Jitter     (TSJ):    0.071ns
    Total Input Jitter      (TIJ):    0.000ns
    Discrete Jitter          (DJ):    0.000ns
    Phase Error              (PE):    0.000ns
  Inter-SLR Compensation: 0.003ns  (DCD * PF)
    Destination Clock Delay (DCD):    0.021ns
    Prorating Factor         (PF):    0.150

    Location             Delay type                Incr(ns)  Path(ns)    Netlist Resource(s)
  -------------------------------------------------------------------    -------------------
                         (clock ap_clk rise edge)     0.000     0.000 r  
                                                      0.000     0.000 r  ap_clk (IN)
                         net (fo=529382, unset)       0.029     0.029    bd_0_i/hls_inst/inst/control_s_axi_U/ap_clk
    SLICE_X112Y499       FDRE                                         r  bd_0_i/hls_inst/inst/control_s_axi_U/int_mode_reg[0]/C
  -------------------------------------------------------------------    -------------------
    SLICE_X112Y499       FDRE (Prop_EFF_SLICEL_C_Q)
                                                      0.079     0.108 r  bd_0_i/hls_inst/inst/control_s_axi_U/int_mode_reg[0]/Q
                         net (fo=262607, routed)      5.699     5.807    bd_0_i/hls_inst/inst/grp_Hybrid_INT4_INT4_PD_fu_1730/col_gen[7].row_gen[34].dsp_core/mode
    SLR Crossing[2->0]   
    SLICE_X115Y229       FDRE                                         r  bd_0_i/hls_inst/inst/grp_Hybrid_INT4_INT4_PD_fu_1730/col_gen[7].row_gen[34].dsp_core/signs_r1_reg[8]/R
  -------------------------------------------------------------------    -------------------

                         (clock ap_clk rise edge)     4.762     4.762 r  
                                                      0.000     4.762 r  ap_clk (IN)
                         net (fo=529382, unset)       0.021     4.783    bd_0_i/hls_inst/inst/grp_Hybrid_INT4_INT4_PD_fu_1730/col_gen[7].row_gen[34].dsp_core/ap_clk
    SLICE_X115Y229       FDRE                                         r  bd_0_i/hls_inst/inst/grp_Hybrid_INT4_INT4_PD_fu_1730/col_gen[7].row_gen[34].dsp_core/signs_r1_reg[8]/C
                         clock pessimism              0.000     4.783    
                         inter-SLR compensation      -0.003     4.780    
                         clock uncertainty           -0.035     4.744    
    SLICE_X115Y229       FDRE (Setup_BFF_SLICEM_C_R)
                                                     -0.074     4.670    bd_0_i/hls_inst/inst/grp_Hybrid_INT4_INT4_PD_fu_1730/col_gen[7].row_gen[34].dsp_core/signs_r1_reg[8]
  -------------------------------------------------------------------
                         required time                          4.670    
                         arrival time                          -5.807    
  -------------------------------------------------------------------
                         slack                                 -1.137    

Slack (VIOLATED) :        -1.134ns  (required time - arrival time)
  Source:                 bd_0_i/hls_inst/inst/control_s_axi_U/int_mode_reg[0]/C
                            (rising edge-triggered cell FDRE clocked by ap_clk  {rise@0.000ns fall@2.381ns period=4.762ns})
  Destination:            bd_0_i/hls_inst/inst/grp_Hybrid_INT4_INT4_PD_fu_1730/col_gen[68].row_gen[72].dsp_core/signs_r1_reg[7]/R
                            (rising edge-triggered cell FDRE clocked by ap_clk  {rise@0.000ns fall@2.381ns period=4.762ns})
  Path Group:             ap_clk
  Path Type:              Setup (Max at Slow Process Corner)
  Requirement:            4.762ns  (ap_clk rise@4.762ns - ap_clk rise@0.000ns)
  Data Path Delay:        5.775ns  (logic 0.079ns (1.368%)  route 5.696ns (98.632%))
  Logic Levels:           0  
  Clock Path Skew:        -0.008ns (DCD - SCD + CPR)
    Destination Clock Delay (DCD):    0.021ns = ( 4.783 - 4.762 ) 
    Source Clock Delay      (SCD):    0.029ns
    Clock Pessimism Removal (CPR):    0.000ns
  Clock Uncertainty:      0.035ns  ((TSJ^2 + TIJ^2)^1/2 + DJ) / 2 + PE
    Total System Jitter     (TSJ):    0.071ns
    Total Input Jitter      (TIJ):    0.000ns
    Discrete Jitter          (DJ):    0.000ns
    Phase Error              (PE):    0.000ns
  Inter-SLR Compensation: 0.003ns  (DCD * PF)
    Destination Clock Delay (DCD):    0.021ns
    Prorating Factor         (PF):    0.150

    Location             Delay type                Incr(ns)  Path(ns)    Netlist Resource(s)
  -------------------------------------------------------------------    -------------------
                         (clock ap_clk rise edge)     0.000     0.000 r  
                                                      0.000     0.000 r  ap_clk (IN)
                         net (fo=529382, unset)       0.029     0.029    bd_0_i/hls_inst/inst/control_s_axi_U/ap_clk
    SLICE_X112Y499       FDRE                                         r  bd_0_i/hls_inst/inst/control_s_axi_U/int_mode_reg[0]/C
  -------------------------------------------------------------------    -------------------
    SLICE_X112Y499       FDRE (Prop_EFF_SLICEL_C_Q)
                                                      0.079     0.108 r  bd_0_i/hls_inst/inst/control_s_axi_U/int_mode_reg[0]/Q
                         net (fo=262607, routed)      5.696     5.804    bd_0_i/hls_inst/inst/grp_Hybrid_INT4_INT4_PD_fu_1730/col_gen[68].row_gen[72].dsp_core/mode
    SLR Crossing[2->0]   
    SLICE_X115Y229       FDRE                                         r  bd_0_i/hls_inst/inst/grp_Hybrid_INT4_INT4_PD_fu_1730/col_gen[68].row_gen[72].dsp_core/signs_r1_reg[7]/R
  -------------------------------------------------------------------    -------------------

                         (clock ap_clk rise edge)     4.762     4.762 r  
                                                      0.000     4.762 r  ap_clk (IN)
                         net (fo=529382, unset)       0.021     4.783    bd_0_i/hls_inst/inst/grp_Hybrid_INT4_INT4_PD_fu_1730/col_gen[68].row_gen[72].dsp_core/ap_clk
    SLICE_X115Y229       FDRE                                         r  bd_0_i/hls_inst/inst/grp_Hybrid_INT4_INT4_PD_fu_1730/col_gen[68].row_gen[72].dsp_core/signs_r1_reg[7]/C
                         clock pessimism              0.000     4.783    
                         inter-SLR compensation      -0.003     4.780    
                         clock uncertainty           -0.035     4.744    
    SLICE_X115Y229       FDRE (Setup_HFF_SLICEM_C_R)
                                                     -0.074     4.670    bd_0_i/hls_inst/inst/grp_Hybrid_INT4_INT4_PD_fu_1730/col_gen[68].row_gen[72].dsp_core/signs_r1_reg[7]
  -------------------------------------------------------------------
                         required time                          4.670    
                         arrival time                          -5.804    
  -------------------------------------------------------------------
                         slack                                 -1.134    

Slack (VIOLATED) :        -1.134ns  (required time - arrival time)
  Source:                 bd_0_i/hls_inst/inst/control_s_axi_U/int_mode_reg[0]/C
                            (rising edge-triggered cell FDRE clocked by ap_clk  {rise@0.000ns fall@2.381ns period=4.762ns})
  Destination:            bd_0_i/hls_inst/inst/grp_Hybrid_INT4_INT4_PD_fu_1730/col_gen[69].row_gen[35].dsp_core/signs_r1_reg[7]/R
                            (rising edge-triggered cell FDRE clocked by ap_clk  {rise@0.000ns fall@2.381ns period=4.762ns})
  Path Group:             ap_clk
  Path Type:              Setup (Max at Slow Process Corner)
  Requirement:            4.762ns  (ap_clk rise@4.762ns - ap_clk rise@0.000ns)
  Data Path Delay:        5.775ns  (logic 0.079ns (1.368%)  route 5.696ns (98.632%))
  Logic Levels:           0  
  Clock Path Skew:        -0.008ns (DCD - SCD + CPR)
    Destination Clock Delay (DCD):    0.021ns = ( 4.783 - 4.762 ) 
    Source Clock Delay      (SCD):    0.029ns
    Clock Pessimism Removal (CPR):    0.000ns
  Clock Uncertainty:      0.035ns  ((TSJ^2 + TIJ^2)^1/2 + DJ) / 2 + PE
    Total System Jitter     (TSJ):    0.071ns
    Total Input Jitter      (TIJ):    0.000ns
    Discrete Jitter          (DJ):    0.000ns
    Phase Error              (PE):    0.000ns
  Inter-SLR Compensation: 0.003ns  (DCD * PF)
    Destination Clock Delay (DCD):    0.021ns
    Prorating Factor         (PF):    0.150

    Location             Delay type                Incr(ns)  Path(ns)    Netlist Resource(s)
  -------------------------------------------------------------------    -------------------
                         (clock ap_clk rise edge)     0.000     0.000 r  
                                                      0.000     0.000 r  ap_clk (IN)
                         net (fo=529382, unset)       0.029     0.029    bd_0_i/hls_inst/inst/control_s_axi_U/ap_clk
    SLICE_X112Y499       FDRE                                         r  bd_0_i/hls_inst/inst/control_s_axi_U/int_mode_reg[0]/C
  -------------------------------------------------------------------    -------------------
    SLICE_X112Y499       FDRE (Prop_EFF_SLICEL_C_Q)
                                                      0.079     0.108 r  bd_0_i/hls_inst/inst/control_s_axi_U/int_mode_reg[0]/Q
                         net (fo=262607, routed)      5.696     5.804    bd_0_i/hls_inst/inst/grp_Hybrid_INT4_INT4_PD_fu_1730/col_gen[69].row_gen[35].dsp_core/mode
    SLR Crossing[2->0]   
    SLICE_X115Y229       FDRE                                         r  bd_0_i/hls_inst/inst/grp_Hybrid_INT4_INT4_PD_fu_1730/col_gen[69].row_gen[35].dsp_core/signs_r1_reg[7]/R
  -------------------------------------------------------------------    -------------------

                         (clock ap_clk rise edge)     4.762     4.762 r  
                                                      0.000     4.762 r  ap_clk (IN)
                         net (fo=529382, unset)       0.021     4.783    bd_0_i/hls_inst/inst/grp_Hybrid_INT4_INT4_PD_fu_1730/col_gen[69].row_gen[35].dsp_core/ap_clk
    SLICE_X115Y229       FDRE                                         r  bd_0_i/hls_inst/inst/grp_Hybrid_INT4_INT4_PD_fu_1730/col_gen[69].row_gen[35].dsp_core/signs_r1_reg[7]/C
                         clock pessimism              0.000     4.783    
                         inter-SLR compensation      -0.003     4.780    
                         clock uncertainty           -0.035     4.744    
    SLICE_X115Y229       FDRE (Setup_GFF_SLICEM_C_R)
                                                     -0.074     4.670    bd_0_i/hls_inst/inst/grp_Hybrid_INT4_INT4_PD_fu_1730/col_gen[69].row_gen[35].dsp_core/signs_r1_reg[7]
  -------------------------------------------------------------------
                         required time                          4.670    
                         arrival time                          -5.804    
  -------------------------------------------------------------------
                         slack                                 -1.134    

Slack (VIOLATED) :        -1.134ns  (required time - arrival time)
  Source:                 bd_0_i/hls_inst/inst/control_s_axi_U/int_mode_reg[0]/C
                            (rising edge-triggered cell FDRE clocked by ap_clk  {rise@0.000ns fall@2.381ns period=4.762ns})
  Destination:            bd_0_i/hls_inst/inst/grp_Hybrid_INT4_INT4_PD_fu_1730/col_gen[70].row_gen[75].dsp_core/signs_r1_reg[8]/R
                            (rising edge-triggered cell FDRE clocked by ap_clk  {rise@0.000ns fall@2.381ns period=4.762ns})
  Path Group:             ap_clk
  Path Type:              Setup (Max at Slow Process Corner)
  Requirement:            4.762ns  (ap_clk rise@4.762ns - ap_clk rise@0.000ns)
  Data Path Delay:        5.775ns  (logic 0.079ns (1.368%)  route 5.696ns (98.632%))
  Logic Levels:           0  
  Clock Path Skew:        -0.008ns (DCD - SCD + CPR)
    Destination Clock Delay (DCD):    0.021ns = ( 4.783 - 4.762 ) 
    Source Clock Delay      (SCD):    0.029ns
    Clock Pessimism Removal (CPR):    0.000ns
  Clock Uncertainty:      0.035ns  ((TSJ^2 + TIJ^2)^1/2 + DJ) / 2 + PE
    Total System Jitter     (TSJ):    0.071ns
    Total Input Jitter      (TIJ):    0.000ns
    Discrete Jitter          (DJ):    0.000ns
    Phase Error              (PE):    0.000ns
  Inter-SLR Compensation: 0.003ns  (DCD * PF)
    Destination Clock Delay (DCD):    0.021ns
    Prorating Factor         (PF):    0.150

    Location             Delay type                Incr(ns)  Path(ns)    Netlist Resource(s)
  -------------------------------------------------------------------    -------------------
                         (clock ap_clk rise edge)     0.000     0.000 r  
                                                      0.000     0.000 r  ap_clk (IN)
                         net (fo=529382, unset)       0.029     0.029    bd_0_i/hls_inst/inst/control_s_axi_U/ap_clk
    SLICE_X112Y499       FDRE                                         r  bd_0_i/hls_inst/inst/control_s_axi_U/int_mode_reg[0]/C
  -------------------------------------------------------------------    -------------------
    SLICE_X112Y499       FDRE (Prop_EFF_SLICEL_C_Q)
                                                      0.079     0.108 r  bd_0_i/hls_inst/inst/control_s_axi_U/int_mode_reg[0]/Q
                         net (fo=262607, routed)      5.696     5.804    bd_0_i/hls_inst/inst/grp_Hybrid_INT4_INT4_PD_fu_1730/col_gen[70].row_gen[75].dsp_core/mode
    SLR Crossing[2->0]   
    SLICE_X115Y229       FDRE                                         r  bd_0_i/hls_inst/inst/grp_Hybrid_INT4_INT4_PD_fu_1730/col_gen[70].row_gen[75].dsp_core/signs_r1_reg[8]/R
  -------------------------------------------------------------------    -------------------

                         (clock ap_clk rise edge)     4.762     4.762 r  
                                                      0.000     4.762 r  ap_clk (IN)
                         net (fo=529382, unset)       0.021     4.783    bd_0_i/hls_inst/inst/grp_Hybrid_INT4_INT4_PD_fu_1730/col_gen[70].row_gen[75].dsp_core/ap_clk
    SLICE_X115Y229       FDRE                                         r  bd_0_i/hls_inst/inst/grp_Hybrid_INT4_INT4_PD_fu_1730/col_gen[70].row_gen[75].dsp_core/signs_r1_reg[8]/C
                         clock pessimism              0.000     4.783    
                         inter-SLR compensation      -0.003     4.780    
                         clock uncertainty           -0.035     4.744    
    SLICE_X115Y229       FDRE (Setup_FFF_SLICEM_C_R)
                                                     -0.074     4.670    bd_0_i/hls_inst/inst/grp_Hybrid_INT4_INT4_PD_fu_1730/col_gen[70].row_gen[75].dsp_core/signs_r1_reg[8]
  -------------------------------------------------------------------
                         required time                          4.670    
                         arrival time                          -5.804    
  -------------------------------------------------------------------
                         slack                                 -1.134    

Slack (VIOLATED) :        -1.134ns  (required time - arrival time)
  Source:                 bd_0_i/hls_inst/inst/control_s_axi_U/int_mode_reg[0]/C
                            (rising edge-triggered cell FDRE clocked by ap_clk  {rise@0.000ns fall@2.381ns period=4.762ns})
  Destination:            bd_0_i/hls_inst/inst/grp_Hybrid_INT4_INT4_PD_fu_1730/col_gen[72].row_gen[59].dsp_core/signs_r1_reg[7]/R
                            (rising edge-triggered cell FDRE clocked by ap_clk  {rise@0.000ns fall@2.381ns period=4.762ns})
  Path Group:             ap_clk
  Path Type:              Setup (Max at Slow Process Corner)
  Requirement:            4.762ns  (ap_clk rise@4.762ns - ap_clk rise@0.000ns)
  Data Path Delay:        5.775ns  (logic 0.079ns (1.368%)  route 5.696ns (98.632%))
  Logic Levels:           0  
  Clock Path Skew:        -0.008ns (DCD - SCD + CPR)
    Destination Clock Delay (DCD):    0.021ns = ( 4.783 - 4.762 ) 
    Source Clock Delay      (SCD):    0.029ns
    Clock Pessimism Removal (CPR):    0.000ns
  Clock Uncertainty:      0.035ns  ((TSJ^2 + TIJ^2)^1/2 + DJ) / 2 + PE
    Total System Jitter     (TSJ):    0.071ns
    Total Input Jitter      (TIJ):    0.000ns
    Discrete Jitter          (DJ):    0.000ns
    Phase Error              (PE):    0.000ns
  Inter-SLR Compensation: 0.003ns  (DCD * PF)
    Destination Clock Delay (DCD):    0.021ns
    Prorating Factor         (PF):    0.150

    Location             Delay type                Incr(ns)  Path(ns)    Netlist Resource(s)
  -------------------------------------------------------------------    -------------------
                         (clock ap_clk rise edge)     0.000     0.000 r  
                                                      0.000     0.000 r  ap_clk (IN)
                         net (fo=529382, unset)       0.029     0.029    bd_0_i/hls_inst/inst/control_s_axi_U/ap_clk
    SLICE_X112Y499       FDRE                                         r  bd_0_i/hls_inst/inst/control_s_axi_U/int_mode_reg[0]/C
  -------------------------------------------------------------------    -------------------
    SLICE_X112Y499       FDRE (Prop_EFF_SLICEL_C_Q)
                                                      0.079     0.108 r  bd_0_i/hls_inst/inst/control_s_axi_U/int_mode_reg[0]/Q
                         net (fo=262607, routed)      5.696     5.804    bd_0_i/hls_inst/inst/grp_Hybrid_INT4_INT4_PD_fu_1730/col_gen[72].row_gen[59].dsp_core/mode
    SLR Crossing[2->0]   
    SLICE_X115Y229       FDRE                                         r  bd_0_i/hls_inst/inst/grp_Hybrid_INT4_INT4_PD_fu_1730/col_gen[72].row_gen[59].dsp_core/signs_r1_reg[7]/R
  -------------------------------------------------------------------    -------------------

                         (clock ap_clk rise edge)     4.762     4.762 r  
                                                      0.000     4.762 r  ap_clk (IN)
                         net (fo=529382, unset)       0.021     4.783    bd_0_i/hls_inst/inst/grp_Hybrid_INT4_INT4_PD_fu_1730/col_gen[72].row_gen[59].dsp_core/ap_clk
    SLICE_X115Y229       FDRE                                         r  bd_0_i/hls_inst/inst/grp_Hybrid_INT4_INT4_PD_fu_1730/col_gen[72].row_gen[59].dsp_core/signs_r1_reg[7]/C
                         clock pessimism              0.000     4.783    
                         inter-SLR compensation      -0.003     4.780    
                         clock uncertainty           -0.035     4.744    
    SLICE_X115Y229       FDRE (Setup_EFF_SLICEM_C_R)
                                                     -0.074     4.670    bd_0_i/hls_inst/inst/grp_Hybrid_INT4_INT4_PD_fu_1730/col_gen[72].row_gen[59].dsp_core/signs_r1_reg[7]
  -------------------------------------------------------------------
                         required time                          4.670    
                         arrival time                          -5.804    
  -------------------------------------------------------------------
                         slack                                 -1.134    

Slack (VIOLATED) :        -1.127ns  (required time - arrival time)
  Source:                 bd_0_i/hls_inst/inst/control_s_axi_U/int_mode_reg[0]/C
                            (rising edge-triggered cell FDRE clocked by ap_clk  {rise@0.000ns fall@2.381ns period=4.762ns})
  Destination:            bd_0_i/hls_inst/inst/grp_Hybrid_INT4_INT4_PD_fu_1730/col_gen[67].row_gen[7].dsp_core/signs_r1_reg[7]/R
                            (rising edge-triggered cell FDRE clocked by ap_clk  {rise@0.000ns fall@2.381ns period=4.762ns})
  Path Group:             ap_clk
  Path Type:              Setup (Max at Slow Process Corner)
  Requirement:            4.762ns  (ap_clk rise@4.762ns - ap_clk rise@0.000ns)
  Data Path Delay:        5.767ns  (logic 0.079ns (1.370%)  route 5.688ns (98.630%))
  Logic Levels:           0  
  Clock Path Skew:        -0.009ns (DCD - SCD + CPR)
    Destination Clock Delay (DCD):    0.020ns = ( 4.782 - 4.762 ) 
    Source Clock Delay      (SCD):    0.029ns
    Clock Pessimism Removal (CPR):    0.000ns
  Clock Uncertainty:      0.035ns  ((TSJ^2 + TIJ^2)^1/2 + DJ) / 2 + PE
    Total System Jitter     (TSJ):    0.071ns
    Total Input Jitter      (TIJ):    0.000ns
    Discrete Jitter          (DJ):    0.000ns
    Phase Error              (PE):    0.000ns
  Inter-SLR Compensation: 0.003ns  (DCD * PF)
    Destination Clock Delay (DCD):    0.020ns
    Prorating Factor         (PF):    0.150

    Location             Delay type                Incr(ns)  Path(ns)    Netlist Resource(s)
  -------------------------------------------------------------------    -------------------
                         (clock ap_clk rise edge)     0.000     0.000 r  
                                                      0.000     0.000 r  ap_clk (IN)
                         net (fo=529382, unset)       0.029     0.029    bd_0_i/hls_inst/inst/control_s_axi_U/ap_clk
    SLICE_X112Y499       FDRE                                         r  bd_0_i/hls_inst/inst/control_s_axi_U/int_mode_reg[0]/C
  -------------------------------------------------------------------    -------------------
    SLICE_X112Y499       FDRE (Prop_EFF_SLICEL_C_Q)
                                                      0.079     0.108 r  bd_0_i/hls_inst/inst/control_s_axi_U/int_mode_reg[0]/Q
                         net (fo=262607, routed)      5.688     5.796    bd_0_i/hls_inst/inst/grp_Hybrid_INT4_INT4_PD_fu_1730/col_gen[67].row_gen[7].dsp_core/mode
    SLR Crossing[2->0]   
    SLICE_X113Y229       FDRE                                         r  bd_0_i/hls_inst/inst/grp_Hybrid_INT4_INT4_PD_fu_1730/col_gen[67].row_gen[7].dsp_core/signs_r1_reg[7]/R
  -------------------------------------------------------------------    -------------------

                         (clock ap_clk rise edge)     4.762     4.762 r  
                                                      0.000     4.762 r  ap_clk (IN)
                         net (fo=529382, unset)       0.020     4.782    bd_0_i/hls_inst/inst/grp_Hybrid_INT4_INT4_PD_fu_1730/col_gen[67].row_gen[7].dsp_core/ap_clk
    SLICE_X113Y229       FDRE                                         r  bd_0_i/hls_inst/inst/grp_Hybrid_INT4_INT4_PD_fu_1730/col_gen[67].row_gen[7].dsp_core/signs_r1_reg[7]/C
                         clock pessimism              0.000     4.782    
                         inter-SLR compensation      -0.003     4.779    
                         clock uncertainty           -0.035     4.744    
    SLICE_X113Y229       FDRE (Setup_DFF_SLICEL_C_R)
                                                     -0.074     4.670    bd_0_i/hls_inst/inst/grp_Hybrid_INT4_INT4_PD_fu_1730/col_gen[67].row_gen[7].dsp_core/signs_r1_reg[7]
  -------------------------------------------------------------------
                         required time                          4.670    
                         arrival time                          -5.796    
  -------------------------------------------------------------------
                         slack                                 -1.127    

Slack (VIOLATED) :        -1.127ns  (required time - arrival time)
  Source:                 bd_0_i/hls_inst/inst/control_s_axi_U/int_mode_reg[0]/C
                            (rising edge-triggered cell FDRE clocked by ap_clk  {rise@0.000ns fall@2.381ns period=4.762ns})
  Destination:            bd_0_i/hls_inst/inst/grp_Hybrid_INT4_INT4_PD_fu_1730/col_gen[68].row_gen[75].dsp_core/signs_r1_reg[8]/R
                            (rising edge-triggered cell FDRE clocked by ap_clk  {rise@0.000ns fall@2.381ns period=4.762ns})
  Path Group:             ap_clk
  Path Type:              Setup (Max at Slow Process Corner)
  Requirement:            4.762ns  (ap_clk rise@4.762ns - ap_clk rise@0.000ns)
  Data Path Delay:        5.767ns  (logic 0.079ns (1.370%)  route 5.688ns (98.630%))
  Logic Levels:           0  
  Clock Path Skew:        -0.009ns (DCD - SCD + CPR)
    Destination Clock Delay (DCD):    0.020ns = ( 4.782 - 4.762 ) 
    Source Clock Delay      (SCD):    0.029ns
    Clock Pessimism Removal (CPR):    0.000ns
  Clock Uncertainty:      0.035ns  ((TSJ^2 + TIJ^2)^1/2 + DJ) / 2 + PE
    Total System Jitter     (TSJ):    0.071ns
    Total Input Jitter      (TIJ):    0.000ns
    Discrete Jitter          (DJ):    0.000ns
    Phase Error              (PE):    0.000ns
  Inter-SLR Compensation: 0.003ns  (DCD * PF)
    Destination Clock Delay (DCD):    0.020ns
    Prorating Factor         (PF):    0.150

    Location             Delay type                Incr(ns)  Path(ns)    Netlist Resource(s)
  -------------------------------------------------------------------    -------------------
                         (clock ap_clk rise edge)     0.000     0.000 r  
                                                      0.000     0.000 r  ap_clk (IN)
                         net (fo=529382, unset)       0.029     0.029    bd_0_i/hls_inst/inst/control_s_axi_U/ap_clk
    SLICE_X112Y499       FDRE                                         r  bd_0_i/hls_inst/inst/control_s_axi_U/int_mode_reg[0]/C
  -------------------------------------------------------------------    -------------------
    SLICE_X112Y499       FDRE (Prop_EFF_SLICEL_C_Q)
                                                      0.079     0.108 r  bd_0_i/hls_inst/inst/control_s_axi_U/int_mode_reg[0]/Q
                         net (fo=262607, routed)      5.688     5.796    bd_0_i/hls_inst/inst/grp_Hybrid_INT4_INT4_PD_fu_1730/col_gen[68].row_gen[75].dsp_core/mode
    SLR Crossing[2->0]   
    SLICE_X113Y229       FDRE                                         r  bd_0_i/hls_inst/inst/grp_Hybrid_INT4_INT4_PD_fu_1730/col_gen[68].row_gen[75].dsp_core/signs_r1_reg[8]/R
  -------------------------------------------------------------------    -------------------

                         (clock ap_clk rise edge)     4.762     4.762 r  
                                                      0.000     4.762 r  ap_clk (IN)
                         net (fo=529382, unset)       0.020     4.782    bd_0_i/hls_inst/inst/grp_Hybrid_INT4_INT4_PD_fu_1730/col_gen[68].row_gen[75].dsp_core/ap_clk
    SLICE_X113Y229       FDRE                                         r  bd_0_i/hls_inst/inst/grp_Hybrid_INT4_INT4_PD_fu_1730/col_gen[68].row_gen[75].dsp_core/signs_r1_reg[8]/C
                         clock pessimism              0.000     4.782    
                         inter-SLR compensation      -0.003     4.779    
                         clock uncertainty           -0.035     4.744    
    SLICE_X113Y229       FDRE (Setup_CFF_SLICEL_C_R)
                                                     -0.074     4.670    bd_0_i/hls_inst/inst/grp_Hybrid_INT4_INT4_PD_fu_1730/col_gen[68].row_gen[75].dsp_core/signs_r1_reg[8]
  -------------------------------------------------------------------
                         required time                          4.670    
                         arrival time                          -5.796    
  -------------------------------------------------------------------
                         slack                                 -1.127    

Slack (VIOLATED) :        -1.127ns  (required time - arrival time)
  Source:                 bd_0_i/hls_inst/inst/control_s_axi_U/int_mode_reg[0]/C
                            (rising edge-triggered cell FDRE clocked by ap_clk  {rise@0.000ns fall@2.381ns period=4.762ns})
  Destination:            bd_0_i/hls_inst/inst/grp_Hybrid_INT4_INT4_PD_fu_1730/col_gen[69].row_gen[34].dsp_core/signs_r1_reg[8]/R
                            (rising edge-triggered cell FDRE clocked by ap_clk  {rise@0.000ns fall@2.381ns period=4.762ns})
  Path Group:             ap_clk
  Path Type:              Setup (Max at Slow Process Corner)
  Requirement:            4.762ns  (ap_clk rise@4.762ns - ap_clk rise@0.000ns)
  Data Path Delay:        5.767ns  (logic 0.079ns (1.370%)  route 5.688ns (98.630%))
  Logic Levels:           0  
  Clock Path Skew:        -0.009ns (DCD - SCD + CPR)
    Destination Clock Delay (DCD):    0.020ns = ( 4.782 - 4.762 ) 
    Source Clock Delay      (SCD):    0.029ns
    Clock Pessimism Removal (CPR):    0.000ns
  Clock Uncertainty:      0.035ns  ((TSJ^2 + TIJ^2)^1/2 + DJ) / 2 + PE
    Total System Jitter     (TSJ):    0.071ns
    Total Input Jitter      (TIJ):    0.000ns
    Discrete Jitter          (DJ):    0.000ns
    Phase Error              (PE):    0.000ns
  Inter-SLR Compensation: 0.003ns  (DCD * PF)
    Destination Clock Delay (DCD):    0.020ns
    Prorating Factor         (PF):    0.150

    Location             Delay type                Incr(ns)  Path(ns)    Netlist Resource(s)
  -------------------------------------------------------------------    -------------------
                         (clock ap_clk rise edge)     0.000     0.000 r  
                                                      0.000     0.000 r  ap_clk (IN)
                         net (fo=529382, unset)       0.029     0.029    bd_0_i/hls_inst/inst/control_s_axi_U/ap_clk
    SLICE_X112Y499       FDRE                                         r  bd_0_i/hls_inst/inst/control_s_axi_U/int_mode_reg[0]/C
  -------------------------------------------------------------------    -------------------
    SLICE_X112Y499       FDRE (Prop_EFF_SLICEL_C_Q)
                                                      0.079     0.108 r  bd_0_i/hls_inst/inst/control_s_axi_U/int_mode_reg[0]/Q
                         net (fo=262607, routed)      5.688     5.796    bd_0_i/hls_inst/inst/grp_Hybrid_INT4_INT4_PD_fu_1730/col_gen[69].row_gen[34].dsp_core/mode
    SLR Crossing[2->0]   
    SLICE_X113Y229       FDRE                                         r  bd_0_i/hls_inst/inst/grp_Hybrid_INT4_INT4_PD_fu_1730/col_gen[69].row_gen[34].dsp_core/signs_r1_reg[8]/R
  -------------------------------------------------------------------    -------------------

                         (clock ap_clk rise edge)     4.762     4.762 r  
                                                      0.000     4.762 r  ap_clk (IN)
                         net (fo=529382, unset)       0.020     4.782    bd_0_i/hls_inst/inst/grp_Hybrid_INT4_INT4_PD_fu_1730/col_gen[69].row_gen[34].dsp_core/ap_clk
    SLICE_X113Y229       FDRE                                         r  bd_0_i/hls_inst/inst/grp_Hybrid_INT4_INT4_PD_fu_1730/col_gen[69].row_gen[34].dsp_core/signs_r1_reg[8]/C
                         clock pessimism              0.000     4.782    
                         inter-SLR compensation      -0.003     4.779    
                         clock uncertainty           -0.035     4.744    
    SLICE_X113Y229       FDRE (Setup_BFF_SLICEL_C_R)
                                                     -0.074     4.670    bd_0_i/hls_inst/inst/grp_Hybrid_INT4_INT4_PD_fu_1730/col_gen[69].row_gen[34].dsp_core/signs_r1_reg[8]
  -------------------------------------------------------------------
                         required time                          4.670    
                         arrival time                          -5.796    
  -------------------------------------------------------------------
                         slack                                 -1.127    





Min Delay Paths
--------------------------------------------------------------------------------------
Slack (MET) :             0.014ns  (arrival time - required time)
  Source:                 bd_0_i/hls_inst/inst/grp_gemv_kernel_Pipeline_LOAD_PREFILL_ACTS_fu_1169/icmp_ln36_reg_467_reg[0]/C
                            (rising edge-triggered cell FDRE clocked by ap_clk  {rise@0.000ns fall@2.381ns period=4.762ns})
  Destination:            bd_0_i/hls_inst/inst/grp_gemv_kernel_Pipeline_LOAD_PREFILL_ACTS_fu_1169/icmp_ln36_reg_467_pp0_iter22_reg_reg[0]_srl22/D
                            (rising edge-triggered cell SRLC32E clocked by ap_clk  {rise@0.000ns fall@2.381ns period=4.762ns})
  Path Group:             ap_clk
  Path Type:              Hold (Min at Fast Process Corner)
  Requirement:            0.000ns  (ap_clk rise@0.000ns - ap_clk rise@0.000ns)
  Data Path Delay:        0.102ns  (logic 0.041ns (40.052%)  route 0.061ns (59.948%))
  Logic Levels:           0  
  Clock Path Skew:        0.026ns (DCD - SCD - CPR)
    Destination Clock Delay (DCD):    0.039ns
    Source Clock Delay      (SCD):    0.013ns
    Clock Pessimism Removal (CPR):    -0.000ns

    Location             Delay type                Incr(ns)  Path(ns)    Netlist Resource(s)
  -------------------------------------------------------------------    -------------------
                         (clock ap_clk rise edge)     0.000     0.000 r  
                                                      0.000     0.000 r  ap_clk (IN)
                         net (fo=529382, unset)       0.013     0.013    bd_0_i/hls_inst/inst/grp_gemv_kernel_Pipeline_LOAD_PREFILL_ACTS_fu_1169/ap_clk
    SLICE_X142Y655       FDRE                                         r  bd_0_i/hls_inst/inst/grp_gemv_kernel_Pipeline_LOAD_PREFILL_ACTS_fu_1169/icmp_ln36_reg_467_reg[0]/C
  -------------------------------------------------------------------    -------------------
    SLICE_X142Y655       FDRE (Prop_DFF2_SLICEM_C_Q)
                                                      0.041     0.054 r  bd_0_i/hls_inst/inst/grp_gemv_kernel_Pipeline_LOAD_PREFILL_ACTS_fu_1169/icmp_ln36_reg_467_reg[0]/Q
                         net (fo=9, routed)           0.061     0.115    bd_0_i/hls_inst/inst/grp_gemv_kernel_Pipeline_LOAD_PREFILL_ACTS_fu_1169/icmp_ln36_reg_467
    SLICE_X142Y654       SRLC32E                                      r  bd_0_i/hls_inst/inst/grp_gemv_kernel_Pipeline_LOAD_PREFILL_ACTS_fu_1169/icmp_ln36_reg_467_pp0_iter22_reg_reg[0]_srl22/D
  -------------------------------------------------------------------    -------------------

                         (clock ap_clk rise edge)     0.000     0.000 r  
                                                      0.000     0.000 r  ap_clk (IN)
                         net (fo=529382, unset)       0.039     0.039    bd_0_i/hls_inst/inst/grp_gemv_kernel_Pipeline_LOAD_PREFILL_ACTS_fu_1169/ap_clk
    SLICE_X142Y654       SRLC32E                                      r  bd_0_i/hls_inst/inst/grp_gemv_kernel_Pipeline_LOAD_PREFILL_ACTS_fu_1169/icmp_ln36_reg_467_pp0_iter22_reg_reg[0]_srl22/CLK
                         clock pessimism              0.000     0.039    
    SLICE_X142Y654       SRLC32E (Hold_H6LUT_SLICEM_CLK_D)
                                                      0.062     0.101    bd_0_i/hls_inst/inst/grp_gemv_kernel_Pipeline_LOAD_PREFILL_ACTS_fu_1169/icmp_ln36_reg_467_pp0_iter22_reg_reg[0]_srl22
  -------------------------------------------------------------------
                         required time                         -0.101    
                         arrival time                           0.115    
  -------------------------------------------------------------------
                         slack                                  0.014    

Slack (MET) :             0.019ns  (arrival time - required time)
  Source:                 bd_0_i/hls_inst/inst/grp_Hybrid_INT4_INT4_PD_fu_1730/col_gen[11].row_gen[54].dsp_core/LSB_Res4_r2_reg[2]/C
                            (rising edge-triggered cell FDRE clocked by ap_clk  {rise@0.000ns fall@2.381ns period=4.762ns})
  Destination:            bd_0_i/hls_inst/inst/grp_Hybrid_INT4_INT4_PD_fu_1730/col_gen[11].row_gen[54].dsp_core/LSB_Res4_r3_reg[2]/D
                            (rising edge-triggered cell FDRE clocked by ap_clk  {rise@0.000ns fall@2.381ns period=4.762ns})
  Path Group:             ap_clk
  Path Type:              Hold (Min at Fast Process Corner)
  Requirement:            0.000ns  (ap_clk rise@0.000ns - ap_clk rise@0.000ns)
  Data Path Delay:        0.072ns  (logic 0.039ns (54.167%)  route 0.033ns (45.833%))
  Logic Levels:           0  
  Clock Path Skew:        0.006ns (DCD - SCD - CPR)
    Destination Clock Delay (DCD):    0.018ns
    Source Clock Delay      (SCD):    0.012ns
    Clock Pessimism Removal (CPR):    -0.000ns

    Location             Delay type                Incr(ns)  Path(ns)    Netlist Resource(s)
  -------------------------------------------------------------------    -------------------
                         (clock ap_clk rise edge)     0.000     0.000 r  
                                                      0.000     0.000 r  ap_clk (IN)
                         net (fo=529382, unset)       0.012     0.012    bd_0_i/hls_inst/inst/grp_Hybrid_INT4_INT4_PD_fu_1730/col_gen[11].row_gen[54].dsp_core/ap_clk
    SLICE_X202Y361       FDRE                                         r  bd_0_i/hls_inst/inst/grp_Hybrid_INT4_INT4_PD_fu_1730/col_gen[11].row_gen[54].dsp_core/LSB_Res4_r2_reg[2]/C
  -------------------------------------------------------------------    -------------------
    SLICE_X202Y361       FDRE (Prop_BFF_SLICEL_C_Q)
                                                      0.039     0.051 r  bd_0_i/hls_inst/inst/grp_Hybrid_INT4_INT4_PD_fu_1730/col_gen[11].row_gen[54].dsp_core/LSB_Res4_r2_reg[2]/Q
                         net (fo=1, routed)           0.033     0.084    bd_0_i/hls_inst/inst/grp_Hybrid_INT4_INT4_PD_fu_1730/col_gen[11].row_gen[54].dsp_core/LSB_Res4_r2[2]
    SLICE_X202Y361       FDRE                                         r  bd_0_i/hls_inst/inst/grp_Hybrid_INT4_INT4_PD_fu_1730/col_gen[11].row_gen[54].dsp_core/LSB_Res4_r3_reg[2]/D
  -------------------------------------------------------------------    -------------------

                         (clock ap_clk rise edge)     0.000     0.000 r  
                                                      0.000     0.000 r  ap_clk (IN)
                         net (fo=529382, unset)       0.018     0.018    bd_0_i/hls_inst/inst/grp_Hybrid_INT4_INT4_PD_fu_1730/col_gen[11].row_gen[54].dsp_core/ap_clk
    SLICE_X202Y361       FDRE                                         r  bd_0_i/hls_inst/inst/grp_Hybrid_INT4_INT4_PD_fu_1730/col_gen[11].row_gen[54].dsp_core/LSB_Res4_r3_reg[2]/C
                         clock pessimism              0.000     0.018    
    SLICE_X202Y361       FDRE (Hold_CFF2_SLICEL_C_D)
                                                      0.047     0.065    bd_0_i/hls_inst/inst/grp_Hybrid_INT4_INT4_PD_fu_1730/col_gen[11].row_gen[54].dsp_core/LSB_Res4_r3_reg[2]
  -------------------------------------------------------------------
                         required time                         -0.065    
                         arrival time                           0.084    
  -------------------------------------------------------------------
                         slack                                  0.019    

Slack (MET) :             0.019ns  (arrival time - required time)
  Source:                 bd_0_i/hls_inst/inst/grp_Hybrid_INT4_INT4_PD_fu_1730/col_gen[20].row_gen[64].dsp_core/LSB_Res4_r2_reg[2]/C
                            (rising edge-triggered cell FDRE clocked by ap_clk  {rise@0.000ns fall@2.381ns period=4.762ns})
  Destination:            bd_0_i/hls_inst/inst/grp_Hybrid_INT4_INT4_PD_fu_1730/col_gen[20].row_gen[64].dsp_core/LSB_Res4_r3_reg[2]/D
                            (rising edge-triggered cell FDRE clocked by ap_clk  {rise@0.000ns fall@2.381ns period=4.762ns})
  Path Group:             ap_clk
  Path Type:              Hold (Min at Fast Process Corner)
  Requirement:            0.000ns  (ap_clk rise@0.000ns - ap_clk rise@0.000ns)
  Data Path Delay:        0.072ns  (logic 0.039ns (54.167%)  route 0.033ns (45.833%))
  Logic Levels:           0  
  Clock Path Skew:        0.006ns (DCD - SCD - CPR)
    Destination Clock Delay (DCD):    0.018ns
    Source Clock Delay      (SCD):    0.012ns
    Clock Pessimism Removal (CPR):    -0.000ns

    Location             Delay type                Incr(ns)  Path(ns)    Netlist Resource(s)
  -------------------------------------------------------------------    -------------------
                         (clock ap_clk rise edge)     0.000     0.000 r  
                                                      0.000     0.000 r  ap_clk (IN)
                         net (fo=529382, unset)       0.012     0.012    bd_0_i/hls_inst/inst/grp_Hybrid_INT4_INT4_PD_fu_1730/col_gen[20].row_gen[64].dsp_core/ap_clk
    SLICE_X173Y367       FDRE                                         r  bd_0_i/hls_inst/inst/grp_Hybrid_INT4_INT4_PD_fu_1730/col_gen[20].row_gen[64].dsp_core/LSB_Res4_r2_reg[2]/C
  -------------------------------------------------------------------    -------------------
    SLICE_X173Y367       FDRE (Prop_BFF_SLICEL_C_Q)
                                                      0.039     0.051 r  bd_0_i/hls_inst/inst/grp_Hybrid_INT4_INT4_PD_fu_1730/col_gen[20].row_gen[64].dsp_core/LSB_Res4_r2_reg[2]/Q
                         net (fo=1, routed)           0.033     0.084    bd_0_i/hls_inst/inst/grp_Hybrid_INT4_INT4_PD_fu_1730/col_gen[20].row_gen[64].dsp_core/LSB_Res4_r2[2]
    SLICE_X173Y367       FDRE                                         r  bd_0_i/hls_inst/inst/grp_Hybrid_INT4_INT4_PD_fu_1730/col_gen[20].row_gen[64].dsp_core/LSB_Res4_r3_reg[2]/D
  -------------------------------------------------------------------    -------------------

                         (clock ap_clk rise edge)     0.000     0.000 r  
                                                      0.000     0.000 r  ap_clk (IN)
                         net (fo=529382, unset)       0.018     0.018    bd_0_i/hls_inst/inst/grp_Hybrid_INT4_INT4_PD_fu_1730/col_gen[20].row_gen[64].dsp_core/ap_clk
    SLICE_X173Y367       FDRE                                         r  bd_0_i/hls_inst/inst/grp_Hybrid_INT4_INT4_PD_fu_1730/col_gen[20].row_gen[64].dsp_core/LSB_Res4_r3_reg[2]/C
                         clock pessimism              0.000     0.018    
    SLICE_X173Y367       FDRE (Hold_CFF2_SLICEL_C_D)
                                                      0.047     0.065    bd_0_i/hls_inst/inst/grp_Hybrid_INT4_INT4_PD_fu_1730/col_gen[20].row_gen[64].dsp_core/LSB_Res4_r3_reg[2]
  -------------------------------------------------------------------
                         required time                         -0.065    
                         arrival time                           0.084    
  -------------------------------------------------------------------
                         slack                                  0.019    

Slack (MET) :             0.019ns  (arrival time - required time)
  Source:                 bd_0_i/hls_inst/inst/grp_Hybrid_INT4_INT4_PD_fu_1730/col_gen[24].row_gen[4].dsp_core/LSB_Res4_r2_reg[1]/C
                            (rising edge-triggered cell FDRE clocked by ap_clk  {rise@0.000ns fall@2.381ns period=4.762ns})
  Destination:            bd_0_i/hls_inst/inst/grp_Hybrid_INT4_INT4_PD_fu_1730/col_gen[24].row_gen[4].dsp_core/LSB_Res4_r3_reg[1]/D
                            (rising edge-triggered cell FDRE clocked by ap_clk  {rise@0.000ns fall@2.381ns period=4.762ns})
  Path Group:             ap_clk
  Path Type:              Hold (Min at Fast Process Corner)
  Requirement:            0.000ns  (ap_clk rise@0.000ns - ap_clk rise@0.000ns)
  Data Path Delay:        0.072ns  (logic 0.039ns (54.167%)  route 0.033ns (45.833%))
  Logic Levels:           0  
  Clock Path Skew:        0.006ns (DCD - SCD - CPR)
    Destination Clock Delay (DCD):    0.018ns
    Source Clock Delay      (SCD):    0.012ns
    Clock Pessimism Removal (CPR):    -0.000ns

    Location             Delay type                Incr(ns)  Path(ns)    Netlist Resource(s)
  -------------------------------------------------------------------    -------------------
                         (clock ap_clk rise edge)     0.000     0.000 r  
                                                      0.000     0.000 r  ap_clk (IN)
                         net (fo=529382, unset)       0.012     0.012    bd_0_i/hls_inst/inst/grp_Hybrid_INT4_INT4_PD_fu_1730/col_gen[24].row_gen[4].dsp_core/ap_clk
    SLICE_X178Y399       FDRE                                         r  bd_0_i/hls_inst/inst/grp_Hybrid_INT4_INT4_PD_fu_1730/col_gen[24].row_gen[4].dsp_core/LSB_Res4_r2_reg[1]/C
  -------------------------------------------------------------------    -------------------
    SLICE_X178Y399       FDRE (Prop_BFF_SLICEL_C_Q)
                                                      0.039     0.051 r  bd_0_i/hls_inst/inst/grp_Hybrid_INT4_INT4_PD_fu_1730/col_gen[24].row_gen[4].dsp_core/LSB_Res4_r2_reg[1]/Q
                         net (fo=1, routed)           0.033     0.084    bd_0_i/hls_inst/inst/grp_Hybrid_INT4_INT4_PD_fu_1730/col_gen[24].row_gen[4].dsp_core/LSB_Res4_r2[1]
    SLICE_X178Y399       FDRE                                         r  bd_0_i/hls_inst/inst/grp_Hybrid_INT4_INT4_PD_fu_1730/col_gen[24].row_gen[4].dsp_core/LSB_Res4_r3_reg[1]/D
  -------------------------------------------------------------------    -------------------

                         (clock ap_clk rise edge)     0.000     0.000 r  
                                                      0.000     0.000 r  ap_clk (IN)
                         net (fo=529382, unset)       0.018     0.018    bd_0_i/hls_inst/inst/grp_Hybrid_INT4_INT4_PD_fu_1730/col_gen[24].row_gen[4].dsp_core/ap_clk
    SLICE_X178Y399       FDRE                                         r  bd_0_i/hls_inst/inst/grp_Hybrid_INT4_INT4_PD_fu_1730/col_gen[24].row_gen[4].dsp_core/LSB_Res4_r3_reg[1]/C
                         clock pessimism              0.000     0.018    
    SLICE_X178Y399       FDRE (Hold_CFF2_SLICEL_C_D)
                                                      0.047     0.065    bd_0_i/hls_inst/inst/grp_Hybrid_INT4_INT4_PD_fu_1730/col_gen[24].row_gen[4].dsp_core/LSB_Res4_r3_reg[1]
  -------------------------------------------------------------------
                         required time                         -0.065    
                         arrival time                           0.084    
  -------------------------------------------------------------------
                         slack                                  0.019    

Slack (MET) :             0.019ns  (arrival time - required time)
  Source:                 bd_0_i/hls_inst/inst/grp_Hybrid_INT4_INT4_PD_fu_1730/col_gen[25].row_gen[25].dsp_core/LSB_Res6_r2_reg[1]/C
                            (rising edge-triggered cell FDRE clocked by ap_clk  {rise@0.000ns fall@2.381ns period=4.762ns})
  Destination:            bd_0_i/hls_inst/inst/grp_Hybrid_INT4_INT4_PD_fu_1730/col_gen[25].row_gen[25].dsp_core/LSB_Res6_r3_reg[1]/D
                            (rising edge-triggered cell FDRE clocked by ap_clk  {rise@0.000ns fall@2.381ns period=4.762ns})
  Path Group:             ap_clk
  Path Type:              Hold (Min at Fast Process Corner)
  Requirement:            0.000ns  (ap_clk rise@0.000ns - ap_clk rise@0.000ns)
  Data Path Delay:        0.072ns  (logic 0.039ns (54.167%)  route 0.033ns (45.833%))
  Logic Levels:           0  
  Clock Path Skew:        0.006ns (DCD - SCD - CPR)
    Destination Clock Delay (DCD):    0.018ns
    Source Clock Delay      (SCD):    0.012ns
    Clock Pessimism Removal (CPR):    -0.000ns

    Location             Delay type                Incr(ns)  Path(ns)    Netlist Resource(s)
  -------------------------------------------------------------------    -------------------
                         (clock ap_clk rise edge)     0.000     0.000 r  
                                                      0.000     0.000 r  ap_clk (IN)
                         net (fo=529382, unset)       0.012     0.012    bd_0_i/hls_inst/inst/grp_Hybrid_INT4_INT4_PD_fu_1730/col_gen[25].row_gen[25].dsp_core/ap_clk
    SLICE_X68Y652        FDRE                                         r  bd_0_i/hls_inst/inst/grp_Hybrid_INT4_INT4_PD_fu_1730/col_gen[25].row_gen[25].dsp_core/LSB_Res6_r2_reg[1]/C
  -------------------------------------------------------------------    -------------------
    SLICE_X68Y652        FDRE (Prop_BFF_SLICEL_C_Q)
                                                      0.039     0.051 r  bd_0_i/hls_inst/inst/grp_Hybrid_INT4_INT4_PD_fu_1730/col_gen[25].row_gen[25].dsp_core/LSB_Res6_r2_reg[1]/Q
                         net (fo=1, routed)           0.033     0.084    bd_0_i/hls_inst/inst/grp_Hybrid_INT4_INT4_PD_fu_1730/col_gen[25].row_gen[25].dsp_core/LSB_Res6_r2[1]
    SLICE_X68Y652        FDRE                                         r  bd_0_i/hls_inst/inst/grp_Hybrid_INT4_INT4_PD_fu_1730/col_gen[25].row_gen[25].dsp_core/LSB_Res6_r3_reg[1]/D
  -------------------------------------------------------------------    -------------------

                         (clock ap_clk rise edge)     0.000     0.000 r  
                                                      0.000     0.000 r  ap_clk (IN)
                         net (fo=529382, unset)       0.018     0.018    bd_0_i/hls_inst/inst/grp_Hybrid_INT4_INT4_PD_fu_1730/col_gen[25].row_gen[25].dsp_core/ap_clk
    SLICE_X68Y652        FDRE                                         r  bd_0_i/hls_inst/inst/grp_Hybrid_INT4_INT4_PD_fu_1730/col_gen[25].row_gen[25].dsp_core/LSB_Res6_r3_reg[1]/C
                         clock pessimism              0.000     0.018    
    SLICE_X68Y652        FDRE (Hold_CFF2_SLICEL_C_D)
                                                      0.047     0.065    bd_0_i/hls_inst/inst/grp_Hybrid_INT4_INT4_PD_fu_1730/col_gen[25].row_gen[25].dsp_core/LSB_Res6_r3_reg[1]
  -------------------------------------------------------------------
                         required time                         -0.065    
                         arrival time                           0.084    
  -------------------------------------------------------------------
                         slack                                  0.019    

Slack (MET) :             0.019ns  (arrival time - required time)
  Source:                 bd_0_i/hls_inst/inst/grp_Hybrid_INT4_INT4_PD_fu_1730/col_gen[39].row_gen[10].dsp_core/LSB_Res6_r2_reg[1]/C
                            (rising edge-triggered cell FDRE clocked by ap_clk  {rise@0.000ns fall@2.381ns period=4.762ns})
  Destination:            bd_0_i/hls_inst/inst/grp_Hybrid_INT4_INT4_PD_fu_1730/col_gen[39].row_gen[10].dsp_core/LSB_Res6_r3_reg[1]/D
                            (rising edge-triggered cell FDRE clocked by ap_clk  {rise@0.000ns fall@2.381ns period=4.762ns})
  Path Group:             ap_clk
  Path Type:              Hold (Min at Fast Process Corner)
  Requirement:            0.000ns  (ap_clk rise@0.000ns - ap_clk rise@0.000ns)
  Data Path Delay:        0.072ns  (logic 0.039ns (54.167%)  route 0.033ns (45.833%))
  Logic Levels:           0  
  Clock Path Skew:        0.006ns (DCD - SCD - CPR)
    Destination Clock Delay (DCD):    0.018ns
    Source Clock Delay      (SCD):    0.012ns
    Clock Pessimism Removal (CPR):    -0.000ns

    Location             Delay type                Incr(ns)  Path(ns)    Netlist Resource(s)
  -------------------------------------------------------------------    -------------------
                         (clock ap_clk rise edge)     0.000     0.000 r  
                                                      0.000     0.000 r  ap_clk (IN)
                         net (fo=529382, unset)       0.012     0.012    bd_0_i/hls_inst/inst/grp_Hybrid_INT4_INT4_PD_fu_1730/col_gen[39].row_gen[10].dsp_core/ap_clk
    SLICE_X64Y517        FDRE                                         r  bd_0_i/hls_inst/inst/grp_Hybrid_INT4_INT4_PD_fu_1730/col_gen[39].row_gen[10].dsp_core/LSB_Res6_r2_reg[1]/C
  -------------------------------------------------------------------    -------------------
    SLICE_X64Y517        FDRE (Prop_BFF_SLICEL_C_Q)
                                                      0.039     0.051 r  bd_0_i/hls_inst/inst/grp_Hybrid_INT4_INT4_PD_fu_1730/col_gen[39].row_gen[10].dsp_core/LSB_Res6_r2_reg[1]/Q
                         net (fo=1, routed)           0.033     0.084    bd_0_i/hls_inst/inst/grp_Hybrid_INT4_INT4_PD_fu_1730/col_gen[39].row_gen[10].dsp_core/LSB_Res6_r2[1]
    SLICE_X64Y517        FDRE                                         r  bd_0_i/hls_inst/inst/grp_Hybrid_INT4_INT4_PD_fu_1730/col_gen[39].row_gen[10].dsp_core/LSB_Res6_r3_reg[1]/D
  -------------------------------------------------------------------    -------------------

                         (clock ap_clk rise edge)     0.000     0.000 r  
                                                      0.000     0.000 r  ap_clk (IN)
                         net (fo=529382, unset)       0.018     0.018    bd_0_i/hls_inst/inst/grp_Hybrid_INT4_INT4_PD_fu_1730/col_gen[39].row_gen[10].dsp_core/ap_clk
    SLICE_X64Y517        FDRE                                         r  bd_0_i/hls_inst/inst/grp_Hybrid_INT4_INT4_PD_fu_1730/col_gen[39].row_gen[10].dsp_core/LSB_Res6_r3_reg[1]/C
                         clock pessimism              0.000     0.018    
    SLICE_X64Y517        FDRE (Hold_CFF2_SLICEL_C_D)
                                                      0.047     0.065    bd_0_i/hls_inst/inst/grp_Hybrid_INT4_INT4_PD_fu_1730/col_gen[39].row_gen[10].dsp_core/LSB_Res6_r3_reg[1]
  -------------------------------------------------------------------
                         required time                         -0.065    
                         arrival time                           0.084    
  -------------------------------------------------------------------
                         slack                                  0.019    

Slack (MET) :             0.019ns  (arrival time - required time)
  Source:                 bd_0_i/hls_inst/inst/grp_Hybrid_INT4_INT4_PD_fu_1730/col_gen[41].row_gen[23].dsp_core/LSB_Res4_r2_reg[0]/C
                            (rising edge-triggered cell FDRE clocked by ap_clk  {rise@0.000ns fall@2.381ns period=4.762ns})
  Destination:            bd_0_i/hls_inst/inst/grp_Hybrid_INT4_INT4_PD_fu_1730/col_gen[41].row_gen[23].dsp_core/LSB_Res4_r3_reg[0]/D
                            (rising edge-triggered cell FDRE clocked by ap_clk  {rise@0.000ns fall@2.381ns period=4.762ns})
  Path Group:             ap_clk
  Path Type:              Hold (Min at Fast Process Corner)
  Requirement:            0.000ns  (ap_clk rise@0.000ns - ap_clk rise@0.000ns)
  Data Path Delay:        0.072ns  (logic 0.039ns (54.167%)  route 0.033ns (45.833%))
  Logic Levels:           0  
  Clock Path Skew:        0.006ns (DCD - SCD - CPR)
    Destination Clock Delay (DCD):    0.018ns
    Source Clock Delay      (SCD):    0.012ns
    Clock Pessimism Removal (CPR):    -0.000ns

    Location             Delay type                Incr(ns)  Path(ns)    Netlist Resource(s)
  -------------------------------------------------------------------    -------------------
                         (clock ap_clk rise edge)     0.000     0.000 r  
                                                      0.000     0.000 r  ap_clk (IN)
                         net (fo=529382, unset)       0.012     0.012    bd_0_i/hls_inst/inst/grp_Hybrid_INT4_INT4_PD_fu_1730/col_gen[41].row_gen[23].dsp_core/ap_clk
    SLICE_X215Y481       FDRE                                         r  bd_0_i/hls_inst/inst/grp_Hybrid_INT4_INT4_PD_fu_1730/col_gen[41].row_gen[23].dsp_core/LSB_Res4_r2_reg[0]/C
  -------------------------------------------------------------------    -------------------
    SLICE_X215Y481       FDRE (Prop_BFF_SLICEL_C_Q)
                                                      0.039     0.051 r  bd_0_i/hls_inst/inst/grp_Hybrid_INT4_INT4_PD_fu_1730/col_gen[41].row_gen[23].dsp_core/LSB_Res4_r2_reg[0]/Q
                         net (fo=1, routed)           0.033     0.084    bd_0_i/hls_inst/inst/grp_Hybrid_INT4_INT4_PD_fu_1730/col_gen[41].row_gen[23].dsp_core/LSB_Res4_r2[0]
    SLICE_X215Y481       FDRE                                         r  bd_0_i/hls_inst/inst/grp_Hybrid_INT4_INT4_PD_fu_1730/col_gen[41].row_gen[23].dsp_core/LSB_Res4_r3_reg[0]/D
  -------------------------------------------------------------------    -------------------

                         (clock ap_clk rise edge)     0.000     0.000 r  
                                                      0.000     0.000 r  ap_clk (IN)
                         net (fo=529382, unset)       0.018     0.018    bd_0_i/hls_inst/inst/grp_Hybrid_INT4_INT4_PD_fu_1730/col_gen[41].row_gen[23].dsp_core/ap_clk
    SLICE_X215Y481       FDRE                                         r  bd_0_i/hls_inst/inst/grp_Hybrid_INT4_INT4_PD_fu_1730/col_gen[41].row_gen[23].dsp_core/LSB_Res4_r3_reg[0]/C
                         clock pessimism              0.000     0.018    
    SLICE_X215Y481       FDRE (Hold_CFF2_SLICEL_C_D)
                                                      0.047     0.065    bd_0_i/hls_inst/inst/grp_Hybrid_INT4_INT4_PD_fu_1730/col_gen[41].row_gen[23].dsp_core/LSB_Res4_r3_reg[0]
  -------------------------------------------------------------------
                         required time                         -0.065    
                         arrival time                           0.084    
  -------------------------------------------------------------------
                         slack                                  0.019    

Slack (MET) :             0.019ns  (arrival time - required time)
  Source:                 bd_0_i/hls_inst/inst/grp_Hybrid_INT4_INT4_PD_fu_1730/col_gen[4].row_gen[71].dsp_core/LSB_Res4_r2_reg[2]/C
                            (rising edge-triggered cell FDRE clocked by ap_clk  {rise@0.000ns fall@2.381ns period=4.762ns})
  Destination:            bd_0_i/hls_inst/inst/grp_Hybrid_INT4_INT4_PD_fu_1730/col_gen[4].row_gen[71].dsp_core/LSB_Res4_r3_reg[2]/D
                            (rising edge-triggered cell FDRE clocked by ap_clk  {rise@0.000ns fall@2.381ns period=4.762ns})
  Path Group:             ap_clk
  Path Type:              Hold (Min at Fast Process Corner)
  Requirement:            0.000ns  (ap_clk rise@0.000ns - ap_clk rise@0.000ns)
  Data Path Delay:        0.072ns  (logic 0.039ns (54.167%)  route 0.033ns (45.833%))
  Logic Levels:           0  
  Clock Path Skew:        0.006ns (DCD - SCD - CPR)
    Destination Clock Delay (DCD):    0.018ns
    Source Clock Delay      (SCD):    0.012ns
    Clock Pessimism Removal (CPR):    -0.000ns

    Location             Delay type                Incr(ns)  Path(ns)    Netlist Resource(s)
  -------------------------------------------------------------------    -------------------
                         (clock ap_clk rise edge)     0.000     0.000 r  
                                                      0.000     0.000 r  ap_clk (IN)
                         net (fo=529382, unset)       0.012     0.012    bd_0_i/hls_inst/inst/grp_Hybrid_INT4_INT4_PD_fu_1730/col_gen[4].row_gen[71].dsp_core/ap_clk
    SLICE_X123Y325       FDRE                                         r  bd_0_i/hls_inst/inst/grp_Hybrid_INT4_INT4_PD_fu_1730/col_gen[4].row_gen[71].dsp_core/LSB_Res4_r2_reg[2]/C
  -------------------------------------------------------------------    -------------------
    SLICE_X123Y325       FDRE (Prop_BFF_SLICEL_C_Q)
                                                      0.039     0.051 r  bd_0_i/hls_inst/inst/grp_Hybrid_INT4_INT4_PD_fu_1730/col_gen[4].row_gen[71].dsp_core/LSB_Res4_r2_reg[2]/Q
                         net (fo=1, routed)           0.033     0.084    bd_0_i/hls_inst/inst/grp_Hybrid_INT4_INT4_PD_fu_1730/col_gen[4].row_gen[71].dsp_core/LSB_Res4_r2[2]
    SLICE_X123Y325       FDRE                                         r  bd_0_i/hls_inst/inst/grp_Hybrid_INT4_INT4_PD_fu_1730/col_gen[4].row_gen[71].dsp_core/LSB_Res4_r3_reg[2]/D
  -------------------------------------------------------------------    -------------------

                         (clock ap_clk rise edge)     0.000     0.000 r  
                                                      0.000     0.000 r  ap_clk (IN)
                         net (fo=529382, unset)       0.018     0.018    bd_0_i/hls_inst/inst/grp_Hybrid_INT4_INT4_PD_fu_1730/col_gen[4].row_gen[71].dsp_core/ap_clk
    SLICE_X123Y325       FDRE                                         r  bd_0_i/hls_inst/inst/grp_Hybrid_INT4_INT4_PD_fu_1730/col_gen[4].row_gen[71].dsp_core/LSB_Res4_r3_reg[2]/C
                         clock pessimism              0.000     0.018    
    SLICE_X123Y325       FDRE (Hold_CFF2_SLICEL_C_D)
                                                      0.047     0.065    bd_0_i/hls_inst/inst/grp_Hybrid_INT4_INT4_PD_fu_1730/col_gen[4].row_gen[71].dsp_core/LSB_Res4_r3_reg[2]
  -------------------------------------------------------------------
                         required time                         -0.065    
                         arrival time                           0.084    
  -------------------------------------------------------------------
                         slack                                  0.019    

Slack (MET) :             0.019ns  (arrival time - required time)
  Source:                 bd_0_i/hls_inst/inst/grp_Hybrid_INT4_INT4_PD_fu_1730/col_gen[52].row_gen[68].dsp_core/LSB_Res4_r2_reg[2]/C
                            (rising edge-triggered cell FDRE clocked by ap_clk  {rise@0.000ns fall@2.381ns period=4.762ns})
  Destination:            bd_0_i/hls_inst/inst/grp_Hybrid_INT4_INT4_PD_fu_1730/col_gen[52].row_gen[68].dsp_core/LSB_Res4_r3_reg[2]/D
                            (rising edge-triggered cell FDRE clocked by ap_clk  {rise@0.000ns fall@2.381ns period=4.762ns})
  Path Group:             ap_clk
  Path Type:              Hold (Min at Fast Process Corner)
  Requirement:            0.000ns  (ap_clk rise@0.000ns - ap_clk rise@0.000ns)
  Data Path Delay:        0.072ns  (logic 0.039ns (54.167%)  route 0.033ns (45.833%))
  Logic Levels:           0  
  Clock Path Skew:        0.006ns (DCD - SCD - CPR)
    Destination Clock Delay (DCD):    0.018ns
    Source Clock Delay      (SCD):    0.012ns
    Clock Pessimism Removal (CPR):    -0.000ns

    Location             Delay type                Incr(ns)  Path(ns)    Netlist Resource(s)
  -------------------------------------------------------------------    -------------------
                         (clock ap_clk rise edge)     0.000     0.000 r  
                                                      0.000     0.000 r  ap_clk (IN)
                         net (fo=529382, unset)       0.012     0.012    bd_0_i/hls_inst/inst/grp_Hybrid_INT4_INT4_PD_fu_1730/col_gen[52].row_gen[68].dsp_core/ap_clk
    SLICE_X67Y131        FDRE                                         r  bd_0_i/hls_inst/inst/grp_Hybrid_INT4_INT4_PD_fu_1730/col_gen[52].row_gen[68].dsp_core/LSB_Res4_r2_reg[2]/C
  -------------------------------------------------------------------    -------------------
    SLICE_X67Y131        FDRE (Prop_BFF_SLICEL_C_Q)
                                                      0.039     0.051 r  bd_0_i/hls_inst/inst/grp_Hybrid_INT4_INT4_PD_fu_1730/col_gen[52].row_gen[68].dsp_core/LSB_Res4_r2_reg[2]/Q
                         net (fo=1, routed)           0.033     0.084    bd_0_i/hls_inst/inst/grp_Hybrid_INT4_INT4_PD_fu_1730/col_gen[52].row_gen[68].dsp_core/LSB_Res4_r2[2]
    SLICE_X67Y131        FDRE                                         r  bd_0_i/hls_inst/inst/grp_Hybrid_INT4_INT4_PD_fu_1730/col_gen[52].row_gen[68].dsp_core/LSB_Res4_r3_reg[2]/D
  -------------------------------------------------------------------    -------------------

                         (clock ap_clk rise edge)     0.000     0.000 r  
                                                      0.000     0.000 r  ap_clk (IN)
                         net (fo=529382, unset)       0.018     0.018    bd_0_i/hls_inst/inst/grp_Hybrid_INT4_INT4_PD_fu_1730/col_gen[52].row_gen[68].dsp_core/ap_clk
    SLICE_X67Y131        FDRE                                         r  bd_0_i/hls_inst/inst/grp_Hybrid_INT4_INT4_PD_fu_1730/col_gen[52].row_gen[68].dsp_core/LSB_Res4_r3_reg[2]/C
                         clock pessimism              0.000     0.018    
    SLICE_X67Y131        FDRE (Hold_CFF2_SLICEL_C_D)
                                                      0.047     0.065    bd_0_i/hls_inst/inst/grp_Hybrid_INT4_INT4_PD_fu_1730/col_gen[52].row_gen[68].dsp_core/LSB_Res4_r3_reg[2]
  -------------------------------------------------------------------
                         required time                         -0.065    
                         arrival time                           0.084    
  -------------------------------------------------------------------
                         slack                                  0.019    

Slack (MET) :             0.019ns  (arrival time - required time)
  Source:                 bd_0_i/hls_inst/inst/grp_Hybrid_INT4_INT4_PD_fu_1730/col_gen[56].row_gen[3].dsp_core/LSB_Res4_r2_reg[0]/C
                            (rising edge-triggered cell FDRE clocked by ap_clk  {rise@0.000ns fall@2.381ns period=4.762ns})
  Destination:            bd_0_i/hls_inst/inst/grp_Hybrid_INT4_INT4_PD_fu_1730/col_gen[56].row_gen[3].dsp_core/LSB_Res4_r3_reg[0]/D
                            (rising edge-triggered cell FDRE clocked by ap_clk  {rise@0.000ns fall@2.381ns period=4.762ns})
  Path Group:             ap_clk
  Path Type:              Hold (Min at Fast Process Corner)
  Requirement:            0.000ns  (ap_clk rise@0.000ns - ap_clk rise@0.000ns)
  Data Path Delay:        0.072ns  (logic 0.039ns (54.167%)  route 0.033ns (45.833%))
  Logic Levels:           0  
  Clock Path Skew:        0.006ns (DCD - SCD - CPR)
    Destination Clock Delay (DCD):    0.018ns
    Source Clock Delay      (SCD):    0.012ns
    Clock Pessimism Removal (CPR):    -0.000ns

    Location             Delay type                Incr(ns)  Path(ns)    Netlist Resource(s)
  -------------------------------------------------------------------    -------------------
                         (clock ap_clk rise edge)     0.000     0.000 r  
                                                      0.000     0.000 r  ap_clk (IN)
                         net (fo=529382, unset)       0.012     0.012    bd_0_i/hls_inst/inst/grp_Hybrid_INT4_INT4_PD_fu_1730/col_gen[56].row_gen[3].dsp_core/ap_clk
    SLICE_X183Y65        FDRE                                         r  bd_0_i/hls_inst/inst/grp_Hybrid_INT4_INT4_PD_fu_1730/col_gen[56].row_gen[3].dsp_core/LSB_Res4_r2_reg[0]/C
  -------------------------------------------------------------------    -------------------
    SLICE_X183Y65        FDRE (Prop_BFF_SLICEL_C_Q)
                                                      0.039     0.051 r  bd_0_i/hls_inst/inst/grp_Hybrid_INT4_INT4_PD_fu_1730/col_gen[56].row_gen[3].dsp_core/LSB_Res4_r2_reg[0]/Q
                         net (fo=1, routed)           0.033     0.084    bd_0_i/hls_inst/inst/grp_Hybrid_INT4_INT4_PD_fu_1730/col_gen[56].row_gen[3].dsp_core/LSB_Res4_r2[0]
    SLICE_X183Y65        FDRE                                         r  bd_0_i/hls_inst/inst/grp_Hybrid_INT4_INT4_PD_fu_1730/col_gen[56].row_gen[3].dsp_core/LSB_Res4_r3_reg[0]/D
  -------------------------------------------------------------------    -------------------

                         (clock ap_clk rise edge)     0.000     0.000 r  
                                                      0.000     0.000 r  ap_clk (IN)
                         net (fo=529382, unset)       0.018     0.018    bd_0_i/hls_inst/inst/grp_Hybrid_INT4_INT4_PD_fu_1730/col_gen[56].row_gen[3].dsp_core/ap_clk
    SLICE_X183Y65        FDRE                                         r  bd_0_i/hls_inst/inst/grp_Hybrid_INT4_INT4_PD_fu_1730/col_gen[56].row_gen[3].dsp_core/LSB_Res4_r3_reg[0]/C
                         clock pessimism              0.000     0.018    
    SLICE_X183Y65        FDRE (Hold_CFF2_SLICEL_C_D)
                                                      0.047     0.065    bd_0_i/hls_inst/inst/grp_Hybrid_INT4_INT4_PD_fu_1730/col_gen[56].row_gen[3].dsp_core/LSB_Res4_r3_reg[0]
  -------------------------------------------------------------------
                         required time                         -0.065    
                         arrival time                           0.084    
  -------------------------------------------------------------------
                         slack                                  0.019    





Pulse Width Checks
--------------------------------------------------------------------------------------
Clock Name:         ap_clk
Waveform(ns):       { 0.000 2.381 }
Period(ns):         4.762
Sources:            { ap_clk }

Check Type        Corner  Lib Pin             Reference Pin  Required(ns)  Actual(ns)  Slack(ns)  Location        Pin
Min Period        n/a     RAMB36E2/CLKARDCLK  n/a            1.569         4.762       3.193      RAMB36_X9Y127   bd_0_i/hls_inst/inst/gmem_act_m_axi_U/load_unit/buff_rdata/U_fifo_mem/mem_reg_0/CLKARDCLK
Min Period        n/a     RAMB36E2/CLKBWRCLK  n/a            1.569         4.762       3.193      RAMB36_X9Y127   bd_0_i/hls_inst/inst/gmem_act_m_axi_U/load_unit/buff_rdata/U_fifo_mem/mem_reg_0/CLKBWRCLK
Min Period        n/a     RAMB36E2/CLKARDCLK  n/a            1.569         4.762       3.193      RAMB36_X10Y127  bd_0_i/hls_inst/inst/gmem_act_m_axi_U/load_unit/buff_rdata/U_fifo_mem/mem_reg_1/CLKARDCLK
Min Period        n/a     RAMB36E2/CLKBWRCLK  n/a            1.569         4.762       3.193      RAMB36_X10Y127  bd_0_i/hls_inst/inst/gmem_act_m_axi_U/load_unit/buff_rdata/U_fifo_mem/mem_reg_1/CLKBWRCLK
Min Period        n/a     RAMB18E2/CLKARDCLK  n/a            1.569         4.762       3.193      RAMB18_X7Y270   bd_0_i/hls_inst/inst/gmem_m_axi_U/load_unit/buff_rdata/U_fifo_mem/mem_reg/CLKARDCLK
Min Period        n/a     RAMB18E2/CLKBWRCLK  n/a            1.569         4.762       3.193      RAMB18_X7Y270   bd_0_i/hls_inst/inst/gmem_m_axi_U/load_unit/buff_rdata/U_fifo_mem/mem_reg/CLKBWRCLK
Min Period        n/a     RAMB36E2/CLKARDCLK  n/a            1.569         4.762       3.193      RAMB36_X3Y139   bd_0_i/hls_inst/inst/gmem_out_m_axi_U/store_unit/buff_wdata/U_fifo_mem/mem_reg_0/CLKARDCLK
Min Period        n/a     RAMB36E2/CLKBWRCLK  n/a            1.569         4.762       3.193      RAMB36_X3Y139   bd_0_i/hls_inst/inst/gmem_out_m_axi_U/store_unit/buff_wdata/U_fifo_mem/mem_reg_0/CLKBWRCLK
Min Period        n/a     RAMB36E2/CLKARDCLK  n/a            1.569         4.762       3.193      RAMB36_X3Y138   bd_0_i/hls_inst/inst/gmem_out_m_axi_U/store_unit/buff_wdata/U_fifo_mem/mem_reg_1/CLKARDCLK
Min Period        n/a     RAMB36E2/CLKBWRCLK  n/a            1.569         4.762       3.193      RAMB36_X3Y138   bd_0_i/hls_inst/inst/gmem_out_m_axi_U/store_unit/buff_wdata/U_fifo_mem/mem_reg_1/CLKBWRCLK
Low Pulse Width   Slow    RAMB36E2/CLKARDCLK  n/a            0.542         2.381       1.839      RAMB36_X9Y127   bd_0_i/hls_inst/inst/gmem_act_m_axi_U/load_unit/buff_rdata/U_fifo_mem/mem_reg_0/CLKARDCLK
Low Pulse Width   Fast    RAMB36E2/CLKARDCLK  n/a            0.542         2.381       1.839      RAMB36_X9Y127   bd_0_i/hls_inst/inst/gmem_act_m_axi_U/load_unit/buff_rdata/U_fifo_mem/mem_reg_0/CLKARDCLK
Low Pulse Width   Slow    RAMB36E2/CLKBWRCLK  n/a            0.542         2.381       1.839      RAMB36_X9Y127   bd_0_i/hls_inst/inst/gmem_act_m_axi_U/load_unit/buff_rdata/U_fifo_mem/mem_reg_0/CLKBWRCLK
Low Pulse Width   Fast    RAMB36E2/CLKBWRCLK  n/a            0.542         2.381       1.839      RAMB36_X9Y127   bd_0_i/hls_inst/inst/gmem_act_m_axi_U/load_unit/buff_rdata/U_fifo_mem/mem_reg_0/CLKBWRCLK
Low Pulse Width   Slow    RAMB36E2/CLKARDCLK  n/a            0.542         2.381       1.839      RAMB36_X10Y127  bd_0_i/hls_inst/inst/gmem_act_m_axi_U/load_unit/buff_rdata/U_fifo_mem/mem_reg_1/CLKARDCLK
Low Pulse Width   Fast    RAMB36E2/CLKARDCLK  n/a            0.542         2.381       1.839      RAMB36_X10Y127  bd_0_i/hls_inst/inst/gmem_act_m_axi_U/load_unit/buff_rdata/U_fifo_mem/mem_reg_1/CLKARDCLK
Low Pulse Width   Slow    RAMB36E2/CLKBWRCLK  n/a            0.542         2.381       1.839      RAMB36_X10Y127  bd_0_i/hls_inst/inst/gmem_act_m_axi_U/load_unit/buff_rdata/U_fifo_mem/mem_reg_1/CLKBWRCLK
Low Pulse Width   Fast    RAMB36E2/CLKBWRCLK  n/a            0.542         2.381       1.839      RAMB36_X10Y127  bd_0_i/hls_inst/inst/gmem_act_m_axi_U/load_unit/buff_rdata/U_fifo_mem/mem_reg_1/CLKBWRCLK
Low Pulse Width   Slow    RAMB18E2/CLKARDCLK  n/a            0.542         2.381       1.839      RAMB18_X7Y270   bd_0_i/hls_inst/inst/gmem_m_axi_U/load_unit/buff_rdata/U_fifo_mem/mem_reg/CLKARDCLK
Low Pulse Width   Fast    RAMB18E2/CLKARDCLK  n/a            0.542         2.381       1.839      RAMB18_X7Y270   bd_0_i/hls_inst/inst/gmem_m_axi_U/load_unit/buff_rdata/U_fifo_mem/mem_reg/CLKARDCLK
High Pulse Width  Slow    RAMB36E2/CLKARDCLK  n/a            0.542         2.381       1.839      RAMB36_X9Y127   bd_0_i/hls_inst/inst/gmem_act_m_axi_U/load_unit/buff_rdata/U_fifo_mem/mem_reg_0/CLKARDCLK
High Pulse Width  Fast    RAMB36E2/CLKARDCLK  n/a            0.542         2.381       1.839      RAMB36_X9Y127   bd_0_i/hls_inst/inst/gmem_act_m_axi_U/load_unit/buff_rdata/U_fifo_mem/mem_reg_0/CLKARDCLK
High Pulse Width  Slow    RAMB36E2/CLKBWRCLK  n/a            0.542         2.381       1.839      RAMB36_X9Y127   bd_0_i/hls_inst/inst/gmem_act_m_axi_U/load_unit/buff_rdata/U_fifo_mem/mem_reg_0/CLKBWRCLK
High Pulse Width  Fast    RAMB36E2/CLKBWRCLK  n/a            0.542         2.381       1.839      RAMB36_X9Y127   bd_0_i/hls_inst/inst/gmem_act_m_axi_U/load_unit/buff_rdata/U_fifo_mem/mem_reg_0/CLKBWRCLK
High Pulse Width  Slow    RAMB36E2/CLKARDCLK  n/a            0.542         2.381       1.839      RAMB36_X10Y127  bd_0_i/hls_inst/inst/gmem_act_m_axi_U/load_unit/buff_rdata/U_fifo_mem/mem_reg_1/CLKARDCLK
High Pulse Width  Fast    RAMB36E2/CLKARDCLK  n/a            0.542         2.381       1.839      RAMB36_X10Y127  bd_0_i/hls_inst/inst/gmem_act_m_axi_U/load_unit/buff_rdata/U_fifo_mem/mem_reg_1/CLKARDCLK
High Pulse Width  Slow    RAMB36E2/CLKBWRCLK  n/a            0.542         2.381       1.839      RAMB36_X10Y127  bd_0_i/hls_inst/inst/gmem_act_m_axi_U/load_unit/buff_rdata/U_fifo_mem/mem_reg_1/CLKBWRCLK
High Pulse Width  Fast    RAMB36E2/CLKBWRCLK  n/a            0.542         2.381       1.839      RAMB36_X10Y127  bd_0_i/hls_inst/inst/gmem_act_m_axi_U/load_unit/buff_rdata/U_fifo_mem/mem_reg_1/CLKBWRCLK
High Pulse Width  Slow    RAMB18E2/CLKARDCLK  n/a            0.542         2.381       1.839      RAMB18_X7Y270   bd_0_i/hls_inst/inst/gmem_m_axi_U/load_unit/buff_rdata/U_fifo_mem/mem_reg/CLKARDCLK
High Pulse Width  Fast    RAMB18E2/CLKARDCLK  n/a            0.542         2.381       1.839      RAMB18_X7Y270   bd_0_i/hls_inst/inst/gmem_m_axi_U/load_unit/buff_rdata/U_fifo_mem/mem_reg/CLKARDCLK



--------------------------------------------------------------------------------------
Path Group:  (none)
From Clock:  ap_clk
  To Clock:  

Max Delay           817 Endpoints
Min Delay           817 Endpoints
--------------------------------------------------------------------------------------


Max Delay Paths
--------------------------------------------------------------------------------------
Slack:                    inf
  Source:                 bd_0_i/hls_inst/inst/gmem_out_m_axi_U/bus_write/wreq_throttle/flying_req_reg/C
                            (rising edge-triggered cell FDRE clocked by ap_clk  {rise@0.000ns fall@2.381ns period=4.762ns})
  Destination:            m_axi_gmem_out_wvalid
                            (output port)
  Path Group:             (none)
  Path Type:              Max at Slow Process Corner
  Data Path Delay:        1.246ns  (logic 0.212ns (17.012%)  route 1.034ns (82.988%))
  Logic Levels:           1  (LUT3=1)
  Clock Uncertainty:      0.025ns  ((TSJ^2 + TIJ^2)^1/2 + DJ) / 2 + PE
    Total System Jitter     (TSJ):    0.050ns
    Total Input Jitter      (TIJ):    0.000ns
    Discrete Jitter          (DJ):    0.000ns
    Phase Error              (PE):    0.000ns

    Location             Delay type                Incr(ns)  Path(ns)    Netlist Resource(s)
  -------------------------------------------------------------------    -------------------
                         (clock ap_clk rise edge)     0.000     0.000 r  
                                                      0.000     0.000 r  ap_clk (IN)
                         net (fo=529382, unset)       0.029     0.029    bd_0_i/hls_inst/inst/gmem_out_m_axi_U/bus_write/wreq_throttle/ap_clk
    SLICE_X116Y663       FDRE                                         r  bd_0_i/hls_inst/inst/gmem_out_m_axi_U/bus_write/wreq_throttle/flying_req_reg/C
  -------------------------------------------------------------------    -------------------
    SLICE_X116Y663       FDRE (Prop_EFF_SLICEL_C_Q)
                                                      0.079     0.108 r  bd_0_i/hls_inst/inst/gmem_out_m_axi_U/bus_write/wreq_throttle/flying_req_reg/Q
                         net (fo=7, routed)           1.013     1.121    bd_0_i/hls_inst/inst/gmem_out_m_axi_U/bus_write/wreq_throttle/data_fifo/flying_req_reg
    SLICE_X80Y689        LUT3 (Prop_D5LUT_SLICEL_I0_O)
                                                      0.133     1.254 r  bd_0_i/hls_inst/inst/gmem_out_m_axi_U/bus_write/wreq_throttle/data_fifo/m_axi_gmem_out_WVALID_INST_0/O
                         net (fo=0)                   0.021     1.275    m_axi_gmem_out_wvalid
                                                                      r  m_axi_gmem_out_wvalid (OUT)
  -------------------------------------------------------------------    -------------------

Slack:                    inf
  Source:                 bd_0_i/hls_inst/inst/gmem_act_m_axi_U/bus_read/rreq_burst_conv/could_multi_bursts.len_buf_reg[1]/C
                            (rising edge-triggered cell FDRE clocked by ap_clk  {rise@0.000ns fall@2.381ns period=4.762ns})
  Destination:            m_axi_gmem_act_arlen[1]
                            (output port)
  Path Group:             (none)
  Path Type:              Max at Slow Process Corner
  Data Path Delay:        0.081ns  (logic 0.081ns (100.000%)  route 0.000ns (0.000%))
  Logic Levels:           0  
  Clock Uncertainty:      0.025ns  ((TSJ^2 + TIJ^2)^1/2 + DJ) / 2 + PE
    Total System Jitter     (TSJ):    0.050ns
    Total Input Jitter      (TIJ):    0.000ns
    Discrete Jitter          (DJ):    0.000ns
    Phase Error              (PE):    0.000ns

    Location             Delay type                Incr(ns)  Path(ns)    Netlist Resource(s)
  -------------------------------------------------------------------    -------------------
                         (clock ap_clk rise edge)     0.000     0.000 r  
                                                      0.000     0.000 r  ap_clk (IN)
                         net (fo=529382, unset)       0.029     0.029    bd_0_i/hls_inst/inst/gmem_act_m_axi_U/bus_read/rreq_burst_conv/ap_clk
    SLICE_X148Y651       FDRE                                         r  bd_0_i/hls_inst/inst/gmem_act_m_axi_U/bus_read/rreq_burst_conv/could_multi_bursts.len_buf_reg[1]/C
  -------------------------------------------------------------------    -------------------
    SLICE_X148Y651       FDRE (Prop_GFF2_SLICEL_C_Q)
                                                      0.081     0.110 r  bd_0_i/hls_inst/inst/gmem_act_m_axi_U/bus_read/rreq_burst_conv/could_multi_bursts.len_buf_reg[1]/Q
                         net (fo=0)                   0.000     0.110    m_axi_gmem_act_arlen[1]
                                                                      r  m_axi_gmem_act_arlen[1] (OUT)
  -------------------------------------------------------------------    -------------------

Slack:                    inf
  Source:                 bd_0_i/hls_inst/inst/gmem_act_m_axi_U/bus_read/rreq_burst_conv/could_multi_bursts.len_buf_reg[3]/C
                            (rising edge-triggered cell FDRE clocked by ap_clk  {rise@0.000ns fall@2.381ns period=4.762ns})
  Destination:            m_axi_gmem_act_arlen[3]
                            (output port)
  Path Group:             (none)
  Path Type:              Max at Slow Process Corner
  Data Path Delay:        0.080ns  (logic 0.080ns (100.000%)  route 0.000ns (0.000%))
  Logic Levels:           0  
  Clock Uncertainty:      0.025ns  ((TSJ^2 + TIJ^2)^1/2 + DJ) / 2 + PE
    Total System Jitter     (TSJ):    0.050ns
    Total Input Jitter      (TIJ):    0.000ns
    Discrete Jitter          (DJ):    0.000ns
    Phase Error              (PE):    0.000ns

    Location             Delay type                Incr(ns)  Path(ns)    Netlist Resource(s)
  -------------------------------------------------------------------    -------------------
                         (clock ap_clk rise edge)     0.000     0.000 r  
                                                      0.000     0.000 r  ap_clk (IN)
                         net (fo=529382, unset)       0.030     0.030    bd_0_i/hls_inst/inst/gmem_act_m_axi_U/bus_read/rreq_burst_conv/ap_clk
    SLICE_X149Y651       FDRE                                         r  bd_0_i/hls_inst/inst/gmem_act_m_axi_U/bus_read/rreq_burst_conv/could_multi_bursts.len_buf_reg[3]/C
  -------------------------------------------------------------------    -------------------
    SLICE_X149Y651       FDRE (Prop_BFF2_SLICEM_C_Q)
                                                      0.080     0.110 r  bd_0_i/hls_inst/inst/gmem_act_m_axi_U/bus_read/rreq_burst_conv/could_multi_bursts.len_buf_reg[3]/Q
                         net (fo=0)                   0.000     0.110    m_axi_gmem_act_arlen[3]
                                                                      r  m_axi_gmem_act_arlen[3] (OUT)
  -------------------------------------------------------------------    -------------------

Slack:                    inf
  Source:                 bd_0_i/hls_inst/inst/gmem_act_m_axi_U/bus_write/rs_resp/s_ready_t_reg/C
                            (rising edge-triggered cell FDRE clocked by ap_clk  {rise@0.000ns fall@2.381ns period=4.762ns})
  Destination:            m_axi_gmem_act_bready
                            (output port)
  Path Group:             (none)
  Path Type:              Max at Slow Process Corner
  Data Path Delay:        0.080ns  (logic 0.080ns (100.000%)  route 0.000ns (0.000%))
  Logic Levels:           0  
  Clock Uncertainty:      0.025ns  ((TSJ^2 + TIJ^2)^1/2 + DJ) / 2 + PE
    Total System Jitter     (TSJ):    0.050ns
    Total Input Jitter      (TIJ):    0.000ns
    Discrete Jitter          (DJ):    0.000ns
    Phase Error              (PE):    0.000ns

    Location             Delay type                Incr(ns)  Path(ns)    Netlist Resource(s)
  -------------------------------------------------------------------    -------------------
                         (clock ap_clk rise edge)     0.000     0.000 r  
                                                      0.000     0.000 r  ap_clk (IN)
                         net (fo=529382, unset)       0.030     0.030    bd_0_i/hls_inst/inst/gmem_act_m_axi_U/bus_write/rs_resp/ap_clk
    SLICE_X115Y626       FDRE                                         r  bd_0_i/hls_inst/inst/gmem_act_m_axi_U/bus_write/rs_resp/s_ready_t_reg/C
  -------------------------------------------------------------------    -------------------
    SLICE_X115Y626       FDRE (Prop_DFF2_SLICEM_C_Q)
                                                      0.080     0.110 r  bd_0_i/hls_inst/inst/gmem_act_m_axi_U/bus_write/rs_resp/s_ready_t_reg/Q
                         net (fo=2, unset)            0.000     0.110    m_axi_gmem_act_bready
                                                                      r  m_axi_gmem_act_bready (OUT)
  -------------------------------------------------------------------    -------------------

Slack:                    inf
  Source:                 bd_0_i/hls_inst/inst/gmem_out_m_axi_U/bus_write/wreq_throttle/data_fifo/U_fifo_srl/dout_reg[103]/C
                            (rising edge-triggered cell FDRE clocked by ap_clk  {rise@0.000ns fall@2.381ns period=4.762ns})
  Destination:            m_axi_gmem_out_wdata[103]
                            (output port)
  Path Group:             (none)
  Path Type:              Max at Slow Process Corner
  Data Path Delay:        0.081ns  (logic 0.081ns (100.000%)  route 0.000ns (0.000%))
  Logic Levels:           0  
  Clock Uncertainty:      0.025ns  ((TSJ^2 + TIJ^2)^1/2 + DJ) / 2 + PE
    Total System Jitter     (TSJ):    0.050ns
    Total Input Jitter      (TIJ):    0.000ns
    Discrete Jitter          (DJ):    0.000ns
    Phase Error              (PE):    0.000ns

    Location             Delay type                Incr(ns)  Path(ns)    Netlist Resource(s)
  -------------------------------------------------------------------    -------------------
                         (clock ap_clk rise edge)     0.000     0.000 r  
                                                      0.000     0.000 r  ap_clk (IN)
                         net (fo=529382, unset)       0.029     0.029    bd_0_i/hls_inst/inst/gmem_out_m_axi_U/bus_write/wreq_throttle/data_fifo/U_fifo_srl/ap_clk
    SLICE_X54Y692        FDRE                                         r  bd_0_i/hls_inst/inst/gmem_out_m_axi_U/bus_write/wreq_throttle/data_fifo/U_fifo_srl/dout_reg[103]/C
  -------------------------------------------------------------------    -------------------
    SLICE_X54Y692        FDRE (Prop_EFF2_SLICEL_C_Q)
                                                      0.081     0.110 r  bd_0_i/hls_inst/inst/gmem_out_m_axi_U/bus_write/wreq_throttle/data_fifo/U_fifo_srl/dout_reg[103]/Q
                         net (fo=0)                   0.000     0.110    m_axi_gmem_out_wdata[103]
                                                                      r  m_axi_gmem_out_wdata[103] (OUT)
  -------------------------------------------------------------------    -------------------

Slack:                    inf
  Source:                 bd_0_i/hls_inst/inst/gmem_out_m_axi_U/bus_write/wreq_throttle/data_fifo/U_fifo_srl/dout_reg[105]/C
                            (rising edge-triggered cell FDRE clocked by ap_clk  {rise@0.000ns fall@2.381ns period=4.762ns})
  Destination:            m_axi_gmem_out_wdata[105]
                            (output port)
  Path Group:             (none)
  Path Type:              Max at Slow Process Corner
  Data Path Delay:        0.080ns  (logic 0.080ns (100.000%)  route 0.000ns (0.000%))
  Logic Levels:           0  
  Clock Uncertainty:      0.025ns  ((TSJ^2 + TIJ^2)^1/2 + DJ) / 2 + PE
    Total System Jitter     (TSJ):    0.050ns
    Total Input Jitter      (TIJ):    0.000ns
    Discrete Jitter          (DJ):    0.000ns
    Phase Error              (PE):    0.000ns

    Location             Delay type                Incr(ns)  Path(ns)    Netlist Resource(s)
  -------------------------------------------------------------------    -------------------
                         (clock ap_clk rise edge)     0.000     0.000 r  
                                                      0.000     0.000 r  ap_clk (IN)
                         net (fo=529382, unset)       0.030     0.030    bd_0_i/hls_inst/inst/gmem_out_m_axi_U/bus_write/wreq_throttle/data_fifo/U_fifo_srl/ap_clk
    SLICE_X53Y693        FDRE                                         r  bd_0_i/hls_inst/inst/gmem_out_m_axi_U/bus_write/wreq_throttle/data_fifo/U_fifo_srl/dout_reg[105]/C
  -------------------------------------------------------------------    -------------------
    SLICE_X53Y693        FDRE (Prop_AFF2_SLICEM_C_Q)
                                                      0.080     0.110 r  bd_0_i/hls_inst/inst/gmem_out_m_axi_U/bus_write/wreq_throttle/data_fifo/U_fifo_srl/dout_reg[105]/Q
                         net (fo=0)                   0.000     0.110    m_axi_gmem_out_wdata[105]
                                                                      r  m_axi_gmem_out_wdata[105] (OUT)
  -------------------------------------------------------------------    -------------------

Slack:                    inf
  Source:                 bd_0_i/hls_inst/inst/gmem_out_m_axi_U/bus_write/wreq_throttle/data_fifo/U_fifo_srl/dout_reg[109]/C
                            (rising edge-triggered cell FDRE clocked by ap_clk  {rise@0.000ns fall@2.381ns period=4.762ns})
  Destination:            m_axi_gmem_out_wdata[109]
                            (output port)
  Path Group:             (none)
  Path Type:              Max at Slow Process Corner
  Data Path Delay:        0.081ns  (logic 0.081ns (100.000%)  route 0.000ns (0.000%))
  Logic Levels:           0  
  Clock Uncertainty:      0.025ns  ((TSJ^2 + TIJ^2)^1/2 + DJ) / 2 + PE
    Total System Jitter     (TSJ):    0.050ns
    Total Input Jitter      (TIJ):    0.000ns
    Discrete Jitter          (DJ):    0.000ns
    Phase Error              (PE):    0.000ns

    Location             Delay type                Incr(ns)  Path(ns)    Netlist Resource(s)
  -------------------------------------------------------------------    -------------------
                         (clock ap_clk rise edge)     0.000     0.000 r  
                                                      0.000     0.000 r  ap_clk (IN)
                         net (fo=529382, unset)       0.029     0.029    bd_0_i/hls_inst/inst/gmem_out_m_axi_U/bus_write/wreq_throttle/data_fifo/U_fifo_srl/ap_clk
    SLICE_X54Y692        FDRE                                         r  bd_0_i/hls_inst/inst/gmem_out_m_axi_U/bus_write/wreq_throttle/data_fifo/U_fifo_srl/dout_reg[109]/C
  -------------------------------------------------------------------    -------------------
    SLICE_X54Y692        FDRE (Prop_FFF2_SLICEL_C_Q)
                                                      0.081     0.110 r  bd_0_i/hls_inst/inst/gmem_out_m_axi_U/bus_write/wreq_throttle/data_fifo/U_fifo_srl/dout_reg[109]/Q
                         net (fo=0)                   0.000     0.110    m_axi_gmem_out_wdata[109]
                                                                      r  m_axi_gmem_out_wdata[109] (OUT)
  -------------------------------------------------------------------    -------------------

Slack:                    inf
  Source:                 bd_0_i/hls_inst/inst/gmem_out_m_axi_U/bus_write/wreq_throttle/data_fifo/U_fifo_srl/dout_reg[111]/C
                            (rising edge-triggered cell FDRE clocked by ap_clk  {rise@0.000ns fall@2.381ns period=4.762ns})
  Destination:            m_axi_gmem_out_wdata[111]
                            (output port)
  Path Group:             (none)
  Path Type:              Max at Slow Process Corner
  Data Path Delay:        0.080ns  (logic 0.080ns (100.000%)  route 0.000ns (0.000%))
  Logic Levels:           0  
  Clock Uncertainty:      0.025ns  ((TSJ^2 + TIJ^2)^1/2 + DJ) / 2 + PE
    Total System Jitter     (TSJ):    0.050ns
    Total Input Jitter      (TIJ):    0.000ns
    Discrete Jitter          (DJ):    0.000ns
    Phase Error              (PE):    0.000ns

    Location             Delay type                Incr(ns)  Path(ns)    Netlist Resource(s)
  -------------------------------------------------------------------    -------------------
                         (clock ap_clk rise edge)     0.000     0.000 r  
                                                      0.000     0.000 r  ap_clk (IN)
                         net (fo=529382, unset)       0.030     0.030    bd_0_i/hls_inst/inst/gmem_out_m_axi_U/bus_write/wreq_throttle/data_fifo/U_fifo_srl/ap_clk
    SLICE_X53Y693        FDRE                                         r  bd_0_i/hls_inst/inst/gmem_out_m_axi_U/bus_write/wreq_throttle/data_fifo/U_fifo_srl/dout_reg[111]/C
  -------------------------------------------------------------------    -------------------
    SLICE_X53Y693        FDRE (Prop_BFF2_SLICEM_C_Q)
                                                      0.080     0.110 r  bd_0_i/hls_inst/inst/gmem_out_m_axi_U/bus_write/wreq_throttle/data_fifo/U_fifo_srl/dout_reg[111]/Q
                         net (fo=0)                   0.000     0.110    m_axi_gmem_out_wdata[111]
                                                                      r  m_axi_gmem_out_wdata[111] (OUT)
  -------------------------------------------------------------------    -------------------

Slack:                    inf
  Source:                 bd_0_i/hls_inst/inst/gmem_out_m_axi_U/bus_write/wreq_throttle/data_fifo/U_fifo_srl/dout_reg[114]/C
                            (rising edge-triggered cell FDRE clocked by ap_clk  {rise@0.000ns fall@2.381ns period=4.762ns})
  Destination:            m_axi_gmem_out_wdata[114]
                            (output port)
  Path Group:             (none)
  Path Type:              Max at Slow Process Corner
  Data Path Delay:        0.080ns  (logic 0.080ns (100.000%)  route 0.000ns (0.000%))
  Logic Levels:           0  
  Clock Uncertainty:      0.025ns  ((TSJ^2 + TIJ^2)^1/2 + DJ) / 2 + PE
    Total System Jitter     (TSJ):    0.050ns
    Total Input Jitter      (TIJ):    0.000ns
    Discrete Jitter          (DJ):    0.000ns
    Phase Error              (PE):    0.000ns

    Location             Delay type                Incr(ns)  Path(ns)    Netlist Resource(s)
  -------------------------------------------------------------------    -------------------
                         (clock ap_clk rise edge)     0.000     0.000 r  
                                                      0.000     0.000 r  ap_clk (IN)
                         net (fo=529382, unset)       0.030     0.030    bd_0_i/hls_inst/inst/gmem_out_m_axi_U/bus_write/wreq_throttle/data_fifo/U_fifo_srl/ap_clk
    SLICE_X52Y693        FDRE                                         r  bd_0_i/hls_inst/inst/gmem_out_m_axi_U/bus_write/wreq_throttle/data_fifo/U_fifo_srl/dout_reg[114]/C
  -------------------------------------------------------------------    -------------------
    SLICE_X52Y693        FDRE (Prop_AFF2_SLICEM_C_Q)
                                                      0.080     0.110 r  bd_0_i/hls_inst/inst/gmem_out_m_axi_U/bus_write/wreq_throttle/data_fifo/U_fifo_srl/dout_reg[114]/Q
                         net (fo=0)                   0.000     0.110    m_axi_gmem_out_wdata[114]
                                                                      r  m_axi_gmem_out_wdata[114] (OUT)
  -------------------------------------------------------------------    -------------------

Slack:                    inf
  Source:                 bd_0_i/hls_inst/inst/gmem_out_m_axi_U/bus_write/wreq_throttle/data_fifo/U_fifo_srl/dout_reg[118]/C
                            (rising edge-triggered cell FDRE clocked by ap_clk  {rise@0.000ns fall@2.381ns period=4.762ns})
  Destination:            m_axi_gmem_out_wdata[118]
                            (output port)
  Path Group:             (none)
  Path Type:              Max at Slow Process Corner
  Data Path Delay:        0.080ns  (logic 0.080ns (100.000%)  route 0.000ns (0.000%))
  Logic Levels:           0  
  Clock Uncertainty:      0.025ns  ((TSJ^2 + TIJ^2)^1/2 + DJ) / 2 + PE
    Total System Jitter     (TSJ):    0.050ns
    Total Input Jitter      (TIJ):    0.000ns
    Discrete Jitter          (DJ):    0.000ns
    Phase Error              (PE):    0.000ns

    Location             Delay type                Incr(ns)  Path(ns)    Netlist Resource(s)
  -------------------------------------------------------------------    -------------------
                         (clock ap_clk rise edge)     0.000     0.000 r  
                                                      0.000     0.000 r  ap_clk (IN)
                         net (fo=529382, unset)       0.030     0.030    bd_0_i/hls_inst/inst/gmem_out_m_axi_U/bus_write/wreq_throttle/data_fifo/U_fifo_srl/ap_clk
    SLICE_X52Y693        FDRE                                         r  bd_0_i/hls_inst/inst/gmem_out_m_axi_U/bus_write/wreq_throttle/data_fifo/U_fifo_srl/dout_reg[118]/C
  -------------------------------------------------------------------    -------------------
    SLICE_X52Y693        FDRE (Prop_BFF2_SLICEM_C_Q)
                                                      0.080     0.110 r  bd_0_i/hls_inst/inst/gmem_out_m_axi_U/bus_write/wreq_throttle/data_fifo/U_fifo_srl/dout_reg[118]/Q
                         net (fo=0)                   0.000     0.110    m_axi_gmem_out_wdata[118]
                                                                      r  m_axi_gmem_out_wdata[118] (OUT)
  -------------------------------------------------------------------    -------------------





Min Delay Paths
--------------------------------------------------------------------------------------
Slack:                    inf
  Source:                 bd_0_i/hls_inst/inst/gmem_act_m_axi_U/bus_read/rreq_burst_conv/could_multi_bursts.addr_buf_reg[17]/C
                            (rising edge-triggered cell FDRE clocked by ap_clk  {rise@0.000ns fall@2.381ns period=4.762ns})
  Destination:            m_axi_gmem_act_araddr[17]
                            (output port)
  Path Group:             (none)
  Path Type:              Min at Fast Process Corner
  Data Path Delay:        0.037ns  (logic 0.037ns (100.000%)  route 0.000ns (0.000%))
  Logic Levels:           0  
  Clock Uncertainty:      0.025ns  ((TSJ^2 + TIJ^2)^1/2 + DJ) / 2 + PE
    Total System Jitter     (TSJ):    0.050ns
    Total Input Jitter      (TIJ):    0.000ns
    Discrete Jitter          (DJ):    0.000ns
    Phase Error              (PE):    0.000ns

    Location             Delay type                Incr(ns)  Path(ns)    Netlist Resource(s)
  -------------------------------------------------------------------    -------------------
                         (clock ap_clk rise edge)     0.000     0.000 r  
                                                      0.000     0.000 r  ap_clk (IN)
                         net (fo=529382, unset)       0.013     0.013    bd_0_i/hls_inst/inst/gmem_act_m_axi_U/bus_read/rreq_burst_conv/ap_clk
    SLICE_X149Y657       FDRE                                         r  bd_0_i/hls_inst/inst/gmem_act_m_axi_U/bus_read/rreq_burst_conv/could_multi_bursts.addr_buf_reg[17]/C
  -------------------------------------------------------------------    -------------------
    SLICE_X149Y657       FDRE (Prop_FFF_SLICEM_C_Q)
                                                      0.037     0.050 r  bd_0_i/hls_inst/inst/gmem_act_m_axi_U/bus_read/rreq_burst_conv/could_multi_bursts.addr_buf_reg[17]/Q
                         net (fo=1, unset)            0.000     0.050    m_axi_gmem_act_araddr[17]
                                                                      r  m_axi_gmem_act_araddr[17] (OUT)
  -------------------------------------------------------------------    -------------------

Slack:                    inf
  Source:                 bd_0_i/hls_inst/inst/gmem_act_m_axi_U/bus_read/rreq_burst_conv/could_multi_bursts.addr_buf_reg[25]/C
                            (rising edge-triggered cell FDRE clocked by ap_clk  {rise@0.000ns fall@2.381ns period=4.762ns})
  Destination:            m_axi_gmem_act_araddr[25]
                            (output port)
  Path Group:             (none)
  Path Type:              Min at Fast Process Corner
  Data Path Delay:        0.037ns  (logic 0.037ns (100.000%)  route 0.000ns (0.000%))
  Logic Levels:           0  
  Clock Uncertainty:      0.025ns  ((TSJ^2 + TIJ^2)^1/2 + DJ) / 2 + PE
    Total System Jitter     (TSJ):    0.050ns
    Total Input Jitter      (TIJ):    0.000ns
    Discrete Jitter          (DJ):    0.000ns
    Phase Error              (PE):    0.000ns

    Location             Delay type                Incr(ns)  Path(ns)    Netlist Resource(s)
  -------------------------------------------------------------------    -------------------
                         (clock ap_clk rise edge)     0.000     0.000 r  
                                                      0.000     0.000 r  ap_clk (IN)
                         net (fo=529382, unset)       0.013     0.013    bd_0_i/hls_inst/inst/gmem_act_m_axi_U/bus_read/rreq_burst_conv/ap_clk
    SLICE_X149Y658       FDRE                                         r  bd_0_i/hls_inst/inst/gmem_act_m_axi_U/bus_read/rreq_burst_conv/could_multi_bursts.addr_buf_reg[25]/C
  -------------------------------------------------------------------    -------------------
    SLICE_X149Y658       FDRE (Prop_FFF_SLICEM_C_Q)
                                                      0.037     0.050 r  bd_0_i/hls_inst/inst/gmem_act_m_axi_U/bus_read/rreq_burst_conv/could_multi_bursts.addr_buf_reg[25]/Q
                         net (fo=1, unset)            0.000     0.050    m_axi_gmem_act_araddr[25]
                                                                      r  m_axi_gmem_act_araddr[25] (OUT)
  -------------------------------------------------------------------    -------------------

Slack:                    inf
  Source:                 bd_0_i/hls_inst/inst/gmem_act_m_axi_U/bus_read/rreq_burst_conv/could_multi_bursts.addr_buf_reg[33]/C
                            (rising edge-triggered cell FDRE clocked by ap_clk  {rise@0.000ns fall@2.381ns period=4.762ns})
  Destination:            m_axi_gmem_act_araddr[33]
                            (output port)
  Path Group:             (none)
  Path Type:              Min at Fast Process Corner
  Data Path Delay:        0.037ns  (logic 0.037ns (100.000%)  route 0.000ns (0.000%))
  Logic Levels:           0  
  Clock Uncertainty:      0.025ns  ((TSJ^2 + TIJ^2)^1/2 + DJ) / 2 + PE
    Total System Jitter     (TSJ):    0.050ns
    Total Input Jitter      (TIJ):    0.000ns
    Discrete Jitter          (DJ):    0.000ns
    Phase Error              (PE):    0.000ns

    Location             Delay type                Incr(ns)  Path(ns)    Netlist Resource(s)
  -------------------------------------------------------------------    -------------------
                         (clock ap_clk rise edge)     0.000     0.000 r  
                                                      0.000     0.000 r  ap_clk (IN)
                         net (fo=529382, unset)       0.013     0.013    bd_0_i/hls_inst/inst/gmem_act_m_axi_U/bus_read/rreq_burst_conv/ap_clk
    SLICE_X149Y659       FDRE                                         r  bd_0_i/hls_inst/inst/gmem_act_m_axi_U/bus_read/rreq_burst_conv/could_multi_bursts.addr_buf_reg[33]/C
  -------------------------------------------------------------------    -------------------
    SLICE_X149Y659       FDRE (Prop_FFF_SLICEM_C_Q)
                                                      0.037     0.050 r  bd_0_i/hls_inst/inst/gmem_act_m_axi_U/bus_read/rreq_burst_conv/could_multi_bursts.addr_buf_reg[33]/Q
                         net (fo=1, unset)            0.000     0.050    m_axi_gmem_act_araddr[33]
                                                                      r  m_axi_gmem_act_araddr[33] (OUT)
  -------------------------------------------------------------------    -------------------

Slack:                    inf
  Source:                 bd_0_i/hls_inst/inst/gmem_act_m_axi_U/bus_read/rreq_burst_conv/could_multi_bursts.addr_buf_reg[41]/C
                            (rising edge-triggered cell FDRE clocked by ap_clk  {rise@0.000ns fall@2.381ns period=4.762ns})
  Destination:            m_axi_gmem_act_araddr[41]
                            (output port)
  Path Group:             (none)
  Path Type:              Min at Fast Process Corner
  Data Path Delay:        0.037ns  (logic 0.037ns (100.000%)  route 0.000ns (0.000%))
  Logic Levels:           0  
  Clock Uncertainty:      0.025ns  ((TSJ^2 + TIJ^2)^1/2 + DJ) / 2 + PE
    Total System Jitter     (TSJ):    0.050ns
    Total Input Jitter      (TIJ):    0.000ns
    Discrete Jitter          (DJ):    0.000ns
    Phase Error              (PE):    0.000ns

    Location             Delay type                Incr(ns)  Path(ns)    Netlist Resource(s)
  -------------------------------------------------------------------    -------------------
                         (clock ap_clk rise edge)     0.000     0.000 r  
                                                      0.000     0.000 r  ap_clk (IN)
                         net (fo=529382, unset)       0.013     0.013    bd_0_i/hls_inst/inst/gmem_act_m_axi_U/bus_read/rreq_burst_conv/ap_clk
    SLICE_X149Y660       FDRE                                         r  bd_0_i/hls_inst/inst/gmem_act_m_axi_U/bus_read/rreq_burst_conv/could_multi_bursts.addr_buf_reg[41]/C
  -------------------------------------------------------------------    -------------------
    SLICE_X149Y660       FDRE (Prop_FFF_SLICEM_C_Q)
                                                      0.037     0.050 r  bd_0_i/hls_inst/inst/gmem_act_m_axi_U/bus_read/rreq_burst_conv/could_multi_bursts.addr_buf_reg[41]/Q
                         net (fo=1, unset)            0.000     0.050    m_axi_gmem_act_araddr[41]
                                                                      r  m_axi_gmem_act_araddr[41] (OUT)
  -------------------------------------------------------------------    -------------------

Slack:                    inf
  Source:                 bd_0_i/hls_inst/inst/gmem_act_m_axi_U/bus_read/rreq_burst_conv/could_multi_bursts.addr_buf_reg[49]/C
                            (rising edge-triggered cell FDRE clocked by ap_clk  {rise@0.000ns fall@2.381ns period=4.762ns})
  Destination:            m_axi_gmem_act_araddr[49]
                            (output port)
  Path Group:             (none)
  Path Type:              Min at Fast Process Corner
  Data Path Delay:        0.037ns  (logic 0.037ns (100.000%)  route 0.000ns (0.000%))
  Logic Levels:           0  
  Clock Uncertainty:      0.025ns  ((TSJ^2 + TIJ^2)^1/2 + DJ) / 2 + PE
    Total System Jitter     (TSJ):    0.050ns
    Total Input Jitter      (TIJ):    0.000ns
    Discrete Jitter          (DJ):    0.000ns
    Phase Error              (PE):    0.000ns

    Location             Delay type                Incr(ns)  Path(ns)    Netlist Resource(s)
  -------------------------------------------------------------------    -------------------
                         (clock ap_clk rise edge)     0.000     0.000 r  
                                                      0.000     0.000 r  ap_clk (IN)
                         net (fo=529382, unset)       0.013     0.013    bd_0_i/hls_inst/inst/gmem_act_m_axi_U/bus_read/rreq_burst_conv/ap_clk
    SLICE_X149Y661       FDRE                                         r  bd_0_i/hls_inst/inst/gmem_act_m_axi_U/bus_read/rreq_burst_conv/could_multi_bursts.addr_buf_reg[49]/C
  -------------------------------------------------------------------    -------------------
    SLICE_X149Y661       FDRE (Prop_FFF_SLICEM_C_Q)
                                                      0.037     0.050 r  bd_0_i/hls_inst/inst/gmem_act_m_axi_U/bus_read/rreq_burst_conv/could_multi_bursts.addr_buf_reg[49]/Q
                         net (fo=1, unset)            0.000     0.050    m_axi_gmem_act_araddr[49]
                                                                      r  m_axi_gmem_act_araddr[49] (OUT)
  -------------------------------------------------------------------    -------------------

Slack:                    inf
  Source:                 bd_0_i/hls_inst/inst/gmem_act_m_axi_U/bus_read/rreq_burst_conv/could_multi_bursts.addr_buf_reg[57]/C
                            (rising edge-triggered cell FDRE clocked by ap_clk  {rise@0.000ns fall@2.381ns period=4.762ns})
  Destination:            m_axi_gmem_act_araddr[57]
                            (output port)
  Path Group:             (none)
  Path Type:              Min at Fast Process Corner
  Data Path Delay:        0.037ns  (logic 0.037ns (100.000%)  route 0.000ns (0.000%))
  Logic Levels:           0  
  Clock Uncertainty:      0.025ns  ((TSJ^2 + TIJ^2)^1/2 + DJ) / 2 + PE
    Total System Jitter     (TSJ):    0.050ns
    Total Input Jitter      (TIJ):    0.000ns
    Discrete Jitter          (DJ):    0.000ns
    Phase Error              (PE):    0.000ns

    Location             Delay type                Incr(ns)  Path(ns)    Netlist Resource(s)
  -------------------------------------------------------------------    -------------------
                         (clock ap_clk rise edge)     0.000     0.000 r  
                                                      0.000     0.000 r  ap_clk (IN)
                         net (fo=529382, unset)       0.013     0.013    bd_0_i/hls_inst/inst/gmem_act_m_axi_U/bus_read/rreq_burst_conv/ap_clk
    SLICE_X149Y662       FDRE                                         r  bd_0_i/hls_inst/inst/gmem_act_m_axi_U/bus_read/rreq_burst_conv/could_multi_bursts.addr_buf_reg[57]/C
  -------------------------------------------------------------------    -------------------
    SLICE_X149Y662       FDRE (Prop_FFF_SLICEM_C_Q)
                                                      0.037     0.050 r  bd_0_i/hls_inst/inst/gmem_act_m_axi_U/bus_read/rreq_burst_conv/could_multi_bursts.addr_buf_reg[57]/Q
                         net (fo=1, unset)            0.000     0.050    m_axi_gmem_act_araddr[57]
                                                                      r  m_axi_gmem_act_araddr[57] (OUT)
  -------------------------------------------------------------------    -------------------

Slack:                    inf
  Source:                 bd_0_i/hls_inst/inst/gmem_act_m_axi_U/bus_read/rreq_burst_conv/could_multi_bursts.addr_buf_reg[9]/C
                            (rising edge-triggered cell FDRE clocked by ap_clk  {rise@0.000ns fall@2.381ns period=4.762ns})
  Destination:            m_axi_gmem_act_araddr[9]
                            (output port)
  Path Group:             (none)
  Path Type:              Min at Fast Process Corner
  Data Path Delay:        0.037ns  (logic 0.037ns (100.000%)  route 0.000ns (0.000%))
  Logic Levels:           0  
  Clock Uncertainty:      0.025ns  ((TSJ^2 + TIJ^2)^1/2 + DJ) / 2 + PE
    Total System Jitter     (TSJ):    0.050ns
    Total Input Jitter      (TIJ):    0.000ns
    Discrete Jitter          (DJ):    0.000ns
    Phase Error              (PE):    0.000ns

    Location             Delay type                Incr(ns)  Path(ns)    Netlist Resource(s)
  -------------------------------------------------------------------    -------------------
                         (clock ap_clk rise edge)     0.000     0.000 r  
                                                      0.000     0.000 r  ap_clk (IN)
                         net (fo=529382, unset)       0.013     0.013    bd_0_i/hls_inst/inst/gmem_act_m_axi_U/bus_read/rreq_burst_conv/ap_clk
    SLICE_X149Y656       FDRE                                         r  bd_0_i/hls_inst/inst/gmem_act_m_axi_U/bus_read/rreq_burst_conv/could_multi_bursts.addr_buf_reg[9]/C
  -------------------------------------------------------------------    -------------------
    SLICE_X149Y656       FDRE (Prop_FFF_SLICEM_C_Q)
                                                      0.037     0.050 r  bd_0_i/hls_inst/inst/gmem_act_m_axi_U/bus_read/rreq_burst_conv/could_multi_bursts.addr_buf_reg[9]/Q
                         net (fo=1, unset)            0.000     0.050    m_axi_gmem_act_araddr[9]
                                                                      r  m_axi_gmem_act_araddr[9] (OUT)
  -------------------------------------------------------------------    -------------------

Slack:                    inf
  Source:                 bd_0_i/hls_inst/inst/gmem_out_m_axi_U/bus_write/wreq_throttle/data_fifo/U_fifo_srl/dout_reg[107]/C
                            (rising edge-triggered cell FDRE clocked by ap_clk  {rise@0.000ns fall@2.381ns period=4.762ns})
  Destination:            m_axi_gmem_out_wdata[107]
                            (output port)
  Path Group:             (none)
  Path Type:              Min at Fast Process Corner
  Data Path Delay:        0.037ns  (logic 0.037ns (100.000%)  route 0.000ns (0.000%))
  Logic Levels:           0  
  Clock Uncertainty:      0.025ns  ((TSJ^2 + TIJ^2)^1/2 + DJ) / 2 + PE
    Total System Jitter     (TSJ):    0.050ns
    Total Input Jitter      (TIJ):    0.000ns
    Discrete Jitter          (DJ):    0.000ns
    Phase Error              (PE):    0.000ns

    Location             Delay type                Incr(ns)  Path(ns)    Netlist Resource(s)
  -------------------------------------------------------------------    -------------------
                         (clock ap_clk rise edge)     0.000     0.000 r  
                                                      0.000     0.000 r  ap_clk (IN)
                         net (fo=529382, unset)       0.013     0.013    bd_0_i/hls_inst/inst/gmem_out_m_axi_U/bus_write/wreq_throttle/data_fifo/U_fifo_srl/ap_clk
    SLICE_X53Y693        FDRE                                         r  bd_0_i/hls_inst/inst/gmem_out_m_axi_U/bus_write/wreq_throttle/data_fifo/U_fifo_srl/dout_reg[107]/C
  -------------------------------------------------------------------    -------------------
    SLICE_X53Y693        FDRE (Prop_FFF_SLICEM_C_Q)
                                                      0.037     0.050 r  bd_0_i/hls_inst/inst/gmem_out_m_axi_U/bus_write/wreq_throttle/data_fifo/U_fifo_srl/dout_reg[107]/Q
                         net (fo=0)                   0.000     0.050    m_axi_gmem_out_wdata[107]
                                                                      r  m_axi_gmem_out_wdata[107] (OUT)
  -------------------------------------------------------------------    -------------------

Slack:                    inf
  Source:                 bd_0_i/hls_inst/inst/gmem_out_m_axi_U/bus_write/wreq_throttle/data_fifo/U_fifo_srl/dout_reg[117]/C
                            (rising edge-triggered cell FDRE clocked by ap_clk  {rise@0.000ns fall@2.381ns period=4.762ns})
  Destination:            m_axi_gmem_out_wdata[117]
                            (output port)
  Path Group:             (none)
  Path Type:              Min at Fast Process Corner
  Data Path Delay:        0.037ns  (logic 0.037ns (100.000%)  route 0.000ns (0.000%))
  Logic Levels:           0  
  Clock Uncertainty:      0.025ns  ((TSJ^2 + TIJ^2)^1/2 + DJ) / 2 + PE
    Total System Jitter     (TSJ):    0.050ns
    Total Input Jitter      (TIJ):    0.000ns
    Discrete Jitter          (DJ):    0.000ns
    Phase Error              (PE):    0.000ns

    Location             Delay type                Incr(ns)  Path(ns)    Netlist Resource(s)
  -------------------------------------------------------------------    -------------------
                         (clock ap_clk rise edge)     0.000     0.000 r  
                                                      0.000     0.000 r  ap_clk (IN)
                         net (fo=529382, unset)       0.013     0.013    bd_0_i/hls_inst/inst/gmem_out_m_axi_U/bus_write/wreq_throttle/data_fifo/U_fifo_srl/ap_clk
    SLICE_X52Y693        FDRE                                         r  bd_0_i/hls_inst/inst/gmem_out_m_axi_U/bus_write/wreq_throttle/data_fifo/U_fifo_srl/dout_reg[117]/C
  -------------------------------------------------------------------    -------------------
    SLICE_X52Y693        FDRE (Prop_FFF_SLICEM_C_Q)
                                                      0.037     0.050 r  bd_0_i/hls_inst/inst/gmem_out_m_axi_U/bus_write/wreq_throttle/data_fifo/U_fifo_srl/dout_reg[117]/Q
                         net (fo=0)                   0.000     0.050    m_axi_gmem_out_wdata[117]
                                                                      r  m_axi_gmem_out_wdata[117] (OUT)
  -------------------------------------------------------------------    -------------------

Slack:                    inf
  Source:                 bd_0_i/hls_inst/inst/gmem_out_m_axi_U/bus_write/wreq_throttle/data_fifo/U_fifo_srl/dout_reg[140]/C
                            (rising edge-triggered cell FDRE clocked by ap_clk  {rise@0.000ns fall@2.381ns period=4.762ns})
  Destination:            m_axi_gmem_out_wdata[140]
                            (output port)
  Path Group:             (none)
  Path Type:              Min at Fast Process Corner
  Data Path Delay:        0.037ns  (logic 0.037ns (100.000%)  route 0.000ns (0.000%))
  Logic Levels:           0  
  Clock Uncertainty:      0.025ns  ((TSJ^2 + TIJ^2)^1/2 + DJ) / 2 + PE
    Total System Jitter     (TSJ):    0.050ns
    Total Input Jitter      (TIJ):    0.000ns
    Discrete Jitter          (DJ):    0.000ns
    Phase Error              (PE):    0.000ns

    Location             Delay type                Incr(ns)  Path(ns)    Netlist Resource(s)
  -------------------------------------------------------------------    -------------------
                         (clock ap_clk rise edge)     0.000     0.000 r  
                                                      0.000     0.000 r  ap_clk (IN)
                         net (fo=529382, unset)       0.013     0.013    bd_0_i/hls_inst/inst/gmem_out_m_axi_U/bus_write/wreq_throttle/data_fifo/U_fifo_srl/ap_clk
    SLICE_X53Y695        FDRE                                         r  bd_0_i/hls_inst/inst/gmem_out_m_axi_U/bus_write/wreq_throttle/data_fifo/U_fifo_srl/dout_reg[140]/C
  -------------------------------------------------------------------    -------------------
    SLICE_X53Y695        FDRE (Prop_FFF_SLICEM_C_Q)
                                                      0.037     0.050 r  bd_0_i/hls_inst/inst/gmem_out_m_axi_U/bus_write/wreq_throttle/data_fifo/U_fifo_srl/dout_reg[140]/Q
                         net (fo=0)                   0.000     0.050    m_axi_gmem_out_wdata[140]
                                                                      r  m_axi_gmem_out_wdata[140] (OUT)
  -------------------------------------------------------------------    -------------------





--------------------------------------------------------------------------------------
Path Group:  (none)
From Clock:  
  To Clock:  ap_clk

Max Delay          7025 Endpoints
Min Delay          7025 Endpoints
--------------------------------------------------------------------------------------


Max Delay Paths
--------------------------------------------------------------------------------------
Slack:                    inf
  Source:                 s_axi_control_wvalid
                            (input port)
  Destination:            bd_0_i/hls_inst/inst/control_s_axi_U/int_mode_reg[0]/D
                            (rising edge-triggered cell FDRE clocked by ap_clk  {rise@0.000ns fall@2.381ns period=4.762ns})
  Path Group:             (none)
  Path Type:              Setup (Max at Slow Process Corner)
  Data Path Delay:        2.701ns  (logic 0.299ns (11.069%)  route 2.402ns (88.931%))
  Logic Levels:           3  (LUT3=1 LUT6=2)
  Clock Path Skew:        0.020ns (DCD - SCD + CPR)
    Destination Clock Delay (DCD):    0.020ns
    Source Clock Delay      (SCD):    0.000ns
    Clock Pessimism Removal (CPR):    0.000ns
  Clock Uncertainty:      0.025ns  ((TSJ^2 + TIJ^2)^1/2 + DJ) / 2 + PE
    Total System Jitter     (TSJ):    0.050ns
    Total Input Jitter      (TIJ):    0.000ns
    Discrete Jitter          (DJ):    0.000ns
    Phase Error              (PE):    0.000ns

    Location             Delay type                Incr(ns)  Path(ns)    Netlist Resource(s)
  -------------------------------------------------------------------    -------------------
                                                      0.000     0.000 r  s_axi_control_wvalid (IN)
                         net (fo=4, unset)            0.000     0.000    bd_0_i/hls_inst/inst/control_s_axi_U/s_axi_control_WVALID
    SLICE_X120Y676       LUT6 (Prop_H6LUT_SLICEL_I2_O)
                                                      0.099     0.099 r  bd_0_i/hls_inst/inst/control_s_axi_U/int_output_r[31]_i_3/O
                         net (fo=19, routed)          0.261     0.360    bd_0_i/hls_inst/inst/control_s_axi_U/int_output_r[31]_i_3_n_0
    SLICE_X119Y672       LUT3 (Prop_D5LUT_SLICEL_I1_O)
                                                      0.110     0.470 r  bd_0_i/hls_inst/inst/control_s_axi_U/int_mode[0]_i_2/O
                         net (fo=1, routed)           0.615     1.085    bd_0_i/hls_inst/inst/control_s_axi_U/int_mode[0]_i_2_n_0
    SLICE_X116Y655       LUT6 (Prop_H6LUT_SLICEL_I2_O)
                                                      0.090     1.175 r  bd_0_i/hls_inst/inst/control_s_axi_U/int_mode[0]_i_1/O
                         net (fo=1, routed)           1.526     2.701    bd_0_i/hls_inst/inst/control_s_axi_U/int_mode[0]_i_1_n_0
    SLICE_X112Y499       FDRE                                         r  bd_0_i/hls_inst/inst/control_s_axi_U/int_mode_reg[0]/D
  -------------------------------------------------------------------    -------------------

                         (clock ap_clk rise edge)     0.000     0.000 r  
                                                      0.000     0.000 r  ap_clk (IN)
                         net (fo=529382, unset)       0.020     0.020    bd_0_i/hls_inst/inst/control_s_axi_U/ap_clk
    SLICE_X112Y499       FDRE                                         r  bd_0_i/hls_inst/inst/control_s_axi_U/int_mode_reg[0]/C

Slack:                    inf
  Source:                 s_axi_control_wvalid
                            (input port)
  Destination:            bd_0_i/hls_inst/inst/control_s_axi_U/int_weight_col8_reg[43]/CE
                            (rising edge-triggered cell FDRE clocked by ap_clk  {rise@0.000ns fall@2.381ns period=4.762ns})
  Path Group:             (none)
  Path Type:              Setup (Max at Slow Process Corner)
  Data Path Delay:        2.639ns  (logic 0.222ns (8.413%)  route 2.417ns (91.587%))
  Logic Levels:           2  (LUT6=2)
  Clock Path Skew:        0.021ns (DCD - SCD + CPR)
    Destination Clock Delay (DCD):    0.021ns
    Source Clock Delay      (SCD):    0.000ns
    Clock Pessimism Removal (CPR):    0.000ns
  Clock Uncertainty:      0.025ns  ((TSJ^2 + TIJ^2)^1/2 + DJ) / 2 + PE
    Total System Jitter     (TSJ):    0.050ns
    Total Input Jitter      (TIJ):    0.000ns
    Discrete Jitter          (DJ):    0.000ns
    Phase Error              (PE):    0.000ns

    Location             Delay type                Incr(ns)  Path(ns)    Netlist Resource(s)
  -------------------------------------------------------------------    -------------------
                                                      0.000     0.000 r  s_axi_control_wvalid (IN)
                         net (fo=4, unset)            0.000     0.000    bd_0_i/hls_inst/inst/control_s_axi_U/s_axi_control_WVALID
    SLICE_X120Y676       LUT6 (Prop_H6LUT_SLICEL_I2_O)
                                                      0.099     0.099 r  bd_0_i/hls_inst/inst/control_s_axi_U/int_output_r[31]_i_3/O
                         net (fo=19, routed)          0.280     0.379    bd_0_i/hls_inst/inst/control_s_axi_U/int_output_r[31]_i_3_n_0
    SLICE_X121Y674       LUT6 (Prop_F6LUT_SLICEM_I4_O)
                                                      0.123     0.502 r  bd_0_i/hls_inst/inst/control_s_axi_U/int_weight_col8[63]_i_1/O
                         net (fo=32, routed)          2.137     2.639    bd_0_i/hls_inst/inst/control_s_axi_U/int_weight_col8[63]_i_1_n_0
    SLICE_X156Y697       FDRE                                         r  bd_0_i/hls_inst/inst/control_s_axi_U/int_weight_col8_reg[43]/CE
  -------------------------------------------------------------------    -------------------

                         (clock ap_clk rise edge)     0.000     0.000 r  
                                                      0.000     0.000 r  ap_clk (IN)
                         net (fo=529382, unset)       0.021     0.021    bd_0_i/hls_inst/inst/control_s_axi_U/ap_clk
    SLICE_X156Y697       FDRE                                         r  bd_0_i/hls_inst/inst/control_s_axi_U/int_weight_col8_reg[43]/C

Slack:                    inf
  Source:                 s_axi_control_wvalid
                            (input port)
  Destination:            bd_0_i/hls_inst/inst/control_s_axi_U/int_weight_col8_reg[59]/CE
                            (rising edge-triggered cell FDRE clocked by ap_clk  {rise@0.000ns fall@2.381ns period=4.762ns})
  Path Group:             (none)
  Path Type:              Setup (Max at Slow Process Corner)
  Data Path Delay:        2.639ns  (logic 0.222ns (8.413%)  route 2.417ns (91.587%))
  Logic Levels:           2  (LUT6=2)
  Clock Path Skew:        0.021ns (DCD - SCD + CPR)
    Destination Clock Delay (DCD):    0.021ns
    Source Clock Delay      (SCD):    0.000ns
    Clock Pessimism Removal (CPR):    0.000ns
  Clock Uncertainty:      0.025ns  ((TSJ^2 + TIJ^2)^1/2 + DJ) / 2 + PE
    Total System Jitter     (TSJ):    0.050ns
    Total Input Jitter      (TIJ):    0.000ns
    Discrete Jitter          (DJ):    0.000ns
    Phase Error              (PE):    0.000ns

    Location             Delay type                Incr(ns)  Path(ns)    Netlist Resource(s)
  -------------------------------------------------------------------    -------------------
                                                      0.000     0.000 r  s_axi_control_wvalid (IN)
                         net (fo=4, unset)            0.000     0.000    bd_0_i/hls_inst/inst/control_s_axi_U/s_axi_control_WVALID
    SLICE_X120Y676       LUT6 (Prop_H6LUT_SLICEL_I2_O)
                                                      0.099     0.099 r  bd_0_i/hls_inst/inst/control_s_axi_U/int_output_r[31]_i_3/O
                         net (fo=19, routed)          0.280     0.379    bd_0_i/hls_inst/inst/control_s_axi_U/int_output_r[31]_i_3_n_0
    SLICE_X121Y674       LUT6 (Prop_F6LUT_SLICEM_I4_O)
                                                      0.123     0.502 r  bd_0_i/hls_inst/inst/control_s_axi_U/int_weight_col8[63]_i_1/O
                         net (fo=32, routed)          2.137     2.639    bd_0_i/hls_inst/inst/control_s_axi_U/int_weight_col8[63]_i_1_n_0
    SLICE_X156Y697       FDRE                                         r  bd_0_i/hls_inst/inst/control_s_axi_U/int_weight_col8_reg[59]/CE
  -------------------------------------------------------------------    -------------------

                         (clock ap_clk rise edge)     0.000     0.000 r  
                                                      0.000     0.000 r  ap_clk (IN)
                         net (fo=529382, unset)       0.021     0.021    bd_0_i/hls_inst/inst/control_s_axi_U/ap_clk
    SLICE_X156Y697       FDRE                                         r  bd_0_i/hls_inst/inst/control_s_axi_U/int_weight_col8_reg[59]/C

Slack:                    inf
  Source:                 s_axi_control_wvalid
                            (input port)
  Destination:            bd_0_i/hls_inst/inst/control_s_axi_U/int_weight_col7_reg[9]/CE
                            (rising edge-triggered cell FDRE clocked by ap_clk  {rise@0.000ns fall@2.381ns period=4.762ns})
  Path Group:             (none)
  Path Type:              Setup (Max at Slow Process Corner)
  Data Path Delay:        2.610ns  (logic 0.151ns (5.785%)  route 2.459ns (94.215%))
  Logic Levels:           2  (LUT6=2)
  Clock Path Skew:        0.021ns (DCD - SCD + CPR)
    Destination Clock Delay (DCD):    0.021ns
    Source Clock Delay      (SCD):    0.000ns
    Clock Pessimism Removal (CPR):    0.000ns
  Clock Uncertainty:      0.025ns  ((TSJ^2 + TIJ^2)^1/2 + DJ) / 2 + PE
    Total System Jitter     (TSJ):    0.050ns
    Total Input Jitter      (TIJ):    0.000ns
    Discrete Jitter          (DJ):    0.000ns
    Phase Error              (PE):    0.000ns

    Location             Delay type                Incr(ns)  Path(ns)    Netlist Resource(s)
  -------------------------------------------------------------------    -------------------
                                                      0.000     0.000 r  s_axi_control_wvalid (IN)
                         net (fo=4, unset)            0.000     0.000    bd_0_i/hls_inst/inst/control_s_axi_U/s_axi_control_WVALID
    SLICE_X120Y676       LUT6 (Prop_H6LUT_SLICEL_I2_O)
                                                      0.099     0.099 r  bd_0_i/hls_inst/inst/control_s_axi_U/int_output_r[31]_i_3/O
                         net (fo=19, routed)          0.224     0.323    bd_0_i/hls_inst/inst/control_s_axi_U/int_output_r[31]_i_3_n_0
    SLICE_X121Y674       LUT6 (Prop_G6LUT_SLICEM_I1_O)
                                                      0.052     0.375 r  bd_0_i/hls_inst/inst/control_s_axi_U/int_weight_col7[31]_i_1/O
                         net (fo=32, routed)          2.235     2.610    bd_0_i/hls_inst/inst/control_s_axi_U/int_weight_col7[31]_i_1_n_0
    SLICE_X142Y674       FDRE                                         r  bd_0_i/hls_inst/inst/control_s_axi_U/int_weight_col7_reg[9]/CE
  -------------------------------------------------------------------    -------------------

                         (clock ap_clk rise edge)     0.000     0.000 r  
                                                      0.000     0.000 r  ap_clk (IN)
                         net (fo=529382, unset)       0.021     0.021    bd_0_i/hls_inst/inst/control_s_axi_U/ap_clk
    SLICE_X142Y674       FDRE                                         r  bd_0_i/hls_inst/inst/control_s_axi_U/int_weight_col7_reg[9]/C

Slack:                    inf
  Source:                 s_axi_control_arvalid
                            (input port)
  Destination:            bd_0_i/hls_inst/inst/control_s_axi_U/rdata_reg[21]/CE
                            (rising edge-triggered cell FDRE clocked by ap_clk  {rise@0.000ns fall@2.381ns period=4.762ns})
  Path Group:             (none)
  Path Type:              Setup (Max at Slow Process Corner)
  Data Path Delay:        2.554ns  (logic 0.089ns (3.484%)  route 2.465ns (96.516%))
  Logic Levels:           1  (LUT2=1)
  Clock Path Skew:        0.021ns (DCD - SCD + CPR)
    Destination Clock Delay (DCD):    0.021ns
    Source Clock Delay      (SCD):    0.000ns
    Clock Pessimism Removal (CPR):    0.000ns
  Clock Uncertainty:      0.025ns  ((TSJ^2 + TIJ^2)^1/2 + DJ) / 2 + PE
    Total System Jitter     (TSJ):    0.050ns
    Total Input Jitter      (TIJ):    0.000ns
    Discrete Jitter          (DJ):    0.000ns
    Phase Error              (PE):    0.000ns

    Location             Delay type                Incr(ns)  Path(ns)    Netlist Resource(s)
  -------------------------------------------------------------------    -------------------
                                                      0.000     0.000 r  s_axi_control_arvalid (IN)
                         net (fo=4, unset)            0.000     0.000    bd_0_i/hls_inst/inst/control_s_axi_U/s_axi_control_ARVALID
    SLICE_X120Y674       LUT2 (Prop_G6LUT_SLICEL_I0_O)
                                                      0.089     0.089 r  bd_0_i/hls_inst/inst/control_s_axi_U/rdata[31]_i_2/O
                         net (fo=32, routed)          2.465     2.554    bd_0_i/hls_inst/inst/control_s_axi_U/ar_hs
    SLICE_X150Y698       FDRE                                         r  bd_0_i/hls_inst/inst/control_s_axi_U/rdata_reg[21]/CE
  -------------------------------------------------------------------    -------------------

                         (clock ap_clk rise edge)     0.000     0.000 r  
                                                      0.000     0.000 r  ap_clk (IN)
                         net (fo=529382, unset)       0.021     0.021    bd_0_i/hls_inst/inst/control_s_axi_U/ap_clk
    SLICE_X150Y698       FDRE                                         r  bd_0_i/hls_inst/inst/control_s_axi_U/rdata_reg[21]/C

Slack:                    inf
  Source:                 s_axi_control_wvalid
                            (input port)
  Destination:            bd_0_i/hls_inst/inst/control_s_axi_U/int_weight_col5_reg[27]/CE
                            (rising edge-triggered cell FDRE clocked by ap_clk  {rise@0.000ns fall@2.381ns period=4.762ns})
  Path Group:             (none)
  Path Type:              Setup (Max at Slow Process Corner)
  Data Path Delay:        2.506ns  (logic 0.247ns (9.856%)  route 2.259ns (90.144%))
  Logic Levels:           3  (LUT3=1 LUT5=2)
  Clock Path Skew:        0.020ns (DCD - SCD + CPR)
    Destination Clock Delay (DCD):    0.020ns
    Source Clock Delay      (SCD):    0.000ns
    Clock Pessimism Removal (CPR):    0.000ns
  Clock Uncertainty:      0.025ns  ((TSJ^2 + TIJ^2)^1/2 + DJ) / 2 + PE
    Total System Jitter     (TSJ):    0.050ns
    Total Input Jitter      (TIJ):    0.000ns
    Discrete Jitter          (DJ):    0.000ns
    Phase Error              (PE):    0.000ns

    Location             Delay type                Incr(ns)  Path(ns)    Netlist Resource(s)
  -------------------------------------------------------------------    -------------------
                                                      0.000     0.000 r  s_axi_control_wvalid (IN)
                         net (fo=4, unset)            0.000     0.000    bd_0_i/hls_inst/inst/control_s_axi_U/s_axi_control_WVALID
    SLICE_X120Y676       LUT5 (Prop_A5LUT_SLICEL_I2_O)
                                                      0.100     0.100 r  bd_0_i/hls_inst/inst/control_s_axi_U/int_weight_col1[63]_i_3/O
                         net (fo=12, routed)          0.223     0.323    bd_0_i/hls_inst/inst/control_s_axi_U/int_weight_col1[63]_i_3_n_0
    SLICE_X123Y677       LUT3 (Prop_F6LUT_SLICEL_I0_O)
                                                      0.049     0.372 r  bd_0_i/hls_inst/inst/control_s_axi_U/int_weight_col4[31]_i_3/O
                         net (fo=5, routed)           0.141     0.514    bd_0_i/hls_inst/inst/control_s_axi_U/int_weight_col4[31]_i_3_n_0
    SLICE_X123Y677       LUT5 (Prop_B6LUT_SLICEL_I2_O)
                                                      0.098     0.612 r  bd_0_i/hls_inst/inst/control_s_axi_U/int_weight_col5[31]_i_1/O
                         net (fo=32, routed)          1.895     2.506    bd_0_i/hls_inst/inst/control_s_axi_U/int_weight_col5[31]_i_1_n_0
    SLICE_X155Y695       FDRE                                         r  bd_0_i/hls_inst/inst/control_s_axi_U/int_weight_col5_reg[27]/CE
  -------------------------------------------------------------------    -------------------

                         (clock ap_clk rise edge)     0.000     0.000 r  
                                                      0.000     0.000 r  ap_clk (IN)
                         net (fo=529382, unset)       0.020     0.020    bd_0_i/hls_inst/inst/control_s_axi_U/ap_clk
    SLICE_X155Y695       FDRE                                         r  bd_0_i/hls_inst/inst/control_s_axi_U/int_weight_col5_reg[27]/C

Slack:                    inf
  Source:                 s_axi_control_wvalid
                            (input port)
  Destination:            bd_0_i/hls_inst/inst/control_s_axi_U/int_weight_col11_reg[50]/CE
                            (rising edge-triggered cell FDRE clocked by ap_clk  {rise@0.000ns fall@2.381ns period=4.762ns})
  Path Group:             (none)
  Path Type:              Setup (Max at Slow Process Corner)
  Data Path Delay:        2.496ns  (logic 0.149ns (5.970%)  route 2.347ns (94.030%))
  Logic Levels:           2  (LUT6=2)
  Clock Path Skew:        0.020ns (DCD - SCD + CPR)
    Destination Clock Delay (DCD):    0.020ns
    Source Clock Delay      (SCD):    0.000ns
    Clock Pessimism Removal (CPR):    0.000ns
  Clock Uncertainty:      0.025ns  ((TSJ^2 + TIJ^2)^1/2 + DJ) / 2 + PE
    Total System Jitter     (TSJ):    0.050ns
    Total Input Jitter      (TIJ):    0.000ns
    Discrete Jitter          (DJ):    0.000ns
    Phase Error              (PE):    0.000ns

    Location             Delay type                Incr(ns)  Path(ns)    Netlist Resource(s)
  -------------------------------------------------------------------    -------------------
                                                      0.000     0.000 r  s_axi_control_wvalid (IN)
                         net (fo=4, unset)            0.000     0.000    bd_0_i/hls_inst/inst/control_s_axi_U/s_axi_control_WVALID
    SLICE_X120Y676       LUT6 (Prop_H6LUT_SLICEL_I2_O)
                                                      0.099     0.099 r  bd_0_i/hls_inst/inst/control_s_axi_U/int_output_r[31]_i_3/O
                         net (fo=19, routed)          0.212     0.311    bd_0_i/hls_inst/inst/control_s_axi_U/int_output_r[31]_i_3_n_0
    SLICE_X119Y676       LUT6 (Prop_A6LUT_SLICEL_I1_O)
                                                      0.050     0.361 r  bd_0_i/hls_inst/inst/control_s_axi_U/int_weight_col11[63]_i_1/O
                         net (fo=32, routed)          2.135     2.496    bd_0_i/hls_inst/inst/control_s_axi_U/int_weight_col11[63]_i_1_n_0
    SLICE_X148Y706       FDRE                                         r  bd_0_i/hls_inst/inst/control_s_axi_U/int_weight_col11_reg[50]/CE
  -------------------------------------------------------------------    -------------------

                         (clock ap_clk rise edge)     0.000     0.000 r  
                                                      0.000     0.000 r  ap_clk (IN)
                         net (fo=529382, unset)       0.020     0.020    bd_0_i/hls_inst/inst/control_s_axi_U/ap_clk
    SLICE_X148Y706       FDRE                                         r  bd_0_i/hls_inst/inst/control_s_axi_U/int_weight_col11_reg[50]/C

Slack:                    inf
  Source:                 s_axi_control_wvalid
                            (input port)
  Destination:            bd_0_i/hls_inst/inst/control_s_axi_U/int_weight_col3_reg[14]/CE
                            (rising edge-triggered cell FDRE clocked by ap_clk  {rise@0.000ns fall@2.381ns period=4.762ns})
  Path Group:             (none)
  Path Type:              Setup (Max at Slow Process Corner)
  Data Path Delay:        2.493ns  (logic 0.223ns (8.944%)  route 2.270ns (91.056%))
  Logic Levels:           2  (LUT5=1 LUT6=1)
  Clock Path Skew:        0.020ns (DCD - SCD + CPR)
    Destination Clock Delay (DCD):    0.020ns
    Source Clock Delay      (SCD):    0.000ns
    Clock Pessimism Removal (CPR):    0.000ns
  Clock Uncertainty:      0.025ns  ((TSJ^2 + TIJ^2)^1/2 + DJ) / 2 + PE
    Total System Jitter     (TSJ):    0.050ns
    Total Input Jitter      (TIJ):    0.000ns
    Discrete Jitter          (DJ):    0.000ns
    Phase Error              (PE):    0.000ns

    Location             Delay type                Incr(ns)  Path(ns)    Netlist Resource(s)
  -------------------------------------------------------------------    -------------------
                                                      0.000     0.000 r  s_axi_control_wvalid (IN)
                         net (fo=4, unset)            0.000     0.000    bd_0_i/hls_inst/inst/control_s_axi_U/s_axi_control_WVALID
    SLICE_X120Y676       LUT5 (Prop_A5LUT_SLICEL_I2_O)
                                                      0.100     0.100 r  bd_0_i/hls_inst/inst/control_s_axi_U/int_weight_col1[63]_i_3/O
                         net (fo=12, routed)          0.285     0.385    bd_0_i/hls_inst/inst/control_s_axi_U/int_weight_col1[63]_i_3_n_0
    SLICE_X123Y679       LUT6 (Prop_C6LUT_SLICEL_I2_O)
                                                      0.123     0.508 r  bd_0_i/hls_inst/inst/control_s_axi_U/int_weight_col3[31]_i_1/O
                         net (fo=32, routed)          1.985     2.493    bd_0_i/hls_inst/inst/control_s_axi_U/int_weight_col3[31]_i_1_n_0
    SLICE_X147Y708       FDRE                                         r  bd_0_i/hls_inst/inst/control_s_axi_U/int_weight_col3_reg[14]/CE
  -------------------------------------------------------------------    -------------------

                         (clock ap_clk rise edge)     0.000     0.000 r  
                                                      0.000     0.000 r  ap_clk (IN)
                         net (fo=529382, unset)       0.020     0.020    bd_0_i/hls_inst/inst/control_s_axi_U/ap_clk
    SLICE_X147Y708       FDRE                                         r  bd_0_i/hls_inst/inst/control_s_axi_U/int_weight_col3_reg[14]/C

Slack:                    inf
  Source:                 s_axi_control_wvalid
                            (input port)
  Destination:            bd_0_i/hls_inst/inst/control_s_axi_U/int_weight_col8_reg[53]/CE
                            (rising edge-triggered cell FDRE clocked by ap_clk  {rise@0.000ns fall@2.381ns period=4.762ns})
  Path Group:             (none)
  Path Type:              Setup (Max at Slow Process Corner)
  Data Path Delay:        2.493ns  (logic 0.222ns (8.905%)  route 2.271ns (91.095%))
  Logic Levels:           2  (LUT6=2)
  Clock Path Skew:        0.020ns (DCD - SCD + CPR)
    Destination Clock Delay (DCD):    0.020ns
    Source Clock Delay      (SCD):    0.000ns
    Clock Pessimism Removal (CPR):    0.000ns
  Clock Uncertainty:      0.025ns  ((TSJ^2 + TIJ^2)^1/2 + DJ) / 2 + PE
    Total System Jitter     (TSJ):    0.050ns
    Total Input Jitter      (TIJ):    0.000ns
    Discrete Jitter          (DJ):    0.000ns
    Phase Error              (PE):    0.000ns

    Location             Delay type                Incr(ns)  Path(ns)    Netlist Resource(s)
  -------------------------------------------------------------------    -------------------
                                                      0.000     0.000 r  s_axi_control_wvalid (IN)
                         net (fo=4, unset)            0.000     0.000    bd_0_i/hls_inst/inst/control_s_axi_U/s_axi_control_WVALID
    SLICE_X120Y676       LUT6 (Prop_H6LUT_SLICEL_I2_O)
                                                      0.099     0.099 r  bd_0_i/hls_inst/inst/control_s_axi_U/int_output_r[31]_i_3/O
                         net (fo=19, routed)          0.280     0.379    bd_0_i/hls_inst/inst/control_s_axi_U/int_output_r[31]_i_3_n_0
    SLICE_X121Y674       LUT6 (Prop_F6LUT_SLICEM_I4_O)
                                                      0.123     0.502 r  bd_0_i/hls_inst/inst/control_s_axi_U/int_weight_col8[63]_i_1/O
                         net (fo=32, routed)          1.991     2.493    bd_0_i/hls_inst/inst/control_s_axi_U/int_weight_col8[63]_i_1_n_0
    SLICE_X153Y701       FDRE                                         r  bd_0_i/hls_inst/inst/control_s_axi_U/int_weight_col8_reg[53]/CE
  -------------------------------------------------------------------    -------------------

                         (clock ap_clk rise edge)     0.000     0.000 r  
                                                      0.000     0.000 r  ap_clk (IN)
                         net (fo=529382, unset)       0.020     0.020    bd_0_i/hls_inst/inst/control_s_axi_U/ap_clk
    SLICE_X153Y701       FDRE                                         r  bd_0_i/hls_inst/inst/control_s_axi_U/int_weight_col8_reg[53]/C

Slack:                    inf
  Source:                 s_axi_control_araddr[1]
                            (input port)
  Destination:            bd_0_i/hls_inst/inst/control_s_axi_U/rdata_reg[1]/R
                            (rising edge-triggered cell FDRE clocked by ap_clk  {rise@0.000ns fall@2.381ns period=4.762ns})
  Path Group:             (none)
  Path Type:              Setup (Max at Slow Process Corner)
  Data Path Delay:        2.492ns  (logic 0.135ns (5.418%)  route 2.357ns (94.582%))
  Logic Levels:           1  (LUT4=1)
  Clock Path Skew:        0.021ns (DCD - SCD + CPR)
    Destination Clock Delay (DCD):    0.021ns
    Source Clock Delay      (SCD):    0.000ns
    Clock Pessimism Removal (CPR):    0.000ns
  Clock Uncertainty:      0.025ns  ((TSJ^2 + TIJ^2)^1/2 + DJ) / 2 + PE
    Total System Jitter     (TSJ):    0.050ns
    Total Input Jitter      (TIJ):    0.000ns
    Discrete Jitter          (DJ):    0.000ns
    Phase Error              (PE):    0.000ns

    Location             Delay type                Incr(ns)  Path(ns)    Netlist Resource(s)
  -------------------------------------------------------------------    -------------------
                                                      0.000     0.000 r  s_axi_control_araddr[1] (IN)
                         net (fo=2, unset)            0.000     0.000    bd_0_i/hls_inst/inst/control_s_axi_U/s_axi_control_ARADDR[1]
    SLICE_X120Y674       LUT4 (Prop_G5LUT_SLICEL_I0_O)
                                                      0.135     0.135 r  bd_0_i/hls_inst/inst/control_s_axi_U/rdata[31]_i_1/O
                         net (fo=32, routed)          2.357     2.492    bd_0_i/hls_inst/inst/control_s_axi_U/rdata[31]_i_1_n_0
    SLICE_X121Y707       FDRE                                         r  bd_0_i/hls_inst/inst/control_s_axi_U/rdata_reg[1]/R
  -------------------------------------------------------------------    -------------------

                         (clock ap_clk rise edge)     0.000     0.000 r  
                                                      0.000     0.000 r  ap_clk (IN)
                         net (fo=529382, unset)       0.021     0.021    bd_0_i/hls_inst/inst/control_s_axi_U/ap_clk
    SLICE_X121Y707       FDRE                                         r  bd_0_i/hls_inst/inst/control_s_axi_U/rdata_reg[1]/C





Min Delay Paths
--------------------------------------------------------------------------------------
Slack:                    inf
  Source:                 s_axi_control_awaddr[0]
                            (input port)
  Destination:            bd_0_i/hls_inst/inst/control_s_axi_U/waddr_reg[0]/D
                            (rising edge-triggered cell FDRE clocked by ap_clk  {rise@0.000ns fall@2.381ns period=4.762ns})
  Path Group:             (none)
  Path Type:              Hold (Min at Slow Process Corner)
  Data Path Delay:        0.000ns  (logic 0.000ns (0.000%)  route 0.000ns (0.000%))
  Logic Levels:           0  
  Clock Path Skew:        0.029ns (DCD - SCD - CPR)
    Destination Clock Delay (DCD):    0.029ns
    Source Clock Delay      (SCD):    0.000ns
    Clock Pessimism Removal (CPR):    -0.000ns

    Location             Delay type                Incr(ns)  Path(ns)    Netlist Resource(s)
  -------------------------------------------------------------------    -------------------
                                                      0.000     0.000 r  s_axi_control_awaddr[0] (IN)
                         net (fo=0)                   0.000     0.000    bd_0_i/hls_inst/inst/control_s_axi_U/s_axi_control_AWADDR[0]
    SLICE_X120Y676       FDRE                                         r  bd_0_i/hls_inst/inst/control_s_axi_U/waddr_reg[0]/D
  -------------------------------------------------------------------    -------------------

                         (clock ap_clk rise edge)     0.000     0.000 r  
                                                      0.000     0.000 r  ap_clk (IN)
                         net (fo=529382, unset)       0.029     0.029    bd_0_i/hls_inst/inst/control_s_axi_U/ap_clk
    SLICE_X120Y676       FDRE                                         r  bd_0_i/hls_inst/inst/control_s_axi_U/waddr_reg[0]/C

Slack:                    inf
  Source:                 s_axi_control_awaddr[1]
                            (input port)
  Destination:            bd_0_i/hls_inst/inst/control_s_axi_U/waddr_reg[1]/D
                            (rising edge-triggered cell FDRE clocked by ap_clk  {rise@0.000ns fall@2.381ns period=4.762ns})
  Path Group:             (none)
  Path Type:              Hold (Min at Slow Process Corner)
  Data Path Delay:        0.000ns  (logic 0.000ns (0.000%)  route 0.000ns (0.000%))
  Logic Levels:           0  
  Clock Path Skew:        0.029ns (DCD - SCD - CPR)
    Destination Clock Delay (DCD):    0.029ns
    Source Clock Delay      (SCD):    0.000ns
    Clock Pessimism Removal (CPR):    -0.000ns

    Location             Delay type                Incr(ns)  Path(ns)    Netlist Resource(s)
  -------------------------------------------------------------------    -------------------
                                                      0.000     0.000 r  s_axi_control_awaddr[1] (IN)
                         net (fo=0)                   0.000     0.000    bd_0_i/hls_inst/inst/control_s_axi_U/s_axi_control_AWADDR[1]
    SLICE_X120Y676       FDRE                                         r  bd_0_i/hls_inst/inst/control_s_axi_U/waddr_reg[1]/D
  -------------------------------------------------------------------    -------------------

                         (clock ap_clk rise edge)     0.000     0.000 r  
                                                      0.000     0.000 r  ap_clk (IN)
                         net (fo=529382, unset)       0.029     0.029    bd_0_i/hls_inst/inst/control_s_axi_U/ap_clk
    SLICE_X120Y676       FDRE                                         r  bd_0_i/hls_inst/inst/control_s_axi_U/waddr_reg[1]/C

Slack:                    inf
  Source:                 s_axi_control_awaddr[2]
                            (input port)
  Destination:            bd_0_i/hls_inst/inst/control_s_axi_U/waddr_reg[2]/D
                            (rising edge-triggered cell FDRE clocked by ap_clk  {rise@0.000ns fall@2.381ns period=4.762ns})
  Path Group:             (none)
  Path Type:              Hold (Min at Slow Process Corner)
  Data Path Delay:        0.000ns  (logic 0.000ns (0.000%)  route 0.000ns (0.000%))
  Logic Levels:           0  
  Clock Path Skew:        0.029ns (DCD - SCD - CPR)
    Destination Clock Delay (DCD):    0.029ns
    Source Clock Delay      (SCD):    0.000ns
    Clock Pessimism Removal (CPR):    -0.000ns

    Location             Delay type                Incr(ns)  Path(ns)    Netlist Resource(s)
  -------------------------------------------------------------------    -------------------
                                                      0.000     0.000 r  s_axi_control_awaddr[2] (IN)
                         net (fo=0)                   0.000     0.000    bd_0_i/hls_inst/inst/control_s_axi_U/s_axi_control_AWADDR[2]
    SLICE_X120Y676       FDRE                                         r  bd_0_i/hls_inst/inst/control_s_axi_U/waddr_reg[2]/D
  -------------------------------------------------------------------    -------------------

                         (clock ap_clk rise edge)     0.000     0.000 r  
                                                      0.000     0.000 r  ap_clk (IN)
                         net (fo=529382, unset)       0.029     0.029    bd_0_i/hls_inst/inst/control_s_axi_U/ap_clk
    SLICE_X120Y676       FDRE                                         r  bd_0_i/hls_inst/inst/control_s_axi_U/waddr_reg[2]/C

Slack:                    inf
  Source:                 s_axi_control_awaddr[3]
                            (input port)
  Destination:            bd_0_i/hls_inst/inst/control_s_axi_U/waddr_reg[3]/D
                            (rising edge-triggered cell FDRE clocked by ap_clk  {rise@0.000ns fall@2.381ns period=4.762ns})
  Path Group:             (none)
  Path Type:              Hold (Min at Slow Process Corner)
  Data Path Delay:        0.000ns  (logic 0.000ns (0.000%)  route 0.000ns (0.000%))
  Logic Levels:           0  
  Clock Path Skew:        0.029ns (DCD - SCD - CPR)
    Destination Clock Delay (DCD):    0.029ns
    Source Clock Delay      (SCD):    0.000ns
    Clock Pessimism Removal (CPR):    -0.000ns

    Location             Delay type                Incr(ns)  Path(ns)    Netlist Resource(s)
  -------------------------------------------------------------------    -------------------
                                                      0.000     0.000 r  s_axi_control_awaddr[3] (IN)
                         net (fo=0)                   0.000     0.000    bd_0_i/hls_inst/inst/control_s_axi_U/s_axi_control_AWADDR[3]
    SLICE_X120Y676       FDRE                                         r  bd_0_i/hls_inst/inst/control_s_axi_U/waddr_reg[3]/D
  -------------------------------------------------------------------    -------------------

                         (clock ap_clk rise edge)     0.000     0.000 r  
                                                      0.000     0.000 r  ap_clk (IN)
                         net (fo=529382, unset)       0.029     0.029    bd_0_i/hls_inst/inst/control_s_axi_U/ap_clk
    SLICE_X120Y676       FDRE                                         r  bd_0_i/hls_inst/inst/control_s_axi_U/waddr_reg[3]/C

Slack:                    inf
  Source:                 s_axi_control_awaddr[4]
                            (input port)
  Destination:            bd_0_i/hls_inst/inst/control_s_axi_U/waddr_reg[4]/D
                            (rising edge-triggered cell FDRE clocked by ap_clk  {rise@0.000ns fall@2.381ns period=4.762ns})
  Path Group:             (none)
  Path Type:              Hold (Min at Slow Process Corner)
  Data Path Delay:        0.000ns  (logic 0.000ns (0.000%)  route 0.000ns (0.000%))
  Logic Levels:           0  
  Clock Path Skew:        0.029ns (DCD - SCD - CPR)
    Destination Clock Delay (DCD):    0.029ns
    Source Clock Delay      (SCD):    0.000ns
    Clock Pessimism Removal (CPR):    -0.000ns

    Location             Delay type                Incr(ns)  Path(ns)    Netlist Resource(s)
  -------------------------------------------------------------------    -------------------
                                                      0.000     0.000 r  s_axi_control_awaddr[4] (IN)
                         net (fo=0)                   0.000     0.000    bd_0_i/hls_inst/inst/control_s_axi_U/s_axi_control_AWADDR[4]
    SLICE_X120Y677       FDRE                                         r  bd_0_i/hls_inst/inst/control_s_axi_U/waddr_reg[4]/D
  -------------------------------------------------------------------    -------------------

                         (clock ap_clk rise edge)     0.000     0.000 r  
                                                      0.000     0.000 r  ap_clk (IN)
                         net (fo=529382, unset)       0.029     0.029    bd_0_i/hls_inst/inst/control_s_axi_U/ap_clk
    SLICE_X120Y677       FDRE                                         r  bd_0_i/hls_inst/inst/control_s_axi_U/waddr_reg[4]/C

Slack:                    inf
  Source:                 s_axi_control_awaddr[5]
                            (input port)
  Destination:            bd_0_i/hls_inst/inst/control_s_axi_U/waddr_reg[5]/D
                            (rising edge-triggered cell FDRE clocked by ap_clk  {rise@0.000ns fall@2.381ns period=4.762ns})
  Path Group:             (none)
  Path Type:              Hold (Min at Slow Process Corner)
  Data Path Delay:        0.000ns  (logic 0.000ns (0.000%)  route 0.000ns (0.000%))
  Logic Levels:           0  
  Clock Path Skew:        0.029ns (DCD - SCD - CPR)
    Destination Clock Delay (DCD):    0.029ns
    Source Clock Delay      (SCD):    0.000ns
    Clock Pessimism Removal (CPR):    -0.000ns

    Location             Delay type                Incr(ns)  Path(ns)    Netlist Resource(s)
  -------------------------------------------------------------------    -------------------
                                                      0.000     0.000 r  s_axi_control_awaddr[5] (IN)
                         net (fo=0)                   0.000     0.000    bd_0_i/hls_inst/inst/control_s_axi_U/s_axi_control_AWADDR[5]
    SLICE_X120Y676       FDRE                                         r  bd_0_i/hls_inst/inst/control_s_axi_U/waddr_reg[5]/D
  -------------------------------------------------------------------    -------------------

                         (clock ap_clk rise edge)     0.000     0.000 r  
                                                      0.000     0.000 r  ap_clk (IN)
                         net (fo=529382, unset)       0.029     0.029    bd_0_i/hls_inst/inst/control_s_axi_U/ap_clk
    SLICE_X120Y676       FDRE                                         r  bd_0_i/hls_inst/inst/control_s_axi_U/waddr_reg[5]/C

Slack:                    inf
  Source:                 s_axi_control_awaddr[6]
                            (input port)
  Destination:            bd_0_i/hls_inst/inst/control_s_axi_U/waddr_reg[6]/D
                            (rising edge-triggered cell FDRE clocked by ap_clk  {rise@0.000ns fall@2.381ns period=4.762ns})
  Path Group:             (none)
  Path Type:              Hold (Min at Slow Process Corner)
  Data Path Delay:        0.000ns  (logic 0.000ns (0.000%)  route 0.000ns (0.000%))
  Logic Levels:           0  
  Clock Path Skew:        0.029ns (DCD - SCD - CPR)
    Destination Clock Delay (DCD):    0.029ns
    Source Clock Delay      (SCD):    0.000ns
    Clock Pessimism Removal (CPR):    -0.000ns

    Location             Delay type                Incr(ns)  Path(ns)    Netlist Resource(s)
  -------------------------------------------------------------------    -------------------
                                                      0.000     0.000 r  s_axi_control_awaddr[6] (IN)
                         net (fo=0)                   0.000     0.000    bd_0_i/hls_inst/inst/control_s_axi_U/s_axi_control_AWADDR[6]
    SLICE_X120Y676       FDRE                                         r  bd_0_i/hls_inst/inst/control_s_axi_U/waddr_reg[6]/D
  -------------------------------------------------------------------    -------------------

                         (clock ap_clk rise edge)     0.000     0.000 r  
                                                      0.000     0.000 r  ap_clk (IN)
                         net (fo=529382, unset)       0.029     0.029    bd_0_i/hls_inst/inst/control_s_axi_U/ap_clk
    SLICE_X120Y676       FDRE                                         r  bd_0_i/hls_inst/inst/control_s_axi_U/waddr_reg[6]/C

Slack:                    inf
  Source:                 s_axi_control_awaddr[7]
                            (input port)
  Destination:            bd_0_i/hls_inst/inst/control_s_axi_U/waddr_reg[7]/D
                            (rising edge-triggered cell FDRE clocked by ap_clk  {rise@0.000ns fall@2.381ns period=4.762ns})
  Path Group:             (none)
  Path Type:              Hold (Min at Slow Process Corner)
  Data Path Delay:        0.000ns  (logic 0.000ns (0.000%)  route 0.000ns (0.000%))
  Logic Levels:           0  
  Clock Path Skew:        0.029ns (DCD - SCD - CPR)
    Destination Clock Delay (DCD):    0.029ns
    Source Clock Delay      (SCD):    0.000ns
    Clock Pessimism Removal (CPR):    -0.000ns

    Location             Delay type                Incr(ns)  Path(ns)    Netlist Resource(s)
  -------------------------------------------------------------------    -------------------
                                                      0.000     0.000 r  s_axi_control_awaddr[7] (IN)
                         net (fo=0)                   0.000     0.000    bd_0_i/hls_inst/inst/control_s_axi_U/s_axi_control_AWADDR[7]
    SLICE_X120Y676       FDRE                                         r  bd_0_i/hls_inst/inst/control_s_axi_U/waddr_reg[7]/D
  -------------------------------------------------------------------    -------------------

                         (clock ap_clk rise edge)     0.000     0.000 r  
                                                      0.000     0.000 r  ap_clk (IN)
                         net (fo=529382, unset)       0.029     0.029    bd_0_i/hls_inst/inst/control_s_axi_U/ap_clk
    SLICE_X120Y676       FDRE                                         r  bd_0_i/hls_inst/inst/control_s_axi_U/waddr_reg[7]/C

Slack:                    inf
  Source:                 s_axi_control_awaddr[8]
                            (input port)
  Destination:            bd_0_i/hls_inst/inst/control_s_axi_U/waddr_reg[8]/D
                            (rising edge-triggered cell FDRE clocked by ap_clk  {rise@0.000ns fall@2.381ns period=4.762ns})
  Path Group:             (none)
  Path Type:              Hold (Min at Slow Process Corner)
  Data Path Delay:        0.000ns  (logic 0.000ns (0.000%)  route 0.000ns (0.000%))
  Logic Levels:           0  
  Clock Path Skew:        0.029ns (DCD - SCD - CPR)
    Destination Clock Delay (DCD):    0.029ns
    Source Clock Delay      (SCD):    0.000ns
    Clock Pessimism Removal (CPR):    -0.000ns

    Location             Delay type                Incr(ns)  Path(ns)    Netlist Resource(s)
  -------------------------------------------------------------------    -------------------
                                                      0.000     0.000 r  s_axi_control_awaddr[8] (IN)
                         net (fo=0)                   0.000     0.000    bd_0_i/hls_inst/inst/control_s_axi_U/s_axi_control_AWADDR[8]
    SLICE_X120Y676       FDRE                                         r  bd_0_i/hls_inst/inst/control_s_axi_U/waddr_reg[8]/D
  -------------------------------------------------------------------    -------------------

                         (clock ap_clk rise edge)     0.000     0.000 r  
                                                      0.000     0.000 r  ap_clk (IN)
                         net (fo=529382, unset)       0.029     0.029    bd_0_i/hls_inst/inst/control_s_axi_U/ap_clk
    SLICE_X120Y676       FDRE                                         r  bd_0_i/hls_inst/inst/control_s_axi_U/waddr_reg[8]/C

Slack:                    inf
  Source:                 m_axi_gmem_act_rdata[100]
                            (input port)
  Destination:            bd_0_i/hls_inst/inst/gmem_act_m_axi_U/bus_read/rs_rdata/data_p2_reg[100]/D
                            (rising edge-triggered cell FDRE clocked by ap_clk  {rise@0.000ns fall@2.381ns period=4.762ns})
  Path Group:             (none)
  Path Type:              Hold (Min at Fast Process Corner)
  Data Path Delay:        0.007ns  (logic 0.000ns (0.000%)  route 0.007ns (100.000%))
  Logic Levels:           0  
  Clock Path Skew:        0.019ns (DCD - SCD - CPR)
    Destination Clock Delay (DCD):    0.019ns
    Source Clock Delay      (SCD):    0.000ns
    Clock Pessimism Removal (CPR):    -0.000ns

    Location             Delay type                Incr(ns)  Path(ns)    Netlist Resource(s)
  -------------------------------------------------------------------    -------------------
                                                      0.000     0.000 r  m_axi_gmem_act_rdata[100] (IN)
                         net (fo=1, unset)            0.007     0.007    bd_0_i/hls_inst/inst/gmem_act_m_axi_U/bus_read/rs_rdata/data_p2_reg[128]_0[100]
    SLICE_X148Y635       FDRE                                         r  bd_0_i/hls_inst/inst/gmem_act_m_axi_U/bus_read/rs_rdata/data_p2_reg[100]/D
  -------------------------------------------------------------------    -------------------

                         (clock ap_clk rise edge)     0.000     0.000 r  
                                                      0.000     0.000 r  ap_clk (IN)
                         net (fo=529382, unset)       0.019     0.019    bd_0_i/hls_inst/inst/gmem_act_m_axi_U/bus_read/rs_rdata/ap_clk
    SLICE_X148Y635       FDRE                                         r  bd_0_i/hls_inst/inst/gmem_act_m_axi_U/bus_read/rs_rdata/data_p2_reg[100]/C





