Copyright 1986-2022 Xilinx, Inc. All Rights Reserved. Copyright 2022-2023 Advanced Micro Devices, Inc. All Rights Reserved.
--------------------------------------------------------------------------------------------------------------------------------------------------------------------------------------------------------------------------------------
| Tool Version      : Vivado v.2023.2 (lin64) Build 4029153 Fri Oct 13 20:13:54 MDT 2023
| Date              : Sun Mar 15 19:24:12 2026
| Host              : <REDACTED_HOST> running 64-bit Ubuntu 22.04.5 LTS
| Command           : report_timing_summary -max_paths 10 -report_unconstrained -file bd_0_wrapper_timing_summary_routed.rpt -pb bd_0_wrapper_timing_summary_routed.pb -rpx bd_0_wrapper_timing_summary_routed.rpx -warn_on_violation
| Design            : bd_0_wrapper
| Device            : xcu55c-fsvh2892
| Speed File        : -2L  PRODUCTION 1.30 05-01-2022
| Design State      : Routed
| Temperature Grade : E
--------------------------------------------------------------------------------------------------------------------------------------------------------------------------------------------------------------------------------------

Timing Summary Report

------------------------------------------------------------------------------------------------
| Timer Settings
| --------------
------------------------------------------------------------------------------------------------

  Enable Multi Corner Analysis               :  Yes
  Enable Pessimism Removal                   :  Yes
  Pessimism Removal Resolution               :  Nearest Common Node
  Enable Input Delay Default Clock           :  No
  Enable Preset / Clear Arcs                 :  No
  Disable Flight Delays                      :  No
  Ignore I/O Paths                           :  No
  Timing Early Launch at Borrowing Latches   :  No
  Borrow Time for Max Delay Exceptions       :  Yes
  Merge Timing Exceptions                    :  Yes
  Inter-SLR Compensation                     :  Conservative

  Corner  Analyze    Analyze    
  Name    Max Paths  Min Paths  
  ------  ---------  ---------  
  Slow    Yes        Yes        
  Fast    Yes        Yes        


------------------------------------------------------------------------------------------------
| Report Methodology
| ------------------
------------------------------------------------------------------------------------------------

Rule       Severity  Description                    Violations  
---------  --------  -----------------------------  ----------  
TIMING-18  Warning   Missing input or output delay  913         

Note: This report is based on the most recent report_methodology run and may not be up-to-date. Run report_methodology on the current design for the latest report.



check_timing report

Table of Contents
-----------------
1. checking no_clock (0)
2. checking constant_clock (0)
3. checking pulse_width_clock (0)
4. checking unconstrained_internal_endpoints (0)
5. checking no_input_delay (360)
6. checking no_output_delay (529)
7. checking multiple_clock (0)
8. checking generated_clocks (0)
9. checking loops (0)
10. checking partial_input_delay (0)
11. checking partial_output_delay (0)
12. checking latch_loops (0)

1. checking no_clock (0)
------------------------
 There are 0 register/latch pins with no clock.


2. checking constant_clock (0)
------------------------------
 There are 0 register/latch pins with constant_clock.


3. checking pulse_width_clock (0)
---------------------------------
 There are 0 register/latch pins which need pulse_width check


4. checking unconstrained_internal_endpoints (0)
------------------------------------------------
 There are 0 pins that are not constrained for maximum delay.

 There are 0 pins that are not constrained for maximum delay due to constant clock.


5. checking no_input_delay (360)
--------------------------------
 There are 360 input ports with no input delay specified. (HIGH)

 There are 0 input ports with no input delay but user has a false path constraint.


6. checking no_output_delay (529)
---------------------------------
 There are 529 ports with no output delay specified. (HIGH)

 There are 0 ports with no output delay but user has a false path constraint

 There are 0 ports with no output delay but with a timing clock defined on it or propagating through it


7. checking multiple_clock (0)
------------------------------
 There are 0 register/latch pins with multiple clocks.


8. checking generated_clocks (0)
--------------------------------
 There are 0 generated clocks that are not connected to a clock source.


9. checking loops (0)
---------------------
 There are 0 combinational loops in the design.


10. checking partial_input_delay (0)
------------------------------------
 There are 0 input ports with partial input delay specified.


11. checking partial_output_delay (0)
-------------------------------------
 There are 0 ports with partial output delay specified.


12. checking latch_loops (0)
----------------------------
 There are 0 combinational latch loops in the design through latch input



------------------------------------------------------------------------------------------------
| Design Timing Summary
| ---------------------
------------------------------------------------------------------------------------------------

    WNS(ns)      TNS(ns)  TNS Failing Endpoints  TNS Total Endpoints      WHS(ns)      THS(ns)  THS Failing Endpoints  THS Total Endpoints     WPWS(ns)     TPWS(ns)  TPWS Failing Endpoints  TPWS Total Endpoints  
    -------      -------  ---------------------  -------------------      -------      -------  ---------------------  -------------------     --------     --------  ----------------------  --------------------  
      0.290        0.000                      0                39220        0.039        0.000                      0                39220        1.381        0.000                       0                 15142  


All user specified timing constraints are met.


------------------------------------------------------------------------------------------------
| Clock Summary
| -------------
------------------------------------------------------------------------------------------------

Clock   Waveform(ns)         Period(ns)      Frequency(MHz)
-----   ------------         ----------      --------------
ap_clk  {0.000 1.923}        3.846           260.010         


------------------------------------------------------------------------------------------------
| Intra Clock Table
| -----------------
------------------------------------------------------------------------------------------------

Clock             WNS(ns)      TNS(ns)  TNS Failing Endpoints  TNS Total Endpoints      WHS(ns)      THS(ns)  THS Failing Endpoints  THS Total Endpoints     WPWS(ns)     TPWS(ns)  TPWS Failing Endpoints  TPWS Total Endpoints  
-----             -------      -------  ---------------------  -------------------      -------      -------  ---------------------  -------------------     --------     --------  ----------------------  --------------------  
ap_clk              0.290        0.000                      0                39220        0.039        0.000                      0                39220        1.381        0.000                       0                 15142  


------------------------------------------------------------------------------------------------
| Inter Clock Table
| -----------------
------------------------------------------------------------------------------------------------

From Clock    To Clock          WNS(ns)      TNS(ns)  TNS Failing Endpoints  TNS Total Endpoints      WHS(ns)      THS(ns)  THS Failing Endpoints  THS Total Endpoints  
----------    --------          -------      -------  ---------------------  -------------------      -------      -------  ---------------------  -------------------  


------------------------------------------------------------------------------------------------
| Other Path Groups Table
| -----------------------
------------------------------------------------------------------------------------------------

Path Group    From Clock    To Clock          WNS(ns)      TNS(ns)  TNS Failing Endpoints  TNS Total Endpoints      WHS(ns)      THS(ns)  THS Failing Endpoints  THS Total Endpoints  
----------    ----------    --------          -------      -------  ---------------------  -------------------      -------      -------  ---------------------  -------------------  


------------------------------------------------------------------------------------------------
| User Ignored Path Table
| -----------------------
------------------------------------------------------------------------------------------------

Path Group    From Clock    To Clock    
----------    ----------    --------    


------------------------------------------------------------------------------------------------
| Unconstrained Path Table
| ------------------------
------------------------------------------------------------------------------------------------

Path Group    From Clock    To Clock    
----------    ----------    --------    
(none)        ap_clk                      
(none)                      ap_clk        


------------------------------------------------------------------------------------------------
| Timing Details
| --------------
------------------------------------------------------------------------------------------------


---------------------------------------------------------------------------------------------------
From Clock:  ap_clk
  To Clock:  ap_clk

Setup :            0  Failing Endpoints,  Worst Slack        0.290ns,  Total Violation        0.000ns
Hold  :            0  Failing Endpoints,  Worst Slack        0.039ns,  Total Violation        0.000ns
PW    :            0  Failing Endpoints,  Worst Slack        1.381ns,  Total Violation        0.000ns
---------------------------------------------------------------------------------------------------


Max Delay Paths
--------------------------------------------------------------------------------------
Slack (MET) :             0.290ns  (required time - arrival time)
  Source:                 bd_0_i/hls_inst/inst/control_s_axi_U/int_mode_reg[0]/C
                            (rising edge-triggered cell FDRE clocked by ap_clk  {rise@0.000ns fall@1.923ns period=3.846ns})
  Destination:            bd_0_i/hls_inst/inst/grp_Hybrid_INT4_INT4_PD_fu_940/col_gen[3].row_gen[4].dsp_core/mode_r1_reg/D
                            (rising edge-triggered cell FDRE clocked by ap_clk  {rise@0.000ns fall@1.923ns period=3.846ns})
  Path Group:             ap_clk
  Path Type:              Setup (Max at Slow Process Corner)
  Requirement:            3.846ns  (ap_clk rise@3.846ns - ap_clk rise@0.000ns)
  Data Path Delay:        3.535ns  (logic 0.078ns (2.206%)  route 3.457ns (97.794%))
  Logic Levels:           0  
  Clock Path Skew:        -0.010ns (DCD - SCD + CPR)
    Destination Clock Delay (DCD):    0.020ns = ( 3.866 - 3.846 ) 
    Source Clock Delay      (SCD):    0.030ns
    Clock Pessimism Removal (CPR):    0.000ns
  Clock Uncertainty:      0.035ns  ((TSJ^2 + TIJ^2)^1/2 + DJ) / 2 + PE
    Total System Jitter     (TSJ):    0.071ns
    Total Input Jitter      (TIJ):    0.000ns
    Discrete Jitter          (DJ):    0.000ns
    Phase Error              (PE):    0.000ns

    Location             Delay type                Incr(ns)  Path(ns)    Netlist Resource(s)
  -------------------------------------------------------------------    -------------------
                         (clock ap_clk rise edge)     0.000     0.000 r  
                                                      0.000     0.000 r  ap_clk (IN)
                         net (fo=15461, unset)        0.030     0.030    bd_0_i/hls_inst/inst/control_s_axi_U/ap_clk
    SLICE_X65Y76         FDRE                                         r  bd_0_i/hls_inst/inst/control_s_axi_U/int_mode_reg[0]/C
  -------------------------------------------------------------------    -------------------
    SLICE_X65Y76         FDRE (Prop_HFF2_SLICEM_C_Q)
                                                      0.078     0.108 r  bd_0_i/hls_inst/inst/control_s_axi_U/int_mode_reg[0]/Q
                         net (fo=2686, routed)        3.457     3.565    bd_0_i/hls_inst/inst/grp_Hybrid_INT4_INT4_PD_fu_940/col_gen[3].row_gen[4].dsp_core/mode
    SLICE_X96Y88         FDRE                                         r  bd_0_i/hls_inst/inst/grp_Hybrid_INT4_INT4_PD_fu_940/col_gen[3].row_gen[4].dsp_core/mode_r1_reg/D
  -------------------------------------------------------------------    -------------------

                         (clock ap_clk rise edge)     3.846     3.846 r  
                                                      0.000     3.846 r  ap_clk (IN)
                         net (fo=15461, unset)        0.020     3.866    bd_0_i/hls_inst/inst/grp_Hybrid_INT4_INT4_PD_fu_940/col_gen[3].row_gen[4].dsp_core/ap_clk
    SLICE_X96Y88         FDRE                                         r  bd_0_i/hls_inst/inst/grp_Hybrid_INT4_INT4_PD_fu_940/col_gen[3].row_gen[4].dsp_core/mode_r1_reg/C
                         clock pessimism              0.000     3.866    
                         clock uncertainty           -0.035     3.831    
    SLICE_X96Y88         FDRE (Setup_GFF_SLICEL_C_D)
                                                      0.025     3.856    bd_0_i/hls_inst/inst/grp_Hybrid_INT4_INT4_PD_fu_940/col_gen[3].row_gen[4].dsp_core/mode_r1_reg
  -------------------------------------------------------------------
                         required time                          3.856    
                         arrival time                          -3.565    
  -------------------------------------------------------------------
                         slack                                  0.290    

Slack (MET) :             0.321ns  (required time - arrival time)
  Source:                 bd_0_i/hls_inst/inst/control_s_axi_U/int_mode_reg[0]/C
                            (rising edge-triggered cell FDRE clocked by ap_clk  {rise@0.000ns fall@1.923ns period=3.846ns})
  Destination:            bd_0_i/hls_inst/inst/grp_Hybrid_INT4_INT4_PD_fu_940/col_gen[5].row_gen[4].dsp_core/mode_r1_reg/D
                            (rising edge-triggered cell FDRE clocked by ap_clk  {rise@0.000ns fall@1.923ns period=3.846ns})
  Path Group:             ap_clk
  Path Type:              Setup (Max at Slow Process Corner)
  Requirement:            3.846ns  (ap_clk rise@3.846ns - ap_clk rise@0.000ns)
  Data Path Delay:        3.504ns  (logic 0.078ns (2.226%)  route 3.426ns (97.774%))
  Logic Levels:           0  
  Clock Path Skew:        -0.010ns (DCD - SCD + CPR)
    Destination Clock Delay (DCD):    0.020ns = ( 3.866 - 3.846 ) 
    Source Clock Delay      (SCD):    0.030ns
    Clock Pessimism Removal (CPR):    0.000ns
  Clock Uncertainty:      0.035ns  ((TSJ^2 + TIJ^2)^1/2 + DJ) / 2 + PE
    Total System Jitter     (TSJ):    0.071ns
    Total Input Jitter      (TIJ):    0.000ns
    Discrete Jitter          (DJ):    0.000ns
    Phase Error              (PE):    0.000ns

    Location             Delay type                Incr(ns)  Path(ns)    Netlist Resource(s)
  -------------------------------------------------------------------    -------------------
                         (clock ap_clk rise edge)     0.000     0.000 r  
                                                      0.000     0.000 r  ap_clk (IN)
                         net (fo=15461, unset)        0.030     0.030    bd_0_i/hls_inst/inst/control_s_axi_U/ap_clk
    SLICE_X65Y76         FDRE                                         r  bd_0_i/hls_inst/inst/control_s_axi_U/int_mode_reg[0]/C
  -------------------------------------------------------------------    -------------------
    SLICE_X65Y76         FDRE (Prop_HFF2_SLICEM_C_Q)
                                                      0.078     0.108 r  bd_0_i/hls_inst/inst/control_s_axi_U/int_mode_reg[0]/Q
                         net (fo=2686, routed)        3.426     3.534    bd_0_i/hls_inst/inst/grp_Hybrid_INT4_INT4_PD_fu_940/col_gen[5].row_gen[4].dsp_core/mode
    SLICE_X98Y84         FDRE                                         r  bd_0_i/hls_inst/inst/grp_Hybrid_INT4_INT4_PD_fu_940/col_gen[5].row_gen[4].dsp_core/mode_r1_reg/D
  -------------------------------------------------------------------    -------------------

                         (clock ap_clk rise edge)     3.846     3.846 r  
                                                      0.000     3.846 r  ap_clk (IN)
                         net (fo=15461, unset)        0.020     3.866    bd_0_i/hls_inst/inst/grp_Hybrid_INT4_INT4_PD_fu_940/col_gen[5].row_gen[4].dsp_core/ap_clk
    SLICE_X98Y84         FDRE                                         r  bd_0_i/hls_inst/inst/grp_Hybrid_INT4_INT4_PD_fu_940/col_gen[5].row_gen[4].dsp_core/mode_r1_reg/C
                         clock pessimism              0.000     3.866    
                         clock uncertainty           -0.035     3.831    
    SLICE_X98Y84         FDRE (Setup_GFF_SLICEL_C_D)
                                                      0.025     3.856    bd_0_i/hls_inst/inst/grp_Hybrid_INT4_INT4_PD_fu_940/col_gen[5].row_gen[4].dsp_core/mode_r1_reg
  -------------------------------------------------------------------
                         required time                          3.856    
                         arrival time                          -3.534    
  -------------------------------------------------------------------
                         slack                                  0.321    

Slack (MET) :             0.892ns  (required time - arrival time)
  Source:                 bd_0_i/hls_inst/inst/control_s_axi_U/int_mode_reg[0]/C
                            (rising edge-triggered cell FDRE clocked by ap_clk  {rise@0.000ns fall@1.923ns period=3.846ns})
  Destination:            bd_0_i/hls_inst/inst/grp_Hybrid_INT4_INT4_PD_fu_940/col_gen[0].row_gen[3].dsp_core/signs_r1_reg[8]/R
                            (rising edge-triggered cell FDRE clocked by ap_clk  {rise@0.000ns fall@1.923ns period=3.846ns})
  Path Group:             ap_clk
  Path Type:              Setup (Max at Slow Process Corner)
  Requirement:            3.846ns  (ap_clk rise@3.846ns - ap_clk rise@0.000ns)
  Data Path Delay:        2.836ns  (logic 0.078ns (2.750%)  route 2.758ns (97.250%))
  Logic Levels:           0  
  Clock Path Skew:        -0.009ns (DCD - SCD + CPR)
    Destination Clock Delay (DCD):    0.021ns = ( 3.867 - 3.846 ) 
    Source Clock Delay      (SCD):    0.030ns
    Clock Pessimism Removal (CPR):    0.000ns
  Clock Uncertainty:      0.035ns  ((TSJ^2 + TIJ^2)^1/2 + DJ) / 2 + PE
    Total System Jitter     (TSJ):    0.071ns
    Total Input Jitter      (TIJ):    0.000ns
    Discrete Jitter          (DJ):    0.000ns
    Phase Error              (PE):    0.000ns

    Location             Delay type                Incr(ns)  Path(ns)    Netlist Resource(s)
  -------------------------------------------------------------------    -------------------
                         (clock ap_clk rise edge)     0.000     0.000 r  
                                                      0.000     0.000 r  ap_clk (IN)
                         net (fo=15461, unset)        0.030     0.030    bd_0_i/hls_inst/inst/control_s_axi_U/ap_clk
    SLICE_X65Y76         FDRE                                         r  bd_0_i/hls_inst/inst/control_s_axi_U/int_mode_reg[0]/C
  -------------------------------------------------------------------    -------------------
    SLICE_X65Y76         FDRE (Prop_HFF2_SLICEM_C_Q)
                                                      0.078     0.108 r  bd_0_i/hls_inst/inst/control_s_axi_U/int_mode_reg[0]/Q
                         net (fo=2686, routed)        2.758     2.866    bd_0_i/hls_inst/inst/grp_Hybrid_INT4_INT4_PD_fu_940/col_gen[0].row_gen[3].dsp_core/mode
    SLICE_X91Y68         FDRE                                         r  bd_0_i/hls_inst/inst/grp_Hybrid_INT4_INT4_PD_fu_940/col_gen[0].row_gen[3].dsp_core/signs_r1_reg[8]/R
  -------------------------------------------------------------------    -------------------

                         (clock ap_clk rise edge)     3.846     3.846 r  
                                                      0.000     3.846 r  ap_clk (IN)
                         net (fo=15461, unset)        0.021     3.867    bd_0_i/hls_inst/inst/grp_Hybrid_INT4_INT4_PD_fu_940/col_gen[0].row_gen[3].dsp_core/ap_clk
    SLICE_X91Y68         FDRE                                         r  bd_0_i/hls_inst/inst/grp_Hybrid_INT4_INT4_PD_fu_940/col_gen[0].row_gen[3].dsp_core/signs_r1_reg[8]/C
                         clock pessimism              0.000     3.867    
                         clock uncertainty           -0.035     3.832    
    SLICE_X91Y68         FDRE (Setup_AFF_SLICEM_C_R)
                                                     -0.074     3.758    bd_0_i/hls_inst/inst/grp_Hybrid_INT4_INT4_PD_fu_940/col_gen[0].row_gen[3].dsp_core/signs_r1_reg[8]
  -------------------------------------------------------------------
                         required time                          3.758    
                         arrival time                          -2.866    
  -------------------------------------------------------------------
                         slack                                  0.892    

Slack (MET) :             0.968ns  (required time - arrival time)
  Source:                 bd_0_i/hls_inst/inst/grp_gemv_kernel_Pipeline_ACC_PREFILL_COL_ACC_PREFILL_ROW_fu_983/icmp_ln152_reg_780_pp0_iter1_reg_reg[0]/C
                            (rising edge-triggered cell FDRE clocked by ap_clk  {rise@0.000ns fall@1.923ns period=3.846ns})
  Destination:            bd_0_i/hls_inst/inst/grp_gemv_kernel_Pipeline_ACC_PREFILL_COL_ACC_PREFILL_ROW_fu_983/or_ln1733_fu_96_reg[15]/CE
                            (rising edge-triggered cell FDRE clocked by ap_clk  {rise@0.000ns fall@1.923ns period=3.846ns})
  Path Group:             ap_clk
  Path Type:              Setup (Max at Slow Process Corner)
  Requirement:            3.846ns  (ap_clk rise@3.846ns - ap_clk rise@0.000ns)
  Data Path Delay:        2.775ns  (logic 0.160ns (5.766%)  route 2.615ns (94.234%))
  Logic Levels:           2  (BUFGCE=1 LUT2=1)
  Clock Path Skew:        -0.007ns (DCD - SCD + CPR)
    Destination Clock Delay (DCD):    0.021ns = ( 3.867 - 3.846 ) 
    Source Clock Delay      (SCD):    0.028ns
    Clock Pessimism Removal (CPR):    0.000ns
  Clock Uncertainty:      0.035ns  ((TSJ^2 + TIJ^2)^1/2 + DJ) / 2 + PE
    Total System Jitter     (TSJ):    0.071ns
    Total Input Jitter      (TIJ):    0.000ns
    Discrete Jitter          (DJ):    0.000ns
    Phase Error              (PE):    0.000ns

    Location             Delay type                Incr(ns)  Path(ns)    Netlist Resource(s)
  -------------------------------------------------------------------    -------------------
                         (clock ap_clk rise edge)     0.000     0.000 r  
                                                      0.000     0.000 r  ap_clk (IN)
                         net (fo=15461, unset)        0.028     0.028    bd_0_i/hls_inst/inst/grp_gemv_kernel_Pipeline_ACC_PREFILL_COL_ACC_PREFILL_ROW_fu_983/ap_clk
    SLICE_X64Y27         FDRE                                         r  bd_0_i/hls_inst/inst/grp_gemv_kernel_Pipeline_ACC_PREFILL_COL_ACC_PREFILL_ROW_fu_983/icmp_ln152_reg_780_pp0_iter1_reg_reg[0]/C
  -------------------------------------------------------------------    -------------------
    SLICE_X64Y27         FDRE (Prop_AFF2_SLICEL_C_Q)
                                                      0.081     0.109 f  bd_0_i/hls_inst/inst/grp_gemv_kernel_Pipeline_ACC_PREFILL_COL_ACC_PREFILL_ROW_fu_983/icmp_ln152_reg_780_pp0_iter1_reg_reg[0]/Q
                         net (fo=1, routed)           0.132     0.241    bd_0_i/hls_inst/inst/grp_gemv_kernel_Pipeline_ACC_PREFILL_COL_ACC_PREFILL_ROW_fu_983/icmp_ln152_reg_780_pp0_iter1_reg_reg_n_0_[0]
    SLICE_X64Y27         LUT2 (Prop_H6LUT_SLICEL_I1_O)
                                                      0.051     0.292 r  bd_0_i/hls_inst/inst/grp_gemv_kernel_Pipeline_ACC_PREFILL_COL_ACC_PREFILL_ROW_fu_983/shiftreg_fu_108[255]_i_2/O
                         net (fo=1, routed)           1.442     1.734    bd_0_i/hls_inst/inst/grp_gemv_kernel_Pipeline_ACC_PREFILL_COL_ACC_PREFILL_ROW_fu_983/shiftreg_fu_108[255]_i_2_n_0_bufg_place
    BUFGCE_X0Y2          BUFGCE (Prop_BUFCE_BUFGCE_I_O)
                                                      0.028     1.762 r  bd_0_i/hls_inst/inst/grp_gemv_kernel_Pipeline_ACC_PREFILL_COL_ACC_PREFILL_ROW_fu_983/shiftreg_fu_108[255]_i_2_bufg_place/O
                         net (fo=1416, routed)        1.041     2.803    bd_0_i/hls_inst/inst/grp_gemv_kernel_Pipeline_ACC_PREFILL_COL_ACC_PREFILL_ROW_fu_983/shiftreg_fu_108[255]_i_2_n_0
    SLICE_X61Y9          FDRE                                         r  bd_0_i/hls_inst/inst/grp_gemv_kernel_Pipeline_ACC_PREFILL_COL_ACC_PREFILL_ROW_fu_983/or_ln1733_fu_96_reg[15]/CE
  -------------------------------------------------------------------    -------------------

                         (clock ap_clk rise edge)     3.846     3.846 r  
                                                      0.000     3.846 r  ap_clk (IN)
                         net (fo=15461, unset)        0.021     3.867    bd_0_i/hls_inst/inst/grp_gemv_kernel_Pipeline_ACC_PREFILL_COL_ACC_PREFILL_ROW_fu_983/ap_clk
    SLICE_X61Y9          FDRE                                         r  bd_0_i/hls_inst/inst/grp_gemv_kernel_Pipeline_ACC_PREFILL_COL_ACC_PREFILL_ROW_fu_983/or_ln1733_fu_96_reg[15]/C
                         clock pessimism              0.000     3.867    
                         clock uncertainty           -0.035     3.832    
    SLICE_X61Y9          FDRE (Setup_AFF_SLICEM_C_CE)
                                                     -0.061     3.771    bd_0_i/hls_inst/inst/grp_gemv_kernel_Pipeline_ACC_PREFILL_COL_ACC_PREFILL_ROW_fu_983/or_ln1733_fu_96_reg[15]
  -------------------------------------------------------------------
                         required time                          3.771    
                         arrival time                          -2.803    
  -------------------------------------------------------------------
                         slack                                  0.968    

Slack (MET) :             0.968ns  (required time - arrival time)
  Source:                 bd_0_i/hls_inst/inst/grp_gemv_kernel_Pipeline_ACC_PREFILL_COL_ACC_PREFILL_ROW_fu_983/icmp_ln152_reg_780_pp0_iter1_reg_reg[0]/C
                            (rising edge-triggered cell FDRE clocked by ap_clk  {rise@0.000ns fall@1.923ns period=3.846ns})
  Destination:            bd_0_i/hls_inst/inst/grp_gemv_kernel_Pipeline_ACC_PREFILL_COL_ACC_PREFILL_ROW_fu_983/or_ln1742_fu_92_reg[46]/CE
                            (rising edge-triggered cell FDRE clocked by ap_clk  {rise@0.000ns fall@1.923ns period=3.846ns})
  Path Group:             ap_clk
  Path Type:              Setup (Max at Slow Process Corner)
  Requirement:            3.846ns  (ap_clk rise@3.846ns - ap_clk rise@0.000ns)
  Data Path Delay:        2.775ns  (logic 0.160ns (5.766%)  route 2.615ns (94.234%))
  Logic Levels:           2  (BUFGCE=1 LUT2=1)
  Clock Path Skew:        -0.007ns (DCD - SCD + CPR)
    Destination Clock Delay (DCD):    0.021ns = ( 3.867 - 3.846 ) 
    Source Clock Delay      (SCD):    0.028ns
    Clock Pessimism Removal (CPR):    0.000ns
  Clock Uncertainty:      0.035ns  ((TSJ^2 + TIJ^2)^1/2 + DJ) / 2 + PE
    Total System Jitter     (TSJ):    0.071ns
    Total Input Jitter      (TIJ):    0.000ns
    Discrete Jitter          (DJ):    0.000ns
    Phase Error              (PE):    0.000ns

    Location             Delay type                Incr(ns)  Path(ns)    Netlist Resource(s)
  -------------------------------------------------------------------    -------------------
                         (clock ap_clk rise edge)     0.000     0.000 r  
                                                      0.000     0.000 r  ap_clk (IN)
                         net (fo=15461, unset)        0.028     0.028    bd_0_i/hls_inst/inst/grp_gemv_kernel_Pipeline_ACC_PREFILL_COL_ACC_PREFILL_ROW_fu_983/ap_clk
    SLICE_X64Y27         FDRE                                         r  bd_0_i/hls_inst/inst/grp_gemv_kernel_Pipeline_ACC_PREFILL_COL_ACC_PREFILL_ROW_fu_983/icmp_ln152_reg_780_pp0_iter1_reg_reg[0]/C
  -------------------------------------------------------------------    -------------------
    SLICE_X64Y27         FDRE (Prop_AFF2_SLICEL_C_Q)
                                                      0.081     0.109 f  bd_0_i/hls_inst/inst/grp_gemv_kernel_Pipeline_ACC_PREFILL_COL_ACC_PREFILL_ROW_fu_983/icmp_ln152_reg_780_pp0_iter1_reg_reg[0]/Q
                         net (fo=1, routed)           0.132     0.241    bd_0_i/hls_inst/inst/grp_gemv_kernel_Pipeline_ACC_PREFILL_COL_ACC_PREFILL_ROW_fu_983/icmp_ln152_reg_780_pp0_iter1_reg_reg_n_0_[0]
    SLICE_X64Y27         LUT2 (Prop_H6LUT_SLICEL_I1_O)
                                                      0.051     0.292 r  bd_0_i/hls_inst/inst/grp_gemv_kernel_Pipeline_ACC_PREFILL_COL_ACC_PREFILL_ROW_fu_983/shiftreg_fu_108[255]_i_2/O
                         net (fo=1, routed)           1.442     1.734    bd_0_i/hls_inst/inst/grp_gemv_kernel_Pipeline_ACC_PREFILL_COL_ACC_PREFILL_ROW_fu_983/shiftreg_fu_108[255]_i_2_n_0_bufg_place
    BUFGCE_X0Y2          BUFGCE (Prop_BUFCE_BUFGCE_I_O)
                                                      0.028     1.762 r  bd_0_i/hls_inst/inst/grp_gemv_kernel_Pipeline_ACC_PREFILL_COL_ACC_PREFILL_ROW_fu_983/shiftreg_fu_108[255]_i_2_bufg_place/O
                         net (fo=1416, routed)        1.041     2.803    bd_0_i/hls_inst/inst/grp_gemv_kernel_Pipeline_ACC_PREFILL_COL_ACC_PREFILL_ROW_fu_983/shiftreg_fu_108[255]_i_2_n_0
    SLICE_X61Y9          FDRE                                         r  bd_0_i/hls_inst/inst/grp_gemv_kernel_Pipeline_ACC_PREFILL_COL_ACC_PREFILL_ROW_fu_983/or_ln1742_fu_92_reg[46]/CE
  -------------------------------------------------------------------    -------------------

                         (clock ap_clk rise edge)     3.846     3.846 r  
                                                      0.000     3.846 r  ap_clk (IN)
                         net (fo=15461, unset)        0.021     3.867    bd_0_i/hls_inst/inst/grp_gemv_kernel_Pipeline_ACC_PREFILL_COL_ACC_PREFILL_ROW_fu_983/ap_clk
    SLICE_X61Y9          FDRE                                         r  bd_0_i/hls_inst/inst/grp_gemv_kernel_Pipeline_ACC_PREFILL_COL_ACC_PREFILL_ROW_fu_983/or_ln1742_fu_92_reg[46]/C
                         clock pessimism              0.000     3.867    
                         clock uncertainty           -0.035     3.832    
    SLICE_X61Y9          FDRE (Setup_BFF_SLICEM_C_CE)
                                                     -0.061     3.771    bd_0_i/hls_inst/inst/grp_gemv_kernel_Pipeline_ACC_PREFILL_COL_ACC_PREFILL_ROW_fu_983/or_ln1742_fu_92_reg[46]
  -------------------------------------------------------------------
                         required time                          3.771    
                         arrival time                          -2.803    
  -------------------------------------------------------------------
                         slack                                  0.968    

Slack (MET) :             0.968ns  (required time - arrival time)
  Source:                 bd_0_i/hls_inst/inst/grp_gemv_kernel_Pipeline_ACC_PREFILL_COL_ACC_PREFILL_ROW_fu_983/icmp_ln152_reg_780_pp0_iter1_reg_reg[0]/C
                            (rising edge-triggered cell FDRE clocked by ap_clk  {rise@0.000ns fall@1.923ns period=3.846ns})
  Destination:            bd_0_i/hls_inst/inst/grp_gemv_kernel_Pipeline_ACC_PREFILL_COL_ACC_PREFILL_ROW_fu_983/or_ln1751_fu_88_reg[15]/CE
                            (rising edge-triggered cell FDRE clocked by ap_clk  {rise@0.000ns fall@1.923ns period=3.846ns})
  Path Group:             ap_clk
  Path Type:              Setup (Max at Slow Process Corner)
  Requirement:            3.846ns  (ap_clk rise@3.846ns - ap_clk rise@0.000ns)
  Data Path Delay:        2.775ns  (logic 0.160ns (5.766%)  route 2.615ns (94.234%))
  Logic Levels:           2  (BUFGCE=1 LUT2=1)
  Clock Path Skew:        -0.007ns (DCD - SCD + CPR)
    Destination Clock Delay (DCD):    0.021ns = ( 3.867 - 3.846 ) 
    Source Clock Delay      (SCD):    0.028ns
    Clock Pessimism Removal (CPR):    0.000ns
  Clock Uncertainty:      0.035ns  ((TSJ^2 + TIJ^2)^1/2 + DJ) / 2 + PE
    Total System Jitter     (TSJ):    0.071ns
    Total Input Jitter      (TIJ):    0.000ns
    Discrete Jitter          (DJ):    0.000ns
    Phase Error              (PE):    0.000ns

    Location             Delay type                Incr(ns)  Path(ns)    Netlist Resource(s)
  -------------------------------------------------------------------    -------------------
                         (clock ap_clk rise edge)     0.000     0.000 r  
                                                      0.000     0.000 r  ap_clk (IN)
                         net (fo=15461, unset)        0.028     0.028    bd_0_i/hls_inst/inst/grp_gemv_kernel_Pipeline_ACC_PREFILL_COL_ACC_PREFILL_ROW_fu_983/ap_clk
    SLICE_X64Y27         FDRE                                         r  bd_0_i/hls_inst/inst/grp_gemv_kernel_Pipeline_ACC_PREFILL_COL_ACC_PREFILL_ROW_fu_983/icmp_ln152_reg_780_pp0_iter1_reg_reg[0]/C
  -------------------------------------------------------------------    -------------------
    SLICE_X64Y27         FDRE (Prop_AFF2_SLICEL_C_Q)
                                                      0.081     0.109 f  bd_0_i/hls_inst/inst/grp_gemv_kernel_Pipeline_ACC_PREFILL_COL_ACC_PREFILL_ROW_fu_983/icmp_ln152_reg_780_pp0_iter1_reg_reg[0]/Q
                         net (fo=1, routed)           0.132     0.241    bd_0_i/hls_inst/inst/grp_gemv_kernel_Pipeline_ACC_PREFILL_COL_ACC_PREFILL_ROW_fu_983/icmp_ln152_reg_780_pp0_iter1_reg_reg_n_0_[0]
    SLICE_X64Y27         LUT2 (Prop_H6LUT_SLICEL_I1_O)
                                                      0.051     0.292 r  bd_0_i/hls_inst/inst/grp_gemv_kernel_Pipeline_ACC_PREFILL_COL_ACC_PREFILL_ROW_fu_983/shiftreg_fu_108[255]_i_2/O
                         net (fo=1, routed)           1.442     1.734    bd_0_i/hls_inst/inst/grp_gemv_kernel_Pipeline_ACC_PREFILL_COL_ACC_PREFILL_ROW_fu_983/shiftreg_fu_108[255]_i_2_n_0_bufg_place
    BUFGCE_X0Y2          BUFGCE (Prop_BUFCE_BUFGCE_I_O)
                                                      0.028     1.762 r  bd_0_i/hls_inst/inst/grp_gemv_kernel_Pipeline_ACC_PREFILL_COL_ACC_PREFILL_ROW_fu_983/shiftreg_fu_108[255]_i_2_bufg_place/O
                         net (fo=1416, routed)        1.041     2.803    bd_0_i/hls_inst/inst/grp_gemv_kernel_Pipeline_ACC_PREFILL_COL_ACC_PREFILL_ROW_fu_983/shiftreg_fu_108[255]_i_2_n_0
    SLICE_X61Y9          FDRE                                         r  bd_0_i/hls_inst/inst/grp_gemv_kernel_Pipeline_ACC_PREFILL_COL_ACC_PREFILL_ROW_fu_983/or_ln1751_fu_88_reg[15]/CE
  -------------------------------------------------------------------    -------------------

                         (clock ap_clk rise edge)     3.846     3.846 r  
                                                      0.000     3.846 r  ap_clk (IN)
                         net (fo=15461, unset)        0.021     3.867    bd_0_i/hls_inst/inst/grp_gemv_kernel_Pipeline_ACC_PREFILL_COL_ACC_PREFILL_ROW_fu_983/ap_clk
    SLICE_X61Y9          FDRE                                         r  bd_0_i/hls_inst/inst/grp_gemv_kernel_Pipeline_ACC_PREFILL_COL_ACC_PREFILL_ROW_fu_983/or_ln1751_fu_88_reg[15]/C
                         clock pessimism              0.000     3.867    
                         clock uncertainty           -0.035     3.832    
    SLICE_X61Y9          FDRE (Setup_CFF_SLICEM_C_CE)
                                                     -0.061     3.771    bd_0_i/hls_inst/inst/grp_gemv_kernel_Pipeline_ACC_PREFILL_COL_ACC_PREFILL_ROW_fu_983/or_ln1751_fu_88_reg[15]
  -------------------------------------------------------------------
                         required time                          3.771    
                         arrival time                          -2.803    
  -------------------------------------------------------------------
                         slack                                  0.968    

Slack (MET) :             0.968ns  (required time - arrival time)
  Source:                 bd_0_i/hls_inst/inst/grp_gemv_kernel_Pipeline_ACC_PREFILL_COL_ACC_PREFILL_ROW_fu_983/icmp_ln152_reg_780_pp0_iter1_reg_reg[0]/C
                            (rising edge-triggered cell FDRE clocked by ap_clk  {rise@0.000ns fall@1.923ns period=3.846ns})
  Destination:            bd_0_i/hls_inst/inst/grp_gemv_kernel_Pipeline_ACC_PREFILL_COL_ACC_PREFILL_ROW_fu_983/shiftreg812_fu_104_reg[111]/CE
                            (rising edge-triggered cell FDRE clocked by ap_clk  {rise@0.000ns fall@1.923ns period=3.846ns})
  Path Group:             ap_clk
  Path Type:              Setup (Max at Slow Process Corner)
  Requirement:            3.846ns  (ap_clk rise@3.846ns - ap_clk rise@0.000ns)
  Data Path Delay:        2.775ns  (logic 0.160ns (5.766%)  route 2.615ns (94.234%))
  Logic Levels:           2  (BUFGCE=1 LUT2=1)
  Clock Path Skew:        -0.007ns (DCD - SCD + CPR)
    Destination Clock Delay (DCD):    0.021ns = ( 3.867 - 3.846 ) 
    Source Clock Delay      (SCD):    0.028ns
    Clock Pessimism Removal (CPR):    0.000ns
  Clock Uncertainty:      0.035ns  ((TSJ^2 + TIJ^2)^1/2 + DJ) / 2 + PE
    Total System Jitter     (TSJ):    0.071ns
    Total Input Jitter      (TIJ):    0.000ns
    Discrete Jitter          (DJ):    0.000ns
    Phase Error              (PE):    0.000ns

    Location             Delay type                Incr(ns)  Path(ns)    Netlist Resource(s)
  -------------------------------------------------------------------    -------------------
                         (clock ap_clk rise edge)     0.000     0.000 r  
                                                      0.000     0.000 r  ap_clk (IN)
                         net (fo=15461, unset)        0.028     0.028    bd_0_i/hls_inst/inst/grp_gemv_kernel_Pipeline_ACC_PREFILL_COL_ACC_PREFILL_ROW_fu_983/ap_clk
    SLICE_X64Y27         FDRE                                         r  bd_0_i/hls_inst/inst/grp_gemv_kernel_Pipeline_ACC_PREFILL_COL_ACC_PREFILL_ROW_fu_983/icmp_ln152_reg_780_pp0_iter1_reg_reg[0]/C
  -------------------------------------------------------------------    -------------------
    SLICE_X64Y27         FDRE (Prop_AFF2_SLICEL_C_Q)
                                                      0.081     0.109 f  bd_0_i/hls_inst/inst/grp_gemv_kernel_Pipeline_ACC_PREFILL_COL_ACC_PREFILL_ROW_fu_983/icmp_ln152_reg_780_pp0_iter1_reg_reg[0]/Q
                         net (fo=1, routed)           0.132     0.241    bd_0_i/hls_inst/inst/grp_gemv_kernel_Pipeline_ACC_PREFILL_COL_ACC_PREFILL_ROW_fu_983/icmp_ln152_reg_780_pp0_iter1_reg_reg_n_0_[0]
    SLICE_X64Y27         LUT2 (Prop_H6LUT_SLICEL_I1_O)
                                                      0.051     0.292 r  bd_0_i/hls_inst/inst/grp_gemv_kernel_Pipeline_ACC_PREFILL_COL_ACC_PREFILL_ROW_fu_983/shiftreg_fu_108[255]_i_2/O
                         net (fo=1, routed)           1.442     1.734    bd_0_i/hls_inst/inst/grp_gemv_kernel_Pipeline_ACC_PREFILL_COL_ACC_PREFILL_ROW_fu_983/shiftreg_fu_108[255]_i_2_n_0_bufg_place
    BUFGCE_X0Y2          BUFGCE (Prop_BUFCE_BUFGCE_I_O)
                                                      0.028     1.762 r  bd_0_i/hls_inst/inst/grp_gemv_kernel_Pipeline_ACC_PREFILL_COL_ACC_PREFILL_ROW_fu_983/shiftreg_fu_108[255]_i_2_bufg_place/O
                         net (fo=1416, routed)        1.041     2.803    bd_0_i/hls_inst/inst/grp_gemv_kernel_Pipeline_ACC_PREFILL_COL_ACC_PREFILL_ROW_fu_983/shiftreg_fu_108[255]_i_2_n_0
    SLICE_X63Y11         FDRE                                         r  bd_0_i/hls_inst/inst/grp_gemv_kernel_Pipeline_ACC_PREFILL_COL_ACC_PREFILL_ROW_fu_983/shiftreg812_fu_104_reg[111]/CE
  -------------------------------------------------------------------    -------------------

                         (clock ap_clk rise edge)     3.846     3.846 r  
                                                      0.000     3.846 r  ap_clk (IN)
                         net (fo=15461, unset)        0.021     3.867    bd_0_i/hls_inst/inst/grp_gemv_kernel_Pipeline_ACC_PREFILL_COL_ACC_PREFILL_ROW_fu_983/ap_clk
    SLICE_X63Y11         FDRE                                         r  bd_0_i/hls_inst/inst/grp_gemv_kernel_Pipeline_ACC_PREFILL_COL_ACC_PREFILL_ROW_fu_983/shiftreg812_fu_104_reg[111]/C
                         clock pessimism              0.000     3.867    
                         clock uncertainty           -0.035     3.832    
    SLICE_X63Y11         FDRE (Setup_EFF2_SLICEM_C_CE)
                                                     -0.061     3.771    bd_0_i/hls_inst/inst/grp_gemv_kernel_Pipeline_ACC_PREFILL_COL_ACC_PREFILL_ROW_fu_983/shiftreg812_fu_104_reg[111]
  -------------------------------------------------------------------
                         required time                          3.771    
                         arrival time                          -2.803    
  -------------------------------------------------------------------
                         slack                                  0.968    

Slack (MET) :             0.968ns  (required time - arrival time)
  Source:                 bd_0_i/hls_inst/inst/grp_gemv_kernel_Pipeline_ACC_PREFILL_COL_ACC_PREFILL_ROW_fu_983/icmp_ln152_reg_780_pp0_iter1_reg_reg[0]/C
                            (rising edge-triggered cell FDRE clocked by ap_clk  {rise@0.000ns fall@1.923ns period=3.846ns})
  Destination:            bd_0_i/hls_inst/inst/grp_gemv_kernel_Pipeline_ACC_PREFILL_COL_ACC_PREFILL_ROW_fu_983/shiftreg812_fu_104_reg[79]/CE
                            (rising edge-triggered cell FDRE clocked by ap_clk  {rise@0.000ns fall@1.923ns period=3.846ns})
  Path Group:             ap_clk
  Path Type:              Setup (Max at Slow Process Corner)
  Requirement:            3.846ns  (ap_clk rise@3.846ns - ap_clk rise@0.000ns)
  Data Path Delay:        2.775ns  (logic 0.160ns (5.766%)  route 2.615ns (94.234%))
  Logic Levels:           2  (BUFGCE=1 LUT2=1)
  Clock Path Skew:        -0.007ns (DCD - SCD + CPR)
    Destination Clock Delay (DCD):    0.021ns = ( 3.867 - 3.846 ) 
    Source Clock Delay      (SCD):    0.028ns
    Clock Pessimism Removal (CPR):    0.000ns
  Clock Uncertainty:      0.035ns  ((TSJ^2 + TIJ^2)^1/2 + DJ) / 2 + PE
    Total System Jitter     (TSJ):    0.071ns
    Total Input Jitter      (TIJ):    0.000ns
    Discrete Jitter          (DJ):    0.000ns
    Phase Error              (PE):    0.000ns

    Location             Delay type                Incr(ns)  Path(ns)    Netlist Resource(s)
  -------------------------------------------------------------------    -------------------
                         (clock ap_clk rise edge)     0.000     0.000 r  
                                                      0.000     0.000 r  ap_clk (IN)
                         net (fo=15461, unset)        0.028     0.028    bd_0_i/hls_inst/inst/grp_gemv_kernel_Pipeline_ACC_PREFILL_COL_ACC_PREFILL_ROW_fu_983/ap_clk
    SLICE_X64Y27         FDRE                                         r  bd_0_i/hls_inst/inst/grp_gemv_kernel_Pipeline_ACC_PREFILL_COL_ACC_PREFILL_ROW_fu_983/icmp_ln152_reg_780_pp0_iter1_reg_reg[0]/C
  -------------------------------------------------------------------    -------------------
    SLICE_X64Y27         FDRE (Prop_AFF2_SLICEL_C_Q)
                                                      0.081     0.109 f  bd_0_i/hls_inst/inst/grp_gemv_kernel_Pipeline_ACC_PREFILL_COL_ACC_PREFILL_ROW_fu_983/icmp_ln152_reg_780_pp0_iter1_reg_reg[0]/Q
                         net (fo=1, routed)           0.132     0.241    bd_0_i/hls_inst/inst/grp_gemv_kernel_Pipeline_ACC_PREFILL_COL_ACC_PREFILL_ROW_fu_983/icmp_ln152_reg_780_pp0_iter1_reg_reg_n_0_[0]
    SLICE_X64Y27         LUT2 (Prop_H6LUT_SLICEL_I1_O)
                                                      0.051     0.292 r  bd_0_i/hls_inst/inst/grp_gemv_kernel_Pipeline_ACC_PREFILL_COL_ACC_PREFILL_ROW_fu_983/shiftreg_fu_108[255]_i_2/O
                         net (fo=1, routed)           1.442     1.734    bd_0_i/hls_inst/inst/grp_gemv_kernel_Pipeline_ACC_PREFILL_COL_ACC_PREFILL_ROW_fu_983/shiftreg_fu_108[255]_i_2_n_0_bufg_place
    BUFGCE_X0Y2          BUFGCE (Prop_BUFCE_BUFGCE_I_O)
                                                      0.028     1.762 r  bd_0_i/hls_inst/inst/grp_gemv_kernel_Pipeline_ACC_PREFILL_COL_ACC_PREFILL_ROW_fu_983/shiftreg_fu_108[255]_i_2_bufg_place/O
                         net (fo=1416, routed)        1.041     2.803    bd_0_i/hls_inst/inst/grp_gemv_kernel_Pipeline_ACC_PREFILL_COL_ACC_PREFILL_ROW_fu_983/shiftreg_fu_108[255]_i_2_n_0
    SLICE_X63Y11         FDRE                                         r  bd_0_i/hls_inst/inst/grp_gemv_kernel_Pipeline_ACC_PREFILL_COL_ACC_PREFILL_ROW_fu_983/shiftreg812_fu_104_reg[79]/CE
  -------------------------------------------------------------------    -------------------

                         (clock ap_clk rise edge)     3.846     3.846 r  
                                                      0.000     3.846 r  ap_clk (IN)
                         net (fo=15461, unset)        0.021     3.867    bd_0_i/hls_inst/inst/grp_gemv_kernel_Pipeline_ACC_PREFILL_COL_ACC_PREFILL_ROW_fu_983/ap_clk
    SLICE_X63Y11         FDRE                                         r  bd_0_i/hls_inst/inst/grp_gemv_kernel_Pipeline_ACC_PREFILL_COL_ACC_PREFILL_ROW_fu_983/shiftreg812_fu_104_reg[79]/C
                         clock pessimism              0.000     3.867    
                         clock uncertainty           -0.035     3.832    
    SLICE_X63Y11         FDRE (Setup_FFF2_SLICEM_C_CE)
                                                     -0.061     3.771    bd_0_i/hls_inst/inst/grp_gemv_kernel_Pipeline_ACC_PREFILL_COL_ACC_PREFILL_ROW_fu_983/shiftreg812_fu_104_reg[79]
  -------------------------------------------------------------------
                         required time                          3.771    
                         arrival time                          -2.803    
  -------------------------------------------------------------------
                         slack                                  0.968    

Slack (MET) :             0.968ns  (required time - arrival time)
  Source:                 bd_0_i/hls_inst/inst/grp_gemv_kernel_Pipeline_ACC_PREFILL_COL_ACC_PREFILL_ROW_fu_983/icmp_ln152_reg_780_pp0_iter1_reg_reg[0]/C
                            (rising edge-triggered cell FDRE clocked by ap_clk  {rise@0.000ns fall@1.923ns period=3.846ns})
  Destination:            bd_0_i/hls_inst/inst/grp_gemv_kernel_Pipeline_ACC_PREFILL_COL_ACC_PREFILL_ROW_fu_983/shiftreg_fu_108_reg[131]/CE
                            (rising edge-triggered cell FDRE clocked by ap_clk  {rise@0.000ns fall@1.923ns period=3.846ns})
  Path Group:             ap_clk
  Path Type:              Setup (Max at Slow Process Corner)
  Requirement:            3.846ns  (ap_clk rise@3.846ns - ap_clk rise@0.000ns)
  Data Path Delay:        2.775ns  (logic 0.160ns (5.766%)  route 2.615ns (94.234%))
  Logic Levels:           2  (BUFGCE=1 LUT2=1)
  Clock Path Skew:        -0.007ns (DCD - SCD + CPR)
    Destination Clock Delay (DCD):    0.021ns = ( 3.867 - 3.846 ) 
    Source Clock Delay      (SCD):    0.028ns
    Clock Pessimism Removal (CPR):    0.000ns
  Clock Uncertainty:      0.035ns  ((TSJ^2 + TIJ^2)^1/2 + DJ) / 2 + PE
    Total System Jitter     (TSJ):    0.071ns
    Total Input Jitter      (TIJ):    0.000ns
    Discrete Jitter          (DJ):    0.000ns
    Phase Error              (PE):    0.000ns

    Location             Delay type                Incr(ns)  Path(ns)    Netlist Resource(s)
  -------------------------------------------------------------------    -------------------
                         (clock ap_clk rise edge)     0.000     0.000 r  
                                                      0.000     0.000 r  ap_clk (IN)
                         net (fo=15461, unset)        0.028     0.028    bd_0_i/hls_inst/inst/grp_gemv_kernel_Pipeline_ACC_PREFILL_COL_ACC_PREFILL_ROW_fu_983/ap_clk
    SLICE_X64Y27         FDRE                                         r  bd_0_i/hls_inst/inst/grp_gemv_kernel_Pipeline_ACC_PREFILL_COL_ACC_PREFILL_ROW_fu_983/icmp_ln152_reg_780_pp0_iter1_reg_reg[0]/C
  -------------------------------------------------------------------    -------------------
    SLICE_X64Y27         FDRE (Prop_AFF2_SLICEL_C_Q)
                                                      0.081     0.109 f  bd_0_i/hls_inst/inst/grp_gemv_kernel_Pipeline_ACC_PREFILL_COL_ACC_PREFILL_ROW_fu_983/icmp_ln152_reg_780_pp0_iter1_reg_reg[0]/Q
                         net (fo=1, routed)           0.132     0.241    bd_0_i/hls_inst/inst/grp_gemv_kernel_Pipeline_ACC_PREFILL_COL_ACC_PREFILL_ROW_fu_983/icmp_ln152_reg_780_pp0_iter1_reg_reg_n_0_[0]
    SLICE_X64Y27         LUT2 (Prop_H6LUT_SLICEL_I1_O)
                                                      0.051     0.292 r  bd_0_i/hls_inst/inst/grp_gemv_kernel_Pipeline_ACC_PREFILL_COL_ACC_PREFILL_ROW_fu_983/shiftreg_fu_108[255]_i_2/O
                         net (fo=1, routed)           1.442     1.734    bd_0_i/hls_inst/inst/grp_gemv_kernel_Pipeline_ACC_PREFILL_COL_ACC_PREFILL_ROW_fu_983/shiftreg_fu_108[255]_i_2_n_0_bufg_place
    BUFGCE_X0Y2          BUFGCE (Prop_BUFCE_BUFGCE_I_O)
                                                      0.028     1.762 r  bd_0_i/hls_inst/inst/grp_gemv_kernel_Pipeline_ACC_PREFILL_COL_ACC_PREFILL_ROW_fu_983/shiftreg_fu_108[255]_i_2_bufg_place/O
                         net (fo=1416, routed)        1.041     2.803    bd_0_i/hls_inst/inst/grp_gemv_kernel_Pipeline_ACC_PREFILL_COL_ACC_PREFILL_ROW_fu_983/shiftreg_fu_108[255]_i_2_n_0
    SLICE_X63Y11         FDRE                                         r  bd_0_i/hls_inst/inst/grp_gemv_kernel_Pipeline_ACC_PREFILL_COL_ACC_PREFILL_ROW_fu_983/shiftreg_fu_108_reg[131]/CE
  -------------------------------------------------------------------    -------------------

                         (clock ap_clk rise edge)     3.846     3.846 r  
                                                      0.000     3.846 r  ap_clk (IN)
                         net (fo=15461, unset)        0.021     3.867    bd_0_i/hls_inst/inst/grp_gemv_kernel_Pipeline_ACC_PREFILL_COL_ACC_PREFILL_ROW_fu_983/ap_clk
    SLICE_X63Y11         FDRE                                         r  bd_0_i/hls_inst/inst/grp_gemv_kernel_Pipeline_ACC_PREFILL_COL_ACC_PREFILL_ROW_fu_983/shiftreg_fu_108_reg[131]/C
                         clock pessimism              0.000     3.867    
                         clock uncertainty           -0.035     3.832    
    SLICE_X63Y11         FDRE (Setup_GFF2_SLICEM_C_CE)
                                                     -0.061     3.771    bd_0_i/hls_inst/inst/grp_gemv_kernel_Pipeline_ACC_PREFILL_COL_ACC_PREFILL_ROW_fu_983/shiftreg_fu_108_reg[131]
  -------------------------------------------------------------------
                         required time                          3.771    
                         arrival time                          -2.803    
  -------------------------------------------------------------------
                         slack                                  0.968    

Slack (MET) :             0.968ns  (required time - arrival time)
  Source:                 bd_0_i/hls_inst/inst/grp_gemv_kernel_Pipeline_ACC_PREFILL_COL_ACC_PREFILL_ROW_fu_983/icmp_ln152_reg_780_pp0_iter1_reg_reg[0]/C
                            (rising edge-triggered cell FDRE clocked by ap_clk  {rise@0.000ns fall@1.923ns period=3.846ns})
  Destination:            bd_0_i/hls_inst/inst/grp_gemv_kernel_Pipeline_ACC_PREFILL_COL_ACC_PREFILL_ROW_fu_983/shiftreg_fu_108_reg[99]/CE
                            (rising edge-triggered cell FDRE clocked by ap_clk  {rise@0.000ns fall@1.923ns period=3.846ns})
  Path Group:             ap_clk
  Path Type:              Setup (Max at Slow Process Corner)
  Requirement:            3.846ns  (ap_clk rise@3.846ns - ap_clk rise@0.000ns)
  Data Path Delay:        2.775ns  (logic 0.160ns (5.766%)  route 2.615ns (94.234%))
  Logic Levels:           2  (BUFGCE=1 LUT2=1)
  Clock Path Skew:        -0.007ns (DCD - SCD + CPR)
    Destination Clock Delay (DCD):    0.021ns = ( 3.867 - 3.846 ) 
    Source Clock Delay      (SCD):    0.028ns
    Clock Pessimism Removal (CPR):    0.000ns
  Clock Uncertainty:      0.035ns  ((TSJ^2 + TIJ^2)^1/2 + DJ) / 2 + PE
    Total System Jitter     (TSJ):    0.071ns
    Total Input Jitter      (TIJ):    0.000ns
    Discrete Jitter          (DJ):    0.000ns
    Phase Error              (PE):    0.000ns

    Location             Delay type                Incr(ns)  Path(ns)    Netlist Resource(s)
  -------------------------------------------------------------------    -------------------
                         (clock ap_clk rise edge)     0.000     0.000 r  
                                                      0.000     0.000 r  ap_clk (IN)
                         net (fo=15461, unset)        0.028     0.028    bd_0_i/hls_inst/inst/grp_gemv_kernel_Pipeline_ACC_PREFILL_COL_ACC_PREFILL_ROW_fu_983/ap_clk
    SLICE_X64Y27         FDRE                                         r  bd_0_i/hls_inst/inst/grp_gemv_kernel_Pipeline_ACC_PREFILL_COL_ACC_PREFILL_ROW_fu_983/icmp_ln152_reg_780_pp0_iter1_reg_reg[0]/C
  -------------------------------------------------------------------    -------------------
    SLICE_X64Y27         FDRE (Prop_AFF2_SLICEL_C_Q)
                                                      0.081     0.109 f  bd_0_i/hls_inst/inst/grp_gemv_kernel_Pipeline_ACC_PREFILL_COL_ACC_PREFILL_ROW_fu_983/icmp_ln152_reg_780_pp0_iter1_reg_reg[0]/Q
                         net (fo=1, routed)           0.132     0.241    bd_0_i/hls_inst/inst/grp_gemv_kernel_Pipeline_ACC_PREFILL_COL_ACC_PREFILL_ROW_fu_983/icmp_ln152_reg_780_pp0_iter1_reg_reg_n_0_[0]
    SLICE_X64Y27         LUT2 (Prop_H6LUT_SLICEL_I1_O)
                                                      0.051     0.292 r  bd_0_i/hls_inst/inst/grp_gemv_kernel_Pipeline_ACC_PREFILL_COL_ACC_PREFILL_ROW_fu_983/shiftreg_fu_108[255]_i_2/O
                         net (fo=1, routed)           1.442     1.734    bd_0_i/hls_inst/inst/grp_gemv_kernel_Pipeline_ACC_PREFILL_COL_ACC_PREFILL_ROW_fu_983/shiftreg_fu_108[255]_i_2_n_0_bufg_place
    BUFGCE_X0Y2          BUFGCE (Prop_BUFCE_BUFGCE_I_O)
                                                      0.028     1.762 r  bd_0_i/hls_inst/inst/grp_gemv_kernel_Pipeline_ACC_PREFILL_COL_ACC_PREFILL_ROW_fu_983/shiftreg_fu_108[255]_i_2_bufg_place/O
                         net (fo=1416, routed)        1.041     2.803    bd_0_i/hls_inst/inst/grp_gemv_kernel_Pipeline_ACC_PREFILL_COL_ACC_PREFILL_ROW_fu_983/shiftreg_fu_108[255]_i_2_n_0
    SLICE_X63Y11         FDRE                                         r  bd_0_i/hls_inst/inst/grp_gemv_kernel_Pipeline_ACC_PREFILL_COL_ACC_PREFILL_ROW_fu_983/shiftreg_fu_108_reg[99]/CE
  -------------------------------------------------------------------    -------------------

                         (clock ap_clk rise edge)     3.846     3.846 r  
                                                      0.000     3.846 r  ap_clk (IN)
                         net (fo=15461, unset)        0.021     3.867    bd_0_i/hls_inst/inst/grp_gemv_kernel_Pipeline_ACC_PREFILL_COL_ACC_PREFILL_ROW_fu_983/ap_clk
    SLICE_X63Y11         FDRE                                         r  bd_0_i/hls_inst/inst/grp_gemv_kernel_Pipeline_ACC_PREFILL_COL_ACC_PREFILL_ROW_fu_983/shiftreg_fu_108_reg[99]/C
                         clock pessimism              0.000     3.867    
                         clock uncertainty           -0.035     3.832    
    SLICE_X63Y11         FDRE (Setup_HFF2_SLICEM_C_CE)
                                                     -0.061     3.771    bd_0_i/hls_inst/inst/grp_gemv_kernel_Pipeline_ACC_PREFILL_COL_ACC_PREFILL_ROW_fu_983/shiftreg_fu_108_reg[99]
  -------------------------------------------------------------------
                         required time                          3.771    
                         arrival time                          -2.803    
  -------------------------------------------------------------------
                         slack                                  0.968    





Min Delay Paths
--------------------------------------------------------------------------------------
Slack (MET) :             0.039ns  (arrival time - required time)
  Source:                 bd_0_i/hls_inst/inst/grp_gemv_kernel_Pipeline_ACC_DECODING_COL_ACC_DECODING_ROW_fu_1008/indvar_flatten10_fu_84_reg[5]/C
                            (rising edge-triggered cell FDRE clocked by ap_clk  {rise@0.000ns fall@1.923ns period=3.846ns})
  Destination:            bd_0_i/hls_inst/inst/grp_gemv_kernel_Pipeline_ACC_DECODING_COL_ACC_DECODING_ROW_fu_1008/indvar_flatten10_fu_84_reg[6]/D
                            (rising edge-triggered cell FDRE clocked by ap_clk  {rise@0.000ns fall@1.923ns period=3.846ns})
  Path Group:             ap_clk
  Path Type:              Hold (Min at Fast Process Corner)
  Requirement:            0.000ns  (ap_clk rise@0.000ns - ap_clk rise@0.000ns)
  Data Path Delay:        0.092ns  (logic 0.060ns (65.325%)  route 0.032ns (34.675%))
  Logic Levels:           1  (LUT4=1)
  Clock Path Skew:        0.006ns (DCD - SCD - CPR)
    Destination Clock Delay (DCD):    0.018ns
    Source Clock Delay      (SCD):    0.012ns
    Clock Pessimism Removal (CPR):    -0.000ns

    Location             Delay type                Incr(ns)  Path(ns)    Netlist Resource(s)
  -------------------------------------------------------------------    -------------------
                         (clock ap_clk rise edge)     0.000     0.000 r  
                                                      0.000     0.000 r  ap_clk (IN)
                         net (fo=15461, unset)        0.012     0.012    bd_0_i/hls_inst/inst/grp_gemv_kernel_Pipeline_ACC_DECODING_COL_ACC_DECODING_ROW_fu_1008/ap_clk
    SLICE_X64Y26         FDRE                                         r  bd_0_i/hls_inst/inst/grp_gemv_kernel_Pipeline_ACC_DECODING_COL_ACC_DECODING_ROW_fu_1008/indvar_flatten10_fu_84_reg[5]/C
  -------------------------------------------------------------------    -------------------
    SLICE_X64Y26         FDRE (Prop_BFF_SLICEL_C_Q)
                                                      0.039     0.051 r  bd_0_i/hls_inst/inst/grp_gemv_kernel_Pipeline_ACC_DECODING_COL_ACC_DECODING_ROW_fu_1008/indvar_flatten10_fu_84_reg[5]/Q
                         net (fo=3, routed)           0.025     0.076    bd_0_i/hls_inst/inst/grp_gemv_kernel_Pipeline_ACC_DECODING_COL_ACC_DECODING_ROW_fu_1008/flow_control_loop_pipe_sequential_init_U/indvar_flatten10_fu_84_reg[6]
    SLICE_X64Y26         LUT4 (Prop_B5LUT_SLICEL_I0_O)
                                                      0.021     0.097 r  bd_0_i/hls_inst/inst/grp_gemv_kernel_Pipeline_ACC_DECODING_COL_ACC_DECODING_ROW_fu_1008/flow_control_loop_pipe_sequential_init_U/indvar_flatten10_fu_84[6]_i_2/O
                         net (fo=1, routed)           0.007     0.104    bd_0_i/hls_inst/inst/grp_gemv_kernel_Pipeline_ACC_DECODING_COL_ACC_DECODING_ROW_fu_1008/add_ln191_fu_220_p2[6]
    SLICE_X64Y26         FDRE                                         r  bd_0_i/hls_inst/inst/grp_gemv_kernel_Pipeline_ACC_DECODING_COL_ACC_DECODING_ROW_fu_1008/indvar_flatten10_fu_84_reg[6]/D
  -------------------------------------------------------------------    -------------------

                         (clock ap_clk rise edge)     0.000     0.000 r  
                                                      0.000     0.000 r  ap_clk (IN)
                         net (fo=15461, unset)        0.018     0.018    bd_0_i/hls_inst/inst/grp_gemv_kernel_Pipeline_ACC_DECODING_COL_ACC_DECODING_ROW_fu_1008/ap_clk
    SLICE_X64Y26         FDRE                                         r  bd_0_i/hls_inst/inst/grp_gemv_kernel_Pipeline_ACC_DECODING_COL_ACC_DECODING_ROW_fu_1008/indvar_flatten10_fu_84_reg[6]/C
                         clock pessimism              0.000     0.018    
    SLICE_X64Y26         FDRE (Hold_BFF2_SLICEL_C_D)
                                                      0.047     0.065    bd_0_i/hls_inst/inst/grp_gemv_kernel_Pipeline_ACC_DECODING_COL_ACC_DECODING_ROW_fu_1008/indvar_flatten10_fu_84_reg[6]
  -------------------------------------------------------------------
                         required time                         -0.065    
                         arrival time                           0.104    
  -------------------------------------------------------------------
                         slack                                  0.039    

Slack (MET) :             0.039ns  (arrival time - required time)
  Source:                 bd_0_i/hls_inst/inst/grp_Hybrid_INT4_INT4_PD_fu_940/col_gen[2].row_gen[1].dsp_core/LSB_Res4_r2_reg[1]/C
                            (rising edge-triggered cell FDRE clocked by ap_clk  {rise@0.000ns fall@1.923ns period=3.846ns})
  Destination:            bd_0_i/hls_inst/inst/grp_Hybrid_INT4_INT4_PD_fu_940/col_gen[2].row_gen[1].dsp_core/LSB_Res4_r3_reg[1]/D
                            (rising edge-triggered cell FDRE clocked by ap_clk  {rise@0.000ns fall@1.923ns period=3.846ns})
  Path Group:             ap_clk
  Path Type:              Hold (Min at Fast Process Corner)
  Requirement:            0.000ns  (ap_clk rise@0.000ns - ap_clk rise@0.000ns)
  Data Path Delay:        0.092ns  (logic 0.037ns (40.217%)  route 0.055ns (59.783%))
  Logic Levels:           0  
  Clock Path Skew:        0.006ns (DCD - SCD - CPR)
    Destination Clock Delay (DCD):    0.019ns
    Source Clock Delay      (SCD):    0.013ns
    Clock Pessimism Removal (CPR):    -0.000ns

    Location             Delay type                Incr(ns)  Path(ns)    Netlist Resource(s)
  -------------------------------------------------------------------    -------------------
                         (clock ap_clk rise edge)     0.000     0.000 r  
                                                      0.000     0.000 r  ap_clk (IN)
                         net (fo=15461, unset)        0.013     0.013    bd_0_i/hls_inst/inst/grp_Hybrid_INT4_INT4_PD_fu_940/col_gen[2].row_gen[1].dsp_core/ap_clk
    SLICE_X57Y85         FDRE                                         r  bd_0_i/hls_inst/inst/grp_Hybrid_INT4_INT4_PD_fu_940/col_gen[2].row_gen[1].dsp_core/LSB_Res4_r2_reg[1]/C
  -------------------------------------------------------------------    -------------------
    SLICE_X57Y85         FDRE (Prop_FFF_SLICEM_C_Q)
                                                      0.037     0.050 r  bd_0_i/hls_inst/inst/grp_Hybrid_INT4_INT4_PD_fu_940/col_gen[2].row_gen[1].dsp_core/LSB_Res4_r2_reg[1]/Q
                         net (fo=1, routed)           0.055     0.105    bd_0_i/hls_inst/inst/grp_Hybrid_INT4_INT4_PD_fu_940/col_gen[2].row_gen[1].dsp_core/LSB_Res4_r2[1]
    SLICE_X58Y85         FDRE                                         r  bd_0_i/hls_inst/inst/grp_Hybrid_INT4_INT4_PD_fu_940/col_gen[2].row_gen[1].dsp_core/LSB_Res4_r3_reg[1]/D
  -------------------------------------------------------------------    -------------------

                         (clock ap_clk rise edge)     0.000     0.000 r  
                                                      0.000     0.000 r  ap_clk (IN)
                         net (fo=15461, unset)        0.019     0.019    bd_0_i/hls_inst/inst/grp_Hybrid_INT4_INT4_PD_fu_940/col_gen[2].row_gen[1].dsp_core/ap_clk
    SLICE_X58Y85         FDRE                                         r  bd_0_i/hls_inst/inst/grp_Hybrid_INT4_INT4_PD_fu_940/col_gen[2].row_gen[1].dsp_core/LSB_Res4_r3_reg[1]/C
                         clock pessimism              0.000     0.019    
    SLICE_X58Y85         FDRE (Hold_GFF2_SLICEL_C_D)
                                                      0.047     0.066    bd_0_i/hls_inst/inst/grp_Hybrid_INT4_INT4_PD_fu_940/col_gen[2].row_gen[1].dsp_core/LSB_Res4_r3_reg[1]
  -------------------------------------------------------------------
                         required time                         -0.066    
                         arrival time                           0.105    
  -------------------------------------------------------------------
                         slack                                  0.039    

Slack (MET) :             0.040ns  (arrival time - required time)
  Source:                 bd_0_i/hls_inst/inst/gmem_out_m_axi_U/store_unit/fifo_wreq/U_fifo_srl/dout_reg[47]/C
                            (rising edge-triggered cell FDRE clocked by ap_clk  {rise@0.000ns fall@1.923ns period=3.846ns})
  Destination:            bd_0_i/hls_inst/inst/gmem_out_m_axi_U/store_unit/tmp_addr_reg[52]/D
                            (rising edge-triggered cell FDRE clocked by ap_clk  {rise@0.000ns fall@1.923ns period=3.846ns})
  Path Group:             ap_clk
  Path Type:              Hold (Min at Fast Process Corner)
  Requirement:            0.000ns  (ap_clk rise@0.000ns - ap_clk rise@0.000ns)
  Data Path Delay:        0.094ns  (logic 0.039ns (41.489%)  route 0.055ns (58.511%))
  Logic Levels:           0  
  Clock Path Skew:        0.007ns (DCD - SCD - CPR)
    Destination Clock Delay (DCD):    0.019ns
    Source Clock Delay      (SCD):    0.012ns
    Clock Pessimism Removal (CPR):    -0.000ns

    Location             Delay type                Incr(ns)  Path(ns)    Netlist Resource(s)
  -------------------------------------------------------------------    -------------------
                         (clock ap_clk rise edge)     0.000     0.000 r  
                                                      0.000     0.000 r  ap_clk (IN)
                         net (fo=15461, unset)        0.012     0.012    bd_0_i/hls_inst/inst/gmem_out_m_axi_U/store_unit/fifo_wreq/U_fifo_srl/ap_clk
    SLICE_X58Y77         FDRE                                         r  bd_0_i/hls_inst/inst/gmem_out_m_axi_U/store_unit/fifo_wreq/U_fifo_srl/dout_reg[47]/C
  -------------------------------------------------------------------    -------------------
    SLICE_X58Y77         FDRE (Prop_DFF_SLICEL_C_Q)
                                                      0.039     0.051 r  bd_0_i/hls_inst/inst/gmem_out_m_axi_U/store_unit/fifo_wreq/U_fifo_srl/dout_reg[47]/Q
                         net (fo=1, routed)           0.055     0.106    bd_0_i/hls_inst/inst/gmem_out_m_axi_U/store_unit/fifo_wreq_n_22
    SLICE_X58Y76         FDRE                                         r  bd_0_i/hls_inst/inst/gmem_out_m_axi_U/store_unit/tmp_addr_reg[52]/D
  -------------------------------------------------------------------    -------------------

                         (clock ap_clk rise edge)     0.000     0.000 r  
                                                      0.000     0.000 r  ap_clk (IN)
                         net (fo=15461, unset)        0.019     0.019    bd_0_i/hls_inst/inst/gmem_out_m_axi_U/store_unit/ap_clk
    SLICE_X58Y76         FDRE                                         r  bd_0_i/hls_inst/inst/gmem_out_m_axi_U/store_unit/tmp_addr_reg[52]/C
                         clock pessimism              0.000     0.019    
    SLICE_X58Y76         FDRE (Hold_GFF2_SLICEL_C_D)
                                                      0.047     0.066    bd_0_i/hls_inst/inst/gmem_out_m_axi_U/store_unit/tmp_addr_reg[52]
  -------------------------------------------------------------------
                         required time                         -0.066    
                         arrival time                           0.106    
  -------------------------------------------------------------------
                         slack                                  0.040    

Slack (MET) :             0.041ns  (arrival time - required time)
  Source:                 bd_0_i/hls_inst/inst/gmem_act_m_axi_U/bus_read/fifo_burst/mOutPtr_reg[2]/C
                            (rising edge-triggered cell FDRE clocked by ap_clk  {rise@0.000ns fall@1.923ns period=3.846ns})
  Destination:            bd_0_i/hls_inst/inst/gmem_act_m_axi_U/bus_read/fifo_burst/mOutPtr_reg[3]/D
                            (rising edge-triggered cell FDRE clocked by ap_clk  {rise@0.000ns fall@1.923ns period=3.846ns})
  Path Group:             ap_clk
  Path Type:              Hold (Min at Fast Process Corner)
  Requirement:            0.000ns  (ap_clk rise@0.000ns - ap_clk rise@0.000ns)
  Data Path Delay:        0.094ns  (logic 0.060ns (64.037%)  route 0.034ns (35.963%))
  Logic Levels:           1  (LUT5=1)
  Clock Path Skew:        0.006ns (DCD - SCD - CPR)
    Destination Clock Delay (DCD):    0.018ns
    Source Clock Delay      (SCD):    0.012ns
    Clock Pessimism Removal (CPR):    -0.000ns

    Location             Delay type                Incr(ns)  Path(ns)    Netlist Resource(s)
  -------------------------------------------------------------------    -------------------
                         (clock ap_clk rise edge)     0.000     0.000 r  
                                                      0.000     0.000 r  ap_clk (IN)
                         net (fo=15461, unset)        0.012     0.012    bd_0_i/hls_inst/inst/gmem_act_m_axi_U/bus_read/fifo_burst/ap_clk
    SLICE_X84Y46         FDRE                                         r  bd_0_i/hls_inst/inst/gmem_act_m_axi_U/bus_read/fifo_burst/mOutPtr_reg[2]/C
  -------------------------------------------------------------------    -------------------
    SLICE_X84Y46         FDRE (Prop_BFF_SLICEL_C_Q)
                                                      0.039     0.051 r  bd_0_i/hls_inst/inst/gmem_act_m_axi_U/bus_read/fifo_burst/mOutPtr_reg[2]/Q
                         net (fo=5, routed)           0.027     0.078    bd_0_i/hls_inst/inst/gmem_act_m_axi_U/bus_read/fifo_burst/mOutPtr_reg_n_0_[2]
    SLICE_X84Y46         LUT5 (Prop_B5LUT_SLICEL_I0_O)
                                                      0.021     0.099 r  bd_0_i/hls_inst/inst/gmem_act_m_axi_U/bus_read/fifo_burst/mOutPtr[3]_i_1__15/O
                         net (fo=1, routed)           0.007     0.106    bd_0_i/hls_inst/inst/gmem_act_m_axi_U/bus_read/fifo_burst/mOutPtr[3]_i_1__15_n_0
    SLICE_X84Y46         FDRE                                         r  bd_0_i/hls_inst/inst/gmem_act_m_axi_U/bus_read/fifo_burst/mOutPtr_reg[3]/D
  -------------------------------------------------------------------    -------------------

                         (clock ap_clk rise edge)     0.000     0.000 r  
                                                      0.000     0.000 r  ap_clk (IN)
                         net (fo=15461, unset)        0.018     0.018    bd_0_i/hls_inst/inst/gmem_act_m_axi_U/bus_read/fifo_burst/ap_clk
    SLICE_X84Y46         FDRE                                         r  bd_0_i/hls_inst/inst/gmem_act_m_axi_U/bus_read/fifo_burst/mOutPtr_reg[3]/C
                         clock pessimism              0.000     0.018    
    SLICE_X84Y46         FDRE (Hold_BFF2_SLICEL_C_D)
                                                      0.047     0.065    bd_0_i/hls_inst/inst/gmem_act_m_axi_U/bus_read/fifo_burst/mOutPtr_reg[3]
  -------------------------------------------------------------------
                         required time                         -0.065    
                         arrival time                           0.106    
  -------------------------------------------------------------------
                         slack                                  0.041    

Slack (MET) :             0.042ns  (arrival time - required time)
  Source:                 bd_0_i/hls_inst/inst/grp_gemv_kernel_Pipeline_LOAD_PREFILL_ACTS_fu_580/flow_control_loop_pipe_sequential_init_U/ap_done_cache_reg/C
                            (rising edge-triggered cell FDRE clocked by ap_clk  {rise@0.000ns fall@1.923ns period=3.846ns})
  Destination:            bd_0_i/hls_inst/inst/grp_gemv_kernel_Pipeline_LOAD_PREFILL_ACTS_fu_580/flow_control_loop_pipe_sequential_init_U/ap_done_cache_reg/D
                            (rising edge-triggered cell FDRE clocked by ap_clk  {rise@0.000ns fall@1.923ns period=3.846ns})
  Path Group:             ap_clk
  Path Type:              Hold (Min at Fast Process Corner)
  Requirement:            0.000ns  (ap_clk rise@0.000ns - ap_clk rise@0.000ns)
  Data Path Delay:        0.094ns  (logic 0.053ns (56.474%)  route 0.041ns (43.526%))
  Logic Levels:           1  (LUT3=1)
  Clock Path Skew:        0.006ns (DCD - SCD - CPR)
    Destination Clock Delay (DCD):    0.018ns
    Source Clock Delay      (SCD):    0.012ns
    Clock Pessimism Removal (CPR):    -0.000ns

    Location             Delay type                Incr(ns)  Path(ns)    Netlist Resource(s)
  -------------------------------------------------------------------    -------------------
                         (clock ap_clk rise edge)     0.000     0.000 r  
                                                      0.000     0.000 r  ap_clk (IN)
                         net (fo=15461, unset)        0.012     0.012    bd_0_i/hls_inst/inst/grp_gemv_kernel_Pipeline_LOAD_PREFILL_ACTS_fu_580/flow_control_loop_pipe_sequential_init_U/ap_clk
    SLICE_X78Y47         FDRE                                         r  bd_0_i/hls_inst/inst/grp_gemv_kernel_Pipeline_LOAD_PREFILL_ACTS_fu_580/flow_control_loop_pipe_sequential_init_U/ap_done_cache_reg/C
  -------------------------------------------------------------------    -------------------
    SLICE_X78Y47         FDRE (Prop_DFF_SLICEL_C_Q)
                                                      0.039     0.051 r  bd_0_i/hls_inst/inst/grp_gemv_kernel_Pipeline_LOAD_PREFILL_ACTS_fu_580/flow_control_loop_pipe_sequential_init_U/ap_done_cache_reg/Q
                         net (fo=2, routed)           0.025     0.076    bd_0_i/hls_inst/inst/grp_gemv_kernel_Pipeline_LOAD_PREFILL_ACTS_fu_580/flow_control_loop_pipe_sequential_init_U/ap_done_cache_0
    SLICE_X78Y47         LUT3 (Prop_D6LUT_SLICEL_I2_O)
                                                      0.014     0.090 r  bd_0_i/hls_inst/inst/grp_gemv_kernel_Pipeline_LOAD_PREFILL_ACTS_fu_580/flow_control_loop_pipe_sequential_init_U/ap_done_cache_i_1__2/O
                         net (fo=1, routed)           0.016     0.106    bd_0_i/hls_inst/inst/grp_gemv_kernel_Pipeline_LOAD_PREFILL_ACTS_fu_580/flow_control_loop_pipe_sequential_init_U/ap_done_cache_i_1__2_n_0
    SLICE_X78Y47         FDRE                                         r  bd_0_i/hls_inst/inst/grp_gemv_kernel_Pipeline_LOAD_PREFILL_ACTS_fu_580/flow_control_loop_pipe_sequential_init_U/ap_done_cache_reg/D
  -------------------------------------------------------------------    -------------------

                         (clock ap_clk rise edge)     0.000     0.000 r  
                                                      0.000     0.000 r  ap_clk (IN)
                         net (fo=15461, unset)        0.018     0.018    bd_0_i/hls_inst/inst/grp_gemv_kernel_Pipeline_LOAD_PREFILL_ACTS_fu_580/flow_control_loop_pipe_sequential_init_U/ap_clk
    SLICE_X78Y47         FDRE                                         r  bd_0_i/hls_inst/inst/grp_gemv_kernel_Pipeline_LOAD_PREFILL_ACTS_fu_580/flow_control_loop_pipe_sequential_init_U/ap_done_cache_reg/C
                         clock pessimism              0.000     0.018    
    SLICE_X78Y47         FDRE (Hold_DFF_SLICEL_C_D)
                                                      0.046     0.064    bd_0_i/hls_inst/inst/grp_gemv_kernel_Pipeline_LOAD_PREFILL_ACTS_fu_580/flow_control_loop_pipe_sequential_init_U/ap_done_cache_reg
  -------------------------------------------------------------------
                         required time                         -0.064    
                         arrival time                           0.106    
  -------------------------------------------------------------------
                         slack                                  0.042    

Slack (MET) :             0.042ns  (arrival time - required time)
  Source:                 bd_0_i/hls_inst/inst/grp_gemv_kernel_Pipeline_PACK_DECODING_ROW14_fu_919/flow_control_loop_pipe_sequential_init_U/ap_done_cache_reg/C
                            (rising edge-triggered cell FDRE clocked by ap_clk  {rise@0.000ns fall@1.923ns period=3.846ns})
  Destination:            bd_0_i/hls_inst/inst/grp_gemv_kernel_Pipeline_PACK_DECODING_ROW14_fu_919/flow_control_loop_pipe_sequential_init_U/ap_done_cache_reg/D
                            (rising edge-triggered cell FDRE clocked by ap_clk  {rise@0.000ns fall@1.923ns period=3.846ns})
  Path Group:             ap_clk
  Path Type:              Hold (Min at Fast Process Corner)
  Requirement:            0.000ns  (ap_clk rise@0.000ns - ap_clk rise@0.000ns)
  Data Path Delay:        0.094ns  (logic 0.054ns (57.540%)  route 0.040ns (42.460%))
  Logic Levels:           1  (LUT6=1)
  Clock Path Skew:        0.006ns (DCD - SCD - CPR)
    Destination Clock Delay (DCD):    0.018ns
    Source Clock Delay      (SCD):    0.012ns
    Clock Pessimism Removal (CPR):    -0.000ns

    Location             Delay type                Incr(ns)  Path(ns)    Netlist Resource(s)
  -------------------------------------------------------------------    -------------------
                         (clock ap_clk rise edge)     0.000     0.000 r  
                                                      0.000     0.000 r  ap_clk (IN)
                         net (fo=15461, unset)        0.012     0.012    bd_0_i/hls_inst/inst/grp_gemv_kernel_Pipeline_PACK_DECODING_ROW14_fu_919/flow_control_loop_pipe_sequential_init_U/ap_clk
    SLICE_X68Y52         FDRE                                         r  bd_0_i/hls_inst/inst/grp_gemv_kernel_Pipeline_PACK_DECODING_ROW14_fu_919/flow_control_loop_pipe_sequential_init_U/ap_done_cache_reg/C
  -------------------------------------------------------------------    -------------------
    SLICE_X68Y52         FDRE (Prop_BFF_SLICEL_C_Q)
                                                      0.039     0.051 r  bd_0_i/hls_inst/inst/grp_gemv_kernel_Pipeline_PACK_DECODING_ROW14_fu_919/flow_control_loop_pipe_sequential_init_U/ap_done_cache_reg/Q
                         net (fo=2, routed)           0.025     0.076    bd_0_i/hls_inst/inst/grp_gemv_kernel_Pipeline_PACK_DECODING_ROW14_fu_919/flow_control_loop_pipe_sequential_init_U/ap_done_cache
    SLICE_X68Y52         LUT6 (Prop_B6LUT_SLICEL_I5_O)
                                                      0.015     0.091 r  bd_0_i/hls_inst/inst/grp_gemv_kernel_Pipeline_PACK_DECODING_ROW14_fu_919/flow_control_loop_pipe_sequential_init_U/ap_done_cache_i_1__15/O
                         net (fo=1, routed)           0.015     0.106    bd_0_i/hls_inst/inst/grp_gemv_kernel_Pipeline_PACK_DECODING_ROW14_fu_919/flow_control_loop_pipe_sequential_init_U/ap_done_cache_i_1__15_n_0
    SLICE_X68Y52         FDRE                                         r  bd_0_i/hls_inst/inst/grp_gemv_kernel_Pipeline_PACK_DECODING_ROW14_fu_919/flow_control_loop_pipe_sequential_init_U/ap_done_cache_reg/D
  -------------------------------------------------------------------    -------------------

                         (clock ap_clk rise edge)     0.000     0.000 r  
                                                      0.000     0.000 r  ap_clk (IN)
                         net (fo=15461, unset)        0.018     0.018    bd_0_i/hls_inst/inst/grp_gemv_kernel_Pipeline_PACK_DECODING_ROW14_fu_919/flow_control_loop_pipe_sequential_init_U/ap_clk
    SLICE_X68Y52         FDRE                                         r  bd_0_i/hls_inst/inst/grp_gemv_kernel_Pipeline_PACK_DECODING_ROW14_fu_919/flow_control_loop_pipe_sequential_init_U/ap_done_cache_reg/C
                         clock pessimism              0.000     0.018    
    SLICE_X68Y52         FDRE (Hold_BFF_SLICEL_C_D)
                                                      0.046     0.064    bd_0_i/hls_inst/inst/grp_gemv_kernel_Pipeline_PACK_DECODING_ROW14_fu_919/flow_control_loop_pipe_sequential_init_U/ap_done_cache_reg
  -------------------------------------------------------------------
                         required time                         -0.064    
                         arrival time                           0.106    
  -------------------------------------------------------------------
                         slack                                  0.042    

Slack (MET) :             0.042ns  (arrival time - required time)
  Source:                 bd_0_i/hls_inst/inst/gmem_m_axi_U/bus_write/rs_resp/FSM_sequential_state_reg[1]/C
                            (rising edge-triggered cell FDRE clocked by ap_clk  {rise@0.000ns fall@1.923ns period=3.846ns})
  Destination:            bd_0_i/hls_inst/inst/gmem_m_axi_U/bus_write/rs_resp/s_ready_t_reg/D
                            (rising edge-triggered cell FDRE clocked by ap_clk  {rise@0.000ns fall@1.923ns period=3.846ns})
  Path Group:             ap_clk
  Path Type:              Hold (Min at Fast Process Corner)
  Requirement:            0.000ns  (ap_clk rise@0.000ns - ap_clk rise@0.000ns)
  Data Path Delay:        0.095ns  (logic 0.060ns (63.147%)  route 0.035ns (36.853%))
  Logic Levels:           1  (LUT4=1)
  Clock Path Skew:        0.006ns (DCD - SCD - CPR)
    Destination Clock Delay (DCD):    0.019ns
    Source Clock Delay      (SCD):    0.013ns
    Clock Pessimism Removal (CPR):    -0.000ns

    Location             Delay type                Incr(ns)  Path(ns)    Netlist Resource(s)
  -------------------------------------------------------------------    -------------------
                         (clock ap_clk rise edge)     0.000     0.000 r  
                                                      0.000     0.000 r  ap_clk (IN)
                         net (fo=15461, unset)        0.013     0.013    bd_0_i/hls_inst/inst/gmem_m_axi_U/bus_write/rs_resp/ap_clk
    SLICE_X42Y44         FDRE                                         r  bd_0_i/hls_inst/inst/gmem_m_axi_U/bus_write/rs_resp/FSM_sequential_state_reg[1]/C
  -------------------------------------------------------------------    -------------------
    SLICE_X42Y44         FDRE (Prop_BFF_SLICEM_C_Q)
                                                      0.038     0.051 f  bd_0_i/hls_inst/inst/gmem_m_axi_U/bus_write/rs_resp/FSM_sequential_state_reg[1]/Q
                         net (fo=3, routed)           0.027     0.078    bd_0_i/hls_inst/inst/gmem_m_axi_U/bus_write/rs_resp/state__0[1]
    SLICE_X42Y44         LUT4 (Prop_B5LUT_SLICEM_I2_O)
                                                      0.022     0.100 r  bd_0_i/hls_inst/inst/gmem_m_axi_U/bus_write/rs_resp/s_ready_t_i_1__2/O
                         net (fo=1, routed)           0.008     0.108    bd_0_i/hls_inst/inst/gmem_m_axi_U/bus_write/rs_resp/s_ready_t_i_1__2_n_0
    SLICE_X42Y44         FDRE                                         r  bd_0_i/hls_inst/inst/gmem_m_axi_U/bus_write/rs_resp/s_ready_t_reg/D
  -------------------------------------------------------------------    -------------------

                         (clock ap_clk rise edge)     0.000     0.000 r  
                                                      0.000     0.000 r  ap_clk (IN)
                         net (fo=15461, unset)        0.019     0.019    bd_0_i/hls_inst/inst/gmem_m_axi_U/bus_write/rs_resp/ap_clk
    SLICE_X42Y44         FDRE                                         r  bd_0_i/hls_inst/inst/gmem_m_axi_U/bus_write/rs_resp/s_ready_t_reg/C
                         clock pessimism              0.000     0.019    
    SLICE_X42Y44         FDRE (Hold_BFF2_SLICEM_C_D)
                                                      0.047     0.066    bd_0_i/hls_inst/inst/gmem_m_axi_U/bus_write/rs_resp/s_ready_t_reg
  -------------------------------------------------------------------
                         required time                         -0.066    
                         arrival time                           0.108    
  -------------------------------------------------------------------
                         slack                                  0.042    

Slack (MET) :             0.042ns  (arrival time - required time)
  Source:                 bd_0_i/hls_inst/inst/grp_gemv_kernel_Pipeline_PACK_PREFILL_ROW3_fu_656/zext_ln87_reg_249_reg[2]/C
                            (rising edge-triggered cell FDRE clocked by ap_clk  {rise@0.000ns fall@1.923ns period=3.846ns})
  Destination:            bd_0_i/hls_inst/inst/grp_gemv_kernel_Pipeline_PACK_PREFILL_ROW3_fu_656/zext_ln87_reg_249_pp0_iter1_reg_reg[2]/D
                            (rising edge-triggered cell FDRE clocked by ap_clk  {rise@0.000ns fall@1.923ns period=3.846ns})
  Path Group:             ap_clk
  Path Type:              Hold (Min at Fast Process Corner)
  Requirement:            0.000ns  (ap_clk rise@0.000ns - ap_clk rise@0.000ns)
  Data Path Delay:        0.094ns  (logic 0.038ns (40.419%)  route 0.056ns (59.581%))
  Logic Levels:           0  
  Clock Path Skew:        0.006ns (DCD - SCD - CPR)
    Destination Clock Delay (DCD):    0.019ns
    Source Clock Delay      (SCD):    0.013ns
    Clock Pessimism Removal (CPR):    -0.000ns

    Location             Delay type                Incr(ns)  Path(ns)    Netlist Resource(s)
  -------------------------------------------------------------------    -------------------
                         (clock ap_clk rise edge)     0.000     0.000 r  
                                                      0.000     0.000 r  ap_clk (IN)
                         net (fo=15461, unset)        0.013     0.013    bd_0_i/hls_inst/inst/grp_gemv_kernel_Pipeline_PACK_PREFILL_ROW3_fu_656/ap_clk
    SLICE_X72Y43         FDRE                                         r  bd_0_i/hls_inst/inst/grp_gemv_kernel_Pipeline_PACK_PREFILL_ROW3_fu_656/zext_ln87_reg_249_reg[2]/C
  -------------------------------------------------------------------    -------------------
    SLICE_X72Y43         FDRE (Prop_CFF_SLICEM_C_Q)
                                                      0.038     0.051 r  bd_0_i/hls_inst/inst/grp_gemv_kernel_Pipeline_PACK_PREFILL_ROW3_fu_656/zext_ln87_reg_249_reg[2]/Q
                         net (fo=2, routed)           0.056     0.107    bd_0_i/hls_inst/inst/grp_gemv_kernel_Pipeline_PACK_PREFILL_ROW3_fu_656/w1_arr_V_address0[2]
    SLICE_X72Y43         FDRE                                         r  bd_0_i/hls_inst/inst/grp_gemv_kernel_Pipeline_PACK_PREFILL_ROW3_fu_656/zext_ln87_reg_249_pp0_iter1_reg_reg[2]/D
  -------------------------------------------------------------------    -------------------

                         (clock ap_clk rise edge)     0.000     0.000 r  
                                                      0.000     0.000 r  ap_clk (IN)
                         net (fo=15461, unset)        0.019     0.019    bd_0_i/hls_inst/inst/grp_gemv_kernel_Pipeline_PACK_PREFILL_ROW3_fu_656/ap_clk
    SLICE_X72Y43         FDRE                                         r  bd_0_i/hls_inst/inst/grp_gemv_kernel_Pipeline_PACK_PREFILL_ROW3_fu_656/zext_ln87_reg_249_pp0_iter1_reg_reg[2]/C
                         clock pessimism              0.000     0.019    
    SLICE_X72Y43         FDRE (Hold_DFF_SLICEM_C_D)
                                                      0.046     0.065    bd_0_i/hls_inst/inst/grp_gemv_kernel_Pipeline_PACK_PREFILL_ROW3_fu_656/zext_ln87_reg_249_pp0_iter1_reg_reg[2]
  -------------------------------------------------------------------
                         required time                         -0.065    
                         arrival time                           0.107    
  -------------------------------------------------------------------
                         slack                                  0.042    

Slack (MET) :             0.042ns  (arrival time - required time)
  Source:                 bd_0_i/hls_inst/inst/gmem_act_m_axi_U/load_unit/fifo_rreq/mOutPtr_reg[7]/C
                            (rising edge-triggered cell FDRE clocked by ap_clk  {rise@0.000ns fall@1.923ns period=3.846ns})
  Destination:            bd_0_i/hls_inst/inst/gmem_act_m_axi_U/load_unit/fifo_rreq/mOutPtr_reg[7]/D
                            (rising edge-triggered cell FDRE clocked by ap_clk  {rise@0.000ns fall@1.923ns period=3.846ns})
  Path Group:             ap_clk
  Path Type:              Hold (Min at Fast Process Corner)
  Requirement:            0.000ns  (ap_clk rise@0.000ns - ap_clk rise@0.000ns)
  Data Path Delay:        0.094ns  (logic 0.054ns (57.390%)  route 0.040ns (42.610%))
  Logic Levels:           1  (LUT6=1)
  Clock Path Skew:        0.006ns (DCD - SCD - CPR)
    Destination Clock Delay (DCD):    0.018ns
    Source Clock Delay      (SCD):    0.012ns
    Clock Pessimism Removal (CPR):    -0.000ns

    Location             Delay type                Incr(ns)  Path(ns)    Netlist Resource(s)
  -------------------------------------------------------------------    -------------------
                         (clock ap_clk rise edge)     0.000     0.000 r  
                                                      0.000     0.000 r  ap_clk (IN)
                         net (fo=15461, unset)        0.012     0.012    bd_0_i/hls_inst/inst/gmem_act_m_axi_U/load_unit/fifo_rreq/ap_clk
    SLICE_X83Y83         FDRE                                         r  bd_0_i/hls_inst/inst/gmem_act_m_axi_U/load_unit/fifo_rreq/mOutPtr_reg[7]/C
  -------------------------------------------------------------------    -------------------
    SLICE_X83Y83         FDRE (Prop_BFF_SLICEL_C_Q)
                                                      0.039     0.051 r  bd_0_i/hls_inst/inst/gmem_act_m_axi_U/load_unit/fifo_rreq/mOutPtr_reg[7]/Q
                         net (fo=3, routed)           0.025     0.076    bd_0_i/hls_inst/inst/gmem_act_m_axi_U/load_unit/fifo_rreq/mOutPtr[7]
    SLICE_X83Y83         LUT6 (Prop_B6LUT_SLICEL_I5_O)
                                                      0.015     0.091 r  bd_0_i/hls_inst/inst/gmem_act_m_axi_U/load_unit/fifo_rreq/mOutPtr[7]_i_2__2/O
                         net (fo=1, routed)           0.015     0.106    bd_0_i/hls_inst/inst/gmem_act_m_axi_U/load_unit/fifo_rreq/mOutPtr[7]_i_2__2_n_0
    SLICE_X83Y83         FDRE                                         r  bd_0_i/hls_inst/inst/gmem_act_m_axi_U/load_unit/fifo_rreq/mOutPtr_reg[7]/D
  -------------------------------------------------------------------    -------------------

                         (clock ap_clk rise edge)     0.000     0.000 r  
                                                      0.000     0.000 r  ap_clk (IN)
                         net (fo=15461, unset)        0.018     0.018    bd_0_i/hls_inst/inst/gmem_act_m_axi_U/load_unit/fifo_rreq/ap_clk
    SLICE_X83Y83         FDRE                                         r  bd_0_i/hls_inst/inst/gmem_act_m_axi_U/load_unit/fifo_rreq/mOutPtr_reg[7]/C
                         clock pessimism              0.000     0.018    
    SLICE_X83Y83         FDRE (Hold_BFF_SLICEL_C_D)
                                                      0.046     0.064    bd_0_i/hls_inst/inst/gmem_act_m_axi_U/load_unit/fifo_rreq/mOutPtr_reg[7]
  -------------------------------------------------------------------
                         required time                         -0.064    
                         arrival time                           0.106    
  -------------------------------------------------------------------
                         slack                                  0.042    

Slack (MET) :             0.043ns  (arrival time - required time)
  Source:                 bd_0_i/hls_inst/inst/grp_gemv_kernel_Pipeline_PACK_DECODING_ROW11_fu_856/row_fu_66_reg[1]/C
                            (rising edge-triggered cell FDRE clocked by ap_clk  {rise@0.000ns fall@1.923ns period=3.846ns})
  Destination:            bd_0_i/hls_inst/inst/grp_gemv_kernel_Pipeline_PACK_DECODING_ROW11_fu_856/row_fu_66_reg[2]/D
                            (rising edge-triggered cell FDRE clocked by ap_clk  {rise@0.000ns fall@1.923ns period=3.846ns})
  Path Group:             ap_clk
  Path Type:              Hold (Min at Fast Process Corner)
  Requirement:            0.000ns  (ap_clk rise@0.000ns - ap_clk rise@0.000ns)
  Data Path Delay:        0.096ns  (logic 0.060ns (62.807%)  route 0.036ns (37.193%))
  Logic Levels:           1  (LUT4=1)
  Clock Path Skew:        0.006ns (DCD - SCD - CPR)
    Destination Clock Delay (DCD):    0.018ns
    Source Clock Delay      (SCD):    0.012ns
    Clock Pessimism Removal (CPR):    -0.000ns

    Location             Delay type                Incr(ns)  Path(ns)    Netlist Resource(s)
  -------------------------------------------------------------------    -------------------
                         (clock ap_clk rise edge)     0.000     0.000 r  
                                                      0.000     0.000 r  ap_clk (IN)
                         net (fo=15461, unset)        0.012     0.012    bd_0_i/hls_inst/inst/grp_gemv_kernel_Pipeline_PACK_DECODING_ROW11_fu_856/ap_clk
    SLICE_X62Y56         FDRE                                         r  bd_0_i/hls_inst/inst/grp_gemv_kernel_Pipeline_PACK_DECODING_ROW11_fu_856/row_fu_66_reg[1]/C
  -------------------------------------------------------------------    -------------------
    SLICE_X62Y56         FDRE (Prop_BFF_SLICEL_C_Q)
                                                      0.039     0.051 r  bd_0_i/hls_inst/inst/grp_gemv_kernel_Pipeline_PACK_DECODING_ROW11_fu_856/row_fu_66_reg[1]/Q
                         net (fo=5, routed)           0.029     0.080    bd_0_i/hls_inst/inst/grp_gemv_kernel_Pipeline_PACK_DECODING_ROW11_fu_856/flow_control_loop_pipe_sequential_init_U/icmp_ln120_reg_255_reg[0]_2
    SLICE_X62Y56         LUT4 (Prop_B5LUT_SLICEL_I1_O)
                                                      0.021     0.101 r  bd_0_i/hls_inst/inst/grp_gemv_kernel_Pipeline_PACK_DECODING_ROW11_fu_856/flow_control_loop_pipe_sequential_init_U/row_fu_66[2]_i_1__1/O
                         net (fo=1, routed)           0.007     0.108    bd_0_i/hls_inst/inst/grp_gemv_kernel_Pipeline_PACK_DECODING_ROW11_fu_856/add_ln120_fu_186_p2[2]
    SLICE_X62Y56         FDRE                                         r  bd_0_i/hls_inst/inst/grp_gemv_kernel_Pipeline_PACK_DECODING_ROW11_fu_856/row_fu_66_reg[2]/D
  -------------------------------------------------------------------    -------------------

                         (clock ap_clk rise edge)     0.000     0.000 r  
                                                      0.000     0.000 r  ap_clk (IN)
                         net (fo=15461, unset)        0.018     0.018    bd_0_i/hls_inst/inst/grp_gemv_kernel_Pipeline_PACK_DECODING_ROW11_fu_856/ap_clk
    SLICE_X62Y56         FDRE                                         r  bd_0_i/hls_inst/inst/grp_gemv_kernel_Pipeline_PACK_DECODING_ROW11_fu_856/row_fu_66_reg[2]/C
                         clock pessimism              0.000     0.018    
    SLICE_X62Y56         FDRE (Hold_BFF2_SLICEL_C_D)
                                                      0.047     0.065    bd_0_i/hls_inst/inst/grp_gemv_kernel_Pipeline_PACK_DECODING_ROW11_fu_856/row_fu_66_reg[2]
  -------------------------------------------------------------------
                         required time                         -0.065    
                         arrival time                           0.108    
  -------------------------------------------------------------------
                         slack                                  0.043    





Pulse Width Checks
--------------------------------------------------------------------------------------
Clock Name:         ap_clk
Waveform(ns):       { 0.000 1.923 }
Period(ns):         3.846
Sources:            { ap_clk }

Check Type        Corner  Lib Pin             Reference Pin  Required(ns)  Actual(ns)  Slack(ns)  Location      Pin
Min Period        n/a     RAMB36E2/CLKARDCLK  n/a            1.569         3.846       2.277      RAMB36_X5Y7   bd_0_i/hls_inst/inst/gmem_act_m_axi_U/load_unit/buff_rdata/U_fifo_mem/mem_reg_0/CLKARDCLK
Min Period        n/a     RAMB36E2/CLKBWRCLK  n/a            1.569         3.846       2.277      RAMB36_X5Y7   bd_0_i/hls_inst/inst/gmem_act_m_axi_U/load_unit/buff_rdata/U_fifo_mem/mem_reg_0/CLKBWRCLK
Min Period        n/a     RAMB36E2/CLKARDCLK  n/a            1.569         3.846       2.277      RAMB36_X5Y6   bd_0_i/hls_inst/inst/gmem_act_m_axi_U/load_unit/buff_rdata/U_fifo_mem/mem_reg_1/CLKARDCLK
Min Period        n/a     RAMB36E2/CLKBWRCLK  n/a            1.569         3.846       2.277      RAMB36_X5Y6   bd_0_i/hls_inst/inst/gmem_act_m_axi_U/load_unit/buff_rdata/U_fifo_mem/mem_reg_1/CLKBWRCLK
Min Period        n/a     RAMB36E2/CLKARDCLK  n/a            1.569         3.846       2.277      RAMB36_X5Y8   bd_0_i/hls_inst/inst/gmem_act_m_axi_U/load_unit/buff_rdata/U_fifo_mem/mem_reg_2/CLKARDCLK
Min Period        n/a     RAMB36E2/CLKBWRCLK  n/a            1.569         3.846       2.277      RAMB36_X5Y8   bd_0_i/hls_inst/inst/gmem_act_m_axi_U/load_unit/buff_rdata/U_fifo_mem/mem_reg_2/CLKBWRCLK
Min Period        n/a     RAMB36E2/CLKARDCLK  n/a            1.569         3.846       2.277      RAMB36_X6Y7   bd_0_i/hls_inst/inst/gmem_act_m_axi_U/load_unit/buff_rdata/U_fifo_mem/mem_reg_3/CLKARDCLK
Min Period        n/a     RAMB36E2/CLKBWRCLK  n/a            1.569         3.846       2.277      RAMB36_X6Y7   bd_0_i/hls_inst/inst/gmem_act_m_axi_U/load_unit/buff_rdata/U_fifo_mem/mem_reg_3/CLKBWRCLK
Min Period        n/a     RAMB18E2/CLKARDCLK  n/a            1.569         3.846       2.277      RAMB18_X4Y24  bd_0_i/hls_inst/inst/gmem_m_axi_U/load_unit/buff_rdata/U_fifo_mem/mem_reg/CLKARDCLK
Min Period        n/a     RAMB18E2/CLKBWRCLK  n/a            1.569         3.846       2.277      RAMB18_X4Y24  bd_0_i/hls_inst/inst/gmem_m_axi_U/load_unit/buff_rdata/U_fifo_mem/mem_reg/CLKBWRCLK
Low Pulse Width   Slow    RAMB36E2/CLKARDCLK  n/a            0.542         1.923       1.381      RAMB36_X5Y7   bd_0_i/hls_inst/inst/gmem_act_m_axi_U/load_unit/buff_rdata/U_fifo_mem/mem_reg_0/CLKARDCLK
Low Pulse Width   Fast    RAMB36E2/CLKARDCLK  n/a            0.542         1.923       1.381      RAMB36_X5Y7   bd_0_i/hls_inst/inst/gmem_act_m_axi_U/load_unit/buff_rdata/U_fifo_mem/mem_reg_0/CLKARDCLK
Low Pulse Width   Slow    RAMB36E2/CLKBWRCLK  n/a            0.542         1.923       1.381      RAMB36_X5Y7   bd_0_i/hls_inst/inst/gmem_act_m_axi_U/load_unit/buff_rdata/U_fifo_mem/mem_reg_0/CLKBWRCLK
Low Pulse Width   Fast    RAMB36E2/CLKBWRCLK  n/a            0.542         1.923       1.381      RAMB36_X5Y7   bd_0_i/hls_inst/inst/gmem_act_m_axi_U/load_unit/buff_rdata/U_fifo_mem/mem_reg_0/CLKBWRCLK
Low Pulse Width   Slow    RAMB36E2/CLKARDCLK  n/a            0.542         1.923       1.381      RAMB36_X5Y6   bd_0_i/hls_inst/inst/gmem_act_m_axi_U/load_unit/buff_rdata/U_fifo_mem/mem_reg_1/CLKARDCLK
Low Pulse Width   Fast    RAMB36E2/CLKARDCLK  n/a            0.542         1.923       1.381      RAMB36_X5Y6   bd_0_i/hls_inst/inst/gmem_act_m_axi_U/load_unit/buff_rdata/U_fifo_mem/mem_reg_1/CLKARDCLK
Low Pulse Width   Slow    RAMB36E2/CLKBWRCLK  n/a            0.542         1.923       1.381      RAMB36_X5Y6   bd_0_i/hls_inst/inst/gmem_act_m_axi_U/load_unit/buff_rdata/U_fifo_mem/mem_reg_1/CLKBWRCLK
Low Pulse Width   Fast    RAMB36E2/CLKBWRCLK  n/a            0.542         1.923       1.381      RAMB36_X5Y6   bd_0_i/hls_inst/inst/gmem_act_m_axi_U/load_unit/buff_rdata/U_fifo_mem/mem_reg_1/CLKBWRCLK
Low Pulse Width   Slow    RAMB36E2/CLKARDCLK  n/a            0.542         1.923       1.381      RAMB36_X5Y8   bd_0_i/hls_inst/inst/gmem_act_m_axi_U/load_unit/buff_rdata/U_fifo_mem/mem_reg_2/CLKARDCLK
Low Pulse Width   Fast    RAMB36E2/CLKARDCLK  n/a            0.542         1.923       1.381      RAMB36_X5Y8   bd_0_i/hls_inst/inst/gmem_act_m_axi_U/load_unit/buff_rdata/U_fifo_mem/mem_reg_2/CLKARDCLK
High Pulse Width  Slow    RAMB36E2/CLKARDCLK  n/a            0.542         1.923       1.381      RAMB36_X5Y7   bd_0_i/hls_inst/inst/gmem_act_m_axi_U/load_unit/buff_rdata/U_fifo_mem/mem_reg_0/CLKARDCLK
High Pulse Width  Fast    RAMB36E2/CLKARDCLK  n/a            0.542         1.923       1.381      RAMB36_X5Y7   bd_0_i/hls_inst/inst/gmem_act_m_axi_U/load_unit/buff_rdata/U_fifo_mem/mem_reg_0/CLKARDCLK
High Pulse Width  Slow    RAMB36E2/CLKBWRCLK  n/a            0.542         1.923       1.381      RAMB36_X5Y7   bd_0_i/hls_inst/inst/gmem_act_m_axi_U/load_unit/buff_rdata/U_fifo_mem/mem_reg_0/CLKBWRCLK
High Pulse Width  Fast    RAMB36E2/CLKBWRCLK  n/a            0.542         1.923       1.381      RAMB36_X5Y7   bd_0_i/hls_inst/inst/gmem_act_m_axi_U/load_unit/buff_rdata/U_fifo_mem/mem_reg_0/CLKBWRCLK
High Pulse Width  Slow    RAMB36E2/CLKARDCLK  n/a            0.542         1.923       1.381      RAMB36_X5Y6   bd_0_i/hls_inst/inst/gmem_act_m_axi_U/load_unit/buff_rdata/U_fifo_mem/mem_reg_1/CLKARDCLK
High Pulse Width  Fast    RAMB36E2/CLKARDCLK  n/a            0.542         1.923       1.381      RAMB36_X5Y6   bd_0_i/hls_inst/inst/gmem_act_m_axi_U/load_unit/buff_rdata/U_fifo_mem/mem_reg_1/CLKARDCLK
High Pulse Width  Slow    RAMB36E2/CLKBWRCLK  n/a            0.542         1.923       1.381      RAMB36_X5Y6   bd_0_i/hls_inst/inst/gmem_act_m_axi_U/load_unit/buff_rdata/U_fifo_mem/mem_reg_1/CLKBWRCLK
High Pulse Width  Fast    RAMB36E2/CLKBWRCLK  n/a            0.542         1.923       1.381      RAMB36_X5Y6   bd_0_i/hls_inst/inst/gmem_act_m_axi_U/load_unit/buff_rdata/U_fifo_mem/mem_reg_1/CLKBWRCLK
High Pulse Width  Slow    RAMB36E2/CLKARDCLK  n/a            0.542         1.923       1.381      RAMB36_X5Y8   bd_0_i/hls_inst/inst/gmem_act_m_axi_U/load_unit/buff_rdata/U_fifo_mem/mem_reg_2/CLKARDCLK
High Pulse Width  Fast    RAMB36E2/CLKARDCLK  n/a            0.542         1.923       1.381      RAMB36_X5Y8   bd_0_i/hls_inst/inst/gmem_act_m_axi_U/load_unit/buff_rdata/U_fifo_mem/mem_reg_2/CLKARDCLK



--------------------------------------------------------------------------------------
Path Group:  (none)
From Clock:  ap_clk
  To Clock:  

Max Delay           529 Endpoints
Min Delay           529 Endpoints
--------------------------------------------------------------------------------------


Max Delay Paths
--------------------------------------------------------------------------------------
Slack:                    inf
  Source:                 bd_0_i/hls_inst/inst/gmem_out_m_axi_U/bus_write/wreq_throttle/flying_req_reg/C
                            (rising edge-triggered cell FDRE clocked by ap_clk  {rise@0.000ns fall@1.923ns period=3.846ns})
  Destination:            m_axi_gmem_out_wvalid
                            (output port)
  Path Group:             (none)
  Path Type:              Max at Slow Process Corner
  Data Path Delay:        0.738ns  (logic 0.189ns (25.615%)  route 0.549ns (74.385%))
  Logic Levels:           1  (LUT3=1)
  Clock Uncertainty:      0.025ns  ((TSJ^2 + TIJ^2)^1/2 + DJ) / 2 + PE
    Total System Jitter     (TSJ):    0.050ns
    Total Input Jitter      (TIJ):    0.000ns
    Discrete Jitter          (DJ):    0.000ns
    Phase Error              (PE):    0.000ns

    Location             Delay type                Incr(ns)  Path(ns)    Netlist Resource(s)
  -------------------------------------------------------------------    -------------------
                         (clock ap_clk rise edge)     0.000     0.000 r  
                                                      0.000     0.000 r  ap_clk (IN)
                         net (fo=15461, unset)        0.029     0.029    bd_0_i/hls_inst/inst/gmem_out_m_axi_U/bus_write/wreq_throttle/ap_clk
    SLICE_X54Y60         FDRE                                         r  bd_0_i/hls_inst/inst/gmem_out_m_axi_U/bus_write/wreq_throttle/flying_req_reg/C
  -------------------------------------------------------------------    -------------------
    SLICE_X54Y60         FDRE (Prop_EFF_SLICEL_C_Q)
                                                      0.079     0.108 r  bd_0_i/hls_inst/inst/gmem_out_m_axi_U/bus_write/wreq_throttle/flying_req_reg/Q
                         net (fo=7, routed)           0.526     0.634    bd_0_i/hls_inst/inst/gmem_out_m_axi_U/bus_write/wreq_throttle/data_fifo/flying_req_reg_0
    SLICE_X62Y39         LUT3 (Prop_C5LUT_SLICEL_I0_O)
                                                      0.110     0.744 r  bd_0_i/hls_inst/inst/gmem_out_m_axi_U/bus_write/wreq_throttle/data_fifo/m_axi_gmem_out_WVALID_INST_0/O
                         net (fo=0)                   0.023     0.767    m_axi_gmem_out_wvalid
                                                                      r  m_axi_gmem_out_wvalid (OUT)
  -------------------------------------------------------------------    -------------------

Slack:                    inf
  Source:                 bd_0_i/hls_inst/inst/gmem_act_m_axi_U/bus_read/rreq_burst_conv/could_multi_bursts.len_buf_reg[3]/C
                            (rising edge-triggered cell FDRE clocked by ap_clk  {rise@0.000ns fall@1.923ns period=3.846ns})
  Destination:            m_axi_gmem_act_arlen[3]
                            (output port)
  Path Group:             (none)
  Path Type:              Max at Slow Process Corner
  Data Path Delay:        0.080ns  (logic 0.080ns (100.000%)  route 0.000ns (0.000%))
  Logic Levels:           0  
  Clock Uncertainty:      0.025ns  ((TSJ^2 + TIJ^2)^1/2 + DJ) / 2 + PE
    Total System Jitter     (TSJ):    0.050ns
    Total Input Jitter      (TIJ):    0.000ns
    Discrete Jitter          (DJ):    0.000ns
    Phase Error              (PE):    0.000ns

    Location             Delay type                Incr(ns)  Path(ns)    Netlist Resource(s)
  -------------------------------------------------------------------    -------------------
                         (clock ap_clk rise edge)     0.000     0.000 r  
                                                      0.000     0.000 r  ap_clk (IN)
                         net (fo=15461, unset)        0.030     0.030    bd_0_i/hls_inst/inst/gmem_act_m_axi_U/bus_read/rreq_burst_conv/ap_clk
    SLICE_X85Y91         FDRE                                         r  bd_0_i/hls_inst/inst/gmem_act_m_axi_U/bus_read/rreq_burst_conv/could_multi_bursts.len_buf_reg[3]/C
  -------------------------------------------------------------------    -------------------
    SLICE_X85Y91         FDRE (Prop_BFF2_SLICEM_C_Q)
                                                      0.080     0.110 r  bd_0_i/hls_inst/inst/gmem_act_m_axi_U/bus_read/rreq_burst_conv/could_multi_bursts.len_buf_reg[3]/Q
                         net (fo=0)                   0.000     0.110    m_axi_gmem_act_arlen[3]
                                                                      r  m_axi_gmem_act_arlen[3] (OUT)
  -------------------------------------------------------------------    -------------------

Slack:                    inf
  Source:                 bd_0_i/hls_inst/inst/gmem_act_m_axi_U/bus_write/rs_resp/s_ready_t_reg/C
                            (rising edge-triggered cell FDRE clocked by ap_clk  {rise@0.000ns fall@1.923ns period=3.846ns})
  Destination:            m_axi_gmem_act_bready
                            (output port)
  Path Group:             (none)
  Path Type:              Max at Slow Process Corner
  Data Path Delay:        0.080ns  (logic 0.080ns (100.000%)  route 0.000ns (0.000%))
  Logic Levels:           0  
  Clock Uncertainty:      0.025ns  ((TSJ^2 + TIJ^2)^1/2 + DJ) / 2 + PE
    Total System Jitter     (TSJ):    0.050ns
    Total Input Jitter      (TIJ):    0.000ns
    Discrete Jitter          (DJ):    0.000ns
    Phase Error              (PE):    0.000ns

    Location             Delay type                Incr(ns)  Path(ns)    Netlist Resource(s)
  -------------------------------------------------------------------    -------------------
                         (clock ap_clk rise edge)     0.000     0.000 r  
                                                      0.000     0.000 r  ap_clk (IN)
                         net (fo=15461, unset)        0.030     0.030    bd_0_i/hls_inst/inst/gmem_act_m_axi_U/bus_write/rs_resp/ap_clk
    SLICE_X42Y44         FDRE                                         r  bd_0_i/hls_inst/inst/gmem_act_m_axi_U/bus_write/rs_resp/s_ready_t_reg/C
  -------------------------------------------------------------------    -------------------
    SLICE_X42Y44         FDRE (Prop_DFF2_SLICEM_C_Q)
                                                      0.080     0.110 r  bd_0_i/hls_inst/inst/gmem_act_m_axi_U/bus_write/rs_resp/s_ready_t_reg/Q
                         net (fo=2, unset)            0.000     0.110    m_axi_gmem_act_bready
                                                                      r  m_axi_gmem_act_bready (OUT)
  -------------------------------------------------------------------    -------------------

Slack:                    inf
  Source:                 bd_0_i/hls_inst/inst/gmem_act_m_axi_U/bus_read/rs_rdata/s_ready_t_reg/C
                            (rising edge-triggered cell FDRE clocked by ap_clk  {rise@0.000ns fall@1.923ns period=3.846ns})
  Destination:            m_axi_gmem_act_rready
                            (output port)
  Path Group:             (none)
  Path Type:              Max at Slow Process Corner
  Data Path Delay:        0.080ns  (logic 0.080ns (100.000%)  route 0.000ns (0.000%))
  Logic Levels:           0  
  Clock Uncertainty:      0.025ns  ((TSJ^2 + TIJ^2)^1/2 + DJ) / 2 + PE
    Total System Jitter     (TSJ):    0.050ns
    Total Input Jitter      (TIJ):    0.000ns
    Discrete Jitter          (DJ):    0.000ns
    Phase Error              (PE):    0.000ns

    Location             Delay type                Incr(ns)  Path(ns)    Netlist Resource(s)
  -------------------------------------------------------------------    -------------------
                         (clock ap_clk rise edge)     0.000     0.000 r  
                                                      0.000     0.000 r  ap_clk (IN)
                         net (fo=15461, unset)        0.030     0.030    bd_0_i/hls_inst/inst/gmem_act_m_axi_U/bus_read/rs_rdata/ap_clk
    SLICE_X88Y41         FDRE                                         r  bd_0_i/hls_inst/inst/gmem_act_m_axi_U/bus_read/rs_rdata/s_ready_t_reg/C
  -------------------------------------------------------------------    -------------------
    SLICE_X88Y41         FDRE (Prop_DFF2_SLICEM_C_Q)
                                                      0.080     0.110 r  bd_0_i/hls_inst/inst/gmem_act_m_axi_U/bus_read/rs_rdata/s_ready_t_reg/Q
                         net (fo=7, unset)            0.000     0.110    m_axi_gmem_act_rready
                                                                      r  m_axi_gmem_act_rready (OUT)
  -------------------------------------------------------------------    -------------------

Slack:                    inf
  Source:                 bd_0_i/hls_inst/inst/gmem_m_axi_U/bus_write/rs_resp/s_ready_t_reg/C
                            (rising edge-triggered cell FDRE clocked by ap_clk  {rise@0.000ns fall@1.923ns period=3.846ns})
  Destination:            m_axi_gmem_bready
                            (output port)
  Path Group:             (none)
  Path Type:              Max at Slow Process Corner
  Data Path Delay:        0.080ns  (logic 0.080ns (100.000%)  route 0.000ns (0.000%))
  Logic Levels:           0  
  Clock Uncertainty:      0.025ns  ((TSJ^2 + TIJ^2)^1/2 + DJ) / 2 + PE
    Total System Jitter     (TSJ):    0.050ns
    Total Input Jitter      (TIJ):    0.000ns
    Discrete Jitter          (DJ):    0.000ns
    Phase Error              (PE):    0.000ns

    Location             Delay type                Incr(ns)  Path(ns)    Netlist Resource(s)
  -------------------------------------------------------------------    -------------------
                         (clock ap_clk rise edge)     0.000     0.000 r  
                                                      0.000     0.000 r  ap_clk (IN)
                         net (fo=15461, unset)        0.030     0.030    bd_0_i/hls_inst/inst/gmem_m_axi_U/bus_write/rs_resp/ap_clk
    SLICE_X42Y44         FDRE                                         r  bd_0_i/hls_inst/inst/gmem_m_axi_U/bus_write/rs_resp/s_ready_t_reg/C
  -------------------------------------------------------------------    -------------------
    SLICE_X42Y44         FDRE (Prop_BFF2_SLICEM_C_Q)
                                                      0.080     0.110 r  bd_0_i/hls_inst/inst/gmem_m_axi_U/bus_write/rs_resp/s_ready_t_reg/Q
                         net (fo=2, unset)            0.000     0.110    m_axi_gmem_bready
                                                                      r  m_axi_gmem_bready (OUT)
  -------------------------------------------------------------------    -------------------

Slack:                    inf
  Source:                 bd_0_i/hls_inst/inst/gmem_out_m_axi_U/bus_write/wreq_throttle/data_fifo/U_fifo_srl/dout_reg[103]/C
                            (rising edge-triggered cell FDRE clocked by ap_clk  {rise@0.000ns fall@1.923ns period=3.846ns})
  Destination:            m_axi_gmem_out_wdata[103]
                            (output port)
  Path Group:             (none)
  Path Type:              Max at Slow Process Corner
  Data Path Delay:        0.081ns  (logic 0.081ns (100.000%)  route 0.000ns (0.000%))
  Logic Levels:           0  
  Clock Uncertainty:      0.025ns  ((TSJ^2 + TIJ^2)^1/2 + DJ) / 2 + PE
    Total System Jitter     (TSJ):    0.050ns
    Total Input Jitter      (TIJ):    0.000ns
    Discrete Jitter          (DJ):    0.000ns
    Phase Error              (PE):    0.000ns

    Location             Delay type                Incr(ns)  Path(ns)    Netlist Resource(s)
  -------------------------------------------------------------------    -------------------
                         (clock ap_clk rise edge)     0.000     0.000 r  
                                                      0.000     0.000 r  ap_clk (IN)
                         net (fo=15461, unset)        0.029     0.029    bd_0_i/hls_inst/inst/gmem_out_m_axi_U/bus_write/wreq_throttle/data_fifo/U_fifo_srl/ap_clk
    SLICE_X59Y12         FDRE                                         r  bd_0_i/hls_inst/inst/gmem_out_m_axi_U/bus_write/wreq_throttle/data_fifo/U_fifo_srl/dout_reg[103]/C
  -------------------------------------------------------------------    -------------------
    SLICE_X59Y12         FDRE (Prop_EFF2_SLICEL_C_Q)
                                                      0.081     0.110 r  bd_0_i/hls_inst/inst/gmem_out_m_axi_U/bus_write/wreq_throttle/data_fifo/U_fifo_srl/dout_reg[103]/Q
                         net (fo=0)                   0.000     0.110    m_axi_gmem_out_wdata[103]
                                                                      r  m_axi_gmem_out_wdata[103] (OUT)
  -------------------------------------------------------------------    -------------------

Slack:                    inf
  Source:                 bd_0_i/hls_inst/inst/gmem_out_m_axi_U/bus_write/wreq_throttle/data_fifo/U_fifo_srl/dout_reg[121]/C
                            (rising edge-triggered cell FDRE clocked by ap_clk  {rise@0.000ns fall@1.923ns period=3.846ns})
  Destination:            m_axi_gmem_out_wdata[121]
                            (output port)
  Path Group:             (none)
  Path Type:              Max at Slow Process Corner
  Data Path Delay:        0.080ns  (logic 0.080ns (100.000%)  route 0.000ns (0.000%))
  Logic Levels:           0  
  Clock Uncertainty:      0.025ns  ((TSJ^2 + TIJ^2)^1/2 + DJ) / 2 + PE
    Total System Jitter     (TSJ):    0.050ns
    Total Input Jitter      (TIJ):    0.000ns
    Discrete Jitter          (DJ):    0.000ns
    Phase Error              (PE):    0.000ns

    Location             Delay type                Incr(ns)  Path(ns)    Netlist Resource(s)
  -------------------------------------------------------------------    -------------------
                         (clock ap_clk rise edge)     0.000     0.000 r  
                                                      0.000     0.000 r  ap_clk (IN)
                         net (fo=15461, unset)        0.030     0.030    bd_0_i/hls_inst/inst/gmem_out_m_axi_U/bus_write/wreq_throttle/data_fifo/U_fifo_srl/ap_clk
    SLICE_X57Y10         FDRE                                         r  bd_0_i/hls_inst/inst/gmem_out_m_axi_U/bus_write/wreq_throttle/data_fifo/U_fifo_srl/dout_reg[121]/C
  -------------------------------------------------------------------    -------------------
    SLICE_X57Y10         FDRE (Prop_AFF2_SLICEM_C_Q)
                                                      0.080     0.110 r  bd_0_i/hls_inst/inst/gmem_out_m_axi_U/bus_write/wreq_throttle/data_fifo/U_fifo_srl/dout_reg[121]/Q
                         net (fo=0)                   0.000     0.110    m_axi_gmem_out_wdata[121]
                                                                      r  m_axi_gmem_out_wdata[121] (OUT)
  -------------------------------------------------------------------    -------------------

Slack:                    inf
  Source:                 bd_0_i/hls_inst/inst/gmem_out_m_axi_U/bus_write/wreq_throttle/data_fifo/U_fifo_srl/dout_reg[123]/C
                            (rising edge-triggered cell FDRE clocked by ap_clk  {rise@0.000ns fall@1.923ns period=3.846ns})
  Destination:            m_axi_gmem_out_wdata[123]
                            (output port)
  Path Group:             (none)
  Path Type:              Max at Slow Process Corner
  Data Path Delay:        0.080ns  (logic 0.080ns (100.000%)  route 0.000ns (0.000%))
  Logic Levels:           0  
  Clock Uncertainty:      0.025ns  ((TSJ^2 + TIJ^2)^1/2 + DJ) / 2 + PE
    Total System Jitter     (TSJ):    0.050ns
    Total Input Jitter      (TIJ):    0.000ns
    Discrete Jitter          (DJ):    0.000ns
    Phase Error              (PE):    0.000ns

    Location             Delay type                Incr(ns)  Path(ns)    Netlist Resource(s)
  -------------------------------------------------------------------    -------------------
                         (clock ap_clk rise edge)     0.000     0.000 r  
                                                      0.000     0.000 r  ap_clk (IN)
                         net (fo=15461, unset)        0.030     0.030    bd_0_i/hls_inst/inst/gmem_out_m_axi_U/bus_write/wreq_throttle/data_fifo/U_fifo_srl/ap_clk
    SLICE_X57Y10         FDRE                                         r  bd_0_i/hls_inst/inst/gmem_out_m_axi_U/bus_write/wreq_throttle/data_fifo/U_fifo_srl/dout_reg[123]/C
  -------------------------------------------------------------------    -------------------
    SLICE_X57Y10         FDRE (Prop_BFF2_SLICEM_C_Q)
                                                      0.080     0.110 r  bd_0_i/hls_inst/inst/gmem_out_m_axi_U/bus_write/wreq_throttle/data_fifo/U_fifo_srl/dout_reg[123]/Q
                         net (fo=0)                   0.000     0.110    m_axi_gmem_out_wdata[123]
                                                                      r  m_axi_gmem_out_wdata[123] (OUT)
  -------------------------------------------------------------------    -------------------

Slack:                    inf
  Source:                 bd_0_i/hls_inst/inst/gmem_out_m_axi_U/bus_write/wreq_throttle/data_fifo/U_fifo_srl/dout_reg[127]/C
                            (rising edge-triggered cell FDRE clocked by ap_clk  {rise@0.000ns fall@1.923ns period=3.846ns})
  Destination:            m_axi_gmem_out_wdata[127]
                            (output port)
  Path Group:             (none)
  Path Type:              Max at Slow Process Corner
  Data Path Delay:        0.080ns  (logic 0.080ns (100.000%)  route 0.000ns (0.000%))
  Logic Levels:           0  
  Clock Uncertainty:      0.025ns  ((TSJ^2 + TIJ^2)^1/2 + DJ) / 2 + PE
    Total System Jitter     (TSJ):    0.050ns
    Total Input Jitter      (TIJ):    0.000ns
    Discrete Jitter          (DJ):    0.000ns
    Phase Error              (PE):    0.000ns

    Location             Delay type                Incr(ns)  Path(ns)    Netlist Resource(s)
  -------------------------------------------------------------------    -------------------
                         (clock ap_clk rise edge)     0.000     0.000 r  
                                                      0.000     0.000 r  ap_clk (IN)
                         net (fo=15461, unset)        0.030     0.030    bd_0_i/hls_inst/inst/gmem_out_m_axi_U/bus_write/wreq_throttle/data_fifo/U_fifo_srl/ap_clk
    SLICE_X57Y10         FDRE                                         r  bd_0_i/hls_inst/inst/gmem_out_m_axi_U/bus_write/wreq_throttle/data_fifo/U_fifo_srl/dout_reg[127]/C
  -------------------------------------------------------------------    -------------------
    SLICE_X57Y10         FDRE (Prop_DFF2_SLICEM_C_Q)
                                                      0.080     0.110 r  bd_0_i/hls_inst/inst/gmem_out_m_axi_U/bus_write/wreq_throttle/data_fifo/U_fifo_srl/dout_reg[127]/Q
                         net (fo=0)                   0.000     0.110    m_axi_gmem_out_wdata[127]
                                                                      r  m_axi_gmem_out_wdata[127] (OUT)
  -------------------------------------------------------------------    -------------------

Slack:                    inf
  Source:                 bd_0_i/hls_inst/inst/gmem_out_m_axi_U/bus_write/wreq_throttle/data_fifo/U_fifo_srl/dout_reg[132]/C
                            (rising edge-triggered cell FDRE clocked by ap_clk  {rise@0.000ns fall@1.923ns period=3.846ns})
  Destination:            m_axi_gmem_out_wdata[132]
                            (output port)
  Path Group:             (none)
  Path Type:              Max at Slow Process Corner
  Data Path Delay:        0.080ns  (logic 0.080ns (100.000%)  route 0.000ns (0.000%))
  Logic Levels:           0  
  Clock Uncertainty:      0.025ns  ((TSJ^2 + TIJ^2)^1/2 + DJ) / 2 + PE
    Total System Jitter     (TSJ):    0.050ns
    Total Input Jitter      (TIJ):    0.000ns
    Discrete Jitter          (DJ):    0.000ns
    Phase Error              (PE):    0.000ns

    Location             Delay type                Incr(ns)  Path(ns)    Netlist Resource(s)
  -------------------------------------------------------------------    -------------------
                         (clock ap_clk rise edge)     0.000     0.000 r  
                                                      0.000     0.000 r  ap_clk (IN)
                         net (fo=15461, unset)        0.030     0.030    bd_0_i/hls_inst/inst/gmem_out_m_axi_U/bus_write/wreq_throttle/data_fifo/U_fifo_srl/ap_clk
    SLICE_X60Y10         FDRE                                         r  bd_0_i/hls_inst/inst/gmem_out_m_axi_U/bus_write/wreq_throttle/data_fifo/U_fifo_srl/dout_reg[132]/C
  -------------------------------------------------------------------    -------------------
    SLICE_X60Y10         FDRE (Prop_AFF2_SLICEM_C_Q)
                                                      0.080     0.110 r  bd_0_i/hls_inst/inst/gmem_out_m_axi_U/bus_write/wreq_throttle/data_fifo/U_fifo_srl/dout_reg[132]/Q
                         net (fo=0)                   0.000     0.110    m_axi_gmem_out_wdata[132]
                                                                      r  m_axi_gmem_out_wdata[132] (OUT)
  -------------------------------------------------------------------    -------------------





Min Delay Paths
--------------------------------------------------------------------------------------
Slack:                    inf
  Source:                 bd_0_i/hls_inst/inst/gmem_out_m_axi_U/bus_write/wreq_throttle/rs_req/data_p1_reg[20]/C
                            (rising edge-triggered cell FDRE clocked by ap_clk  {rise@0.000ns fall@1.923ns period=3.846ns})
  Destination:            m_axi_gmem_out_awaddr[20]
                            (output port)
  Path Group:             (none)
  Path Type:              Min at Fast Process Corner
  Data Path Delay:        0.037ns  (logic 0.037ns (100.000%)  route 0.000ns (0.000%))
  Logic Levels:           0  
  Clock Uncertainty:      0.025ns  ((TSJ^2 + TIJ^2)^1/2 + DJ) / 2 + PE
    Total System Jitter     (TSJ):    0.050ns
    Total Input Jitter      (TIJ):    0.000ns
    Discrete Jitter          (DJ):    0.000ns
    Phase Error              (PE):    0.000ns

    Location             Delay type                Incr(ns)  Path(ns)    Netlist Resource(s)
  -------------------------------------------------------------------    -------------------
                         (clock ap_clk rise edge)     0.000     0.000 r  
                                                      0.000     0.000 r  ap_clk (IN)
                         net (fo=15461, unset)        0.013     0.013    bd_0_i/hls_inst/inst/gmem_out_m_axi_U/bus_write/wreq_throttle/rs_req/ap_clk
    SLICE_X53Y61         FDRE                                         r  bd_0_i/hls_inst/inst/gmem_out_m_axi_U/bus_write/wreq_throttle/rs_req/data_p1_reg[20]/C
  -------------------------------------------------------------------    -------------------
    SLICE_X53Y61         FDRE (Prop_FFF_SLICEM_C_Q)
                                                      0.037     0.050 r  bd_0_i/hls_inst/inst/gmem_out_m_axi_U/bus_write/wreq_throttle/rs_req/data_p1_reg[20]/Q
                         net (fo=0)                   0.000     0.050    m_axi_gmem_out_awaddr[20]
                                                                      r  m_axi_gmem_out_awaddr[20] (OUT)
  -------------------------------------------------------------------    -------------------

Slack:                    inf
  Source:                 bd_0_i/hls_inst/inst/gmem_out_m_axi_U/bus_write/wreq_throttle/rs_req/data_p1_reg[48]/C
                            (rising edge-triggered cell FDRE clocked by ap_clk  {rise@0.000ns fall@1.923ns period=3.846ns})
  Destination:            m_axi_gmem_out_awaddr[48]
                            (output port)
  Path Group:             (none)
  Path Type:              Min at Fast Process Corner
  Data Path Delay:        0.037ns  (logic 0.037ns (100.000%)  route 0.000ns (0.000%))
  Logic Levels:           0  
  Clock Uncertainty:      0.025ns  ((TSJ^2 + TIJ^2)^1/2 + DJ) / 2 + PE
    Total System Jitter     (TSJ):    0.050ns
    Total Input Jitter      (TIJ):    0.000ns
    Discrete Jitter          (DJ):    0.000ns
    Phase Error              (PE):    0.000ns

    Location             Delay type                Incr(ns)  Path(ns)    Netlist Resource(s)
  -------------------------------------------------------------------    -------------------
                         (clock ap_clk rise edge)     0.000     0.000 r  
                                                      0.000     0.000 r  ap_clk (IN)
                         net (fo=15461, unset)        0.013     0.013    bd_0_i/hls_inst/inst/gmem_out_m_axi_U/bus_write/wreq_throttle/rs_req/ap_clk
    SLICE_X52Y63         FDRE                                         r  bd_0_i/hls_inst/inst/gmem_out_m_axi_U/bus_write/wreq_throttle/rs_req/data_p1_reg[48]/C
  -------------------------------------------------------------------    -------------------
    SLICE_X52Y63         FDRE (Prop_FFF_SLICEM_C_Q)
                                                      0.037     0.050 r  bd_0_i/hls_inst/inst/gmem_out_m_axi_U/bus_write/wreq_throttle/rs_req/data_p1_reg[48]/Q
                         net (fo=0)                   0.000     0.050    m_axi_gmem_out_awaddr[48]
                                                                      r  m_axi_gmem_out_awaddr[48] (OUT)
  -------------------------------------------------------------------    -------------------

Slack:                    inf
  Source:                 bd_0_i/hls_inst/inst/gmem_out_m_axi_U/bus_write/wreq_throttle/rs_req/data_p1_reg[50]/C
                            (rising edge-triggered cell FDRE clocked by ap_clk  {rise@0.000ns fall@1.923ns period=3.846ns})
  Destination:            m_axi_gmem_out_awaddr[50]
                            (output port)
  Path Group:             (none)
  Path Type:              Min at Fast Process Corner
  Data Path Delay:        0.037ns  (logic 0.037ns (100.000%)  route 0.000ns (0.000%))
  Logic Levels:           0  
  Clock Uncertainty:      0.025ns  ((TSJ^2 + TIJ^2)^1/2 + DJ) / 2 + PE
    Total System Jitter     (TSJ):    0.050ns
    Total Input Jitter      (TIJ):    0.000ns
    Discrete Jitter          (DJ):    0.000ns
    Phase Error              (PE):    0.000ns

    Location             Delay type                Incr(ns)  Path(ns)    Netlist Resource(s)
  -------------------------------------------------------------------    -------------------
                         (clock ap_clk rise edge)     0.000     0.000 r  
                                                      0.000     0.000 r  ap_clk (IN)
                         net (fo=15461, unset)        0.013     0.013    bd_0_i/hls_inst/inst/gmem_out_m_axi_U/bus_write/wreq_throttle/rs_req/ap_clk
    SLICE_X53Y62         FDRE                                         r  bd_0_i/hls_inst/inst/gmem_out_m_axi_U/bus_write/wreq_throttle/rs_req/data_p1_reg[50]/C
  -------------------------------------------------------------------    -------------------
    SLICE_X53Y62         FDRE (Prop_FFF_SLICEM_C_Q)
                                                      0.037     0.050 r  bd_0_i/hls_inst/inst/gmem_out_m_axi_U/bus_write/wreq_throttle/rs_req/data_p1_reg[50]/Q
                         net (fo=0)                   0.000     0.050    m_axi_gmem_out_awaddr[50]
                                                                      r  m_axi_gmem_out_awaddr[50] (OUT)
  -------------------------------------------------------------------    -------------------

Slack:                    inf
  Source:                 bd_0_i/hls_inst/inst/gmem_out_m_axi_U/bus_write/wreq_throttle/rs_req/data_p1_reg[62]/C
                            (rising edge-triggered cell FDRE clocked by ap_clk  {rise@0.000ns fall@1.923ns period=3.846ns})
  Destination:            m_axi_gmem_out_awaddr[62]
                            (output port)
  Path Group:             (none)
  Path Type:              Min at Fast Process Corner
  Data Path Delay:        0.037ns  (logic 0.037ns (100.000%)  route 0.000ns (0.000%))
  Logic Levels:           0  
  Clock Uncertainty:      0.025ns  ((TSJ^2 + TIJ^2)^1/2 + DJ) / 2 + PE
    Total System Jitter     (TSJ):    0.050ns
    Total Input Jitter      (TIJ):    0.000ns
    Discrete Jitter          (DJ):    0.000ns
    Phase Error              (PE):    0.000ns

    Location             Delay type                Incr(ns)  Path(ns)    Netlist Resource(s)
  -------------------------------------------------------------------    -------------------
                         (clock ap_clk rise edge)     0.000     0.000 r  
                                                      0.000     0.000 r  ap_clk (IN)
                         net (fo=15461, unset)        0.013     0.013    bd_0_i/hls_inst/inst/gmem_out_m_axi_U/bus_write/wreq_throttle/rs_req/ap_clk
    SLICE_X52Y69         FDRE                                         r  bd_0_i/hls_inst/inst/gmem_out_m_axi_U/bus_write/wreq_throttle/rs_req/data_p1_reg[62]/C
  -------------------------------------------------------------------    -------------------
    SLICE_X52Y69         FDRE (Prop_FFF_SLICEM_C_Q)
                                                      0.037     0.050 r  bd_0_i/hls_inst/inst/gmem_out_m_axi_U/bus_write/wreq_throttle/rs_req/data_p1_reg[62]/Q
                         net (fo=0)                   0.000     0.050    m_axi_gmem_out_awaddr[62]
                                                                      r  m_axi_gmem_out_awaddr[62] (OUT)
  -------------------------------------------------------------------    -------------------

Slack:                    inf
  Source:                 bd_0_i/hls_inst/inst/gmem_out_m_axi_U/bus_write/wreq_throttle/rs_req/data_p1_reg[63]/C
                            (rising edge-triggered cell FDRE clocked by ap_clk  {rise@0.000ns fall@1.923ns period=3.846ns})
  Destination:            m_axi_gmem_out_awaddr[63]
                            (output port)
  Path Group:             (none)
  Path Type:              Min at Fast Process Corner
  Data Path Delay:        0.037ns  (logic 0.037ns (100.000%)  route 0.000ns (0.000%))
  Logic Levels:           0  
  Clock Uncertainty:      0.025ns  ((TSJ^2 + TIJ^2)^1/2 + DJ) / 2 + PE
    Total System Jitter     (TSJ):    0.050ns
    Total Input Jitter      (TIJ):    0.000ns
    Discrete Jitter          (DJ):    0.000ns
    Phase Error              (PE):    0.000ns

    Location             Delay type                Incr(ns)  Path(ns)    Netlist Resource(s)
  -------------------------------------------------------------------    -------------------
                         (clock ap_clk rise edge)     0.000     0.000 r  
                                                      0.000     0.000 r  ap_clk (IN)
                         net (fo=15461, unset)        0.013     0.013    bd_0_i/hls_inst/inst/gmem_out_m_axi_U/bus_write/wreq_throttle/rs_req/ap_clk
    SLICE_X52Y67         FDRE                                         r  bd_0_i/hls_inst/inst/gmem_out_m_axi_U/bus_write/wreq_throttle/rs_req/data_p1_reg[63]/C
  -------------------------------------------------------------------    -------------------
    SLICE_X52Y67         FDRE (Prop_FFF_SLICEM_C_Q)
                                                      0.037     0.050 r  bd_0_i/hls_inst/inst/gmem_out_m_axi_U/bus_write/wreq_throttle/rs_req/data_p1_reg[63]/Q
                         net (fo=0)                   0.000     0.050    m_axi_gmem_out_awaddr[63]
                                                                      r  m_axi_gmem_out_awaddr[63] (OUT)
  -------------------------------------------------------------------    -------------------

Slack:                    inf
  Source:                 bd_0_i/hls_inst/inst/gmem_out_m_axi_U/bus_write/wreq_throttle/data_fifo/U_fifo_srl/dout_reg[107]/C
                            (rising edge-triggered cell FDRE clocked by ap_clk  {rise@0.000ns fall@1.923ns period=3.846ns})
  Destination:            m_axi_gmem_out_wdata[107]
                            (output port)
  Path Group:             (none)
  Path Type:              Min at Fast Process Corner
  Data Path Delay:        0.037ns  (logic 0.037ns (100.000%)  route 0.000ns (0.000%))
  Logic Levels:           0  
  Clock Uncertainty:      0.025ns  ((TSJ^2 + TIJ^2)^1/2 + DJ) / 2 + PE
    Total System Jitter     (TSJ):    0.050ns
    Total Input Jitter      (TIJ):    0.000ns
    Discrete Jitter          (DJ):    0.000ns
    Phase Error              (PE):    0.000ns

    Location             Delay type                Incr(ns)  Path(ns)    Netlist Resource(s)
  -------------------------------------------------------------------    -------------------
                         (clock ap_clk rise edge)     0.000     0.000 r  
                                                      0.000     0.000 r  ap_clk (IN)
                         net (fo=15461, unset)        0.013     0.013    bd_0_i/hls_inst/inst/gmem_out_m_axi_U/bus_write/wreq_throttle/data_fifo/U_fifo_srl/ap_clk
    SLICE_X60Y13         FDRE                                         r  bd_0_i/hls_inst/inst/gmem_out_m_axi_U/bus_write/wreq_throttle/data_fifo/U_fifo_srl/dout_reg[107]/C
  -------------------------------------------------------------------    -------------------
    SLICE_X60Y13         FDRE (Prop_FFF_SLICEM_C_Q)
                                                      0.037     0.050 r  bd_0_i/hls_inst/inst/gmem_out_m_axi_U/bus_write/wreq_throttle/data_fifo/U_fifo_srl/dout_reg[107]/Q
                         net (fo=0)                   0.000     0.050    m_axi_gmem_out_wdata[107]
                                                                      r  m_axi_gmem_out_wdata[107] (OUT)
  -------------------------------------------------------------------    -------------------

Slack:                    inf
  Source:                 bd_0_i/hls_inst/inst/gmem_out_m_axi_U/bus_write/wreq_throttle/data_fifo/U_fifo_srl/dout_reg[114]/C
                            (rising edge-triggered cell FDRE clocked by ap_clk  {rise@0.000ns fall@1.923ns period=3.846ns})
  Destination:            m_axi_gmem_out_wdata[114]
                            (output port)
  Path Group:             (none)
  Path Type:              Min at Fast Process Corner
  Data Path Delay:        0.037ns  (logic 0.037ns (100.000%)  route 0.000ns (0.000%))
  Logic Levels:           0  
  Clock Uncertainty:      0.025ns  ((TSJ^2 + TIJ^2)^1/2 + DJ) / 2 + PE
    Total System Jitter     (TSJ):    0.050ns
    Total Input Jitter      (TIJ):    0.000ns
    Discrete Jitter          (DJ):    0.000ns
    Phase Error              (PE):    0.000ns

    Location             Delay type                Incr(ns)  Path(ns)    Netlist Resource(s)
  -------------------------------------------------------------------    -------------------
                         (clock ap_clk rise edge)     0.000     0.000 r  
                                                      0.000     0.000 r  ap_clk (IN)
                         net (fo=15461, unset)        0.013     0.013    bd_0_i/hls_inst/inst/gmem_out_m_axi_U/bus_write/wreq_throttle/data_fifo/U_fifo_srl/ap_clk
    SLICE_X57Y10         FDRE                                         r  bd_0_i/hls_inst/inst/gmem_out_m_axi_U/bus_write/wreq_throttle/data_fifo/U_fifo_srl/dout_reg[114]/C
  -------------------------------------------------------------------    -------------------
    SLICE_X57Y10         FDRE (Prop_FFF_SLICEM_C_Q)
                                                      0.037     0.050 r  bd_0_i/hls_inst/inst/gmem_out_m_axi_U/bus_write/wreq_throttle/data_fifo/U_fifo_srl/dout_reg[114]/Q
                         net (fo=0)                   0.000     0.050    m_axi_gmem_out_wdata[114]
                                                                      r  m_axi_gmem_out_wdata[114] (OUT)
  -------------------------------------------------------------------    -------------------

Slack:                    inf
  Source:                 bd_0_i/hls_inst/inst/gmem_out_m_axi_U/bus_write/wreq_throttle/data_fifo/U_fifo_srl/dout_reg[11]/C
                            (rising edge-triggered cell FDRE clocked by ap_clk  {rise@0.000ns fall@1.923ns period=3.846ns})
  Destination:            m_axi_gmem_out_wdata[11]
                            (output port)
  Path Group:             (none)
  Path Type:              Min at Fast Process Corner
  Data Path Delay:        0.037ns  (logic 0.037ns (100.000%)  route 0.000ns (0.000%))
  Logic Levels:           0  
  Clock Uncertainty:      0.025ns  ((TSJ^2 + TIJ^2)^1/2 + DJ) / 2 + PE
    Total System Jitter     (TSJ):    0.050ns
    Total Input Jitter      (TIJ):    0.000ns
    Discrete Jitter          (DJ):    0.000ns
    Phase Error              (PE):    0.000ns

    Location             Delay type                Incr(ns)  Path(ns)    Netlist Resource(s)
  -------------------------------------------------------------------    -------------------
                         (clock ap_clk rise edge)     0.000     0.000 r  
                                                      0.000     0.000 r  ap_clk (IN)
                         net (fo=15461, unset)        0.013     0.013    bd_0_i/hls_inst/inst/gmem_out_m_axi_U/bus_write/wreq_throttle/data_fifo/U_fifo_srl/ap_clk
    SLICE_X57Y8          FDRE                                         r  bd_0_i/hls_inst/inst/gmem_out_m_axi_U/bus_write/wreq_throttle/data_fifo/U_fifo_srl/dout_reg[11]/C
  -------------------------------------------------------------------    -------------------
    SLICE_X57Y8          FDRE (Prop_FFF_SLICEM_C_Q)
                                                      0.037     0.050 r  bd_0_i/hls_inst/inst/gmem_out_m_axi_U/bus_write/wreq_throttle/data_fifo/U_fifo_srl/dout_reg[11]/Q
                         net (fo=0)                   0.000     0.050    m_axi_gmem_out_wdata[11]
                                                                      r  m_axi_gmem_out_wdata[11] (OUT)
  -------------------------------------------------------------------    -------------------

Slack:                    inf
  Source:                 bd_0_i/hls_inst/inst/gmem_out_m_axi_U/bus_write/wreq_throttle/data_fifo/U_fifo_srl/dout_reg[130]/C
                            (rising edge-triggered cell FDRE clocked by ap_clk  {rise@0.000ns fall@1.923ns period=3.846ns})
  Destination:            m_axi_gmem_out_wdata[130]
                            (output port)
  Path Group:             (none)
  Path Type:              Min at Fast Process Corner
  Data Path Delay:        0.037ns  (logic 0.037ns (100.000%)  route 0.000ns (0.000%))
  Logic Levels:           0  
  Clock Uncertainty:      0.025ns  ((TSJ^2 + TIJ^2)^1/2 + DJ) / 2 + PE
    Total System Jitter     (TSJ):    0.050ns
    Total Input Jitter      (TIJ):    0.000ns
    Discrete Jitter          (DJ):    0.000ns
    Phase Error              (PE):    0.000ns

    Location             Delay type                Incr(ns)  Path(ns)    Netlist Resource(s)
  -------------------------------------------------------------------    -------------------
                         (clock ap_clk rise edge)     0.000     0.000 r  
                                                      0.000     0.000 r  ap_clk (IN)
                         net (fo=15461, unset)        0.013     0.013    bd_0_i/hls_inst/inst/gmem_out_m_axi_U/bus_write/wreq_throttle/data_fifo/U_fifo_srl/ap_clk
    SLICE_X60Y10         FDRE                                         r  bd_0_i/hls_inst/inst/gmem_out_m_axi_U/bus_write/wreq_throttle/data_fifo/U_fifo_srl/dout_reg[130]/C
  -------------------------------------------------------------------    -------------------
    SLICE_X60Y10         FDRE (Prop_FFF_SLICEM_C_Q)
                                                      0.037     0.050 r  bd_0_i/hls_inst/inst/gmem_out_m_axi_U/bus_write/wreq_throttle/data_fifo/U_fifo_srl/dout_reg[130]/Q
                         net (fo=0)                   0.000     0.050    m_axi_gmem_out_wdata[130]
                                                                      r  m_axi_gmem_out_wdata[130] (OUT)
  -------------------------------------------------------------------    -------------------

Slack:                    inf
  Source:                 bd_0_i/hls_inst/inst/gmem_out_m_axi_U/bus_write/wreq_throttle/data_fifo/U_fifo_srl/dout_reg[146]/C
                            (rising edge-triggered cell FDRE clocked by ap_clk  {rise@0.000ns fall@1.923ns period=3.846ns})
  Destination:            m_axi_gmem_out_wdata[146]
                            (output port)
  Path Group:             (none)
  Path Type:              Min at Fast Process Corner
  Data Path Delay:        0.037ns  (logic 0.037ns (100.000%)  route 0.000ns (0.000%))
  Logic Levels:           0  
  Clock Uncertainty:      0.025ns  ((TSJ^2 + TIJ^2)^1/2 + DJ) / 2 + PE
    Total System Jitter     (TSJ):    0.050ns
    Total Input Jitter      (TIJ):    0.000ns
    Discrete Jitter          (DJ):    0.000ns
    Phase Error              (PE):    0.000ns

    Location             Delay type                Incr(ns)  Path(ns)    Netlist Resource(s)
  -------------------------------------------------------------------    -------------------
                         (clock ap_clk rise edge)     0.000     0.000 r  
                                                      0.000     0.000 r  ap_clk (IN)
                         net (fo=15461, unset)        0.013     0.013    bd_0_i/hls_inst/inst/gmem_out_m_axi_U/bus_write/wreq_throttle/data_fifo/U_fifo_srl/ap_clk
    SLICE_X91Y18         FDRE                                         r  bd_0_i/hls_inst/inst/gmem_out_m_axi_U/bus_write/wreq_throttle/data_fifo/U_fifo_srl/dout_reg[146]/C
  -------------------------------------------------------------------    -------------------
    SLICE_X91Y18         FDRE (Prop_FFF_SLICEM_C_Q)
                                                      0.037     0.050 r  bd_0_i/hls_inst/inst/gmem_out_m_axi_U/bus_write/wreq_throttle/data_fifo/U_fifo_srl/dout_reg[146]/Q
                         net (fo=0)                   0.000     0.050    m_axi_gmem_out_wdata[146]
                                                                      r  m_axi_gmem_out_wdata[146] (OUT)
  -------------------------------------------------------------------    -------------------





--------------------------------------------------------------------------------------
Path Group:  (none)
From Clock:  
  To Clock:  ap_clk

Max Delay          7189 Endpoints
Min Delay          7189 Endpoints
--------------------------------------------------------------------------------------


Max Delay Paths
--------------------------------------------------------------------------------------
Slack:                    inf
  Source:                 s_axi_control_wvalid
                            (input port)
  Destination:            bd_0_i/hls_inst/inst/control_s_axi_U/int_weight_col7_reg[19]/CE
                            (rising edge-triggered cell FDRE clocked by ap_clk  {rise@0.000ns fall@1.923ns period=3.846ns})
  Path Group:             (none)
  Path Type:              Setup (Max at Slow Process Corner)
  Data Path Delay:        1.763ns  (logic 0.194ns (11.003%)  route 1.569ns (88.997%))
  Logic Levels:           2  (LUT6=2)
  Clock Path Skew:        0.021ns (DCD - SCD + CPR)
    Destination Clock Delay (DCD):    0.021ns
    Source Clock Delay      (SCD):    0.000ns
    Clock Pessimism Removal (CPR):    0.000ns
  Clock Uncertainty:      0.025ns  ((TSJ^2 + TIJ^2)^1/2 + DJ) / 2 + PE
    Total System Jitter     (TSJ):    0.050ns
    Total Input Jitter      (TIJ):    0.000ns
    Discrete Jitter          (DJ):    0.000ns
    Phase Error              (PE):    0.000ns

    Location             Delay type                Incr(ns)  Path(ns)    Netlist Resource(s)
  -------------------------------------------------------------------    -------------------
                                                      0.000     0.000 r  s_axi_control_wvalid (IN)
                         net (fo=4, unset)            0.000     0.000    bd_0_i/hls_inst/inst/control_s_axi_U/s_axi_control_WVALID
    SLICE_X64Y77         LUT6 (Prop_G6LUT_SLICEL_I2_O)
                                                      0.097     0.097 r  bd_0_i/hls_inst/inst/control_s_axi_U/int_output_r[31]_i_3/O
                         net (fo=19, routed)          0.184     0.281    bd_0_i/hls_inst/inst/control_s_axi_U/int_output_r[31]_i_3_n_0
    SLICE_X66Y78         LUT6 (Prop_F6LUT_SLICEL_I1_O)
                                                      0.097     0.378 r  bd_0_i/hls_inst/inst/control_s_axi_U/int_weight_col7[31]_i_1/O
                         net (fo=32, routed)          1.386     1.763    bd_0_i/hls_inst/inst/control_s_axi_U/int_weight_col7[31]_i_1_n_0
    SLICE_X77Y101        FDRE                                         r  bd_0_i/hls_inst/inst/control_s_axi_U/int_weight_col7_reg[19]/CE
  -------------------------------------------------------------------    -------------------

                         (clock ap_clk rise edge)     0.000     0.000 r  
                                                      0.000     0.000 r  ap_clk (IN)
                         net (fo=15461, unset)        0.021     0.021    bd_0_i/hls_inst/inst/control_s_axi_U/ap_clk
    SLICE_X77Y101        FDRE                                         r  bd_0_i/hls_inst/inst/control_s_axi_U/int_weight_col7_reg[19]/C

Slack:                    inf
  Source:                 s_axi_control_wvalid
                            (input port)
  Destination:            bd_0_i/hls_inst/inst/control_s_axi_U/int_weight_col7_reg[20]/CE
                            (rising edge-triggered cell FDRE clocked by ap_clk  {rise@0.000ns fall@1.923ns period=3.846ns})
  Path Group:             (none)
  Path Type:              Setup (Max at Slow Process Corner)
  Data Path Delay:        1.763ns  (logic 0.194ns (11.003%)  route 1.569ns (88.997%))
  Logic Levels:           2  (LUT6=2)
  Clock Path Skew:        0.021ns (DCD - SCD + CPR)
    Destination Clock Delay (DCD):    0.021ns
    Source Clock Delay      (SCD):    0.000ns
    Clock Pessimism Removal (CPR):    0.000ns
  Clock Uncertainty:      0.025ns  ((TSJ^2 + TIJ^2)^1/2 + DJ) / 2 + PE
    Total System Jitter     (TSJ):    0.050ns
    Total Input Jitter      (TIJ):    0.000ns
    Discrete Jitter          (DJ):    0.000ns
    Phase Error              (PE):    0.000ns

    Location             Delay type                Incr(ns)  Path(ns)    Netlist Resource(s)
  -------------------------------------------------------------------    -------------------
                                                      0.000     0.000 r  s_axi_control_wvalid (IN)
                         net (fo=4, unset)            0.000     0.000    bd_0_i/hls_inst/inst/control_s_axi_U/s_axi_control_WVALID
    SLICE_X64Y77         LUT6 (Prop_G6LUT_SLICEL_I2_O)
                                                      0.097     0.097 r  bd_0_i/hls_inst/inst/control_s_axi_U/int_output_r[31]_i_3/O
                         net (fo=19, routed)          0.184     0.281    bd_0_i/hls_inst/inst/control_s_axi_U/int_output_r[31]_i_3_n_0
    SLICE_X66Y78         LUT6 (Prop_F6LUT_SLICEL_I1_O)
                                                      0.097     0.378 r  bd_0_i/hls_inst/inst/control_s_axi_U/int_weight_col7[31]_i_1/O
                         net (fo=32, routed)          1.386     1.763    bd_0_i/hls_inst/inst/control_s_axi_U/int_weight_col7[31]_i_1_n_0
    SLICE_X77Y101        FDRE                                         r  bd_0_i/hls_inst/inst/control_s_axi_U/int_weight_col7_reg[20]/CE
  -------------------------------------------------------------------    -------------------

                         (clock ap_clk rise edge)     0.000     0.000 r  
                                                      0.000     0.000 r  ap_clk (IN)
                         net (fo=15461, unset)        0.021     0.021    bd_0_i/hls_inst/inst/control_s_axi_U/ap_clk
    SLICE_X77Y101        FDRE                                         r  bd_0_i/hls_inst/inst/control_s_axi_U/int_weight_col7_reg[20]/C

Slack:                    inf
  Source:                 s_axi_control_wvalid
                            (input port)
  Destination:            bd_0_i/hls_inst/inst/control_s_axi_U/int_weight_col18_reg[56]/CE
                            (rising edge-triggered cell FDRE clocked by ap_clk  {rise@0.000ns fall@1.923ns period=3.846ns})
  Path Group:             (none)
  Path Type:              Setup (Max at Slow Process Corner)
  Data Path Delay:        1.725ns  (logic 0.369ns (21.391%)  route 1.356ns (78.609%))
  Logic Levels:           3  (LUT3=1 LUT5=2)
  Clock Path Skew:        0.021ns (DCD - SCD + CPR)
    Destination Clock Delay (DCD):    0.021ns
    Source Clock Delay      (SCD):    0.000ns
    Clock Pessimism Removal (CPR):    0.000ns
  Clock Uncertainty:      0.025ns  ((TSJ^2 + TIJ^2)^1/2 + DJ) / 2 + PE
    Total System Jitter     (TSJ):    0.050ns
    Total Input Jitter      (TIJ):    0.000ns
    Discrete Jitter          (DJ):    0.000ns
    Phase Error              (PE):    0.000ns

    Location             Delay type                Incr(ns)  Path(ns)    Netlist Resource(s)
  -------------------------------------------------------------------    -------------------
                                                      0.000     0.000 r  s_axi_control_wvalid (IN)
                         net (fo=4, unset)            0.000     0.000    bd_0_i/hls_inst/inst/control_s_axi_U/s_axi_control_WVALID
    SLICE_X64Y77         LUT5 (Prop_A5LUT_SLICEL_I3_O)
                                                      0.112     0.112 r  bd_0_i/hls_inst/inst/control_s_axi_U/int_weight_col17[63]_i_3/O
                         net (fo=18, routed)          0.181     0.293    bd_0_i/hls_inst/inst/control_s_axi_U/int_weight_col17[63]_i_3_n_0
    SLICE_X64Y76         LUT5 (Prop_D6LUT_SLICEL_I2_O)
                                                      0.099     0.392 r  bd_0_i/hls_inst/inst/control_s_axi_U/int_weight_col18[31]_i_3/O
                         net (fo=2, routed)           0.056     0.448    bd_0_i/hls_inst/inst/control_s_axi_U/int_weight_col18[31]_i_3_n_0
    SLICE_X64Y76         LUT3 (Prop_C5LUT_SLICEL_I1_O)
                                                      0.158     0.606 r  bd_0_i/hls_inst/inst/control_s_axi_U/int_weight_col18[63]_i_1/O
                         net (fo=32, routed)          1.119     1.725    bd_0_i/hls_inst/inst/control_s_axi_U/int_weight_col18[63]_i_1_n_0
    SLICE_X72Y96         FDRE                                         r  bd_0_i/hls_inst/inst/control_s_axi_U/int_weight_col18_reg[56]/CE
  -------------------------------------------------------------------    -------------------

                         (clock ap_clk rise edge)     0.000     0.000 r  
                                                      0.000     0.000 r  ap_clk (IN)
                         net (fo=15461, unset)        0.021     0.021    bd_0_i/hls_inst/inst/control_s_axi_U/ap_clk
    SLICE_X72Y96         FDRE                                         r  bd_0_i/hls_inst/inst/control_s_axi_U/int_weight_col18_reg[56]/C

Slack:                    inf
  Source:                 s_axi_control_wvalid
                            (input port)
  Destination:            bd_0_i/hls_inst/inst/control_s_axi_U/int_weight_col2_reg[50]/CE
                            (rising edge-triggered cell FDRE clocked by ap_clk  {rise@0.000ns fall@1.923ns period=3.846ns})
  Path Group:             (none)
  Path Type:              Setup (Max at Slow Process Corner)
  Data Path Delay:        1.710ns  (logic 0.325ns (19.002%)  route 1.385ns (80.998%))
  Logic Levels:           3  (LUT3=1 LUT5=2)
  Clock Path Skew:        0.020ns (DCD - SCD + CPR)
    Destination Clock Delay (DCD):    0.020ns
    Source Clock Delay      (SCD):    0.000ns
    Clock Pessimism Removal (CPR):    0.000ns
  Clock Uncertainty:      0.025ns  ((TSJ^2 + TIJ^2)^1/2 + DJ) / 2 + PE
    Total System Jitter     (TSJ):    0.050ns
    Total Input Jitter      (TIJ):    0.000ns
    Discrete Jitter          (DJ):    0.000ns
    Phase Error              (PE):    0.000ns

    Location             Delay type                Incr(ns)  Path(ns)    Netlist Resource(s)
  -------------------------------------------------------------------    -------------------
                                                      0.000     0.000 r  s_axi_control_wvalid (IN)
                         net (fo=4, unset)            0.000     0.000    bd_0_i/hls_inst/inst/control_s_axi_U/s_axi_control_WVALID
    SLICE_X64Y77         LUT5 (Prop_A6LUT_SLICEL_I2_O)
                                                      0.098     0.098 r  bd_0_i/hls_inst/inst/control_s_axi_U/int_weight_col1[63]_i_3/O
                         net (fo=12, routed)          0.226     0.324    bd_0_i/hls_inst/inst/control_s_axi_U/int_weight_col1[63]_i_3_n_0
    SLICE_X66Y76         LUT5 (Prop_C6LUT_SLICEL_I1_O)
                                                      0.123     0.447 r  bd_0_i/hls_inst/inst/control_s_axi_U/int_weight_col2[31]_i_3/O
                         net (fo=2, routed)           0.047     0.494    bd_0_i/hls_inst/inst/control_s_axi_U/int_weight_col2[31]_i_3_n_0
    SLICE_X66Y76         LUT3 (Prop_B5LUT_SLICEL_I1_O)
                                                      0.104     0.598 r  bd_0_i/hls_inst/inst/control_s_axi_U/int_weight_col2[63]_i_1/O
                         net (fo=32, routed)          1.113     1.710    bd_0_i/hls_inst/inst/control_s_axi_U/int_weight_col2[63]_i_1_n_0
    SLICE_X78Y103        FDRE                                         r  bd_0_i/hls_inst/inst/control_s_axi_U/int_weight_col2_reg[50]/CE
  -------------------------------------------------------------------    -------------------

                         (clock ap_clk rise edge)     0.000     0.000 r  
                                                      0.000     0.000 r  ap_clk (IN)
                         net (fo=15461, unset)        0.020     0.020    bd_0_i/hls_inst/inst/control_s_axi_U/ap_clk
    SLICE_X78Y103        FDRE                                         r  bd_0_i/hls_inst/inst/control_s_axi_U/int_weight_col2_reg[50]/C

Slack:                    inf
  Source:                 s_axi_control_wvalid
                            (input port)
  Destination:            bd_0_i/hls_inst/inst/control_s_axi_U/int_weight_col2_reg[52]/CE
                            (rising edge-triggered cell FDRE clocked by ap_clk  {rise@0.000ns fall@1.923ns period=3.846ns})
  Path Group:             (none)
  Path Type:              Setup (Max at Slow Process Corner)
  Data Path Delay:        1.710ns  (logic 0.325ns (19.002%)  route 1.385ns (80.998%))
  Logic Levels:           3  (LUT3=1 LUT5=2)
  Clock Path Skew:        0.020ns (DCD - SCD + CPR)
    Destination Clock Delay (DCD):    0.020ns
    Source Clock Delay      (SCD):    0.000ns
    Clock Pessimism Removal (CPR):    0.000ns
  Clock Uncertainty:      0.025ns  ((TSJ^2 + TIJ^2)^1/2 + DJ) / 2 + PE
    Total System Jitter     (TSJ):    0.050ns
    Total Input Jitter      (TIJ):    0.000ns
    Discrete Jitter          (DJ):    0.000ns
    Phase Error              (PE):    0.000ns

    Location             Delay type                Incr(ns)  Path(ns)    Netlist Resource(s)
  -------------------------------------------------------------------    -------------------
                                                      0.000     0.000 r  s_axi_control_wvalid (IN)
                         net (fo=4, unset)            0.000     0.000    bd_0_i/hls_inst/inst/control_s_axi_U/s_axi_control_WVALID
    SLICE_X64Y77         LUT5 (Prop_A6LUT_SLICEL_I2_O)
                                                      0.098     0.098 r  bd_0_i/hls_inst/inst/control_s_axi_U/int_weight_col1[63]_i_3/O
                         net (fo=12, routed)          0.226     0.324    bd_0_i/hls_inst/inst/control_s_axi_U/int_weight_col1[63]_i_3_n_0
    SLICE_X66Y76         LUT5 (Prop_C6LUT_SLICEL_I1_O)
                                                      0.123     0.447 r  bd_0_i/hls_inst/inst/control_s_axi_U/int_weight_col2[31]_i_3/O
                         net (fo=2, routed)           0.047     0.494    bd_0_i/hls_inst/inst/control_s_axi_U/int_weight_col2[31]_i_3_n_0
    SLICE_X66Y76         LUT3 (Prop_B5LUT_SLICEL_I1_O)
                                                      0.104     0.598 r  bd_0_i/hls_inst/inst/control_s_axi_U/int_weight_col2[63]_i_1/O
                         net (fo=32, routed)          1.113     1.710    bd_0_i/hls_inst/inst/control_s_axi_U/int_weight_col2[63]_i_1_n_0
    SLICE_X78Y103        FDRE                                         r  bd_0_i/hls_inst/inst/control_s_axi_U/int_weight_col2_reg[52]/CE
  -------------------------------------------------------------------    -------------------

                         (clock ap_clk rise edge)     0.000     0.000 r  
                                                      0.000     0.000 r  ap_clk (IN)
                         net (fo=15461, unset)        0.020     0.020    bd_0_i/hls_inst/inst/control_s_axi_U/ap_clk
    SLICE_X78Y103        FDRE                                         r  bd_0_i/hls_inst/inst/control_s_axi_U/int_weight_col2_reg[52]/C

Slack:                    inf
  Source:                 s_axi_control_wvalid
                            (input port)
  Destination:            bd_0_i/hls_inst/inst/control_s_axi_U/int_weight_col13_reg[52]/CE
                            (rising edge-triggered cell FDRE clocked by ap_clk  {rise@0.000ns fall@1.923ns period=3.846ns})
  Path Group:             (none)
  Path Type:              Setup (Max at Slow Process Corner)
  Data Path Delay:        1.704ns  (logic 0.221ns (12.970%)  route 1.483ns (87.030%))
  Logic Levels:           2  (LUT5=1 LUT6=1)
  Clock Path Skew:        0.021ns (DCD - SCD + CPR)
    Destination Clock Delay (DCD):    0.021ns
    Source Clock Delay      (SCD):    0.000ns
    Clock Pessimism Removal (CPR):    0.000ns
  Clock Uncertainty:      0.025ns  ((TSJ^2 + TIJ^2)^1/2 + DJ) / 2 + PE
    Total System Jitter     (TSJ):    0.050ns
    Total Input Jitter      (TIJ):    0.000ns
    Discrete Jitter          (DJ):    0.000ns
    Phase Error              (PE):    0.000ns

    Location             Delay type                Incr(ns)  Path(ns)    Netlist Resource(s)
  -------------------------------------------------------------------    -------------------
                                                      0.000     0.000 r  s_axi_control_wvalid (IN)
                         net (fo=4, unset)            0.000     0.000    bd_0_i/hls_inst/inst/control_s_axi_U/s_axi_control_WVALID
    SLICE_X64Y77         LUT5 (Prop_A6LUT_SLICEL_I2_O)
                                                      0.098     0.098 r  bd_0_i/hls_inst/inst/control_s_axi_U/int_weight_col1[63]_i_3/O
                         net (fo=12, routed)          0.124     0.222    bd_0_i/hls_inst/inst/control_s_axi_U/int_weight_col1[63]_i_3_n_0
    SLICE_X65Y76         LUT6 (Prop_G6LUT_SLICEM_I1_O)
                                                      0.123     0.345 r  bd_0_i/hls_inst/inst/control_s_axi_U/int_weight_col13[63]_i_1/O
                         net (fo=32, routed)          1.359     1.704    bd_0_i/hls_inst/inst/control_s_axi_U/int_weight_col13[63]_i_1_n_0
    SLICE_X72Y99         FDRE                                         r  bd_0_i/hls_inst/inst/control_s_axi_U/int_weight_col13_reg[52]/CE
  -------------------------------------------------------------------    -------------------

                         (clock ap_clk rise edge)     0.000     0.000 r  
                                                      0.000     0.000 r  ap_clk (IN)
                         net (fo=15461, unset)        0.021     0.021    bd_0_i/hls_inst/inst/control_s_axi_U/ap_clk
    SLICE_X72Y99         FDRE                                         r  bd_0_i/hls_inst/inst/control_s_axi_U/int_weight_col13_reg[52]/C

Slack:                    inf
  Source:                 s_axi_control_wvalid
                            (input port)
  Destination:            bd_0_i/hls_inst/inst/control_s_axi_U/int_weight_col8_reg[19]/CE
                            (rising edge-triggered cell FDRE clocked by ap_clk  {rise@0.000ns fall@1.923ns period=3.846ns})
  Path Group:             (none)
  Path Type:              Setup (Max at Slow Process Corner)
  Data Path Delay:        1.703ns  (logic 0.150ns (8.811%)  route 1.553ns (91.189%))
  Logic Levels:           2  (LUT6=2)
  Clock Path Skew:        0.021ns (DCD - SCD + CPR)
    Destination Clock Delay (DCD):    0.021ns
    Source Clock Delay      (SCD):    0.000ns
    Clock Pessimism Removal (CPR):    0.000ns
  Clock Uncertainty:      0.025ns  ((TSJ^2 + TIJ^2)^1/2 + DJ) / 2 + PE
    Total System Jitter     (TSJ):    0.050ns
    Total Input Jitter      (TIJ):    0.000ns
    Discrete Jitter          (DJ):    0.000ns
    Phase Error              (PE):    0.000ns

    Location             Delay type                Incr(ns)  Path(ns)    Netlist Resource(s)
  -------------------------------------------------------------------    -------------------
                                                      0.000     0.000 r  s_axi_control_wvalid (IN)
                         net (fo=4, unset)            0.000     0.000    bd_0_i/hls_inst/inst/control_s_axi_U/s_axi_control_WVALID
    SLICE_X64Y77         LUT6 (Prop_G6LUT_SLICEL_I2_O)
                                                      0.097     0.097 r  bd_0_i/hls_inst/inst/control_s_axi_U/int_output_r[31]_i_3/O
                         net (fo=19, routed)          0.237     0.334    bd_0_i/hls_inst/inst/control_s_axi_U/int_output_r[31]_i_3_n_0
    SLICE_X65Y79         LUT6 (Prop_H6LUT_SLICEM_I4_O)
                                                      0.053     0.387 r  bd_0_i/hls_inst/inst/control_s_axi_U/int_weight_col8[31]_i_1/O
                         net (fo=32, routed)          1.315     1.703    bd_0_i/hls_inst/inst/control_s_axi_U/int_weight_col8[31]_i_1_n_0
    SLICE_X77Y101        FDRE                                         r  bd_0_i/hls_inst/inst/control_s_axi_U/int_weight_col8_reg[19]/CE
  -------------------------------------------------------------------    -------------------

                         (clock ap_clk rise edge)     0.000     0.000 r  
                                                      0.000     0.000 r  ap_clk (IN)
                         net (fo=15461, unset)        0.021     0.021    bd_0_i/hls_inst/inst/control_s_axi_U/ap_clk
    SLICE_X77Y101        FDRE                                         r  bd_0_i/hls_inst/inst/control_s_axi_U/int_weight_col8_reg[19]/C

Slack:                    inf
  Source:                 s_axi_control_wvalid
                            (input port)
  Destination:            bd_0_i/hls_inst/inst/control_s_axi_U/int_weight_col8_reg[20]/CE
                            (rising edge-triggered cell FDRE clocked by ap_clk  {rise@0.000ns fall@1.923ns period=3.846ns})
  Path Group:             (none)
  Path Type:              Setup (Max at Slow Process Corner)
  Data Path Delay:        1.703ns  (logic 0.150ns (8.811%)  route 1.553ns (91.189%))
  Logic Levels:           2  (LUT6=2)
  Clock Path Skew:        0.021ns (DCD - SCD + CPR)
    Destination Clock Delay (DCD):    0.021ns
    Source Clock Delay      (SCD):    0.000ns
    Clock Pessimism Removal (CPR):    0.000ns
  Clock Uncertainty:      0.025ns  ((TSJ^2 + TIJ^2)^1/2 + DJ) / 2 + PE
    Total System Jitter     (TSJ):    0.050ns
    Total Input Jitter      (TIJ):    0.000ns
    Discrete Jitter          (DJ):    0.000ns
    Phase Error              (PE):    0.000ns

    Location             Delay type                Incr(ns)  Path(ns)    Netlist Resource(s)
  -------------------------------------------------------------------    -------------------
                                                      0.000     0.000 r  s_axi_control_wvalid (IN)
                         net (fo=4, unset)            0.000     0.000    bd_0_i/hls_inst/inst/control_s_axi_U/s_axi_control_WVALID
    SLICE_X64Y77         LUT6 (Prop_G6LUT_SLICEL_I2_O)
                                                      0.097     0.097 r  bd_0_i/hls_inst/inst/control_s_axi_U/int_output_r[31]_i_3/O
                         net (fo=19, routed)          0.237     0.334    bd_0_i/hls_inst/inst/control_s_axi_U/int_output_r[31]_i_3_n_0
    SLICE_X65Y79         LUT6 (Prop_H6LUT_SLICEM_I4_O)
                                                      0.053     0.387 r  bd_0_i/hls_inst/inst/control_s_axi_U/int_weight_col8[31]_i_1/O
                         net (fo=32, routed)          1.315     1.703    bd_0_i/hls_inst/inst/control_s_axi_U/int_weight_col8[31]_i_1_n_0
    SLICE_X77Y101        FDRE                                         r  bd_0_i/hls_inst/inst/control_s_axi_U/int_weight_col8_reg[20]/CE
  -------------------------------------------------------------------    -------------------

                         (clock ap_clk rise edge)     0.000     0.000 r  
                                                      0.000     0.000 r  ap_clk (IN)
                         net (fo=15461, unset)        0.021     0.021    bd_0_i/hls_inst/inst/control_s_axi_U/ap_clk
    SLICE_X77Y101        FDRE                                         r  bd_0_i/hls_inst/inst/control_s_axi_U/int_weight_col8_reg[20]/C

Slack:                    inf
  Source:                 s_axi_control_wvalid
                            (input port)
  Destination:            bd_0_i/hls_inst/inst/control_s_axi_U/int_act_packed_reg[29]/CE
                            (rising edge-triggered cell FDRE clocked by ap_clk  {rise@0.000ns fall@1.923ns period=3.846ns})
  Path Group:             (none)
  Path Type:              Setup (Max at Slow Process Corner)
  Data Path Delay:        1.700ns  (logic 0.148ns (8.706%)  route 1.552ns (91.294%))
  Logic Levels:           2  (LUT6=2)
  Clock Path Skew:        0.020ns (DCD - SCD + CPR)
    Destination Clock Delay (DCD):    0.020ns
    Source Clock Delay      (SCD):    0.000ns
    Clock Pessimism Removal (CPR):    0.000ns
  Clock Uncertainty:      0.025ns  ((TSJ^2 + TIJ^2)^1/2 + DJ) / 2 + PE
    Total System Jitter     (TSJ):    0.050ns
    Total Input Jitter      (TIJ):    0.000ns
    Discrete Jitter          (DJ):    0.000ns
    Phase Error              (PE):    0.000ns

    Location             Delay type                Incr(ns)  Path(ns)    Netlist Resource(s)
  -------------------------------------------------------------------    -------------------
                                                      0.000     0.000 r  s_axi_control_wvalid (IN)
                         net (fo=4, unset)            0.000     0.000    bd_0_i/hls_inst/inst/control_s_axi_U/s_axi_control_WVALID
    SLICE_X64Y77         LUT6 (Prop_G6LUT_SLICEL_I2_O)
                                                      0.097     0.097 r  bd_0_i/hls_inst/inst/control_s_axi_U/int_output_r[31]_i_3/O
                         net (fo=19, routed)          0.286     0.383    bd_0_i/hls_inst/inst/control_s_axi_U/int_output_r[31]_i_3_n_0
    SLICE_X67Y77         LUT6 (Prop_H6LUT_SLICEL_I3_O)
                                                      0.051     0.434 r  bd_0_i/hls_inst/inst/control_s_axi_U/int_act_packed[31]_i_1/O
                         net (fo=32, routed)          1.266     1.700    bd_0_i/hls_inst/inst/control_s_axi_U/int_act_packed[31]_i_1_n_0
    SLICE_X73Y99         FDRE                                         r  bd_0_i/hls_inst/inst/control_s_axi_U/int_act_packed_reg[29]/CE
  -------------------------------------------------------------------    -------------------

                         (clock ap_clk rise edge)     0.000     0.000 r  
                                                      0.000     0.000 r  ap_clk (IN)
                         net (fo=15461, unset)        0.020     0.020    bd_0_i/hls_inst/inst/control_s_axi_U/ap_clk
    SLICE_X73Y99         FDRE                                         r  bd_0_i/hls_inst/inst/control_s_axi_U/int_act_packed_reg[29]/C

Slack:                    inf
  Source:                 s_axi_control_wvalid
                            (input port)
  Destination:            bd_0_i/hls_inst/inst/control_s_axi_U/int_weight_col14_reg[51]/CE
                            (rising edge-triggered cell FDRE clocked by ap_clk  {rise@0.000ns fall@1.923ns period=3.846ns})
  Path Group:             (none)
  Path Type:              Setup (Max at Slow Process Corner)
  Data Path Delay:        1.687ns  (logic 0.302ns (17.906%)  route 1.385ns (82.094%))
  Logic Levels:           3  (LUT4=2 LUT5=1)
  Clock Path Skew:        0.021ns (DCD - SCD + CPR)
    Destination Clock Delay (DCD):    0.021ns
    Source Clock Delay      (SCD):    0.000ns
    Clock Pessimism Removal (CPR):    0.000ns
  Clock Uncertainty:      0.025ns  ((TSJ^2 + TIJ^2)^1/2 + DJ) / 2 + PE
    Total System Jitter     (TSJ):    0.050ns
    Total Input Jitter      (TIJ):    0.000ns
    Discrete Jitter          (DJ):    0.000ns
    Phase Error              (PE):    0.000ns

    Location             Delay type                Incr(ns)  Path(ns)    Netlist Resource(s)
  -------------------------------------------------------------------    -------------------
                                                      0.000     0.000 r  s_axi_control_wvalid (IN)
                         net (fo=4, unset)            0.000     0.000    bd_0_i/hls_inst/inst/control_s_axi_U/s_axi_control_WVALID
    SLICE_X64Y77         LUT5 (Prop_A6LUT_SLICEL_I2_O)
                                                      0.098     0.098 r  bd_0_i/hls_inst/inst/control_s_axi_U/int_weight_col1[63]_i_3/O
                         net (fo=12, routed)          0.226     0.324    bd_0_i/hls_inst/inst/control_s_axi_U/int_weight_col1[63]_i_3_n_0
    SLICE_X66Y76         LUT4 (Prop_C5LUT_SLICEL_I1_O)
                                                      0.136     0.460 r  bd_0_i/hls_inst/inst/control_s_axi_U/int_weight_col12[31]_i_3/O
                         net (fo=5, routed)           0.176     0.636    bd_0_i/hls_inst/inst/control_s_axi_U/int_weight_col12[31]_i_3_n_0
    SLICE_X65Y77         LUT4 (Prop_C5LUT_SLICEM_I2_O)
                                                      0.068     0.704 r  bd_0_i/hls_inst/inst/control_s_axi_U/int_weight_col14[63]_i_1/O
                         net (fo=32, routed)          0.982     1.687    bd_0_i/hls_inst/inst/control_s_axi_U/int_weight_col14[63]_i_1_n_0
    SLICE_X72Y98         FDRE                                         r  bd_0_i/hls_inst/inst/control_s_axi_U/int_weight_col14_reg[51]/CE
  -------------------------------------------------------------------    -------------------

                         (clock ap_clk rise edge)     0.000     0.000 r  
                                                      0.000     0.000 r  ap_clk (IN)
                         net (fo=15461, unset)        0.021     0.021    bd_0_i/hls_inst/inst/control_s_axi_U/ap_clk
    SLICE_X72Y98         FDRE                                         r  bd_0_i/hls_inst/inst/control_s_axi_U/int_weight_col14_reg[51]/C





Min Delay Paths
--------------------------------------------------------------------------------------
Slack:                    inf
  Source:                 s_axi_control_awaddr[2]
                            (input port)
  Destination:            bd_0_i/hls_inst/inst/control_s_axi_U/waddr_reg[2]/D
                            (rising edge-triggered cell FDRE clocked by ap_clk  {rise@0.000ns fall@1.923ns period=3.846ns})
  Path Group:             (none)
  Path Type:              Hold (Min at Fast Process Corner)
  Data Path Delay:        0.007ns  (logic 0.000ns (0.000%)  route 0.007ns (100.000%))
  Logic Levels:           0  
  Clock Path Skew:        0.019ns (DCD - SCD - CPR)
    Destination Clock Delay (DCD):    0.019ns
    Source Clock Delay      (SCD):    0.000ns
    Clock Pessimism Removal (CPR):    -0.000ns

    Location             Delay type                Incr(ns)  Path(ns)    Netlist Resource(s)
  -------------------------------------------------------------------    -------------------
                                                      0.000     0.000 r  s_axi_control_awaddr[2] (IN)
                         net (fo=0)                   0.007     0.007    bd_0_i/hls_inst/inst/control_s_axi_U/s_axi_control_AWADDR[2]
    SLICE_X65Y79         FDRE                                         r  bd_0_i/hls_inst/inst/control_s_axi_U/waddr_reg[2]/D
  -------------------------------------------------------------------    -------------------

                         (clock ap_clk rise edge)     0.000     0.000 r  
                                                      0.000     0.000 r  ap_clk (IN)
                         net (fo=15461, unset)        0.019     0.019    bd_0_i/hls_inst/inst/control_s_axi_U/ap_clk
    SLICE_X65Y79         FDRE                                         r  bd_0_i/hls_inst/inst/control_s_axi_U/waddr_reg[2]/C

Slack:                    inf
  Source:                 s_axi_control_awaddr[7]
                            (input port)
  Destination:            bd_0_i/hls_inst/inst/control_s_axi_U/waddr_reg[7]/D
                            (rising edge-triggered cell FDRE clocked by ap_clk  {rise@0.000ns fall@1.923ns period=3.846ns})
  Path Group:             (none)
  Path Type:              Hold (Min at Fast Process Corner)
  Data Path Delay:        0.007ns  (logic 0.000ns (0.000%)  route 0.007ns (100.000%))
  Logic Levels:           0  
  Clock Path Skew:        0.019ns (DCD - SCD - CPR)
    Destination Clock Delay (DCD):    0.019ns
    Source Clock Delay      (SCD):    0.000ns
    Clock Pessimism Removal (CPR):    -0.000ns

    Location             Delay type                Incr(ns)  Path(ns)    Netlist Resource(s)
  -------------------------------------------------------------------    -------------------
                                                      0.000     0.000 r  s_axi_control_awaddr[7] (IN)
                         net (fo=0)                   0.007     0.007    bd_0_i/hls_inst/inst/control_s_axi_U/s_axi_control_AWADDR[7]
    SLICE_X64Y77         FDRE                                         r  bd_0_i/hls_inst/inst/control_s_axi_U/waddr_reg[7]/D
  -------------------------------------------------------------------    -------------------

                         (clock ap_clk rise edge)     0.000     0.000 r  
                                                      0.000     0.000 r  ap_clk (IN)
                         net (fo=15461, unset)        0.019     0.019    bd_0_i/hls_inst/inst/control_s_axi_U/ap_clk
    SLICE_X64Y77         FDRE                                         r  bd_0_i/hls_inst/inst/control_s_axi_U/waddr_reg[7]/C

Slack:                    inf
  Source:                 m_axi_gmem_act_rdata[0]
                            (input port)
  Destination:            bd_0_i/hls_inst/inst/gmem_act_m_axi_U/bus_read/rs_rdata/data_p2_reg[0]/D
                            (rising edge-triggered cell FDRE clocked by ap_clk  {rise@0.000ns fall@1.923ns period=3.846ns})
  Path Group:             (none)
  Path Type:              Hold (Min at Fast Process Corner)
  Data Path Delay:        0.007ns  (logic 0.000ns (0.000%)  route 0.007ns (100.000%))
  Logic Levels:           0  
  Clock Path Skew:        0.018ns (DCD - SCD - CPR)
    Destination Clock Delay (DCD):    0.018ns
    Source Clock Delay      (SCD):    0.000ns
    Clock Pessimism Removal (CPR):    -0.000ns

    Location             Delay type                Incr(ns)  Path(ns)    Netlist Resource(s)
  -------------------------------------------------------------------    -------------------
                                                      0.000     0.000 r  m_axi_gmem_act_rdata[0] (IN)
                         net (fo=1, unset)            0.007     0.007    bd_0_i/hls_inst/inst/gmem_act_m_axi_U/bus_read/rs_rdata/D[0]
    SLICE_X90Y36         FDRE                                         r  bd_0_i/hls_inst/inst/gmem_act_m_axi_U/bus_read/rs_rdata/data_p2_reg[0]/D
  -------------------------------------------------------------------    -------------------

                         (clock ap_clk rise edge)     0.000     0.000 r  
                                                      0.000     0.000 r  ap_clk (IN)
                         net (fo=15461, unset)        0.018     0.018    bd_0_i/hls_inst/inst/gmem_act_m_axi_U/bus_read/rs_rdata/ap_clk
    SLICE_X90Y36         FDRE                                         r  bd_0_i/hls_inst/inst/gmem_act_m_axi_U/bus_read/rs_rdata/data_p2_reg[0]/C

Slack:                    inf
  Source:                 m_axi_gmem_act_rdata[101]
                            (input port)
  Destination:            bd_0_i/hls_inst/inst/gmem_act_m_axi_U/bus_read/rs_rdata/data_p2_reg[101]/D
                            (rising edge-triggered cell FDRE clocked by ap_clk  {rise@0.000ns fall@1.923ns period=3.846ns})
  Path Group:             (none)
  Path Type:              Hold (Min at Fast Process Corner)
  Data Path Delay:        0.007ns  (logic 0.000ns (0.000%)  route 0.007ns (100.000%))
  Logic Levels:           0  
  Clock Path Skew:        0.019ns (DCD - SCD - CPR)
    Destination Clock Delay (DCD):    0.019ns
    Source Clock Delay      (SCD):    0.000ns
    Clock Pessimism Removal (CPR):    -0.000ns

    Location             Delay type                Incr(ns)  Path(ns)    Netlist Resource(s)
  -------------------------------------------------------------------    -------------------
                                                      0.000     0.000 r  m_axi_gmem_act_rdata[101] (IN)
                         net (fo=1, unset)            0.007     0.007    bd_0_i/hls_inst/inst/gmem_act_m_axi_U/bus_read/rs_rdata/D[101]
    SLICE_X91Y35         FDRE                                         r  bd_0_i/hls_inst/inst/gmem_act_m_axi_U/bus_read/rs_rdata/data_p2_reg[101]/D
  -------------------------------------------------------------------    -------------------

                         (clock ap_clk rise edge)     0.000     0.000 r  
                                                      0.000     0.000 r  ap_clk (IN)
                         net (fo=15461, unset)        0.019     0.019    bd_0_i/hls_inst/inst/gmem_act_m_axi_U/bus_read/rs_rdata/ap_clk
    SLICE_X91Y35         FDRE                                         r  bd_0_i/hls_inst/inst/gmem_act_m_axi_U/bus_read/rs_rdata/data_p2_reg[101]/C

Slack:                    inf
  Source:                 m_axi_gmem_act_rdata[102]
                            (input port)
  Destination:            bd_0_i/hls_inst/inst/gmem_act_m_axi_U/bus_read/rs_rdata/data_p2_reg[102]/D
                            (rising edge-triggered cell FDRE clocked by ap_clk  {rise@0.000ns fall@1.923ns period=3.846ns})
  Path Group:             (none)
  Path Type:              Hold (Min at Fast Process Corner)
  Data Path Delay:        0.007ns  (logic 0.000ns (0.000%)  route 0.007ns (100.000%))
  Logic Levels:           0  
  Clock Path Skew:        0.019ns (DCD - SCD - CPR)
    Destination Clock Delay (DCD):    0.019ns
    Source Clock Delay      (SCD):    0.000ns
    Clock Pessimism Removal (CPR):    -0.000ns

    Location             Delay type                Incr(ns)  Path(ns)    Netlist Resource(s)
  -------------------------------------------------------------------    -------------------
                                                      0.000     0.000 r  m_axi_gmem_act_rdata[102] (IN)
                         net (fo=1, unset)            0.007     0.007    bd_0_i/hls_inst/inst/gmem_act_m_axi_U/bus_read/rs_rdata/D[102]
    SLICE_X90Y32         FDRE                                         r  bd_0_i/hls_inst/inst/gmem_act_m_axi_U/bus_read/rs_rdata/data_p2_reg[102]/D
  -------------------------------------------------------------------    -------------------

                         (clock ap_clk rise edge)     0.000     0.000 r  
                                                      0.000     0.000 r  ap_clk (IN)
                         net (fo=15461, unset)        0.019     0.019    bd_0_i/hls_inst/inst/gmem_act_m_axi_U/bus_read/rs_rdata/ap_clk
    SLICE_X90Y32         FDRE                                         r  bd_0_i/hls_inst/inst/gmem_act_m_axi_U/bus_read/rs_rdata/data_p2_reg[102]/C

Slack:                    inf
  Source:                 m_axi_gmem_act_rdata[104]
                            (input port)
  Destination:            bd_0_i/hls_inst/inst/gmem_act_m_axi_U/bus_read/rs_rdata/data_p2_reg[104]/D
                            (rising edge-triggered cell FDRE clocked by ap_clk  {rise@0.000ns fall@1.923ns period=3.846ns})
  Path Group:             (none)
  Path Type:              Hold (Min at Fast Process Corner)
  Data Path Delay:        0.007ns  (logic 0.000ns (0.000%)  route 0.007ns (100.000%))
  Logic Levels:           0  
  Clock Path Skew:        0.019ns (DCD - SCD - CPR)
    Destination Clock Delay (DCD):    0.019ns
    Source Clock Delay      (SCD):    0.000ns
    Clock Pessimism Removal (CPR):    -0.000ns

    Location             Delay type                Incr(ns)  Path(ns)    Netlist Resource(s)
  -------------------------------------------------------------------    -------------------
                                                      0.000     0.000 r  m_axi_gmem_act_rdata[104] (IN)
                         net (fo=1, unset)            0.007     0.007    bd_0_i/hls_inst/inst/gmem_act_m_axi_U/bus_read/rs_rdata/D[104]
    SLICE_X90Y30         FDRE                                         r  bd_0_i/hls_inst/inst/gmem_act_m_axi_U/bus_read/rs_rdata/data_p2_reg[104]/D
  -------------------------------------------------------------------    -------------------

                         (clock ap_clk rise edge)     0.000     0.000 r  
                                                      0.000     0.000 r  ap_clk (IN)
                         net (fo=15461, unset)        0.019     0.019    bd_0_i/hls_inst/inst/gmem_act_m_axi_U/bus_read/rs_rdata/ap_clk
    SLICE_X90Y30         FDRE                                         r  bd_0_i/hls_inst/inst/gmem_act_m_axi_U/bus_read/rs_rdata/data_p2_reg[104]/C

Slack:                    inf
  Source:                 m_axi_gmem_act_rdata[105]
                            (input port)
  Destination:            bd_0_i/hls_inst/inst/gmem_act_m_axi_U/bus_read/rs_rdata/data_p2_reg[105]/D
                            (rising edge-triggered cell FDRE clocked by ap_clk  {rise@0.000ns fall@1.923ns period=3.846ns})
  Path Group:             (none)
  Path Type:              Hold (Min at Fast Process Corner)
  Data Path Delay:        0.007ns  (logic 0.000ns (0.000%)  route 0.007ns (100.000%))
  Logic Levels:           0  
  Clock Path Skew:        0.019ns (DCD - SCD - CPR)
    Destination Clock Delay (DCD):    0.019ns
    Source Clock Delay      (SCD):    0.000ns
    Clock Pessimism Removal (CPR):    -0.000ns

    Location             Delay type                Incr(ns)  Path(ns)    Netlist Resource(s)
  -------------------------------------------------------------------    -------------------
                                                      0.000     0.000 r  m_axi_gmem_act_rdata[105] (IN)
                         net (fo=1, unset)            0.007     0.007    bd_0_i/hls_inst/inst/gmem_act_m_axi_U/bus_read/rs_rdata/D[105]
    SLICE_X91Y30         FDRE                                         r  bd_0_i/hls_inst/inst/gmem_act_m_axi_U/bus_read/rs_rdata/data_p2_reg[105]/D
  -------------------------------------------------------------------    -------------------

                         (clock ap_clk rise edge)     0.000     0.000 r  
                                                      0.000     0.000 r  ap_clk (IN)
                         net (fo=15461, unset)        0.019     0.019    bd_0_i/hls_inst/inst/gmem_act_m_axi_U/bus_read/rs_rdata/ap_clk
    SLICE_X91Y30         FDRE                                         r  bd_0_i/hls_inst/inst/gmem_act_m_axi_U/bus_read/rs_rdata/data_p2_reg[105]/C

Slack:                    inf
  Source:                 m_axi_gmem_act_rdata[106]
                            (input port)
  Destination:            bd_0_i/hls_inst/inst/gmem_act_m_axi_U/bus_read/rs_rdata/data_p2_reg[106]/D
                            (rising edge-triggered cell FDRE clocked by ap_clk  {rise@0.000ns fall@1.923ns period=3.846ns})
  Path Group:             (none)
  Path Type:              Hold (Min at Fast Process Corner)
  Data Path Delay:        0.007ns  (logic 0.000ns (0.000%)  route 0.007ns (100.000%))
  Logic Levels:           0  
  Clock Path Skew:        0.019ns (DCD - SCD - CPR)
    Destination Clock Delay (DCD):    0.019ns
    Source Clock Delay      (SCD):    0.000ns
    Clock Pessimism Removal (CPR):    -0.000ns

    Location             Delay type                Incr(ns)  Path(ns)    Netlist Resource(s)
  -------------------------------------------------------------------    -------------------
                                                      0.000     0.000 r  m_axi_gmem_act_rdata[106] (IN)
                         net (fo=1, unset)            0.007     0.007    bd_0_i/hls_inst/inst/gmem_act_m_axi_U/bus_read/rs_rdata/D[106]
    SLICE_X90Y30         FDRE                                         r  bd_0_i/hls_inst/inst/gmem_act_m_axi_U/bus_read/rs_rdata/data_p2_reg[106]/D
  -------------------------------------------------------------------    -------------------

                         (clock ap_clk rise edge)     0.000     0.000 r  
                                                      0.000     0.000 r  ap_clk (IN)
                         net (fo=15461, unset)        0.019     0.019    bd_0_i/hls_inst/inst/gmem_act_m_axi_U/bus_read/rs_rdata/ap_clk
    SLICE_X90Y30         FDRE                                         r  bd_0_i/hls_inst/inst/gmem_act_m_axi_U/bus_read/rs_rdata/data_p2_reg[106]/C

Slack:                    inf
  Source:                 m_axi_gmem_act_rdata[108]
                            (input port)
  Destination:            bd_0_i/hls_inst/inst/gmem_act_m_axi_U/bus_read/rs_rdata/data_p2_reg[108]/D
                            (rising edge-triggered cell FDRE clocked by ap_clk  {rise@0.000ns fall@1.923ns period=3.846ns})
  Path Group:             (none)
  Path Type:              Hold (Min at Fast Process Corner)
  Data Path Delay:        0.007ns  (logic 0.000ns (0.000%)  route 0.007ns (100.000%))
  Logic Levels:           0  
  Clock Path Skew:        0.018ns (DCD - SCD - CPR)
    Destination Clock Delay (DCD):    0.018ns
    Source Clock Delay      (SCD):    0.000ns
    Clock Pessimism Removal (CPR):    -0.000ns

    Location             Delay type                Incr(ns)  Path(ns)    Netlist Resource(s)
  -------------------------------------------------------------------    -------------------
                                                      0.000     0.000 r  m_axi_gmem_act_rdata[108] (IN)
                         net (fo=1, unset)            0.007     0.007    bd_0_i/hls_inst/inst/gmem_act_m_axi_U/bus_read/rs_rdata/D[108]
    SLICE_X89Y30         FDRE                                         r  bd_0_i/hls_inst/inst/gmem_act_m_axi_U/bus_read/rs_rdata/data_p2_reg[108]/D
  -------------------------------------------------------------------    -------------------

                         (clock ap_clk rise edge)     0.000     0.000 r  
                                                      0.000     0.000 r  ap_clk (IN)
                         net (fo=15461, unset)        0.018     0.018    bd_0_i/hls_inst/inst/gmem_act_m_axi_U/bus_read/rs_rdata/ap_clk
    SLICE_X89Y30         FDRE                                         r  bd_0_i/hls_inst/inst/gmem_act_m_axi_U/bus_read/rs_rdata/data_p2_reg[108]/C

Slack:                    inf
  Source:                 m_axi_gmem_act_rdata[109]
                            (input port)
  Destination:            bd_0_i/hls_inst/inst/gmem_act_m_axi_U/bus_read/rs_rdata/data_p2_reg[109]/D
                            (rising edge-triggered cell FDRE clocked by ap_clk  {rise@0.000ns fall@1.923ns period=3.846ns})
  Path Group:             (none)
  Path Type:              Hold (Min at Fast Process Corner)
  Data Path Delay:        0.007ns  (logic 0.000ns (0.000%)  route 0.007ns (100.000%))
  Logic Levels:           0  
  Clock Path Skew:        0.019ns (DCD - SCD - CPR)
    Destination Clock Delay (DCD):    0.019ns
    Source Clock Delay      (SCD):    0.000ns
    Clock Pessimism Removal (CPR):    -0.000ns

    Location             Delay type                Incr(ns)  Path(ns)    Netlist Resource(s)
  -------------------------------------------------------------------    -------------------
                                                      0.000     0.000 r  m_axi_gmem_act_rdata[109] (IN)
                         net (fo=1, unset)            0.007     0.007    bd_0_i/hls_inst/inst/gmem_act_m_axi_U/bus_read/rs_rdata/D[109]
    SLICE_X90Y33         FDRE                                         r  bd_0_i/hls_inst/inst/gmem_act_m_axi_U/bus_read/rs_rdata/data_p2_reg[109]/D
  -------------------------------------------------------------------    -------------------

                         (clock ap_clk rise edge)     0.000     0.000 r  
                                                      0.000     0.000 r  ap_clk (IN)
                         net (fo=15461, unset)        0.019     0.019    bd_0_i/hls_inst/inst/gmem_act_m_axi_U/bus_read/rs_rdata/ap_clk
    SLICE_X90Y33         FDRE                                         r  bd_0_i/hls_inst/inst/gmem_act_m_axi_U/bus_read/rs_rdata/data_p2_reg[109]/C





