Copyright 1986-2022 Xilinx, Inc. All Rights Reserved. Copyright 2022-2023 Advanced Micro Devices, Inc. All Rights Reserved.
--------------------------------------------------------------------------------------------------------------------------------------------------------------------------------------------------------------------------------------
| Tool Version      : Vivado v.2023.2 (lin64) Build 4029153 Fri Oct 13 20:13:54 MDT 2023
| Date              : Sun Mar 15 20:02:09 2026
| Host              : <REDACTED_HOST> running 64-bit Ubuntu 22.04.5 LTS
| Command           : report_timing_summary -max_paths 10 -report_unconstrained -file bd_0_wrapper_timing_summary_routed.rpt -pb bd_0_wrapper_timing_summary_routed.pb -rpx bd_0_wrapper_timing_summary_routed.rpx -warn_on_violation
| Design            : bd_0_wrapper
| Device            : xcu55c-fsvh2892
| Speed File        : -2L  PRODUCTION 1.30 05-01-2022
| Design State      : Routed
| Temperature Grade : E
--------------------------------------------------------------------------------------------------------------------------------------------------------------------------------------------------------------------------------------

Timing Summary Report

------------------------------------------------------------------------------------------------
| Timer Settings
| --------------
------------------------------------------------------------------------------------------------

  Enable Multi Corner Analysis               :  Yes
  Enable Pessimism Removal                   :  Yes
  Pessimism Removal Resolution               :  Nearest Common Node
  Enable Input Delay Default Clock           :  No
  Enable Preset / Clear Arcs                 :  No
  Disable Flight Delays                      :  No
  Ignore I/O Paths                           :  No
  Timing Early Launch at Borrowing Latches   :  No
  Borrow Time for Max Delay Exceptions       :  Yes
  Merge Timing Exceptions                    :  Yes
  Inter-SLR Compensation                     :  Conservative

  Corner  Analyze    Analyze    
  Name    Max Paths  Min Paths  
  ------  ---------  ---------  
  Slow    Yes        Yes        
  Fast    Yes        Yes        


------------------------------------------------------------------------------------------------
| Report Methodology
| ------------------
------------------------------------------------------------------------------------------------

Rule       Severity  Description                    Violations  
---------  --------  -----------------------------  ----------  
TIMING-18  Warning   Missing input or output delay  913         

Note: This report is based on the most recent report_methodology run and may not be up-to-date. Run report_methodology on the current design for the latest report.



check_timing report

Table of Contents
-----------------
1. checking no_clock (0)
2. checking constant_clock (0)
3. checking pulse_width_clock (0)
4. checking unconstrained_internal_endpoints (0)
5. checking no_input_delay (360)
6. checking no_output_delay (529)
7. checking multiple_clock (0)
8. checking generated_clocks (0)
9. checking loops (0)
10. checking partial_input_delay (0)
11. checking partial_output_delay (0)
12. checking latch_loops (0)

1. checking no_clock (0)
------------------------
 There are 0 register/latch pins with no clock.


2. checking constant_clock (0)
------------------------------
 There are 0 register/latch pins with constant_clock.


3. checking pulse_width_clock (0)
---------------------------------
 There are 0 register/latch pins which need pulse_width check


4. checking unconstrained_internal_endpoints (0)
------------------------------------------------
 There are 0 pins that are not constrained for maximum delay.

 There are 0 pins that are not constrained for maximum delay due to constant clock.


5. checking no_input_delay (360)
--------------------------------
 There are 360 input ports with no input delay specified. (HIGH)

 There are 0 input ports with no input delay but user has a false path constraint.


6. checking no_output_delay (529)
---------------------------------
 There are 529 ports with no output delay specified. (HIGH)

 There are 0 ports with no output delay but user has a false path constraint

 There are 0 ports with no output delay but with a timing clock defined on it or propagating through it


7. checking multiple_clock (0)
------------------------------
 There are 0 register/latch pins with multiple clocks.


8. checking generated_clocks (0)
--------------------------------
 There are 0 generated clocks that are not connected to a clock source.


9. checking loops (0)
---------------------
 There are 0 combinational loops in the design.


10. checking partial_input_delay (0)
------------------------------------
 There are 0 input ports with partial input delay specified.


11. checking partial_output_delay (0)
-------------------------------------
 There are 0 ports with partial output delay specified.


12. checking latch_loops (0)
----------------------------
 There are 0 combinational latch loops in the design through latch input



------------------------------------------------------------------------------------------------
| Design Timing Summary
| ---------------------
------------------------------------------------------------------------------------------------

    WNS(ns)      TNS(ns)  TNS Failing Endpoints  TNS Total Endpoints      WHS(ns)      THS(ns)  THS Failing Endpoints  THS Total Endpoints     WPWS(ns)     TPWS(ns)  TPWS Failing Endpoints  TPWS Total Endpoints  
    -------      -------  ---------------------  -------------------      -------      -------  ---------------------  -------------------     --------     --------  ----------------------  --------------------  
      0.119        0.000                      0                39258        0.026        0.000                      0                39258        0.708        0.000                       0                 15184  


All user specified timing constraints are met.


------------------------------------------------------------------------------------------------
| Clock Summary
| -------------
------------------------------------------------------------------------------------------------

Clock   Waveform(ns)         Period(ns)      Frequency(MHz)
-----   ------------         ----------      --------------
ap_clk  {0.000 1.250}        2.500           400.000         


------------------------------------------------------------------------------------------------
| Intra Clock Table
| -----------------
------------------------------------------------------------------------------------------------

Clock             WNS(ns)      TNS(ns)  TNS Failing Endpoints  TNS Total Endpoints      WHS(ns)      THS(ns)  THS Failing Endpoints  THS Total Endpoints     WPWS(ns)     TPWS(ns)  TPWS Failing Endpoints  TPWS Total Endpoints  
-----             -------      -------  ---------------------  -------------------      -------      -------  ---------------------  -------------------     --------     --------  ----------------------  --------------------  
ap_clk              0.119        0.000                      0                39258        0.026        0.000                      0                39258        0.708        0.000                       0                 15184  


------------------------------------------------------------------------------------------------
| Inter Clock Table
| -----------------
------------------------------------------------------------------------------------------------

From Clock    To Clock          WNS(ns)      TNS(ns)  TNS Failing Endpoints  TNS Total Endpoints      WHS(ns)      THS(ns)  THS Failing Endpoints  THS Total Endpoints  
----------    --------          -------      -------  ---------------------  -------------------      -------      -------  ---------------------  -------------------  


------------------------------------------------------------------------------------------------
| Other Path Groups Table
| -----------------------
------------------------------------------------------------------------------------------------

Path Group    From Clock    To Clock          WNS(ns)      TNS(ns)  TNS Failing Endpoints  TNS Total Endpoints      WHS(ns)      THS(ns)  THS Failing Endpoints  THS Total Endpoints  
----------    ----------    --------          -------      -------  ---------------------  -------------------      -------      -------  ---------------------  -------------------  


------------------------------------------------------------------------------------------------
| User Ignored Path Table
| -----------------------
------------------------------------------------------------------------------------------------

Path Group    From Clock    To Clock    
----------    ----------    --------    


------------------------------------------------------------------------------------------------
| Unconstrained Path Table
| ------------------------
------------------------------------------------------------------------------------------------

Path Group    From Clock    To Clock    
----------    ----------    --------    
(none)        ap_clk                      
(none)                      ap_clk        


------------------------------------------------------------------------------------------------
| Timing Details
| --------------
------------------------------------------------------------------------------------------------


---------------------------------------------------------------------------------------------------
From Clock:  ap_clk
  To Clock:  ap_clk

Setup :            0  Failing Endpoints,  Worst Slack        0.119ns,  Total Violation        0.000ns
Hold  :            0  Failing Endpoints,  Worst Slack        0.026ns,  Total Violation        0.000ns
PW    :            0  Failing Endpoints,  Worst Slack        0.708ns,  Total Violation        0.000ns
---------------------------------------------------------------------------------------------------


Max Delay Paths
--------------------------------------------------------------------------------------
Slack (MET) :             0.119ns  (required time - arrival time)
  Source:                 bd_0_i/hls_inst/inst/control_s_axi_U/int_mode_reg[0]/C
                            (rising edge-triggered cell FDRE clocked by ap_clk  {rise@0.000ns fall@1.250ns period=2.500ns})
  Destination:            bd_0_i/hls_inst/inst/grp_Hybrid_INT4_INT4_PD_fu_940/col_gen[5].row_gen[6].dsp_core/signs_r1_reg[8]/R
                            (rising edge-triggered cell FDRE clocked by ap_clk  {rise@0.000ns fall@1.250ns period=2.500ns})
  Path Group:             ap_clk
  Path Type:              Setup (Max at Slow Process Corner)
  Requirement:            2.500ns  (ap_clk rise@2.500ns - ap_clk rise@0.000ns)
  Data Path Delay:        2.263ns  (logic 0.080ns (3.536%)  route 2.183ns (96.464%))
  Logic Levels:           0  
  Clock Path Skew:        -0.009ns (DCD - SCD + CPR)
    Destination Clock Delay (DCD):    0.021ns = ( 2.521 - 2.500 ) 
    Source Clock Delay      (SCD):    0.030ns
    Clock Pessimism Removal (CPR):    0.000ns
  Clock Uncertainty:      0.035ns  ((TSJ^2 + TIJ^2)^1/2 + DJ) / 2 + PE
    Total System Jitter     (TSJ):    0.071ns
    Total Input Jitter      (TIJ):    0.000ns
    Discrete Jitter          (DJ):    0.000ns
    Phase Error              (PE):    0.000ns

    Location             Delay type                Incr(ns)  Path(ns)    Netlist Resource(s)
  -------------------------------------------------------------------    -------------------
                         (clock ap_clk rise edge)     0.000     0.000 r  
                                                      0.000     0.000 r  ap_clk (IN)
                         net (fo=15503, unset)        0.030     0.030    bd_0_i/hls_inst/inst/control_s_axi_U/ap_clk
    SLICE_X72Y57         FDRE                                         r  bd_0_i/hls_inst/inst/control_s_axi_U/int_mode_reg[0]/C
  -------------------------------------------------------------------    -------------------
    SLICE_X72Y57         FDRE (Prop_AFF2_SLICEM_C_Q)
                                                      0.080     0.110 r  bd_0_i/hls_inst/inst/control_s_axi_U/int_mode_reg[0]/Q
                         net (fo=2686, routed)        2.183     2.293    bd_0_i/hls_inst/inst/grp_Hybrid_INT4_INT4_PD_fu_940/col_gen[5].row_gen[6].dsp_core/mode
    SLICE_X88Y144        FDRE                                         r  bd_0_i/hls_inst/inst/grp_Hybrid_INT4_INT4_PD_fu_940/col_gen[5].row_gen[6].dsp_core/signs_r1_reg[8]/R
  -------------------------------------------------------------------    -------------------

                         (clock ap_clk rise edge)     2.500     2.500 r  
                                                      0.000     2.500 r  ap_clk (IN)
                         net (fo=15503, unset)        0.021     2.521    bd_0_i/hls_inst/inst/grp_Hybrid_INT4_INT4_PD_fu_940/col_gen[5].row_gen[6].dsp_core/ap_clk
    SLICE_X88Y144        FDRE                                         r  bd_0_i/hls_inst/inst/grp_Hybrid_INT4_INT4_PD_fu_940/col_gen[5].row_gen[6].dsp_core/signs_r1_reg[8]/C
                         clock pessimism              0.000     2.521    
                         clock uncertainty           -0.035     2.486    
    SLICE_X88Y144        FDRE (Setup_AFF_SLICEM_C_R)
                                                     -0.074     2.412    bd_0_i/hls_inst/inst/grp_Hybrid_INT4_INT4_PD_fu_940/col_gen[5].row_gen[6].dsp_core/signs_r1_reg[8]
  -------------------------------------------------------------------
                         required time                          2.412    
                         arrival time                          -2.293    
  -------------------------------------------------------------------
                         slack                                  0.119    

Slack (MET) :             0.123ns  (required time - arrival time)
  Source:                 bd_0_i/hls_inst/inst/control_s_axi_U/int_mode_reg[0]/C
                            (rising edge-triggered cell FDRE clocked by ap_clk  {rise@0.000ns fall@1.250ns period=2.500ns})
  Destination:            bd_0_i/hls_inst/inst/grp_Hybrid_INT4_INT4_PD_fu_940/col_gen[7].row_gen[5].dsp_core/signs_r1_reg[7]/R
                            (rising edge-triggered cell FDRE clocked by ap_clk  {rise@0.000ns fall@1.250ns period=2.500ns})
  Path Group:             ap_clk
  Path Type:              Setup (Max at Slow Process Corner)
  Requirement:            2.500ns  (ap_clk rise@2.500ns - ap_clk rise@0.000ns)
  Data Path Delay:        2.258ns  (logic 0.080ns (3.544%)  route 2.178ns (96.456%))
  Logic Levels:           0  
  Clock Path Skew:        -0.010ns (DCD - SCD + CPR)
    Destination Clock Delay (DCD):    0.020ns = ( 2.520 - 2.500 ) 
    Source Clock Delay      (SCD):    0.030ns
    Clock Pessimism Removal (CPR):    0.000ns
  Clock Uncertainty:      0.035ns  ((TSJ^2 + TIJ^2)^1/2 + DJ) / 2 + PE
    Total System Jitter     (TSJ):    0.071ns
    Total Input Jitter      (TIJ):    0.000ns
    Discrete Jitter          (DJ):    0.000ns
    Phase Error              (PE):    0.000ns

    Location             Delay type                Incr(ns)  Path(ns)    Netlist Resource(s)
  -------------------------------------------------------------------    -------------------
                         (clock ap_clk rise edge)     0.000     0.000 r  
                                                      0.000     0.000 r  ap_clk (IN)
                         net (fo=15503, unset)        0.030     0.030    bd_0_i/hls_inst/inst/control_s_axi_U/ap_clk
    SLICE_X72Y57         FDRE                                         r  bd_0_i/hls_inst/inst/control_s_axi_U/int_mode_reg[0]/C
  -------------------------------------------------------------------    -------------------
    SLICE_X72Y57         FDRE (Prop_AFF2_SLICEM_C_Q)
                                                      0.080     0.110 r  bd_0_i/hls_inst/inst/control_s_axi_U/int_mode_reg[0]/Q
                         net (fo=2686, routed)        2.178     2.288    bd_0_i/hls_inst/inst/grp_Hybrid_INT4_INT4_PD_fu_940/col_gen[7].row_gen[5].dsp_core/mode
    SLICE_X79Y118        FDRE                                         r  bd_0_i/hls_inst/inst/grp_Hybrid_INT4_INT4_PD_fu_940/col_gen[7].row_gen[5].dsp_core/signs_r1_reg[7]/R
  -------------------------------------------------------------------    -------------------

                         (clock ap_clk rise edge)     2.500     2.500 r  
                                                      0.000     2.500 r  ap_clk (IN)
                         net (fo=15503, unset)        0.020     2.520    bd_0_i/hls_inst/inst/grp_Hybrid_INT4_INT4_PD_fu_940/col_gen[7].row_gen[5].dsp_core/ap_clk
    SLICE_X79Y118        FDRE                                         r  bd_0_i/hls_inst/inst/grp_Hybrid_INT4_INT4_PD_fu_940/col_gen[7].row_gen[5].dsp_core/signs_r1_reg[7]/C
                         clock pessimism              0.000     2.520    
                         clock uncertainty           -0.035     2.485    
    SLICE_X79Y118        FDRE (Setup_AFF_SLICEL_C_R)
                                                     -0.074     2.411    bd_0_i/hls_inst/inst/grp_Hybrid_INT4_INT4_PD_fu_940/col_gen[7].row_gen[5].dsp_core/signs_r1_reg[7]
  -------------------------------------------------------------------
                         required time                          2.411    
                         arrival time                          -2.288    
  -------------------------------------------------------------------
                         slack                                  0.123    

Slack (MET) :             0.126ns  (required time - arrival time)
  Source:                 bd_0_i/hls_inst/inst/control_s_axi_U/int_mode_reg[0]/C
                            (rising edge-triggered cell FDRE clocked by ap_clk  {rise@0.000ns fall@1.250ns period=2.500ns})
  Destination:            bd_0_i/hls_inst/inst/grp_Hybrid_INT4_INT4_PD_fu_940/col_gen[6].row_gen[5].dsp_core/signs_r1_reg[7]/R
                            (rising edge-triggered cell FDRE clocked by ap_clk  {rise@0.000ns fall@1.250ns period=2.500ns})
  Path Group:             ap_clk
  Path Type:              Setup (Max at Slow Process Corner)
  Requirement:            2.500ns  (ap_clk rise@2.500ns - ap_clk rise@0.000ns)
  Data Path Delay:        2.256ns  (logic 0.080ns (3.546%)  route 2.176ns (96.454%))
  Logic Levels:           0  
  Clock Path Skew:        -0.009ns (DCD - SCD + CPR)
    Destination Clock Delay (DCD):    0.021ns = ( 2.521 - 2.500 ) 
    Source Clock Delay      (SCD):    0.030ns
    Clock Pessimism Removal (CPR):    0.000ns
  Clock Uncertainty:      0.035ns  ((TSJ^2 + TIJ^2)^1/2 + DJ) / 2 + PE
    Total System Jitter     (TSJ):    0.071ns
    Total Input Jitter      (TIJ):    0.000ns
    Discrete Jitter          (DJ):    0.000ns
    Phase Error              (PE):    0.000ns

    Location             Delay type                Incr(ns)  Path(ns)    Netlist Resource(s)
  -------------------------------------------------------------------    -------------------
                         (clock ap_clk rise edge)     0.000     0.000 r  
                                                      0.000     0.000 r  ap_clk (IN)
                         net (fo=15503, unset)        0.030     0.030    bd_0_i/hls_inst/inst/control_s_axi_U/ap_clk
    SLICE_X72Y57         FDRE                                         r  bd_0_i/hls_inst/inst/control_s_axi_U/int_mode_reg[0]/C
  -------------------------------------------------------------------    -------------------
    SLICE_X72Y57         FDRE (Prop_AFF2_SLICEM_C_Q)
                                                      0.080     0.110 r  bd_0_i/hls_inst/inst/control_s_axi_U/int_mode_reg[0]/Q
                         net (fo=2686, routed)        2.176     2.286    bd_0_i/hls_inst/inst/grp_Hybrid_INT4_INT4_PD_fu_940/col_gen[6].row_gen[5].dsp_core/mode
    SLICE_X88Y116        FDRE                                         r  bd_0_i/hls_inst/inst/grp_Hybrid_INT4_INT4_PD_fu_940/col_gen[6].row_gen[5].dsp_core/signs_r1_reg[7]/R
  -------------------------------------------------------------------    -------------------

                         (clock ap_clk rise edge)     2.500     2.500 r  
                                                      0.000     2.500 r  ap_clk (IN)
                         net (fo=15503, unset)        0.021     2.521    bd_0_i/hls_inst/inst/grp_Hybrid_INT4_INT4_PD_fu_940/col_gen[6].row_gen[5].dsp_core/ap_clk
    SLICE_X88Y116        FDRE                                         r  bd_0_i/hls_inst/inst/grp_Hybrid_INT4_INT4_PD_fu_940/col_gen[6].row_gen[5].dsp_core/signs_r1_reg[7]/C
                         clock pessimism              0.000     2.521    
                         clock uncertainty           -0.035     2.486    
    SLICE_X88Y116        FDRE (Setup_AFF_SLICEM_C_R)
                                                     -0.074     2.412    bd_0_i/hls_inst/inst/grp_Hybrid_INT4_INT4_PD_fu_940/col_gen[6].row_gen[5].dsp_core/signs_r1_reg[7]
  -------------------------------------------------------------------
                         required time                          2.412    
                         arrival time                          -2.286    
  -------------------------------------------------------------------
                         slack                                  0.126    

Slack (MET) :             0.131ns  (required time - arrival time)
  Source:                 bd_0_i/hls_inst/inst/control_s_axi_U/int_mode_reg[0]/C
                            (rising edge-triggered cell FDRE clocked by ap_clk  {rise@0.000ns fall@1.250ns period=2.500ns})
  Destination:            bd_0_i/hls_inst/inst/grp_Hybrid_INT4_INT4_PD_fu_940/col_gen[3].row_gen[6].dsp_core/signs_r1_reg[8]/R
                            (rising edge-triggered cell FDRE clocked by ap_clk  {rise@0.000ns fall@1.250ns period=2.500ns})
  Path Group:             ap_clk
  Path Type:              Setup (Max at Slow Process Corner)
  Requirement:            2.500ns  (ap_clk rise@2.500ns - ap_clk rise@0.000ns)
  Data Path Delay:        2.250ns  (logic 0.080ns (3.556%)  route 2.170ns (96.444%))
  Logic Levels:           0  
  Clock Path Skew:        -0.010ns (DCD - SCD + CPR)
    Destination Clock Delay (DCD):    0.020ns = ( 2.520 - 2.500 ) 
    Source Clock Delay      (SCD):    0.030ns
    Clock Pessimism Removal (CPR):    0.000ns
  Clock Uncertainty:      0.035ns  ((TSJ^2 + TIJ^2)^1/2 + DJ) / 2 + PE
    Total System Jitter     (TSJ):    0.071ns
    Total Input Jitter      (TIJ):    0.000ns
    Discrete Jitter          (DJ):    0.000ns
    Phase Error              (PE):    0.000ns

    Location             Delay type                Incr(ns)  Path(ns)    Netlist Resource(s)
  -------------------------------------------------------------------    -------------------
                         (clock ap_clk rise edge)     0.000     0.000 r  
                                                      0.000     0.000 r  ap_clk (IN)
                         net (fo=15503, unset)        0.030     0.030    bd_0_i/hls_inst/inst/control_s_axi_U/ap_clk
    SLICE_X72Y57         FDRE                                         r  bd_0_i/hls_inst/inst/control_s_axi_U/int_mode_reg[0]/C
  -------------------------------------------------------------------    -------------------
    SLICE_X72Y57         FDRE (Prop_AFF2_SLICEM_C_Q)
                                                      0.080     0.110 r  bd_0_i/hls_inst/inst/control_s_axi_U/int_mode_reg[0]/Q
                         net (fo=2686, routed)        2.170     2.280    bd_0_i/hls_inst/inst/grp_Hybrid_INT4_INT4_PD_fu_940/col_gen[3].row_gen[6].dsp_core/mode
    SLICE_X90Y134        FDRE                                         r  bd_0_i/hls_inst/inst/grp_Hybrid_INT4_INT4_PD_fu_940/col_gen[3].row_gen[6].dsp_core/signs_r1_reg[8]/R
  -------------------------------------------------------------------    -------------------

                         (clock ap_clk rise edge)     2.500     2.500 r  
                                                      0.000     2.500 r  ap_clk (IN)
                         net (fo=15503, unset)        0.020     2.520    bd_0_i/hls_inst/inst/grp_Hybrid_INT4_INT4_PD_fu_940/col_gen[3].row_gen[6].dsp_core/ap_clk
    SLICE_X90Y134        FDRE                                         r  bd_0_i/hls_inst/inst/grp_Hybrid_INT4_INT4_PD_fu_940/col_gen[3].row_gen[6].dsp_core/signs_r1_reg[8]/C
                         clock pessimism              0.000     2.520    
                         clock uncertainty           -0.035     2.485    
    SLICE_X90Y134        FDRE (Setup_AFF_SLICEL_C_R)
                                                     -0.074     2.411    bd_0_i/hls_inst/inst/grp_Hybrid_INT4_INT4_PD_fu_940/col_gen[3].row_gen[6].dsp_core/signs_r1_reg[8]
  -------------------------------------------------------------------
                         required time                          2.411    
                         arrival time                          -2.280    
  -------------------------------------------------------------------
                         slack                                  0.131    

Slack (MET) :             0.145ns  (required time - arrival time)
  Source:                 bd_0_i/hls_inst/inst/control_s_axi_U/int_mode_reg[0]/C
                            (rising edge-triggered cell FDRE clocked by ap_clk  {rise@0.000ns fall@1.250ns period=2.500ns})
  Destination:            bd_0_i/hls_inst/inst/grp_Hybrid_INT4_INT4_PD_fu_940/col_gen[5].row_gen[7].dsp_core/signs_r1_reg[8]/R
                            (rising edge-triggered cell FDRE clocked by ap_clk  {rise@0.000ns fall@1.250ns period=2.500ns})
  Path Group:             ap_clk
  Path Type:              Setup (Max at Slow Process Corner)
  Requirement:            2.500ns  (ap_clk rise@2.500ns - ap_clk rise@0.000ns)
  Data Path Delay:        2.235ns  (logic 0.080ns (3.579%)  route 2.155ns (96.421%))
  Logic Levels:           0  
  Clock Path Skew:        -0.010ns (DCD - SCD + CPR)
    Destination Clock Delay (DCD):    0.020ns = ( 2.520 - 2.500 ) 
    Source Clock Delay      (SCD):    0.030ns
    Clock Pessimism Removal (CPR):    0.000ns
  Clock Uncertainty:      0.035ns  ((TSJ^2 + TIJ^2)^1/2 + DJ) / 2 + PE
    Total System Jitter     (TSJ):    0.071ns
    Total Input Jitter      (TIJ):    0.000ns
    Discrete Jitter          (DJ):    0.000ns
    Phase Error              (PE):    0.000ns

    Location             Delay type                Incr(ns)  Path(ns)    Netlist Resource(s)
  -------------------------------------------------------------------    -------------------
                         (clock ap_clk rise edge)     0.000     0.000 r  
                                                      0.000     0.000 r  ap_clk (IN)
                         net (fo=15503, unset)        0.030     0.030    bd_0_i/hls_inst/inst/control_s_axi_U/ap_clk
    SLICE_X72Y57         FDRE                                         r  bd_0_i/hls_inst/inst/control_s_axi_U/int_mode_reg[0]/C
  -------------------------------------------------------------------    -------------------
    SLICE_X72Y57         FDRE (Prop_AFF2_SLICEM_C_Q)
                                                      0.080     0.110 r  bd_0_i/hls_inst/inst/control_s_axi_U/int_mode_reg[0]/Q
                         net (fo=2686, routed)        2.155     2.265    bd_0_i/hls_inst/inst/grp_Hybrid_INT4_INT4_PD_fu_940/col_gen[5].row_gen[7].dsp_core/mode
    SLICE_X78Y107        FDRE                                         r  bd_0_i/hls_inst/inst/grp_Hybrid_INT4_INT4_PD_fu_940/col_gen[5].row_gen[7].dsp_core/signs_r1_reg[8]/R
  -------------------------------------------------------------------    -------------------

                         (clock ap_clk rise edge)     2.500     2.500 r  
                                                      0.000     2.500 r  ap_clk (IN)
                         net (fo=15503, unset)        0.020     2.520    bd_0_i/hls_inst/inst/grp_Hybrid_INT4_INT4_PD_fu_940/col_gen[5].row_gen[7].dsp_core/ap_clk
    SLICE_X78Y107        FDRE                                         r  bd_0_i/hls_inst/inst/grp_Hybrid_INT4_INT4_PD_fu_940/col_gen[5].row_gen[7].dsp_core/signs_r1_reg[8]/C
                         clock pessimism              0.000     2.520    
                         clock uncertainty           -0.035     2.485    
    SLICE_X78Y107        FDRE (Setup_AFF_SLICEL_C_R)
                                                     -0.074     2.411    bd_0_i/hls_inst/inst/grp_Hybrid_INT4_INT4_PD_fu_940/col_gen[5].row_gen[7].dsp_core/signs_r1_reg[8]
  -------------------------------------------------------------------
                         required time                          2.411    
                         arrival time                          -2.265    
  -------------------------------------------------------------------
                         slack                                  0.145    

Slack (MET) :             0.146ns  (required time - arrival time)
  Source:                 bd_0_i/hls_inst/inst/control_s_axi_U/int_mode_reg[0]/C
                            (rising edge-triggered cell FDRE clocked by ap_clk  {rise@0.000ns fall@1.250ns period=2.500ns})
  Destination:            bd_0_i/hls_inst/inst/grp_Hybrid_INT4_INT4_PD_fu_940/col_gen[0].row_gen[6].dsp_core/signs_r1_reg[8]/R
                            (rising edge-triggered cell FDRE clocked by ap_clk  {rise@0.000ns fall@1.250ns period=2.500ns})
  Path Group:             ap_clk
  Path Type:              Setup (Max at Slow Process Corner)
  Requirement:            2.500ns  (ap_clk rise@2.500ns - ap_clk rise@0.000ns)
  Data Path Delay:        2.235ns  (logic 0.080ns (3.580%)  route 2.155ns (96.420%))
  Logic Levels:           0  
  Clock Path Skew:        -0.010ns (DCD - SCD + CPR)
    Destination Clock Delay (DCD):    0.020ns = ( 2.520 - 2.500 ) 
    Source Clock Delay      (SCD):    0.030ns
    Clock Pessimism Removal (CPR):    0.000ns
  Clock Uncertainty:      0.035ns  ((TSJ^2 + TIJ^2)^1/2 + DJ) / 2 + PE
    Total System Jitter     (TSJ):    0.071ns
    Total Input Jitter      (TIJ):    0.000ns
    Discrete Jitter          (DJ):    0.000ns
    Phase Error              (PE):    0.000ns

    Location             Delay type                Incr(ns)  Path(ns)    Netlist Resource(s)
  -------------------------------------------------------------------    -------------------
                         (clock ap_clk rise edge)     0.000     0.000 r  
                                                      0.000     0.000 r  ap_clk (IN)
                         net (fo=15503, unset)        0.030     0.030    bd_0_i/hls_inst/inst/control_s_axi_U/ap_clk
    SLICE_X72Y57         FDRE                                         r  bd_0_i/hls_inst/inst/control_s_axi_U/int_mode_reg[0]/C
  -------------------------------------------------------------------    -------------------
    SLICE_X72Y57         FDRE (Prop_AFF2_SLICEM_C_Q)
                                                      0.080     0.110 r  bd_0_i/hls_inst/inst/control_s_axi_U/int_mode_reg[0]/Q
                         net (fo=2686, routed)        2.155     2.265    bd_0_i/hls_inst/inst/grp_Hybrid_INT4_INT4_PD_fu_940/col_gen[0].row_gen[6].dsp_core/mode
    SLICE_X79Y133        FDRE                                         r  bd_0_i/hls_inst/inst/grp_Hybrid_INT4_INT4_PD_fu_940/col_gen[0].row_gen[6].dsp_core/signs_r1_reg[8]/R
  -------------------------------------------------------------------    -------------------

                         (clock ap_clk rise edge)     2.500     2.500 r  
                                                      0.000     2.500 r  ap_clk (IN)
                         net (fo=15503, unset)        0.020     2.520    bd_0_i/hls_inst/inst/grp_Hybrid_INT4_INT4_PD_fu_940/col_gen[0].row_gen[6].dsp_core/ap_clk
    SLICE_X79Y133        FDRE                                         r  bd_0_i/hls_inst/inst/grp_Hybrid_INT4_INT4_PD_fu_940/col_gen[0].row_gen[6].dsp_core/signs_r1_reg[8]/C
                         clock pessimism              0.000     2.520    
                         clock uncertainty           -0.035     2.485    
    SLICE_X79Y133        FDRE (Setup_AFF_SLICEL_C_R)
                                                     -0.074     2.411    bd_0_i/hls_inst/inst/grp_Hybrid_INT4_INT4_PD_fu_940/col_gen[0].row_gen[6].dsp_core/signs_r1_reg[8]
  -------------------------------------------------------------------
                         required time                          2.411    
                         arrival time                          -2.265    
  -------------------------------------------------------------------
                         slack                                  0.146    

Slack (MET) :             0.147ns  (required time - arrival time)
  Source:                 bd_0_i/hls_inst/inst/control_s_axi_U/int_mode_reg[0]/C
                            (rising edge-triggered cell FDRE clocked by ap_clk  {rise@0.000ns fall@1.250ns period=2.500ns})
  Destination:            bd_0_i/hls_inst/inst/grp_Hybrid_INT4_INT4_PD_fu_940/col_gen[7].row_gen[5].dsp_core/signs_r1_reg[8]/R
                            (rising edge-triggered cell FDRE clocked by ap_clk  {rise@0.000ns fall@1.250ns period=2.500ns})
  Path Group:             ap_clk
  Path Type:              Setup (Max at Slow Process Corner)
  Requirement:            2.500ns  (ap_clk rise@2.500ns - ap_clk rise@0.000ns)
  Data Path Delay:        2.234ns  (logic 0.080ns (3.581%)  route 2.154ns (96.419%))
  Logic Levels:           0  
  Clock Path Skew:        -0.010ns (DCD - SCD + CPR)
    Destination Clock Delay (DCD):    0.020ns = ( 2.520 - 2.500 ) 
    Source Clock Delay      (SCD):    0.030ns
    Clock Pessimism Removal (CPR):    0.000ns
  Clock Uncertainty:      0.035ns  ((TSJ^2 + TIJ^2)^1/2 + DJ) / 2 + PE
    Total System Jitter     (TSJ):    0.071ns
    Total Input Jitter      (TIJ):    0.000ns
    Discrete Jitter          (DJ):    0.000ns
    Phase Error              (PE):    0.000ns

    Location             Delay type                Incr(ns)  Path(ns)    Netlist Resource(s)
  -------------------------------------------------------------------    -------------------
                         (clock ap_clk rise edge)     0.000     0.000 r  
                                                      0.000     0.000 r  ap_clk (IN)
                         net (fo=15503, unset)        0.030     0.030    bd_0_i/hls_inst/inst/control_s_axi_U/ap_clk
    SLICE_X72Y57         FDRE                                         r  bd_0_i/hls_inst/inst/control_s_axi_U/int_mode_reg[0]/C
  -------------------------------------------------------------------    -------------------
    SLICE_X72Y57         FDRE (Prop_AFF2_SLICEM_C_Q)
                                                      0.080     0.110 r  bd_0_i/hls_inst/inst/control_s_axi_U/int_mode_reg[0]/Q
                         net (fo=2686, routed)        2.154     2.264    bd_0_i/hls_inst/inst/grp_Hybrid_INT4_INT4_PD_fu_940/col_gen[7].row_gen[5].dsp_core/mode
    SLICE_X79Y117        FDRE                                         r  bd_0_i/hls_inst/inst/grp_Hybrid_INT4_INT4_PD_fu_940/col_gen[7].row_gen[5].dsp_core/signs_r1_reg[8]/R
  -------------------------------------------------------------------    -------------------

                         (clock ap_clk rise edge)     2.500     2.500 r  
                                                      0.000     2.500 r  ap_clk (IN)
                         net (fo=15503, unset)        0.020     2.520    bd_0_i/hls_inst/inst/grp_Hybrid_INT4_INT4_PD_fu_940/col_gen[7].row_gen[5].dsp_core/ap_clk
    SLICE_X79Y117        FDRE                                         r  bd_0_i/hls_inst/inst/grp_Hybrid_INT4_INT4_PD_fu_940/col_gen[7].row_gen[5].dsp_core/signs_r1_reg[8]/C
                         clock pessimism              0.000     2.520    
                         clock uncertainty           -0.035     2.485    
    SLICE_X79Y117        FDRE (Setup_DFF_SLICEL_C_R)
                                                     -0.074     2.411    bd_0_i/hls_inst/inst/grp_Hybrid_INT4_INT4_PD_fu_940/col_gen[7].row_gen[5].dsp_core/signs_r1_reg[8]
  -------------------------------------------------------------------
                         required time                          2.411    
                         arrival time                          -2.264    
  -------------------------------------------------------------------
                         slack                                  0.147    

Slack (MET) :             0.157ns  (required time - arrival time)
  Source:                 bd_0_i/hls_inst/inst/control_s_axi_U/int_mode_reg[0]/C
                            (rising edge-triggered cell FDRE clocked by ap_clk  {rise@0.000ns fall@1.250ns period=2.500ns})
  Destination:            bd_0_i/hls_inst/inst/grp_Hybrid_INT4_INT4_PD_fu_940/col_gen[2].row_gen[6].dsp_core/signs_r1_reg[7]/R
                            (rising edge-triggered cell FDRE clocked by ap_clk  {rise@0.000ns fall@1.250ns period=2.500ns})
  Path Group:             ap_clk
  Path Type:              Setup (Max at Slow Process Corner)
  Requirement:            2.500ns  (ap_clk rise@2.500ns - ap_clk rise@0.000ns)
  Data Path Delay:        2.225ns  (logic 0.080ns (3.596%)  route 2.145ns (96.404%))
  Logic Levels:           0  
  Clock Path Skew:        -0.009ns (DCD - SCD + CPR)
    Destination Clock Delay (DCD):    0.021ns = ( 2.521 - 2.500 ) 
    Source Clock Delay      (SCD):    0.030ns
    Clock Pessimism Removal (CPR):    0.000ns
  Clock Uncertainty:      0.035ns  ((TSJ^2 + TIJ^2)^1/2 + DJ) / 2 + PE
    Total System Jitter     (TSJ):    0.071ns
    Total Input Jitter      (TIJ):    0.000ns
    Discrete Jitter          (DJ):    0.000ns
    Phase Error              (PE):    0.000ns

    Location             Delay type                Incr(ns)  Path(ns)    Netlist Resource(s)
  -------------------------------------------------------------------    -------------------
                         (clock ap_clk rise edge)     0.000     0.000 r  
                                                      0.000     0.000 r  ap_clk (IN)
                         net (fo=15503, unset)        0.030     0.030    bd_0_i/hls_inst/inst/control_s_axi_U/ap_clk
    SLICE_X72Y57         FDRE                                         r  bd_0_i/hls_inst/inst/control_s_axi_U/int_mode_reg[0]/C
  -------------------------------------------------------------------    -------------------
    SLICE_X72Y57         FDRE (Prop_AFF2_SLICEM_C_Q)
                                                      0.080     0.110 r  bd_0_i/hls_inst/inst/control_s_axi_U/int_mode_reg[0]/Q
                         net (fo=2686, routed)        2.145     2.255    bd_0_i/hls_inst/inst/grp_Hybrid_INT4_INT4_PD_fu_940/col_gen[2].row_gen[6].dsp_core/mode
    SLICE_X91Y138        FDRE                                         r  bd_0_i/hls_inst/inst/grp_Hybrid_INT4_INT4_PD_fu_940/col_gen[2].row_gen[6].dsp_core/signs_r1_reg[7]/R
  -------------------------------------------------------------------    -------------------

                         (clock ap_clk rise edge)     2.500     2.500 r  
                                                      0.000     2.500 r  ap_clk (IN)
                         net (fo=15503, unset)        0.021     2.521    bd_0_i/hls_inst/inst/grp_Hybrid_INT4_INT4_PD_fu_940/col_gen[2].row_gen[6].dsp_core/ap_clk
    SLICE_X91Y138        FDRE                                         r  bd_0_i/hls_inst/inst/grp_Hybrid_INT4_INT4_PD_fu_940/col_gen[2].row_gen[6].dsp_core/signs_r1_reg[7]/C
                         clock pessimism              0.000     2.521    
                         clock uncertainty           -0.035     2.486    
    SLICE_X91Y138        FDRE (Setup_AFF_SLICEM_C_R)
                                                     -0.074     2.412    bd_0_i/hls_inst/inst/grp_Hybrid_INT4_INT4_PD_fu_940/col_gen[2].row_gen[6].dsp_core/signs_r1_reg[7]
  -------------------------------------------------------------------
                         required time                          2.412    
                         arrival time                          -2.255    
  -------------------------------------------------------------------
                         slack                                  0.157    

Slack (MET) :             0.162ns  (required time - arrival time)
  Source:                 bd_0_i/hls_inst/inst/control_s_axi_U/int_mode_reg[0]/C
                            (rising edge-triggered cell FDRE clocked by ap_clk  {rise@0.000ns fall@1.250ns period=2.500ns})
  Destination:            bd_0_i/hls_inst/inst/grp_Hybrid_INT4_INT4_PD_fu_940/col_gen[0].row_gen[4].dsp_core/mode_r1_reg/D
                            (rising edge-triggered cell FDRE clocked by ap_clk  {rise@0.000ns fall@1.250ns period=2.500ns})
  Path Group:             ap_clk
  Path Type:              Setup (Max at Slow Process Corner)
  Requirement:            2.500ns  (ap_clk rise@2.500ns - ap_clk rise@0.000ns)
  Data Path Delay:        2.318ns  (logic 0.080ns (3.451%)  route 2.238ns (96.549%))
  Logic Levels:           0  
  Clock Path Skew:        -0.009ns (DCD - SCD + CPR)
    Destination Clock Delay (DCD):    0.021ns = ( 2.521 - 2.500 ) 
    Source Clock Delay      (SCD):    0.030ns
    Clock Pessimism Removal (CPR):    0.000ns
  Clock Uncertainty:      0.035ns  ((TSJ^2 + TIJ^2)^1/2 + DJ) / 2 + PE
    Total System Jitter     (TSJ):    0.071ns
    Total Input Jitter      (TIJ):    0.000ns
    Discrete Jitter          (DJ):    0.000ns
    Phase Error              (PE):    0.000ns

    Location             Delay type                Incr(ns)  Path(ns)    Netlist Resource(s)
  -------------------------------------------------------------------    -------------------
                         (clock ap_clk rise edge)     0.000     0.000 r  
                                                      0.000     0.000 r  ap_clk (IN)
                         net (fo=15503, unset)        0.030     0.030    bd_0_i/hls_inst/inst/control_s_axi_U/ap_clk
    SLICE_X72Y57         FDRE                                         r  bd_0_i/hls_inst/inst/control_s_axi_U/int_mode_reg[0]/C
  -------------------------------------------------------------------    -------------------
    SLICE_X72Y57         FDRE (Prop_AFF2_SLICEM_C_Q)
                                                      0.080     0.110 r  bd_0_i/hls_inst/inst/control_s_axi_U/int_mode_reg[0]/Q
                         net (fo=2686, routed)        2.238     2.348    bd_0_i/hls_inst/inst/grp_Hybrid_INT4_INT4_PD_fu_940/col_gen[0].row_gen[4].dsp_core/mode
    SLICE_X71Y132        FDRE                                         r  bd_0_i/hls_inst/inst/grp_Hybrid_INT4_INT4_PD_fu_940/col_gen[0].row_gen[4].dsp_core/mode_r1_reg/D
  -------------------------------------------------------------------    -------------------

                         (clock ap_clk rise edge)     2.500     2.500 r  
                                                      0.000     2.500 r  ap_clk (IN)
                         net (fo=15503, unset)        0.021     2.521    bd_0_i/hls_inst/inst/grp_Hybrid_INT4_INT4_PD_fu_940/col_gen[0].row_gen[4].dsp_core/ap_clk
    SLICE_X71Y132        FDRE                                         r  bd_0_i/hls_inst/inst/grp_Hybrid_INT4_INT4_PD_fu_940/col_gen[0].row_gen[4].dsp_core/mode_r1_reg/C
                         clock pessimism              0.000     2.521    
                         clock uncertainty           -0.035     2.486    
    SLICE_X71Y132        FDRE (Setup_BFF_SLICEM_C_D)
                                                      0.025     2.511    bd_0_i/hls_inst/inst/grp_Hybrid_INT4_INT4_PD_fu_940/col_gen[0].row_gen[4].dsp_core/mode_r1_reg
  -------------------------------------------------------------------
                         required time                          2.511    
                         arrival time                          -2.348    
  -------------------------------------------------------------------
                         slack                                  0.162    

Slack (MET) :             0.163ns  (required time - arrival time)
  Source:                 bd_0_i/hls_inst/inst/control_s_axi_U/int_mode_reg[0]/C
                            (rising edge-triggered cell FDRE clocked by ap_clk  {rise@0.000ns fall@1.250ns period=2.500ns})
  Destination:            bd_0_i/hls_inst/inst/grp_Hybrid_INT4_INT4_PD_fu_940/col_gen[4].row_gen[4].dsp_core/signs_r1_reg[7]/R
                            (rising edge-triggered cell FDRE clocked by ap_clk  {rise@0.000ns fall@1.250ns period=2.500ns})
  Path Group:             ap_clk
  Path Type:              Setup (Max at Slow Process Corner)
  Requirement:            2.500ns  (ap_clk rise@2.500ns - ap_clk rise@0.000ns)
  Data Path Delay:        2.219ns  (logic 0.080ns (3.606%)  route 2.139ns (96.394%))
  Logic Levels:           0  
  Clock Path Skew:        -0.009ns (DCD - SCD + CPR)
    Destination Clock Delay (DCD):    0.021ns = ( 2.521 - 2.500 ) 
    Source Clock Delay      (SCD):    0.030ns
    Clock Pessimism Removal (CPR):    0.000ns
  Clock Uncertainty:      0.035ns  ((TSJ^2 + TIJ^2)^1/2 + DJ) / 2 + PE
    Total System Jitter     (TSJ):    0.071ns
    Total Input Jitter      (TIJ):    0.000ns
    Discrete Jitter          (DJ):    0.000ns
    Phase Error              (PE):    0.000ns

    Location             Delay type                Incr(ns)  Path(ns)    Netlist Resource(s)
  -------------------------------------------------------------------    -------------------
                         (clock ap_clk rise edge)     0.000     0.000 r  
                                                      0.000     0.000 r  ap_clk (IN)
                         net (fo=15503, unset)        0.030     0.030    bd_0_i/hls_inst/inst/control_s_axi_U/ap_clk
    SLICE_X72Y57         FDRE                                         r  bd_0_i/hls_inst/inst/control_s_axi_U/int_mode_reg[0]/C
  -------------------------------------------------------------------    -------------------
    SLICE_X72Y57         FDRE (Prop_AFF2_SLICEM_C_Q)
                                                      0.080     0.110 r  bd_0_i/hls_inst/inst/control_s_axi_U/int_mode_reg[0]/Q
                         net (fo=2686, routed)        2.139     2.249    bd_0_i/hls_inst/inst/grp_Hybrid_INT4_INT4_PD_fu_940/col_gen[4].row_gen[4].dsp_core/mode
    SLICE_X65Y135        FDRE                                         r  bd_0_i/hls_inst/inst/grp_Hybrid_INT4_INT4_PD_fu_940/col_gen[4].row_gen[4].dsp_core/signs_r1_reg[7]/R
  -------------------------------------------------------------------    -------------------

                         (clock ap_clk rise edge)     2.500     2.500 r  
                                                      0.000     2.500 r  ap_clk (IN)
                         net (fo=15503, unset)        0.021     2.521    bd_0_i/hls_inst/inst/grp_Hybrid_INT4_INT4_PD_fu_940/col_gen[4].row_gen[4].dsp_core/ap_clk
    SLICE_X65Y135        FDRE                                         r  bd_0_i/hls_inst/inst/grp_Hybrid_INT4_INT4_PD_fu_940/col_gen[4].row_gen[4].dsp_core/signs_r1_reg[7]/C
                         clock pessimism              0.000     2.521    
                         clock uncertainty           -0.035     2.486    
    SLICE_X65Y135        FDRE (Setup_DFF_SLICEM_C_R)
                                                     -0.074     2.412    bd_0_i/hls_inst/inst/grp_Hybrid_INT4_INT4_PD_fu_940/col_gen[4].row_gen[4].dsp_core/signs_r1_reg[7]
  -------------------------------------------------------------------
                         required time                          2.412    
                         arrival time                          -2.249    
  -------------------------------------------------------------------
                         slack                                  0.163    





Min Delay Paths
--------------------------------------------------------------------------------------
Slack (MET) :             0.026ns  (arrival time - required time)
  Source:                 bd_0_i/hls_inst/inst/grp_gemv_kernel_Pipeline_PACK_PREFILL_ROW2_fu_635/zext_ln87_reg_251_reg[0]/C
                            (rising edge-triggered cell FDRE clocked by ap_clk  {rise@0.000ns fall@1.250ns period=2.500ns})
  Destination:            bd_0_i/hls_inst/inst/grp_gemv_kernel_Pipeline_PACK_PREFILL_ROW2_fu_635/zext_ln87_reg_251_pp0_iter1_reg_reg[0]/D
                            (rising edge-triggered cell FDRE clocked by ap_clk  {rise@0.000ns fall@1.250ns period=2.500ns})
  Path Group:             ap_clk
  Path Type:              Hold (Min at Fast Process Corner)
  Requirement:            0.000ns  (ap_clk rise@0.000ns - ap_clk rise@0.000ns)
  Data Path Delay:        0.078ns  (logic 0.039ns (50.000%)  route 0.039ns (50.000%))
  Logic Levels:           0  
  Clock Path Skew:        0.006ns (DCD - SCD - CPR)
    Destination Clock Delay (DCD):    0.018ns
    Source Clock Delay      (SCD):    0.012ns
    Clock Pessimism Removal (CPR):    -0.000ns

    Location             Delay type                Incr(ns)  Path(ns)    Netlist Resource(s)
  -------------------------------------------------------------------    -------------------
                         (clock ap_clk rise edge)     0.000     0.000 r  
                                                      0.000     0.000 r  ap_clk (IN)
                         net (fo=15503, unset)        0.012     0.012    bd_0_i/hls_inst/inst/grp_gemv_kernel_Pipeline_PACK_PREFILL_ROW2_fu_635/ap_clk
    SLICE_X64Y45         FDRE                                         r  bd_0_i/hls_inst/inst/grp_gemv_kernel_Pipeline_PACK_PREFILL_ROW2_fu_635/zext_ln87_reg_251_reg[0]/C
  -------------------------------------------------------------------    -------------------
    SLICE_X64Y45         FDRE (Prop_CFF_SLICEL_C_Q)
                                                      0.039     0.051 r  bd_0_i/hls_inst/inst/grp_gemv_kernel_Pipeline_PACK_PREFILL_ROW2_fu_635/zext_ln87_reg_251_reg[0]/Q
                         net (fo=2, routed)           0.039     0.090    bd_0_i/hls_inst/inst/grp_gemv_kernel_Pipeline_PACK_PREFILL_ROW2_fu_635/w1_arr_V_address0[0]
    SLICE_X64Y45         FDRE                                         r  bd_0_i/hls_inst/inst/grp_gemv_kernel_Pipeline_PACK_PREFILL_ROW2_fu_635/zext_ln87_reg_251_pp0_iter1_reg_reg[0]/D
  -------------------------------------------------------------------    -------------------

                         (clock ap_clk rise edge)     0.000     0.000 r  
                                                      0.000     0.000 r  ap_clk (IN)
                         net (fo=15503, unset)        0.018     0.018    bd_0_i/hls_inst/inst/grp_gemv_kernel_Pipeline_PACK_PREFILL_ROW2_fu_635/ap_clk
    SLICE_X64Y45         FDRE                                         r  bd_0_i/hls_inst/inst/grp_gemv_kernel_Pipeline_PACK_PREFILL_ROW2_fu_635/zext_ln87_reg_251_pp0_iter1_reg_reg[0]/C
                         clock pessimism              0.000     0.018    
    SLICE_X64Y45         FDRE (Hold_DFF_SLICEL_C_D)
                                                      0.046     0.064    bd_0_i/hls_inst/inst/grp_gemv_kernel_Pipeline_PACK_PREFILL_ROW2_fu_635/zext_ln87_reg_251_pp0_iter1_reg_reg[0]
  -------------------------------------------------------------------
                         required time                         -0.064    
                         arrival time                           0.090    
  -------------------------------------------------------------------
                         slack                                  0.026    

Slack (MET) :             0.039ns  (arrival time - required time)
  Source:                 bd_0_i/hls_inst/inst/grp_gemv_kernel_Pipeline_ACC_DECODING_COL_ACC_DECODING_ROW_fu_1008/indvar_flatten10_fu_84_reg[5]/C
                            (rising edge-triggered cell FDRE clocked by ap_clk  {rise@0.000ns fall@1.250ns period=2.500ns})
  Destination:            bd_0_i/hls_inst/inst/grp_gemv_kernel_Pipeline_ACC_DECODING_COL_ACC_DECODING_ROW_fu_1008/indvar_flatten10_fu_84_reg[6]/D
                            (rising edge-triggered cell FDRE clocked by ap_clk  {rise@0.000ns fall@1.250ns period=2.500ns})
  Path Group:             ap_clk
  Path Type:              Hold (Min at Fast Process Corner)
  Requirement:            0.000ns  (ap_clk rise@0.000ns - ap_clk rise@0.000ns)
  Data Path Delay:        0.092ns  (logic 0.060ns (65.325%)  route 0.032ns (34.675%))
  Logic Levels:           1  (LUT4=1)
  Clock Path Skew:        0.006ns (DCD - SCD - CPR)
    Destination Clock Delay (DCD):    0.018ns
    Source Clock Delay      (SCD):    0.012ns
    Clock Pessimism Removal (CPR):    -0.000ns

    Location             Delay type                Incr(ns)  Path(ns)    Netlist Resource(s)
  -------------------------------------------------------------------    -------------------
                         (clock ap_clk rise edge)     0.000     0.000 r  
                                                      0.000     0.000 r  ap_clk (IN)
                         net (fo=15503, unset)        0.012     0.012    bd_0_i/hls_inst/inst/grp_gemv_kernel_Pipeline_ACC_DECODING_COL_ACC_DECODING_ROW_fu_1008/ap_clk
    SLICE_X82Y26         FDRE                                         r  bd_0_i/hls_inst/inst/grp_gemv_kernel_Pipeline_ACC_DECODING_COL_ACC_DECODING_ROW_fu_1008/indvar_flatten10_fu_84_reg[5]/C
  -------------------------------------------------------------------    -------------------
    SLICE_X82Y26         FDRE (Prop_BFF_SLICEL_C_Q)
                                                      0.039     0.051 r  bd_0_i/hls_inst/inst/grp_gemv_kernel_Pipeline_ACC_DECODING_COL_ACC_DECODING_ROW_fu_1008/indvar_flatten10_fu_84_reg[5]/Q
                         net (fo=3, routed)           0.025     0.076    bd_0_i/hls_inst/inst/grp_gemv_kernel_Pipeline_ACC_DECODING_COL_ACC_DECODING_ROW_fu_1008/flow_control_loop_pipe_sequential_init_U/indvar_flatten10_fu_84_reg[6]
    SLICE_X82Y26         LUT4 (Prop_B5LUT_SLICEL_I0_O)
                                                      0.021     0.097 r  bd_0_i/hls_inst/inst/grp_gemv_kernel_Pipeline_ACC_DECODING_COL_ACC_DECODING_ROW_fu_1008/flow_control_loop_pipe_sequential_init_U/indvar_flatten10_fu_84[6]_i_2/O
                         net (fo=1, routed)           0.007     0.104    bd_0_i/hls_inst/inst/grp_gemv_kernel_Pipeline_ACC_DECODING_COL_ACC_DECODING_ROW_fu_1008/add_ln191_fu_220_p2[6]
    SLICE_X82Y26         FDRE                                         r  bd_0_i/hls_inst/inst/grp_gemv_kernel_Pipeline_ACC_DECODING_COL_ACC_DECODING_ROW_fu_1008/indvar_flatten10_fu_84_reg[6]/D
  -------------------------------------------------------------------    -------------------

                         (clock ap_clk rise edge)     0.000     0.000 r  
                                                      0.000     0.000 r  ap_clk (IN)
                         net (fo=15503, unset)        0.018     0.018    bd_0_i/hls_inst/inst/grp_gemv_kernel_Pipeline_ACC_DECODING_COL_ACC_DECODING_ROW_fu_1008/ap_clk
    SLICE_X82Y26         FDRE                                         r  bd_0_i/hls_inst/inst/grp_gemv_kernel_Pipeline_ACC_DECODING_COL_ACC_DECODING_ROW_fu_1008/indvar_flatten10_fu_84_reg[6]/C
                         clock pessimism              0.000     0.018    
    SLICE_X82Y26         FDRE (Hold_BFF2_SLICEL_C_D)
                                                      0.047     0.065    bd_0_i/hls_inst/inst/grp_gemv_kernel_Pipeline_ACC_DECODING_COL_ACC_DECODING_ROW_fu_1008/indvar_flatten10_fu_84_reg[6]
  -------------------------------------------------------------------
                         required time                         -0.065    
                         arrival time                           0.104    
  -------------------------------------------------------------------
                         slack                                  0.039    

Slack (MET) :             0.040ns  (arrival time - required time)
  Source:                 bd_0_i/hls_inst/inst/gmem_m_axi_U/bus_write/rs_resp/FSM_sequential_state_reg[0]/C
                            (rising edge-triggered cell FDRE clocked by ap_clk  {rise@0.000ns fall@1.250ns period=2.500ns})
  Destination:            bd_0_i/hls_inst/inst/gmem_m_axi_U/bus_write/rs_resp/s_ready_t_reg/D
                            (rising edge-triggered cell FDRE clocked by ap_clk  {rise@0.000ns fall@1.250ns period=2.500ns})
  Path Group:             ap_clk
  Path Type:              Hold (Min at Fast Process Corner)
  Requirement:            0.000ns  (ap_clk rise@0.000ns - ap_clk rise@0.000ns)
  Data Path Delay:        0.093ns  (logic 0.060ns (64.622%)  route 0.033ns (35.378%))
  Logic Levels:           1  (LUT4=1)
  Clock Path Skew:        0.006ns (DCD - SCD - CPR)
    Destination Clock Delay (DCD):    0.018ns
    Source Clock Delay      (SCD):    0.012ns
    Clock Pessimism Removal (CPR):    -0.000ns

    Location             Delay type                Incr(ns)  Path(ns)    Netlist Resource(s)
  -------------------------------------------------------------------    -------------------
                         (clock ap_clk rise edge)     0.000     0.000 r  
                                                      0.000     0.000 r  ap_clk (IN)
                         net (fo=15503, unset)        0.012     0.012    bd_0_i/hls_inst/inst/gmem_m_axi_U/bus_write/rs_resp/ap_clk
    SLICE_X90Y40         FDRE                                         r  bd_0_i/hls_inst/inst/gmem_m_axi_U/bus_write/rs_resp/FSM_sequential_state_reg[0]/C
  -------------------------------------------------------------------    -------------------
    SLICE_X90Y40         FDRE (Prop_AFF_SLICEL_C_Q)
                                                      0.039     0.051 r  bd_0_i/hls_inst/inst/gmem_m_axi_U/bus_write/rs_resp/FSM_sequential_state_reg[0]/Q
                         net (fo=3, routed)           0.026     0.077    bd_0_i/hls_inst/inst/gmem_m_axi_U/bus_write/rs_resp/state__0[0]
    SLICE_X90Y40         LUT4 (Prop_B5LUT_SLICEL_I3_O)
                                                      0.021     0.098 r  bd_0_i/hls_inst/inst/gmem_m_axi_U/bus_write/rs_resp/s_ready_t_i_1__2/O
                         net (fo=1, routed)           0.007     0.105    bd_0_i/hls_inst/inst/gmem_m_axi_U/bus_write/rs_resp/s_ready_t_i_1__2_n_0
    SLICE_X90Y40         FDRE                                         r  bd_0_i/hls_inst/inst/gmem_m_axi_U/bus_write/rs_resp/s_ready_t_reg/D
  -------------------------------------------------------------------    -------------------

                         (clock ap_clk rise edge)     0.000     0.000 r  
                                                      0.000     0.000 r  ap_clk (IN)
                         net (fo=15503, unset)        0.018     0.018    bd_0_i/hls_inst/inst/gmem_m_axi_U/bus_write/rs_resp/ap_clk
    SLICE_X90Y40         FDRE                                         r  bd_0_i/hls_inst/inst/gmem_m_axi_U/bus_write/rs_resp/s_ready_t_reg/C
                         clock pessimism              0.000     0.018    
    SLICE_X90Y40         FDRE (Hold_BFF2_SLICEL_C_D)
                                                      0.047     0.065    bd_0_i/hls_inst/inst/gmem_m_axi_U/bus_write/rs_resp/s_ready_t_reg
  -------------------------------------------------------------------
                         required time                         -0.065    
                         arrival time                           0.105    
  -------------------------------------------------------------------
                         slack                                  0.040    

Slack (MET) :             0.041ns  (arrival time - required time)
  Source:                 bd_0_i/hls_inst/inst/gmem_act_m_axi_U/bus_read/fifo_burst/mOutPtr_reg[2]/C
                            (rising edge-triggered cell FDRE clocked by ap_clk  {rise@0.000ns fall@1.250ns period=2.500ns})
  Destination:            bd_0_i/hls_inst/inst/gmem_act_m_axi_U/bus_read/fifo_burst/mOutPtr_reg[3]/D
                            (rising edge-triggered cell FDRE clocked by ap_clk  {rise@0.000ns fall@1.250ns period=2.500ns})
  Path Group:             ap_clk
  Path Type:              Hold (Min at Fast Process Corner)
  Requirement:            0.000ns  (ap_clk rise@0.000ns - ap_clk rise@0.000ns)
  Data Path Delay:        0.094ns  (logic 0.060ns (64.037%)  route 0.034ns (35.963%))
  Logic Levels:           1  (LUT5=1)
  Clock Path Skew:        0.006ns (DCD - SCD - CPR)
    Destination Clock Delay (DCD):    0.018ns
    Source Clock Delay      (SCD):    0.012ns
    Clock Pessimism Removal (CPR):    -0.000ns

    Location             Delay type                Incr(ns)  Path(ns)    Netlist Resource(s)
  -------------------------------------------------------------------    -------------------
                         (clock ap_clk rise edge)     0.000     0.000 r  
                                                      0.000     0.000 r  ap_clk (IN)
                         net (fo=15503, unset)        0.012     0.012    bd_0_i/hls_inst/inst/gmem_act_m_axi_U/bus_read/fifo_burst/ap_clk
    SLICE_X49Y40         FDRE                                         r  bd_0_i/hls_inst/inst/gmem_act_m_axi_U/bus_read/fifo_burst/mOutPtr_reg[2]/C
  -------------------------------------------------------------------    -------------------
    SLICE_X49Y40         FDRE (Prop_BFF_SLICEL_C_Q)
                                                      0.039     0.051 r  bd_0_i/hls_inst/inst/gmem_act_m_axi_U/bus_read/fifo_burst/mOutPtr_reg[2]/Q
                         net (fo=5, routed)           0.027     0.078    bd_0_i/hls_inst/inst/gmem_act_m_axi_U/bus_read/fifo_burst/mOutPtr_reg_n_0_[2]
    SLICE_X49Y40         LUT5 (Prop_B5LUT_SLICEL_I0_O)
                                                      0.021     0.099 r  bd_0_i/hls_inst/inst/gmem_act_m_axi_U/bus_read/fifo_burst/mOutPtr[3]_i_1__15/O
                         net (fo=1, routed)           0.007     0.106    bd_0_i/hls_inst/inst/gmem_act_m_axi_U/bus_read/fifo_burst/mOutPtr[3]_i_1__15_n_0
    SLICE_X49Y40         FDRE                                         r  bd_0_i/hls_inst/inst/gmem_act_m_axi_U/bus_read/fifo_burst/mOutPtr_reg[3]/D
  -------------------------------------------------------------------    -------------------

                         (clock ap_clk rise edge)     0.000     0.000 r  
                                                      0.000     0.000 r  ap_clk (IN)
                         net (fo=15503, unset)        0.018     0.018    bd_0_i/hls_inst/inst/gmem_act_m_axi_U/bus_read/fifo_burst/ap_clk
    SLICE_X49Y40         FDRE                                         r  bd_0_i/hls_inst/inst/gmem_act_m_axi_U/bus_read/fifo_burst/mOutPtr_reg[3]/C
                         clock pessimism              0.000     0.018    
    SLICE_X49Y40         FDRE (Hold_BFF2_SLICEL_C_D)
                                                      0.047     0.065    bd_0_i/hls_inst/inst/gmem_act_m_axi_U/bus_read/fifo_burst/mOutPtr_reg[3]
  -------------------------------------------------------------------
                         required time                         -0.065    
                         arrival time                           0.106    
  -------------------------------------------------------------------
                         slack                                  0.041    

Slack (MET) :             0.042ns  (arrival time - required time)
  Source:                 bd_0_i/hls_inst/inst/gmem_out_m_axi_U/store_unit/tmp_addr_reg[47]/C
                            (rising edge-triggered cell FDRE clocked by ap_clk  {rise@0.000ns fall@1.250ns period=2.500ns})
  Destination:            bd_0_i/hls_inst/inst/gmem_out_m_axi_U/bus_write/wreq_burst_conv/rs_req/data_p2_reg[47]/D
                            (rising edge-triggered cell FDRE clocked by ap_clk  {rise@0.000ns fall@1.250ns period=2.500ns})
  Path Group:             ap_clk
  Path Type:              Hold (Min at Fast Process Corner)
  Requirement:            0.000ns  (ap_clk rise@0.000ns - ap_clk rise@0.000ns)
  Data Path Delay:        0.096ns  (logic 0.040ns (41.667%)  route 0.056ns (58.333%))
  Logic Levels:           0  
  Clock Path Skew:        0.007ns (DCD - SCD - CPR)
    Destination Clock Delay (DCD):    0.019ns
    Source Clock Delay      (SCD):    0.012ns
    Clock Pessimism Removal (CPR):    -0.000ns

    Location             Delay type                Incr(ns)  Path(ns)    Netlist Resource(s)
  -------------------------------------------------------------------    -------------------
                         (clock ap_clk rise edge)     0.000     0.000 r  
                                                      0.000     0.000 r  ap_clk (IN)
                         net (fo=15503, unset)        0.012     0.012    bd_0_i/hls_inst/inst/gmem_out_m_axi_U/store_unit/ap_clk
    SLICE_X83Y53         FDRE                                         r  bd_0_i/hls_inst/inst/gmem_out_m_axi_U/store_unit/tmp_addr_reg[47]/C
  -------------------------------------------------------------------    -------------------
    SLICE_X83Y53         FDRE (Prop_AFF2_SLICEL_C_Q)
                                                      0.040     0.052 r  bd_0_i/hls_inst/inst/gmem_out_m_axi_U/store_unit/tmp_addr_reg[47]/Q
                         net (fo=2, routed)           0.056     0.108    bd_0_i/hls_inst/inst/gmem_out_m_axi_U/bus_write/wreq_burst_conv/rs_req/data_p2_reg[95]_0[42]
    SLICE_X82Y53         FDRE                                         r  bd_0_i/hls_inst/inst/gmem_out_m_axi_U/bus_write/wreq_burst_conv/rs_req/data_p2_reg[47]/D
  -------------------------------------------------------------------    -------------------

                         (clock ap_clk rise edge)     0.000     0.000 r  
                                                      0.000     0.000 r  ap_clk (IN)
                         net (fo=15503, unset)        0.019     0.019    bd_0_i/hls_inst/inst/gmem_out_m_axi_U/bus_write/wreq_burst_conv/rs_req/ap_clk
    SLICE_X82Y53         FDRE                                         r  bd_0_i/hls_inst/inst/gmem_out_m_axi_U/bus_write/wreq_burst_conv/rs_req/data_p2_reg[47]/C
                         clock pessimism              0.000     0.019    
    SLICE_X82Y53         FDRE (Hold_GFF2_SLICEL_C_D)
                                                      0.047     0.066    bd_0_i/hls_inst/inst/gmem_out_m_axi_U/bus_write/wreq_burst_conv/rs_req/data_p2_reg[47]
  -------------------------------------------------------------------
                         required time                         -0.066    
                         arrival time                           0.108    
  -------------------------------------------------------------------
                         slack                                  0.042    

Slack (MET) :             0.042ns  (arrival time - required time)
  Source:                 bd_0_i/hls_inst/inst/grp_gemv_kernel_Pipeline_PACK_PREFILL_ROW1_fu_614/zext_ln87_reg_245_reg[0]/C
                            (rising edge-triggered cell FDRE clocked by ap_clk  {rise@0.000ns fall@1.250ns period=2.500ns})
  Destination:            bd_0_i/hls_inst/inst/grp_gemv_kernel_Pipeline_PACK_PREFILL_ROW1_fu_614/zext_ln87_reg_245_pp0_iter1_reg_reg[0]/D
                            (rising edge-triggered cell FDRE clocked by ap_clk  {rise@0.000ns fall@1.250ns period=2.500ns})
  Path Group:             ap_clk
  Path Type:              Hold (Min at Fast Process Corner)
  Requirement:            0.000ns  (ap_clk rise@0.000ns - ap_clk rise@0.000ns)
  Data Path Delay:        0.094ns  (logic 0.039ns (41.383%)  route 0.055ns (58.617%))
  Logic Levels:           0  
  Clock Path Skew:        0.005ns (DCD - SCD - CPR)
    Destination Clock Delay (DCD):    0.018ns
    Source Clock Delay      (SCD):    0.013ns
    Clock Pessimism Removal (CPR):    -0.000ns

    Location             Delay type                Incr(ns)  Path(ns)    Netlist Resource(s)
  -------------------------------------------------------------------    -------------------
                         (clock ap_clk rise edge)     0.000     0.000 r  
                                                      0.000     0.000 r  ap_clk (IN)
                         net (fo=15503, unset)        0.013     0.013    bd_0_i/hls_inst/inst/grp_gemv_kernel_Pipeline_PACK_PREFILL_ROW1_fu_614/ap_clk
    SLICE_X63Y45         FDRE                                         r  bd_0_i/hls_inst/inst/grp_gemv_kernel_Pipeline_PACK_PREFILL_ROW1_fu_614/zext_ln87_reg_245_reg[0]/C
  -------------------------------------------------------------------    -------------------
    SLICE_X63Y45         FDRE (Prop_GFF_SLICEM_C_Q)
                                                      0.039     0.052 r  bd_0_i/hls_inst/inst/grp_gemv_kernel_Pipeline_PACK_PREFILL_ROW1_fu_614/zext_ln87_reg_245_reg[0]/Q
                         net (fo=2, routed)           0.055     0.107    bd_0_i/hls_inst/inst/grp_gemv_kernel_Pipeline_PACK_PREFILL_ROW1_fu_614/grp_gemv_kernel_Pipeline_PACK_PREFILL_ROW1_fu_614_w1_arr_V_address0[0]
    SLICE_X64Y45         FDRE                                         r  bd_0_i/hls_inst/inst/grp_gemv_kernel_Pipeline_PACK_PREFILL_ROW1_fu_614/zext_ln87_reg_245_pp0_iter1_reg_reg[0]/D
  -------------------------------------------------------------------    -------------------

                         (clock ap_clk rise edge)     0.000     0.000 r  
                                                      0.000     0.000 r  ap_clk (IN)
                         net (fo=15503, unset)        0.018     0.018    bd_0_i/hls_inst/inst/grp_gemv_kernel_Pipeline_PACK_PREFILL_ROW1_fu_614/ap_clk
    SLICE_X64Y45         FDRE                                         r  bd_0_i/hls_inst/inst/grp_gemv_kernel_Pipeline_PACK_PREFILL_ROW1_fu_614/zext_ln87_reg_245_pp0_iter1_reg_reg[0]/C
                         clock pessimism              0.000     0.018    
    SLICE_X64Y45         FDRE (Hold_DFF2_SLICEL_C_D)
                                                      0.047     0.065    bd_0_i/hls_inst/inst/grp_gemv_kernel_Pipeline_PACK_PREFILL_ROW1_fu_614/zext_ln87_reg_245_pp0_iter1_reg_reg[0]
  -------------------------------------------------------------------
                         required time                         -0.065    
                         arrival time                           0.107    
  -------------------------------------------------------------------
                         slack                                  0.042    

Slack (MET) :             0.042ns  (arrival time - required time)
  Source:                 bd_0_i/hls_inst/inst/gmem_m_axi_U/load_unit/bus_wide_gen.split_cnt_buf_reg[0]/C
                            (rising edge-triggered cell FDRE clocked by ap_clk  {rise@0.000ns fall@1.250ns period=2.500ns})
  Destination:            bd_0_i/hls_inst/inst/gmem_m_axi_U/load_unit/bus_wide_gen.split_cnt_buf_reg[1]/D
                            (rising edge-triggered cell FDRE clocked by ap_clk  {rise@0.000ns fall@1.250ns period=2.500ns})
  Path Group:             ap_clk
  Path Type:              Hold (Min at Fast Process Corner)
  Requirement:            0.000ns  (ap_clk rise@0.000ns - ap_clk rise@0.000ns)
  Data Path Delay:        0.095ns  (logic 0.059ns (61.858%)  route 0.036ns (38.142%))
  Logic Levels:           1  (LUT5=1)
  Clock Path Skew:        0.006ns (DCD - SCD - CPR)
    Destination Clock Delay (DCD):    0.019ns
    Source Clock Delay      (SCD):    0.013ns
    Clock Pessimism Removal (CPR):    -0.000ns

    Location             Delay type                Incr(ns)  Path(ns)    Netlist Resource(s)
  -------------------------------------------------------------------    -------------------
                         (clock ap_clk rise edge)     0.000     0.000 r  
                                                      0.000     0.000 r  ap_clk (IN)
                         net (fo=15503, unset)        0.013     0.013    bd_0_i/hls_inst/inst/gmem_m_axi_U/load_unit/ap_clk
    SLICE_X54Y41         FDRE                                         r  bd_0_i/hls_inst/inst/gmem_m_axi_U/load_unit/bus_wide_gen.split_cnt_buf_reg[0]/C
  -------------------------------------------------------------------    -------------------
    SLICE_X54Y41         FDRE (Prop_HFF_SLICEL_C_Q)
                                                      0.039     0.052 r  bd_0_i/hls_inst/inst/gmem_m_axi_U/load_unit/bus_wide_gen.split_cnt_buf_reg[0]/Q
                         net (fo=8, routed)           0.030     0.082    bd_0_i/hls_inst/inst/gmem_m_axi_U/load_unit/bus_wide_gen.rreq_offset/U_fifo_srl/bus_wide_gen.split_cnt_buf_reg[1][0]
    SLICE_X54Y41         LUT5 (Prop_G5LUT_SLICEL_I2_O)
                                                      0.020     0.102 r  bd_0_i/hls_inst/inst/gmem_m_axi_U/load_unit/bus_wide_gen.rreq_offset/U_fifo_srl/bus_wide_gen.split_cnt_buf[1]_i_3/O
                         net (fo=1, routed)           0.006     0.108    bd_0_i/hls_inst/inst/gmem_m_axi_U/load_unit/bus_wide_gen.rreq_offset_n_10
    SLICE_X54Y41         FDRE                                         r  bd_0_i/hls_inst/inst/gmem_m_axi_U/load_unit/bus_wide_gen.split_cnt_buf_reg[1]/D
  -------------------------------------------------------------------    -------------------

                         (clock ap_clk rise edge)     0.000     0.000 r  
                                                      0.000     0.000 r  ap_clk (IN)
                         net (fo=15503, unset)        0.019     0.019    bd_0_i/hls_inst/inst/gmem_m_axi_U/load_unit/ap_clk
    SLICE_X54Y41         FDRE                                         r  bd_0_i/hls_inst/inst/gmem_m_axi_U/load_unit/bus_wide_gen.split_cnt_buf_reg[1]/C
                         clock pessimism              0.000     0.019    
    SLICE_X54Y41         FDRE (Hold_GFF2_SLICEL_C_D)
                                                      0.047     0.066    bd_0_i/hls_inst/inst/gmem_m_axi_U/load_unit/bus_wide_gen.split_cnt_buf_reg[1]
  -------------------------------------------------------------------
                         required time                         -0.066    
                         arrival time                           0.108    
  -------------------------------------------------------------------
                         slack                                  0.042    

Slack (MET) :             0.043ns  (arrival time - required time)
  Source:                 bd_0_i/hls_inst/inst/grp_Hybrid_INT4_INT4_PD_fu_940/col_gen[0].row_gen[4].dsp_core/signs_r1_reg[8]/C
                            (rising edge-triggered cell FDRE clocked by ap_clk  {rise@0.000ns fall@1.250ns period=2.500ns})
  Destination:            bd_0_i/hls_inst/inst/grp_Hybrid_INT4_INT4_PD_fu_940/col_gen[0].row_gen[4].dsp_core/signs_r2_reg[8]/D
                            (rising edge-triggered cell FDRE clocked by ap_clk  {rise@0.000ns fall@1.250ns period=2.500ns})
  Path Group:             ap_clk
  Path Type:              Hold (Min at Fast Process Corner)
  Requirement:            0.000ns  (ap_clk rise@0.000ns - ap_clk rise@0.000ns)
  Data Path Delay:        0.097ns  (logic 0.039ns (40.206%)  route 0.058ns (59.794%))
  Logic Levels:           0  
  Clock Path Skew:        0.007ns (DCD - SCD - CPR)
    Destination Clock Delay (DCD):    0.019ns
    Source Clock Delay      (SCD):    0.012ns
    Clock Pessimism Removal (CPR):    -0.000ns

    Location             Delay type                Incr(ns)  Path(ns)    Netlist Resource(s)
  -------------------------------------------------------------------    -------------------
                         (clock ap_clk rise edge)     0.000     0.000 r  
                                                      0.000     0.000 r  ap_clk (IN)
                         net (fo=15503, unset)        0.012     0.012    bd_0_i/hls_inst/inst/grp_Hybrid_INT4_INT4_PD_fu_940/col_gen[0].row_gen[4].dsp_core/ap_clk
    SLICE_X73Y132        FDRE                                         r  bd_0_i/hls_inst/inst/grp_Hybrid_INT4_INT4_PD_fu_940/col_gen[0].row_gen[4].dsp_core/signs_r1_reg[8]/C
  -------------------------------------------------------------------    -------------------
    SLICE_X73Y132        FDRE (Prop_CFF_SLICEL_C_Q)
                                                      0.039     0.051 r  bd_0_i/hls_inst/inst/grp_Hybrid_INT4_INT4_PD_fu_940/col_gen[0].row_gen[4].dsp_core/signs_r1_reg[8]/Q
                         net (fo=1, routed)           0.058     0.109    bd_0_i/hls_inst/inst/grp_Hybrid_INT4_INT4_PD_fu_940/col_gen[0].row_gen[4].dsp_core/signs_r1[8]
    SLICE_X73Y132        FDRE                                         r  bd_0_i/hls_inst/inst/grp_Hybrid_INT4_INT4_PD_fu_940/col_gen[0].row_gen[4].dsp_core/signs_r2_reg[8]/D
  -------------------------------------------------------------------    -------------------

                         (clock ap_clk rise edge)     0.000     0.000 r  
                                                      0.000     0.000 r  ap_clk (IN)
                         net (fo=15503, unset)        0.019     0.019    bd_0_i/hls_inst/inst/grp_Hybrid_INT4_INT4_PD_fu_940/col_gen[0].row_gen[4].dsp_core/ap_clk
    SLICE_X73Y132        FDRE                                         r  bd_0_i/hls_inst/inst/grp_Hybrid_INT4_INT4_PD_fu_940/col_gen[0].row_gen[4].dsp_core/signs_r2_reg[8]/C
                         clock pessimism              0.000     0.019    
    SLICE_X73Y132        FDRE (Hold_FFF2_SLICEL_C_D)
                                                      0.047     0.066    bd_0_i/hls_inst/inst/grp_Hybrid_INT4_INT4_PD_fu_940/col_gen[0].row_gen[4].dsp_core/signs_r2_reg[8]
  -------------------------------------------------------------------
                         required time                         -0.066    
                         arrival time                           0.109    
  -------------------------------------------------------------------
                         slack                                  0.043    

Slack (MET) :             0.043ns  (arrival time - required time)
  Source:                 bd_0_i/hls_inst/inst/control_s_axi_U/int_output_r_reg[38]/C
                            (rising edge-triggered cell FDRE clocked by ap_clk  {rise@0.000ns fall@1.250ns period=2.500ns})
  Destination:            bd_0_i/hls_inst/inst/output_r_read_reg_1326_reg[38]/D
                            (rising edge-triggered cell FDRE clocked by ap_clk  {rise@0.000ns fall@1.250ns period=2.500ns})
  Path Group:             ap_clk
  Path Type:              Hold (Min at Fast Process Corner)
  Requirement:            0.000ns  (ap_clk rise@0.000ns - ap_clk rise@0.000ns)
  Data Path Delay:        0.096ns  (logic 0.039ns (40.586%)  route 0.057ns (59.414%))
  Logic Levels:           0  
  Clock Path Skew:        0.006ns (DCD - SCD - CPR)
    Destination Clock Delay (DCD):    0.019ns
    Source Clock Delay      (SCD):    0.013ns
    Clock Pessimism Removal (CPR):    -0.000ns

    Location             Delay type                Incr(ns)  Path(ns)    Netlist Resource(s)
  -------------------------------------------------------------------    -------------------
                         (clock ap_clk rise edge)     0.000     0.000 r  
                                                      0.000     0.000 r  ap_clk (IN)
                         net (fo=15503, unset)        0.013     0.013    bd_0_i/hls_inst/inst/control_s_axi_U/ap_clk
    SLICE_X80Y52         FDRE                                         r  bd_0_i/hls_inst/inst/control_s_axi_U/int_output_r_reg[38]/C
  -------------------------------------------------------------------    -------------------
    SLICE_X80Y52         FDRE (Prop_HFF_SLICEL_C_Q)
                                                      0.039     0.052 r  bd_0_i/hls_inst/inst/control_s_axi_U/int_output_r_reg[38]/Q
                         net (fo=3, routed)           0.057     0.109    bd_0_i/hls_inst/inst/output_r[38]
    SLICE_X79Y52         FDRE                                         r  bd_0_i/hls_inst/inst/output_r_read_reg_1326_reg[38]/D
  -------------------------------------------------------------------    -------------------

                         (clock ap_clk rise edge)     0.000     0.000 r  
                                                      0.000     0.000 r  ap_clk (IN)
                         net (fo=15503, unset)        0.019     0.019    bd_0_i/hls_inst/inst/ap_clk
    SLICE_X79Y52         FDRE                                         r  bd_0_i/hls_inst/inst/output_r_read_reg_1326_reg[38]/C
                         clock pessimism              0.000     0.019    
    SLICE_X79Y52         FDRE (Hold_EFF2_SLICEL_C_D)
                                                      0.047     0.066    bd_0_i/hls_inst/inst/output_r_read_reg_1326_reg[38]
  -------------------------------------------------------------------
                         required time                         -0.066    
                         arrival time                           0.109    
  -------------------------------------------------------------------
                         slack                                  0.043    

Slack (MET) :             0.044ns  (arrival time - required time)
  Source:                 bd_0_i/hls_inst/inst/gmem_act_m_axi_U/bus_read/rreq_burst_conv/could_multi_bursts.loop_cnt_reg[2]/C
                            (rising edge-triggered cell FDRE clocked by ap_clk  {rise@0.000ns fall@1.250ns period=2.500ns})
  Destination:            bd_0_i/hls_inst/inst/gmem_act_m_axi_U/bus_read/rreq_burst_conv/could_multi_bursts.loop_cnt_reg[2]/D
                            (rising edge-triggered cell FDRE clocked by ap_clk  {rise@0.000ns fall@1.250ns period=2.500ns})
  Path Group:             ap_clk
  Path Type:              Hold (Min at Fast Process Corner)
  Requirement:            0.000ns  (ap_clk rise@0.000ns - ap_clk rise@0.000ns)
  Data Path Delay:        0.096ns  (logic 0.053ns (55.296%)  route 0.043ns (44.704%))
  Logic Levels:           1  (LUT5=1)
  Clock Path Skew:        0.006ns (DCD - SCD - CPR)
    Destination Clock Delay (DCD):    0.018ns
    Source Clock Delay      (SCD):    0.012ns
    Clock Pessimism Removal (CPR):    -0.000ns

    Location             Delay type                Incr(ns)  Path(ns)    Netlist Resource(s)
  -------------------------------------------------------------------    -------------------
                         (clock ap_clk rise edge)     0.000     0.000 r  
                                                      0.000     0.000 r  ap_clk (IN)
                         net (fo=15503, unset)        0.012     0.012    bd_0_i/hls_inst/inst/gmem_act_m_axi_U/bus_read/rreq_burst_conv/ap_clk
    SLICE_X59Y71         FDRE                                         r  bd_0_i/hls_inst/inst/gmem_act_m_axi_U/bus_read/rreq_burst_conv/could_multi_bursts.loop_cnt_reg[2]/C
  -------------------------------------------------------------------    -------------------
    SLICE_X59Y71         FDRE (Prop_CFF_SLICEL_C_Q)
                                                      0.039     0.051 r  bd_0_i/hls_inst/inst/gmem_act_m_axi_U/bus_read/rreq_burst_conv/could_multi_bursts.loop_cnt_reg[2]/Q
                         net (fo=2, routed)           0.026     0.077    bd_0_i/hls_inst/inst/gmem_act_m_axi_U/bus_read/rreq_burst_conv/could_multi_bursts.loop_cnt_reg_n_0_[2]
    SLICE_X59Y71         LUT5 (Prop_C6LUT_SLICEL_I4_O)
                                                      0.014     0.091 r  bd_0_i/hls_inst/inst/gmem_act_m_axi_U/bus_read/rreq_burst_conv/could_multi_bursts.loop_cnt[2]_i_2__1/O
                         net (fo=1, routed)           0.017     0.108    bd_0_i/hls_inst/inst/gmem_act_m_axi_U/bus_read/rreq_burst_conv/could_multi_bursts.loop_cnt[2]_i_2__1_n_0
    SLICE_X59Y71         FDRE                                         r  bd_0_i/hls_inst/inst/gmem_act_m_axi_U/bus_read/rreq_burst_conv/could_multi_bursts.loop_cnt_reg[2]/D
  -------------------------------------------------------------------    -------------------

                         (clock ap_clk rise edge)     0.000     0.000 r  
                                                      0.000     0.000 r  ap_clk (IN)
                         net (fo=15503, unset)        0.018     0.018    bd_0_i/hls_inst/inst/gmem_act_m_axi_U/bus_read/rreq_burst_conv/ap_clk
    SLICE_X59Y71         FDRE                                         r  bd_0_i/hls_inst/inst/gmem_act_m_axi_U/bus_read/rreq_burst_conv/could_multi_bursts.loop_cnt_reg[2]/C
                         clock pessimism              0.000     0.018    
    SLICE_X59Y71         FDRE (Hold_CFF_SLICEL_C_D)
                                                      0.046     0.064    bd_0_i/hls_inst/inst/gmem_act_m_axi_U/bus_read/rreq_burst_conv/could_multi_bursts.loop_cnt_reg[2]
  -------------------------------------------------------------------
                         required time                         -0.064    
                         arrival time                           0.108    
  -------------------------------------------------------------------
                         slack                                  0.044    





Pulse Width Checks
--------------------------------------------------------------------------------------
Clock Name:         ap_clk
Waveform(ns):       { 0.000 1.250 }
Period(ns):         2.500
Sources:            { ap_clk }

Check Type        Corner  Lib Pin             Reference Pin  Required(ns)  Actual(ns)  Slack(ns)  Location      Pin
Min Period        n/a     RAMB36E2/CLKARDCLK  n/a            1.569         2.500       0.931      RAMB36_X4Y6   bd_0_i/hls_inst/inst/gmem_act_m_axi_U/load_unit/buff_rdata/U_fifo_mem/mem_reg_0/CLKARDCLK
Min Period        n/a     RAMB36E2/CLKBWRCLK  n/a            1.569         2.500       0.931      RAMB36_X4Y6   bd_0_i/hls_inst/inst/gmem_act_m_axi_U/load_unit/buff_rdata/U_fifo_mem/mem_reg_0/CLKBWRCLK
Min Period        n/a     RAMB36E2/CLKARDCLK  n/a            1.569         2.500       0.931      RAMB36_X4Y5   bd_0_i/hls_inst/inst/gmem_act_m_axi_U/load_unit/buff_rdata/U_fifo_mem/mem_reg_1/CLKARDCLK
Min Period        n/a     RAMB36E2/CLKBWRCLK  n/a            1.569         2.500       0.931      RAMB36_X4Y5   bd_0_i/hls_inst/inst/gmem_act_m_axi_U/load_unit/buff_rdata/U_fifo_mem/mem_reg_1/CLKBWRCLK
Min Period        n/a     RAMB36E2/CLKARDCLK  n/a            1.569         2.500       0.931      RAMB36_X3Y6   bd_0_i/hls_inst/inst/gmem_act_m_axi_U/load_unit/buff_rdata/U_fifo_mem/mem_reg_2/CLKARDCLK
Min Period        n/a     RAMB36E2/CLKBWRCLK  n/a            1.569         2.500       0.931      RAMB36_X3Y6   bd_0_i/hls_inst/inst/gmem_act_m_axi_U/load_unit/buff_rdata/U_fifo_mem/mem_reg_2/CLKBWRCLK
Min Period        n/a     RAMB36E2/CLKARDCLK  n/a            1.569         2.500       0.931      RAMB36_X3Y7   bd_0_i/hls_inst/inst/gmem_act_m_axi_U/load_unit/buff_rdata/U_fifo_mem/mem_reg_3/CLKARDCLK
Min Period        n/a     RAMB36E2/CLKBWRCLK  n/a            1.569         2.500       0.931      RAMB36_X3Y7   bd_0_i/hls_inst/inst/gmem_act_m_axi_U/load_unit/buff_rdata/U_fifo_mem/mem_reg_3/CLKBWRCLK
Min Period        n/a     RAMB18E2/CLKARDCLK  n/a            1.569         2.500       0.931      RAMB18_X3Y16  bd_0_i/hls_inst/inst/gmem_m_axi_U/load_unit/buff_rdata/U_fifo_mem/mem_reg/CLKARDCLK
Min Period        n/a     RAMB18E2/CLKBWRCLK  n/a            1.569         2.500       0.931      RAMB18_X3Y16  bd_0_i/hls_inst/inst/gmem_m_axi_U/load_unit/buff_rdata/U_fifo_mem/mem_reg/CLKBWRCLK
Low Pulse Width   Slow    RAMB36E2/CLKARDCLK  n/a            0.542         1.250       0.708      RAMB36_X4Y6   bd_0_i/hls_inst/inst/gmem_act_m_axi_U/load_unit/buff_rdata/U_fifo_mem/mem_reg_0/CLKARDCLK
Low Pulse Width   Fast    RAMB36E2/CLKARDCLK  n/a            0.542         1.250       0.708      RAMB36_X4Y6   bd_0_i/hls_inst/inst/gmem_act_m_axi_U/load_unit/buff_rdata/U_fifo_mem/mem_reg_0/CLKARDCLK
Low Pulse Width   Slow    RAMB36E2/CLKBWRCLK  n/a            0.542         1.250       0.708      RAMB36_X4Y6   bd_0_i/hls_inst/inst/gmem_act_m_axi_U/load_unit/buff_rdata/U_fifo_mem/mem_reg_0/CLKBWRCLK
Low Pulse Width   Fast    RAMB36E2/CLKBWRCLK  n/a            0.542         1.250       0.708      RAMB36_X4Y6   bd_0_i/hls_inst/inst/gmem_act_m_axi_U/load_unit/buff_rdata/U_fifo_mem/mem_reg_0/CLKBWRCLK
Low Pulse Width   Slow    RAMB36E2/CLKARDCLK  n/a            0.542         1.250       0.708      RAMB36_X4Y5   bd_0_i/hls_inst/inst/gmem_act_m_axi_U/load_unit/buff_rdata/U_fifo_mem/mem_reg_1/CLKARDCLK
Low Pulse Width   Fast    RAMB36E2/CLKARDCLK  n/a            0.542         1.250       0.708      RAMB36_X4Y5   bd_0_i/hls_inst/inst/gmem_act_m_axi_U/load_unit/buff_rdata/U_fifo_mem/mem_reg_1/CLKARDCLK
Low Pulse Width   Slow    RAMB36E2/CLKBWRCLK  n/a            0.542         1.250       0.708      RAMB36_X4Y5   bd_0_i/hls_inst/inst/gmem_act_m_axi_U/load_unit/buff_rdata/U_fifo_mem/mem_reg_1/CLKBWRCLK
Low Pulse Width   Fast    RAMB36E2/CLKBWRCLK  n/a            0.542         1.250       0.708      RAMB36_X4Y5   bd_0_i/hls_inst/inst/gmem_act_m_axi_U/load_unit/buff_rdata/U_fifo_mem/mem_reg_1/CLKBWRCLK
Low Pulse Width   Slow    RAMB36E2/CLKARDCLK  n/a            0.542         1.250       0.708      RAMB36_X3Y6   bd_0_i/hls_inst/inst/gmem_act_m_axi_U/load_unit/buff_rdata/U_fifo_mem/mem_reg_2/CLKARDCLK
Low Pulse Width   Fast    RAMB36E2/CLKARDCLK  n/a            0.542         1.250       0.708      RAMB36_X3Y6   bd_0_i/hls_inst/inst/gmem_act_m_axi_U/load_unit/buff_rdata/U_fifo_mem/mem_reg_2/CLKARDCLK
High Pulse Width  Slow    RAMB36E2/CLKARDCLK  n/a            0.542         1.250       0.708      RAMB36_X4Y6   bd_0_i/hls_inst/inst/gmem_act_m_axi_U/load_unit/buff_rdata/U_fifo_mem/mem_reg_0/CLKARDCLK
High Pulse Width  Fast    RAMB36E2/CLKARDCLK  n/a            0.542         1.250       0.708      RAMB36_X4Y6   bd_0_i/hls_inst/inst/gmem_act_m_axi_U/load_unit/buff_rdata/U_fifo_mem/mem_reg_0/CLKARDCLK
High Pulse Width  Slow    RAMB36E2/CLKBWRCLK  n/a            0.542         1.250       0.708      RAMB36_X4Y6   bd_0_i/hls_inst/inst/gmem_act_m_axi_U/load_unit/buff_rdata/U_fifo_mem/mem_reg_0/CLKBWRCLK
High Pulse Width  Fast    RAMB36E2/CLKBWRCLK  n/a            0.542         1.250       0.708      RAMB36_X4Y6   bd_0_i/hls_inst/inst/gmem_act_m_axi_U/load_unit/buff_rdata/U_fifo_mem/mem_reg_0/CLKBWRCLK
High Pulse Width  Slow    RAMB36E2/CLKARDCLK  n/a            0.542         1.250       0.708      RAMB36_X4Y5   bd_0_i/hls_inst/inst/gmem_act_m_axi_U/load_unit/buff_rdata/U_fifo_mem/mem_reg_1/CLKARDCLK
High Pulse Width  Fast    RAMB36E2/CLKARDCLK  n/a            0.542         1.250       0.708      RAMB36_X4Y5   bd_0_i/hls_inst/inst/gmem_act_m_axi_U/load_unit/buff_rdata/U_fifo_mem/mem_reg_1/CLKARDCLK
High Pulse Width  Slow    RAMB36E2/CLKBWRCLK  n/a            0.542         1.250       0.708      RAMB36_X4Y5   bd_0_i/hls_inst/inst/gmem_act_m_axi_U/load_unit/buff_rdata/U_fifo_mem/mem_reg_1/CLKBWRCLK
High Pulse Width  Fast    RAMB36E2/CLKBWRCLK  n/a            0.542         1.250       0.708      RAMB36_X4Y5   bd_0_i/hls_inst/inst/gmem_act_m_axi_U/load_unit/buff_rdata/U_fifo_mem/mem_reg_1/CLKBWRCLK
High Pulse Width  Slow    RAMB36E2/CLKARDCLK  n/a            0.542         1.250       0.708      RAMB36_X3Y6   bd_0_i/hls_inst/inst/gmem_act_m_axi_U/load_unit/buff_rdata/U_fifo_mem/mem_reg_2/CLKARDCLK
High Pulse Width  Fast    RAMB36E2/CLKARDCLK  n/a            0.542         1.250       0.708      RAMB36_X3Y6   bd_0_i/hls_inst/inst/gmem_act_m_axi_U/load_unit/buff_rdata/U_fifo_mem/mem_reg_2/CLKARDCLK



--------------------------------------------------------------------------------------
Path Group:  (none)
From Clock:  ap_clk
  To Clock:  

Max Delay           529 Endpoints
Min Delay           529 Endpoints
--------------------------------------------------------------------------------------


Max Delay Paths
--------------------------------------------------------------------------------------
Slack:                    inf
  Source:                 bd_0_i/hls_inst/inst/gmem_out_m_axi_U/bus_write/wreq_throttle/last_cnt_reg[2]/C
                            (rising edge-triggered cell FDRE clocked by ap_clk  {rise@0.000ns fall@1.250ns period=2.500ns})
  Destination:            m_axi_gmem_out_wvalid
                            (output port)
  Path Group:             (none)
  Path Type:              Max at Slow Process Corner
  Data Path Delay:        0.929ns  (logic 0.359ns (38.636%)  route 0.570ns (61.364%))
  Logic Levels:           2  (LUT3=1 LUT5=1)
  Clock Uncertainty:      0.025ns  ((TSJ^2 + TIJ^2)^1/2 + DJ) / 2 + PE
    Total System Jitter     (TSJ):    0.050ns
    Total Input Jitter      (TIJ):    0.000ns
    Discrete Jitter          (DJ):    0.000ns
    Phase Error              (PE):    0.000ns

    Location             Delay type                Incr(ns)  Path(ns)    Netlist Resource(s)
  -------------------------------------------------------------------    -------------------
                         (clock ap_clk rise edge)     0.000     0.000 r  
                                                      0.000     0.000 r  ap_clk (IN)
                         net (fo=15503, unset)        0.030     0.030    bd_0_i/hls_inst/inst/gmem_out_m_axi_U/bus_write/wreq_throttle/ap_clk
    SLICE_X88Y38         FDRE                                         r  bd_0_i/hls_inst/inst/gmem_out_m_axi_U/bus_write/wreq_throttle/last_cnt_reg[2]/C
  -------------------------------------------------------------------    -------------------
    SLICE_X88Y38         FDRE (Prop_CFF_SLICEM_C_Q)
                                                      0.078     0.108 r  bd_0_i/hls_inst/inst/gmem_out_m_axi_U/bus_write/wreq_throttle/last_cnt_reg[2]/Q
                         net (fo=6, routed)           0.234     0.342    bd_0_i/hls_inst/inst/gmem_out_m_axi_U/bus_write/wreq_throttle/data_fifo/U_fifo_srl/Q[2]
    SLICE_X88Y37         LUT5 (Prop_F6LUT_SLICEM_I0_O)
                                                      0.123     0.465 r  bd_0_i/hls_inst/inst/gmem_out_m_axi_U/bus_write/wreq_throttle/data_fifo/U_fifo_srl/m_axi_gmem_out_WVALID_INST_0_i_1/O
                         net (fo=7, routed)           0.301     0.766    bd_0_i/hls_inst/inst/gmem_out_m_axi_U/bus_write/wreq_throttle/data_fifo/data_en__3
    SLICE_X88Y33         LUT3 (Prop_D5LUT_SLICEM_I2_O)
                                                      0.158     0.924 r  bd_0_i/hls_inst/inst/gmem_out_m_axi_U/bus_write/wreq_throttle/data_fifo/m_axi_gmem_out_WVALID_INST_0/O
                         net (fo=0)                   0.035     0.959    m_axi_gmem_out_wvalid
                                                                      r  m_axi_gmem_out_wvalid (OUT)
  -------------------------------------------------------------------    -------------------

Slack:                    inf
  Source:                 bd_0_i/hls_inst/inst/gmem_m_axi_U/bus_read/rreq_burst_conv/could_multi_bursts.len_buf_reg[1]/C
                            (rising edge-triggered cell FDRE clocked by ap_clk  {rise@0.000ns fall@1.250ns period=2.500ns})
  Destination:            m_axi_gmem_arlen[1]
                            (output port)
  Path Group:             (none)
  Path Type:              Max at Slow Process Corner
  Data Path Delay:        0.080ns  (logic 0.080ns (100.000%)  route 0.000ns (0.000%))
  Logic Levels:           0  
  Clock Uncertainty:      0.025ns  ((TSJ^2 + TIJ^2)^1/2 + DJ) / 2 + PE
    Total System Jitter     (TSJ):    0.050ns
    Total Input Jitter      (TIJ):    0.000ns
    Discrete Jitter          (DJ):    0.000ns
    Phase Error              (PE):    0.000ns

    Location             Delay type                Incr(ns)  Path(ns)    Netlist Resource(s)
  -------------------------------------------------------------------    -------------------
                         (clock ap_clk rise edge)     0.000     0.000 r  
                                                      0.000     0.000 r  ap_clk (IN)
                         net (fo=15503, unset)        0.030     0.030    bd_0_i/hls_inst/inst/gmem_m_axi_U/bus_read/rreq_burst_conv/ap_clk
    SLICE_X56Y52         FDRE                                         r  bd_0_i/hls_inst/inst/gmem_m_axi_U/bus_read/rreq_burst_conv/could_multi_bursts.len_buf_reg[1]/C
  -------------------------------------------------------------------    -------------------
    SLICE_X56Y52         FDRE (Prop_BFF2_SLICEM_C_Q)
                                                      0.080     0.110 r  bd_0_i/hls_inst/inst/gmem_m_axi_U/bus_read/rreq_burst_conv/could_multi_bursts.len_buf_reg[1]/Q
                         net (fo=0)                   0.000     0.110    m_axi_gmem_arlen[1]
                                                                      r  m_axi_gmem_arlen[1] (OUT)
  -------------------------------------------------------------------    -------------------

Slack:                    inf
  Source:                 bd_0_i/hls_inst/inst/gmem_m_axi_U/bus_read/rreq_burst_conv/could_multi_bursts.len_buf_reg[3]/C
                            (rising edge-triggered cell FDRE clocked by ap_clk  {rise@0.000ns fall@1.250ns period=2.500ns})
  Destination:            m_axi_gmem_arlen[3]
                            (output port)
  Path Group:             (none)
  Path Type:              Max at Slow Process Corner
  Data Path Delay:        0.080ns  (logic 0.080ns (100.000%)  route 0.000ns (0.000%))
  Logic Levels:           0  
  Clock Uncertainty:      0.025ns  ((TSJ^2 + TIJ^2)^1/2 + DJ) / 2 + PE
    Total System Jitter     (TSJ):    0.050ns
    Total Input Jitter      (TIJ):    0.000ns
    Discrete Jitter          (DJ):    0.000ns
    Phase Error              (PE):    0.000ns

    Location             Delay type                Incr(ns)  Path(ns)    Netlist Resource(s)
  -------------------------------------------------------------------    -------------------
                         (clock ap_clk rise edge)     0.000     0.000 r  
                                                      0.000     0.000 r  ap_clk (IN)
                         net (fo=15503, unset)        0.030     0.030    bd_0_i/hls_inst/inst/gmem_m_axi_U/bus_read/rreq_burst_conv/ap_clk
    SLICE_X56Y52         FDRE                                         r  bd_0_i/hls_inst/inst/gmem_m_axi_U/bus_read/rreq_burst_conv/could_multi_bursts.len_buf_reg[3]/C
  -------------------------------------------------------------------    -------------------
    SLICE_X56Y52         FDRE (Prop_AFF2_SLICEM_C_Q)
                                                      0.080     0.110 r  bd_0_i/hls_inst/inst/gmem_m_axi_U/bus_read/rreq_burst_conv/could_multi_bursts.len_buf_reg[3]/Q
                         net (fo=0)                   0.000     0.110    m_axi_gmem_arlen[3]
                                                                      r  m_axi_gmem_arlen[3] (OUT)
  -------------------------------------------------------------------    -------------------

Slack:                    inf
  Source:                 bd_0_i/hls_inst/inst/gmem_out_m_axi_U/bus_write/wreq_throttle/data_fifo/U_fifo_srl/dout_reg[102]/C
                            (rising edge-triggered cell FDRE clocked by ap_clk  {rise@0.000ns fall@1.250ns period=2.500ns})
  Destination:            m_axi_gmem_out_wdata[102]
                            (output port)
  Path Group:             (none)
  Path Type:              Max at Slow Process Corner
  Data Path Delay:        0.081ns  (logic 0.081ns (100.000%)  route 0.000ns (0.000%))
  Logic Levels:           0  
  Clock Uncertainty:      0.025ns  ((TSJ^2 + TIJ^2)^1/2 + DJ) / 2 + PE
    Total System Jitter     (TSJ):    0.050ns
    Total Input Jitter      (TIJ):    0.000ns
    Discrete Jitter          (DJ):    0.000ns
    Phase Error              (PE):    0.000ns

    Location             Delay type                Incr(ns)  Path(ns)    Netlist Resource(s)
  -------------------------------------------------------------------    -------------------
                         (clock ap_clk rise edge)     0.000     0.000 r  
                                                      0.000     0.000 r  ap_clk (IN)
                         net (fo=15503, unset)        0.029     0.029    bd_0_i/hls_inst/inst/gmem_out_m_axi_U/bus_write/wreq_throttle/data_fifo/U_fifo_srl/ap_clk
    SLICE_X90Y15         FDRE                                         r  bd_0_i/hls_inst/inst/gmem_out_m_axi_U/bus_write/wreq_throttle/data_fifo/U_fifo_srl/dout_reg[102]/C
  -------------------------------------------------------------------    -------------------
    SLICE_X90Y15         FDRE (Prop_EFF2_SLICEL_C_Q)
                                                      0.081     0.110 r  bd_0_i/hls_inst/inst/gmem_out_m_axi_U/bus_write/wreq_throttle/data_fifo/U_fifo_srl/dout_reg[102]/Q
                         net (fo=0)                   0.000     0.110    m_axi_gmem_out_wdata[102]
                                                                      r  m_axi_gmem_out_wdata[102] (OUT)
  -------------------------------------------------------------------    -------------------

Slack:                    inf
  Source:                 bd_0_i/hls_inst/inst/gmem_out_m_axi_U/bus_write/wreq_throttle/data_fifo/U_fifo_srl/dout_reg[106]/C
                            (rising edge-triggered cell FDRE clocked by ap_clk  {rise@0.000ns fall@1.250ns period=2.500ns})
  Destination:            m_axi_gmem_out_wdata[106]
                            (output port)
  Path Group:             (none)
  Path Type:              Max at Slow Process Corner
  Data Path Delay:        0.081ns  (logic 0.081ns (100.000%)  route 0.000ns (0.000%))
  Logic Levels:           0  
  Clock Uncertainty:      0.025ns  ((TSJ^2 + TIJ^2)^1/2 + DJ) / 2 + PE
    Total System Jitter     (TSJ):    0.050ns
    Total Input Jitter      (TIJ):    0.000ns
    Discrete Jitter          (DJ):    0.000ns
    Phase Error              (PE):    0.000ns

    Location             Delay type                Incr(ns)  Path(ns)    Netlist Resource(s)
  -------------------------------------------------------------------    -------------------
                         (clock ap_clk rise edge)     0.000     0.000 r  
                                                      0.000     0.000 r  ap_clk (IN)
                         net (fo=15503, unset)        0.029     0.029    bd_0_i/hls_inst/inst/gmem_out_m_axi_U/bus_write/wreq_throttle/data_fifo/U_fifo_srl/ap_clk
    SLICE_X90Y15         FDRE                                         r  bd_0_i/hls_inst/inst/gmem_out_m_axi_U/bus_write/wreq_throttle/data_fifo/U_fifo_srl/dout_reg[106]/C
  -------------------------------------------------------------------    -------------------
    SLICE_X90Y15         FDRE (Prop_FFF2_SLICEL_C_Q)
                                                      0.081     0.110 r  bd_0_i/hls_inst/inst/gmem_out_m_axi_U/bus_write/wreq_throttle/data_fifo/U_fifo_srl/dout_reg[106]/Q
                         net (fo=0)                   0.000     0.110    m_axi_gmem_out_wdata[106]
                                                                      r  m_axi_gmem_out_wdata[106] (OUT)
  -------------------------------------------------------------------    -------------------

Slack:                    inf
  Source:                 bd_0_i/hls_inst/inst/gmem_out_m_axi_U/bus_write/wreq_throttle/data_fifo/U_fifo_srl/dout_reg[10]/C
                            (rising edge-triggered cell FDRE clocked by ap_clk  {rise@0.000ns fall@1.250ns period=2.500ns})
  Destination:            m_axi_gmem_out_wdata[10]
                            (output port)
  Path Group:             (none)
  Path Type:              Max at Slow Process Corner
  Data Path Delay:        0.081ns  (logic 0.081ns (100.000%)  route 0.000ns (0.000%))
  Logic Levels:           0  
  Clock Uncertainty:      0.025ns  ((TSJ^2 + TIJ^2)^1/2 + DJ) / 2 + PE
    Total System Jitter     (TSJ):    0.050ns
    Total Input Jitter      (TIJ):    0.000ns
    Discrete Jitter          (DJ):    0.000ns
    Phase Error              (PE):    0.000ns

    Location             Delay type                Incr(ns)  Path(ns)    Netlist Resource(s)
  -------------------------------------------------------------------    -------------------
                         (clock ap_clk rise edge)     0.000     0.000 r  
                                                      0.000     0.000 r  ap_clk (IN)
                         net (fo=15503, unset)        0.029     0.029    bd_0_i/hls_inst/inst/gmem_out_m_axi_U/bus_write/wreq_throttle/data_fifo/U_fifo_srl/ap_clk
    SLICE_X89Y11         FDRE                                         r  bd_0_i/hls_inst/inst/gmem_out_m_axi_U/bus_write/wreq_throttle/data_fifo/U_fifo_srl/dout_reg[10]/C
  -------------------------------------------------------------------    -------------------
    SLICE_X89Y11         FDRE (Prop_EFF2_SLICEL_C_Q)
                                                      0.081     0.110 r  bd_0_i/hls_inst/inst/gmem_out_m_axi_U/bus_write/wreq_throttle/data_fifo/U_fifo_srl/dout_reg[10]/Q
                         net (fo=0)                   0.000     0.110    m_axi_gmem_out_wdata[10]
                                                                      r  m_axi_gmem_out_wdata[10] (OUT)
  -------------------------------------------------------------------    -------------------

Slack:                    inf
  Source:                 bd_0_i/hls_inst/inst/gmem_out_m_axi_U/bus_write/wreq_throttle/data_fifo/U_fifo_srl/dout_reg[116]/C
                            (rising edge-triggered cell FDRE clocked by ap_clk  {rise@0.000ns fall@1.250ns period=2.500ns})
  Destination:            m_axi_gmem_out_wdata[116]
                            (output port)
  Path Group:             (none)
  Path Type:              Max at Slow Process Corner
  Data Path Delay:        0.081ns  (logic 0.081ns (100.000%)  route 0.000ns (0.000%))
  Logic Levels:           0  
  Clock Uncertainty:      0.025ns  ((TSJ^2 + TIJ^2)^1/2 + DJ) / 2 + PE
    Total System Jitter     (TSJ):    0.050ns
    Total Input Jitter      (TIJ):    0.000ns
    Discrete Jitter          (DJ):    0.000ns
    Phase Error              (PE):    0.000ns

    Location             Delay type                Incr(ns)  Path(ns)    Netlist Resource(s)
  -------------------------------------------------------------------    -------------------
                         (clock ap_clk rise edge)     0.000     0.000 r  
                                                      0.000     0.000 r  ap_clk (IN)
                         net (fo=15503, unset)        0.029     0.029    bd_0_i/hls_inst/inst/gmem_out_m_axi_U/bus_write/wreq_throttle/data_fifo/U_fifo_srl/ap_clk
    SLICE_X89Y17         FDRE                                         r  bd_0_i/hls_inst/inst/gmem_out_m_axi_U/bus_write/wreq_throttle/data_fifo/U_fifo_srl/dout_reg[116]/C
  -------------------------------------------------------------------    -------------------
    SLICE_X89Y17         FDRE (Prop_EFF2_SLICEL_C_Q)
                                                      0.081     0.110 r  bd_0_i/hls_inst/inst/gmem_out_m_axi_U/bus_write/wreq_throttle/data_fifo/U_fifo_srl/dout_reg[116]/Q
                         net (fo=0)                   0.000     0.110    m_axi_gmem_out_wdata[116]
                                                                      r  m_axi_gmem_out_wdata[116] (OUT)
  -------------------------------------------------------------------    -------------------

Slack:                    inf
  Source:                 bd_0_i/hls_inst/inst/gmem_out_m_axi_U/bus_write/wreq_throttle/data_fifo/U_fifo_srl/dout_reg[120]/C
                            (rising edge-triggered cell FDRE clocked by ap_clk  {rise@0.000ns fall@1.250ns period=2.500ns})
  Destination:            m_axi_gmem_out_wdata[120]
                            (output port)
  Path Group:             (none)
  Path Type:              Max at Slow Process Corner
  Data Path Delay:        0.081ns  (logic 0.081ns (100.000%)  route 0.000ns (0.000%))
  Logic Levels:           0  
  Clock Uncertainty:      0.025ns  ((TSJ^2 + TIJ^2)^1/2 + DJ) / 2 + PE
    Total System Jitter     (TSJ):    0.050ns
    Total Input Jitter      (TIJ):    0.000ns
    Discrete Jitter          (DJ):    0.000ns
    Phase Error              (PE):    0.000ns

    Location             Delay type                Incr(ns)  Path(ns)    Netlist Resource(s)
  -------------------------------------------------------------------    -------------------
                         (clock ap_clk rise edge)     0.000     0.000 r  
                                                      0.000     0.000 r  ap_clk (IN)
                         net (fo=15503, unset)        0.029     0.029    bd_0_i/hls_inst/inst/gmem_out_m_axi_U/bus_write/wreq_throttle/data_fifo/U_fifo_srl/ap_clk
    SLICE_X89Y17         FDRE                                         r  bd_0_i/hls_inst/inst/gmem_out_m_axi_U/bus_write/wreq_throttle/data_fifo/U_fifo_srl/dout_reg[120]/C
  -------------------------------------------------------------------    -------------------
    SLICE_X89Y17         FDRE (Prop_FFF2_SLICEL_C_Q)
                                                      0.081     0.110 r  bd_0_i/hls_inst/inst/gmem_out_m_axi_U/bus_write/wreq_throttle/data_fifo/U_fifo_srl/dout_reg[120]/Q
                         net (fo=0)                   0.000     0.110    m_axi_gmem_out_wdata[120]
                                                                      r  m_axi_gmem_out_wdata[120] (OUT)
  -------------------------------------------------------------------    -------------------

Slack:                    inf
  Source:                 bd_0_i/hls_inst/inst/gmem_out_m_axi_U/bus_write/wreq_throttle/data_fifo/U_fifo_srl/dout_reg[121]/C
                            (rising edge-triggered cell FDRE clocked by ap_clk  {rise@0.000ns fall@1.250ns period=2.500ns})
  Destination:            m_axi_gmem_out_wdata[121]
                            (output port)
  Path Group:             (none)
  Path Type:              Max at Slow Process Corner
  Data Path Delay:        0.080ns  (logic 0.080ns (100.000%)  route 0.000ns (0.000%))
  Logic Levels:           0  
  Clock Uncertainty:      0.025ns  ((TSJ^2 + TIJ^2)^1/2 + DJ) / 2 + PE
    Total System Jitter     (TSJ):    0.050ns
    Total Input Jitter      (TIJ):    0.000ns
    Discrete Jitter          (DJ):    0.000ns
    Phase Error              (PE):    0.000ns

    Location             Delay type                Incr(ns)  Path(ns)    Netlist Resource(s)
  -------------------------------------------------------------------    -------------------
                         (clock ap_clk rise edge)     0.000     0.000 r  
                                                      0.000     0.000 r  ap_clk (IN)
                         net (fo=15503, unset)        0.030     0.030    bd_0_i/hls_inst/inst/gmem_out_m_axi_U/bus_write/wreq_throttle/data_fifo/U_fifo_srl/ap_clk
    SLICE_X88Y20         FDRE                                         r  bd_0_i/hls_inst/inst/gmem_out_m_axi_U/bus_write/wreq_throttle/data_fifo/U_fifo_srl/dout_reg[121]/C
  -------------------------------------------------------------------    -------------------
    SLICE_X88Y20         FDRE (Prop_AFF2_SLICEM_C_Q)
                                                      0.080     0.110 r  bd_0_i/hls_inst/inst/gmem_out_m_axi_U/bus_write/wreq_throttle/data_fifo/U_fifo_srl/dout_reg[121]/Q
                         net (fo=0)                   0.000     0.110    m_axi_gmem_out_wdata[121]
                                                                      r  m_axi_gmem_out_wdata[121] (OUT)
  -------------------------------------------------------------------    -------------------

Slack:                    inf
  Source:                 bd_0_i/hls_inst/inst/gmem_out_m_axi_U/bus_write/wreq_throttle/data_fifo/U_fifo_srl/dout_reg[124]/C
                            (rising edge-triggered cell FDRE clocked by ap_clk  {rise@0.000ns fall@1.250ns period=2.500ns})
  Destination:            m_axi_gmem_out_wdata[124]
                            (output port)
  Path Group:             (none)
  Path Type:              Max at Slow Process Corner
  Data Path Delay:        0.080ns  (logic 0.080ns (100.000%)  route 0.000ns (0.000%))
  Logic Levels:           0  
  Clock Uncertainty:      0.025ns  ((TSJ^2 + TIJ^2)^1/2 + DJ) / 2 + PE
    Total System Jitter     (TSJ):    0.050ns
    Total Input Jitter      (TIJ):    0.000ns
    Discrete Jitter          (DJ):    0.000ns
    Phase Error              (PE):    0.000ns

    Location             Delay type                Incr(ns)  Path(ns)    Netlist Resource(s)
  -------------------------------------------------------------------    -------------------
                         (clock ap_clk rise edge)     0.000     0.000 r  
                                                      0.000     0.000 r  ap_clk (IN)
                         net (fo=15503, unset)        0.030     0.030    bd_0_i/hls_inst/inst/gmem_out_m_axi_U/bus_write/wreq_throttle/data_fifo/U_fifo_srl/ap_clk
    SLICE_X88Y20         FDRE                                         r  bd_0_i/hls_inst/inst/gmem_out_m_axi_U/bus_write/wreq_throttle/data_fifo/U_fifo_srl/dout_reg[124]/C
  -------------------------------------------------------------------    -------------------
    SLICE_X88Y20         FDRE (Prop_BFF2_SLICEM_C_Q)
                                                      0.080     0.110 r  bd_0_i/hls_inst/inst/gmem_out_m_axi_U/bus_write/wreq_throttle/data_fifo/U_fifo_srl/dout_reg[124]/Q
                         net (fo=0)                   0.000     0.110    m_axi_gmem_out_wdata[124]
                                                                      r  m_axi_gmem_out_wdata[124] (OUT)
  -------------------------------------------------------------------    -------------------





Min Delay Paths
--------------------------------------------------------------------------------------
Slack:                    inf
  Source:                 bd_0_i/hls_inst/inst/gmem_act_m_axi_U/bus_read/rreq_burst_conv/could_multi_bursts.addr_buf_reg[10]/C
                            (rising edge-triggered cell FDRE clocked by ap_clk  {rise@0.000ns fall@1.250ns period=2.500ns})
  Destination:            m_axi_gmem_act_araddr[10]
                            (output port)
  Path Group:             (none)
  Path Type:              Min at Fast Process Corner
  Data Path Delay:        0.037ns  (logic 0.037ns (100.000%)  route 0.000ns (0.000%))
  Logic Levels:           0  
  Clock Uncertainty:      0.025ns  ((TSJ^2 + TIJ^2)^1/2 + DJ) / 2 + PE
    Total System Jitter     (TSJ):    0.050ns
    Total Input Jitter      (TIJ):    0.000ns
    Discrete Jitter          (DJ):    0.000ns
    Phase Error              (PE):    0.000ns

    Location             Delay type                Incr(ns)  Path(ns)    Netlist Resource(s)
  -------------------------------------------------------------------    -------------------
                         (clock ap_clk rise edge)     0.000     0.000 r  
                                                      0.000     0.000 r  ap_clk (IN)
                         net (fo=15503, unset)        0.013     0.013    bd_0_i/hls_inst/inst/gmem_act_m_axi_U/bus_read/rreq_burst_conv/ap_clk
    SLICE_X61Y76         FDRE                                         r  bd_0_i/hls_inst/inst/gmem_act_m_axi_U/bus_read/rreq_burst_conv/could_multi_bursts.addr_buf_reg[10]/C
  -------------------------------------------------------------------    -------------------
    SLICE_X61Y76         FDRE (Prop_FFF_SLICEM_C_Q)
                                                      0.037     0.050 r  bd_0_i/hls_inst/inst/gmem_act_m_axi_U/bus_read/rreq_burst_conv/could_multi_bursts.addr_buf_reg[10]/Q
                         net (fo=1, unset)            0.000     0.050    m_axi_gmem_act_araddr[10]
                                                                      r  m_axi_gmem_act_araddr[10] (OUT)
  -------------------------------------------------------------------    -------------------

Slack:                    inf
  Source:                 bd_0_i/hls_inst/inst/gmem_act_m_axi_U/bus_read/rreq_burst_conv/could_multi_bursts.addr_buf_reg[18]/C
                            (rising edge-triggered cell FDRE clocked by ap_clk  {rise@0.000ns fall@1.250ns period=2.500ns})
  Destination:            m_axi_gmem_act_araddr[18]
                            (output port)
  Path Group:             (none)
  Path Type:              Min at Fast Process Corner
  Data Path Delay:        0.037ns  (logic 0.037ns (100.000%)  route 0.000ns (0.000%))
  Logic Levels:           0  
  Clock Uncertainty:      0.025ns  ((TSJ^2 + TIJ^2)^1/2 + DJ) / 2 + PE
    Total System Jitter     (TSJ):    0.050ns
    Total Input Jitter      (TIJ):    0.000ns
    Discrete Jitter          (DJ):    0.000ns
    Phase Error              (PE):    0.000ns

    Location             Delay type                Incr(ns)  Path(ns)    Netlist Resource(s)
  -------------------------------------------------------------------    -------------------
                         (clock ap_clk rise edge)     0.000     0.000 r  
                                                      0.000     0.000 r  ap_clk (IN)
                         net (fo=15503, unset)        0.013     0.013    bd_0_i/hls_inst/inst/gmem_act_m_axi_U/bus_read/rreq_burst_conv/ap_clk
    SLICE_X61Y77         FDRE                                         r  bd_0_i/hls_inst/inst/gmem_act_m_axi_U/bus_read/rreq_burst_conv/could_multi_bursts.addr_buf_reg[18]/C
  -------------------------------------------------------------------    -------------------
    SLICE_X61Y77         FDRE (Prop_FFF_SLICEM_C_Q)
                                                      0.037     0.050 r  bd_0_i/hls_inst/inst/gmem_act_m_axi_U/bus_read/rreq_burst_conv/could_multi_bursts.addr_buf_reg[18]/Q
                         net (fo=1, unset)            0.000     0.050    m_axi_gmem_act_araddr[18]
                                                                      r  m_axi_gmem_act_araddr[18] (OUT)
  -------------------------------------------------------------------    -------------------

Slack:                    inf
  Source:                 bd_0_i/hls_inst/inst/gmem_act_m_axi_U/bus_read/rreq_burst_conv/could_multi_bursts.addr_buf_reg[26]/C
                            (rising edge-triggered cell FDRE clocked by ap_clk  {rise@0.000ns fall@1.250ns period=2.500ns})
  Destination:            m_axi_gmem_act_araddr[26]
                            (output port)
  Path Group:             (none)
  Path Type:              Min at Fast Process Corner
  Data Path Delay:        0.037ns  (logic 0.037ns (100.000%)  route 0.000ns (0.000%))
  Logic Levels:           0  
  Clock Uncertainty:      0.025ns  ((TSJ^2 + TIJ^2)^1/2 + DJ) / 2 + PE
    Total System Jitter     (TSJ):    0.050ns
    Total Input Jitter      (TIJ):    0.000ns
    Discrete Jitter          (DJ):    0.000ns
    Phase Error              (PE):    0.000ns

    Location             Delay type                Incr(ns)  Path(ns)    Netlist Resource(s)
  -------------------------------------------------------------------    -------------------
                         (clock ap_clk rise edge)     0.000     0.000 r  
                                                      0.000     0.000 r  ap_clk (IN)
                         net (fo=15503, unset)        0.013     0.013    bd_0_i/hls_inst/inst/gmem_act_m_axi_U/bus_read/rreq_burst_conv/ap_clk
    SLICE_X61Y78         FDRE                                         r  bd_0_i/hls_inst/inst/gmem_act_m_axi_U/bus_read/rreq_burst_conv/could_multi_bursts.addr_buf_reg[26]/C
  -------------------------------------------------------------------    -------------------
    SLICE_X61Y78         FDRE (Prop_FFF_SLICEM_C_Q)
                                                      0.037     0.050 r  bd_0_i/hls_inst/inst/gmem_act_m_axi_U/bus_read/rreq_burst_conv/could_multi_bursts.addr_buf_reg[26]/Q
                         net (fo=1, unset)            0.000     0.050    m_axi_gmem_act_araddr[26]
                                                                      r  m_axi_gmem_act_araddr[26] (OUT)
  -------------------------------------------------------------------    -------------------

Slack:                    inf
  Source:                 bd_0_i/hls_inst/inst/gmem_act_m_axi_U/bus_read/rreq_burst_conv/could_multi_bursts.addr_buf_reg[34]/C
                            (rising edge-triggered cell FDRE clocked by ap_clk  {rise@0.000ns fall@1.250ns period=2.500ns})
  Destination:            m_axi_gmem_act_araddr[34]
                            (output port)
  Path Group:             (none)
  Path Type:              Min at Fast Process Corner
  Data Path Delay:        0.037ns  (logic 0.037ns (100.000%)  route 0.000ns (0.000%))
  Logic Levels:           0  
  Clock Uncertainty:      0.025ns  ((TSJ^2 + TIJ^2)^1/2 + DJ) / 2 + PE
    Total System Jitter     (TSJ):    0.050ns
    Total Input Jitter      (TIJ):    0.000ns
    Discrete Jitter          (DJ):    0.000ns
    Phase Error              (PE):    0.000ns

    Location             Delay type                Incr(ns)  Path(ns)    Netlist Resource(s)
  -------------------------------------------------------------------    -------------------
                         (clock ap_clk rise edge)     0.000     0.000 r  
                                                      0.000     0.000 r  ap_clk (IN)
                         net (fo=15503, unset)        0.013     0.013    bd_0_i/hls_inst/inst/gmem_act_m_axi_U/bus_read/rreq_burst_conv/ap_clk
    SLICE_X61Y79         FDRE                                         r  bd_0_i/hls_inst/inst/gmem_act_m_axi_U/bus_read/rreq_burst_conv/could_multi_bursts.addr_buf_reg[34]/C
  -------------------------------------------------------------------    -------------------
    SLICE_X61Y79         FDRE (Prop_FFF_SLICEM_C_Q)
                                                      0.037     0.050 r  bd_0_i/hls_inst/inst/gmem_act_m_axi_U/bus_read/rreq_burst_conv/could_multi_bursts.addr_buf_reg[34]/Q
                         net (fo=1, unset)            0.000     0.050    m_axi_gmem_act_araddr[34]
                                                                      r  m_axi_gmem_act_araddr[34] (OUT)
  -------------------------------------------------------------------    -------------------

Slack:                    inf
  Source:                 bd_0_i/hls_inst/inst/gmem_act_m_axi_U/bus_read/rreq_burst_conv/could_multi_bursts.addr_buf_reg[42]/C
                            (rising edge-triggered cell FDRE clocked by ap_clk  {rise@0.000ns fall@1.250ns period=2.500ns})
  Destination:            m_axi_gmem_act_araddr[42]
                            (output port)
  Path Group:             (none)
  Path Type:              Min at Fast Process Corner
  Data Path Delay:        0.037ns  (logic 0.037ns (100.000%)  route 0.000ns (0.000%))
  Logic Levels:           0  
  Clock Uncertainty:      0.025ns  ((TSJ^2 + TIJ^2)^1/2 + DJ) / 2 + PE
    Total System Jitter     (TSJ):    0.050ns
    Total Input Jitter      (TIJ):    0.000ns
    Discrete Jitter          (DJ):    0.000ns
    Phase Error              (PE):    0.000ns

    Location             Delay type                Incr(ns)  Path(ns)    Netlist Resource(s)
  -------------------------------------------------------------------    -------------------
                         (clock ap_clk rise edge)     0.000     0.000 r  
                                                      0.000     0.000 r  ap_clk (IN)
                         net (fo=15503, unset)        0.013     0.013    bd_0_i/hls_inst/inst/gmem_act_m_axi_U/bus_read/rreq_burst_conv/ap_clk
    SLICE_X61Y80         FDRE                                         r  bd_0_i/hls_inst/inst/gmem_act_m_axi_U/bus_read/rreq_burst_conv/could_multi_bursts.addr_buf_reg[42]/C
  -------------------------------------------------------------------    -------------------
    SLICE_X61Y80         FDRE (Prop_FFF_SLICEM_C_Q)
                                                      0.037     0.050 r  bd_0_i/hls_inst/inst/gmem_act_m_axi_U/bus_read/rreq_burst_conv/could_multi_bursts.addr_buf_reg[42]/Q
                         net (fo=1, unset)            0.000     0.050    m_axi_gmem_act_araddr[42]
                                                                      r  m_axi_gmem_act_araddr[42] (OUT)
  -------------------------------------------------------------------    -------------------

Slack:                    inf
  Source:                 bd_0_i/hls_inst/inst/gmem_act_m_axi_U/bus_read/rreq_burst_conv/could_multi_bursts.addr_buf_reg[50]/C
                            (rising edge-triggered cell FDRE clocked by ap_clk  {rise@0.000ns fall@1.250ns period=2.500ns})
  Destination:            m_axi_gmem_act_araddr[50]
                            (output port)
  Path Group:             (none)
  Path Type:              Min at Fast Process Corner
  Data Path Delay:        0.037ns  (logic 0.037ns (100.000%)  route 0.000ns (0.000%))
  Logic Levels:           0  
  Clock Uncertainty:      0.025ns  ((TSJ^2 + TIJ^2)^1/2 + DJ) / 2 + PE
    Total System Jitter     (TSJ):    0.050ns
    Total Input Jitter      (TIJ):    0.000ns
    Discrete Jitter          (DJ):    0.000ns
    Phase Error              (PE):    0.000ns

    Location             Delay type                Incr(ns)  Path(ns)    Netlist Resource(s)
  -------------------------------------------------------------------    -------------------
                         (clock ap_clk rise edge)     0.000     0.000 r  
                                                      0.000     0.000 r  ap_clk (IN)
                         net (fo=15503, unset)        0.013     0.013    bd_0_i/hls_inst/inst/gmem_act_m_axi_U/bus_read/rreq_burst_conv/ap_clk
    SLICE_X61Y81         FDRE                                         r  bd_0_i/hls_inst/inst/gmem_act_m_axi_U/bus_read/rreq_burst_conv/could_multi_bursts.addr_buf_reg[50]/C
  -------------------------------------------------------------------    -------------------
    SLICE_X61Y81         FDRE (Prop_FFF_SLICEM_C_Q)
                                                      0.037     0.050 r  bd_0_i/hls_inst/inst/gmem_act_m_axi_U/bus_read/rreq_burst_conv/could_multi_bursts.addr_buf_reg[50]/Q
                         net (fo=1, unset)            0.000     0.050    m_axi_gmem_act_araddr[50]
                                                                      r  m_axi_gmem_act_araddr[50] (OUT)
  -------------------------------------------------------------------    -------------------

Slack:                    inf
  Source:                 bd_0_i/hls_inst/inst/gmem_act_m_axi_U/bus_read/rreq_burst_conv/could_multi_bursts.addr_buf_reg[58]/C
                            (rising edge-triggered cell FDRE clocked by ap_clk  {rise@0.000ns fall@1.250ns period=2.500ns})
  Destination:            m_axi_gmem_act_araddr[58]
                            (output port)
  Path Group:             (none)
  Path Type:              Min at Fast Process Corner
  Data Path Delay:        0.037ns  (logic 0.037ns (100.000%)  route 0.000ns (0.000%))
  Logic Levels:           0  
  Clock Uncertainty:      0.025ns  ((TSJ^2 + TIJ^2)^1/2 + DJ) / 2 + PE
    Total System Jitter     (TSJ):    0.050ns
    Total Input Jitter      (TIJ):    0.000ns
    Discrete Jitter          (DJ):    0.000ns
    Phase Error              (PE):    0.000ns

    Location             Delay type                Incr(ns)  Path(ns)    Netlist Resource(s)
  -------------------------------------------------------------------    -------------------
                         (clock ap_clk rise edge)     0.000     0.000 r  
                                                      0.000     0.000 r  ap_clk (IN)
                         net (fo=15503, unset)        0.013     0.013    bd_0_i/hls_inst/inst/gmem_act_m_axi_U/bus_read/rreq_burst_conv/ap_clk
    SLICE_X61Y82         FDRE                                         r  bd_0_i/hls_inst/inst/gmem_act_m_axi_U/bus_read/rreq_burst_conv/could_multi_bursts.addr_buf_reg[58]/C
  -------------------------------------------------------------------    -------------------
    SLICE_X61Y82         FDRE (Prop_FFF_SLICEM_C_Q)
                                                      0.037     0.050 r  bd_0_i/hls_inst/inst/gmem_act_m_axi_U/bus_read/rreq_burst_conv/could_multi_bursts.addr_buf_reg[58]/Q
                         net (fo=1, unset)            0.000     0.050    m_axi_gmem_act_araddr[58]
                                                                      r  m_axi_gmem_act_araddr[58] (OUT)
  -------------------------------------------------------------------    -------------------

Slack:                    inf
  Source:                 bd_0_i/hls_inst/inst/gmem_out_m_axi_U/bus_write/wreq_throttle/rs_req/data_p1_reg[26]/C
                            (rising edge-triggered cell FDRE clocked by ap_clk  {rise@0.000ns fall@1.250ns period=2.500ns})
  Destination:            m_axi_gmem_out_awaddr[26]
                            (output port)
  Path Group:             (none)
  Path Type:              Min at Fast Process Corner
  Data Path Delay:        0.037ns  (logic 0.037ns (100.000%)  route 0.000ns (0.000%))
  Logic Levels:           0  
  Clock Uncertainty:      0.025ns  ((TSJ^2 + TIJ^2)^1/2 + DJ) / 2 + PE
    Total System Jitter     (TSJ):    0.050ns
    Total Input Jitter      (TIJ):    0.000ns
    Discrete Jitter          (DJ):    0.000ns
    Phase Error              (PE):    0.000ns

    Location             Delay type                Incr(ns)  Path(ns)    Netlist Resource(s)
  -------------------------------------------------------------------    -------------------
                         (clock ap_clk rise edge)     0.000     0.000 r  
                                                      0.000     0.000 r  ap_clk (IN)
                         net (fo=15503, unset)        0.013     0.013    bd_0_i/hls_inst/inst/gmem_out_m_axi_U/bus_write/wreq_throttle/rs_req/ap_clk
    SLICE_X85Y53         FDRE                                         r  bd_0_i/hls_inst/inst/gmem_out_m_axi_U/bus_write/wreq_throttle/rs_req/data_p1_reg[26]/C
  -------------------------------------------------------------------    -------------------
    SLICE_X85Y53         FDRE (Prop_FFF_SLICEM_C_Q)
                                                      0.037     0.050 r  bd_0_i/hls_inst/inst/gmem_out_m_axi_U/bus_write/wreq_throttle/rs_req/data_p1_reg[26]/Q
                         net (fo=0)                   0.000     0.050    m_axi_gmem_out_awaddr[26]
                                                                      r  m_axi_gmem_out_awaddr[26] (OUT)
  -------------------------------------------------------------------    -------------------

Slack:                    inf
  Source:                 bd_0_i/hls_inst/inst/gmem_out_m_axi_U/bus_write/wreq_throttle/rs_req/data_p1_reg[29]/C
                            (rising edge-triggered cell FDRE clocked by ap_clk  {rise@0.000ns fall@1.250ns period=2.500ns})
  Destination:            m_axi_gmem_out_awaddr[29]
                            (output port)
  Path Group:             (none)
  Path Type:              Min at Fast Process Corner
  Data Path Delay:        0.037ns  (logic 0.037ns (100.000%)  route 0.000ns (0.000%))
  Logic Levels:           0  
  Clock Uncertainty:      0.025ns  ((TSJ^2 + TIJ^2)^1/2 + DJ) / 2 + PE
    Total System Jitter     (TSJ):    0.050ns
    Total Input Jitter      (TIJ):    0.000ns
    Discrete Jitter          (DJ):    0.000ns
    Phase Error              (PE):    0.000ns

    Location             Delay type                Incr(ns)  Path(ns)    Netlist Resource(s)
  -------------------------------------------------------------------    -------------------
                         (clock ap_clk rise edge)     0.000     0.000 r  
                                                      0.000     0.000 r  ap_clk (IN)
                         net (fo=15503, unset)        0.013     0.013    bd_0_i/hls_inst/inst/gmem_out_m_axi_U/bus_write/wreq_throttle/rs_req/ap_clk
    SLICE_X88Y45         FDRE                                         r  bd_0_i/hls_inst/inst/gmem_out_m_axi_U/bus_write/wreq_throttle/rs_req/data_p1_reg[29]/C
  -------------------------------------------------------------------    -------------------
    SLICE_X88Y45         FDRE (Prop_FFF_SLICEM_C_Q)
                                                      0.037     0.050 r  bd_0_i/hls_inst/inst/gmem_out_m_axi_U/bus_write/wreq_throttle/rs_req/data_p1_reg[29]/Q
                         net (fo=0)                   0.000     0.050    m_axi_gmem_out_awaddr[29]
                                                                      r  m_axi_gmem_out_awaddr[29] (OUT)
  -------------------------------------------------------------------    -------------------

Slack:                    inf
  Source:                 bd_0_i/hls_inst/inst/gmem_out_m_axi_U/bus_write/wreq_throttle/rs_req/data_p1_reg[36]/C
                            (rising edge-triggered cell FDRE clocked by ap_clk  {rise@0.000ns fall@1.250ns period=2.500ns})
  Destination:            m_axi_gmem_out_awaddr[36]
                            (output port)
  Path Group:             (none)
  Path Type:              Min at Fast Process Corner
  Data Path Delay:        0.037ns  (logic 0.037ns (100.000%)  route 0.000ns (0.000%))
  Logic Levels:           0  
  Clock Uncertainty:      0.025ns  ((TSJ^2 + TIJ^2)^1/2 + DJ) / 2 + PE
    Total System Jitter     (TSJ):    0.050ns
    Total Input Jitter      (TIJ):    0.000ns
    Discrete Jitter          (DJ):    0.000ns
    Phase Error              (PE):    0.000ns

    Location             Delay type                Incr(ns)  Path(ns)    Netlist Resource(s)
  -------------------------------------------------------------------    -------------------
                         (clock ap_clk rise edge)     0.000     0.000 r  
                                                      0.000     0.000 r  ap_clk (IN)
                         net (fo=15503, unset)        0.013     0.013    bd_0_i/hls_inst/inst/gmem_out_m_axi_U/bus_write/wreq_throttle/rs_req/ap_clk
    SLICE_X87Y47         FDRE                                         r  bd_0_i/hls_inst/inst/gmem_out_m_axi_U/bus_write/wreq_throttle/rs_req/data_p1_reg[36]/C
  -------------------------------------------------------------------    -------------------
    SLICE_X87Y47         FDRE (Prop_FFF_SLICEM_C_Q)
                                                      0.037     0.050 r  bd_0_i/hls_inst/inst/gmem_out_m_axi_U/bus_write/wreq_throttle/rs_req/data_p1_reg[36]/Q
                         net (fo=0)                   0.000     0.050    m_axi_gmem_out_awaddr[36]
                                                                      r  m_axi_gmem_out_awaddr[36] (OUT)
  -------------------------------------------------------------------    -------------------





--------------------------------------------------------------------------------------
Path Group:  (none)
From Clock:  
  To Clock:  ap_clk

Max Delay          7191 Endpoints
Min Delay          7191 Endpoints
--------------------------------------------------------------------------------------


Max Delay Paths
--------------------------------------------------------------------------------------
Slack:                    inf
  Source:                 s_axi_control_arvalid
                            (input port)
  Destination:            bd_0_i/hls_inst/inst/control_s_axi_U/rdata_reg[30]/CE
                            (rising edge-triggered cell FDRE clocked by ap_clk  {rise@0.000ns fall@1.250ns period=2.500ns})
  Path Group:             (none)
  Path Type:              Setup (Max at Slow Process Corner)
  Data Path Delay:        1.658ns  (logic 0.090ns (5.429%)  route 1.568ns (94.571%))
  Logic Levels:           1  (LUT2=1)
  Clock Path Skew:        0.020ns (DCD - SCD + CPR)
    Destination Clock Delay (DCD):    0.020ns
    Source Clock Delay      (SCD):    0.000ns
    Clock Pessimism Removal (CPR):    0.000ns
  Clock Uncertainty:      0.025ns  ((TSJ^2 + TIJ^2)^1/2 + DJ) / 2 + PE
    Total System Jitter     (TSJ):    0.050ns
    Total Input Jitter      (TIJ):    0.000ns
    Discrete Jitter          (DJ):    0.000ns
    Phase Error              (PE):    0.000ns

    Location             Delay type                Incr(ns)  Path(ns)    Netlist Resource(s)
  -------------------------------------------------------------------    -------------------
                                                      0.000     0.000 r  s_axi_control_arvalid (IN)
                         net (fo=4, unset)            0.000     0.000    bd_0_i/hls_inst/inst/control_s_axi_U/s_axi_control_ARVALID
    SLICE_X79Y57         LUT2 (Prop_B6LUT_SLICEL_I0_O)
                                                      0.090     0.090 r  bd_0_i/hls_inst/inst/control_s_axi_U/rdata[31]_i_2/O
                         net (fo=32, routed)          1.568     1.658    bd_0_i/hls_inst/inst/control_s_axi_U/ar_hs
    SLICE_X70Y72         FDRE                                         r  bd_0_i/hls_inst/inst/control_s_axi_U/rdata_reg[30]/CE
  -------------------------------------------------------------------    -------------------

                         (clock ap_clk rise edge)     0.000     0.000 r  
                                                      0.000     0.000 r  ap_clk (IN)
                         net (fo=15503, unset)        0.020     0.020    bd_0_i/hls_inst/inst/control_s_axi_U/ap_clk
    SLICE_X70Y72         FDRE                                         r  bd_0_i/hls_inst/inst/control_s_axi_U/rdata_reg[30]/C

Slack:                    inf
  Source:                 s_axi_control_arvalid
                            (input port)
  Destination:            bd_0_i/hls_inst/inst/control_s_axi_U/rdata_reg[7]/CE
                            (rising edge-triggered cell FDRE clocked by ap_clk  {rise@0.000ns fall@1.250ns period=2.500ns})
  Path Group:             (none)
  Path Type:              Setup (Max at Slow Process Corner)
  Data Path Delay:        1.636ns  (logic 0.090ns (5.503%)  route 1.546ns (94.497%))
  Logic Levels:           1  (LUT2=1)
  Clock Path Skew:        0.020ns (DCD - SCD + CPR)
    Destination Clock Delay (DCD):    0.020ns
    Source Clock Delay      (SCD):    0.000ns
    Clock Pessimism Removal (CPR):    0.000ns
  Clock Uncertainty:      0.025ns  ((TSJ^2 + TIJ^2)^1/2 + DJ) / 2 + PE
    Total System Jitter     (TSJ):    0.050ns
    Total Input Jitter      (TIJ):    0.000ns
    Discrete Jitter          (DJ):    0.000ns
    Phase Error              (PE):    0.000ns

    Location             Delay type                Incr(ns)  Path(ns)    Netlist Resource(s)
  -------------------------------------------------------------------    -------------------
                                                      0.000     0.000 r  s_axi_control_arvalid (IN)
                         net (fo=4, unset)            0.000     0.000    bd_0_i/hls_inst/inst/control_s_axi_U/s_axi_control_ARVALID
    SLICE_X79Y57         LUT2 (Prop_B6LUT_SLICEL_I0_O)
                                                      0.090     0.090 r  bd_0_i/hls_inst/inst/control_s_axi_U/rdata[31]_i_2/O
                         net (fo=32, routed)          1.546     1.636    bd_0_i/hls_inst/inst/control_s_axi_U/ar_hs
    SLICE_X64Y68         FDRE                                         r  bd_0_i/hls_inst/inst/control_s_axi_U/rdata_reg[7]/CE
  -------------------------------------------------------------------    -------------------

                         (clock ap_clk rise edge)     0.000     0.000 r  
                                                      0.000     0.000 r  ap_clk (IN)
                         net (fo=15503, unset)        0.020     0.020    bd_0_i/hls_inst/inst/control_s_axi_U/ap_clk
    SLICE_X64Y68         FDRE                                         r  bd_0_i/hls_inst/inst/control_s_axi_U/rdata_reg[7]/C

Slack:                    inf
  Source:                 s_axi_control_arvalid
                            (input port)
  Destination:            bd_0_i/hls_inst/inst/control_s_axi_U/rdata_reg[27]/CE
                            (rising edge-triggered cell FDRE clocked by ap_clk  {rise@0.000ns fall@1.250ns period=2.500ns})
  Path Group:             (none)
  Path Type:              Setup (Max at Slow Process Corner)
  Data Path Delay:        1.633ns  (logic 0.090ns (5.510%)  route 1.543ns (94.490%))
  Logic Levels:           1  (LUT2=1)
  Clock Path Skew:        0.020ns (DCD - SCD + CPR)
    Destination Clock Delay (DCD):    0.020ns
    Source Clock Delay      (SCD):    0.000ns
    Clock Pessimism Removal (CPR):    0.000ns
  Clock Uncertainty:      0.025ns  ((TSJ^2 + TIJ^2)^1/2 + DJ) / 2 + PE
    Total System Jitter     (TSJ):    0.050ns
    Total Input Jitter      (TIJ):    0.000ns
    Discrete Jitter          (DJ):    0.000ns
    Phase Error              (PE):    0.000ns

    Location             Delay type                Incr(ns)  Path(ns)    Netlist Resource(s)
  -------------------------------------------------------------------    -------------------
                                                      0.000     0.000 r  s_axi_control_arvalid (IN)
                         net (fo=4, unset)            0.000     0.000    bd_0_i/hls_inst/inst/control_s_axi_U/s_axi_control_ARVALID
    SLICE_X79Y57         LUT2 (Prop_B6LUT_SLICEL_I0_O)
                                                      0.090     0.090 r  bd_0_i/hls_inst/inst/control_s_axi_U/rdata[31]_i_2/O
                         net (fo=32, routed)          1.543     1.633    bd_0_i/hls_inst/inst/control_s_axi_U/ar_hs
    SLICE_X68Y73         FDRE                                         r  bd_0_i/hls_inst/inst/control_s_axi_U/rdata_reg[27]/CE
  -------------------------------------------------------------------    -------------------

                         (clock ap_clk rise edge)     0.000     0.000 r  
                                                      0.000     0.000 r  ap_clk (IN)
                         net (fo=15503, unset)        0.020     0.020    bd_0_i/hls_inst/inst/control_s_axi_U/ap_clk
    SLICE_X68Y73         FDRE                                         r  bd_0_i/hls_inst/inst/control_s_axi_U/rdata_reg[27]/C

Slack:                    inf
  Source:                 s_axi_control_arvalid
                            (input port)
  Destination:            bd_0_i/hls_inst/inst/control_s_axi_U/rdata_reg[29]/CE
                            (rising edge-triggered cell FDRE clocked by ap_clk  {rise@0.000ns fall@1.250ns period=2.500ns})
  Path Group:             (none)
  Path Type:              Setup (Max at Slow Process Corner)
  Data Path Delay:        1.621ns  (logic 0.090ns (5.553%)  route 1.531ns (94.447%))
  Logic Levels:           1  (LUT2=1)
  Clock Path Skew:        0.020ns (DCD - SCD + CPR)
    Destination Clock Delay (DCD):    0.020ns
    Source Clock Delay      (SCD):    0.000ns
    Clock Pessimism Removal (CPR):    0.000ns
  Clock Uncertainty:      0.025ns  ((TSJ^2 + TIJ^2)^1/2 + DJ) / 2 + PE
    Total System Jitter     (TSJ):    0.050ns
    Total Input Jitter      (TIJ):    0.000ns
    Discrete Jitter          (DJ):    0.000ns
    Phase Error              (PE):    0.000ns

    Location             Delay type                Incr(ns)  Path(ns)    Netlist Resource(s)
  -------------------------------------------------------------------    -------------------
                                                      0.000     0.000 r  s_axi_control_arvalid (IN)
                         net (fo=4, unset)            0.000     0.000    bd_0_i/hls_inst/inst/control_s_axi_U/s_axi_control_ARVALID
    SLICE_X79Y57         LUT2 (Prop_B6LUT_SLICEL_I0_O)
                                                      0.090     0.090 r  bd_0_i/hls_inst/inst/control_s_axi_U/rdata[31]_i_2/O
                         net (fo=32, routed)          1.531     1.621    bd_0_i/hls_inst/inst/control_s_axi_U/ar_hs
    SLICE_X73Y70         FDRE                                         r  bd_0_i/hls_inst/inst/control_s_axi_U/rdata_reg[29]/CE
  -------------------------------------------------------------------    -------------------

                         (clock ap_clk rise edge)     0.000     0.000 r  
                                                      0.000     0.000 r  ap_clk (IN)
                         net (fo=15503, unset)        0.020     0.020    bd_0_i/hls_inst/inst/control_s_axi_U/ap_clk
    SLICE_X73Y70         FDRE                                         r  bd_0_i/hls_inst/inst/control_s_axi_U/rdata_reg[29]/C

Slack:                    inf
  Source:                 s_axi_control_arvalid
                            (input port)
  Destination:            bd_0_i/hls_inst/inst/control_s_axi_U/rdata_reg[21]/CE
                            (rising edge-triggered cell FDRE clocked by ap_clk  {rise@0.000ns fall@1.250ns period=2.500ns})
  Path Group:             (none)
  Path Type:              Setup (Max at Slow Process Corner)
  Data Path Delay:        1.617ns  (logic 0.090ns (5.567%)  route 1.527ns (94.433%))
  Logic Levels:           1  (LUT2=1)
  Clock Path Skew:        0.020ns (DCD - SCD + CPR)
    Destination Clock Delay (DCD):    0.020ns
    Source Clock Delay      (SCD):    0.000ns
    Clock Pessimism Removal (CPR):    0.000ns
  Clock Uncertainty:      0.025ns  ((TSJ^2 + TIJ^2)^1/2 + DJ) / 2 + PE
    Total System Jitter     (TSJ):    0.050ns
    Total Input Jitter      (TIJ):    0.000ns
    Discrete Jitter          (DJ):    0.000ns
    Phase Error              (PE):    0.000ns

    Location             Delay type                Incr(ns)  Path(ns)    Netlist Resource(s)
  -------------------------------------------------------------------    -------------------
                                                      0.000     0.000 r  s_axi_control_arvalid (IN)
                         net (fo=4, unset)            0.000     0.000    bd_0_i/hls_inst/inst/control_s_axi_U/s_axi_control_ARVALID
    SLICE_X79Y57         LUT2 (Prop_B6LUT_SLICEL_I0_O)
                                                      0.090     0.090 r  bd_0_i/hls_inst/inst/control_s_axi_U/rdata[31]_i_2/O
                         net (fo=32, routed)          1.527     1.617    bd_0_i/hls_inst/inst/control_s_axi_U/ar_hs
    SLICE_X66Y73         FDRE                                         r  bd_0_i/hls_inst/inst/control_s_axi_U/rdata_reg[21]/CE
  -------------------------------------------------------------------    -------------------

                         (clock ap_clk rise edge)     0.000     0.000 r  
                                                      0.000     0.000 r  ap_clk (IN)
                         net (fo=15503, unset)        0.020     0.020    bd_0_i/hls_inst/inst/control_s_axi_U/ap_clk
    SLICE_X66Y73         FDRE                                         r  bd_0_i/hls_inst/inst/control_s_axi_U/rdata_reg[21]/C

Slack:                    inf
  Source:                 s_axi_control_arvalid
                            (input port)
  Destination:            bd_0_i/hls_inst/inst/control_s_axi_U/rdata_reg[24]/CE
                            (rising edge-triggered cell FDRE clocked by ap_clk  {rise@0.000ns fall@1.250ns period=2.500ns})
  Path Group:             (none)
  Path Type:              Setup (Max at Slow Process Corner)
  Data Path Delay:        1.530ns  (logic 0.090ns (5.884%)  route 1.440ns (94.116%))
  Logic Levels:           1  (LUT2=1)
  Clock Path Skew:        0.021ns (DCD - SCD + CPR)
    Destination Clock Delay (DCD):    0.021ns
    Source Clock Delay      (SCD):    0.000ns
    Clock Pessimism Removal (CPR):    0.000ns
  Clock Uncertainty:      0.025ns  ((TSJ^2 + TIJ^2)^1/2 + DJ) / 2 + PE
    Total System Jitter     (TSJ):    0.050ns
    Total Input Jitter      (TIJ):    0.000ns
    Discrete Jitter          (DJ):    0.000ns
    Phase Error              (PE):    0.000ns

    Location             Delay type                Incr(ns)  Path(ns)    Netlist Resource(s)
  -------------------------------------------------------------------    -------------------
                                                      0.000     0.000 r  s_axi_control_arvalid (IN)
                         net (fo=4, unset)            0.000     0.000    bd_0_i/hls_inst/inst/control_s_axi_U/s_axi_control_ARVALID
    SLICE_X79Y57         LUT2 (Prop_B6LUT_SLICEL_I0_O)
                                                      0.090     0.090 r  bd_0_i/hls_inst/inst/control_s_axi_U/rdata[31]_i_2/O
                         net (fo=32, routed)          1.440     1.530    bd_0_i/hls_inst/inst/control_s_axi_U/ar_hs
    SLICE_X65Y72         FDRE                                         r  bd_0_i/hls_inst/inst/control_s_axi_U/rdata_reg[24]/CE
  -------------------------------------------------------------------    -------------------

                         (clock ap_clk rise edge)     0.000     0.000 r  
                                                      0.000     0.000 r  ap_clk (IN)
                         net (fo=15503, unset)        0.021     0.021    bd_0_i/hls_inst/inst/control_s_axi_U/ap_clk
    SLICE_X65Y72         FDRE                                         r  bd_0_i/hls_inst/inst/control_s_axi_U/rdata_reg[24]/C

Slack:                    inf
  Source:                 s_axi_control_arvalid
                            (input port)
  Destination:            bd_0_i/hls_inst/inst/control_s_axi_U/rdata_reg[20]/CE
                            (rising edge-triggered cell FDRE clocked by ap_clk  {rise@0.000ns fall@1.250ns period=2.500ns})
  Path Group:             (none)
  Path Type:              Setup (Max at Slow Process Corner)
  Data Path Delay:        1.506ns  (logic 0.090ns (5.974%)  route 1.416ns (94.026%))
  Logic Levels:           1  (LUT2=1)
  Clock Path Skew:        0.020ns (DCD - SCD + CPR)
    Destination Clock Delay (DCD):    0.020ns
    Source Clock Delay      (SCD):    0.000ns
    Clock Pessimism Removal (CPR):    0.000ns
  Clock Uncertainty:      0.025ns  ((TSJ^2 + TIJ^2)^1/2 + DJ) / 2 + PE
    Total System Jitter     (TSJ):    0.050ns
    Total Input Jitter      (TIJ):    0.000ns
    Discrete Jitter          (DJ):    0.000ns
    Phase Error              (PE):    0.000ns

    Location             Delay type                Incr(ns)  Path(ns)    Netlist Resource(s)
  -------------------------------------------------------------------    -------------------
                                                      0.000     0.000 r  s_axi_control_arvalid (IN)
                         net (fo=4, unset)            0.000     0.000    bd_0_i/hls_inst/inst/control_s_axi_U/s_axi_control_ARVALID
    SLICE_X79Y57         LUT2 (Prop_B6LUT_SLICEL_I0_O)
                                                      0.090     0.090 r  bd_0_i/hls_inst/inst/control_s_axi_U/rdata[31]_i_2/O
                         net (fo=32, routed)          1.416     1.506    bd_0_i/hls_inst/inst/control_s_axi_U/ar_hs
    SLICE_X73Y73         FDRE                                         r  bd_0_i/hls_inst/inst/control_s_axi_U/rdata_reg[20]/CE
  -------------------------------------------------------------------    -------------------

                         (clock ap_clk rise edge)     0.000     0.000 r  
                                                      0.000     0.000 r  ap_clk (IN)
                         net (fo=15503, unset)        0.020     0.020    bd_0_i/hls_inst/inst/control_s_axi_U/ap_clk
    SLICE_X73Y73         FDRE                                         r  bd_0_i/hls_inst/inst/control_s_axi_U/rdata_reg[20]/C

Slack:                    inf
  Source:                 s_axi_control_wvalid
                            (input port)
  Destination:            bd_0_i/hls_inst/inst/control_s_axi_U/int_weight_col22_reg[54]/CE
                            (rising edge-triggered cell FDRE clocked by ap_clk  {rise@0.000ns fall@1.250ns period=2.500ns})
  Path Group:             (none)
  Path Type:              Setup (Max at Slow Process Corner)
  Data Path Delay:        1.446ns  (logic 0.280ns (19.358%)  route 1.166ns (80.642%))
  Logic Levels:           3  (LUT3=1 LUT5=2)
  Clock Path Skew:        0.020ns (DCD - SCD + CPR)
    Destination Clock Delay (DCD):    0.020ns
    Source Clock Delay      (SCD):    0.000ns
    Clock Pessimism Removal (CPR):    0.000ns
  Clock Uncertainty:      0.025ns  ((TSJ^2 + TIJ^2)^1/2 + DJ) / 2 + PE
    Total System Jitter     (TSJ):    0.050ns
    Total Input Jitter      (TIJ):    0.000ns
    Discrete Jitter          (DJ):    0.000ns
    Phase Error              (PE):    0.000ns

    Location             Delay type                Incr(ns)  Path(ns)    Netlist Resource(s)
  -------------------------------------------------------------------    -------------------
                                                      0.000     0.000 r  s_axi_control_wvalid (IN)
                         net (fo=4, unset)            0.000     0.000    bd_0_i/hls_inst/inst/control_s_axi_U/s_axi_control_WVALID
    SLICE_X68Y57         LUT5 (Prop_A5LUT_SLICEL_I3_O)
                                                      0.112     0.112 r  bd_0_i/hls_inst/inst/control_s_axi_U/int_weight_col17[63]_i_3/O
                         net (fo=18, routed)          0.226     0.338    bd_0_i/hls_inst/inst/control_s_axi_U/int_weight_col17[63]_i_3_n_0
    SLICE_X69Y60         LUT3 (Prop_C5LUT_SLICEL_I1_O)
                                                      0.068     0.406 r  bd_0_i/hls_inst/inst/control_s_axi_U/int_weight_col20[31]_i_3/O
                         net (fo=5, routed)           0.252     0.658    bd_0_i/hls_inst/inst/control_s_axi_U/int_weight_col20[31]_i_3_n_0
    SLICE_X69Y60         LUT5 (Prop_A5LUT_SLICEL_I2_O)
                                                      0.100     0.758 r  bd_0_i/hls_inst/inst/control_s_axi_U/int_weight_col22[63]_i_1/O
                         net (fo=32, routed)          0.688     1.446    bd_0_i/hls_inst/inst/control_s_axi_U/int_weight_col22[63]_i_1_n_0
    SLICE_X78Y73         FDRE                                         r  bd_0_i/hls_inst/inst/control_s_axi_U/int_weight_col22_reg[54]/CE
  -------------------------------------------------------------------    -------------------

                         (clock ap_clk rise edge)     0.000     0.000 r  
                                                      0.000     0.000 r  ap_clk (IN)
                         net (fo=15503, unset)        0.020     0.020    bd_0_i/hls_inst/inst/control_s_axi_U/ap_clk
    SLICE_X78Y73         FDRE                                         r  bd_0_i/hls_inst/inst/control_s_axi_U/int_weight_col22_reg[54]/C

Slack:                    inf
  Source:                 s_axi_control_wvalid
                            (input port)
  Destination:            bd_0_i/hls_inst/inst/control_s_axi_U/int_weight_col22_reg[58]/CE
                            (rising edge-triggered cell FDRE clocked by ap_clk  {rise@0.000ns fall@1.250ns period=2.500ns})
  Path Group:             (none)
  Path Type:              Setup (Max at Slow Process Corner)
  Data Path Delay:        1.446ns  (logic 0.280ns (19.358%)  route 1.166ns (80.642%))
  Logic Levels:           3  (LUT3=1 LUT5=2)
  Clock Path Skew:        0.020ns (DCD - SCD + CPR)
    Destination Clock Delay (DCD):    0.020ns
    Source Clock Delay      (SCD):    0.000ns
    Clock Pessimism Removal (CPR):    0.000ns
  Clock Uncertainty:      0.025ns  ((TSJ^2 + TIJ^2)^1/2 + DJ) / 2 + PE
    Total System Jitter     (TSJ):    0.050ns
    Total Input Jitter      (TIJ):    0.000ns
    Discrete Jitter          (DJ):    0.000ns
    Phase Error              (PE):    0.000ns

    Location             Delay type                Incr(ns)  Path(ns)    Netlist Resource(s)
  -------------------------------------------------------------------    -------------------
                                                      0.000     0.000 r  s_axi_control_wvalid (IN)
                         net (fo=4, unset)            0.000     0.000    bd_0_i/hls_inst/inst/control_s_axi_U/s_axi_control_WVALID
    SLICE_X68Y57         LUT5 (Prop_A5LUT_SLICEL_I3_O)
                                                      0.112     0.112 r  bd_0_i/hls_inst/inst/control_s_axi_U/int_weight_col17[63]_i_3/O
                         net (fo=18, routed)          0.226     0.338    bd_0_i/hls_inst/inst/control_s_axi_U/int_weight_col17[63]_i_3_n_0
    SLICE_X69Y60         LUT3 (Prop_C5LUT_SLICEL_I1_O)
                                                      0.068     0.406 r  bd_0_i/hls_inst/inst/control_s_axi_U/int_weight_col20[31]_i_3/O
                         net (fo=5, routed)           0.252     0.658    bd_0_i/hls_inst/inst/control_s_axi_U/int_weight_col20[31]_i_3_n_0
    SLICE_X69Y60         LUT5 (Prop_A5LUT_SLICEL_I2_O)
                                                      0.100     0.758 r  bd_0_i/hls_inst/inst/control_s_axi_U/int_weight_col22[63]_i_1/O
                         net (fo=32, routed)          0.688     1.446    bd_0_i/hls_inst/inst/control_s_axi_U/int_weight_col22[63]_i_1_n_0
    SLICE_X78Y73         FDRE                                         r  bd_0_i/hls_inst/inst/control_s_axi_U/int_weight_col22_reg[58]/CE
  -------------------------------------------------------------------    -------------------

                         (clock ap_clk rise edge)     0.000     0.000 r  
                                                      0.000     0.000 r  ap_clk (IN)
                         net (fo=15503, unset)        0.020     0.020    bd_0_i/hls_inst/inst/control_s_axi_U/ap_clk
    SLICE_X78Y73         FDRE                                         r  bd_0_i/hls_inst/inst/control_s_axi_U/int_weight_col22_reg[58]/C

Slack:                    inf
  Source:                 s_axi_control_arvalid
                            (input port)
  Destination:            bd_0_i/hls_inst/inst/control_s_axi_U/rdata_reg[28]/CE
                            (rising edge-triggered cell FDRE clocked by ap_clk  {rise@0.000ns fall@1.250ns period=2.500ns})
  Path Group:             (none)
  Path Type:              Setup (Max at Slow Process Corner)
  Data Path Delay:        1.441ns  (logic 0.090ns (6.245%)  route 1.351ns (93.755%))
  Logic Levels:           1  (LUT2=1)
  Clock Path Skew:        0.021ns (DCD - SCD + CPR)
    Destination Clock Delay (DCD):    0.021ns
    Source Clock Delay      (SCD):    0.000ns
    Clock Pessimism Removal (CPR):    0.000ns
  Clock Uncertainty:      0.025ns  ((TSJ^2 + TIJ^2)^1/2 + DJ) / 2 + PE
    Total System Jitter     (TSJ):    0.050ns
    Total Input Jitter      (TIJ):    0.000ns
    Discrete Jitter          (DJ):    0.000ns
    Phase Error              (PE):    0.000ns

    Location             Delay type                Incr(ns)  Path(ns)    Netlist Resource(s)
  -------------------------------------------------------------------    -------------------
                                                      0.000     0.000 r  s_axi_control_arvalid (IN)
                         net (fo=4, unset)            0.000     0.000    bd_0_i/hls_inst/inst/control_s_axi_U/s_axi_control_ARVALID
    SLICE_X79Y57         LUT2 (Prop_B6LUT_SLICEL_I0_O)
                                                      0.090     0.090 r  bd_0_i/hls_inst/inst/control_s_axi_U/rdata[31]_i_2/O
                         net (fo=32, routed)          1.351     1.441    bd_0_i/hls_inst/inst/control_s_axi_U/ar_hs
    SLICE_X74Y74         FDRE                                         r  bd_0_i/hls_inst/inst/control_s_axi_U/rdata_reg[28]/CE
  -------------------------------------------------------------------    -------------------

                         (clock ap_clk rise edge)     0.000     0.000 r  
                                                      0.000     0.000 r  ap_clk (IN)
                         net (fo=15503, unset)        0.021     0.021    bd_0_i/hls_inst/inst/control_s_axi_U/ap_clk
    SLICE_X74Y74         FDRE                                         r  bd_0_i/hls_inst/inst/control_s_axi_U/rdata_reg[28]/C





Min Delay Paths
--------------------------------------------------------------------------------------
Slack:                    inf
  Source:                 s_axi_control_wdata[0]
                            (input port)
  Destination:            bd_0_i/hls_inst/inst/control_s_axi_U/int_ier_reg[0]/D
                            (rising edge-triggered cell FDRE clocked by ap_clk  {rise@0.000ns fall@1.250ns period=2.500ns})
  Path Group:             (none)
  Path Type:              Hold (Min at Fast Process Corner)
  Data Path Delay:        0.007ns  (logic 0.000ns (0.000%)  route 0.007ns (100.000%))
  Logic Levels:           0  
  Clock Path Skew:        0.018ns (DCD - SCD - CPR)
    Destination Clock Delay (DCD):    0.018ns
    Source Clock Delay      (SCD):    0.000ns
    Clock Pessimism Removal (CPR):    -0.000ns

    Location             Delay type                Incr(ns)  Path(ns)    Netlist Resource(s)
  -------------------------------------------------------------------    -------------------
                                                      0.000     0.000 r  s_axi_control_wdata[0] (IN)
                         net (fo=72, unset)           0.007     0.007    bd_0_i/hls_inst/inst/control_s_axi_U/s_axi_control_WDATA[0]
    SLICE_X75Y55         FDRE                                         r  bd_0_i/hls_inst/inst/control_s_axi_U/int_ier_reg[0]/D
  -------------------------------------------------------------------    -------------------

                         (clock ap_clk rise edge)     0.000     0.000 r  
                                                      0.000     0.000 r  ap_clk (IN)
                         net (fo=15503, unset)        0.018     0.018    bd_0_i/hls_inst/inst/control_s_axi_U/ap_clk
    SLICE_X75Y55         FDRE                                         r  bd_0_i/hls_inst/inst/control_s_axi_U/int_ier_reg[0]/C

Slack:                    inf
  Source:                 s_axi_control_wdata[1]
                            (input port)
  Destination:            bd_0_i/hls_inst/inst/control_s_axi_U/int_ier_reg[1]/D
                            (rising edge-triggered cell FDRE clocked by ap_clk  {rise@0.000ns fall@1.250ns period=2.500ns})
  Path Group:             (none)
  Path Type:              Hold (Min at Fast Process Corner)
  Data Path Delay:        0.007ns  (logic 0.000ns (0.000%)  route 0.007ns (100.000%))
  Logic Levels:           0  
  Clock Path Skew:        0.018ns (DCD - SCD - CPR)
    Destination Clock Delay (DCD):    0.018ns
    Source Clock Delay      (SCD):    0.000ns
    Clock Pessimism Removal (CPR):    -0.000ns

    Location             Delay type                Incr(ns)  Path(ns)    Netlist Resource(s)
  -------------------------------------------------------------------    -------------------
                                                      0.000     0.000 r  s_axi_control_wdata[1] (IN)
                         net (fo=69, unset)           0.007     0.007    bd_0_i/hls_inst/inst/control_s_axi_U/s_axi_control_WDATA[1]
    SLICE_X75Y55         FDRE                                         r  bd_0_i/hls_inst/inst/control_s_axi_U/int_ier_reg[1]/D
  -------------------------------------------------------------------    -------------------

                         (clock ap_clk rise edge)     0.000     0.000 r  
                                                      0.000     0.000 r  ap_clk (IN)
                         net (fo=15503, unset)        0.018     0.018    bd_0_i/hls_inst/inst/control_s_axi_U/ap_clk
    SLICE_X75Y55         FDRE                                         r  bd_0_i/hls_inst/inst/control_s_axi_U/int_ier_reg[1]/C

Slack:                    inf
  Source:                 m_axi_gmem_act_rdata[100]
                            (input port)
  Destination:            bd_0_i/hls_inst/inst/gmem_act_m_axi_U/bus_read/rs_rdata/data_p2_reg[100]/D
                            (rising edge-triggered cell FDRE clocked by ap_clk  {rise@0.000ns fall@1.250ns period=2.500ns})
  Path Group:             (none)
  Path Type:              Hold (Min at Fast Process Corner)
  Data Path Delay:        0.007ns  (logic 0.000ns (0.000%)  route 0.007ns (100.000%))
  Logic Levels:           0  
  Clock Path Skew:        0.019ns (DCD - SCD - CPR)
    Destination Clock Delay (DCD):    0.019ns
    Source Clock Delay      (SCD):    0.000ns
    Clock Pessimism Removal (CPR):    -0.000ns

    Location             Delay type                Incr(ns)  Path(ns)    Netlist Resource(s)
  -------------------------------------------------------------------    -------------------
                                                      0.000     0.000 r  m_axi_gmem_act_rdata[100] (IN)
                         net (fo=1, unset)            0.007     0.007    bd_0_i/hls_inst/inst/gmem_act_m_axi_U/bus_read/rs_rdata/D[100]
    SLICE_X59Y24         FDRE                                         r  bd_0_i/hls_inst/inst/gmem_act_m_axi_U/bus_read/rs_rdata/data_p2_reg[100]/D
  -------------------------------------------------------------------    -------------------

                         (clock ap_clk rise edge)     0.000     0.000 r  
                                                      0.000     0.000 r  ap_clk (IN)
                         net (fo=15503, unset)        0.019     0.019    bd_0_i/hls_inst/inst/gmem_act_m_axi_U/bus_read/rs_rdata/ap_clk
    SLICE_X59Y24         FDRE                                         r  bd_0_i/hls_inst/inst/gmem_act_m_axi_U/bus_read/rs_rdata/data_p2_reg[100]/C

Slack:                    inf
  Source:                 m_axi_gmem_act_rdata[101]
                            (input port)
  Destination:            bd_0_i/hls_inst/inst/gmem_act_m_axi_U/bus_read/rs_rdata/data_p2_reg[101]/D
                            (rising edge-triggered cell FDRE clocked by ap_clk  {rise@0.000ns fall@1.250ns period=2.500ns})
  Path Group:             (none)
  Path Type:              Hold (Min at Fast Process Corner)
  Data Path Delay:        0.007ns  (logic 0.000ns (0.000%)  route 0.007ns (100.000%))
  Logic Levels:           0  
  Clock Path Skew:        0.019ns (DCD - SCD - CPR)
    Destination Clock Delay (DCD):    0.019ns
    Source Clock Delay      (SCD):    0.000ns
    Clock Pessimism Removal (CPR):    -0.000ns

    Location             Delay type                Incr(ns)  Path(ns)    Netlist Resource(s)
  -------------------------------------------------------------------    -------------------
                                                      0.000     0.000 r  m_axi_gmem_act_rdata[101] (IN)
                         net (fo=1, unset)            0.007     0.007    bd_0_i/hls_inst/inst/gmem_act_m_axi_U/bus_read/rs_rdata/D[101]
    SLICE_X55Y29         FDRE                                         r  bd_0_i/hls_inst/inst/gmem_act_m_axi_U/bus_read/rs_rdata/data_p2_reg[101]/D
  -------------------------------------------------------------------    -------------------

                         (clock ap_clk rise edge)     0.000     0.000 r  
                                                      0.000     0.000 r  ap_clk (IN)
                         net (fo=15503, unset)        0.019     0.019    bd_0_i/hls_inst/inst/gmem_act_m_axi_U/bus_read/rs_rdata/ap_clk
    SLICE_X55Y29         FDRE                                         r  bd_0_i/hls_inst/inst/gmem_act_m_axi_U/bus_read/rs_rdata/data_p2_reg[101]/C

Slack:                    inf
  Source:                 m_axi_gmem_act_rdata[102]
                            (input port)
  Destination:            bd_0_i/hls_inst/inst/gmem_act_m_axi_U/bus_read/rs_rdata/data_p2_reg[102]/D
                            (rising edge-triggered cell FDRE clocked by ap_clk  {rise@0.000ns fall@1.250ns period=2.500ns})
  Path Group:             (none)
  Path Type:              Hold (Min at Fast Process Corner)
  Data Path Delay:        0.007ns  (logic 0.000ns (0.000%)  route 0.007ns (100.000%))
  Logic Levels:           0  
  Clock Path Skew:        0.019ns (DCD - SCD - CPR)
    Destination Clock Delay (DCD):    0.019ns
    Source Clock Delay      (SCD):    0.000ns
    Clock Pessimism Removal (CPR):    -0.000ns

    Location             Delay type                Incr(ns)  Path(ns)    Netlist Resource(s)
  -------------------------------------------------------------------    -------------------
                                                      0.000     0.000 r  m_axi_gmem_act_rdata[102] (IN)
                         net (fo=1, unset)            0.007     0.007    bd_0_i/hls_inst/inst/gmem_act_m_axi_U/bus_read/rs_rdata/D[102]
    SLICE_X58Y29         FDRE                                         r  bd_0_i/hls_inst/inst/gmem_act_m_axi_U/bus_read/rs_rdata/data_p2_reg[102]/D
  -------------------------------------------------------------------    -------------------

                         (clock ap_clk rise edge)     0.000     0.000 r  
                                                      0.000     0.000 r  ap_clk (IN)
                         net (fo=15503, unset)        0.019     0.019    bd_0_i/hls_inst/inst/gmem_act_m_axi_U/bus_read/rs_rdata/ap_clk
    SLICE_X58Y29         FDRE                                         r  bd_0_i/hls_inst/inst/gmem_act_m_axi_U/bus_read/rs_rdata/data_p2_reg[102]/C

Slack:                    inf
  Source:                 m_axi_gmem_act_rdata[103]
                            (input port)
  Destination:            bd_0_i/hls_inst/inst/gmem_act_m_axi_U/bus_read/rs_rdata/data_p2_reg[103]/D
                            (rising edge-triggered cell FDRE clocked by ap_clk  {rise@0.000ns fall@1.250ns period=2.500ns})
  Path Group:             (none)
  Path Type:              Hold (Min at Fast Process Corner)
  Data Path Delay:        0.007ns  (logic 0.000ns (0.000%)  route 0.007ns (100.000%))
  Logic Levels:           0  
  Clock Path Skew:        0.019ns (DCD - SCD - CPR)
    Destination Clock Delay (DCD):    0.019ns
    Source Clock Delay      (SCD):    0.000ns
    Clock Pessimism Removal (CPR):    -0.000ns

    Location             Delay type                Incr(ns)  Path(ns)    Netlist Resource(s)
  -------------------------------------------------------------------    -------------------
                                                      0.000     0.000 r  m_axi_gmem_act_rdata[103] (IN)
                         net (fo=1, unset)            0.007     0.007    bd_0_i/hls_inst/inst/gmem_act_m_axi_U/bus_read/rs_rdata/D[103]
    SLICE_X58Y28         FDRE                                         r  bd_0_i/hls_inst/inst/gmem_act_m_axi_U/bus_read/rs_rdata/data_p2_reg[103]/D
  -------------------------------------------------------------------    -------------------

                         (clock ap_clk rise edge)     0.000     0.000 r  
                                                      0.000     0.000 r  ap_clk (IN)
                         net (fo=15503, unset)        0.019     0.019    bd_0_i/hls_inst/inst/gmem_act_m_axi_U/bus_read/rs_rdata/ap_clk
    SLICE_X58Y28         FDRE                                         r  bd_0_i/hls_inst/inst/gmem_act_m_axi_U/bus_read/rs_rdata/data_p2_reg[103]/C

Slack:                    inf
  Source:                 m_axi_gmem_act_rdata[104]
                            (input port)
  Destination:            bd_0_i/hls_inst/inst/gmem_act_m_axi_U/bus_read/rs_rdata/data_p2_reg[104]/D
                            (rising edge-triggered cell FDRE clocked by ap_clk  {rise@0.000ns fall@1.250ns period=2.500ns})
  Path Group:             (none)
  Path Type:              Hold (Min at Fast Process Corner)
  Data Path Delay:        0.007ns  (logic 0.000ns (0.000%)  route 0.007ns (100.000%))
  Logic Levels:           0  
  Clock Path Skew:        0.019ns (DCD - SCD - CPR)
    Destination Clock Delay (DCD):    0.019ns
    Source Clock Delay      (SCD):    0.000ns
    Clock Pessimism Removal (CPR):    -0.000ns

    Location             Delay type                Incr(ns)  Path(ns)    Netlist Resource(s)
  -------------------------------------------------------------------    -------------------
                                                      0.000     0.000 r  m_axi_gmem_act_rdata[104] (IN)
                         net (fo=1, unset)            0.007     0.007    bd_0_i/hls_inst/inst/gmem_act_m_axi_U/bus_read/rs_rdata/D[104]
    SLICE_X58Y25         FDRE                                         r  bd_0_i/hls_inst/inst/gmem_act_m_axi_U/bus_read/rs_rdata/data_p2_reg[104]/D
  -------------------------------------------------------------------    -------------------

                         (clock ap_clk rise edge)     0.000     0.000 r  
                                                      0.000     0.000 r  ap_clk (IN)
                         net (fo=15503, unset)        0.019     0.019    bd_0_i/hls_inst/inst/gmem_act_m_axi_U/bus_read/rs_rdata/ap_clk
    SLICE_X58Y25         FDRE                                         r  bd_0_i/hls_inst/inst/gmem_act_m_axi_U/bus_read/rs_rdata/data_p2_reg[104]/C

Slack:                    inf
  Source:                 m_axi_gmem_act_rdata[105]
                            (input port)
  Destination:            bd_0_i/hls_inst/inst/gmem_act_m_axi_U/bus_read/rs_rdata/data_p2_reg[105]/D
                            (rising edge-triggered cell FDRE clocked by ap_clk  {rise@0.000ns fall@1.250ns period=2.500ns})
  Path Group:             (none)
  Path Type:              Hold (Min at Fast Process Corner)
  Data Path Delay:        0.007ns  (logic 0.000ns (0.000%)  route 0.007ns (100.000%))
  Logic Levels:           0  
  Clock Path Skew:        0.018ns (DCD - SCD - CPR)
    Destination Clock Delay (DCD):    0.018ns
    Source Clock Delay      (SCD):    0.000ns
    Clock Pessimism Removal (CPR):    -0.000ns

    Location             Delay type                Incr(ns)  Path(ns)    Netlist Resource(s)
  -------------------------------------------------------------------    -------------------
                                                      0.000     0.000 r  m_axi_gmem_act_rdata[105] (IN)
                         net (fo=1, unset)            0.007     0.007    bd_0_i/hls_inst/inst/gmem_act_m_axi_U/bus_read/rs_rdata/D[105]
    SLICE_X58Y27         FDRE                                         r  bd_0_i/hls_inst/inst/gmem_act_m_axi_U/bus_read/rs_rdata/data_p2_reg[105]/D
  -------------------------------------------------------------------    -------------------

                         (clock ap_clk rise edge)     0.000     0.000 r  
                                                      0.000     0.000 r  ap_clk (IN)
                         net (fo=15503, unset)        0.018     0.018    bd_0_i/hls_inst/inst/gmem_act_m_axi_U/bus_read/rs_rdata/ap_clk
    SLICE_X58Y27         FDRE                                         r  bd_0_i/hls_inst/inst/gmem_act_m_axi_U/bus_read/rs_rdata/data_p2_reg[105]/C

Slack:                    inf
  Source:                 m_axi_gmem_act_rdata[106]
                            (input port)
  Destination:            bd_0_i/hls_inst/inst/gmem_act_m_axi_U/bus_read/rs_rdata/data_p2_reg[106]/D
                            (rising edge-triggered cell FDRE clocked by ap_clk  {rise@0.000ns fall@1.250ns period=2.500ns})
  Path Group:             (none)
  Path Type:              Hold (Min at Fast Process Corner)
  Data Path Delay:        0.007ns  (logic 0.000ns (0.000%)  route 0.007ns (100.000%))
  Logic Levels:           0  
  Clock Path Skew:        0.019ns (DCD - SCD - CPR)
    Destination Clock Delay (DCD):    0.019ns
    Source Clock Delay      (SCD):    0.000ns
    Clock Pessimism Removal (CPR):    -0.000ns

    Location             Delay type                Incr(ns)  Path(ns)    Netlist Resource(s)
  -------------------------------------------------------------------    -------------------
                                                      0.000     0.000 r  m_axi_gmem_act_rdata[106] (IN)
                         net (fo=1, unset)            0.007     0.007    bd_0_i/hls_inst/inst/gmem_act_m_axi_U/bus_read/rs_rdata/D[106]
    SLICE_X58Y25         FDRE                                         r  bd_0_i/hls_inst/inst/gmem_act_m_axi_U/bus_read/rs_rdata/data_p2_reg[106]/D
  -------------------------------------------------------------------    -------------------

                         (clock ap_clk rise edge)     0.000     0.000 r  
                                                      0.000     0.000 r  ap_clk (IN)
                         net (fo=15503, unset)        0.019     0.019    bd_0_i/hls_inst/inst/gmem_act_m_axi_U/bus_read/rs_rdata/ap_clk
    SLICE_X58Y25         FDRE                                         r  bd_0_i/hls_inst/inst/gmem_act_m_axi_U/bus_read/rs_rdata/data_p2_reg[106]/C

Slack:                    inf
  Source:                 m_axi_gmem_act_rdata[107]
                            (input port)
  Destination:            bd_0_i/hls_inst/inst/gmem_act_m_axi_U/bus_read/rs_rdata/data_p2_reg[107]/D
                            (rising edge-triggered cell FDRE clocked by ap_clk  {rise@0.000ns fall@1.250ns period=2.500ns})
  Path Group:             (none)
  Path Type:              Hold (Min at Fast Process Corner)
  Data Path Delay:        0.007ns  (logic 0.000ns (0.000%)  route 0.007ns (100.000%))
  Logic Levels:           0  
  Clock Path Skew:        0.018ns (DCD - SCD - CPR)
    Destination Clock Delay (DCD):    0.018ns
    Source Clock Delay      (SCD):    0.000ns
    Clock Pessimism Removal (CPR):    -0.000ns

    Location             Delay type                Incr(ns)  Path(ns)    Netlist Resource(s)
  -------------------------------------------------------------------    -------------------
                                                      0.000     0.000 r  m_axi_gmem_act_rdata[107] (IN)
                         net (fo=1, unset)            0.007     0.007    bd_0_i/hls_inst/inst/gmem_act_m_axi_U/bus_read/rs_rdata/D[107]
    SLICE_X58Y27         FDRE                                         r  bd_0_i/hls_inst/inst/gmem_act_m_axi_U/bus_read/rs_rdata/data_p2_reg[107]/D
  -------------------------------------------------------------------    -------------------

                         (clock ap_clk rise edge)     0.000     0.000 r  
                                                      0.000     0.000 r  ap_clk (IN)
                         net (fo=15503, unset)        0.018     0.018    bd_0_i/hls_inst/inst/gmem_act_m_axi_U/bus_read/rs_rdata/ap_clk
    SLICE_X58Y27         FDRE                                         r  bd_0_i/hls_inst/inst/gmem_act_m_axi_U/bus_read/rs_rdata/data_p2_reg[107]/C





