Copyright 1986-2022 Xilinx, Inc. All Rights Reserved. Copyright 2022-2023 Advanced Micro Devices, Inc. All Rights Reserved.
--------------------------------------------------------------------------------------------------------------------------------------------------------------------------------------------------------------------------------------
| Tool Version      : Vivado v.2023.2 (lin64) Build 4029153 Fri Oct 13 20:13:54 MDT 2023
| Date              : Wed Mar 25 03:24:42 2026
| Host : <REDACTED_HOST>
| Command           : report_timing_summary -max_paths 10 -report_unconstrained -file bd_0_wrapper_timing_summary_routed.rpt -pb bd_0_wrapper_timing_summary_routed.pb -rpx bd_0_wrapper_timing_summary_routed.rpx -warn_on_violation
| Design            : bd_0_wrapper
| Device            : xcu55c-fsvh2892
| Speed File        : -2L  PRODUCTION 1.30 05-01-2022
| Design State      : Routed
| Temperature Grade : E
--------------------------------------------------------------------------------------------------------------------------------------------------------------------------------------------------------------------------------------

Timing Summary Report

------------------------------------------------------------------------------------------------
| Timer Settings
| --------------
------------------------------------------------------------------------------------------------

  Enable Multi Corner Analysis               :  Yes
  Enable Pessimism Removal                   :  Yes
  Pessimism Removal Resolution               :  Nearest Common Node
  Enable Input Delay Default Clock           :  No
  Enable Preset / Clear Arcs                 :  No
  Disable Flight Delays                      :  No
  Ignore I/O Paths                           :  No
  Timing Early Launch at Borrowing Latches   :  No
  Borrow Time for Max Delay Exceptions       :  Yes
  Merge Timing Exceptions                    :  Yes
  Inter-SLR Compensation                     :  Conservative

  Corner  Analyze    Analyze    
  Name    Max Paths  Min Paths  
  ------  ---------  ---------  
  Slow    Yes        Yes        
  Fast    Yes        Yes        


------------------------------------------------------------------------------------------------
| Report Methodology
| ------------------
------------------------------------------------------------------------------------------------

Rule       Severity  Description                    Violations  
---------  --------  -----------------------------  ----------  
TIMING-18  Warning   Missing input or output delay  1000        

Note: This report is based on the most recent report_methodology run and may not be up-to-date. Run report_methodology on the current design for the latest report.



check_timing report

Table of Contents
-----------------
1. checking no_clock (0)
2. checking constant_clock (0)
3. checking pulse_width_clock (0)
4. checking unconstrained_internal_endpoints (0)
5. checking no_input_delay (1096)
6. checking no_output_delay (811)
7. checking multiple_clock (0)
8. checking generated_clocks (0)
9. checking loops (0)
10. checking partial_input_delay (0)
11. checking partial_output_delay (0)
12. checking latch_loops (0)

1. checking no_clock (0)
------------------------
 There are 0 register/latch pins with no clock.


2. checking constant_clock (0)
------------------------------
 There are 0 register/latch pins with constant_clock.


3. checking pulse_width_clock (0)
---------------------------------
 There are 0 register/latch pins which need pulse_width check


4. checking unconstrained_internal_endpoints (0)
------------------------------------------------
 There are 0 pins that are not constrained for maximum delay.

 There are 0 pins that are not constrained for maximum delay due to constant clock.


5. checking no_input_delay (1096)
---------------------------------
 There are 1096 input ports with no input delay specified. (HIGH)

 There are 0 input ports with no input delay but user has a false path constraint.


6. checking no_output_delay (811)
---------------------------------
 There are 811 ports with no output delay specified. (HIGH)

 There are 0 ports with no output delay but user has a false path constraint

 There are 0 ports with no output delay but with a timing clock defined on it or propagating through it


7. checking multiple_clock (0)
------------------------------
 There are 0 register/latch pins with multiple clocks.


8. checking generated_clocks (0)
--------------------------------
 There are 0 generated clocks that are not connected to a clock source.


9. checking loops (0)
---------------------
 There are 0 combinational loops in the design.


10. checking partial_input_delay (0)
------------------------------------
 There are 0 input ports with partial input delay specified.


11. checking partial_output_delay (0)
-------------------------------------
 There are 0 ports with partial output delay specified.


12. checking latch_loops (0)
----------------------------
 There are 0 combinational latch loops in the design through latch input



------------------------------------------------------------------------------------------------
| Design Timing Summary
| ---------------------
------------------------------------------------------------------------------------------------

    WNS(ns)      TNS(ns)  TNS Failing Endpoints  TNS Total Endpoints      WHS(ns)      THS(ns)  THS Failing Endpoints  THS Total Endpoints     WPWS(ns)     TPWS(ns)  TPWS Failing Endpoints  TPWS Total Endpoints  
    -------      -------  ---------------------  -------------------      -------      -------  ---------------------  -------------------     --------     --------  ----------------------  --------------------  
      0.551        0.000                      0                69647        0.022        0.000                      0                69647        1.958        0.000                       0                206998  


All user specified timing constraints are met.


------------------------------------------------------------------------------------------------
| Clock Summary
| -------------
------------------------------------------------------------------------------------------------

Clock   Waveform(ns)         Period(ns)      Frequency(MHz)
-----   ------------         ----------      --------------
ap_clk  {0.000 2.500}        5.000           200.000         


------------------------------------------------------------------------------------------------
| Intra Clock Table
| -----------------
------------------------------------------------------------------------------------------------

Clock             WNS(ns)      TNS(ns)  TNS Failing Endpoints  TNS Total Endpoints      WHS(ns)      THS(ns)  THS Failing Endpoints  THS Total Endpoints     WPWS(ns)     TPWS(ns)  TPWS Failing Endpoints  TPWS Total Endpoints  
-----             -------      -------  ---------------------  -------------------      -------      -------  ---------------------  -------------------     --------     --------  ----------------------  --------------------  
ap_clk              0.551        0.000                      0                69647        0.022        0.000                      0                69647        1.958        0.000                       0                206998  


------------------------------------------------------------------------------------------------
| Inter Clock Table
| -----------------
------------------------------------------------------------------------------------------------

From Clock    To Clock          WNS(ns)      TNS(ns)  TNS Failing Endpoints  TNS Total Endpoints      WHS(ns)      THS(ns)  THS Failing Endpoints  THS Total Endpoints  
----------    --------          -------      -------  ---------------------  -------------------      -------      -------  ---------------------  -------------------  


------------------------------------------------------------------------------------------------
| Other Path Groups Table
| -----------------------
------------------------------------------------------------------------------------------------

Path Group    From Clock    To Clock          WNS(ns)      TNS(ns)  TNS Failing Endpoints  TNS Total Endpoints      WHS(ns)      THS(ns)  THS Failing Endpoints  THS Total Endpoints  
----------    ----------    --------          -------      -------  ---------------------  -------------------      -------      -------  ---------------------  -------------------  


------------------------------------------------------------------------------------------------
| User Ignored Path Table
| -----------------------
------------------------------------------------------------------------------------------------

Path Group    From Clock    To Clock    
----------    ----------    --------    


------------------------------------------------------------------------------------------------
| Unconstrained Path Table
| ------------------------
------------------------------------------------------------------------------------------------

Path Group    From Clock    To Clock    
----------    ----------    --------    
(none)        ap_clk                      
(none)                      ap_clk        


------------------------------------------------------------------------------------------------
| Timing Details
| --------------
------------------------------------------------------------------------------------------------


---------------------------------------------------------------------------------------------------
From Clock:  ap_clk
  To Clock:  ap_clk

Setup :            0  Failing Endpoints,  Worst Slack        0.551ns,  Total Violation        0.000ns
Hold  :            0  Failing Endpoints,  Worst Slack        0.022ns,  Total Violation        0.000ns
PW    :            0  Failing Endpoints,  Worst Slack        1.958ns,  Total Violation        0.000ns
---------------------------------------------------------------------------------------------------


Max Delay Paths
--------------------------------------------------------------------------------------
Slack (MET) :             0.551ns  (required time - arrival time)
  Source:                 bd_0_i/hls_inst/inst/a2_arr_V_U/q0_reg[0]/C
                            (rising edge-triggered cell FDRE clocked by ap_clk  {rise@0.000ns fall@2.500ns period=5.000ns})
  Destination:            bd_0_i/hls_inst/inst/grp_DEEPBURNING_4096_fu_1169/col_gen[35].row_gen[0].dsp_core/dsp_mult_r1_reg[14]/D
                            (rising edge-triggered cell FDRE clocked by ap_clk  {rise@0.000ns fall@2.500ns period=5.000ns})
  Path Group:             ap_clk
  Path Type:              Setup (Max at Slow Process Corner)
  Requirement:            5.000ns  (ap_clk rise@5.000ns - ap_clk rise@0.000ns)
  Data Path Delay:        4.429ns  (logic 1.638ns (36.982%)  route 2.791ns (63.018%))
  Logic Levels:           6  (DSP_A_B_DATA=1 DSP_ALU=1 DSP_M_DATA=1 DSP_MULTIPLIER=1 DSP_OUTPUT=1 DSP_PREADD_DATA=1)
  Clock Path Skew:        -0.009ns (DCD - SCD + CPR)
    Destination Clock Delay (DCD):    0.021ns = ( 5.021 - 5.000 ) 
    Source Clock Delay      (SCD):    0.030ns
    Clock Pessimism Removal (CPR):    0.000ns
  Clock Uncertainty:      0.035ns  ((TSJ^2 + TIJ^2)^1/2 + DJ) / 2 + PE
    Total System Jitter     (TSJ):    0.071ns
    Total Input Jitter      (TIJ):    0.000ns
    Discrete Jitter          (DJ):    0.000ns
    Phase Error              (PE):    0.000ns

    Location             Delay type                Incr(ns)  Path(ns)    Netlist Resource(s)
  -------------------------------------------------------------------    -------------------
                         (clock ap_clk rise edge)     0.000     0.000 r  
                                                      0.000     0.000 r  ap_clk (IN)
                         net (fo=206997, unset)       0.030     0.030    bd_0_i/hls_inst/inst/a2_arr_V_U/ap_clk
    SLICE_X34Y46         FDRE                                         r  bd_0_i/hls_inst/inst/a2_arr_V_U/q0_reg[0]/C
  -------------------------------------------------------------------    -------------------
    SLICE_X34Y46         FDRE (Prop_FFF2_SLICEM_C_Q)
                                                      0.079     0.109 f  bd_0_i/hls_inst/inst/a2_arr_V_U/q0_reg[0]/Q
                         net (fo=192, routed)         2.253     2.362    bd_0_i/hls_inst/inst/grp_DEEPBURNING_4096_fu_1169/col_gen[35].row_gen[0].dsp_core/dsp_mult_r1_reg0/B[7]
    DSP48E2_X9Y31        DSP_A_B_DATA (Prop_DSP_A_B_DATA_DSP48E2_B[7]_B2_DATA[7])
                                                      0.151     2.513 r  bd_0_i/hls_inst/inst/grp_DEEPBURNING_4096_fu_1169/col_gen[35].row_gen[0].dsp_core/dsp_mult_r1_reg0/DSP_A_B_DATA_INST/B2_DATA[7]
                         net (fo=1, routed)           0.000     2.513    bd_0_i/hls_inst/inst/grp_DEEPBURNING_4096_fu_1169/col_gen[35].row_gen[0].dsp_core/dsp_mult_r1_reg0/DSP_A_B_DATA.B2_DATA<7>
    DSP48E2_X9Y31        DSP_PREADD_DATA (Prop_DSP_PREADD_DATA_DSP48E2_B2_DATA[7]_B2B1[7])
                                                      0.073     2.586 r  bd_0_i/hls_inst/inst/grp_DEEPBURNING_4096_fu_1169/col_gen[35].row_gen[0].dsp_core/dsp_mult_r1_reg0/DSP_PREADD_DATA_INST/B2B1[7]
                         net (fo=1, routed)           0.000     2.586    bd_0_i/hls_inst/inst/grp_DEEPBURNING_4096_fu_1169/col_gen[35].row_gen[0].dsp_core/dsp_mult_r1_reg0/DSP_PREADD_DATA.B2B1<7>
    DSP48E2_X9Y31        DSP_MULTIPLIER (Prop_DSP_MULTIPLIER_DSP48E2_B2B1[7]_V[14])
                                                      0.609     3.195 f  bd_0_i/hls_inst/inst/grp_DEEPBURNING_4096_fu_1169/col_gen[35].row_gen[0].dsp_core/dsp_mult_r1_reg0/DSP_MULTIPLIER_INST/V[14]
                         net (fo=1, routed)           0.000     3.195    bd_0_i/hls_inst/inst/grp_DEEPBURNING_4096_fu_1169/col_gen[35].row_gen[0].dsp_core/dsp_mult_r1_reg0/DSP_MULTIPLIER.V<14>
    DSP48E2_X9Y31        DSP_M_DATA (Prop_DSP_M_DATA_DSP48E2_V[14]_V_DATA[14])
                                                      0.046     3.241 r  bd_0_i/hls_inst/inst/grp_DEEPBURNING_4096_fu_1169/col_gen[35].row_gen[0].dsp_core/dsp_mult_r1_reg0/DSP_M_DATA_INST/V_DATA[14]
                         net (fo=1, routed)           0.000     3.241    bd_0_i/hls_inst/inst/grp_DEEPBURNING_4096_fu_1169/col_gen[35].row_gen[0].dsp_core/dsp_mult_r1_reg0/DSP_M_DATA.V_DATA<14>
    DSP48E2_X9Y31        DSP_ALU (Prop_DSP_ALU_DSP48E2_V_DATA[14]_ALU_OUT[14])
                                                      0.571     3.812 f  bd_0_i/hls_inst/inst/grp_DEEPBURNING_4096_fu_1169/col_gen[35].row_gen[0].dsp_core/dsp_mult_r1_reg0/DSP_ALU_INST/ALU_OUT[14]
                         net (fo=1, routed)           0.000     3.812    bd_0_i/hls_inst/inst/grp_DEEPBURNING_4096_fu_1169/col_gen[35].row_gen[0].dsp_core/dsp_mult_r1_reg0/DSP_ALU.ALU_OUT<14>
    DSP48E2_X9Y31        DSP_OUTPUT (Prop_DSP_OUTPUT_DSP48E2_ALU_OUT[14]_P[14])
                                                      0.109     3.921 r  bd_0_i/hls_inst/inst/grp_DEEPBURNING_4096_fu_1169/col_gen[35].row_gen[0].dsp_core/dsp_mult_r1_reg0/DSP_OUTPUT_INST/P[14]
                         net (fo=1, routed)           0.538     4.459    bd_0_i/hls_inst/inst/grp_DEEPBURNING_4096_fu_1169/col_gen[35].row_gen[0].dsp_core/dsp_mult_r1_reg0_n_91
    SLICE_X71Y91         FDRE                                         r  bd_0_i/hls_inst/inst/grp_DEEPBURNING_4096_fu_1169/col_gen[35].row_gen[0].dsp_core/dsp_mult_r1_reg[14]/D
  -------------------------------------------------------------------    -------------------

                         (clock ap_clk rise edge)     5.000     5.000 r  
                                                      0.000     5.000 r  ap_clk (IN)
                         net (fo=206997, unset)       0.021     5.021    bd_0_i/hls_inst/inst/grp_DEEPBURNING_4096_fu_1169/col_gen[35].row_gen[0].dsp_core/ap_clk
    SLICE_X71Y91         FDRE                                         r  bd_0_i/hls_inst/inst/grp_DEEPBURNING_4096_fu_1169/col_gen[35].row_gen[0].dsp_core/dsp_mult_r1_reg[14]/C
                         clock pessimism              0.000     5.021    
                         clock uncertainty           -0.035     4.986    
    SLICE_X71Y91         FDRE (Setup_CFF_SLICEM_C_D)
                                                      0.025     5.011    bd_0_i/hls_inst/inst/grp_DEEPBURNING_4096_fu_1169/col_gen[35].row_gen[0].dsp_core/dsp_mult_r1_reg[14]
  -------------------------------------------------------------------
                         required time                          5.011    
                         arrival time                          -4.459    
  -------------------------------------------------------------------
                         slack                                  0.551    

Slack (MET) :             0.588ns  (required time - arrival time)
  Source:                 bd_0_i/hls_inst/inst/a2_arr_V_U/q0_reg[0]/C
                            (rising edge-triggered cell FDRE clocked by ap_clk  {rise@0.000ns fall@2.500ns period=5.000ns})
  Destination:            bd_0_i/hls_inst/inst/grp_DEEPBURNING_4096_fu_1169/col_gen[35].row_gen[0].dsp_core/dsp_mult_r1_reg[12]/D
                            (rising edge-triggered cell FDRE clocked by ap_clk  {rise@0.000ns fall@2.500ns period=5.000ns})
  Path Group:             ap_clk
  Path Type:              Setup (Max at Slow Process Corner)
  Requirement:            5.000ns  (ap_clk rise@5.000ns - ap_clk rise@0.000ns)
  Data Path Delay:        4.392ns  (logic 1.638ns (37.294%)  route 2.754ns (62.706%))
  Logic Levels:           6  (DSP_A_B_DATA=1 DSP_ALU=1 DSP_M_DATA=1 DSP_MULTIPLIER=1 DSP_OUTPUT=1 DSP_PREADD_DATA=1)
  Clock Path Skew:        -0.009ns (DCD - SCD + CPR)
    Destination Clock Delay (DCD):    0.021ns = ( 5.021 - 5.000 ) 
    Source Clock Delay      (SCD):    0.030ns
    Clock Pessimism Removal (CPR):    0.000ns
  Clock Uncertainty:      0.035ns  ((TSJ^2 + TIJ^2)^1/2 + DJ) / 2 + PE
    Total System Jitter     (TSJ):    0.071ns
    Total Input Jitter      (TIJ):    0.000ns
    Discrete Jitter          (DJ):    0.000ns
    Phase Error              (PE):    0.000ns

    Location             Delay type                Incr(ns)  Path(ns)    Netlist Resource(s)
  -------------------------------------------------------------------    -------------------
                         (clock ap_clk rise edge)     0.000     0.000 r  
                                                      0.000     0.000 r  ap_clk (IN)
                         net (fo=206997, unset)       0.030     0.030    bd_0_i/hls_inst/inst/a2_arr_V_U/ap_clk
    SLICE_X34Y46         FDRE                                         r  bd_0_i/hls_inst/inst/a2_arr_V_U/q0_reg[0]/C
  -------------------------------------------------------------------    -------------------
    SLICE_X34Y46         FDRE (Prop_FFF2_SLICEM_C_Q)
                                                      0.079     0.109 f  bd_0_i/hls_inst/inst/a2_arr_V_U/q0_reg[0]/Q
                         net (fo=192, routed)         2.253     2.362    bd_0_i/hls_inst/inst/grp_DEEPBURNING_4096_fu_1169/col_gen[35].row_gen[0].dsp_core/dsp_mult_r1_reg0/B[7]
    DSP48E2_X9Y31        DSP_A_B_DATA (Prop_DSP_A_B_DATA_DSP48E2_B[7]_B2_DATA[7])
                                                      0.151     2.513 r  bd_0_i/hls_inst/inst/grp_DEEPBURNING_4096_fu_1169/col_gen[35].row_gen[0].dsp_core/dsp_mult_r1_reg0/DSP_A_B_DATA_INST/B2_DATA[7]
                         net (fo=1, routed)           0.000     2.513    bd_0_i/hls_inst/inst/grp_DEEPBURNING_4096_fu_1169/col_gen[35].row_gen[0].dsp_core/dsp_mult_r1_reg0/DSP_A_B_DATA.B2_DATA<7>
    DSP48E2_X9Y31        DSP_PREADD_DATA (Prop_DSP_PREADD_DATA_DSP48E2_B2_DATA[7]_B2B1[7])
                                                      0.073     2.586 r  bd_0_i/hls_inst/inst/grp_DEEPBURNING_4096_fu_1169/col_gen[35].row_gen[0].dsp_core/dsp_mult_r1_reg0/DSP_PREADD_DATA_INST/B2B1[7]
                         net (fo=1, routed)           0.000     2.586    bd_0_i/hls_inst/inst/grp_DEEPBURNING_4096_fu_1169/col_gen[35].row_gen[0].dsp_core/dsp_mult_r1_reg0/DSP_PREADD_DATA.B2B1<7>
    DSP48E2_X9Y31        DSP_MULTIPLIER (Prop_DSP_MULTIPLIER_DSP48E2_B2B1[7]_V[12])
                                                      0.609     3.195 f  bd_0_i/hls_inst/inst/grp_DEEPBURNING_4096_fu_1169/col_gen[35].row_gen[0].dsp_core/dsp_mult_r1_reg0/DSP_MULTIPLIER_INST/V[12]
                         net (fo=1, routed)           0.000     3.195    bd_0_i/hls_inst/inst/grp_DEEPBURNING_4096_fu_1169/col_gen[35].row_gen[0].dsp_core/dsp_mult_r1_reg0/DSP_MULTIPLIER.V<12>
    DSP48E2_X9Y31        DSP_M_DATA (Prop_DSP_M_DATA_DSP48E2_V[12]_V_DATA[12])
                                                      0.046     3.241 r  bd_0_i/hls_inst/inst/grp_DEEPBURNING_4096_fu_1169/col_gen[35].row_gen[0].dsp_core/dsp_mult_r1_reg0/DSP_M_DATA_INST/V_DATA[12]
                         net (fo=1, routed)           0.000     3.241    bd_0_i/hls_inst/inst/grp_DEEPBURNING_4096_fu_1169/col_gen[35].row_gen[0].dsp_core/dsp_mult_r1_reg0/DSP_M_DATA.V_DATA<12>
    DSP48E2_X9Y31        DSP_ALU (Prop_DSP_ALU_DSP48E2_V_DATA[12]_ALU_OUT[12])
                                                      0.571     3.812 f  bd_0_i/hls_inst/inst/grp_DEEPBURNING_4096_fu_1169/col_gen[35].row_gen[0].dsp_core/dsp_mult_r1_reg0/DSP_ALU_INST/ALU_OUT[12]
                         net (fo=1, routed)           0.000     3.812    bd_0_i/hls_inst/inst/grp_DEEPBURNING_4096_fu_1169/col_gen[35].row_gen[0].dsp_core/dsp_mult_r1_reg0/DSP_ALU.ALU_OUT<12>
    DSP48E2_X9Y31        DSP_OUTPUT (Prop_DSP_OUTPUT_DSP48E2_ALU_OUT[12]_P[12])
                                                      0.109     3.921 r  bd_0_i/hls_inst/inst/grp_DEEPBURNING_4096_fu_1169/col_gen[35].row_gen[0].dsp_core/dsp_mult_r1_reg0/DSP_OUTPUT_INST/P[12]
                         net (fo=1, routed)           0.501     4.422    bd_0_i/hls_inst/inst/grp_DEEPBURNING_4096_fu_1169/col_gen[35].row_gen[0].dsp_core/dsp_mult_r1_reg0_n_93
    SLICE_X71Y91         FDRE                                         r  bd_0_i/hls_inst/inst/grp_DEEPBURNING_4096_fu_1169/col_gen[35].row_gen[0].dsp_core/dsp_mult_r1_reg[12]/D
  -------------------------------------------------------------------    -------------------

                         (clock ap_clk rise edge)     5.000     5.000 r  
                                                      0.000     5.000 r  ap_clk (IN)
                         net (fo=206997, unset)       0.021     5.021    bd_0_i/hls_inst/inst/grp_DEEPBURNING_4096_fu_1169/col_gen[35].row_gen[0].dsp_core/ap_clk
    SLICE_X71Y91         FDRE                                         r  bd_0_i/hls_inst/inst/grp_DEEPBURNING_4096_fu_1169/col_gen[35].row_gen[0].dsp_core/dsp_mult_r1_reg[12]/C
                         clock pessimism              0.000     5.021    
                         clock uncertainty           -0.035     4.986    
    SLICE_X71Y91         FDRE (Setup_BFF_SLICEM_C_D)
                                                      0.025     5.011    bd_0_i/hls_inst/inst/grp_DEEPBURNING_4096_fu_1169/col_gen[35].row_gen[0].dsp_core/dsp_mult_r1_reg[12]
  -------------------------------------------------------------------
                         required time                          5.011    
                         arrival time                          -4.422    
  -------------------------------------------------------------------
                         slack                                  0.588    

Slack (MET) :             0.602ns  (required time - arrival time)
  Source:                 bd_0_i/hls_inst/inst/a3_arr_V_U/q0_reg[0]/C
                            (rising edge-triggered cell FDRE clocked by ap_clk  {rise@0.000ns fall@2.500ns period=5.000ns})
  Destination:            bd_0_i/hls_inst/inst/grp_DEEPBURNING_4096_fu_1169/col_gen[15].row_gen[0].dsp_core/dsp_mult_r1_reg[31]/D
                            (rising edge-triggered cell FDRE clocked by ap_clk  {rise@0.000ns fall@2.500ns period=5.000ns})
  Path Group:             ap_clk
  Path Type:              Setup (Max at Slow Process Corner)
  Requirement:            5.000ns  (ap_clk rise@5.000ns - ap_clk rise@0.000ns)
  Data Path Delay:        4.379ns  (logic 1.638ns (37.406%)  route 2.741ns (62.594%))
  Logic Levels:           6  (DSP_A_B_DATA=1 DSP_ALU=1 DSP_M_DATA=1 DSP_MULTIPLIER=1 DSP_OUTPUT=1 DSP_PREADD_DATA=1)
  Clock Path Skew:        -0.009ns (DCD - SCD + CPR)
    Destination Clock Delay (DCD):    0.021ns = ( 5.021 - 5.000 ) 
    Source Clock Delay      (SCD):    0.030ns
    Clock Pessimism Removal (CPR):    0.000ns
  Clock Uncertainty:      0.035ns  ((TSJ^2 + TIJ^2)^1/2 + DJ) / 2 + PE
    Total System Jitter     (TSJ):    0.071ns
    Total Input Jitter      (TIJ):    0.000ns
    Discrete Jitter          (DJ):    0.000ns
    Phase Error              (PE):    0.000ns

    Location             Delay type                Incr(ns)  Path(ns)    Netlist Resource(s)
  -------------------------------------------------------------------    -------------------
                         (clock ap_clk rise edge)     0.000     0.000 r  
                                                      0.000     0.000 r  ap_clk (IN)
                         net (fo=206997, unset)       0.030     0.030    bd_0_i/hls_inst/inst/a3_arr_V_U/ap_clk
    SLICE_X34Y50         FDRE                                         r  bd_0_i/hls_inst/inst/a3_arr_V_U/q0_reg[0]/C
  -------------------------------------------------------------------    -------------------
    SLICE_X34Y50         FDRE (Prop_GFF2_SLICEM_C_Q)
                                                      0.079     0.109 f  bd_0_i/hls_inst/inst/a3_arr_V_U/q0_reg[0]/Q
                         net (fo=192, routed)         2.226     2.335    bd_0_i/hls_inst/inst/grp_DEEPBURNING_4096_fu_1169/col_gen[15].row_gen[0].dsp_core/dsp_mult_r1_reg0/B[14]
    DSP48E2_X7Y35        DSP_A_B_DATA (Prop_DSP_A_B_DATA_DSP48E2_B[14]_B2_DATA[14])
                                                      0.151     2.486 r  bd_0_i/hls_inst/inst/grp_DEEPBURNING_4096_fu_1169/col_gen[15].row_gen[0].dsp_core/dsp_mult_r1_reg0/DSP_A_B_DATA_INST/B2_DATA[14]
                         net (fo=1, routed)           0.000     2.486    bd_0_i/hls_inst/inst/grp_DEEPBURNING_4096_fu_1169/col_gen[15].row_gen[0].dsp_core/dsp_mult_r1_reg0/DSP_A_B_DATA.B2_DATA<14>
    DSP48E2_X7Y35        DSP_PREADD_DATA (Prop_DSP_PREADD_DATA_DSP48E2_B2_DATA[14]_B2B1[14])
                                                      0.073     2.559 r  bd_0_i/hls_inst/inst/grp_DEEPBURNING_4096_fu_1169/col_gen[15].row_gen[0].dsp_core/dsp_mult_r1_reg0/DSP_PREADD_DATA_INST/B2B1[14]
                         net (fo=1, routed)           0.000     2.559    bd_0_i/hls_inst/inst/grp_DEEPBURNING_4096_fu_1169/col_gen[15].row_gen[0].dsp_core/dsp_mult_r1_reg0/DSP_PREADD_DATA.B2B1<14>
    DSP48E2_X7Y35        DSP_MULTIPLIER (Prop_DSP_MULTIPLIER_DSP48E2_B2B1[14]_V[31])
                                                      0.609     3.168 f  bd_0_i/hls_inst/inst/grp_DEEPBURNING_4096_fu_1169/col_gen[15].row_gen[0].dsp_core/dsp_mult_r1_reg0/DSP_MULTIPLIER_INST/V[31]
                         net (fo=1, routed)           0.000     3.168    bd_0_i/hls_inst/inst/grp_DEEPBURNING_4096_fu_1169/col_gen[15].row_gen[0].dsp_core/dsp_mult_r1_reg0/DSP_MULTIPLIER.V<31>
    DSP48E2_X7Y35        DSP_M_DATA (Prop_DSP_M_DATA_DSP48E2_V[31]_V_DATA[31])
                                                      0.046     3.214 r  bd_0_i/hls_inst/inst/grp_DEEPBURNING_4096_fu_1169/col_gen[15].row_gen[0].dsp_core/dsp_mult_r1_reg0/DSP_M_DATA_INST/V_DATA[31]
                         net (fo=1, routed)           0.000     3.214    bd_0_i/hls_inst/inst/grp_DEEPBURNING_4096_fu_1169/col_gen[15].row_gen[0].dsp_core/dsp_mult_r1_reg0/DSP_M_DATA.V_DATA<31>
    DSP48E2_X7Y35        DSP_ALU (Prop_DSP_ALU_DSP48E2_V_DATA[31]_ALU_OUT[31])
                                                      0.571     3.785 f  bd_0_i/hls_inst/inst/grp_DEEPBURNING_4096_fu_1169/col_gen[15].row_gen[0].dsp_core/dsp_mult_r1_reg0/DSP_ALU_INST/ALU_OUT[31]
                         net (fo=1, routed)           0.000     3.785    bd_0_i/hls_inst/inst/grp_DEEPBURNING_4096_fu_1169/col_gen[15].row_gen[0].dsp_core/dsp_mult_r1_reg0/DSP_ALU.ALU_OUT<31>
    DSP48E2_X7Y35        DSP_OUTPUT (Prop_DSP_OUTPUT_DSP48E2_ALU_OUT[31]_P[31])
                                                      0.109     3.894 r  bd_0_i/hls_inst/inst/grp_DEEPBURNING_4096_fu_1169/col_gen[15].row_gen[0].dsp_core/dsp_mult_r1_reg0/DSP_OUTPUT_INST/P[31]
                         net (fo=1, routed)           0.515     4.409    bd_0_i/hls_inst/inst/grp_DEEPBURNING_4096_fu_1169/col_gen[15].row_gen[0].dsp_core/dsp_mult_r1_reg0_n_74
    SLICE_X56Y107        FDRE                                         r  bd_0_i/hls_inst/inst/grp_DEEPBURNING_4096_fu_1169/col_gen[15].row_gen[0].dsp_core/dsp_mult_r1_reg[31]/D
  -------------------------------------------------------------------    -------------------

                         (clock ap_clk rise edge)     5.000     5.000 r  
                                                      0.000     5.000 r  ap_clk (IN)
                         net (fo=206997, unset)       0.021     5.021    bd_0_i/hls_inst/inst/grp_DEEPBURNING_4096_fu_1169/col_gen[15].row_gen[0].dsp_core/ap_clk
    SLICE_X56Y107        FDRE                                         r  bd_0_i/hls_inst/inst/grp_DEEPBURNING_4096_fu_1169/col_gen[15].row_gen[0].dsp_core/dsp_mult_r1_reg[31]/C
                         clock pessimism              0.000     5.021    
                         clock uncertainty           -0.035     4.986    
    SLICE_X56Y107        FDRE (Setup_FFF_SLICEM_C_D)
                                                      0.025     5.011    bd_0_i/hls_inst/inst/grp_DEEPBURNING_4096_fu_1169/col_gen[15].row_gen[0].dsp_core/dsp_mult_r1_reg[31]
  -------------------------------------------------------------------
                         required time                          5.011    
                         arrival time                          -4.409    
  -------------------------------------------------------------------
                         slack                                  0.602    

Slack (MET) :             0.603ns  (required time - arrival time)
  Source:                 bd_0_i/hls_inst/inst/a2_arr_V_U/q0_reg[0]/C
                            (rising edge-triggered cell FDRE clocked by ap_clk  {rise@0.000ns fall@2.500ns period=5.000ns})
  Destination:            bd_0_i/hls_inst/inst/grp_DEEPBURNING_4096_fu_1169/col_gen[35].row_gen[0].dsp_core/dsp_mult_r1_reg[7]/D
                            (rising edge-triggered cell FDRE clocked by ap_clk  {rise@0.000ns fall@2.500ns period=5.000ns})
  Path Group:             ap_clk
  Path Type:              Setup (Max at Slow Process Corner)
  Requirement:            5.000ns  (ap_clk rise@5.000ns - ap_clk rise@0.000ns)
  Data Path Delay:        4.377ns  (logic 1.638ns (37.422%)  route 2.739ns (62.578%))
  Logic Levels:           6  (DSP_A_B_DATA=1 DSP_ALU=1 DSP_M_DATA=1 DSP_MULTIPLIER=1 DSP_OUTPUT=1 DSP_PREADD_DATA=1)
  Clock Path Skew:        -0.009ns (DCD - SCD + CPR)
    Destination Clock Delay (DCD):    0.021ns = ( 5.021 - 5.000 ) 
    Source Clock Delay      (SCD):    0.030ns
    Clock Pessimism Removal (CPR):    0.000ns
  Clock Uncertainty:      0.035ns  ((TSJ^2 + TIJ^2)^1/2 + DJ) / 2 + PE
    Total System Jitter     (TSJ):    0.071ns
    Total Input Jitter      (TIJ):    0.000ns
    Discrete Jitter          (DJ):    0.000ns
    Phase Error              (PE):    0.000ns

    Location             Delay type                Incr(ns)  Path(ns)    Netlist Resource(s)
  -------------------------------------------------------------------    -------------------
                         (clock ap_clk rise edge)     0.000     0.000 r  
                                                      0.000     0.000 r  ap_clk (IN)
                         net (fo=206997, unset)       0.030     0.030    bd_0_i/hls_inst/inst/a2_arr_V_U/ap_clk
    SLICE_X34Y46         FDRE                                         r  bd_0_i/hls_inst/inst/a2_arr_V_U/q0_reg[0]/C
  -------------------------------------------------------------------    -------------------
    SLICE_X34Y46         FDRE (Prop_FFF2_SLICEM_C_Q)
                                                      0.079     0.109 f  bd_0_i/hls_inst/inst/a2_arr_V_U/q0_reg[0]/Q
                         net (fo=192, routed)         2.253     2.362    bd_0_i/hls_inst/inst/grp_DEEPBURNING_4096_fu_1169/col_gen[35].row_gen[0].dsp_core/dsp_mult_r1_reg0/B[7]
    DSP48E2_X9Y31        DSP_A_B_DATA (Prop_DSP_A_B_DATA_DSP48E2_B[7]_B2_DATA[7])
                                                      0.151     2.513 r  bd_0_i/hls_inst/inst/grp_DEEPBURNING_4096_fu_1169/col_gen[35].row_gen[0].dsp_core/dsp_mult_r1_reg0/DSP_A_B_DATA_INST/B2_DATA[7]
                         net (fo=1, routed)           0.000     2.513    bd_0_i/hls_inst/inst/grp_DEEPBURNING_4096_fu_1169/col_gen[35].row_gen[0].dsp_core/dsp_mult_r1_reg0/DSP_A_B_DATA.B2_DATA<7>
    DSP48E2_X9Y31        DSP_PREADD_DATA (Prop_DSP_PREADD_DATA_DSP48E2_B2_DATA[7]_B2B1[7])
                                                      0.073     2.586 r  bd_0_i/hls_inst/inst/grp_DEEPBURNING_4096_fu_1169/col_gen[35].row_gen[0].dsp_core/dsp_mult_r1_reg0/DSP_PREADD_DATA_INST/B2B1[7]
                         net (fo=1, routed)           0.000     2.586    bd_0_i/hls_inst/inst/grp_DEEPBURNING_4096_fu_1169/col_gen[35].row_gen[0].dsp_core/dsp_mult_r1_reg0/DSP_PREADD_DATA.B2B1<7>
    DSP48E2_X9Y31        DSP_MULTIPLIER (Prop_DSP_MULTIPLIER_DSP48E2_B2B1[7]_V[7])
                                                      0.609     3.195 f  bd_0_i/hls_inst/inst/grp_DEEPBURNING_4096_fu_1169/col_gen[35].row_gen[0].dsp_core/dsp_mult_r1_reg0/DSP_MULTIPLIER_INST/V[7]
                         net (fo=1, routed)           0.000     3.195    bd_0_i/hls_inst/inst/grp_DEEPBURNING_4096_fu_1169/col_gen[35].row_gen[0].dsp_core/dsp_mult_r1_reg0/DSP_MULTIPLIER.V<7>
    DSP48E2_X9Y31        DSP_M_DATA (Prop_DSP_M_DATA_DSP48E2_V[7]_V_DATA[7])
                                                      0.046     3.241 r  bd_0_i/hls_inst/inst/grp_DEEPBURNING_4096_fu_1169/col_gen[35].row_gen[0].dsp_core/dsp_mult_r1_reg0/DSP_M_DATA_INST/V_DATA[7]
                         net (fo=1, routed)           0.000     3.241    bd_0_i/hls_inst/inst/grp_DEEPBURNING_4096_fu_1169/col_gen[35].row_gen[0].dsp_core/dsp_mult_r1_reg0/DSP_M_DATA.V_DATA<7>
    DSP48E2_X9Y31        DSP_ALU (Prop_DSP_ALU_DSP48E2_V_DATA[7]_ALU_OUT[7])
                                                      0.571     3.812 f  bd_0_i/hls_inst/inst/grp_DEEPBURNING_4096_fu_1169/col_gen[35].row_gen[0].dsp_core/dsp_mult_r1_reg0/DSP_ALU_INST/ALU_OUT[7]
                         net (fo=1, routed)           0.000     3.812    bd_0_i/hls_inst/inst/grp_DEEPBURNING_4096_fu_1169/col_gen[35].row_gen[0].dsp_core/dsp_mult_r1_reg0/DSP_ALU.ALU_OUT<7>
    DSP48E2_X9Y31        DSP_OUTPUT (Prop_DSP_OUTPUT_DSP48E2_ALU_OUT[7]_P[7])
                                                      0.109     3.921 r  bd_0_i/hls_inst/inst/grp_DEEPBURNING_4096_fu_1169/col_gen[35].row_gen[0].dsp_core/dsp_mult_r1_reg0/DSP_OUTPUT_INST/P[7]
                         net (fo=1, routed)           0.486     4.407    bd_0_i/hls_inst/inst/grp_DEEPBURNING_4096_fu_1169/col_gen[35].row_gen[0].dsp_core/dsp_mult_r1_reg0_n_98
    SLICE_X71Y90         FDRE                                         r  bd_0_i/hls_inst/inst/grp_DEEPBURNING_4096_fu_1169/col_gen[35].row_gen[0].dsp_core/dsp_mult_r1_reg[7]/D
  -------------------------------------------------------------------    -------------------

                         (clock ap_clk rise edge)     5.000     5.000 r  
                                                      0.000     5.000 r  ap_clk (IN)
                         net (fo=206997, unset)       0.021     5.021    bd_0_i/hls_inst/inst/grp_DEEPBURNING_4096_fu_1169/col_gen[35].row_gen[0].dsp_core/ap_clk
    SLICE_X71Y90         FDRE                                         r  bd_0_i/hls_inst/inst/grp_DEEPBURNING_4096_fu_1169/col_gen[35].row_gen[0].dsp_core/dsp_mult_r1_reg[7]/C
                         clock pessimism              0.000     5.021    
                         clock uncertainty           -0.035     4.986    
    SLICE_X71Y90         FDRE (Setup_AFF2_SLICEM_C_D)
                                                      0.025     5.011    bd_0_i/hls_inst/inst/grp_DEEPBURNING_4096_fu_1169/col_gen[35].row_gen[0].dsp_core/dsp_mult_r1_reg[7]
  -------------------------------------------------------------------
                         required time                          5.011    
                         arrival time                          -4.407    
  -------------------------------------------------------------------
                         slack                                  0.603    

Slack (MET) :             0.604ns  (required time - arrival time)
  Source:                 bd_0_i/hls_inst/inst/a2_arr_V_U/q0_reg[0]/C
                            (rising edge-triggered cell FDRE clocked by ap_clk  {rise@0.000ns fall@2.500ns period=5.000ns})
  Destination:            bd_0_i/hls_inst/inst/grp_DEEPBURNING_4096_fu_1169/col_gen[35].row_gen[0].dsp_core/dsp_mult_r1_reg[10]/D
                            (rising edge-triggered cell FDRE clocked by ap_clk  {rise@0.000ns fall@2.500ns period=5.000ns})
  Path Group:             ap_clk
  Path Type:              Setup (Max at Slow Process Corner)
  Requirement:            5.000ns  (ap_clk rise@5.000ns - ap_clk rise@0.000ns)
  Data Path Delay:        4.376ns  (logic 1.638ns (37.430%)  route 2.738ns (62.570%))
  Logic Levels:           6  (DSP_A_B_DATA=1 DSP_ALU=1 DSP_M_DATA=1 DSP_MULTIPLIER=1 DSP_OUTPUT=1 DSP_PREADD_DATA=1)
  Clock Path Skew:        -0.009ns (DCD - SCD + CPR)
    Destination Clock Delay (DCD):    0.021ns = ( 5.021 - 5.000 ) 
    Source Clock Delay      (SCD):    0.030ns
    Clock Pessimism Removal (CPR):    0.000ns
  Clock Uncertainty:      0.035ns  ((TSJ^2 + TIJ^2)^1/2 + DJ) / 2 + PE
    Total System Jitter     (TSJ):    0.071ns
    Total Input Jitter      (TIJ):    0.000ns
    Discrete Jitter          (DJ):    0.000ns
    Phase Error              (PE):    0.000ns

    Location             Delay type                Incr(ns)  Path(ns)    Netlist Resource(s)
  -------------------------------------------------------------------    -------------------
                         (clock ap_clk rise edge)     0.000     0.000 r  
                                                      0.000     0.000 r  ap_clk (IN)
                         net (fo=206997, unset)       0.030     0.030    bd_0_i/hls_inst/inst/a2_arr_V_U/ap_clk
    SLICE_X34Y46         FDRE                                         r  bd_0_i/hls_inst/inst/a2_arr_V_U/q0_reg[0]/C
  -------------------------------------------------------------------    -------------------
    SLICE_X34Y46         FDRE (Prop_FFF2_SLICEM_C_Q)
                                                      0.079     0.109 f  bd_0_i/hls_inst/inst/a2_arr_V_U/q0_reg[0]/Q
                         net (fo=192, routed)         2.253     2.362    bd_0_i/hls_inst/inst/grp_DEEPBURNING_4096_fu_1169/col_gen[35].row_gen[0].dsp_core/dsp_mult_r1_reg0/B[7]
    DSP48E2_X9Y31        DSP_A_B_DATA (Prop_DSP_A_B_DATA_DSP48E2_B[7]_B2_DATA[7])
                                                      0.151     2.513 r  bd_0_i/hls_inst/inst/grp_DEEPBURNING_4096_fu_1169/col_gen[35].row_gen[0].dsp_core/dsp_mult_r1_reg0/DSP_A_B_DATA_INST/B2_DATA[7]
                         net (fo=1, routed)           0.000     2.513    bd_0_i/hls_inst/inst/grp_DEEPBURNING_4096_fu_1169/col_gen[35].row_gen[0].dsp_core/dsp_mult_r1_reg0/DSP_A_B_DATA.B2_DATA<7>
    DSP48E2_X9Y31        DSP_PREADD_DATA (Prop_DSP_PREADD_DATA_DSP48E2_B2_DATA[7]_B2B1[7])
                                                      0.073     2.586 r  bd_0_i/hls_inst/inst/grp_DEEPBURNING_4096_fu_1169/col_gen[35].row_gen[0].dsp_core/dsp_mult_r1_reg0/DSP_PREADD_DATA_INST/B2B1[7]
                         net (fo=1, routed)           0.000     2.586    bd_0_i/hls_inst/inst/grp_DEEPBURNING_4096_fu_1169/col_gen[35].row_gen[0].dsp_core/dsp_mult_r1_reg0/DSP_PREADD_DATA.B2B1<7>
    DSP48E2_X9Y31        DSP_MULTIPLIER (Prop_DSP_MULTIPLIER_DSP48E2_B2B1[7]_V[10])
                                                      0.609     3.195 f  bd_0_i/hls_inst/inst/grp_DEEPBURNING_4096_fu_1169/col_gen[35].row_gen[0].dsp_core/dsp_mult_r1_reg0/DSP_MULTIPLIER_INST/V[10]
                         net (fo=1, routed)           0.000     3.195    bd_0_i/hls_inst/inst/grp_DEEPBURNING_4096_fu_1169/col_gen[35].row_gen[0].dsp_core/dsp_mult_r1_reg0/DSP_MULTIPLIER.V<10>
    DSP48E2_X9Y31        DSP_M_DATA (Prop_DSP_M_DATA_DSP48E2_V[10]_V_DATA[10])
                                                      0.046     3.241 r  bd_0_i/hls_inst/inst/grp_DEEPBURNING_4096_fu_1169/col_gen[35].row_gen[0].dsp_core/dsp_mult_r1_reg0/DSP_M_DATA_INST/V_DATA[10]
                         net (fo=1, routed)           0.000     3.241    bd_0_i/hls_inst/inst/grp_DEEPBURNING_4096_fu_1169/col_gen[35].row_gen[0].dsp_core/dsp_mult_r1_reg0/DSP_M_DATA.V_DATA<10>
    DSP48E2_X9Y31        DSP_ALU (Prop_DSP_ALU_DSP48E2_V_DATA[10]_ALU_OUT[10])
                                                      0.571     3.812 f  bd_0_i/hls_inst/inst/grp_DEEPBURNING_4096_fu_1169/col_gen[35].row_gen[0].dsp_core/dsp_mult_r1_reg0/DSP_ALU_INST/ALU_OUT[10]
                         net (fo=1, routed)           0.000     3.812    bd_0_i/hls_inst/inst/grp_DEEPBURNING_4096_fu_1169/col_gen[35].row_gen[0].dsp_core/dsp_mult_r1_reg0/DSP_ALU.ALU_OUT<10>
    DSP48E2_X9Y31        DSP_OUTPUT (Prop_DSP_OUTPUT_DSP48E2_ALU_OUT[10]_P[10])
                                                      0.109     3.921 r  bd_0_i/hls_inst/inst/grp_DEEPBURNING_4096_fu_1169/col_gen[35].row_gen[0].dsp_core/dsp_mult_r1_reg0/DSP_OUTPUT_INST/P[10]
                         net (fo=1, routed)           0.485     4.406    bd_0_i/hls_inst/inst/grp_DEEPBURNING_4096_fu_1169/col_gen[35].row_gen[0].dsp_core/dsp_mult_r1_reg0_n_95
    SLICE_X71Y91         FDRE                                         r  bd_0_i/hls_inst/inst/grp_DEEPBURNING_4096_fu_1169/col_gen[35].row_gen[0].dsp_core/dsp_mult_r1_reg[10]/D
  -------------------------------------------------------------------    -------------------

                         (clock ap_clk rise edge)     5.000     5.000 r  
                                                      0.000     5.000 r  ap_clk (IN)
                         net (fo=206997, unset)       0.021     5.021    bd_0_i/hls_inst/inst/grp_DEEPBURNING_4096_fu_1169/col_gen[35].row_gen[0].dsp_core/ap_clk
    SLICE_X71Y91         FDRE                                         r  bd_0_i/hls_inst/inst/grp_DEEPBURNING_4096_fu_1169/col_gen[35].row_gen[0].dsp_core/dsp_mult_r1_reg[10]/C
                         clock pessimism              0.000     5.021    
                         clock uncertainty           -0.035     4.986    
    SLICE_X71Y91         FDRE (Setup_AFF_SLICEM_C_D)
                                                      0.025     5.011    bd_0_i/hls_inst/inst/grp_DEEPBURNING_4096_fu_1169/col_gen[35].row_gen[0].dsp_core/dsp_mult_r1_reg[10]
  -------------------------------------------------------------------
                         required time                          5.011    
                         arrival time                          -4.406    
  -------------------------------------------------------------------
                         slack                                  0.604    

Slack (MET) :             0.641ns  (required time - arrival time)
  Source:                 bd_0_i/hls_inst/inst/a3_arr_V_U/q0_reg[0]/C
                            (rising edge-triggered cell FDRE clocked by ap_clk  {rise@0.000ns fall@2.500ns period=5.000ns})
  Destination:            bd_0_i/hls_inst/inst/grp_DEEPBURNING_4096_fu_1169/col_gen[15].row_gen[0].dsp_core/dsp_mult_r1_reg[35]/D
                            (rising edge-triggered cell FDRE clocked by ap_clk  {rise@0.000ns fall@2.500ns period=5.000ns})
  Path Group:             ap_clk
  Path Type:              Setup (Max at Slow Process Corner)
  Requirement:            5.000ns  (ap_clk rise@5.000ns - ap_clk rise@0.000ns)
  Data Path Delay:        4.339ns  (logic 1.638ns (37.751%)  route 2.701ns (62.249%))
  Logic Levels:           6  (DSP_A_B_DATA=1 DSP_ALU=1 DSP_M_DATA=1 DSP_MULTIPLIER=1 DSP_OUTPUT=1 DSP_PREADD_DATA=1)
  Clock Path Skew:        -0.010ns (DCD - SCD + CPR)
    Destination Clock Delay (DCD):    0.020ns = ( 5.020 - 5.000 ) 
    Source Clock Delay      (SCD):    0.030ns
    Clock Pessimism Removal (CPR):    0.000ns
  Clock Uncertainty:      0.035ns  ((TSJ^2 + TIJ^2)^1/2 + DJ) / 2 + PE
    Total System Jitter     (TSJ):    0.071ns
    Total Input Jitter      (TIJ):    0.000ns
    Discrete Jitter          (DJ):    0.000ns
    Phase Error              (PE):    0.000ns

    Location             Delay type                Incr(ns)  Path(ns)    Netlist Resource(s)
  -------------------------------------------------------------------    -------------------
                         (clock ap_clk rise edge)     0.000     0.000 r  
                                                      0.000     0.000 r  ap_clk (IN)
                         net (fo=206997, unset)       0.030     0.030    bd_0_i/hls_inst/inst/a3_arr_V_U/ap_clk
    SLICE_X34Y50         FDRE                                         r  bd_0_i/hls_inst/inst/a3_arr_V_U/q0_reg[0]/C
  -------------------------------------------------------------------    -------------------
    SLICE_X34Y50         FDRE (Prop_GFF2_SLICEM_C_Q)
                                                      0.079     0.109 f  bd_0_i/hls_inst/inst/a3_arr_V_U/q0_reg[0]/Q
                         net (fo=192, routed)         2.226     2.335    bd_0_i/hls_inst/inst/grp_DEEPBURNING_4096_fu_1169/col_gen[15].row_gen[0].dsp_core/dsp_mult_r1_reg0/B[14]
    DSP48E2_X7Y35        DSP_A_B_DATA (Prop_DSP_A_B_DATA_DSP48E2_B[14]_B2_DATA[14])
                                                      0.151     2.486 r  bd_0_i/hls_inst/inst/grp_DEEPBURNING_4096_fu_1169/col_gen[15].row_gen[0].dsp_core/dsp_mult_r1_reg0/DSP_A_B_DATA_INST/B2_DATA[14]
                         net (fo=1, routed)           0.000     2.486    bd_0_i/hls_inst/inst/grp_DEEPBURNING_4096_fu_1169/col_gen[15].row_gen[0].dsp_core/dsp_mult_r1_reg0/DSP_A_B_DATA.B2_DATA<14>
    DSP48E2_X7Y35        DSP_PREADD_DATA (Prop_DSP_PREADD_DATA_DSP48E2_B2_DATA[14]_B2B1[14])
                                                      0.073     2.559 r  bd_0_i/hls_inst/inst/grp_DEEPBURNING_4096_fu_1169/col_gen[15].row_gen[0].dsp_core/dsp_mult_r1_reg0/DSP_PREADD_DATA_INST/B2B1[14]
                         net (fo=1, routed)           0.000     2.559    bd_0_i/hls_inst/inst/grp_DEEPBURNING_4096_fu_1169/col_gen[15].row_gen[0].dsp_core/dsp_mult_r1_reg0/DSP_PREADD_DATA.B2B1<14>
    DSP48E2_X7Y35        DSP_MULTIPLIER (Prop_DSP_MULTIPLIER_DSP48E2_B2B1[14]_V[35])
                                                      0.609     3.168 f  bd_0_i/hls_inst/inst/grp_DEEPBURNING_4096_fu_1169/col_gen[15].row_gen[0].dsp_core/dsp_mult_r1_reg0/DSP_MULTIPLIER_INST/V[35]
                         net (fo=1, routed)           0.000     3.168    bd_0_i/hls_inst/inst/grp_DEEPBURNING_4096_fu_1169/col_gen[15].row_gen[0].dsp_core/dsp_mult_r1_reg0/DSP_MULTIPLIER.V<35>
    DSP48E2_X7Y35        DSP_M_DATA (Prop_DSP_M_DATA_DSP48E2_V[35]_V_DATA[35])
                                                      0.046     3.214 r  bd_0_i/hls_inst/inst/grp_DEEPBURNING_4096_fu_1169/col_gen[15].row_gen[0].dsp_core/dsp_mult_r1_reg0/DSP_M_DATA_INST/V_DATA[35]
                         net (fo=1, routed)           0.000     3.214    bd_0_i/hls_inst/inst/grp_DEEPBURNING_4096_fu_1169/col_gen[15].row_gen[0].dsp_core/dsp_mult_r1_reg0/DSP_M_DATA.V_DATA<35>
    DSP48E2_X7Y35        DSP_ALU (Prop_DSP_ALU_DSP48E2_V_DATA[35]_ALU_OUT[35])
                                                      0.571     3.785 f  bd_0_i/hls_inst/inst/grp_DEEPBURNING_4096_fu_1169/col_gen[15].row_gen[0].dsp_core/dsp_mult_r1_reg0/DSP_ALU_INST/ALU_OUT[35]
                         net (fo=1, routed)           0.000     3.785    bd_0_i/hls_inst/inst/grp_DEEPBURNING_4096_fu_1169/col_gen[15].row_gen[0].dsp_core/dsp_mult_r1_reg0/DSP_ALU.ALU_OUT<35>
    DSP48E2_X7Y35        DSP_OUTPUT (Prop_DSP_OUTPUT_DSP48E2_ALU_OUT[35]_P[35])
                                                      0.109     3.894 r  bd_0_i/hls_inst/inst/grp_DEEPBURNING_4096_fu_1169/col_gen[15].row_gen[0].dsp_core/dsp_mult_r1_reg0/DSP_OUTPUT_INST/P[35]
                         net (fo=1, routed)           0.475     4.369    bd_0_i/hls_inst/inst/grp_DEEPBURNING_4096_fu_1169/col_gen[15].row_gen[0].dsp_core/dsp_mult_r1_reg0_n_70
    SLICE_X55Y105        FDRE                                         r  bd_0_i/hls_inst/inst/grp_DEEPBURNING_4096_fu_1169/col_gen[15].row_gen[0].dsp_core/dsp_mult_r1_reg[35]/D
  -------------------------------------------------------------------    -------------------

                         (clock ap_clk rise edge)     5.000     5.000 r  
                                                      0.000     5.000 r  ap_clk (IN)
                         net (fo=206997, unset)       0.020     5.020    bd_0_i/hls_inst/inst/grp_DEEPBURNING_4096_fu_1169/col_gen[15].row_gen[0].dsp_core/ap_clk
    SLICE_X55Y105        FDRE                                         r  bd_0_i/hls_inst/inst/grp_DEEPBURNING_4096_fu_1169/col_gen[15].row_gen[0].dsp_core/dsp_mult_r1_reg[35]/C
                         clock pessimism              0.000     5.020    
                         clock uncertainty           -0.035     4.985    
    SLICE_X55Y105        FDRE (Setup_AFF_SLICEL_C_D)
                                                      0.025     5.010    bd_0_i/hls_inst/inst/grp_DEEPBURNING_4096_fu_1169/col_gen[15].row_gen[0].dsp_core/dsp_mult_r1_reg[35]
  -------------------------------------------------------------------
                         required time                          5.010    
                         arrival time                          -4.369    
  -------------------------------------------------------------------
                         slack                                  0.641    

Slack (MET) :             0.657ns  (required time - arrival time)
  Source:                 bd_0_i/hls_inst/inst/a3_arr_V_U/q0_reg[0]/C
                            (rising edge-triggered cell FDRE clocked by ap_clk  {rise@0.000ns fall@2.500ns period=5.000ns})
  Destination:            bd_0_i/hls_inst/inst/grp_DEEPBURNING_4096_fu_1169/col_gen[15].row_gen[0].dsp_core/dsp_mult_r1_reg[29]/D
                            (rising edge-triggered cell FDRE clocked by ap_clk  {rise@0.000ns fall@2.500ns period=5.000ns})
  Path Group:             ap_clk
  Path Type:              Setup (Max at Slow Process Corner)
  Requirement:            5.000ns  (ap_clk rise@5.000ns - ap_clk rise@0.000ns)
  Data Path Delay:        4.324ns  (logic 1.638ns (37.882%)  route 2.686ns (62.118%))
  Logic Levels:           6  (DSP_A_B_DATA=1 DSP_ALU=1 DSP_M_DATA=1 DSP_MULTIPLIER=1 DSP_OUTPUT=1 DSP_PREADD_DATA=1)
  Clock Path Skew:        -0.009ns (DCD - SCD + CPR)
    Destination Clock Delay (DCD):    0.021ns = ( 5.021 - 5.000 ) 
    Source Clock Delay      (SCD):    0.030ns
    Clock Pessimism Removal (CPR):    0.000ns
  Clock Uncertainty:      0.035ns  ((TSJ^2 + TIJ^2)^1/2 + DJ) / 2 + PE
    Total System Jitter     (TSJ):    0.071ns
    Total Input Jitter      (TIJ):    0.000ns
    Discrete Jitter          (DJ):    0.000ns
    Phase Error              (PE):    0.000ns

    Location             Delay type                Incr(ns)  Path(ns)    Netlist Resource(s)
  -------------------------------------------------------------------    -------------------
                         (clock ap_clk rise edge)     0.000     0.000 r  
                                                      0.000     0.000 r  ap_clk (IN)
                         net (fo=206997, unset)       0.030     0.030    bd_0_i/hls_inst/inst/a3_arr_V_U/ap_clk
    SLICE_X34Y50         FDRE                                         r  bd_0_i/hls_inst/inst/a3_arr_V_U/q0_reg[0]/C
  -------------------------------------------------------------------    -------------------
    SLICE_X34Y50         FDRE (Prop_GFF2_SLICEM_C_Q)
                                                      0.079     0.109 f  bd_0_i/hls_inst/inst/a3_arr_V_U/q0_reg[0]/Q
                         net (fo=192, routed)         2.226     2.335    bd_0_i/hls_inst/inst/grp_DEEPBURNING_4096_fu_1169/col_gen[15].row_gen[0].dsp_core/dsp_mult_r1_reg0/B[14]
    DSP48E2_X7Y35        DSP_A_B_DATA (Prop_DSP_A_B_DATA_DSP48E2_B[14]_B2_DATA[14])
                                                      0.151     2.486 r  bd_0_i/hls_inst/inst/grp_DEEPBURNING_4096_fu_1169/col_gen[15].row_gen[0].dsp_core/dsp_mult_r1_reg0/DSP_A_B_DATA_INST/B2_DATA[14]
                         net (fo=1, routed)           0.000     2.486    bd_0_i/hls_inst/inst/grp_DEEPBURNING_4096_fu_1169/col_gen[15].row_gen[0].dsp_core/dsp_mult_r1_reg0/DSP_A_B_DATA.B2_DATA<14>
    DSP48E2_X7Y35        DSP_PREADD_DATA (Prop_DSP_PREADD_DATA_DSP48E2_B2_DATA[14]_B2B1[14])
                                                      0.073     2.559 r  bd_0_i/hls_inst/inst/grp_DEEPBURNING_4096_fu_1169/col_gen[15].row_gen[0].dsp_core/dsp_mult_r1_reg0/DSP_PREADD_DATA_INST/B2B1[14]
                         net (fo=1, routed)           0.000     2.559    bd_0_i/hls_inst/inst/grp_DEEPBURNING_4096_fu_1169/col_gen[15].row_gen[0].dsp_core/dsp_mult_r1_reg0/DSP_PREADD_DATA.B2B1<14>
    DSP48E2_X7Y35        DSP_MULTIPLIER (Prop_DSP_MULTIPLIER_DSP48E2_B2B1[14]_V[29])
                                                      0.609     3.168 f  bd_0_i/hls_inst/inst/grp_DEEPBURNING_4096_fu_1169/col_gen[15].row_gen[0].dsp_core/dsp_mult_r1_reg0/DSP_MULTIPLIER_INST/V[29]
                         net (fo=1, routed)           0.000     3.168    bd_0_i/hls_inst/inst/grp_DEEPBURNING_4096_fu_1169/col_gen[15].row_gen[0].dsp_core/dsp_mult_r1_reg0/DSP_MULTIPLIER.V<29>
    DSP48E2_X7Y35        DSP_M_DATA (Prop_DSP_M_DATA_DSP48E2_V[29]_V_DATA[29])
                                                      0.046     3.214 r  bd_0_i/hls_inst/inst/grp_DEEPBURNING_4096_fu_1169/col_gen[15].row_gen[0].dsp_core/dsp_mult_r1_reg0/DSP_M_DATA_INST/V_DATA[29]
                         net (fo=1, routed)           0.000     3.214    bd_0_i/hls_inst/inst/grp_DEEPBURNING_4096_fu_1169/col_gen[15].row_gen[0].dsp_core/dsp_mult_r1_reg0/DSP_M_DATA.V_DATA<29>
    DSP48E2_X7Y35        DSP_ALU (Prop_DSP_ALU_DSP48E2_V_DATA[29]_ALU_OUT[29])
                                                      0.571     3.785 f  bd_0_i/hls_inst/inst/grp_DEEPBURNING_4096_fu_1169/col_gen[15].row_gen[0].dsp_core/dsp_mult_r1_reg0/DSP_ALU_INST/ALU_OUT[29]
                         net (fo=1, routed)           0.000     3.785    bd_0_i/hls_inst/inst/grp_DEEPBURNING_4096_fu_1169/col_gen[15].row_gen[0].dsp_core/dsp_mult_r1_reg0/DSP_ALU.ALU_OUT<29>
    DSP48E2_X7Y35        DSP_OUTPUT (Prop_DSP_OUTPUT_DSP48E2_ALU_OUT[29]_P[29])
                                                      0.109     3.894 r  bd_0_i/hls_inst/inst/grp_DEEPBURNING_4096_fu_1169/col_gen[15].row_gen[0].dsp_core/dsp_mult_r1_reg0/DSP_OUTPUT_INST/P[29]
                         net (fo=1, routed)           0.460     4.354    bd_0_i/hls_inst/inst/grp_DEEPBURNING_4096_fu_1169/col_gen[15].row_gen[0].dsp_core/dsp_mult_r1_reg0_n_76
    SLICE_X56Y107        FDRE                                         r  bd_0_i/hls_inst/inst/grp_DEEPBURNING_4096_fu_1169/col_gen[15].row_gen[0].dsp_core/dsp_mult_r1_reg[29]/D
  -------------------------------------------------------------------    -------------------

                         (clock ap_clk rise edge)     5.000     5.000 r  
                                                      0.000     5.000 r  ap_clk (IN)
                         net (fo=206997, unset)       0.021     5.021    bd_0_i/hls_inst/inst/grp_DEEPBURNING_4096_fu_1169/col_gen[15].row_gen[0].dsp_core/ap_clk
    SLICE_X56Y107        FDRE                                         r  bd_0_i/hls_inst/inst/grp_DEEPBURNING_4096_fu_1169/col_gen[15].row_gen[0].dsp_core/dsp_mult_r1_reg[29]/C
                         clock pessimism              0.000     5.021    
                         clock uncertainty           -0.035     4.986    
    SLICE_X56Y107        FDRE (Setup_EFF_SLICEM_C_D)
                                                      0.025     5.011    bd_0_i/hls_inst/inst/grp_DEEPBURNING_4096_fu_1169/col_gen[15].row_gen[0].dsp_core/dsp_mult_r1_reg[29]
  -------------------------------------------------------------------
                         required time                          5.011    
                         arrival time                          -4.354    
  -------------------------------------------------------------------
                         slack                                  0.657    

Slack (MET) :             0.658ns  (required time - arrival time)
  Source:                 bd_0_i/hls_inst/inst/a3_arr_V_U/q0_reg[0]/C
                            (rising edge-triggered cell FDRE clocked by ap_clk  {rise@0.000ns fall@2.500ns period=5.000ns})
  Destination:            bd_0_i/hls_inst/inst/grp_DEEPBURNING_4096_fu_1169/col_gen[15].row_gen[0].dsp_core/dsp_mult_r1_reg[24]/D
                            (rising edge-triggered cell FDRE clocked by ap_clk  {rise@0.000ns fall@2.500ns period=5.000ns})
  Path Group:             ap_clk
  Path Type:              Setup (Max at Slow Process Corner)
  Requirement:            5.000ns  (ap_clk rise@5.000ns - ap_clk rise@0.000ns)
  Data Path Delay:        4.323ns  (logic 1.638ns (37.891%)  route 2.685ns (62.109%))
  Logic Levels:           6  (DSP_A_B_DATA=1 DSP_ALU=1 DSP_M_DATA=1 DSP_MULTIPLIER=1 DSP_OUTPUT=1 DSP_PREADD_DATA=1)
  Clock Path Skew:        -0.009ns (DCD - SCD + CPR)
    Destination Clock Delay (DCD):    0.021ns = ( 5.021 - 5.000 ) 
    Source Clock Delay      (SCD):    0.030ns
    Clock Pessimism Removal (CPR):    0.000ns
  Clock Uncertainty:      0.035ns  ((TSJ^2 + TIJ^2)^1/2 + DJ) / 2 + PE
    Total System Jitter     (TSJ):    0.071ns
    Total Input Jitter      (TIJ):    0.000ns
    Discrete Jitter          (DJ):    0.000ns
    Phase Error              (PE):    0.000ns

    Location             Delay type                Incr(ns)  Path(ns)    Netlist Resource(s)
  -------------------------------------------------------------------    -------------------
                         (clock ap_clk rise edge)     0.000     0.000 r  
                                                      0.000     0.000 r  ap_clk (IN)
                         net (fo=206997, unset)       0.030     0.030    bd_0_i/hls_inst/inst/a3_arr_V_U/ap_clk
    SLICE_X34Y50         FDRE                                         r  bd_0_i/hls_inst/inst/a3_arr_V_U/q0_reg[0]/C
  -------------------------------------------------------------------    -------------------
    SLICE_X34Y50         FDRE (Prop_GFF2_SLICEM_C_Q)
                                                      0.079     0.109 f  bd_0_i/hls_inst/inst/a3_arr_V_U/q0_reg[0]/Q
                         net (fo=192, routed)         2.226     2.335    bd_0_i/hls_inst/inst/grp_DEEPBURNING_4096_fu_1169/col_gen[15].row_gen[0].dsp_core/dsp_mult_r1_reg0/B[14]
    DSP48E2_X7Y35        DSP_A_B_DATA (Prop_DSP_A_B_DATA_DSP48E2_B[14]_B2_DATA[14])
                                                      0.151     2.486 r  bd_0_i/hls_inst/inst/grp_DEEPBURNING_4096_fu_1169/col_gen[15].row_gen[0].dsp_core/dsp_mult_r1_reg0/DSP_A_B_DATA_INST/B2_DATA[14]
                         net (fo=1, routed)           0.000     2.486    bd_0_i/hls_inst/inst/grp_DEEPBURNING_4096_fu_1169/col_gen[15].row_gen[0].dsp_core/dsp_mult_r1_reg0/DSP_A_B_DATA.B2_DATA<14>
    DSP48E2_X7Y35        DSP_PREADD_DATA (Prop_DSP_PREADD_DATA_DSP48E2_B2_DATA[14]_B2B1[14])
                                                      0.073     2.559 r  bd_0_i/hls_inst/inst/grp_DEEPBURNING_4096_fu_1169/col_gen[15].row_gen[0].dsp_core/dsp_mult_r1_reg0/DSP_PREADD_DATA_INST/B2B1[14]
                         net (fo=1, routed)           0.000     2.559    bd_0_i/hls_inst/inst/grp_DEEPBURNING_4096_fu_1169/col_gen[15].row_gen[0].dsp_core/dsp_mult_r1_reg0/DSP_PREADD_DATA.B2B1<14>
    DSP48E2_X7Y35        DSP_MULTIPLIER (Prop_DSP_MULTIPLIER_DSP48E2_B2B1[14]_V[24])
                                                      0.609     3.168 f  bd_0_i/hls_inst/inst/grp_DEEPBURNING_4096_fu_1169/col_gen[15].row_gen[0].dsp_core/dsp_mult_r1_reg0/DSP_MULTIPLIER_INST/V[24]
                         net (fo=1, routed)           0.000     3.168    bd_0_i/hls_inst/inst/grp_DEEPBURNING_4096_fu_1169/col_gen[15].row_gen[0].dsp_core/dsp_mult_r1_reg0/DSP_MULTIPLIER.V<24>
    DSP48E2_X7Y35        DSP_M_DATA (Prop_DSP_M_DATA_DSP48E2_V[24]_V_DATA[24])
                                                      0.046     3.214 r  bd_0_i/hls_inst/inst/grp_DEEPBURNING_4096_fu_1169/col_gen[15].row_gen[0].dsp_core/dsp_mult_r1_reg0/DSP_M_DATA_INST/V_DATA[24]
                         net (fo=1, routed)           0.000     3.214    bd_0_i/hls_inst/inst/grp_DEEPBURNING_4096_fu_1169/col_gen[15].row_gen[0].dsp_core/dsp_mult_r1_reg0/DSP_M_DATA.V_DATA<24>
    DSP48E2_X7Y35        DSP_ALU (Prop_DSP_ALU_DSP48E2_V_DATA[24]_ALU_OUT[24])
                                                      0.571     3.785 f  bd_0_i/hls_inst/inst/grp_DEEPBURNING_4096_fu_1169/col_gen[15].row_gen[0].dsp_core/dsp_mult_r1_reg0/DSP_ALU_INST/ALU_OUT[24]
                         net (fo=1, routed)           0.000     3.785    bd_0_i/hls_inst/inst/grp_DEEPBURNING_4096_fu_1169/col_gen[15].row_gen[0].dsp_core/dsp_mult_r1_reg0/DSP_ALU.ALU_OUT<24>
    DSP48E2_X7Y35        DSP_OUTPUT (Prop_DSP_OUTPUT_DSP48E2_ALU_OUT[24]_P[24])
                                                      0.109     3.894 r  bd_0_i/hls_inst/inst/grp_DEEPBURNING_4096_fu_1169/col_gen[15].row_gen[0].dsp_core/dsp_mult_r1_reg0/DSP_OUTPUT_INST/P[24]
                         net (fo=1, routed)           0.459     4.353    bd_0_i/hls_inst/inst/grp_DEEPBURNING_4096_fu_1169/col_gen[15].row_gen[0].dsp_core/dsp_mult_r1_reg0_n_81
    SLICE_X56Y105        FDRE                                         r  bd_0_i/hls_inst/inst/grp_DEEPBURNING_4096_fu_1169/col_gen[15].row_gen[0].dsp_core/dsp_mult_r1_reg[24]/D
  -------------------------------------------------------------------    -------------------

                         (clock ap_clk rise edge)     5.000     5.000 r  
                                                      0.000     5.000 r  ap_clk (IN)
                         net (fo=206997, unset)       0.021     5.021    bd_0_i/hls_inst/inst/grp_DEEPBURNING_4096_fu_1169/col_gen[15].row_gen[0].dsp_core/ap_clk
    SLICE_X56Y105        FDRE                                         r  bd_0_i/hls_inst/inst/grp_DEEPBURNING_4096_fu_1169/col_gen[15].row_gen[0].dsp_core/dsp_mult_r1_reg[24]/C
                         clock pessimism              0.000     5.021    
                         clock uncertainty           -0.035     4.986    
    SLICE_X56Y105        FDRE (Setup_FFF_SLICEM_C_D)
                                                      0.025     5.011    bd_0_i/hls_inst/inst/grp_DEEPBURNING_4096_fu_1169/col_gen[15].row_gen[0].dsp_core/dsp_mult_r1_reg[24]
  -------------------------------------------------------------------
                         required time                          5.011    
                         arrival time                          -4.353    
  -------------------------------------------------------------------
                         slack                                  0.658    

Slack (MET) :             0.670ns  (required time - arrival time)
  Source:                 bd_0_i/hls_inst/inst/ap_done_reg_reg/C
                            (rising edge-triggered cell FDRE clocked by ap_clk  {rise@0.000ns fall@2.500ns period=5.000ns})
  Destination:            bd_0_i/hls_inst/inst/trunc_ln41_11_reg_2109_reg[1]/CE
                            (rising edge-triggered cell FDRE clocked by ap_clk  {rise@0.000ns fall@2.500ns period=5.000ns})
  Path Group:             ap_clk
  Path Type:              Setup (Max at Slow Process Corner)
  Requirement:            5.000ns  (ap_clk rise@5.000ns - ap_clk rise@0.000ns)
  Data Path Delay:        4.225ns  (logic 0.158ns (3.739%)  route 4.067ns (96.261%))
  Logic Levels:           2  (BUFGCE=1 LUT3=1)
  Clock Path Skew:        -0.009ns (DCD - SCD + CPR)
    Destination Clock Delay (DCD):    0.020ns = ( 5.020 - 5.000 ) 
    Source Clock Delay      (SCD):    0.029ns
    Clock Pessimism Removal (CPR):    0.000ns
  Clock Uncertainty:      0.035ns  ((TSJ^2 + TIJ^2)^1/2 + DJ) / 2 + PE
    Total System Jitter     (TSJ):    0.071ns
    Total Input Jitter      (TIJ):    0.000ns
    Discrete Jitter          (DJ):    0.000ns
    Phase Error              (PE):    0.000ns

    Location             Delay type                Incr(ns)  Path(ns)    Netlist Resource(s)
  -------------------------------------------------------------------    -------------------
                         (clock ap_clk rise edge)     0.000     0.000 r  
                                                      0.000     0.000 r  ap_clk (IN)
                         net (fo=206997, unset)       0.029     0.029    bd_0_i/hls_inst/inst/ap_clk
    SLICE_X38Y64         FDRE                                         r  bd_0_i/hls_inst/inst/ap_done_reg_reg/C
  -------------------------------------------------------------------    -------------------
    SLICE_X38Y64         FDRE (Prop_HFF2_SLICEL_C_Q)
                                                      0.080     0.109 f  bd_0_i/hls_inst/inst/ap_done_reg_reg/Q
                         net (fo=7, routed)           0.384     0.493    bd_0_i/hls_inst/inst/control_s_axi_U/ap_done_reg
    SLICE_X38Y48         LUT3 (Prop_C6LUT_SLICEL_I2_O)
                                                      0.050     0.543 r  bd_0_i/hls_inst/inst/control_s_axi_U/trunc_ln41_21_reg_2169[57]_i_1/O
                         net (fo=1, routed)           2.119     2.662    bd_0_i/hls_inst/inst/control_s_axi_U/E[0]_bufg_place
    BUFGCE_X0Y26         BUFGCE (Prop_BUFCE_BUFGCE_I_O)
                                                      0.028     2.690 r  bd_0_i/hls_inst/inst/control_s_axi_U/trunc_ln41_21_reg_2169[57]_i_1_bufg_place/O
                         net (fo=1980, routed)        1.564     4.254    bd_0_i/hls_inst/inst/control_s_axi_U_n_3
    SLICE_X33Y58         FDRE                                         r  bd_0_i/hls_inst/inst/trunc_ln41_11_reg_2109_reg[1]/CE
  -------------------------------------------------------------------    -------------------

                         (clock ap_clk rise edge)     5.000     5.000 r  
                                                      0.000     5.000 r  ap_clk (IN)
                         net (fo=206997, unset)       0.020     5.020    bd_0_i/hls_inst/inst/ap_clk
    SLICE_X33Y58         FDRE                                         r  bd_0_i/hls_inst/inst/trunc_ln41_11_reg_2109_reg[1]/C
                         clock pessimism              0.000     5.020    
                         clock uncertainty           -0.035     4.985    
    SLICE_X33Y58         FDRE (Setup_EFF2_SLICEL_C_CE)
                                                     -0.060     4.925    bd_0_i/hls_inst/inst/trunc_ln41_11_reg_2109_reg[1]
  -------------------------------------------------------------------
                         required time                          4.925    
                         arrival time                          -4.254    
  -------------------------------------------------------------------
                         slack                                  0.670    

Slack (MET) :             0.670ns  (required time - arrival time)
  Source:                 bd_0_i/hls_inst/inst/ap_done_reg_reg/C
                            (rising edge-triggered cell FDRE clocked by ap_clk  {rise@0.000ns fall@2.500ns period=5.000ns})
  Destination:            bd_0_i/hls_inst/inst/trunc_ln41_5_reg_2067_reg[1]/CE
                            (rising edge-triggered cell FDRE clocked by ap_clk  {rise@0.000ns fall@2.500ns period=5.000ns})
  Path Group:             ap_clk
  Path Type:              Setup (Max at Slow Process Corner)
  Requirement:            5.000ns  (ap_clk rise@5.000ns - ap_clk rise@0.000ns)
  Data Path Delay:        4.225ns  (logic 0.158ns (3.739%)  route 4.067ns (96.261%))
  Logic Levels:           2  (BUFGCE=1 LUT3=1)
  Clock Path Skew:        -0.009ns (DCD - SCD + CPR)
    Destination Clock Delay (DCD):    0.020ns = ( 5.020 - 5.000 ) 
    Source Clock Delay      (SCD):    0.029ns
    Clock Pessimism Removal (CPR):    0.000ns
  Clock Uncertainty:      0.035ns  ((TSJ^2 + TIJ^2)^1/2 + DJ) / 2 + PE
    Total System Jitter     (TSJ):    0.071ns
    Total Input Jitter      (TIJ):    0.000ns
    Discrete Jitter          (DJ):    0.000ns
    Phase Error              (PE):    0.000ns

    Location             Delay type                Incr(ns)  Path(ns)    Netlist Resource(s)
  -------------------------------------------------------------------    -------------------
                         (clock ap_clk rise edge)     0.000     0.000 r  
                                                      0.000     0.000 r  ap_clk (IN)
                         net (fo=206997, unset)       0.029     0.029    bd_0_i/hls_inst/inst/ap_clk
    SLICE_X38Y64         FDRE                                         r  bd_0_i/hls_inst/inst/ap_done_reg_reg/C
  -------------------------------------------------------------------    -------------------
    SLICE_X38Y64         FDRE (Prop_HFF2_SLICEL_C_Q)
                                                      0.080     0.109 f  bd_0_i/hls_inst/inst/ap_done_reg_reg/Q
                         net (fo=7, routed)           0.384     0.493    bd_0_i/hls_inst/inst/control_s_axi_U/ap_done_reg
    SLICE_X38Y48         LUT3 (Prop_C6LUT_SLICEL_I2_O)
                                                      0.050     0.543 r  bd_0_i/hls_inst/inst/control_s_axi_U/trunc_ln41_21_reg_2169[57]_i_1/O
                         net (fo=1, routed)           2.119     2.662    bd_0_i/hls_inst/inst/control_s_axi_U/E[0]_bufg_place
    BUFGCE_X0Y26         BUFGCE (Prop_BUFCE_BUFGCE_I_O)
                                                      0.028     2.690 r  bd_0_i/hls_inst/inst/control_s_axi_U/trunc_ln41_21_reg_2169[57]_i_1_bufg_place/O
                         net (fo=1980, routed)        1.564     4.254    bd_0_i/hls_inst/inst/control_s_axi_U_n_3
    SLICE_X33Y59         FDRE                                         r  bd_0_i/hls_inst/inst/trunc_ln41_5_reg_2067_reg[1]/CE
  -------------------------------------------------------------------    -------------------

                         (clock ap_clk rise edge)     5.000     5.000 r  
                                                      0.000     5.000 r  ap_clk (IN)
                         net (fo=206997, unset)       0.020     5.020    bd_0_i/hls_inst/inst/ap_clk
    SLICE_X33Y59         FDRE                                         r  bd_0_i/hls_inst/inst/trunc_ln41_5_reg_2067_reg[1]/C
                         clock pessimism              0.000     5.020    
                         clock uncertainty           -0.035     4.985    
    SLICE_X33Y59         FDRE (Setup_EFF2_SLICEL_C_CE)
                                                     -0.060     4.925    bd_0_i/hls_inst/inst/trunc_ln41_5_reg_2067_reg[1]
  -------------------------------------------------------------------
                         required time                          4.925    
                         arrival time                          -4.254    
  -------------------------------------------------------------------
                         slack                                  0.670    





Min Delay Paths
--------------------------------------------------------------------------------------
Slack (MET) :             0.022ns  (arrival time - required time)
  Source:                 bd_0_i/hls_inst/inst/grp_gemv_kernel_Pipeline_VITIS_LOOP_41_1_VITIS_LOOP_47_221_fu_1048/or_ln41_reg_360_reg[0]/C
                            (rising edge-triggered cell FDRE clocked by ap_clk  {rise@0.000ns fall@2.500ns period=5.000ns})
  Destination:            bd_0_i/hls_inst/inst/grp_gemv_kernel_Pipeline_VITIS_LOOP_41_1_VITIS_LOOP_47_221_fu_1048/or_ln41_reg_360_pp0_iter1_reg_reg[0]_rep/D
                            (rising edge-triggered cell FDRE clocked by ap_clk  {rise@0.000ns fall@2.500ns period=5.000ns})
  Path Group:             ap_clk
  Path Type:              Hold (Min at Fast Process Corner)
  Requirement:            0.000ns  (ap_clk rise@0.000ns - ap_clk rise@0.000ns)
  Data Path Delay:        0.075ns  (logic 0.039ns (52.106%)  route 0.036ns (47.894%))
  Logic Levels:           0  
  Clock Path Skew:        0.006ns (DCD - SCD - CPR)
    Destination Clock Delay (DCD):    0.019ns
    Source Clock Delay      (SCD):    0.013ns
    Clock Pessimism Removal (CPR):    -0.000ns

    Location             Delay type                Incr(ns)  Path(ns)    Netlist Resource(s)
  -------------------------------------------------------------------    -------------------
                         (clock ap_clk rise edge)     0.000     0.000 r  
                                                      0.000     0.000 r  ap_clk (IN)
                         net (fo=206997, unset)       0.013     0.013    bd_0_i/hls_inst/inst/grp_gemv_kernel_Pipeline_VITIS_LOOP_41_1_VITIS_LOOP_47_221_fu_1048/ap_clk
    SLICE_X69Y63         FDRE                                         r  bd_0_i/hls_inst/inst/grp_gemv_kernel_Pipeline_VITIS_LOOP_41_1_VITIS_LOOP_47_221_fu_1048/or_ln41_reg_360_reg[0]/C
  -------------------------------------------------------------------    -------------------
    SLICE_X69Y63         FDRE (Prop_HFF_SLICEL_C_Q)
                                                      0.039     0.052 r  bd_0_i/hls_inst/inst/grp_gemv_kernel_Pipeline_VITIS_LOOP_41_1_VITIS_LOOP_47_221_fu_1048/or_ln41_reg_360_reg[0]/Q
                         net (fo=4, routed)           0.036     0.088    bd_0_i/hls_inst/inst/grp_gemv_kernel_Pipeline_VITIS_LOOP_41_1_VITIS_LOOP_47_221_fu_1048/or_ln41_reg_360
    SLICE_X69Y63         FDRE                                         r  bd_0_i/hls_inst/inst/grp_gemv_kernel_Pipeline_VITIS_LOOP_41_1_VITIS_LOOP_47_221_fu_1048/or_ln41_reg_360_pp0_iter1_reg_reg[0]_rep/D
  -------------------------------------------------------------------    -------------------

                         (clock ap_clk rise edge)     0.000     0.000 r  
                                                      0.000     0.000 r  ap_clk (IN)
                         net (fo=206997, unset)       0.019     0.019    bd_0_i/hls_inst/inst/grp_gemv_kernel_Pipeline_VITIS_LOOP_41_1_VITIS_LOOP_47_221_fu_1048/ap_clk
    SLICE_X69Y63         FDRE                                         r  bd_0_i/hls_inst/inst/grp_gemv_kernel_Pipeline_VITIS_LOOP_41_1_VITIS_LOOP_47_221_fu_1048/or_ln41_reg_360_pp0_iter1_reg_reg[0]_rep/C
                         clock pessimism              0.000     0.019    
    SLICE_X69Y63         FDRE (Hold_EFF2_SLICEL_C_D)
                                                      0.047     0.066    bd_0_i/hls_inst/inst/grp_gemv_kernel_Pipeline_VITIS_LOOP_41_1_VITIS_LOOP_47_221_fu_1048/or_ln41_reg_360_pp0_iter1_reg_reg[0]_rep
  -------------------------------------------------------------------
                         required time                         -0.066    
                         arrival time                           0.088    
  -------------------------------------------------------------------
                         slack                                  0.022    

Slack (MET) :             0.023ns  (arrival time - required time)
  Source:                 bd_0_i/hls_inst/inst/grp_gemv_kernel_Pipeline_VITIS_LOOP_41_1_VITIS_LOOP_47_23_fu_850/select_ln41_5_reg_370_reg[3]/C
                            (rising edge-triggered cell FDRE clocked by ap_clk  {rise@0.000ns fall@2.500ns period=5.000ns})
  Destination:            bd_0_i/hls_inst/inst/grp_gemv_kernel_Pipeline_VITIS_LOOP_41_1_VITIS_LOOP_47_23_fu_850/select_ln41_5_reg_370_pp0_iter1_reg_reg[3]/D
                            (rising edge-triggered cell FDRE clocked by ap_clk  {rise@0.000ns fall@2.500ns period=5.000ns})
  Path Group:             ap_clk
  Path Type:              Hold (Min at Fast Process Corner)
  Requirement:            0.000ns  (ap_clk rise@0.000ns - ap_clk rise@0.000ns)
  Data Path Delay:        0.076ns  (logic 0.038ns (50.000%)  route 0.038ns (50.000%))
  Logic Levels:           0  
  Clock Path Skew:        0.006ns (DCD - SCD - CPR)
    Destination Clock Delay (DCD):    0.019ns
    Source Clock Delay      (SCD):    0.013ns
    Clock Pessimism Removal (CPR):    -0.000ns

    Location             Delay type                Incr(ns)  Path(ns)    Netlist Resource(s)
  -------------------------------------------------------------------    -------------------
                         (clock ap_clk rise edge)     0.000     0.000 r  
                                                      0.000     0.000 r  ap_clk (IN)
                         net (fo=206997, unset)       0.013     0.013    bd_0_i/hls_inst/inst/grp_gemv_kernel_Pipeline_VITIS_LOOP_41_1_VITIS_LOOP_47_23_fu_850/ap_clk
    SLICE_X63Y34         FDRE                                         r  bd_0_i/hls_inst/inst/grp_gemv_kernel_Pipeline_VITIS_LOOP_41_1_VITIS_LOOP_47_23_fu_850/select_ln41_5_reg_370_reg[3]/C
  -------------------------------------------------------------------    -------------------
    SLICE_X63Y34         FDRE (Prop_CFF_SLICEM_C_Q)
                                                      0.038     0.051 r  bd_0_i/hls_inst/inst/grp_gemv_kernel_Pipeline_VITIS_LOOP_41_1_VITIS_LOOP_47_23_fu_850/select_ln41_5_reg_370_reg[3]/Q
                         net (fo=1, routed)           0.038     0.089    bd_0_i/hls_inst/inst/grp_gemv_kernel_Pipeline_VITIS_LOOP_41_1_VITIS_LOOP_47_23_fu_850/select_ln41_5_reg_370[3]
    SLICE_X63Y33         FDRE                                         r  bd_0_i/hls_inst/inst/grp_gemv_kernel_Pipeline_VITIS_LOOP_41_1_VITIS_LOOP_47_23_fu_850/select_ln41_5_reg_370_pp0_iter1_reg_reg[3]/D
  -------------------------------------------------------------------    -------------------

                         (clock ap_clk rise edge)     0.000     0.000 r  
                                                      0.000     0.000 r  ap_clk (IN)
                         net (fo=206997, unset)       0.019     0.019    bd_0_i/hls_inst/inst/grp_gemv_kernel_Pipeline_VITIS_LOOP_41_1_VITIS_LOOP_47_23_fu_850/ap_clk
    SLICE_X63Y33         FDRE                                         r  bd_0_i/hls_inst/inst/grp_gemv_kernel_Pipeline_VITIS_LOOP_41_1_VITIS_LOOP_47_23_fu_850/select_ln41_5_reg_370_pp0_iter1_reg_reg[3]/C
                         clock pessimism              0.000     0.019    
    SLICE_X63Y33         FDRE (Hold_HFF2_SLICEM_C_D)
                                                      0.047     0.066    bd_0_i/hls_inst/inst/grp_gemv_kernel_Pipeline_VITIS_LOOP_41_1_VITIS_LOOP_47_23_fu_850/select_ln41_5_reg_370_pp0_iter1_reg_reg[3]
  -------------------------------------------------------------------
                         required time                         -0.066    
                         arrival time                           0.089    
  -------------------------------------------------------------------
                         slack                                  0.023    

Slack (MET) :             0.025ns  (arrival time - required time)
  Source:                 bd_0_i/hls_inst/inst/grp_gemv_kernel_Pipeline_VITIS_LOOP_41_1_VITIS_LOOP_47_215_fu_982/or_ln41_reg_366_reg[0]/C
                            (rising edge-triggered cell FDRE clocked by ap_clk  {rise@0.000ns fall@2.500ns period=5.000ns})
  Destination:            bd_0_i/hls_inst/inst/grp_gemv_kernel_Pipeline_VITIS_LOOP_41_1_VITIS_LOOP_47_215_fu_982/or_ln41_reg_366_pp0_iter1_reg_reg[0]_rep/D
                            (rising edge-triggered cell FDRE clocked by ap_clk  {rise@0.000ns fall@2.500ns period=5.000ns})
  Path Group:             ap_clk
  Path Type:              Hold (Min at Fast Process Corner)
  Requirement:            0.000ns  (ap_clk rise@0.000ns - ap_clk rise@0.000ns)
  Data Path Delay:        0.078ns  (logic 0.039ns (50.000%)  route 0.039ns (50.000%))
  Logic Levels:           0  
  Clock Path Skew:        0.006ns (DCD - SCD - CPR)
    Destination Clock Delay (DCD):    0.019ns
    Source Clock Delay      (SCD):    0.013ns
    Clock Pessimism Removal (CPR):    -0.000ns

    Location             Delay type                Incr(ns)  Path(ns)    Netlist Resource(s)
  -------------------------------------------------------------------    -------------------
                         (clock ap_clk rise edge)     0.000     0.000 r  
                                                      0.000     0.000 r  ap_clk (IN)
                         net (fo=206997, unset)       0.013     0.013    bd_0_i/hls_inst/inst/grp_gemv_kernel_Pipeline_VITIS_LOOP_41_1_VITIS_LOOP_47_215_fu_982/ap_clk
    SLICE_X63Y53         FDRE                                         r  bd_0_i/hls_inst/inst/grp_gemv_kernel_Pipeline_VITIS_LOOP_41_1_VITIS_LOOP_47_215_fu_982/or_ln41_reg_366_reg[0]/C
  -------------------------------------------------------------------    -------------------
    SLICE_X63Y53         FDRE (Prop_HFF_SLICEM_C_Q)
                                                      0.039     0.052 r  bd_0_i/hls_inst/inst/grp_gemv_kernel_Pipeline_VITIS_LOOP_41_1_VITIS_LOOP_47_215_fu_982/or_ln41_reg_366_reg[0]/Q
                         net (fo=4, routed)           0.039     0.091    bd_0_i/hls_inst/inst/grp_gemv_kernel_Pipeline_VITIS_LOOP_41_1_VITIS_LOOP_47_215_fu_982/or_ln41_reg_366
    SLICE_X63Y53         FDRE                                         r  bd_0_i/hls_inst/inst/grp_gemv_kernel_Pipeline_VITIS_LOOP_41_1_VITIS_LOOP_47_215_fu_982/or_ln41_reg_366_pp0_iter1_reg_reg[0]_rep/D
  -------------------------------------------------------------------    -------------------

                         (clock ap_clk rise edge)     0.000     0.000 r  
                                                      0.000     0.000 r  ap_clk (IN)
                         net (fo=206997, unset)       0.019     0.019    bd_0_i/hls_inst/inst/grp_gemv_kernel_Pipeline_VITIS_LOOP_41_1_VITIS_LOOP_47_215_fu_982/ap_clk
    SLICE_X63Y53         FDRE                                         r  bd_0_i/hls_inst/inst/grp_gemv_kernel_Pipeline_VITIS_LOOP_41_1_VITIS_LOOP_47_215_fu_982/or_ln41_reg_366_pp0_iter1_reg_reg[0]_rep/C
                         clock pessimism              0.000     0.019    
    SLICE_X63Y53         FDRE (Hold_EFF2_SLICEM_C_D)
                                                      0.047     0.066    bd_0_i/hls_inst/inst/grp_gemv_kernel_Pipeline_VITIS_LOOP_41_1_VITIS_LOOP_47_215_fu_982/or_ln41_reg_366_pp0_iter1_reg_reg[0]_rep
  -------------------------------------------------------------------
                         required time                         -0.066    
                         arrival time                           0.091    
  -------------------------------------------------------------------
                         slack                                  0.025    

Slack (MET) :             0.028ns  (arrival time - required time)
  Source:                 bd_0_i/hls_inst/inst/trunc_ln_reg_2032_reg[49]/C
                            (rising edge-triggered cell FDRE clocked by ap_clk  {rise@0.000ns fall@2.500ns period=5.000ns})
  Destination:            bd_0_i/hls_inst/inst/gmem_act_m_axi_U/load_unit/fifo_rreq/U_fifo_srl/mem_reg[68][49]_srl32/D
                            (rising edge-triggered cell SRLC32E clocked by ap_clk  {rise@0.000ns fall@2.500ns period=5.000ns})
  Path Group:             ap_clk
  Path Type:              Hold (Min at Fast Process Corner)
  Requirement:            0.000ns  (ap_clk rise@0.000ns - ap_clk rise@0.000ns)
  Data Path Delay:        0.099ns  (logic 0.040ns (40.404%)  route 0.059ns (59.596%))
  Logic Levels:           0  
  Clock Path Skew:        0.026ns (DCD - SCD - CPR)
    Destination Clock Delay (DCD):    0.039ns
    Source Clock Delay      (SCD):    0.013ns
    Clock Pessimism Removal (CPR):    -0.000ns

    Location             Delay type                Incr(ns)  Path(ns)    Netlist Resource(s)
  -------------------------------------------------------------------    -------------------
                         (clock ap_clk rise edge)     0.000     0.000 r  
                                                      0.000     0.000 r  ap_clk (IN)
                         net (fo=206997, unset)       0.013     0.013    bd_0_i/hls_inst/inst/ap_clk
    SLICE_X48Y82         FDRE                                         r  bd_0_i/hls_inst/inst/trunc_ln_reg_2032_reg[49]/C
  -------------------------------------------------------------------    -------------------
    SLICE_X48Y82         FDRE (Prop_FFF2_SLICEM_C_Q)
                                                      0.040     0.053 r  bd_0_i/hls_inst/inst/trunc_ln_reg_2032_reg[49]/Q
                         net (fo=1, routed)           0.059     0.112    bd_0_i/hls_inst/inst/gmem_act_m_axi_U/load_unit/fifo_rreq/U_fifo_srl/mem_reg[68][57]_srl32__0_0[49]
    SLICE_X48Y80         SRLC32E                                      r  bd_0_i/hls_inst/inst/gmem_act_m_axi_U/load_unit/fifo_rreq/U_fifo_srl/mem_reg[68][49]_srl32/D
  -------------------------------------------------------------------    -------------------

                         (clock ap_clk rise edge)     0.000     0.000 r  
                                                      0.000     0.000 r  ap_clk (IN)
                         net (fo=206997, unset)       0.039     0.039    bd_0_i/hls_inst/inst/gmem_act_m_axi_U/load_unit/fifo_rreq/U_fifo_srl/ap_clk
    SLICE_X48Y80         SRLC32E                                      r  bd_0_i/hls_inst/inst/gmem_act_m_axi_U/load_unit/fifo_rreq/U_fifo_srl/mem_reg[68][49]_srl32/CLK
                         clock pessimism              0.000     0.039    
    SLICE_X48Y80         SRLC32E (Hold_B6LUT_SLICEM_CLK_D)
                                                      0.045     0.084    bd_0_i/hls_inst/inst/gmem_act_m_axi_U/load_unit/fifo_rreq/U_fifo_srl/mem_reg[68][49]_srl32
  -------------------------------------------------------------------
                         required time                         -0.084    
                         arrival time                           0.112    
  -------------------------------------------------------------------
                         slack                                  0.028    

Slack (MET) :             0.028ns  (arrival time - required time)
  Source:                 bd_0_i/hls_inst/inst/trunc_ln6_reg_2229_reg[30]/C
                            (rising edge-triggered cell FDRE clocked by ap_clk  {rise@0.000ns fall@2.500ns period=5.000ns})
  Destination:            bd_0_i/hls_inst/inst/gmem_out_m_axi_U/store_unit/fifo_wreq/U_fifo_srl/mem_reg[65][30]_srl32/D
                            (rising edge-triggered cell SRLC32E clocked by ap_clk  {rise@0.000ns fall@2.500ns period=5.000ns})
  Path Group:             ap_clk
  Path Type:              Hold (Min at Fast Process Corner)
  Requirement:            0.000ns  (ap_clk rise@0.000ns - ap_clk rise@0.000ns)
  Data Path Delay:        0.099ns  (logic 0.040ns (40.404%)  route 0.059ns (59.596%))
  Logic Levels:           0  
  Clock Path Skew:        0.026ns (DCD - SCD - CPR)
    Destination Clock Delay (DCD):    0.039ns
    Source Clock Delay      (SCD):    0.013ns
    Clock Pessimism Removal (CPR):    -0.000ns

    Location             Delay type                Incr(ns)  Path(ns)    Netlist Resource(s)
  -------------------------------------------------------------------    -------------------
                         (clock ap_clk rise edge)     0.000     0.000 r  
                                                      0.000     0.000 r  ap_clk (IN)
                         net (fo=206997, unset)       0.013     0.013    bd_0_i/hls_inst/inst/ap_clk
    SLICE_X37Y66         FDRE                                         r  bd_0_i/hls_inst/inst/trunc_ln6_reg_2229_reg[30]/C
  -------------------------------------------------------------------    -------------------
    SLICE_X37Y66         FDRE (Prop_FFF2_SLICEM_C_Q)
                                                      0.040     0.053 r  bd_0_i/hls_inst/inst/trunc_ln6_reg_2229_reg[30]/Q
                         net (fo=1, routed)           0.059     0.112    bd_0_i/hls_inst/inst/gmem_out_m_axi_U/store_unit/fifo_wreq/U_fifo_srl/mem_reg[65][57]_srl32__0_0[30]
    SLICE_X37Y64         SRLC32E                                      r  bd_0_i/hls_inst/inst/gmem_out_m_axi_U/store_unit/fifo_wreq/U_fifo_srl/mem_reg[65][30]_srl32/D
  -------------------------------------------------------------------    -------------------

                         (clock ap_clk rise edge)     0.000     0.000 r  
                                                      0.000     0.000 r  ap_clk (IN)
                         net (fo=206997, unset)       0.039     0.039    bd_0_i/hls_inst/inst/gmem_out_m_axi_U/store_unit/fifo_wreq/U_fifo_srl/ap_clk
    SLICE_X37Y64         SRLC32E                                      r  bd_0_i/hls_inst/inst/gmem_out_m_axi_U/store_unit/fifo_wreq/U_fifo_srl/mem_reg[65][30]_srl32/CLK
                         clock pessimism              0.000     0.039    
    SLICE_X37Y64         SRLC32E (Hold_B6LUT_SLICEM_CLK_D)
                                                      0.045     0.084    bd_0_i/hls_inst/inst/gmem_out_m_axi_U/store_unit/fifo_wreq/U_fifo_srl/mem_reg[65][30]_srl32
  -------------------------------------------------------------------
                         required time                         -0.084    
                         arrival time                           0.112    
  -------------------------------------------------------------------
                         slack                                  0.028    

Slack (MET) :             0.028ns  (arrival time - required time)
  Source:                 bd_0_i/hls_inst/inst/trunc_ln6_reg_2229_reg[4]/C
                            (rising edge-triggered cell FDRE clocked by ap_clk  {rise@0.000ns fall@2.500ns period=5.000ns})
  Destination:            bd_0_i/hls_inst/inst/gmem_out_m_axi_U/store_unit/fifo_wreq/U_fifo_srl/mem_reg[65][4]_srl32/D
                            (rising edge-triggered cell SRLC32E clocked by ap_clk  {rise@0.000ns fall@2.500ns period=5.000ns})
  Path Group:             ap_clk
  Path Type:              Hold (Min at Fast Process Corner)
  Requirement:            0.000ns  (ap_clk rise@0.000ns - ap_clk rise@0.000ns)
  Data Path Delay:        0.099ns  (logic 0.040ns (40.404%)  route 0.059ns (59.596%))
  Logic Levels:           0  
  Clock Path Skew:        0.026ns (DCD - SCD - CPR)
    Destination Clock Delay (DCD):    0.039ns
    Source Clock Delay      (SCD):    0.013ns
    Clock Pessimism Removal (CPR):    -0.000ns

    Location             Delay type                Incr(ns)  Path(ns)    Netlist Resource(s)
  -------------------------------------------------------------------    -------------------
                         (clock ap_clk rise edge)     0.000     0.000 r  
                                                      0.000     0.000 r  ap_clk (IN)
                         net (fo=206997, unset)       0.013     0.013    bd_0_i/hls_inst/inst/ap_clk
    SLICE_X46Y55         FDRE                                         r  bd_0_i/hls_inst/inst/trunc_ln6_reg_2229_reg[4]/C
  -------------------------------------------------------------------    -------------------
    SLICE_X46Y55         FDRE (Prop_FFF2_SLICEM_C_Q)
                                                      0.040     0.053 r  bd_0_i/hls_inst/inst/trunc_ln6_reg_2229_reg[4]/Q
                         net (fo=1, routed)           0.059     0.112    bd_0_i/hls_inst/inst/gmem_out_m_axi_U/store_unit/fifo_wreq/U_fifo_srl/mem_reg[65][57]_srl32__0_0[4]
    SLICE_X46Y53         SRLC32E                                      r  bd_0_i/hls_inst/inst/gmem_out_m_axi_U/store_unit/fifo_wreq/U_fifo_srl/mem_reg[65][4]_srl32/D
  -------------------------------------------------------------------    -------------------

                         (clock ap_clk rise edge)     0.000     0.000 r  
                                                      0.000     0.000 r  ap_clk (IN)
                         net (fo=206997, unset)       0.039     0.039    bd_0_i/hls_inst/inst/gmem_out_m_axi_U/store_unit/fifo_wreq/U_fifo_srl/ap_clk
    SLICE_X46Y53         SRLC32E                                      r  bd_0_i/hls_inst/inst/gmem_out_m_axi_U/store_unit/fifo_wreq/U_fifo_srl/mem_reg[65][4]_srl32/CLK
                         clock pessimism              0.000     0.039    
    SLICE_X46Y53         SRLC32E (Hold_B6LUT_SLICEM_CLK_D)
                                                      0.045     0.084    bd_0_i/hls_inst/inst/gmem_out_m_axi_U/store_unit/fifo_wreq/U_fifo_srl/mem_reg[65][4]_srl32
  -------------------------------------------------------------------
                         required time                         -0.084    
                         arrival time                           0.112    
  -------------------------------------------------------------------
                         slack                                  0.028    

Slack (MET) :             0.028ns  (arrival time - required time)
  Source:                 bd_0_i/hls_inst/inst/gmem_act_m_axi_U/load_unit/fifo_rreq/U_fifo_srl/dout_reg[30]/C
                            (rising edge-triggered cell FDRE clocked by ap_clk  {rise@0.000ns fall@2.500ns period=5.000ns})
  Destination:            bd_0_i/hls_inst/inst/gmem_act_m_axi_U/load_unit/tmp_addr_reg[36]/D
                            (rising edge-triggered cell FDRE clocked by ap_clk  {rise@0.000ns fall@2.500ns period=5.000ns})
  Path Group:             ap_clk
  Path Type:              Hold (Min at Fast Process Corner)
  Requirement:            0.000ns  (ap_clk rise@0.000ns - ap_clk rise@0.000ns)
  Data Path Delay:        0.081ns  (logic 0.039ns (48.148%)  route 0.042ns (51.852%))
  Logic Levels:           0  
  Clock Path Skew:        0.006ns (DCD - SCD - CPR)
    Destination Clock Delay (DCD):    0.019ns
    Source Clock Delay      (SCD):    0.013ns
    Clock Pessimism Removal (CPR):    -0.000ns

    Location             Delay type                Incr(ns)  Path(ns)    Netlist Resource(s)
  -------------------------------------------------------------------    -------------------
                         (clock ap_clk rise edge)     0.000     0.000 r  
                                                      0.000     0.000 r  ap_clk (IN)
                         net (fo=206997, unset)       0.013     0.013    bd_0_i/hls_inst/inst/gmem_act_m_axi_U/load_unit/fifo_rreq/U_fifo_srl/ap_clk
    SLICE_X39Y73         FDRE                                         r  bd_0_i/hls_inst/inst/gmem_act_m_axi_U/load_unit/fifo_rreq/U_fifo_srl/dout_reg[30]/C
  -------------------------------------------------------------------    -------------------
    SLICE_X39Y73         FDRE (Prop_DFF_SLICEM_C_Q)
                                                      0.039     0.052 r  bd_0_i/hls_inst/inst/gmem_act_m_axi_U/load_unit/fifo_rreq/U_fifo_srl/dout_reg[30]/Q
                         net (fo=1, routed)           0.042     0.094    bd_0_i/hls_inst/inst/gmem_act_m_axi_U/load_unit/fifo_rreq_n_34
    SLICE_X39Y73         FDRE                                         r  bd_0_i/hls_inst/inst/gmem_act_m_axi_U/load_unit/tmp_addr_reg[36]/D
  -------------------------------------------------------------------    -------------------

                         (clock ap_clk rise edge)     0.000     0.000 r  
                                                      0.000     0.000 r  ap_clk (IN)
                         net (fo=206997, unset)       0.019     0.019    bd_0_i/hls_inst/inst/gmem_act_m_axi_U/load_unit/ap_clk
    SLICE_X39Y73         FDRE                                         r  bd_0_i/hls_inst/inst/gmem_act_m_axi_U/load_unit/tmp_addr_reg[36]/C
                         clock pessimism              0.000     0.019    
    SLICE_X39Y73         FDRE (Hold_CFF2_SLICEM_C_D)
                                                      0.047     0.066    bd_0_i/hls_inst/inst/gmem_act_m_axi_U/load_unit/tmp_addr_reg[36]
  -------------------------------------------------------------------
                         required time                         -0.066    
                         arrival time                           0.094    
  -------------------------------------------------------------------
                         slack                                  0.028    

Slack (MET) :             0.028ns  (arrival time - required time)
  Source:                 bd_0_i/hls_inst/inst/gmem_m_axi_U/load_unit/fifo_rreq/U_fifo_srl/dout_reg[11]/C
                            (rising edge-triggered cell FDRE clocked by ap_clk  {rise@0.000ns fall@2.500ns period=5.000ns})
  Destination:            bd_0_i/hls_inst/inst/gmem_m_axi_U/load_unit/tmp_addr_reg[17]/D
                            (rising edge-triggered cell FDRE clocked by ap_clk  {rise@0.000ns fall@2.500ns period=5.000ns})
  Path Group:             ap_clk
  Path Type:              Hold (Min at Fast Process Corner)
  Requirement:            0.000ns  (ap_clk rise@0.000ns - ap_clk rise@0.000ns)
  Data Path Delay:        0.081ns  (logic 0.039ns (48.148%)  route 0.042ns (51.852%))
  Logic Levels:           0  
  Clock Path Skew:        0.006ns (DCD - SCD - CPR)
    Destination Clock Delay (DCD):    0.019ns
    Source Clock Delay      (SCD):    0.013ns
    Clock Pessimism Removal (CPR):    -0.000ns

    Location             Delay type                Incr(ns)  Path(ns)    Netlist Resource(s)
  -------------------------------------------------------------------    -------------------
                         (clock ap_clk rise edge)     0.000     0.000 r  
                                                      0.000     0.000 r  ap_clk (IN)
                         net (fo=206997, unset)       0.013     0.013    bd_0_i/hls_inst/inst/gmem_m_axi_U/load_unit/fifo_rreq/U_fifo_srl/ap_clk
    SLICE_X57Y78         FDRE                                         r  bd_0_i/hls_inst/inst/gmem_m_axi_U/load_unit/fifo_rreq/U_fifo_srl/dout_reg[11]/C
  -------------------------------------------------------------------    -------------------
    SLICE_X57Y78         FDRE (Prop_DFF_SLICEM_C_Q)
                                                      0.039     0.052 r  bd_0_i/hls_inst/inst/gmem_m_axi_U/load_unit/fifo_rreq/U_fifo_srl/dout_reg[11]/Q
                         net (fo=1, routed)           0.042     0.094    bd_0_i/hls_inst/inst/gmem_m_axi_U/load_unit/fifo_rreq_n_117
    SLICE_X57Y78         FDRE                                         r  bd_0_i/hls_inst/inst/gmem_m_axi_U/load_unit/tmp_addr_reg[17]/D
  -------------------------------------------------------------------    -------------------

                         (clock ap_clk rise edge)     0.000     0.000 r  
                                                      0.000     0.000 r  ap_clk (IN)
                         net (fo=206997, unset)       0.019     0.019    bd_0_i/hls_inst/inst/gmem_m_axi_U/load_unit/ap_clk
    SLICE_X57Y78         FDRE                                         r  bd_0_i/hls_inst/inst/gmem_m_axi_U/load_unit/tmp_addr_reg[17]/C
                         clock pessimism              0.000     0.019    
    SLICE_X57Y78         FDRE (Hold_CFF2_SLICEM_C_D)
                                                      0.047     0.066    bd_0_i/hls_inst/inst/gmem_m_axi_U/load_unit/tmp_addr_reg[17]
  -------------------------------------------------------------------
                         required time                         -0.066    
                         arrival time                           0.094    
  -------------------------------------------------------------------
                         slack                                  0.028    

Slack (MET) :             0.028ns  (arrival time - required time)
  Source:                 bd_0_i/hls_inst/inst/gmem_out_m_axi_U/store_unit/fifo_wreq/U_fifo_srl/dout_reg[19]/C
                            (rising edge-triggered cell FDRE clocked by ap_clk  {rise@0.000ns fall@2.500ns period=5.000ns})
  Destination:            bd_0_i/hls_inst/inst/gmem_out_m_axi_U/store_unit/tmp_addr_reg[25]/D
                            (rising edge-triggered cell FDRE clocked by ap_clk  {rise@0.000ns fall@2.500ns period=5.000ns})
  Path Group:             ap_clk
  Path Type:              Hold (Min at Fast Process Corner)
  Requirement:            0.000ns  (ap_clk rise@0.000ns - ap_clk rise@0.000ns)
  Data Path Delay:        0.081ns  (logic 0.039ns (48.148%)  route 0.042ns (51.852%))
  Logic Levels:           0  
  Clock Path Skew:        0.006ns (DCD - SCD - CPR)
    Destination Clock Delay (DCD):    0.019ns
    Source Clock Delay      (SCD):    0.013ns
    Clock Pessimism Removal (CPR):    -0.000ns

    Location             Delay type                Incr(ns)  Path(ns)    Netlist Resource(s)
  -------------------------------------------------------------------    -------------------
                         (clock ap_clk rise edge)     0.000     0.000 r  
                                                      0.000     0.000 r  ap_clk (IN)
                         net (fo=206997, unset)       0.013     0.013    bd_0_i/hls_inst/inst/gmem_out_m_axi_U/store_unit/fifo_wreq/U_fifo_srl/ap_clk
    SLICE_X46Y58         FDRE                                         r  bd_0_i/hls_inst/inst/gmem_out_m_axi_U/store_unit/fifo_wreq/U_fifo_srl/dout_reg[19]/C
  -------------------------------------------------------------------    -------------------
    SLICE_X46Y58         FDRE (Prop_DFF_SLICEM_C_Q)
                                                      0.039     0.052 r  bd_0_i/hls_inst/inst/gmem_out_m_axi_U/store_unit/fifo_wreq/U_fifo_srl/dout_reg[19]/Q
                         net (fo=1, routed)           0.042     0.094    bd_0_i/hls_inst/inst/gmem_out_m_axi_U/store_unit/fifo_wreq_n_42
    SLICE_X46Y58         FDRE                                         r  bd_0_i/hls_inst/inst/gmem_out_m_axi_U/store_unit/tmp_addr_reg[25]/D
  -------------------------------------------------------------------    -------------------

                         (clock ap_clk rise edge)     0.000     0.000 r  
                                                      0.000     0.000 r  ap_clk (IN)
                         net (fo=206997, unset)       0.019     0.019    bd_0_i/hls_inst/inst/gmem_out_m_axi_U/store_unit/ap_clk
    SLICE_X46Y58         FDRE                                         r  bd_0_i/hls_inst/inst/gmem_out_m_axi_U/store_unit/tmp_addr_reg[25]/C
                         clock pessimism              0.000     0.019    
    SLICE_X46Y58         FDRE (Hold_CFF2_SLICEM_C_D)
                                                      0.047     0.066    bd_0_i/hls_inst/inst/gmem_out_m_axi_U/store_unit/tmp_addr_reg[25]
  -------------------------------------------------------------------
                         required time                         -0.066    
                         arrival time                           0.094    
  -------------------------------------------------------------------
                         slack                                  0.028    

Slack (MET) :             0.028ns  (arrival time - required time)
  Source:                 bd_0_i/hls_inst/inst/gmem_out_m_axi_U/store_unit/fifo_wreq/U_fifo_srl/dout_reg[31]/C
                            (rising edge-triggered cell FDRE clocked by ap_clk  {rise@0.000ns fall@2.500ns period=5.000ns})
  Destination:            bd_0_i/hls_inst/inst/gmem_out_m_axi_U/store_unit/tmp_addr_reg[37]/D
                            (rising edge-triggered cell FDRE clocked by ap_clk  {rise@0.000ns fall@2.500ns period=5.000ns})
  Path Group:             ap_clk
  Path Type:              Hold (Min at Fast Process Corner)
  Requirement:            0.000ns  (ap_clk rise@0.000ns - ap_clk rise@0.000ns)
  Data Path Delay:        0.081ns  (logic 0.039ns (48.148%)  route 0.042ns (51.852%))
  Logic Levels:           0  
  Clock Path Skew:        0.006ns (DCD - SCD - CPR)
    Destination Clock Delay (DCD):    0.019ns
    Source Clock Delay      (SCD):    0.013ns
    Clock Pessimism Removal (CPR):    -0.000ns

    Location             Delay type                Incr(ns)  Path(ns)    Netlist Resource(s)
  -------------------------------------------------------------------    -------------------
                         (clock ap_clk rise edge)     0.000     0.000 r  
                                                      0.000     0.000 r  ap_clk (IN)
                         net (fo=206997, unset)       0.013     0.013    bd_0_i/hls_inst/inst/gmem_out_m_axi_U/store_unit/fifo_wreq/U_fifo_srl/ap_clk
    SLICE_X37Y66         FDRE                                         r  bd_0_i/hls_inst/inst/gmem_out_m_axi_U/store_unit/fifo_wreq/U_fifo_srl/dout_reg[31]/C
  -------------------------------------------------------------------    -------------------
    SLICE_X37Y66         FDRE (Prop_DFF_SLICEM_C_Q)
                                                      0.039     0.052 r  bd_0_i/hls_inst/inst/gmem_out_m_axi_U/store_unit/fifo_wreq/U_fifo_srl/dout_reg[31]/Q
                         net (fo=1, routed)           0.042     0.094    bd_0_i/hls_inst/inst/gmem_out_m_axi_U/store_unit/fifo_wreq_n_30
    SLICE_X37Y66         FDRE                                         r  bd_0_i/hls_inst/inst/gmem_out_m_axi_U/store_unit/tmp_addr_reg[37]/D
  -------------------------------------------------------------------    -------------------

                         (clock ap_clk rise edge)     0.000     0.000 r  
                                                      0.000     0.000 r  ap_clk (IN)
                         net (fo=206997, unset)       0.019     0.019    bd_0_i/hls_inst/inst/gmem_out_m_axi_U/store_unit/ap_clk
    SLICE_X37Y66         FDRE                                         r  bd_0_i/hls_inst/inst/gmem_out_m_axi_U/store_unit/tmp_addr_reg[37]/C
                         clock pessimism              0.000     0.019    
    SLICE_X37Y66         FDRE (Hold_CFF2_SLICEM_C_D)
                                                      0.047     0.066    bd_0_i/hls_inst/inst/gmem_out_m_axi_U/store_unit/tmp_addr_reg[37]
  -------------------------------------------------------------------
                         required time                         -0.066    
                         arrival time                           0.094    
  -------------------------------------------------------------------
                         slack                                  0.028    





Pulse Width Checks
--------------------------------------------------------------------------------------
Clock Name:         ap_clk
Waveform(ns):       { 0.000 2.500 }
Period(ns):         5.000
Sources:            { ap_clk }

Check Type        Corner  Lib Pin             Reference Pin  Required(ns)  Actual(ns)  Slack(ns)  Location     Pin
Min Period        n/a     RAMB36E2/CLKARDCLK  n/a            1.569         5.000       3.431      RAMB36_X2Y6  bd_0_i/hls_inst/inst/gmem_act_m_axi_U/load_unit/buff_rdata/U_fifo_mem/mem_reg_0/CLKARDCLK
Min Period        n/a     RAMB36E2/CLKBWRCLK  n/a            1.569         5.000       3.431      RAMB36_X2Y6  bd_0_i/hls_inst/inst/gmem_act_m_axi_U/load_unit/buff_rdata/U_fifo_mem/mem_reg_0/CLKBWRCLK
Min Period        n/a     RAMB36E2/CLKARDCLK  n/a            1.569         5.000       3.431      RAMB36_X2Y4  bd_0_i/hls_inst/inst/gmem_act_m_axi_U/load_unit/buff_rdata/U_fifo_mem/mem_reg_1/CLKARDCLK
Min Period        n/a     RAMB36E2/CLKBWRCLK  n/a            1.569         5.000       3.431      RAMB36_X2Y4  bd_0_i/hls_inst/inst/gmem_act_m_axi_U/load_unit/buff_rdata/U_fifo_mem/mem_reg_1/CLKBWRCLK
Min Period        n/a     RAMB36E2/CLKARDCLK  n/a            1.569         5.000       3.431      RAMB36_X1Y4  bd_0_i/hls_inst/inst/gmem_act_m_axi_U/load_unit/buff_rdata/U_fifo_mem/mem_reg_2/CLKARDCLK
Min Period        n/a     RAMB36E2/CLKBWRCLK  n/a            1.569         5.000       3.431      RAMB36_X1Y4  bd_0_i/hls_inst/inst/gmem_act_m_axi_U/load_unit/buff_rdata/U_fifo_mem/mem_reg_2/CLKBWRCLK
Min Period        n/a     RAMB36E2/CLKARDCLK  n/a            1.569         5.000       3.431      RAMB36_X1Y6  bd_0_i/hls_inst/inst/gmem_act_m_axi_U/load_unit/buff_rdata/U_fifo_mem/mem_reg_3/CLKARDCLK
Min Period        n/a     RAMB36E2/CLKBWRCLK  n/a            1.569         5.000       3.431      RAMB36_X1Y6  bd_0_i/hls_inst/inst/gmem_act_m_axi_U/load_unit/buff_rdata/U_fifo_mem/mem_reg_3/CLKBWRCLK
Min Period        n/a     RAMB36E2/CLKARDCLK  n/a            1.569         5.000       3.431      RAMB36_X0Y6  bd_0_i/hls_inst/inst/gmem_act_m_axi_U/load_unit/buff_rdata/U_fifo_mem/mem_reg_4/CLKARDCLK
Min Period        n/a     RAMB36E2/CLKBWRCLK  n/a            1.569         5.000       3.431      RAMB36_X0Y6  bd_0_i/hls_inst/inst/gmem_act_m_axi_U/load_unit/buff_rdata/U_fifo_mem/mem_reg_4/CLKBWRCLK
Low Pulse Width   Slow    RAMB36E2/CLKARDCLK  n/a            0.542         2.500       1.958      RAMB36_X2Y6  bd_0_i/hls_inst/inst/gmem_act_m_axi_U/load_unit/buff_rdata/U_fifo_mem/mem_reg_0/CLKARDCLK
Low Pulse Width   Fast    RAMB36E2/CLKARDCLK  n/a            0.542         2.500       1.958      RAMB36_X2Y6  bd_0_i/hls_inst/inst/gmem_act_m_axi_U/load_unit/buff_rdata/U_fifo_mem/mem_reg_0/CLKARDCLK
Low Pulse Width   Slow    RAMB36E2/CLKBWRCLK  n/a            0.542         2.500       1.958      RAMB36_X2Y6  bd_0_i/hls_inst/inst/gmem_act_m_axi_U/load_unit/buff_rdata/U_fifo_mem/mem_reg_0/CLKBWRCLK
Low Pulse Width   Fast    RAMB36E2/CLKBWRCLK  n/a            0.542         2.500       1.958      RAMB36_X2Y6  bd_0_i/hls_inst/inst/gmem_act_m_axi_U/load_unit/buff_rdata/U_fifo_mem/mem_reg_0/CLKBWRCLK
Low Pulse Width   Slow    RAMB36E2/CLKARDCLK  n/a            0.542         2.500       1.958      RAMB36_X2Y4  bd_0_i/hls_inst/inst/gmem_act_m_axi_U/load_unit/buff_rdata/U_fifo_mem/mem_reg_1/CLKARDCLK
Low Pulse Width   Fast    RAMB36E2/CLKARDCLK  n/a            0.542         2.500       1.958      RAMB36_X2Y4  bd_0_i/hls_inst/inst/gmem_act_m_axi_U/load_unit/buff_rdata/U_fifo_mem/mem_reg_1/CLKARDCLK
Low Pulse Width   Slow    RAMB36E2/CLKBWRCLK  n/a            0.542         2.500       1.958      RAMB36_X2Y4  bd_0_i/hls_inst/inst/gmem_act_m_axi_U/load_unit/buff_rdata/U_fifo_mem/mem_reg_1/CLKBWRCLK
Low Pulse Width   Fast    RAMB36E2/CLKBWRCLK  n/a            0.542         2.500       1.958      RAMB36_X2Y4  bd_0_i/hls_inst/inst/gmem_act_m_axi_U/load_unit/buff_rdata/U_fifo_mem/mem_reg_1/CLKBWRCLK
Low Pulse Width   Slow    RAMB36E2/CLKARDCLK  n/a            0.542         2.500       1.958      RAMB36_X1Y4  bd_0_i/hls_inst/inst/gmem_act_m_axi_U/load_unit/buff_rdata/U_fifo_mem/mem_reg_2/CLKARDCLK
Low Pulse Width   Fast    RAMB36E2/CLKARDCLK  n/a            0.542         2.500       1.958      RAMB36_X1Y4  bd_0_i/hls_inst/inst/gmem_act_m_axi_U/load_unit/buff_rdata/U_fifo_mem/mem_reg_2/CLKARDCLK
High Pulse Width  Slow    RAMB36E2/CLKARDCLK  n/a            0.542         2.500       1.958      RAMB36_X2Y6  bd_0_i/hls_inst/inst/gmem_act_m_axi_U/load_unit/buff_rdata/U_fifo_mem/mem_reg_0/CLKARDCLK
High Pulse Width  Fast    RAMB36E2/CLKARDCLK  n/a            0.542         2.500       1.958      RAMB36_X2Y6  bd_0_i/hls_inst/inst/gmem_act_m_axi_U/load_unit/buff_rdata/U_fifo_mem/mem_reg_0/CLKARDCLK
High Pulse Width  Slow    RAMB36E2/CLKBWRCLK  n/a            0.542         2.500       1.958      RAMB36_X2Y6  bd_0_i/hls_inst/inst/gmem_act_m_axi_U/load_unit/buff_rdata/U_fifo_mem/mem_reg_0/CLKBWRCLK
High Pulse Width  Fast    RAMB36E2/CLKBWRCLK  n/a            0.542         2.500       1.958      RAMB36_X2Y6  bd_0_i/hls_inst/inst/gmem_act_m_axi_U/load_unit/buff_rdata/U_fifo_mem/mem_reg_0/CLKBWRCLK
High Pulse Width  Slow    RAMB36E2/CLKARDCLK  n/a            0.542         2.500       1.958      RAMB36_X2Y4  bd_0_i/hls_inst/inst/gmem_act_m_axi_U/load_unit/buff_rdata/U_fifo_mem/mem_reg_1/CLKARDCLK
High Pulse Width  Fast    RAMB36E2/CLKARDCLK  n/a            0.542         2.500       1.958      RAMB36_X2Y4  bd_0_i/hls_inst/inst/gmem_act_m_axi_U/load_unit/buff_rdata/U_fifo_mem/mem_reg_1/CLKARDCLK
High Pulse Width  Slow    RAMB36E2/CLKBWRCLK  n/a            0.542         2.500       1.958      RAMB36_X2Y4  bd_0_i/hls_inst/inst/gmem_act_m_axi_U/load_unit/buff_rdata/U_fifo_mem/mem_reg_1/CLKBWRCLK
High Pulse Width  Fast    RAMB36E2/CLKBWRCLK  n/a            0.542         2.500       1.958      RAMB36_X2Y4  bd_0_i/hls_inst/inst/gmem_act_m_axi_U/load_unit/buff_rdata/U_fifo_mem/mem_reg_1/CLKBWRCLK
High Pulse Width  Slow    RAMB36E2/CLKARDCLK  n/a            0.542         2.500       1.958      RAMB36_X1Y4  bd_0_i/hls_inst/inst/gmem_act_m_axi_U/load_unit/buff_rdata/U_fifo_mem/mem_reg_2/CLKARDCLK
High Pulse Width  Fast    RAMB36E2/CLKARDCLK  n/a            0.542         2.500       1.958      RAMB36_X1Y4  bd_0_i/hls_inst/inst/gmem_act_m_axi_U/load_unit/buff_rdata/U_fifo_mem/mem_reg_2/CLKARDCLK



--------------------------------------------------------------------------------------
Path Group:  (none)
From Clock:  ap_clk
  To Clock:  

Max Delay           811 Endpoints
Min Delay           811 Endpoints
--------------------------------------------------------------------------------------


Max Delay Paths
--------------------------------------------------------------------------------------
Slack:                    inf
  Source:                 bd_0_i/hls_inst/inst/gmem_out_m_axi_U/bus_write/wreq_throttle/last_cnt_reg[4]/C
                            (rising edge-triggered cell FDRE clocked by ap_clk  {rise@0.000ns fall@2.500ns period=5.000ns})
  Destination:            m_axi_gmem_out_wvalid
                            (output port)
  Path Group:             (none)
  Path Type:              Max at Slow Process Corner
  Data Path Delay:        0.852ns  (logic 0.385ns (45.171%)  route 0.467ns (54.829%))
  Logic Levels:           2  (LUT3=1 LUT5=1)
  Clock Uncertainty:      0.025ns  ((TSJ^2 + TIJ^2)^1/2 + DJ) / 2 + PE
    Total System Jitter     (TSJ):    0.050ns
    Total Input Jitter      (TIJ):    0.000ns
    Discrete Jitter          (DJ):    0.000ns
    Phase Error              (PE):    0.000ns

    Location             Delay type                Incr(ns)  Path(ns)    Netlist Resource(s)
  -------------------------------------------------------------------    -------------------
                         (clock ap_clk rise edge)     0.000     0.000 r  
                                                      0.000     0.000 r  ap_clk (IN)
                         net (fo=206997, unset)       0.029     0.029    bd_0_i/hls_inst/inst/gmem_out_m_axi_U/bus_write/wreq_throttle/ap_clk
    SLICE_X40Y47         FDRE                                         r  bd_0_i/hls_inst/inst/gmem_out_m_axi_U/bus_write/wreq_throttle/last_cnt_reg[4]/C
  -------------------------------------------------------------------    -------------------
    SLICE_X40Y47         FDRE (Prop_HFF2_SLICEL_C_Q)
                                                      0.080     0.109 r  bd_0_i/hls_inst/inst/gmem_out_m_axi_U/bus_write/wreq_throttle/last_cnt_reg[4]/Q
                         net (fo=3, routed)           0.211     0.320    bd_0_i/hls_inst/inst/gmem_out_m_axi_U/bus_write/wreq_throttle/data_fifo/U_fifo_srl/last_cnt_reg[4][4]
    SLICE_X40Y47         LUT5 (Prop_B6LUT_SLICEL_I4_O)
                                                      0.148     0.468 r  bd_0_i/hls_inst/inst/gmem_out_m_axi_U/bus_write/wreq_throttle/data_fifo/U_fifo_srl/m_axi_gmem_out_WVALID_INST_0_i_1/O
                         net (fo=5, routed)           0.235     0.703    bd_0_i/hls_inst/inst/gmem_out_m_axi_U/bus_write/wreq_throttle/data_fifo/data_en__3
    SLICE_X43Y46         LUT3 (Prop_D5LUT_SLICEL_I2_O)
                                                      0.157     0.860 r  bd_0_i/hls_inst/inst/gmem_out_m_axi_U/bus_write/wreq_throttle/data_fifo/m_axi_gmem_out_WVALID_INST_0/O
                         net (fo=0)                   0.021     0.881    m_axi_gmem_out_wvalid
                                                                      r  m_axi_gmem_out_wvalid (OUT)
  -------------------------------------------------------------------    -------------------

Slack:                    inf
  Source:                 bd_0_i/hls_inst/inst/gmem_m_axi_U/bus_read/rreq_burst_conv/could_multi_bursts.len_buf_reg[3]/C
                            (rising edge-triggered cell FDRE clocked by ap_clk  {rise@0.000ns fall@2.500ns period=5.000ns})
  Destination:            m_axi_gmem_arlen[3]
                            (output port)
  Path Group:             (none)
  Path Type:              Max at Slow Process Corner
  Data Path Delay:        0.080ns  (logic 0.080ns (100.000%)  route 0.000ns (0.000%))
  Logic Levels:           0  
  Clock Uncertainty:      0.025ns  ((TSJ^2 + TIJ^2)^1/2 + DJ) / 2 + PE
    Total System Jitter     (TSJ):    0.050ns
    Total Input Jitter      (TIJ):    0.000ns
    Discrete Jitter          (DJ):    0.000ns
    Phase Error              (PE):    0.000ns

    Location             Delay type                Incr(ns)  Path(ns)    Netlist Resource(s)
  -------------------------------------------------------------------    -------------------
                         (clock ap_clk rise edge)     0.000     0.000 r  
                                                      0.000     0.000 r  ap_clk (IN)
                         net (fo=206997, unset)       0.030     0.030    bd_0_i/hls_inst/inst/gmem_m_axi_U/bus_read/rreq_burst_conv/ap_clk
    SLICE_X61Y74         FDRE                                         r  bd_0_i/hls_inst/inst/gmem_m_axi_U/bus_read/rreq_burst_conv/could_multi_bursts.len_buf_reg[3]/C
  -------------------------------------------------------------------    -------------------
    SLICE_X61Y74         FDRE (Prop_BFF2_SLICEM_C_Q)
                                                      0.080     0.110 r  bd_0_i/hls_inst/inst/gmem_m_axi_U/bus_read/rreq_burst_conv/could_multi_bursts.len_buf_reg[3]/Q
                         net (fo=0)                   0.000     0.110    m_axi_gmem_arlen[3]
                                                                      r  m_axi_gmem_arlen[3] (OUT)
  -------------------------------------------------------------------    -------------------

Slack:                    inf
  Source:                 bd_0_i/hls_inst/inst/gmem_m_axi_U/bus_read/rreq_burst_conv/could_multi_bursts.burst_valid_reg/C
                            (rising edge-triggered cell FDRE clocked by ap_clk  {rise@0.000ns fall@2.500ns period=5.000ns})
  Destination:            m_axi_gmem_arvalid
                            (output port)
  Path Group:             (none)
  Path Type:              Max at Slow Process Corner
  Data Path Delay:        0.080ns  (logic 0.080ns (100.000%)  route 0.000ns (0.000%))
  Logic Levels:           0  
  Clock Uncertainty:      0.025ns  ((TSJ^2 + TIJ^2)^1/2 + DJ) / 2 + PE
    Total System Jitter     (TSJ):    0.050ns
    Total Input Jitter      (TIJ):    0.000ns
    Discrete Jitter          (DJ):    0.000ns
    Phase Error              (PE):    0.000ns

    Location             Delay type                Incr(ns)  Path(ns)    Netlist Resource(s)
  -------------------------------------------------------------------    -------------------
                         (clock ap_clk rise edge)     0.000     0.000 r  
                                                      0.000     0.000 r  ap_clk (IN)
                         net (fo=206997, unset)       0.030     0.030    bd_0_i/hls_inst/inst/gmem_m_axi_U/bus_read/rreq_burst_conv/ap_clk
    SLICE_X61Y67         FDRE                                         r  bd_0_i/hls_inst/inst/gmem_m_axi_U/bus_read/rreq_burst_conv/could_multi_bursts.burst_valid_reg/C
  -------------------------------------------------------------------    -------------------
    SLICE_X61Y67         FDRE (Prop_DFF2_SLICEM_C_Q)
                                                      0.080     0.110 r  bd_0_i/hls_inst/inst/gmem_m_axi_U/bus_read/rreq_burst_conv/could_multi_bursts.burst_valid_reg/Q
                         net (fo=9, unset)            0.000     0.110    m_axi_gmem_arvalid
                                                                      r  m_axi_gmem_arvalid (OUT)
  -------------------------------------------------------------------    -------------------

Slack:                    inf
  Source:                 bd_0_i/hls_inst/inst/gmem_m_axi_U/bus_write/rs_resp/s_ready_t_reg/C
                            (rising edge-triggered cell FDRE clocked by ap_clk  {rise@0.000ns fall@2.500ns period=5.000ns})
  Destination:            m_axi_gmem_bready
                            (output port)
  Path Group:             (none)
  Path Type:              Max at Slow Process Corner
  Data Path Delay:        0.080ns  (logic 0.080ns (100.000%)  route 0.000ns (0.000%))
  Logic Levels:           0  
  Clock Uncertainty:      0.025ns  ((TSJ^2 + TIJ^2)^1/2 + DJ) / 2 + PE
    Total System Jitter     (TSJ):    0.050ns
    Total Input Jitter      (TIJ):    0.000ns
    Discrete Jitter          (DJ):    0.000ns
    Phase Error              (PE):    0.000ns

    Location             Delay type                Incr(ns)  Path(ns)    Netlist Resource(s)
  -------------------------------------------------------------------    -------------------
                         (clock ap_clk rise edge)     0.000     0.000 r  
                                                      0.000     0.000 r  ap_clk (IN)
                         net (fo=206997, unset)       0.030     0.030    bd_0_i/hls_inst/inst/gmem_m_axi_U/bus_write/rs_resp/ap_clk
    SLICE_X104Y26        FDRE                                         r  bd_0_i/hls_inst/inst/gmem_m_axi_U/bus_write/rs_resp/s_ready_t_reg/C
  -------------------------------------------------------------------    -------------------
    SLICE_X104Y26        FDRE (Prop_DFF2_SLICEM_C_Q)
                                                      0.080     0.110 r  bd_0_i/hls_inst/inst/gmem_m_axi_U/bus_write/rs_resp/s_ready_t_reg/Q
                         net (fo=2, unset)            0.000     0.110    m_axi_gmem_bready
                                                                      r  m_axi_gmem_bready (OUT)
  -------------------------------------------------------------------    -------------------

Slack:                    inf
  Source:                 bd_0_i/hls_inst/inst/gmem_out_m_axi_U/bus_write/rs_resp/s_ready_t_reg/C
                            (rising edge-triggered cell FDRE clocked by ap_clk  {rise@0.000ns fall@2.500ns period=5.000ns})
  Destination:            m_axi_gmem_out_bready
                            (output port)
  Path Group:             (none)
  Path Type:              Max at Slow Process Corner
  Data Path Delay:        0.080ns  (logic 0.080ns (100.000%)  route 0.000ns (0.000%))
  Logic Levels:           0  
  Clock Uncertainty:      0.025ns  ((TSJ^2 + TIJ^2)^1/2 + DJ) / 2 + PE
    Total System Jitter     (TSJ):    0.050ns
    Total Input Jitter      (TIJ):    0.000ns
    Discrete Jitter          (DJ):    0.000ns
    Phase Error              (PE):    0.000ns

    Location             Delay type                Incr(ns)  Path(ns)    Netlist Resource(s)
  -------------------------------------------------------------------    -------------------
                         (clock ap_clk rise edge)     0.000     0.000 r  
                                                      0.000     0.000 r  ap_clk (IN)
                         net (fo=206997, unset)       0.030     0.030    bd_0_i/hls_inst/inst/gmem_out_m_axi_U/bus_write/rs_resp/ap_clk
    SLICE_X39Y50         FDRE                                         r  bd_0_i/hls_inst/inst/gmem_out_m_axi_U/bus_write/rs_resp/s_ready_t_reg/C
  -------------------------------------------------------------------    -------------------
    SLICE_X39Y50         FDRE (Prop_BFF2_SLICEM_C_Q)
                                                      0.080     0.110 r  bd_0_i/hls_inst/inst/gmem_out_m_axi_U/bus_write/rs_resp/s_ready_t_reg/Q
                         net (fo=3, unset)            0.000     0.110    m_axi_gmem_out_bready
                                                                      r  m_axi_gmem_out_bready (OUT)
  -------------------------------------------------------------------    -------------------

Slack:                    inf
  Source:                 bd_0_i/hls_inst/inst/gmem_out_m_axi_U/bus_read/rs_rdata/s_ready_t_reg/C
                            (rising edge-triggered cell FDRE clocked by ap_clk  {rise@0.000ns fall@2.500ns period=5.000ns})
  Destination:            m_axi_gmem_out_rready
                            (output port)
  Path Group:             (none)
  Path Type:              Max at Slow Process Corner
  Data Path Delay:        0.080ns  (logic 0.080ns (100.000%)  route 0.000ns (0.000%))
  Logic Levels:           0  
  Clock Uncertainty:      0.025ns  ((TSJ^2 + TIJ^2)^1/2 + DJ) / 2 + PE
    Total System Jitter     (TSJ):    0.050ns
    Total Input Jitter      (TIJ):    0.000ns
    Discrete Jitter          (DJ):    0.000ns
    Phase Error              (PE):    0.000ns

    Location             Delay type                Incr(ns)  Path(ns)    Netlist Resource(s)
  -------------------------------------------------------------------    -------------------
                         (clock ap_clk rise edge)     0.000     0.000 r  
                                                      0.000     0.000 r  ap_clk (IN)
                         net (fo=206997, unset)       0.030     0.030    bd_0_i/hls_inst/inst/gmem_out_m_axi_U/bus_read/rs_rdata/ap_clk
    SLICE_X104Y26        FDRE                                         r  bd_0_i/hls_inst/inst/gmem_out_m_axi_U/bus_read/rs_rdata/s_ready_t_reg/C
  -------------------------------------------------------------------    -------------------
    SLICE_X104Y26        FDRE (Prop_AFF2_SLICEM_C_Q)
                                                      0.080     0.110 r  bd_0_i/hls_inst/inst/gmem_out_m_axi_U/bus_read/rs_rdata/s_ready_t_reg/Q
                         net (fo=3, unset)            0.000     0.110    m_axi_gmem_out_rready
                                                                      r  m_axi_gmem_out_rready (OUT)
  -------------------------------------------------------------------    -------------------

Slack:                    inf
  Source:                 bd_0_i/hls_inst/inst/gmem_out_m_axi_U/bus_write/wreq_throttle/data_fifo/U_fifo_srl/dout_reg[109]/C
                            (rising edge-triggered cell FDRE clocked by ap_clk  {rise@0.000ns fall@2.500ns period=5.000ns})
  Destination:            m_axi_gmem_out_wdata[109]
                            (output port)
  Path Group:             (none)
  Path Type:              Max at Slow Process Corner
  Data Path Delay:        0.081ns  (logic 0.081ns (100.000%)  route 0.000ns (0.000%))
  Logic Levels:           0  
  Clock Uncertainty:      0.025ns  ((TSJ^2 + TIJ^2)^1/2 + DJ) / 2 + PE
    Total System Jitter     (TSJ):    0.050ns
    Total Input Jitter      (TIJ):    0.000ns
    Discrete Jitter          (DJ):    0.000ns
    Phase Error              (PE):    0.000ns

    Location             Delay type                Incr(ns)  Path(ns)    Netlist Resource(s)
  -------------------------------------------------------------------    -------------------
                         (clock ap_clk rise edge)     0.000     0.000 r  
                                                      0.000     0.000 r  ap_clk (IN)
                         net (fo=206997, unset)       0.029     0.029    bd_0_i/hls_inst/inst/gmem_out_m_axi_U/bus_write/wreq_throttle/data_fifo/U_fifo_srl/ap_clk
    SLICE_X54Y41         FDRE                                         r  bd_0_i/hls_inst/inst/gmem_out_m_axi_U/bus_write/wreq_throttle/data_fifo/U_fifo_srl/dout_reg[109]/C
  -------------------------------------------------------------------    -------------------
    SLICE_X54Y41         FDRE (Prop_EFF2_SLICEL_C_Q)
                                                      0.081     0.110 r  bd_0_i/hls_inst/inst/gmem_out_m_axi_U/bus_write/wreq_throttle/data_fifo/U_fifo_srl/dout_reg[109]/Q
                         net (fo=0)                   0.000     0.110    m_axi_gmem_out_wdata[109]
                                                                      r  m_axi_gmem_out_wdata[109] (OUT)
  -------------------------------------------------------------------    -------------------

Slack:                    inf
  Source:                 bd_0_i/hls_inst/inst/gmem_out_m_axi_U/bus_write/wreq_throttle/data_fifo/U_fifo_srl/dout_reg[111]/C
                            (rising edge-triggered cell FDRE clocked by ap_clk  {rise@0.000ns fall@2.500ns period=5.000ns})
  Destination:            m_axi_gmem_out_wdata[111]
                            (output port)
  Path Group:             (none)
  Path Type:              Max at Slow Process Corner
  Data Path Delay:        0.081ns  (logic 0.081ns (100.000%)  route 0.000ns (0.000%))
  Logic Levels:           0  
  Clock Uncertainty:      0.025ns  ((TSJ^2 + TIJ^2)^1/2 + DJ) / 2 + PE
    Total System Jitter     (TSJ):    0.050ns
    Total Input Jitter      (TIJ):    0.000ns
    Discrete Jitter          (DJ):    0.000ns
    Phase Error              (PE):    0.000ns

    Location             Delay type                Incr(ns)  Path(ns)    Netlist Resource(s)
  -------------------------------------------------------------------    -------------------
                         (clock ap_clk rise edge)     0.000     0.000 r  
                                                      0.000     0.000 r  ap_clk (IN)
                         net (fo=206997, unset)       0.029     0.029    bd_0_i/hls_inst/inst/gmem_out_m_axi_U/bus_write/wreq_throttle/data_fifo/U_fifo_srl/ap_clk
    SLICE_X54Y41         FDRE                                         r  bd_0_i/hls_inst/inst/gmem_out_m_axi_U/bus_write/wreq_throttle/data_fifo/U_fifo_srl/dout_reg[111]/C
  -------------------------------------------------------------------    -------------------
    SLICE_X54Y41         FDRE (Prop_FFF2_SLICEL_C_Q)
                                                      0.081     0.110 r  bd_0_i/hls_inst/inst/gmem_out_m_axi_U/bus_write/wreq_throttle/data_fifo/U_fifo_srl/dout_reg[111]/Q
                         net (fo=0)                   0.000     0.110    m_axi_gmem_out_wdata[111]
                                                                      r  m_axi_gmem_out_wdata[111] (OUT)
  -------------------------------------------------------------------    -------------------

Slack:                    inf
  Source:                 bd_0_i/hls_inst/inst/gmem_out_m_axi_U/bus_write/wreq_throttle/data_fifo/U_fifo_srl/dout_reg[115]/C
                            (rising edge-triggered cell FDRE clocked by ap_clk  {rise@0.000ns fall@2.500ns period=5.000ns})
  Destination:            m_axi_gmem_out_wdata[115]
                            (output port)
  Path Group:             (none)
  Path Type:              Max at Slow Process Corner
  Data Path Delay:        0.080ns  (logic 0.080ns (100.000%)  route 0.000ns (0.000%))
  Logic Levels:           0  
  Clock Uncertainty:      0.025ns  ((TSJ^2 + TIJ^2)^1/2 + DJ) / 2 + PE
    Total System Jitter     (TSJ):    0.050ns
    Total Input Jitter      (TIJ):    0.000ns
    Discrete Jitter          (DJ):    0.000ns
    Phase Error              (PE):    0.000ns

    Location             Delay type                Incr(ns)  Path(ns)    Netlist Resource(s)
  -------------------------------------------------------------------    -------------------
                         (clock ap_clk rise edge)     0.000     0.000 r  
                                                      0.000     0.000 r  ap_clk (IN)
                         net (fo=206997, unset)       0.030     0.030    bd_0_i/hls_inst/inst/gmem_out_m_axi_U/bus_write/wreq_throttle/data_fifo/U_fifo_srl/ap_clk
    SLICE_X53Y40         FDRE                                         r  bd_0_i/hls_inst/inst/gmem_out_m_axi_U/bus_write/wreq_throttle/data_fifo/U_fifo_srl/dout_reg[115]/C
  -------------------------------------------------------------------    -------------------
    SLICE_X53Y40         FDRE (Prop_AFF2_SLICEM_C_Q)
                                                      0.080     0.110 r  bd_0_i/hls_inst/inst/gmem_out_m_axi_U/bus_write/wreq_throttle/data_fifo/U_fifo_srl/dout_reg[115]/Q
                         net (fo=0)                   0.000     0.110    m_axi_gmem_out_wdata[115]
                                                                      r  m_axi_gmem_out_wdata[115] (OUT)
  -------------------------------------------------------------------    -------------------

Slack:                    inf
  Source:                 bd_0_i/hls_inst/inst/gmem_out_m_axi_U/bus_write/wreq_throttle/data_fifo/U_fifo_srl/dout_reg[119]/C
                            (rising edge-triggered cell FDRE clocked by ap_clk  {rise@0.000ns fall@2.500ns period=5.000ns})
  Destination:            m_axi_gmem_out_wdata[119]
                            (output port)
  Path Group:             (none)
  Path Type:              Max at Slow Process Corner
  Data Path Delay:        0.080ns  (logic 0.080ns (100.000%)  route 0.000ns (0.000%))
  Logic Levels:           0  
  Clock Uncertainty:      0.025ns  ((TSJ^2 + TIJ^2)^1/2 + DJ) / 2 + PE
    Total System Jitter     (TSJ):    0.050ns
    Total Input Jitter      (TIJ):    0.000ns
    Discrete Jitter          (DJ):    0.000ns
    Phase Error              (PE):    0.000ns

    Location             Delay type                Incr(ns)  Path(ns)    Netlist Resource(s)
  -------------------------------------------------------------------    -------------------
                         (clock ap_clk rise edge)     0.000     0.000 r  
                                                      0.000     0.000 r  ap_clk (IN)
                         net (fo=206997, unset)       0.030     0.030    bd_0_i/hls_inst/inst/gmem_out_m_axi_U/bus_write/wreq_throttle/data_fifo/U_fifo_srl/ap_clk
    SLICE_X53Y40         FDRE                                         r  bd_0_i/hls_inst/inst/gmem_out_m_axi_U/bus_write/wreq_throttle/data_fifo/U_fifo_srl/dout_reg[119]/C
  -------------------------------------------------------------------    -------------------
    SLICE_X53Y40         FDRE (Prop_BFF2_SLICEM_C_Q)
                                                      0.080     0.110 r  bd_0_i/hls_inst/inst/gmem_out_m_axi_U/bus_write/wreq_throttle/data_fifo/U_fifo_srl/dout_reg[119]/Q
                         net (fo=0)                   0.000     0.110    m_axi_gmem_out_wdata[119]
                                                                      r  m_axi_gmem_out_wdata[119] (OUT)
  -------------------------------------------------------------------    -------------------





Min Delay Paths
--------------------------------------------------------------------------------------
Slack:                    inf
  Source:                 bd_0_i/hls_inst/inst/gmem_act_m_axi_U/bus_read/rreq_burst_conv/could_multi_bursts.addr_buf_reg[11]/C
                            (rising edge-triggered cell FDRE clocked by ap_clk  {rise@0.000ns fall@2.500ns period=5.000ns})
  Destination:            m_axi_gmem_act_araddr[11]
                            (output port)
  Path Group:             (none)
  Path Type:              Min at Fast Process Corner
  Data Path Delay:        0.037ns  (logic 0.037ns (100.000%)  route 0.000ns (0.000%))
  Logic Levels:           0  
  Clock Uncertainty:      0.025ns  ((TSJ^2 + TIJ^2)^1/2 + DJ) / 2 + PE
    Total System Jitter     (TSJ):    0.050ns
    Total Input Jitter      (TIJ):    0.000ns
    Discrete Jitter          (DJ):    0.000ns
    Phase Error              (PE):    0.000ns

    Location             Delay type                Incr(ns)  Path(ns)    Netlist Resource(s)
  -------------------------------------------------------------------    -------------------
                         (clock ap_clk rise edge)     0.000     0.000 r  
                                                      0.000     0.000 r  ap_clk (IN)
                         net (fo=206997, unset)       0.013     0.013    bd_0_i/hls_inst/inst/gmem_act_m_axi_U/bus_read/rreq_burst_conv/ap_clk
    SLICE_X42Y68         FDRE                                         r  bd_0_i/hls_inst/inst/gmem_act_m_axi_U/bus_read/rreq_burst_conv/could_multi_bursts.addr_buf_reg[11]/C
  -------------------------------------------------------------------    -------------------
    SLICE_X42Y68         FDRE (Prop_FFF_SLICEM_C_Q)
                                                      0.037     0.050 r  bd_0_i/hls_inst/inst/gmem_act_m_axi_U/bus_read/rreq_burst_conv/could_multi_bursts.addr_buf_reg[11]/Q
                         net (fo=1, unset)            0.000     0.050    m_axi_gmem_act_araddr[11]
                                                                      r  m_axi_gmem_act_araddr[11] (OUT)
  -------------------------------------------------------------------    -------------------

Slack:                    inf
  Source:                 bd_0_i/hls_inst/inst/gmem_act_m_axi_U/bus_read/rreq_burst_conv/could_multi_bursts.addr_buf_reg[19]/C
                            (rising edge-triggered cell FDRE clocked by ap_clk  {rise@0.000ns fall@2.500ns period=5.000ns})
  Destination:            m_axi_gmem_act_araddr[19]
                            (output port)
  Path Group:             (none)
  Path Type:              Min at Fast Process Corner
  Data Path Delay:        0.037ns  (logic 0.037ns (100.000%)  route 0.000ns (0.000%))
  Logic Levels:           0  
  Clock Uncertainty:      0.025ns  ((TSJ^2 + TIJ^2)^1/2 + DJ) / 2 + PE
    Total System Jitter     (TSJ):    0.050ns
    Total Input Jitter      (TIJ):    0.000ns
    Discrete Jitter          (DJ):    0.000ns
    Phase Error              (PE):    0.000ns

    Location             Delay type                Incr(ns)  Path(ns)    Netlist Resource(s)
  -------------------------------------------------------------------    -------------------
                         (clock ap_clk rise edge)     0.000     0.000 r  
                                                      0.000     0.000 r  ap_clk (IN)
                         net (fo=206997, unset)       0.013     0.013    bd_0_i/hls_inst/inst/gmem_act_m_axi_U/bus_read/rreq_burst_conv/ap_clk
    SLICE_X42Y69         FDRE                                         r  bd_0_i/hls_inst/inst/gmem_act_m_axi_U/bus_read/rreq_burst_conv/could_multi_bursts.addr_buf_reg[19]/C
  -------------------------------------------------------------------    -------------------
    SLICE_X42Y69         FDRE (Prop_FFF_SLICEM_C_Q)
                                                      0.037     0.050 r  bd_0_i/hls_inst/inst/gmem_act_m_axi_U/bus_read/rreq_burst_conv/could_multi_bursts.addr_buf_reg[19]/Q
                         net (fo=1, unset)            0.000     0.050    m_axi_gmem_act_araddr[19]
                                                                      r  m_axi_gmem_act_araddr[19] (OUT)
  -------------------------------------------------------------------    -------------------

Slack:                    inf
  Source:                 bd_0_i/hls_inst/inst/gmem_act_m_axi_U/bus_read/rreq_burst_conv/could_multi_bursts.addr_buf_reg[27]/C
                            (rising edge-triggered cell FDRE clocked by ap_clk  {rise@0.000ns fall@2.500ns period=5.000ns})
  Destination:            m_axi_gmem_act_araddr[27]
                            (output port)
  Path Group:             (none)
  Path Type:              Min at Fast Process Corner
  Data Path Delay:        0.037ns  (logic 0.037ns (100.000%)  route 0.000ns (0.000%))
  Logic Levels:           0  
  Clock Uncertainty:      0.025ns  ((TSJ^2 + TIJ^2)^1/2 + DJ) / 2 + PE
    Total System Jitter     (TSJ):    0.050ns
    Total Input Jitter      (TIJ):    0.000ns
    Discrete Jitter          (DJ):    0.000ns
    Phase Error              (PE):    0.000ns

    Location             Delay type                Incr(ns)  Path(ns)    Netlist Resource(s)
  -------------------------------------------------------------------    -------------------
                         (clock ap_clk rise edge)     0.000     0.000 r  
                                                      0.000     0.000 r  ap_clk (IN)
                         net (fo=206997, unset)       0.013     0.013    bd_0_i/hls_inst/inst/gmem_act_m_axi_U/bus_read/rreq_burst_conv/ap_clk
    SLICE_X42Y70         FDRE                                         r  bd_0_i/hls_inst/inst/gmem_act_m_axi_U/bus_read/rreq_burst_conv/could_multi_bursts.addr_buf_reg[27]/C
  -------------------------------------------------------------------    -------------------
    SLICE_X42Y70         FDRE (Prop_FFF_SLICEM_C_Q)
                                                      0.037     0.050 r  bd_0_i/hls_inst/inst/gmem_act_m_axi_U/bus_read/rreq_burst_conv/could_multi_bursts.addr_buf_reg[27]/Q
                         net (fo=1, unset)            0.000     0.050    m_axi_gmem_act_araddr[27]
                                                                      r  m_axi_gmem_act_araddr[27] (OUT)
  -------------------------------------------------------------------    -------------------

Slack:                    inf
  Source:                 bd_0_i/hls_inst/inst/gmem_act_m_axi_U/bus_read/rreq_burst_conv/could_multi_bursts.addr_buf_reg[35]/C
                            (rising edge-triggered cell FDRE clocked by ap_clk  {rise@0.000ns fall@2.500ns period=5.000ns})
  Destination:            m_axi_gmem_act_araddr[35]
                            (output port)
  Path Group:             (none)
  Path Type:              Min at Fast Process Corner
  Data Path Delay:        0.037ns  (logic 0.037ns (100.000%)  route 0.000ns (0.000%))
  Logic Levels:           0  
  Clock Uncertainty:      0.025ns  ((TSJ^2 + TIJ^2)^1/2 + DJ) / 2 + PE
    Total System Jitter     (TSJ):    0.050ns
    Total Input Jitter      (TIJ):    0.000ns
    Discrete Jitter          (DJ):    0.000ns
    Phase Error              (PE):    0.000ns

    Location             Delay type                Incr(ns)  Path(ns)    Netlist Resource(s)
  -------------------------------------------------------------------    -------------------
                         (clock ap_clk rise edge)     0.000     0.000 r  
                                                      0.000     0.000 r  ap_clk (IN)
                         net (fo=206997, unset)       0.013     0.013    bd_0_i/hls_inst/inst/gmem_act_m_axi_U/bus_read/rreq_burst_conv/ap_clk
    SLICE_X42Y71         FDRE                                         r  bd_0_i/hls_inst/inst/gmem_act_m_axi_U/bus_read/rreq_burst_conv/could_multi_bursts.addr_buf_reg[35]/C
  -------------------------------------------------------------------    -------------------
    SLICE_X42Y71         FDRE (Prop_FFF_SLICEM_C_Q)
                                                      0.037     0.050 r  bd_0_i/hls_inst/inst/gmem_act_m_axi_U/bus_read/rreq_burst_conv/could_multi_bursts.addr_buf_reg[35]/Q
                         net (fo=1, unset)            0.000     0.050    m_axi_gmem_act_araddr[35]
                                                                      r  m_axi_gmem_act_araddr[35] (OUT)
  -------------------------------------------------------------------    -------------------

Slack:                    inf
  Source:                 bd_0_i/hls_inst/inst/gmem_act_m_axi_U/bus_read/rreq_burst_conv/could_multi_bursts.addr_buf_reg[43]/C
                            (rising edge-triggered cell FDRE clocked by ap_clk  {rise@0.000ns fall@2.500ns period=5.000ns})
  Destination:            m_axi_gmem_act_araddr[43]
                            (output port)
  Path Group:             (none)
  Path Type:              Min at Fast Process Corner
  Data Path Delay:        0.037ns  (logic 0.037ns (100.000%)  route 0.000ns (0.000%))
  Logic Levels:           0  
  Clock Uncertainty:      0.025ns  ((TSJ^2 + TIJ^2)^1/2 + DJ) / 2 + PE
    Total System Jitter     (TSJ):    0.050ns
    Total Input Jitter      (TIJ):    0.000ns
    Discrete Jitter          (DJ):    0.000ns
    Phase Error              (PE):    0.000ns

    Location             Delay type                Incr(ns)  Path(ns)    Netlist Resource(s)
  -------------------------------------------------------------------    -------------------
                         (clock ap_clk rise edge)     0.000     0.000 r  
                                                      0.000     0.000 r  ap_clk (IN)
                         net (fo=206997, unset)       0.013     0.013    bd_0_i/hls_inst/inst/gmem_act_m_axi_U/bus_read/rreq_burst_conv/ap_clk
    SLICE_X42Y72         FDRE                                         r  bd_0_i/hls_inst/inst/gmem_act_m_axi_U/bus_read/rreq_burst_conv/could_multi_bursts.addr_buf_reg[43]/C
  -------------------------------------------------------------------    -------------------
    SLICE_X42Y72         FDRE (Prop_FFF_SLICEM_C_Q)
                                                      0.037     0.050 r  bd_0_i/hls_inst/inst/gmem_act_m_axi_U/bus_read/rreq_burst_conv/could_multi_bursts.addr_buf_reg[43]/Q
                         net (fo=1, unset)            0.000     0.050    m_axi_gmem_act_araddr[43]
                                                                      r  m_axi_gmem_act_araddr[43] (OUT)
  -------------------------------------------------------------------    -------------------

Slack:                    inf
  Source:                 bd_0_i/hls_inst/inst/gmem_act_m_axi_U/bus_read/rreq_burst_conv/could_multi_bursts.addr_buf_reg[51]/C
                            (rising edge-triggered cell FDRE clocked by ap_clk  {rise@0.000ns fall@2.500ns period=5.000ns})
  Destination:            m_axi_gmem_act_araddr[51]
                            (output port)
  Path Group:             (none)
  Path Type:              Min at Fast Process Corner
  Data Path Delay:        0.037ns  (logic 0.037ns (100.000%)  route 0.000ns (0.000%))
  Logic Levels:           0  
  Clock Uncertainty:      0.025ns  ((TSJ^2 + TIJ^2)^1/2 + DJ) / 2 + PE
    Total System Jitter     (TSJ):    0.050ns
    Total Input Jitter      (TIJ):    0.000ns
    Discrete Jitter          (DJ):    0.000ns
    Phase Error              (PE):    0.000ns

    Location             Delay type                Incr(ns)  Path(ns)    Netlist Resource(s)
  -------------------------------------------------------------------    -------------------
                         (clock ap_clk rise edge)     0.000     0.000 r  
                                                      0.000     0.000 r  ap_clk (IN)
                         net (fo=206997, unset)       0.013     0.013    bd_0_i/hls_inst/inst/gmem_act_m_axi_U/bus_read/rreq_burst_conv/ap_clk
    SLICE_X42Y73         FDRE                                         r  bd_0_i/hls_inst/inst/gmem_act_m_axi_U/bus_read/rreq_burst_conv/could_multi_bursts.addr_buf_reg[51]/C
  -------------------------------------------------------------------    -------------------
    SLICE_X42Y73         FDRE (Prop_FFF_SLICEM_C_Q)
                                                      0.037     0.050 r  bd_0_i/hls_inst/inst/gmem_act_m_axi_U/bus_read/rreq_burst_conv/could_multi_bursts.addr_buf_reg[51]/Q
                         net (fo=1, unset)            0.000     0.050    m_axi_gmem_act_araddr[51]
                                                                      r  m_axi_gmem_act_araddr[51] (OUT)
  -------------------------------------------------------------------    -------------------

Slack:                    inf
  Source:                 bd_0_i/hls_inst/inst/gmem_act_m_axi_U/bus_read/rreq_burst_conv/could_multi_bursts.addr_buf_reg[59]/C
                            (rising edge-triggered cell FDRE clocked by ap_clk  {rise@0.000ns fall@2.500ns period=5.000ns})
  Destination:            m_axi_gmem_act_araddr[59]
                            (output port)
  Path Group:             (none)
  Path Type:              Min at Fast Process Corner
  Data Path Delay:        0.037ns  (logic 0.037ns (100.000%)  route 0.000ns (0.000%))
  Logic Levels:           0  
  Clock Uncertainty:      0.025ns  ((TSJ^2 + TIJ^2)^1/2 + DJ) / 2 + PE
    Total System Jitter     (TSJ):    0.050ns
    Total Input Jitter      (TIJ):    0.000ns
    Discrete Jitter          (DJ):    0.000ns
    Phase Error              (PE):    0.000ns

    Location             Delay type                Incr(ns)  Path(ns)    Netlist Resource(s)
  -------------------------------------------------------------------    -------------------
                         (clock ap_clk rise edge)     0.000     0.000 r  
                                                      0.000     0.000 r  ap_clk (IN)
                         net (fo=206997, unset)       0.013     0.013    bd_0_i/hls_inst/inst/gmem_act_m_axi_U/bus_read/rreq_burst_conv/ap_clk
    SLICE_X42Y74         FDRE                                         r  bd_0_i/hls_inst/inst/gmem_act_m_axi_U/bus_read/rreq_burst_conv/could_multi_bursts.addr_buf_reg[59]/C
  -------------------------------------------------------------------    -------------------
    SLICE_X42Y74         FDRE (Prop_FFF_SLICEM_C_Q)
                                                      0.037     0.050 r  bd_0_i/hls_inst/inst/gmem_act_m_axi_U/bus_read/rreq_burst_conv/could_multi_bursts.addr_buf_reg[59]/Q
                         net (fo=1, unset)            0.000     0.050    m_axi_gmem_act_araddr[59]
                                                                      r  m_axi_gmem_act_araddr[59] (OUT)
  -------------------------------------------------------------------    -------------------

Slack:                    inf
  Source:                 bd_0_i/hls_inst/inst/gmem_m_axi_U/bus_read/rreq_burst_conv/could_multi_bursts.addr_buf_reg[11]/C
                            (rising edge-triggered cell FDRE clocked by ap_clk  {rise@0.000ns fall@2.500ns period=5.000ns})
  Destination:            m_axi_gmem_araddr[11]
                            (output port)
  Path Group:             (none)
  Path Type:              Min at Fast Process Corner
  Data Path Delay:        0.037ns  (logic 0.037ns (100.000%)  route 0.000ns (0.000%))
  Logic Levels:           0  
  Clock Uncertainty:      0.025ns  ((TSJ^2 + TIJ^2)^1/2 + DJ) / 2 + PE
    Total System Jitter     (TSJ):    0.050ns
    Total Input Jitter      (TIJ):    0.000ns
    Discrete Jitter          (DJ):    0.000ns
    Phase Error              (PE):    0.000ns

    Location             Delay type                Incr(ns)  Path(ns)    Netlist Resource(s)
  -------------------------------------------------------------------    -------------------
                         (clock ap_clk rise edge)     0.000     0.000 r  
                                                      0.000     0.000 r  ap_clk (IN)
                         net (fo=206997, unset)       0.013     0.013    bd_0_i/hls_inst/inst/gmem_m_axi_U/bus_read/rreq_burst_conv/ap_clk
    SLICE_X61Y75         FDRE                                         r  bd_0_i/hls_inst/inst/gmem_m_axi_U/bus_read/rreq_burst_conv/could_multi_bursts.addr_buf_reg[11]/C
  -------------------------------------------------------------------    -------------------
    SLICE_X61Y75         FDRE (Prop_FFF_SLICEM_C_Q)
                                                      0.037     0.050 r  bd_0_i/hls_inst/inst/gmem_m_axi_U/bus_read/rreq_burst_conv/could_multi_bursts.addr_buf_reg[11]/Q
                         net (fo=1, unset)            0.000     0.050    m_axi_gmem_araddr[11]
                                                                      r  m_axi_gmem_araddr[11] (OUT)
  -------------------------------------------------------------------    -------------------

Slack:                    inf
  Source:                 bd_0_i/hls_inst/inst/gmem_m_axi_U/bus_read/rreq_burst_conv/could_multi_bursts.addr_buf_reg[19]/C
                            (rising edge-triggered cell FDRE clocked by ap_clk  {rise@0.000ns fall@2.500ns period=5.000ns})
  Destination:            m_axi_gmem_araddr[19]
                            (output port)
  Path Group:             (none)
  Path Type:              Min at Fast Process Corner
  Data Path Delay:        0.037ns  (logic 0.037ns (100.000%)  route 0.000ns (0.000%))
  Logic Levels:           0  
  Clock Uncertainty:      0.025ns  ((TSJ^2 + TIJ^2)^1/2 + DJ) / 2 + PE
    Total System Jitter     (TSJ):    0.050ns
    Total Input Jitter      (TIJ):    0.000ns
    Discrete Jitter          (DJ):    0.000ns
    Phase Error              (PE):    0.000ns

    Location             Delay type                Incr(ns)  Path(ns)    Netlist Resource(s)
  -------------------------------------------------------------------    -------------------
                         (clock ap_clk rise edge)     0.000     0.000 r  
                                                      0.000     0.000 r  ap_clk (IN)
                         net (fo=206997, unset)       0.013     0.013    bd_0_i/hls_inst/inst/gmem_m_axi_U/bus_read/rreq_burst_conv/ap_clk
    SLICE_X61Y76         FDRE                                         r  bd_0_i/hls_inst/inst/gmem_m_axi_U/bus_read/rreq_burst_conv/could_multi_bursts.addr_buf_reg[19]/C
  -------------------------------------------------------------------    -------------------
    SLICE_X61Y76         FDRE (Prop_FFF_SLICEM_C_Q)
                                                      0.037     0.050 r  bd_0_i/hls_inst/inst/gmem_m_axi_U/bus_read/rreq_burst_conv/could_multi_bursts.addr_buf_reg[19]/Q
                         net (fo=1, unset)            0.000     0.050    m_axi_gmem_araddr[19]
                                                                      r  m_axi_gmem_araddr[19] (OUT)
  -------------------------------------------------------------------    -------------------

Slack:                    inf
  Source:                 bd_0_i/hls_inst/inst/gmem_m_axi_U/bus_read/rreq_burst_conv/could_multi_bursts.addr_buf_reg[27]/C
                            (rising edge-triggered cell FDRE clocked by ap_clk  {rise@0.000ns fall@2.500ns period=5.000ns})
  Destination:            m_axi_gmem_araddr[27]
                            (output port)
  Path Group:             (none)
  Path Type:              Min at Fast Process Corner
  Data Path Delay:        0.037ns  (logic 0.037ns (100.000%)  route 0.000ns (0.000%))
  Logic Levels:           0  
  Clock Uncertainty:      0.025ns  ((TSJ^2 + TIJ^2)^1/2 + DJ) / 2 + PE
    Total System Jitter     (TSJ):    0.050ns
    Total Input Jitter      (TIJ):    0.000ns
    Discrete Jitter          (DJ):    0.000ns
    Phase Error              (PE):    0.000ns

    Location             Delay type                Incr(ns)  Path(ns)    Netlist Resource(s)
  -------------------------------------------------------------------    -------------------
                         (clock ap_clk rise edge)     0.000     0.000 r  
                                                      0.000     0.000 r  ap_clk (IN)
                         net (fo=206997, unset)       0.013     0.013    bd_0_i/hls_inst/inst/gmem_m_axi_U/bus_read/rreq_burst_conv/ap_clk
    SLICE_X61Y77         FDRE                                         r  bd_0_i/hls_inst/inst/gmem_m_axi_U/bus_read/rreq_burst_conv/could_multi_bursts.addr_buf_reg[27]/C
  -------------------------------------------------------------------    -------------------
    SLICE_X61Y77         FDRE (Prop_FFF_SLICEM_C_Q)
                                                      0.037     0.050 r  bd_0_i/hls_inst/inst/gmem_m_axi_U/bus_read/rreq_burst_conv/could_multi_bursts.addr_buf_reg[27]/Q
                         net (fo=1, unset)            0.000     0.050    m_axi_gmem_araddr[27]
                                                                      r  m_axi_gmem_araddr[27] (OUT)
  -------------------------------------------------------------------    -------------------





--------------------------------------------------------------------------------------
Path Group:  (none)
From Clock:  
  To Clock:  ap_clk

Max Delay         10372 Endpoints
Min Delay         10372 Endpoints
--------------------------------------------------------------------------------------


Max Delay Paths
--------------------------------------------------------------------------------------
Slack:                    inf
  Source:                 s_axi_control_araddr[4]
                            (input port)
  Destination:            bd_0_i/hls_inst/inst/control_s_axi_U/rdata_reg[13]/D
                            (rising edge-triggered cell FDRE clocked by ap_clk  {rise@0.000ns fall@2.500ns period=5.000ns})
  Path Group:             (none)
  Path Type:              Setup (Max at Slow Process Corner)
  Data Path Delay:        3.988ns  (logic 0.490ns (12.288%)  route 3.498ns (87.712%))
  Logic Levels:           6  (LUT6=3 MUXF7=2 MUXF8=1)
  Clock Path Skew:        0.021ns (DCD - SCD + CPR)
    Destination Clock Delay (DCD):    0.021ns
    Source Clock Delay      (SCD):    0.000ns
    Clock Pessimism Removal (CPR):    0.000ns
  Clock Uncertainty:      0.025ns  ((TSJ^2 + TIJ^2)^1/2 + DJ) / 2 + PE
    Total System Jitter     (TSJ):    0.050ns
    Total Input Jitter      (TIJ):    0.000ns
    Discrete Jitter          (DJ):    0.000ns
    Phase Error              (PE):    0.000ns

    Location             Delay type                Incr(ns)  Path(ns)    Netlist Resource(s)
  -------------------------------------------------------------------    -------------------
                                                      0.000     0.000 f  s_axi_control_araddr[4] (IN)
                         net (fo=14, unset)           0.000     0.000    bd_0_i/hls_inst/inst/control_s_axi_U/s_axi_control_ARADDR[4]
    SLICE_X36Y66         LUT6 (Prop_C6LUT_SLICEL_I0_O)
                                                      0.146     0.146 r  bd_0_i/hls_inst/inst/control_s_axi_U/rdata[31]_i_53/O
                         net (fo=1, routed)           0.010     0.156    bd_0_i/hls_inst/inst/control_s_axi_U/rdata[31]_i_53_n_0
    SLICE_X36Y66         MUXF7 (Prop_F7MUX_CD_SLICEL_I1_O)
                                                      0.064     0.220 r  bd_0_i/hls_inst/inst/control_s_axi_U/rdata_reg[31]_i_33/O
                         net (fo=1, routed)           0.264     0.484    bd_0_i/hls_inst/inst/control_s_axi_U/rdata_reg[31]_i_33_n_0
    SLICE_X36Y66         LUT6 (Prop_G6LUT_SLICEL_I4_O)
                                                      0.050     0.534 r  bd_0_i/hls_inst/inst/control_s_axi_U/rdata[31]_i_13/O
                         net (fo=160, routed)         2.763     3.297    bd_0_i/hls_inst/inst/control_s_axi_U/rdata[31]_i_13_n_0
    SLICE_X60Y67         MUXF8 (Prop_F8MUX_TOP_SLICEM_S_O)
                                                      0.074     3.371 r  bd_0_i/hls_inst/inst/control_s_axi_U/rdata_reg[13]_i_4/O
                         net (fo=1, routed)           0.415     3.786    bd_0_i/hls_inst/inst/control_s_axi_U/rdata_reg[13]_i_4_n_0
    SLICE_X57Y66         LUT6 (Prop_H6LUT_SLICEM_I0_O)
                                                      0.090     3.876 r  bd_0_i/hls_inst/inst/control_s_axi_U/rdata[13]_i_2/O
                         net (fo=1, routed)           0.014     3.890    bd_0_i/hls_inst/inst/control_s_axi_U/rdata[13]_i_2_n_0
    SLICE_X57Y66         MUXF7 (Prop_F7MUX_GH_SLICEM_I0_O)
                                                      0.066     3.956 r  bd_0_i/hls_inst/inst/control_s_axi_U/rdata_reg[13]_i_1/O
                         net (fo=1, routed)           0.032     3.988    bd_0_i/hls_inst/inst/control_s_axi_U/rdata[13]
    SLICE_X57Y66         FDRE                                         r  bd_0_i/hls_inst/inst/control_s_axi_U/rdata_reg[13]/D
  -------------------------------------------------------------------    -------------------

                         (clock ap_clk rise edge)     0.000     0.000 r  
                                                      0.000     0.000 r  ap_clk (IN)
                         net (fo=206997, unset)       0.021     0.021    bd_0_i/hls_inst/inst/control_s_axi_U/ap_clk
    SLICE_X57Y66         FDRE                                         r  bd_0_i/hls_inst/inst/control_s_axi_U/rdata_reg[13]/C

Slack:                    inf
  Source:                 s_axi_control_araddr[4]
                            (input port)
  Destination:            bd_0_i/hls_inst/inst/control_s_axi_U/rdata_reg[10]/D
                            (rising edge-triggered cell FDRE clocked by ap_clk  {rise@0.000ns fall@2.500ns period=5.000ns})
  Path Group:             (none)
  Path Type:              Setup (Max at Slow Process Corner)
  Data Path Delay:        3.915ns  (logic 0.514ns (13.129%)  route 3.401ns (86.871%))
  Logic Levels:           6  (LUT6=3 MUXF7=2 MUXF8=1)
  Clock Path Skew:        0.020ns (DCD - SCD + CPR)
    Destination Clock Delay (DCD):    0.020ns
    Source Clock Delay      (SCD):    0.000ns
    Clock Pessimism Removal (CPR):    0.000ns
  Clock Uncertainty:      0.025ns  ((TSJ^2 + TIJ^2)^1/2 + DJ) / 2 + PE
    Total System Jitter     (TSJ):    0.050ns
    Total Input Jitter      (TIJ):    0.000ns
    Discrete Jitter          (DJ):    0.000ns
    Phase Error              (PE):    0.000ns

    Location             Delay type                Incr(ns)  Path(ns)    Netlist Resource(s)
  -------------------------------------------------------------------    -------------------
                                                      0.000     0.000 f  s_axi_control_araddr[4] (IN)
                         net (fo=14, unset)           0.000     0.000    bd_0_i/hls_inst/inst/control_s_axi_U/s_axi_control_ARADDR[4]
    SLICE_X36Y66         LUT6 (Prop_C6LUT_SLICEL_I0_O)
                                                      0.146     0.146 r  bd_0_i/hls_inst/inst/control_s_axi_U/rdata[31]_i_53/O
                         net (fo=1, routed)           0.010     0.156    bd_0_i/hls_inst/inst/control_s_axi_U/rdata[31]_i_53_n_0
    SLICE_X36Y66         MUXF7 (Prop_F7MUX_CD_SLICEL_I1_O)
                                                      0.064     0.220 r  bd_0_i/hls_inst/inst/control_s_axi_U/rdata_reg[31]_i_33/O
                         net (fo=1, routed)           0.264     0.484    bd_0_i/hls_inst/inst/control_s_axi_U/rdata_reg[31]_i_33_n_0
    SLICE_X36Y66         LUT6 (Prop_G6LUT_SLICEL_I4_O)
                                                      0.050     0.534 r  bd_0_i/hls_inst/inst/control_s_axi_U/rdata[31]_i_13/O
                         net (fo=160, routed)         2.811     3.345    bd_0_i/hls_inst/inst/control_s_axi_U/rdata[31]_i_13_n_0
    SLICE_X58Y60         MUXF8 (Prop_F8MUX_BOT_SLICEL_S_O)
                                                      0.069     3.414 r  bd_0_i/hls_inst/inst/control_s_axi_U/rdata_reg[10]_i_5/O
                         net (fo=1, routed)           0.276     3.690    bd_0_i/hls_inst/inst/control_s_axi_U/rdata_reg[10]_i_5_n_0
    SLICE_X59Y63         LUT6 (Prop_D6LUT_SLICEL_I1_O)
                                                      0.122     3.812 r  bd_0_i/hls_inst/inst/control_s_axi_U/rdata[10]_i_2/O
                         net (fo=1, routed)           0.009     3.821    bd_0_i/hls_inst/inst/control_s_axi_U/rdata[10]_i_2_n_0
    SLICE_X59Y63         MUXF7 (Prop_F7MUX_CD_SLICEL_I0_O)
                                                      0.063     3.884 r  bd_0_i/hls_inst/inst/control_s_axi_U/rdata_reg[10]_i_1/O
                         net (fo=1, routed)           0.031     3.915    bd_0_i/hls_inst/inst/control_s_axi_U/rdata[10]
    SLICE_X59Y63         FDRE                                         r  bd_0_i/hls_inst/inst/control_s_axi_U/rdata_reg[10]/D
  -------------------------------------------------------------------    -------------------

                         (clock ap_clk rise edge)     0.000     0.000 r  
                                                      0.000     0.000 r  ap_clk (IN)
                         net (fo=206997, unset)       0.020     0.020    bd_0_i/hls_inst/inst/control_s_axi_U/ap_clk
    SLICE_X59Y63         FDRE                                         r  bd_0_i/hls_inst/inst/control_s_axi_U/rdata_reg[10]/C

Slack:                    inf
  Source:                 s_axi_control_araddr[4]
                            (input port)
  Destination:            bd_0_i/hls_inst/inst/control_s_axi_U/rdata_reg[18]/D
                            (rising edge-triggered cell FDRE clocked by ap_clk  {rise@0.000ns fall@2.500ns period=5.000ns})
  Path Group:             (none)
  Path Type:              Setup (Max at Slow Process Corner)
  Data Path Delay:        3.774ns  (logic 0.622ns (16.480%)  route 3.152ns (83.520%))
  Logic Levels:           6  (LUT5=1 LUT6=3 MUXF7=2)
  Clock Path Skew:        0.020ns (DCD - SCD + CPR)
    Destination Clock Delay (DCD):    0.020ns
    Source Clock Delay      (SCD):    0.000ns
    Clock Pessimism Removal (CPR):    0.000ns
  Clock Uncertainty:      0.025ns  ((TSJ^2 + TIJ^2)^1/2 + DJ) / 2 + PE
    Total System Jitter     (TSJ):    0.050ns
    Total Input Jitter      (TIJ):    0.000ns
    Discrete Jitter          (DJ):    0.000ns
    Phase Error              (PE):    0.000ns

    Location             Delay type                Incr(ns)  Path(ns)    Netlist Resource(s)
  -------------------------------------------------------------------    -------------------
                                                      0.000     0.000 f  s_axi_control_araddr[4] (IN)
                         net (fo=14, unset)           0.000     0.000    bd_0_i/hls_inst/inst/control_s_axi_U/s_axi_control_ARADDR[4]
    SLICE_X36Y66         LUT6 (Prop_C6LUT_SLICEL_I0_O)
                                                      0.146     0.146 r  bd_0_i/hls_inst/inst/control_s_axi_U/rdata[31]_i_53/O
                         net (fo=1, routed)           0.010     0.156    bd_0_i/hls_inst/inst/control_s_axi_U/rdata[31]_i_53_n_0
    SLICE_X36Y66         MUXF7 (Prop_F7MUX_CD_SLICEL_I1_O)
                                                      0.064     0.220 r  bd_0_i/hls_inst/inst/control_s_axi_U/rdata_reg[31]_i_33/O
                         net (fo=1, routed)           0.264     0.484    bd_0_i/hls_inst/inst/control_s_axi_U/rdata_reg[31]_i_33_n_0
    SLICE_X36Y66         LUT6 (Prop_G6LUT_SLICEL_I4_O)
                                                      0.050     0.534 r  bd_0_i/hls_inst/inst/control_s_axi_U/rdata[31]_i_13/O
                         net (fo=160, routed)         2.530     3.064    bd_0_i/hls_inst/inst/control_s_axi_U/rdata[31]_i_13_n_0
    SLICE_X52Y75         LUT5 (Prop_E6LUT_SLICEM_I2_O)
                                                      0.148     3.212 r  bd_0_i/hls_inst/inst/control_s_axi_U/rdata[18]_i_7/O
                         net (fo=1, routed)           0.307     3.519    bd_0_i/hls_inst/inst/control_s_axi_U/rdata[18]_i_7_n_0
    SLICE_X55Y76         LUT6 (Prop_H6LUT_SLICEL_I5_O)
                                                      0.150     3.669 r  bd_0_i/hls_inst/inst/control_s_axi_U/rdata[18]_i_2/O
                         net (fo=1, routed)           0.010     3.679    bd_0_i/hls_inst/inst/control_s_axi_U/rdata[18]_i_2_n_0
    SLICE_X55Y76         MUXF7 (Prop_F7MUX_GH_SLICEL_I0_O)
                                                      0.064     3.743 r  bd_0_i/hls_inst/inst/control_s_axi_U/rdata_reg[18]_i_1/O
                         net (fo=1, routed)           0.031     3.774    bd_0_i/hls_inst/inst/control_s_axi_U/rdata[18]
    SLICE_X55Y76         FDRE                                         r  bd_0_i/hls_inst/inst/control_s_axi_U/rdata_reg[18]/D
  -------------------------------------------------------------------    -------------------

                         (clock ap_clk rise edge)     0.000     0.000 r  
                                                      0.000     0.000 r  ap_clk (IN)
                         net (fo=206997, unset)       0.020     0.020    bd_0_i/hls_inst/inst/control_s_axi_U/ap_clk
    SLICE_X55Y76         FDRE                                         r  bd_0_i/hls_inst/inst/control_s_axi_U/rdata_reg[18]/C

Slack:                    inf
  Source:                 s_axi_control_araddr[4]
                            (input port)
  Destination:            bd_0_i/hls_inst/inst/control_s_axi_U/rdata_reg[8]/D
                            (rising edge-triggered cell FDRE clocked by ap_clk  {rise@0.000ns fall@2.500ns period=5.000ns})
  Path Group:             (none)
  Path Type:              Setup (Max at Slow Process Corner)
  Data Path Delay:        3.654ns  (logic 0.491ns (13.436%)  route 3.163ns (86.564%))
  Logic Levels:           6  (LUT6=3 MUXF7=2 MUXF8=1)
  Clock Path Skew:        0.020ns (DCD - SCD + CPR)
    Destination Clock Delay (DCD):    0.020ns
    Source Clock Delay      (SCD):    0.000ns
    Clock Pessimism Removal (CPR):    0.000ns
  Clock Uncertainty:      0.025ns  ((TSJ^2 + TIJ^2)^1/2 + DJ) / 2 + PE
    Total System Jitter     (TSJ):    0.050ns
    Total Input Jitter      (TIJ):    0.000ns
    Discrete Jitter          (DJ):    0.000ns
    Phase Error              (PE):    0.000ns

    Location             Delay type                Incr(ns)  Path(ns)    Netlist Resource(s)
  -------------------------------------------------------------------    -------------------
                                                      0.000     0.000 f  s_axi_control_araddr[4] (IN)
                         net (fo=14, unset)           0.000     0.000    bd_0_i/hls_inst/inst/control_s_axi_U/s_axi_control_ARADDR[4]
    SLICE_X36Y66         LUT6 (Prop_C6LUT_SLICEL_I0_O)
                                                      0.146     0.146 r  bd_0_i/hls_inst/inst/control_s_axi_U/rdata[31]_i_53/O
                         net (fo=1, routed)           0.010     0.156    bd_0_i/hls_inst/inst/control_s_axi_U/rdata[31]_i_53_n_0
    SLICE_X36Y66         MUXF7 (Prop_F7MUX_CD_SLICEL_I1_O)
                                                      0.064     0.220 r  bd_0_i/hls_inst/inst/control_s_axi_U/rdata_reg[31]_i_33/O
                         net (fo=1, routed)           0.264     0.484    bd_0_i/hls_inst/inst/control_s_axi_U/rdata_reg[31]_i_33_n_0
    SLICE_X36Y66         LUT6 (Prop_G6LUT_SLICEL_I4_O)
                                                      0.050     0.534 r  bd_0_i/hls_inst/inst/control_s_axi_U/rdata[31]_i_13/O
                         net (fo=160, routed)         2.654     3.188    bd_0_i/hls_inst/inst/control_s_axi_U/rdata[31]_i_13_n_0
    SLICE_X51Y72         MUXF8 (Prop_F8MUX_BOT_SLICEL_S_O)
                                                      0.069     3.257 r  bd_0_i/hls_inst/inst/control_s_axi_U/rdata_reg[8]_i_6/O
                         net (fo=1, routed)           0.195     3.452    bd_0_i/hls_inst/inst/control_s_axi_U/rdata_reg[8]_i_6_n_0
    SLICE_X49Y71         LUT6 (Prop_D6LUT_SLICEL_I3_O)
                                                      0.099     3.551 r  bd_0_i/hls_inst/inst/control_s_axi_U/rdata[8]_i_2/O
                         net (fo=1, routed)           0.009     3.560    bd_0_i/hls_inst/inst/control_s_axi_U/rdata[8]_i_2_n_0
    SLICE_X49Y71         MUXF7 (Prop_F7MUX_CD_SLICEL_I0_O)
                                                      0.063     3.623 r  bd_0_i/hls_inst/inst/control_s_axi_U/rdata_reg[8]_i_1/O
                         net (fo=1, routed)           0.031     3.654    bd_0_i/hls_inst/inst/control_s_axi_U/rdata[8]
    SLICE_X49Y71         FDRE                                         r  bd_0_i/hls_inst/inst/control_s_axi_U/rdata_reg[8]/D
  -------------------------------------------------------------------    -------------------

                         (clock ap_clk rise edge)     0.000     0.000 r  
                                                      0.000     0.000 r  ap_clk (IN)
                         net (fo=206997, unset)       0.020     0.020    bd_0_i/hls_inst/inst/control_s_axi_U/ap_clk
    SLICE_X49Y71         FDRE                                         r  bd_0_i/hls_inst/inst/control_s_axi_U/rdata_reg[8]/C

Slack:                    inf
  Source:                 s_axi_control_araddr[4]
                            (input port)
  Destination:            bd_0_i/hls_inst/inst/control_s_axi_U/rdata_reg[23]/D
                            (rising edge-triggered cell FDRE clocked by ap_clk  {rise@0.000ns fall@2.500ns period=5.000ns})
  Path Group:             (none)
  Path Type:              Setup (Max at Slow Process Corner)
  Data Path Delay:        3.639ns  (logic 0.525ns (14.426%)  route 3.114ns (85.574%))
  Logic Levels:           6  (LUT6=3 MUXF7=2 MUXF8=1)
  Clock Path Skew:        0.021ns (DCD - SCD + CPR)
    Destination Clock Delay (DCD):    0.021ns
    Source Clock Delay      (SCD):    0.000ns
    Clock Pessimism Removal (CPR):    0.000ns
  Clock Uncertainty:      0.025ns  ((TSJ^2 + TIJ^2)^1/2 + DJ) / 2 + PE
    Total System Jitter     (TSJ):    0.050ns
    Total Input Jitter      (TIJ):    0.000ns
    Discrete Jitter          (DJ):    0.000ns
    Phase Error              (PE):    0.000ns

    Location             Delay type                Incr(ns)  Path(ns)    Netlist Resource(s)
  -------------------------------------------------------------------    -------------------
                                                      0.000     0.000 f  s_axi_control_araddr[4] (IN)
                         net (fo=14, unset)           0.000     0.000    bd_0_i/hls_inst/inst/control_s_axi_U/s_axi_control_ARADDR[4]
    SLICE_X36Y66         LUT6 (Prop_C6LUT_SLICEL_I0_O)
                                                      0.146     0.146 r  bd_0_i/hls_inst/inst/control_s_axi_U/rdata[31]_i_53/O
                         net (fo=1, routed)           0.010     0.156    bd_0_i/hls_inst/inst/control_s_axi_U/rdata[31]_i_53_n_0
    SLICE_X36Y66         MUXF7 (Prop_F7MUX_CD_SLICEL_I1_O)
                                                      0.064     0.220 r  bd_0_i/hls_inst/inst/control_s_axi_U/rdata_reg[31]_i_33/O
                         net (fo=1, routed)           0.264     0.484    bd_0_i/hls_inst/inst/control_s_axi_U/rdata_reg[31]_i_33_n_0
    SLICE_X36Y66         LUT6 (Prop_G6LUT_SLICEL_I4_O)
                                                      0.050     0.534 r  bd_0_i/hls_inst/inst/control_s_axi_U/rdata[31]_i_13/O
                         net (fo=160, routed)         2.269     2.803    bd_0_i/hls_inst/inst/control_s_axi_U/rdata[31]_i_13_n_0
    SLICE_X52Y86         MUXF8 (Prop_F8MUX_TOP_SLICEM_S_O)
                                                      0.074     2.877 r  bd_0_i/hls_inst/inst/control_s_axi_U/rdata_reg[23]_i_4/O
                         net (fo=1, routed)           0.514     3.391    bd_0_i/hls_inst/inst/control_s_axi_U/rdata_reg[23]_i_4_n_0
    SLICE_X52Y85         LUT6 (Prop_D6LUT_SLICEM_I0_O)
                                                      0.122     3.513 r  bd_0_i/hls_inst/inst/control_s_axi_U/rdata[23]_i_2/O
                         net (fo=1, routed)           0.025     3.538    bd_0_i/hls_inst/inst/control_s_axi_U/rdata[23]_i_2_n_0
    SLICE_X52Y85         MUXF7 (Prop_F7MUX_CD_SLICEM_I0_O)
                                                      0.069     3.607 r  bd_0_i/hls_inst/inst/control_s_axi_U/rdata_reg[23]_i_1/O
                         net (fo=1, routed)           0.032     3.639    bd_0_i/hls_inst/inst/control_s_axi_U/rdata[23]
    SLICE_X52Y85         FDRE                                         r  bd_0_i/hls_inst/inst/control_s_axi_U/rdata_reg[23]/D
  -------------------------------------------------------------------    -------------------

                         (clock ap_clk rise edge)     0.000     0.000 r  
                                                      0.000     0.000 r  ap_clk (IN)
                         net (fo=206997, unset)       0.021     0.021    bd_0_i/hls_inst/inst/control_s_axi_U/ap_clk
    SLICE_X52Y85         FDRE                                         r  bd_0_i/hls_inst/inst/control_s_axi_U/rdata_reg[23]/C

Slack:                    inf
  Source:                 s_axi_control_araddr[4]
                            (input port)
  Destination:            bd_0_i/hls_inst/inst/control_s_axi_U/rdata_reg[11]/D
                            (rising edge-triggered cell FDRE clocked by ap_clk  {rise@0.000ns fall@2.500ns period=5.000ns})
  Path Group:             (none)
  Path Type:              Setup (Max at Slow Process Corner)
  Data Path Delay:        3.635ns  (logic 0.520ns (14.305%)  route 3.115ns (85.695%))
  Logic Levels:           6  (LUT6=3 MUXF7=2 MUXF8=1)
  Clock Path Skew:        0.021ns (DCD - SCD + CPR)
    Destination Clock Delay (DCD):    0.021ns
    Source Clock Delay      (SCD):    0.000ns
    Clock Pessimism Removal (CPR):    0.000ns
  Clock Uncertainty:      0.025ns  ((TSJ^2 + TIJ^2)^1/2 + DJ) / 2 + PE
    Total System Jitter     (TSJ):    0.050ns
    Total Input Jitter      (TIJ):    0.000ns
    Discrete Jitter          (DJ):    0.000ns
    Phase Error              (PE):    0.000ns

    Location             Delay type                Incr(ns)  Path(ns)    Netlist Resource(s)
  -------------------------------------------------------------------    -------------------
                                                      0.000     0.000 f  s_axi_control_araddr[4] (IN)
                         net (fo=14, unset)           0.000     0.000    bd_0_i/hls_inst/inst/control_s_axi_U/s_axi_control_ARADDR[4]
    SLICE_X36Y66         LUT6 (Prop_C6LUT_SLICEL_I0_O)
                                                      0.146     0.146 r  bd_0_i/hls_inst/inst/control_s_axi_U/rdata[31]_i_53/O
                         net (fo=1, routed)           0.010     0.156    bd_0_i/hls_inst/inst/control_s_axi_U/rdata[31]_i_53_n_0
    SLICE_X36Y66         MUXF7 (Prop_F7MUX_CD_SLICEL_I1_O)
                                                      0.064     0.220 r  bd_0_i/hls_inst/inst/control_s_axi_U/rdata_reg[31]_i_33/O
                         net (fo=1, routed)           0.264     0.484    bd_0_i/hls_inst/inst/control_s_axi_U/rdata_reg[31]_i_33_n_0
    SLICE_X36Y66         LUT6 (Prop_G6LUT_SLICEL_I4_O)
                                                      0.050     0.534 r  bd_0_i/hls_inst/inst/control_s_axi_U/rdata[31]_i_13/O
                         net (fo=160, routed)         2.605     3.139    bd_0_i/hls_inst/inst/control_s_axi_U/rdata[31]_i_13_n_0
    SLICE_X51Y64         MUXF8 (Prop_F8MUX_BOT_SLICEL_S_O)
                                                      0.069     3.208 r  bd_0_i/hls_inst/inst/control_s_axi_U/rdata_reg[11]_i_6/O
                         net (fo=1, routed)           0.190     3.398    bd_0_i/hls_inst/inst/control_s_axi_U/rdata_reg[11]_i_6_n_0
    SLICE_X52Y63         LUT6 (Prop_H6LUT_SLICEM_I3_O)
                                                      0.125     3.523 r  bd_0_i/hls_inst/inst/control_s_axi_U/rdata[11]_i_2/O
                         net (fo=1, routed)           0.014     3.537    bd_0_i/hls_inst/inst/control_s_axi_U/rdata[11]_i_2_n_0
    SLICE_X52Y63         MUXF7 (Prop_F7MUX_GH_SLICEM_I0_O)
                                                      0.066     3.603 r  bd_0_i/hls_inst/inst/control_s_axi_U/rdata_reg[11]_i_1/O
                         net (fo=1, routed)           0.032     3.635    bd_0_i/hls_inst/inst/control_s_axi_U/rdata[11]
    SLICE_X52Y63         FDRE                                         r  bd_0_i/hls_inst/inst/control_s_axi_U/rdata_reg[11]/D
  -------------------------------------------------------------------    -------------------

                         (clock ap_clk rise edge)     0.000     0.000 r  
                                                      0.000     0.000 r  ap_clk (IN)
                         net (fo=206997, unset)       0.021     0.021    bd_0_i/hls_inst/inst/control_s_axi_U/ap_clk
    SLICE_X52Y63         FDRE                                         r  bd_0_i/hls_inst/inst/control_s_axi_U/rdata_reg[11]/C

Slack:                    inf
  Source:                 s_axi_control_araddr[4]
                            (input port)
  Destination:            bd_0_i/hls_inst/inst/control_s_axi_U/rdata_reg[16]/D
                            (rising edge-triggered cell FDRE clocked by ap_clk  {rise@0.000ns fall@2.500ns period=5.000ns})
  Path Group:             (none)
  Path Type:              Setup (Max at Slow Process Corner)
  Data Path Delay:        3.526ns  (logic 0.522ns (14.804%)  route 3.004ns (85.196%))
  Logic Levels:           6  (LUT6=3 MUXF7=2 MUXF8=1)
  Clock Path Skew:        0.020ns (DCD - SCD + CPR)
    Destination Clock Delay (DCD):    0.020ns
    Source Clock Delay      (SCD):    0.000ns
    Clock Pessimism Removal (CPR):    0.000ns
  Clock Uncertainty:      0.025ns  ((TSJ^2 + TIJ^2)^1/2 + DJ) / 2 + PE
    Total System Jitter     (TSJ):    0.050ns
    Total Input Jitter      (TIJ):    0.000ns
    Discrete Jitter          (DJ):    0.000ns
    Phase Error              (PE):    0.000ns

    Location             Delay type                Incr(ns)  Path(ns)    Netlist Resource(s)
  -------------------------------------------------------------------    -------------------
                                                      0.000     0.000 f  s_axi_control_araddr[4] (IN)
                         net (fo=14, unset)           0.000     0.000    bd_0_i/hls_inst/inst/control_s_axi_U/s_axi_control_ARADDR[4]
    SLICE_X36Y66         LUT6 (Prop_C6LUT_SLICEL_I0_O)
                                                      0.146     0.146 r  bd_0_i/hls_inst/inst/control_s_axi_U/rdata[31]_i_53/O
                         net (fo=1, routed)           0.010     0.156    bd_0_i/hls_inst/inst/control_s_axi_U/rdata[31]_i_53_n_0
    SLICE_X36Y66         MUXF7 (Prop_F7MUX_CD_SLICEL_I1_O)
                                                      0.064     0.220 r  bd_0_i/hls_inst/inst/control_s_axi_U/rdata_reg[31]_i_33/O
                         net (fo=1, routed)           0.264     0.484    bd_0_i/hls_inst/inst/control_s_axi_U/rdata_reg[31]_i_33_n_0
    SLICE_X36Y66         LUT6 (Prop_G6LUT_SLICEL_I4_O)
                                                      0.050     0.534 r  bd_0_i/hls_inst/inst/control_s_axi_U/rdata[31]_i_13/O
                         net (fo=160, routed)         2.498     3.032    bd_0_i/hls_inst/inst/control_s_axi_U/rdata[31]_i_13_n_0
    SLICE_X53Y72         MUXF8 (Prop_F8MUX_BOT_SLICEM_S_O)
                                                      0.074     3.106 r  bd_0_i/hls_inst/inst/control_s_axi_U/rdata_reg[16]_i_6/O
                         net (fo=1, routed)           0.191     3.297    bd_0_i/hls_inst/inst/control_s_axi_U/rdata_reg[16]_i_6_n_0
    SLICE_X54Y71         LUT6 (Prop_H6LUT_SLICEL_I3_O)
                                                      0.124     3.421 r  bd_0_i/hls_inst/inst/control_s_axi_U/rdata[16]_i_2/O
                         net (fo=1, routed)           0.010     3.431    bd_0_i/hls_inst/inst/control_s_axi_U/rdata[16]_i_2_n_0
    SLICE_X54Y71         MUXF7 (Prop_F7MUX_GH_SLICEL_I0_O)
                                                      0.064     3.495 r  bd_0_i/hls_inst/inst/control_s_axi_U/rdata_reg[16]_i_1/O
                         net (fo=1, routed)           0.031     3.526    bd_0_i/hls_inst/inst/control_s_axi_U/rdata[16]
    SLICE_X54Y71         FDRE                                         r  bd_0_i/hls_inst/inst/control_s_axi_U/rdata_reg[16]/D
  -------------------------------------------------------------------    -------------------

                         (clock ap_clk rise edge)     0.000     0.000 r  
                                                      0.000     0.000 r  ap_clk (IN)
                         net (fo=206997, unset)       0.020     0.020    bd_0_i/hls_inst/inst/control_s_axi_U/ap_clk
    SLICE_X54Y71         FDRE                                         r  bd_0_i/hls_inst/inst/control_s_axi_U/rdata_reg[16]/C

Slack:                    inf
  Source:                 s_axi_control_araddr[4]
                            (input port)
  Destination:            bd_0_i/hls_inst/inst/control_s_axi_U/rdata_reg[2]/D
                            (rising edge-triggered cell FDRE clocked by ap_clk  {rise@0.000ns fall@2.500ns period=5.000ns})
  Path Group:             (none)
  Path Type:              Setup (Max at Slow Process Corner)
  Data Path Delay:        3.507ns  (logic 0.491ns (14.001%)  route 3.016ns (85.999%))
  Logic Levels:           6  (LUT6=3 MUXF7=2 MUXF8=1)
  Clock Path Skew:        0.020ns (DCD - SCD + CPR)
    Destination Clock Delay (DCD):    0.020ns
    Source Clock Delay      (SCD):    0.000ns
    Clock Pessimism Removal (CPR):    0.000ns
  Clock Uncertainty:      0.025ns  ((TSJ^2 + TIJ^2)^1/2 + DJ) / 2 + PE
    Total System Jitter     (TSJ):    0.050ns
    Total Input Jitter      (TIJ):    0.000ns
    Discrete Jitter          (DJ):    0.000ns
    Phase Error              (PE):    0.000ns

    Location             Delay type                Incr(ns)  Path(ns)    Netlist Resource(s)
  -------------------------------------------------------------------    -------------------
                                                      0.000     0.000 f  s_axi_control_araddr[4] (IN)
                         net (fo=14, unset)           0.000     0.000    bd_0_i/hls_inst/inst/control_s_axi_U/s_axi_control_ARADDR[4]
    SLICE_X36Y66         LUT6 (Prop_C6LUT_SLICEL_I0_O)
                                                      0.146     0.146 r  bd_0_i/hls_inst/inst/control_s_axi_U/rdata[31]_i_53/O
                         net (fo=1, routed)           0.010     0.156    bd_0_i/hls_inst/inst/control_s_axi_U/rdata[31]_i_53_n_0
    SLICE_X36Y66         MUXF7 (Prop_F7MUX_CD_SLICEL_I1_O)
                                                      0.064     0.220 r  bd_0_i/hls_inst/inst/control_s_axi_U/rdata_reg[31]_i_33/O
                         net (fo=1, routed)           0.264     0.484    bd_0_i/hls_inst/inst/control_s_axi_U/rdata_reg[31]_i_33_n_0
    SLICE_X36Y66         LUT6 (Prop_G6LUT_SLICEL_I4_O)
                                                      0.050     0.534 r  bd_0_i/hls_inst/inst/control_s_axi_U/rdata[31]_i_13/O
                         net (fo=160, routed)         2.509     3.043    bd_0_i/hls_inst/inst/control_s_axi_U/rdata[31]_i_13_n_0
    SLICE_X47Y73         MUXF8 (Prop_F8MUX_BOT_SLICEL_S_O)
                                                      0.069     3.112 r  bd_0_i/hls_inst/inst/control_s_axi_U/rdata_reg[2]_i_6/O
                         net (fo=1, routed)           0.193     3.305    bd_0_i/hls_inst/inst/control_s_axi_U/rdata_reg[2]_i_6_n_0
    SLICE_X45Y76         LUT6 (Prop_D6LUT_SLICEL_I3_O)
                                                      0.099     3.404 r  bd_0_i/hls_inst/inst/control_s_axi_U/rdata[2]_i_2/O
                         net (fo=1, routed)           0.009     3.413    bd_0_i/hls_inst/inst/control_s_axi_U/rdata[2]_i_2_n_0
    SLICE_X45Y76         MUXF7 (Prop_F7MUX_CD_SLICEL_I0_O)
                                                      0.063     3.476 r  bd_0_i/hls_inst/inst/control_s_axi_U/rdata_reg[2]_i_1/O
                         net (fo=1, routed)           0.031     3.507    bd_0_i/hls_inst/inst/control_s_axi_U/rdata[2]
    SLICE_X45Y76         FDRE                                         r  bd_0_i/hls_inst/inst/control_s_axi_U/rdata_reg[2]/D
  -------------------------------------------------------------------    -------------------

                         (clock ap_clk rise edge)     0.000     0.000 r  
                                                      0.000     0.000 r  ap_clk (IN)
                         net (fo=206997, unset)       0.020     0.020    bd_0_i/hls_inst/inst/control_s_axi_U/ap_clk
    SLICE_X45Y76         FDRE                                         r  bd_0_i/hls_inst/inst/control_s_axi_U/rdata_reg[2]/C

Slack:                    inf
  Source:                 s_axi_control_araddr[4]
                            (input port)
  Destination:            bd_0_i/hls_inst/inst/control_s_axi_U/rdata_reg[22]/D
                            (rising edge-triggered cell FDRE clocked by ap_clk  {rise@0.000ns fall@2.500ns period=5.000ns})
  Path Group:             (none)
  Path Type:              Setup (Max at Slow Process Corner)
  Data Path Delay:        3.483ns  (logic 0.543ns (15.588%)  route 2.940ns (84.412%))
  Logic Levels:           6  (LUT6=3 MUXF7=2 MUXF8=1)
  Clock Path Skew:        0.020ns (DCD - SCD + CPR)
    Destination Clock Delay (DCD):    0.020ns
    Source Clock Delay      (SCD):    0.000ns
    Clock Pessimism Removal (CPR):    0.000ns
  Clock Uncertainty:      0.025ns  ((TSJ^2 + TIJ^2)^1/2 + DJ) / 2 + PE
    Total System Jitter     (TSJ):    0.050ns
    Total Input Jitter      (TIJ):    0.000ns
    Discrete Jitter          (DJ):    0.000ns
    Phase Error              (PE):    0.000ns

    Location             Delay type                Incr(ns)  Path(ns)    Netlist Resource(s)
  -------------------------------------------------------------------    -------------------
                                                      0.000     0.000 f  s_axi_control_araddr[4] (IN)
                         net (fo=14, unset)           0.000     0.000    bd_0_i/hls_inst/inst/control_s_axi_U/s_axi_control_ARADDR[4]
    SLICE_X36Y66         LUT6 (Prop_C6LUT_SLICEL_I0_O)
                                                      0.146     0.146 r  bd_0_i/hls_inst/inst/control_s_axi_U/rdata[31]_i_53/O
                         net (fo=1, routed)           0.010     0.156    bd_0_i/hls_inst/inst/control_s_axi_U/rdata[31]_i_53_n_0
    SLICE_X36Y66         MUXF7 (Prop_F7MUX_CD_SLICEL_I1_O)
                                                      0.064     0.220 r  bd_0_i/hls_inst/inst/control_s_axi_U/rdata_reg[31]_i_33/O
                         net (fo=1, routed)           0.264     0.484    bd_0_i/hls_inst/inst/control_s_axi_U/rdata_reg[31]_i_33_n_0
    SLICE_X36Y66         LUT6 (Prop_G6LUT_SLICEL_I4_O)
                                                      0.050     0.534 r  bd_0_i/hls_inst/inst/control_s_axi_U/rdata[31]_i_13/O
                         net (fo=160, routed)         2.243     2.777    bd_0_i/hls_inst/inst/control_s_axi_U/rdata[31]_i_13_n_0
    SLICE_X48Y97         MUXF8 (Prop_F8MUX_TOP_SLICEM_S_O)
                                                      0.074     2.851 r  bd_0_i/hls_inst/inst/control_s_axi_U/rdata_reg[22]_i_5/O
                         net (fo=1, routed)           0.383     3.234    bd_0_i/hls_inst/inst/control_s_axi_U/rdata_reg[22]_i_5_n_0
    SLICE_X49Y94         LUT6 (Prop_D6LUT_SLICEL_I1_O)
                                                      0.146     3.380 r  bd_0_i/hls_inst/inst/control_s_axi_U/rdata[22]_i_2/O
                         net (fo=1, routed)           0.009     3.389    bd_0_i/hls_inst/inst/control_s_axi_U/rdata[22]_i_2_n_0
    SLICE_X49Y94         MUXF7 (Prop_F7MUX_CD_SLICEL_I0_O)
                                                      0.063     3.452 r  bd_0_i/hls_inst/inst/control_s_axi_U/rdata_reg[22]_i_1/O
                         net (fo=1, routed)           0.031     3.483    bd_0_i/hls_inst/inst/control_s_axi_U/rdata[22]
    SLICE_X49Y94         FDRE                                         r  bd_0_i/hls_inst/inst/control_s_axi_U/rdata_reg[22]/D
  -------------------------------------------------------------------    -------------------

                         (clock ap_clk rise edge)     0.000     0.000 r  
                                                      0.000     0.000 r  ap_clk (IN)
                         net (fo=206997, unset)       0.020     0.020    bd_0_i/hls_inst/inst/control_s_axi_U/ap_clk
    SLICE_X49Y94         FDRE                                         r  bd_0_i/hls_inst/inst/control_s_axi_U/rdata_reg[22]/C

Slack:                    inf
  Source:                 s_axi_control_araddr[4]
                            (input port)
  Destination:            bd_0_i/hls_inst/inst/control_s_axi_U/rdata_reg[12]/D
                            (rising edge-triggered cell FDRE clocked by ap_clk  {rise@0.000ns fall@2.500ns period=5.000ns})
  Path Group:             (none)
  Path Type:              Setup (Max at Slow Process Corner)
  Data Path Delay:        3.465ns  (logic 0.483ns (13.938%)  route 2.982ns (86.062%))
  Logic Levels:           6  (LUT6=3 MUXF7=2 MUXF8=1)
  Clock Path Skew:        0.020ns (DCD - SCD + CPR)
    Destination Clock Delay (DCD):    0.020ns
    Source Clock Delay      (SCD):    0.000ns
    Clock Pessimism Removal (CPR):    0.000ns
  Clock Uncertainty:      0.025ns  ((TSJ^2 + TIJ^2)^1/2 + DJ) / 2 + PE
    Total System Jitter     (TSJ):    0.050ns
    Total Input Jitter      (TIJ):    0.000ns
    Discrete Jitter          (DJ):    0.000ns
    Phase Error              (PE):    0.000ns

    Location             Delay type                Incr(ns)  Path(ns)    Netlist Resource(s)
  -------------------------------------------------------------------    -------------------
                                                      0.000     0.000 f  s_axi_control_araddr[4] (IN)
                         net (fo=14, unset)           0.000     0.000    bd_0_i/hls_inst/inst/control_s_axi_U/s_axi_control_ARADDR[4]
    SLICE_X36Y66         LUT6 (Prop_C6LUT_SLICEL_I0_O)
                                                      0.146     0.146 r  bd_0_i/hls_inst/inst/control_s_axi_U/rdata[31]_i_53/O
                         net (fo=1, routed)           0.010     0.156    bd_0_i/hls_inst/inst/control_s_axi_U/rdata[31]_i_53_n_0
    SLICE_X36Y66         MUXF7 (Prop_F7MUX_CD_SLICEL_I1_O)
                                                      0.064     0.220 r  bd_0_i/hls_inst/inst/control_s_axi_U/rdata_reg[31]_i_33/O
                         net (fo=1, routed)           0.264     0.484    bd_0_i/hls_inst/inst/control_s_axi_U/rdata_reg[31]_i_33_n_0
    SLICE_X36Y66         LUT6 (Prop_G6LUT_SLICEL_I4_O)
                                                      0.050     0.534 r  bd_0_i/hls_inst/inst/control_s_axi_U/rdata[31]_i_13/O
                         net (fo=160, routed)         2.448     2.982    bd_0_i/hls_inst/inst/control_s_axi_U/rdata[31]_i_13_n_0
    SLICE_X55Y66         MUXF8 (Prop_F8MUX_TOP_SLICEL_S_O)
                                                      0.069     3.051 r  bd_0_i/hls_inst/inst/control_s_axi_U/rdata_reg[12]_i_5/O
                         net (fo=1, routed)           0.219     3.270    bd_0_i/hls_inst/inst/control_s_axi_U/rdata_reg[12]_i_5_n_0
    SLICE_X54Y64         LUT6 (Prop_H6LUT_SLICEL_I1_O)
                                                      0.090     3.360 r  bd_0_i/hls_inst/inst/control_s_axi_U/rdata[12]_i_2/O
                         net (fo=1, routed)           0.010     3.370    bd_0_i/hls_inst/inst/control_s_axi_U/rdata[12]_i_2_n_0
    SLICE_X54Y64         MUXF7 (Prop_F7MUX_GH_SLICEL_I0_O)
                                                      0.064     3.434 r  bd_0_i/hls_inst/inst/control_s_axi_U/rdata_reg[12]_i_1/O
                         net (fo=1, routed)           0.031     3.465    bd_0_i/hls_inst/inst/control_s_axi_U/rdata[12]
    SLICE_X54Y64         FDRE                                         r  bd_0_i/hls_inst/inst/control_s_axi_U/rdata_reg[12]/D
  -------------------------------------------------------------------    -------------------

                         (clock ap_clk rise edge)     0.000     0.000 r  
                                                      0.000     0.000 r  ap_clk (IN)
                         net (fo=206997, unset)       0.020     0.020    bd_0_i/hls_inst/inst/control_s_axi_U/ap_clk
    SLICE_X54Y64         FDRE                                         r  bd_0_i/hls_inst/inst/control_s_axi_U/rdata_reg[12]/C





Min Delay Paths
--------------------------------------------------------------------------------------
Slack:                    inf
  Source:                 m_axi_gmem_act_rdata[0]
                            (input port)
  Destination:            bd_0_i/hls_inst/inst/gmem_act_m_axi_U/bus_read/rs_rdata/data_p2_reg[0]/D
                            (rising edge-triggered cell FDRE clocked by ap_clk  {rise@0.000ns fall@2.500ns period=5.000ns})
  Path Group:             (none)
  Path Type:              Hold (Min at Fast Process Corner)
  Data Path Delay:        0.007ns  (logic 0.000ns (0.000%)  route 0.007ns (100.000%))
  Logic Levels:           0  
  Clock Path Skew:        0.018ns (DCD - SCD - CPR)
    Destination Clock Delay (DCD):    0.018ns
    Source Clock Delay      (SCD):    0.000ns
    Clock Pessimism Removal (CPR):    -0.000ns

    Location             Delay type                Incr(ns)  Path(ns)    Netlist Resource(s)
  -------------------------------------------------------------------    -------------------
                                                      0.000     0.000 r  m_axi_gmem_act_rdata[0] (IN)
                         net (fo=1, unset)            0.007     0.007    bd_0_i/hls_inst/inst/gmem_act_m_axi_U/bus_read/rs_rdata/D[0]
    SLICE_X29Y32         FDRE                                         r  bd_0_i/hls_inst/inst/gmem_act_m_axi_U/bus_read/rs_rdata/data_p2_reg[0]/D
  -------------------------------------------------------------------    -------------------

                         (clock ap_clk rise edge)     0.000     0.000 r  
                                                      0.000     0.000 r  ap_clk (IN)
                         net (fo=206997, unset)       0.018     0.018    bd_0_i/hls_inst/inst/gmem_act_m_axi_U/bus_read/rs_rdata/ap_clk
    SLICE_X29Y32         FDRE                                         r  bd_0_i/hls_inst/inst/gmem_act_m_axi_U/bus_read/rs_rdata/data_p2_reg[0]/C

Slack:                    inf
  Source:                 m_axi_gmem_act_rdata[100]
                            (input port)
  Destination:            bd_0_i/hls_inst/inst/gmem_act_m_axi_U/bus_read/rs_rdata/data_p2_reg[100]/D
                            (rising edge-triggered cell FDRE clocked by ap_clk  {rise@0.000ns fall@2.500ns period=5.000ns})
  Path Group:             (none)
  Path Type:              Hold (Min at Fast Process Corner)
  Data Path Delay:        0.007ns  (logic 0.000ns (0.000%)  route 0.007ns (100.000%))
  Logic Levels:           0  
  Clock Path Skew:        0.019ns (DCD - SCD - CPR)
    Destination Clock Delay (DCD):    0.019ns
    Source Clock Delay      (SCD):    0.000ns
    Clock Pessimism Removal (CPR):    -0.000ns

    Location             Delay type                Incr(ns)  Path(ns)    Netlist Resource(s)
  -------------------------------------------------------------------    -------------------
                                                      0.000     0.000 r  m_axi_gmem_act_rdata[100] (IN)
                         net (fo=1, unset)            0.007     0.007    bd_0_i/hls_inst/inst/gmem_act_m_axi_U/bus_read/rs_rdata/D[100]
    SLICE_X33Y20         FDRE                                         r  bd_0_i/hls_inst/inst/gmem_act_m_axi_U/bus_read/rs_rdata/data_p2_reg[100]/D
  -------------------------------------------------------------------    -------------------

                         (clock ap_clk rise edge)     0.000     0.000 r  
                                                      0.000     0.000 r  ap_clk (IN)
                         net (fo=206997, unset)       0.019     0.019    bd_0_i/hls_inst/inst/gmem_act_m_axi_U/bus_read/rs_rdata/ap_clk
    SLICE_X33Y20         FDRE                                         r  bd_0_i/hls_inst/inst/gmem_act_m_axi_U/bus_read/rs_rdata/data_p2_reg[100]/C

Slack:                    inf
  Source:                 m_axi_gmem_act_rdata[101]
                            (input port)
  Destination:            bd_0_i/hls_inst/inst/gmem_act_m_axi_U/bus_read/rs_rdata/data_p2_reg[101]/D
                            (rising edge-triggered cell FDRE clocked by ap_clk  {rise@0.000ns fall@2.500ns period=5.000ns})
  Path Group:             (none)
  Path Type:              Hold (Min at Fast Process Corner)
  Data Path Delay:        0.007ns  (logic 0.000ns (0.000%)  route 0.007ns (100.000%))
  Logic Levels:           0  
  Clock Path Skew:        0.018ns (DCD - SCD - CPR)
    Destination Clock Delay (DCD):    0.018ns
    Source Clock Delay      (SCD):    0.000ns
    Clock Pessimism Removal (CPR):    -0.000ns

    Location             Delay type                Incr(ns)  Path(ns)    Netlist Resource(s)
  -------------------------------------------------------------------    -------------------
                                                      0.000     0.000 r  m_axi_gmem_act_rdata[101] (IN)
                         net (fo=1, unset)            0.007     0.007    bd_0_i/hls_inst/inst/gmem_act_m_axi_U/bus_read/rs_rdata/D[101]
    SLICE_X33Y24         FDRE                                         r  bd_0_i/hls_inst/inst/gmem_act_m_axi_U/bus_read/rs_rdata/data_p2_reg[101]/D
  -------------------------------------------------------------------    -------------------

                         (clock ap_clk rise edge)     0.000     0.000 r  
                                                      0.000     0.000 r  ap_clk (IN)
                         net (fo=206997, unset)       0.018     0.018    bd_0_i/hls_inst/inst/gmem_act_m_axi_U/bus_read/rs_rdata/ap_clk
    SLICE_X33Y24         FDRE                                         r  bd_0_i/hls_inst/inst/gmem_act_m_axi_U/bus_read/rs_rdata/data_p2_reg[101]/C

Slack:                    inf
  Source:                 m_axi_gmem_act_rdata[102]
                            (input port)
  Destination:            bd_0_i/hls_inst/inst/gmem_act_m_axi_U/bus_read/rs_rdata/data_p2_reg[102]/D
                            (rising edge-triggered cell FDRE clocked by ap_clk  {rise@0.000ns fall@2.500ns period=5.000ns})
  Path Group:             (none)
  Path Type:              Hold (Min at Fast Process Corner)
  Data Path Delay:        0.007ns  (logic 0.000ns (0.000%)  route 0.007ns (100.000%))
  Logic Levels:           0  
  Clock Path Skew:        0.018ns (DCD - SCD - CPR)
    Destination Clock Delay (DCD):    0.018ns
    Source Clock Delay      (SCD):    0.000ns
    Clock Pessimism Removal (CPR):    -0.000ns

    Location             Delay type                Incr(ns)  Path(ns)    Netlist Resource(s)
  -------------------------------------------------------------------    -------------------
                                                      0.000     0.000 r  m_axi_gmem_act_rdata[102] (IN)
                         net (fo=1, unset)            0.007     0.007    bd_0_i/hls_inst/inst/gmem_act_m_axi_U/bus_read/rs_rdata/D[102]
    SLICE_X32Y21         FDRE                                         r  bd_0_i/hls_inst/inst/gmem_act_m_axi_U/bus_read/rs_rdata/data_p2_reg[102]/D
  -------------------------------------------------------------------    -------------------

                         (clock ap_clk rise edge)     0.000     0.000 r  
                                                      0.000     0.000 r  ap_clk (IN)
                         net (fo=206997, unset)       0.018     0.018    bd_0_i/hls_inst/inst/gmem_act_m_axi_U/bus_read/rs_rdata/ap_clk
    SLICE_X32Y21         FDRE                                         r  bd_0_i/hls_inst/inst/gmem_act_m_axi_U/bus_read/rs_rdata/data_p2_reg[102]/C

Slack:                    inf
  Source:                 m_axi_gmem_act_rdata[103]
                            (input port)
  Destination:            bd_0_i/hls_inst/inst/gmem_act_m_axi_U/bus_read/rs_rdata/data_p2_reg[103]/D
                            (rising edge-triggered cell FDRE clocked by ap_clk  {rise@0.000ns fall@2.500ns period=5.000ns})
  Path Group:             (none)
  Path Type:              Hold (Min at Fast Process Corner)
  Data Path Delay:        0.007ns  (logic 0.000ns (0.000%)  route 0.007ns (100.000%))
  Logic Levels:           0  
  Clock Path Skew:        0.018ns (DCD - SCD - CPR)
    Destination Clock Delay (DCD):    0.018ns
    Source Clock Delay      (SCD):    0.000ns
    Clock Pessimism Removal (CPR):    -0.000ns

    Location             Delay type                Incr(ns)  Path(ns)    Netlist Resource(s)
  -------------------------------------------------------------------    -------------------
                                                      0.000     0.000 r  m_axi_gmem_act_rdata[103] (IN)
                         net (fo=1, unset)            0.007     0.007    bd_0_i/hls_inst/inst/gmem_act_m_axi_U/bus_read/rs_rdata/D[103]
    SLICE_X33Y24         FDRE                                         r  bd_0_i/hls_inst/inst/gmem_act_m_axi_U/bus_read/rs_rdata/data_p2_reg[103]/D
  -------------------------------------------------------------------    -------------------

                         (clock ap_clk rise edge)     0.000     0.000 r  
                                                      0.000     0.000 r  ap_clk (IN)
                         net (fo=206997, unset)       0.018     0.018    bd_0_i/hls_inst/inst/gmem_act_m_axi_U/bus_read/rs_rdata/ap_clk
    SLICE_X33Y24         FDRE                                         r  bd_0_i/hls_inst/inst/gmem_act_m_axi_U/bus_read/rs_rdata/data_p2_reg[103]/C

Slack:                    inf
  Source:                 m_axi_gmem_act_rdata[104]
                            (input port)
  Destination:            bd_0_i/hls_inst/inst/gmem_act_m_axi_U/bus_read/rs_rdata/data_p2_reg[104]/D
                            (rising edge-triggered cell FDRE clocked by ap_clk  {rise@0.000ns fall@2.500ns period=5.000ns})
  Path Group:             (none)
  Path Type:              Hold (Min at Fast Process Corner)
  Data Path Delay:        0.007ns  (logic 0.000ns (0.000%)  route 0.007ns (100.000%))
  Logic Levels:           0  
  Clock Path Skew:        0.019ns (DCD - SCD - CPR)
    Destination Clock Delay (DCD):    0.019ns
    Source Clock Delay      (SCD):    0.000ns
    Clock Pessimism Removal (CPR):    -0.000ns

    Location             Delay type                Incr(ns)  Path(ns)    Netlist Resource(s)
  -------------------------------------------------------------------    -------------------
                                                      0.000     0.000 r  m_axi_gmem_act_rdata[104] (IN)
                         net (fo=1, unset)            0.007     0.007    bd_0_i/hls_inst/inst/gmem_act_m_axi_U/bus_read/rs_rdata/D[104]
    SLICE_X33Y20         FDRE                                         r  bd_0_i/hls_inst/inst/gmem_act_m_axi_U/bus_read/rs_rdata/data_p2_reg[104]/D
  -------------------------------------------------------------------    -------------------

                         (clock ap_clk rise edge)     0.000     0.000 r  
                                                      0.000     0.000 r  ap_clk (IN)
                         net (fo=206997, unset)       0.019     0.019    bd_0_i/hls_inst/inst/gmem_act_m_axi_U/bus_read/rs_rdata/ap_clk
    SLICE_X33Y20         FDRE                                         r  bd_0_i/hls_inst/inst/gmem_act_m_axi_U/bus_read/rs_rdata/data_p2_reg[104]/C

Slack:                    inf
  Source:                 m_axi_gmem_act_rdata[105]
                            (input port)
  Destination:            bd_0_i/hls_inst/inst/gmem_act_m_axi_U/bus_read/rs_rdata/data_p2_reg[105]/D
                            (rising edge-triggered cell FDRE clocked by ap_clk  {rise@0.000ns fall@2.500ns period=5.000ns})
  Path Group:             (none)
  Path Type:              Hold (Min at Fast Process Corner)
  Data Path Delay:        0.007ns  (logic 0.000ns (0.000%)  route 0.007ns (100.000%))
  Logic Levels:           0  
  Clock Path Skew:        0.018ns (DCD - SCD - CPR)
    Destination Clock Delay (DCD):    0.018ns
    Source Clock Delay      (SCD):    0.000ns
    Clock Pessimism Removal (CPR):    -0.000ns

    Location             Delay type                Incr(ns)  Path(ns)    Netlist Resource(s)
  -------------------------------------------------------------------    -------------------
                                                      0.000     0.000 r  m_axi_gmem_act_rdata[105] (IN)
                         net (fo=1, unset)            0.007     0.007    bd_0_i/hls_inst/inst/gmem_act_m_axi_U/bus_read/rs_rdata/D[105]
    SLICE_X29Y22         FDRE                                         r  bd_0_i/hls_inst/inst/gmem_act_m_axi_U/bus_read/rs_rdata/data_p2_reg[105]/D
  -------------------------------------------------------------------    -------------------

                         (clock ap_clk rise edge)     0.000     0.000 r  
                                                      0.000     0.000 r  ap_clk (IN)
                         net (fo=206997, unset)       0.018     0.018    bd_0_i/hls_inst/inst/gmem_act_m_axi_U/bus_read/rs_rdata/ap_clk
    SLICE_X29Y22         FDRE                                         r  bd_0_i/hls_inst/inst/gmem_act_m_axi_U/bus_read/rs_rdata/data_p2_reg[105]/C

Slack:                    inf
  Source:                 m_axi_gmem_act_rdata[107]
                            (input port)
  Destination:            bd_0_i/hls_inst/inst/gmem_act_m_axi_U/bus_read/rs_rdata/data_p2_reg[107]/D
                            (rising edge-triggered cell FDRE clocked by ap_clk  {rise@0.000ns fall@2.500ns period=5.000ns})
  Path Group:             (none)
  Path Type:              Hold (Min at Fast Process Corner)
  Data Path Delay:        0.007ns  (logic 0.000ns (0.000%)  route 0.007ns (100.000%))
  Logic Levels:           0  
  Clock Path Skew:        0.018ns (DCD - SCD - CPR)
    Destination Clock Delay (DCD):    0.018ns
    Source Clock Delay      (SCD):    0.000ns
    Clock Pessimism Removal (CPR):    -0.000ns

    Location             Delay type                Incr(ns)  Path(ns)    Netlist Resource(s)
  -------------------------------------------------------------------    -------------------
                                                      0.000     0.000 r  m_axi_gmem_act_rdata[107] (IN)
                         net (fo=1, unset)            0.007     0.007    bd_0_i/hls_inst/inst/gmem_act_m_axi_U/bus_read/rs_rdata/D[107]
    SLICE_X29Y24         FDRE                                         r  bd_0_i/hls_inst/inst/gmem_act_m_axi_U/bus_read/rs_rdata/data_p2_reg[107]/D
  -------------------------------------------------------------------    -------------------

                         (clock ap_clk rise edge)     0.000     0.000 r  
                                                      0.000     0.000 r  ap_clk (IN)
                         net (fo=206997, unset)       0.018     0.018    bd_0_i/hls_inst/inst/gmem_act_m_axi_U/bus_read/rs_rdata/ap_clk
    SLICE_X29Y24         FDRE                                         r  bd_0_i/hls_inst/inst/gmem_act_m_axi_U/bus_read/rs_rdata/data_p2_reg[107]/C

Slack:                    inf
  Source:                 m_axi_gmem_act_rdata[108]
                            (input port)
  Destination:            bd_0_i/hls_inst/inst/gmem_act_m_axi_U/bus_read/rs_rdata/data_p2_reg[108]/D
                            (rising edge-triggered cell FDRE clocked by ap_clk  {rise@0.000ns fall@2.500ns period=5.000ns})
  Path Group:             (none)
  Path Type:              Hold (Min at Fast Process Corner)
  Data Path Delay:        0.007ns  (logic 0.000ns (0.000%)  route 0.007ns (100.000%))
  Logic Levels:           0  
  Clock Path Skew:        0.019ns (DCD - SCD - CPR)
    Destination Clock Delay (DCD):    0.019ns
    Source Clock Delay      (SCD):    0.000ns
    Clock Pessimism Removal (CPR):    -0.000ns

    Location             Delay type                Incr(ns)  Path(ns)    Netlist Resource(s)
  -------------------------------------------------------------------    -------------------
                                                      0.000     0.000 r  m_axi_gmem_act_rdata[108] (IN)
                         net (fo=1, unset)            0.007     0.007    bd_0_i/hls_inst/inst/gmem_act_m_axi_U/bus_read/rs_rdata/D[108]
    SLICE_X30Y19         FDRE                                         r  bd_0_i/hls_inst/inst/gmem_act_m_axi_U/bus_read/rs_rdata/data_p2_reg[108]/D
  -------------------------------------------------------------------    -------------------

                         (clock ap_clk rise edge)     0.000     0.000 r  
                                                      0.000     0.000 r  ap_clk (IN)
                         net (fo=206997, unset)       0.019     0.019    bd_0_i/hls_inst/inst/gmem_act_m_axi_U/bus_read/rs_rdata/ap_clk
    SLICE_X30Y19         FDRE                                         r  bd_0_i/hls_inst/inst/gmem_act_m_axi_U/bus_read/rs_rdata/data_p2_reg[108]/C

Slack:                    inf
  Source:                 m_axi_gmem_act_rdata[109]
                            (input port)
  Destination:            bd_0_i/hls_inst/inst/gmem_act_m_axi_U/bus_read/rs_rdata/data_p2_reg[109]/D
                            (rising edge-triggered cell FDRE clocked by ap_clk  {rise@0.000ns fall@2.500ns period=5.000ns})
  Path Group:             (none)
  Path Type:              Hold (Min at Fast Process Corner)
  Data Path Delay:        0.007ns  (logic 0.000ns (0.000%)  route 0.007ns (100.000%))
  Logic Levels:           0  
  Clock Path Skew:        0.018ns (DCD - SCD - CPR)
    Destination Clock Delay (DCD):    0.018ns
    Source Clock Delay      (SCD):    0.000ns
    Clock Pessimism Removal (CPR):    -0.000ns

    Location             Delay type                Incr(ns)  Path(ns)    Netlist Resource(s)
  -------------------------------------------------------------------    -------------------
                                                      0.000     0.000 r  m_axi_gmem_act_rdata[109] (IN)
                         net (fo=1, unset)            0.007     0.007    bd_0_i/hls_inst/inst/gmem_act_m_axi_U/bus_read/rs_rdata/D[109]
    SLICE_X29Y22         FDRE                                         r  bd_0_i/hls_inst/inst/gmem_act_m_axi_U/bus_read/rs_rdata/data_p2_reg[109]/D
  -------------------------------------------------------------------    -------------------

                         (clock ap_clk rise edge)     0.000     0.000 r  
                                                      0.000     0.000 r  ap_clk (IN)
                         net (fo=206997, unset)       0.018     0.018    bd_0_i/hls_inst/inst/gmem_act_m_axi_U/bus_read/rs_rdata/ap_clk
    SLICE_X29Y22         FDRE                                         r  bd_0_i/hls_inst/inst/gmem_act_m_axi_U/bus_read/rs_rdata/data_p2_reg[109]/C





