Copyright 1986-2022 Xilinx, Inc. All Rights Reserved. Copyright 2022-2023 Advanced Micro Devices, Inc. All Rights Reserved.
--------------------------------------------------------------------------------------------------------------------------------------------------------------------------------------------------------------------------------------
| Tool Version      : Vivado v.2023.2 (lin64) Build 4029153 Fri Oct 13 20:13:54 MDT 2023
| Date              : Mon Mar 16 20:31:00 2026
| Host              : <REDACTED_HOST> running 64-bit Ubuntu 22.04.5 LTS
| Command           : report_timing_summary -max_paths 10 -report_unconstrained -file bd_0_wrapper_timing_summary_routed.rpt -pb bd_0_wrapper_timing_summary_routed.pb -rpx bd_0_wrapper_timing_summary_routed.rpx -warn_on_violation
| Design            : bd_0_wrapper
| Device            : xcu55c-fsvh2892
| Speed File        : -2L  PRODUCTION 1.30 05-01-2022
| Design State      : Routed
| Temperature Grade : E
--------------------------------------------------------------------------------------------------------------------------------------------------------------------------------------------------------------------------------------

Timing Summary Report

------------------------------------------------------------------------------------------------
| Timer Settings
| --------------
------------------------------------------------------------------------------------------------

  Enable Multi Corner Analysis               :  Yes
  Enable Pessimism Removal                   :  Yes
  Pessimism Removal Resolution               :  Nearest Common Node
  Enable Input Delay Default Clock           :  No
  Enable Preset / Clear Arcs                 :  No
  Disable Flight Delays                      :  No
  Ignore I/O Paths                           :  No
  Timing Early Launch at Borrowing Latches   :  No
  Borrow Time for Max Delay Exceptions       :  Yes
  Merge Timing Exceptions                    :  Yes
  Inter-SLR Compensation                     :  Conservative

  Corner  Analyze    Analyze    
  Name    Max Paths  Min Paths  
  ------  ---------  ---------  
  Slow    Yes        Yes        
  Fast    Yes        Yes        


------------------------------------------------------------------------------------------------
| Report Methodology
| ------------------
------------------------------------------------------------------------------------------------

Rule       Severity  Description                    Violations  
---------  --------  -----------------------------  ----------  
TIMING-18  Warning   Missing input or output delay  473         

Note: This report is based on the most recent report_methodology run and may not be up-to-date. Run report_methodology on the current design for the latest report.



check_timing report

Table of Contents
-----------------
1. checking no_clock (0)
2. checking constant_clock (0)
3. checking pulse_width_clock (0)
4. checking unconstrained_internal_endpoints (0)
5. checking no_input_delay (136)
6. checking no_output_delay (318)
7. checking multiple_clock (0)
8. checking generated_clocks (0)
9. checking loops (0)
10. checking partial_input_delay (0)
11. checking partial_output_delay (0)
12. checking latch_loops (0)

1. checking no_clock (0)
------------------------
 There are 0 register/latch pins with no clock.


2. checking constant_clock (0)
------------------------------
 There are 0 register/latch pins with constant_clock.


3. checking pulse_width_clock (0)
---------------------------------
 There are 0 register/latch pins which need pulse_width check


4. checking unconstrained_internal_endpoints (0)
------------------------------------------------
 There are 0 pins that are not constrained for maximum delay.

 There are 0 pins that are not constrained for maximum delay due to constant clock.


5. checking no_input_delay (136)
--------------------------------
 There are 136 input ports with no input delay specified. (HIGH)

 There are 0 input ports with no input delay but user has a false path constraint.


6. checking no_output_delay (318)
---------------------------------
 There are 318 ports with no output delay specified. (HIGH)

 There are 0 ports with no output delay but user has a false path constraint

 There are 0 ports with no output delay but with a timing clock defined on it or propagating through it


7. checking multiple_clock (0)
------------------------------
 There are 0 register/latch pins with multiple clocks.


8. checking generated_clocks (0)
--------------------------------
 There are 0 generated clocks that are not connected to a clock source.


9. checking loops (0)
---------------------
 There are 0 combinational loops in the design.


10. checking partial_input_delay (0)
------------------------------------
 There are 0 input ports with partial input delay specified.


11. checking partial_output_delay (0)
-------------------------------------
 There are 0 ports with partial output delay specified.


12. checking latch_loops (0)
----------------------------
 There are 0 combinational latch loops in the design through latch input



------------------------------------------------------------------------------------------------
| Design Timing Summary
| ---------------------
------------------------------------------------------------------------------------------------

    WNS(ns)      TNS(ns)  TNS Failing Endpoints  TNS Total Endpoints      WHS(ns)      THS(ns)  THS Failing Endpoints  THS Total Endpoints     WPWS(ns)     TPWS(ns)  TPWS Failing Endpoints  TPWS Total Endpoints  
    -------      -------  ---------------------  -------------------      -------      -------  ---------------------  -------------------     --------     --------  ----------------------  --------------------  
      0.111        0.000                      0              1660419        0.020        0.000                      0              1660419        2.022        0.000                       0                619859  


All user specified timing constraints are met.


------------------------------------------------------------------------------------------------
| Clock Summary
| -------------
------------------------------------------------------------------------------------------------

Clock   Waveform(ns)         Period(ns)      Frequency(MHz)
-----   ------------         ----------      --------------
ap_clk  {0.000 2.564}        5.128           195.008         


------------------------------------------------------------------------------------------------
| Intra Clock Table
| -----------------
------------------------------------------------------------------------------------------------

Clock             WNS(ns)      TNS(ns)  TNS Failing Endpoints  TNS Total Endpoints      WHS(ns)      THS(ns)  THS Failing Endpoints  THS Total Endpoints     WPWS(ns)     TPWS(ns)  TPWS Failing Endpoints  TPWS Total Endpoints  
-----             -------      -------  ---------------------  -------------------      -------      -------  ---------------------  -------------------     --------     --------  ----------------------  --------------------  
ap_clk              0.111        0.000                      0              1660419        0.020        0.000                      0              1660419        2.022        0.000                       0                619859  


------------------------------------------------------------------------------------------------
| Inter Clock Table
| -----------------
------------------------------------------------------------------------------------------------

From Clock    To Clock          WNS(ns)      TNS(ns)  TNS Failing Endpoints  TNS Total Endpoints      WHS(ns)      THS(ns)  THS Failing Endpoints  THS Total Endpoints  
----------    --------          -------      -------  ---------------------  -------------------      -------      -------  ---------------------  -------------------  


------------------------------------------------------------------------------------------------
| Other Path Groups Table
| -----------------------
------------------------------------------------------------------------------------------------

Path Group    From Clock    To Clock          WNS(ns)      TNS(ns)  TNS Failing Endpoints  TNS Total Endpoints      WHS(ns)      THS(ns)  THS Failing Endpoints  THS Total Endpoints  
----------    ----------    --------          -------      -------  ---------------------  -------------------      -------      -------  ---------------------  -------------------  


------------------------------------------------------------------------------------------------
| User Ignored Path Table
| -----------------------
------------------------------------------------------------------------------------------------

Path Group    From Clock    To Clock    
----------    ----------    --------    


------------------------------------------------------------------------------------------------
| Unconstrained Path Table
| ------------------------
------------------------------------------------------------------------------------------------

Path Group    From Clock    To Clock    
----------    ----------    --------    
(none)        ap_clk                      
(none)                      ap_clk        


------------------------------------------------------------------------------------------------
| Timing Details
| --------------
------------------------------------------------------------------------------------------------


---------------------------------------------------------------------------------------------------
From Clock:  ap_clk
  To Clock:  ap_clk

Setup :            0  Failing Endpoints,  Worst Slack        0.111ns,  Total Violation        0.000ns
Hold  :            0  Failing Endpoints,  Worst Slack        0.020ns,  Total Violation        0.000ns
PW    :            0  Failing Endpoints,  Worst Slack        2.022ns,  Total Violation        0.000ns
---------------------------------------------------------------------------------------------------


Max Delay Paths
--------------------------------------------------------------------------------------
Slack (MET) :             0.111ns  (required time - arrival time)
  Source:                 bd_0_i/hls_inst/inst/control_s_axi_U/int_mode_reg[0]/C
                            (rising edge-triggered cell FDRE clocked by ap_clk  {rise@0.000ns fall@2.564ns period=5.128ns})
  Destination:            bd_0_i/hls_inst/inst/grp_Hybrid_INT4_INT4_PD_fu_2465/col_gen[75].row_gen[46].dsp_core/signs_r1_reg[7]/R
                            (rising edge-triggered cell FDRE clocked by ap_clk  {rise@0.000ns fall@2.564ns period=5.128ns})
  Path Group:             ap_clk
  Path Type:              Setup (Max at Slow Process Corner)
  Requirement:            5.128ns  (ap_clk rise@5.128ns - ap_clk rise@0.000ns)
  Data Path Delay:        4.895ns  (logic 0.079ns (1.614%)  route 4.816ns (98.386%))
  Logic Levels:           0  
  Clock Path Skew:        -0.009ns (DCD - SCD + CPR)
    Destination Clock Delay (DCD):    0.021ns = ( 5.149 - 5.128 ) 
    Source Clock Delay      (SCD):    0.030ns
    Clock Pessimism Removal (CPR):    0.000ns
  Clock Uncertainty:      0.035ns  ((TSJ^2 + TIJ^2)^1/2 + DJ) / 2 + PE
    Total System Jitter     (TSJ):    0.071ns
    Total Input Jitter      (TIJ):    0.000ns
    Discrete Jitter          (DJ):    0.000ns
    Phase Error              (PE):    0.000ns
  Inter-SLR Compensation: 0.003ns  (DCD * PF)
    Destination Clock Delay (DCD):    0.021ns
    Prorating Factor         (PF):    0.150

    Location             Delay type                Incr(ns)  Path(ns)    Netlist Resource(s)
  -------------------------------------------------------------------    -------------------
                         (clock ap_clk rise edge)     0.000     0.000 r  
                                                      0.000     0.000 r  ap_clk (IN)
                         net (fo=660658, unset)       0.030     0.030    bd_0_i/hls_inst/inst/control_s_axi_U/ap_clk
    SLICE_X111Y351       FDRE                                         r  bd_0_i/hls_inst/inst/control_s_axi_U/int_mode_reg[0]/C
  -------------------------------------------------------------------    -------------------
    SLICE_X111Y351       FDRE (Prop_EFF2_SLICEM_C_Q)
                                                      0.079     0.109 r  bd_0_i/hls_inst/inst/control_s_axi_U/int_mode_reg[0]/Q
                         net (fo=332104, routed)      4.816     4.925    bd_0_i/hls_inst/inst/grp_Hybrid_INT4_INT4_PD_fu_2465/col_gen[75].row_gen[46].dsp_core/mode
    SLR Crossing[1->0]   
    SLICE_X222Y87        FDRE                                         r  bd_0_i/hls_inst/inst/grp_Hybrid_INT4_INT4_PD_fu_2465/col_gen[75].row_gen[46].dsp_core/signs_r1_reg[7]/R
  -------------------------------------------------------------------    -------------------

                         (clock ap_clk rise edge)     5.128     5.128 r  
                                                      0.000     5.128 r  ap_clk (IN)
                         net (fo=660658, unset)       0.021     5.149    bd_0_i/hls_inst/inst/grp_Hybrid_INT4_INT4_PD_fu_2465/col_gen[75].row_gen[46].dsp_core/ap_clk
    SLICE_X222Y87        FDRE                                         r  bd_0_i/hls_inst/inst/grp_Hybrid_INT4_INT4_PD_fu_2465/col_gen[75].row_gen[46].dsp_core/signs_r1_reg[7]/C
                         clock pessimism              0.000     5.149    
                         inter-SLR compensation      -0.003     5.146    
                         clock uncertainty           -0.035     5.110    
    SLICE_X222Y87        FDRE (Setup_BFF_SLICEM_C_R)
                                                     -0.074     5.036    bd_0_i/hls_inst/inst/grp_Hybrid_INT4_INT4_PD_fu_2465/col_gen[75].row_gen[46].dsp_core/signs_r1_reg[7]
  -------------------------------------------------------------------
                         required time                          5.036    
                         arrival time                          -4.925    
  -------------------------------------------------------------------
                         slack                                  0.111    

Slack (MET) :             0.160ns  (required time - arrival time)
  Source:                 bd_0_i/hls_inst/inst/control_s_axi_U/int_mode_reg[0]/C
                            (rising edge-triggered cell FDRE clocked by ap_clk  {rise@0.000ns fall@2.564ns period=5.128ns})
  Destination:            bd_0_i/hls_inst/inst/grp_Hybrid_INT4_INT4_PD_fu_2465/col_gen[75].row_gen[45].dsp_core/signs_r1_reg[7]/R
                            (rising edge-triggered cell FDRE clocked by ap_clk  {rise@0.000ns fall@2.564ns period=5.128ns})
  Path Group:             ap_clk
  Path Type:              Setup (Max at Slow Process Corner)
  Requirement:            5.128ns  (ap_clk rise@5.128ns - ap_clk rise@0.000ns)
  Data Path Delay:        4.846ns  (logic 0.079ns (1.630%)  route 4.767ns (98.370%))
  Logic Levels:           0  
  Clock Path Skew:        -0.009ns (DCD - SCD + CPR)
    Destination Clock Delay (DCD):    0.021ns = ( 5.149 - 5.128 ) 
    Source Clock Delay      (SCD):    0.030ns
    Clock Pessimism Removal (CPR):    0.000ns
  Clock Uncertainty:      0.035ns  ((TSJ^2 + TIJ^2)^1/2 + DJ) / 2 + PE
    Total System Jitter     (TSJ):    0.071ns
    Total Input Jitter      (TIJ):    0.000ns
    Discrete Jitter          (DJ):    0.000ns
    Phase Error              (PE):    0.000ns
  Inter-SLR Compensation: 0.003ns  (DCD * PF)
    Destination Clock Delay (DCD):    0.021ns
    Prorating Factor         (PF):    0.150

    Location             Delay type                Incr(ns)  Path(ns)    Netlist Resource(s)
  -------------------------------------------------------------------    -------------------
                         (clock ap_clk rise edge)     0.000     0.000 r  
                                                      0.000     0.000 r  ap_clk (IN)
                         net (fo=660658, unset)       0.030     0.030    bd_0_i/hls_inst/inst/control_s_axi_U/ap_clk
    SLICE_X111Y351       FDRE                                         r  bd_0_i/hls_inst/inst/control_s_axi_U/int_mode_reg[0]/C
  -------------------------------------------------------------------    -------------------
    SLICE_X111Y351       FDRE (Prop_EFF2_SLICEM_C_Q)
                                                      0.079     0.109 r  bd_0_i/hls_inst/inst/control_s_axi_U/int_mode_reg[0]/Q
                         net (fo=332104, routed)      4.767     4.876    bd_0_i/hls_inst/inst/grp_Hybrid_INT4_INT4_PD_fu_2465/col_gen[75].row_gen[45].dsp_core/mode
    SLR Crossing[1->0]   
    SLICE_X220Y77        FDRE                                         r  bd_0_i/hls_inst/inst/grp_Hybrid_INT4_INT4_PD_fu_2465/col_gen[75].row_gen[45].dsp_core/signs_r1_reg[7]/R
  -------------------------------------------------------------------    -------------------

                         (clock ap_clk rise edge)     5.128     5.128 r  
                                                      0.000     5.128 r  ap_clk (IN)
                         net (fo=660658, unset)       0.021     5.149    bd_0_i/hls_inst/inst/grp_Hybrid_INT4_INT4_PD_fu_2465/col_gen[75].row_gen[45].dsp_core/ap_clk
    SLICE_X220Y77        FDRE                                         r  bd_0_i/hls_inst/inst/grp_Hybrid_INT4_INT4_PD_fu_2465/col_gen[75].row_gen[45].dsp_core/signs_r1_reg[7]/C
                         clock pessimism              0.000     5.149    
                         inter-SLR compensation      -0.003     5.146    
                         clock uncertainty           -0.035     5.110    
    SLICE_X220Y77        FDRE (Setup_DFF_SLICEM_C_R)
                                                     -0.074     5.036    bd_0_i/hls_inst/inst/grp_Hybrid_INT4_INT4_PD_fu_2465/col_gen[75].row_gen[45].dsp_core/signs_r1_reg[7]
  -------------------------------------------------------------------
                         required time                          5.036    
                         arrival time                          -4.876    
  -------------------------------------------------------------------
                         slack                                  0.160    

Slack (MET) :             0.162ns  (required time - arrival time)
  Source:                 bd_0_i/hls_inst/inst/control_s_axi_U/int_mode_reg[0]/C
                            (rising edge-triggered cell FDRE clocked by ap_clk  {rise@0.000ns fall@2.564ns period=5.128ns})
  Destination:            bd_0_i/hls_inst/inst/grp_Hybrid_INT4_INT4_PD_fu_2465/col_gen[68].row_gen[46].dsp_core/signs_r1_reg[7]/R
                            (rising edge-triggered cell FDRE clocked by ap_clk  {rise@0.000ns fall@2.564ns period=5.128ns})
  Path Group:             ap_clk
  Path Type:              Setup (Max at Slow Process Corner)
  Requirement:            5.128ns  (ap_clk rise@5.128ns - ap_clk rise@0.000ns)
  Data Path Delay:        4.843ns  (logic 0.079ns (1.631%)  route 4.764ns (98.369%))
  Logic Levels:           0  
  Clock Path Skew:        -0.010ns (DCD - SCD + CPR)
    Destination Clock Delay (DCD):    0.020ns = ( 5.148 - 5.128 ) 
    Source Clock Delay      (SCD):    0.030ns
    Clock Pessimism Removal (CPR):    0.000ns
  Clock Uncertainty:      0.035ns  ((TSJ^2 + TIJ^2)^1/2 + DJ) / 2 + PE
    Total System Jitter     (TSJ):    0.071ns
    Total Input Jitter      (TIJ):    0.000ns
    Discrete Jitter          (DJ):    0.000ns
    Phase Error              (PE):    0.000ns
  Inter-SLR Compensation: 0.003ns  (DCD * PF)
    Destination Clock Delay (DCD):    0.020ns
    Prorating Factor         (PF):    0.150

    Location             Delay type                Incr(ns)  Path(ns)    Netlist Resource(s)
  -------------------------------------------------------------------    -------------------
                         (clock ap_clk rise edge)     0.000     0.000 r  
                                                      0.000     0.000 r  ap_clk (IN)
                         net (fo=660658, unset)       0.030     0.030    bd_0_i/hls_inst/inst/control_s_axi_U/ap_clk
    SLICE_X111Y351       FDRE                                         r  bd_0_i/hls_inst/inst/control_s_axi_U/int_mode_reg[0]/C
  -------------------------------------------------------------------    -------------------
    SLICE_X111Y351       FDRE (Prop_EFF2_SLICEM_C_Q)
                                                      0.079     0.109 r  bd_0_i/hls_inst/inst/control_s_axi_U/int_mode_reg[0]/Q
                         net (fo=332104, routed)      4.764     4.873    bd_0_i/hls_inst/inst/grp_Hybrid_INT4_INT4_PD_fu_2465/col_gen[68].row_gen[46].dsp_core/mode
    SLR Crossing[1->0]   
    SLICE_X223Y86        FDRE                                         r  bd_0_i/hls_inst/inst/grp_Hybrid_INT4_INT4_PD_fu_2465/col_gen[68].row_gen[46].dsp_core/signs_r1_reg[7]/R
  -------------------------------------------------------------------    -------------------

                         (clock ap_clk rise edge)     5.128     5.128 r  
                                                      0.000     5.128 r  ap_clk (IN)
                         net (fo=660658, unset)       0.020     5.148    bd_0_i/hls_inst/inst/grp_Hybrid_INT4_INT4_PD_fu_2465/col_gen[68].row_gen[46].dsp_core/ap_clk
    SLICE_X223Y86        FDRE                                         r  bd_0_i/hls_inst/inst/grp_Hybrid_INT4_INT4_PD_fu_2465/col_gen[68].row_gen[46].dsp_core/signs_r1_reg[7]/C
                         clock pessimism              0.000     5.148    
                         inter-SLR compensation      -0.003     5.145    
                         clock uncertainty           -0.035     5.110    
    SLICE_X223Y86        FDRE (Setup_DFF_SLICEL_C_R)
                                                     -0.074     5.036    bd_0_i/hls_inst/inst/grp_Hybrid_INT4_INT4_PD_fu_2465/col_gen[68].row_gen[46].dsp_core/signs_r1_reg[7]
  -------------------------------------------------------------------
                         required time                          5.036    
                         arrival time                          -4.873    
  -------------------------------------------------------------------
                         slack                                  0.162    

Slack (MET) :             0.166ns  (required time - arrival time)
  Source:                 bd_0_i/hls_inst/inst/control_s_axi_U/int_mode_reg[0]/C
                            (rising edge-triggered cell FDRE clocked by ap_clk  {rise@0.000ns fall@2.564ns period=5.128ns})
  Destination:            bd_0_i/hls_inst/inst/grp_Hybrid_INT4_INT4_PD_fu_2465/col_gen[85].row_gen[64].dsp_core/signs_r1_reg[8]/R
                            (rising edge-triggered cell FDRE clocked by ap_clk  {rise@0.000ns fall@2.564ns period=5.128ns})
  Path Group:             ap_clk
  Path Type:              Setup (Max at Slow Process Corner)
  Requirement:            5.128ns  (ap_clk rise@5.128ns - ap_clk rise@0.000ns)
  Data Path Delay:        4.840ns  (logic 0.079ns (1.632%)  route 4.761ns (98.368%))
  Logic Levels:           0  
  Clock Path Skew:        -0.010ns (DCD - SCD + CPR)
    Destination Clock Delay (DCD):    0.020ns = ( 5.148 - 5.128 ) 
    Source Clock Delay      (SCD):    0.030ns
    Clock Pessimism Removal (CPR):    0.000ns
  Clock Uncertainty:      0.035ns  ((TSJ^2 + TIJ^2)^1/2 + DJ) / 2 + PE
    Total System Jitter     (TSJ):    0.071ns
    Total Input Jitter      (TIJ):    0.000ns
    Discrete Jitter          (DJ):    0.000ns
    Phase Error              (PE):    0.000ns
  Inter-SLR Compensation: 0.003ns  (DCD * PF)
    Destination Clock Delay (DCD):    0.020ns
    Prorating Factor         (PF):    0.150

    Location             Delay type                Incr(ns)  Path(ns)    Netlist Resource(s)
  -------------------------------------------------------------------    -------------------
                         (clock ap_clk rise edge)     0.000     0.000 r  
                                                      0.000     0.000 r  ap_clk (IN)
                         net (fo=660658, unset)       0.030     0.030    bd_0_i/hls_inst/inst/control_s_axi_U/ap_clk
    SLICE_X111Y351       FDRE                                         r  bd_0_i/hls_inst/inst/control_s_axi_U/int_mode_reg[0]/C
  -------------------------------------------------------------------    -------------------
    SLICE_X111Y351       FDRE (Prop_EFF2_SLICEM_C_Q)
                                                      0.079     0.109 r  bd_0_i/hls_inst/inst/control_s_axi_U/int_mode_reg[0]/Q
                         net (fo=332104, routed)      4.761     4.870    bd_0_i/hls_inst/inst/grp_Hybrid_INT4_INT4_PD_fu_2465/col_gen[85].row_gen[64].dsp_core/mode
    SLR Crossing[1->0]   
    SLICE_X199Y44        FDRE                                         r  bd_0_i/hls_inst/inst/grp_Hybrid_INT4_INT4_PD_fu_2465/col_gen[85].row_gen[64].dsp_core/signs_r1_reg[8]/R
  -------------------------------------------------------------------    -------------------

                         (clock ap_clk rise edge)     5.128     5.128 r  
                                                      0.000     5.128 r  ap_clk (IN)
                         net (fo=660658, unset)       0.020     5.148    bd_0_i/hls_inst/inst/grp_Hybrid_INT4_INT4_PD_fu_2465/col_gen[85].row_gen[64].dsp_core/ap_clk
    SLICE_X199Y44        FDRE                                         r  bd_0_i/hls_inst/inst/grp_Hybrid_INT4_INT4_PD_fu_2465/col_gen[85].row_gen[64].dsp_core/signs_r1_reg[8]/C
                         clock pessimism              0.000     5.148    
                         inter-SLR compensation      -0.003     5.145    
                         clock uncertainty           -0.035     5.110    
    SLICE_X199Y44        FDRE (Setup_DFF_SLICEL_C_R)
                                                     -0.074     5.036    bd_0_i/hls_inst/inst/grp_Hybrid_INT4_INT4_PD_fu_2465/col_gen[85].row_gen[64].dsp_core/signs_r1_reg[8]
  -------------------------------------------------------------------
                         required time                          5.036    
                         arrival time                          -4.870    
  -------------------------------------------------------------------
                         slack                                  0.166    

Slack (MET) :             0.171ns  (required time - arrival time)
  Source:                 bd_0_i/hls_inst/inst/control_s_axi_U/int_mode_reg[0]/C
                            (rising edge-triggered cell FDRE clocked by ap_clk  {rise@0.000ns fall@2.564ns period=5.128ns})
  Destination:            bd_0_i/hls_inst/inst/grp_Hybrid_INT4_INT4_PD_fu_2465/col_gen[73].row_gen[64].dsp_core/mode_r1_reg/D
                            (rising edge-triggered cell FDRE clocked by ap_clk  {rise@0.000ns fall@2.564ns period=5.128ns})
  Path Group:             ap_clk
  Path Type:              Setup (Max at Slow Process Corner)
  Requirement:            5.128ns  (ap_clk rise@5.128ns - ap_clk rise@0.000ns)
  Data Path Delay:        4.934ns  (logic 0.079ns (1.601%)  route 4.855ns (98.399%))
  Logic Levels:           0  
  Clock Path Skew:        -0.010ns (DCD - SCD + CPR)
    Destination Clock Delay (DCD):    0.020ns = ( 5.148 - 5.128 ) 
    Source Clock Delay      (SCD):    0.030ns
    Clock Pessimism Removal (CPR):    0.000ns
  Clock Uncertainty:      0.035ns  ((TSJ^2 + TIJ^2)^1/2 + DJ) / 2 + PE
    Total System Jitter     (TSJ):    0.071ns
    Total Input Jitter      (TIJ):    0.000ns
    Discrete Jitter          (DJ):    0.000ns
    Phase Error              (PE):    0.000ns
  Inter-SLR Compensation: 0.003ns  (DCD * PF)
    Destination Clock Delay (DCD):    0.020ns
    Prorating Factor         (PF):    0.150

    Location             Delay type                Incr(ns)  Path(ns)    Netlist Resource(s)
  -------------------------------------------------------------------    -------------------
                         (clock ap_clk rise edge)     0.000     0.000 r  
                                                      0.000     0.000 r  ap_clk (IN)
                         net (fo=660658, unset)       0.030     0.030    bd_0_i/hls_inst/inst/control_s_axi_U/ap_clk
    SLICE_X111Y351       FDRE                                         r  bd_0_i/hls_inst/inst/control_s_axi_U/int_mode_reg[0]/C
  -------------------------------------------------------------------    -------------------
    SLICE_X111Y351       FDRE (Prop_EFF2_SLICEM_C_Q)
                                                      0.079     0.109 r  bd_0_i/hls_inst/inst/control_s_axi_U/int_mode_reg[0]/Q
                         net (fo=332104, routed)      4.855     4.964    bd_0_i/hls_inst/inst/grp_Hybrid_INT4_INT4_PD_fu_2465/col_gen[73].row_gen[64].dsp_core/mode
    SLR Crossing[1->0]   
    SLICE_X195Y19        FDRE                                         r  bd_0_i/hls_inst/inst/grp_Hybrid_INT4_INT4_PD_fu_2465/col_gen[73].row_gen[64].dsp_core/mode_r1_reg/D
  -------------------------------------------------------------------    -------------------

                         (clock ap_clk rise edge)     5.128     5.128 r  
                                                      0.000     5.128 r  ap_clk (IN)
                         net (fo=660658, unset)       0.020     5.148    bd_0_i/hls_inst/inst/grp_Hybrid_INT4_INT4_PD_fu_2465/col_gen[73].row_gen[64].dsp_core/ap_clk
    SLICE_X195Y19        FDRE                                         r  bd_0_i/hls_inst/inst/grp_Hybrid_INT4_INT4_PD_fu_2465/col_gen[73].row_gen[64].dsp_core/mode_r1_reg/C
                         clock pessimism              0.000     5.148    
                         inter-SLR compensation      -0.003     5.145    
                         clock uncertainty           -0.035     5.110    
    SLICE_X195Y19        FDRE (Setup_BFF_SLICEL_C_D)
                                                      0.025     5.135    bd_0_i/hls_inst/inst/grp_Hybrid_INT4_INT4_PD_fu_2465/col_gen[73].row_gen[64].dsp_core/mode_r1_reg
  -------------------------------------------------------------------
                         required time                          5.135    
                         arrival time                          -4.964    
  -------------------------------------------------------------------
                         slack                                  0.171    

Slack (MET) :             0.173ns  (required time - arrival time)
  Source:                 bd_0_i/hls_inst/inst/control_s_axi_U/int_mode_reg[0]/C
                            (rising edge-triggered cell FDRE clocked by ap_clk  {rise@0.000ns fall@2.564ns period=5.128ns})
  Destination:            bd_0_i/hls_inst/inst/grp_Hybrid_INT4_INT4_PD_fu_2465/col_gen[75].row_gen[31].dsp_core/mode_r1_reg/D
                            (rising edge-triggered cell FDRE clocked by ap_clk  {rise@0.000ns fall@2.564ns period=5.128ns})
  Path Group:             ap_clk
  Path Type:              Setup (Max at Slow Process Corner)
  Requirement:            5.128ns  (ap_clk rise@5.128ns - ap_clk rise@0.000ns)
  Data Path Delay:        4.933ns  (logic 0.079ns (1.602%)  route 4.854ns (98.398%))
  Logic Levels:           0  
  Clock Path Skew:        -0.009ns (DCD - SCD + CPR)
    Destination Clock Delay (DCD):    0.021ns = ( 5.149 - 5.128 ) 
    Source Clock Delay      (SCD):    0.030ns
    Clock Pessimism Removal (CPR):    0.000ns
  Clock Uncertainty:      0.035ns  ((TSJ^2 + TIJ^2)^1/2 + DJ) / 2 + PE
    Total System Jitter     (TSJ):    0.071ns
    Total Input Jitter      (TIJ):    0.000ns
    Discrete Jitter          (DJ):    0.000ns
    Phase Error              (PE):    0.000ns
  Inter-SLR Compensation: 0.003ns  (DCD * PF)
    Destination Clock Delay (DCD):    0.021ns
    Prorating Factor         (PF):    0.150

    Location             Delay type                Incr(ns)  Path(ns)    Netlist Resource(s)
  -------------------------------------------------------------------    -------------------
                         (clock ap_clk rise edge)     0.000     0.000 r  
                                                      0.000     0.000 r  ap_clk (IN)
                         net (fo=660658, unset)       0.030     0.030    bd_0_i/hls_inst/inst/control_s_axi_U/ap_clk
    SLICE_X111Y351       FDRE                                         r  bd_0_i/hls_inst/inst/control_s_axi_U/int_mode_reg[0]/C
  -------------------------------------------------------------------    -------------------
    SLICE_X111Y351       FDRE (Prop_EFF2_SLICEM_C_Q)
                                                      0.079     0.109 r  bd_0_i/hls_inst/inst/control_s_axi_U/int_mode_reg[0]/Q
                         net (fo=332104, routed)      4.854     4.963    bd_0_i/hls_inst/inst/grp_Hybrid_INT4_INT4_PD_fu_2465/col_gen[75].row_gen[31].dsp_core/mode
    SLR Crossing[1->2]   
    SLICE_X192Y664       FDRE                                         r  bd_0_i/hls_inst/inst/grp_Hybrid_INT4_INT4_PD_fu_2465/col_gen[75].row_gen[31].dsp_core/mode_r1_reg/D
  -------------------------------------------------------------------    -------------------

                         (clock ap_clk rise edge)     5.128     5.128 r  
                                                      0.000     5.128 r  ap_clk (IN)
                         net (fo=660658, unset)       0.021     5.149    bd_0_i/hls_inst/inst/grp_Hybrid_INT4_INT4_PD_fu_2465/col_gen[75].row_gen[31].dsp_core/ap_clk
    SLICE_X192Y664       FDRE                                         r  bd_0_i/hls_inst/inst/grp_Hybrid_INT4_INT4_PD_fu_2465/col_gen[75].row_gen[31].dsp_core/mode_r1_reg/C
                         clock pessimism              0.000     5.149    
                         inter-SLR compensation      -0.003     5.146    
                         clock uncertainty           -0.035     5.110    
    SLICE_X192Y664       FDRE (Setup_GFF_SLICEM_C_D)
                                                      0.025     5.135    bd_0_i/hls_inst/inst/grp_Hybrid_INT4_INT4_PD_fu_2465/col_gen[75].row_gen[31].dsp_core/mode_r1_reg
  -------------------------------------------------------------------
                         required time                          5.135    
                         arrival time                          -4.963    
  -------------------------------------------------------------------
                         slack                                  0.173    

Slack (MET) :             0.178ns  (required time - arrival time)
  Source:                 bd_0_i/hls_inst/inst/control_s_axi_U/int_mode_reg[0]/C
                            (rising edge-triggered cell FDRE clocked by ap_clk  {rise@0.000ns fall@2.564ns period=5.128ns})
  Destination:            bd_0_i/hls_inst/inst/grp_Hybrid_INT4_INT4_PD_fu_2465/col_gen[34].row_gen[35].dsp_core/signs_r1_reg[7]/R
                            (rising edge-triggered cell FDRE clocked by ap_clk  {rise@0.000ns fall@2.564ns period=5.128ns})
  Path Group:             ap_clk
  Path Type:              Setup (Max at Slow Process Corner)
  Requirement:            5.128ns  (ap_clk rise@5.128ns - ap_clk rise@0.000ns)
  Data Path Delay:        4.828ns  (logic 0.079ns (1.636%)  route 4.749ns (98.364%))
  Logic Levels:           0  
  Clock Path Skew:        -0.010ns (DCD - SCD + CPR)
    Destination Clock Delay (DCD):    0.020ns = ( 5.148 - 5.128 ) 
    Source Clock Delay      (SCD):    0.030ns
    Clock Pessimism Removal (CPR):    0.000ns
  Clock Uncertainty:      0.035ns  ((TSJ^2 + TIJ^2)^1/2 + DJ) / 2 + PE
    Total System Jitter     (TSJ):    0.071ns
    Total Input Jitter      (TIJ):    0.000ns
    Discrete Jitter          (DJ):    0.000ns
    Phase Error              (PE):    0.000ns
  Inter-SLR Compensation: 0.003ns  (DCD * PF)
    Destination Clock Delay (DCD):    0.020ns
    Prorating Factor         (PF):    0.150

    Location             Delay type                Incr(ns)  Path(ns)    Netlist Resource(s)
  -------------------------------------------------------------------    -------------------
                         (clock ap_clk rise edge)     0.000     0.000 r  
                                                      0.000     0.000 r  ap_clk (IN)
                         net (fo=660658, unset)       0.030     0.030    bd_0_i/hls_inst/inst/control_s_axi_U/ap_clk
    SLICE_X111Y351       FDRE                                         r  bd_0_i/hls_inst/inst/control_s_axi_U/int_mode_reg[0]/C
  -------------------------------------------------------------------    -------------------
    SLICE_X111Y351       FDRE (Prop_EFF2_SLICEM_C_Q)
                                                      0.079     0.109 r  bd_0_i/hls_inst/inst/control_s_axi_U/int_mode_reg[0]/Q
                         net (fo=332104, routed)      4.749     4.858    bd_0_i/hls_inst/inst/grp_Hybrid_INT4_INT4_PD_fu_2465/col_gen[34].row_gen[35].dsp_core/mode
    SLR Crossing[1->2]   
    SLICE_X155Y507       FDRE                                         r  bd_0_i/hls_inst/inst/grp_Hybrid_INT4_INT4_PD_fu_2465/col_gen[34].row_gen[35].dsp_core/signs_r1_reg[7]/R
  -------------------------------------------------------------------    -------------------

                         (clock ap_clk rise edge)     5.128     5.128 r  
                                                      0.000     5.128 r  ap_clk (IN)
                         net (fo=660658, unset)       0.020     5.148    bd_0_i/hls_inst/inst/grp_Hybrid_INT4_INT4_PD_fu_2465/col_gen[34].row_gen[35].dsp_core/ap_clk
    SLICE_X155Y507       FDRE                                         r  bd_0_i/hls_inst/inst/grp_Hybrid_INT4_INT4_PD_fu_2465/col_gen[34].row_gen[35].dsp_core/signs_r1_reg[7]/C
                         clock pessimism              0.000     5.148    
                         inter-SLR compensation      -0.003     5.145    
                         clock uncertainty           -0.035     5.110    
    SLICE_X155Y507       FDRE (Setup_EFF_SLICEL_C_R)
                                                     -0.074     5.036    bd_0_i/hls_inst/inst/grp_Hybrid_INT4_INT4_PD_fu_2465/col_gen[34].row_gen[35].dsp_core/signs_r1_reg[7]
  -------------------------------------------------------------------
                         required time                          5.036    
                         arrival time                          -4.858    
  -------------------------------------------------------------------
                         slack                                  0.178    

Slack (MET) :             0.179ns  (required time - arrival time)
  Source:                 bd_0_i/hls_inst/inst/control_s_axi_U/int_mode_reg[0]/C
                            (rising edge-triggered cell FDRE clocked by ap_clk  {rise@0.000ns fall@2.564ns period=5.128ns})
  Destination:            bd_0_i/hls_inst/inst/grp_Hybrid_INT4_INT4_PD_fu_2465/col_gen[85].row_gen[46].dsp_core/mode_r1_reg/D
                            (rising edge-triggered cell FDRE clocked by ap_clk  {rise@0.000ns fall@2.564ns period=5.128ns})
  Path Group:             ap_clk
  Path Type:              Setup (Max at Slow Process Corner)
  Requirement:            5.128ns  (ap_clk rise@5.128ns - ap_clk rise@0.000ns)
  Data Path Delay:        4.927ns  (logic 0.079ns (1.603%)  route 4.848ns (98.397%))
  Logic Levels:           0  
  Clock Path Skew:        -0.009ns (DCD - SCD + CPR)
    Destination Clock Delay (DCD):    0.021ns = ( 5.149 - 5.128 ) 
    Source Clock Delay      (SCD):    0.030ns
    Clock Pessimism Removal (CPR):    0.000ns
  Clock Uncertainty:      0.035ns  ((TSJ^2 + TIJ^2)^1/2 + DJ) / 2 + PE
    Total System Jitter     (TSJ):    0.071ns
    Total Input Jitter      (TIJ):    0.000ns
    Discrete Jitter          (DJ):    0.000ns
    Phase Error              (PE):    0.000ns
  Inter-SLR Compensation: 0.003ns  (DCD * PF)
    Destination Clock Delay (DCD):    0.021ns
    Prorating Factor         (PF):    0.150

    Location             Delay type                Incr(ns)  Path(ns)    Netlist Resource(s)
  -------------------------------------------------------------------    -------------------
                         (clock ap_clk rise edge)     0.000     0.000 r  
                                                      0.000     0.000 r  ap_clk (IN)
                         net (fo=660658, unset)       0.030     0.030    bd_0_i/hls_inst/inst/control_s_axi_U/ap_clk
    SLICE_X111Y351       FDRE                                         r  bd_0_i/hls_inst/inst/control_s_axi_U/int_mode_reg[0]/C
  -------------------------------------------------------------------    -------------------
    SLICE_X111Y351       FDRE (Prop_EFF2_SLICEM_C_Q)
                                                      0.079     0.109 r  bd_0_i/hls_inst/inst/control_s_axi_U/int_mode_reg[0]/Q
                         net (fo=332104, routed)      4.848     4.957    bd_0_i/hls_inst/inst/grp_Hybrid_INT4_INT4_PD_fu_2465/col_gen[85].row_gen[46].dsp_core/mode
    SLR Crossing[1->0]   
    SLICE_X220Y102       FDRE                                         r  bd_0_i/hls_inst/inst/grp_Hybrid_INT4_INT4_PD_fu_2465/col_gen[85].row_gen[46].dsp_core/mode_r1_reg/D
  -------------------------------------------------------------------    -------------------

                         (clock ap_clk rise edge)     5.128     5.128 r  
                                                      0.000     5.128 r  ap_clk (IN)
                         net (fo=660658, unset)       0.021     5.149    bd_0_i/hls_inst/inst/grp_Hybrid_INT4_INT4_PD_fu_2465/col_gen[85].row_gen[46].dsp_core/ap_clk
    SLICE_X220Y102       FDRE                                         r  bd_0_i/hls_inst/inst/grp_Hybrid_INT4_INT4_PD_fu_2465/col_gen[85].row_gen[46].dsp_core/mode_r1_reg/C
                         clock pessimism              0.000     5.149    
                         inter-SLR compensation      -0.003     5.146    
                         clock uncertainty           -0.035     5.110    
    SLICE_X220Y102       FDRE (Setup_GFF_SLICEM_C_D)
                                                      0.025     5.135    bd_0_i/hls_inst/inst/grp_Hybrid_INT4_INT4_PD_fu_2465/col_gen[85].row_gen[46].dsp_core/mode_r1_reg
  -------------------------------------------------------------------
                         required time                          5.135    
                         arrival time                          -4.957    
  -------------------------------------------------------------------
                         slack                                  0.179    

Slack (MET) :             0.180ns  (required time - arrival time)
  Source:                 bd_0_i/hls_inst/inst/control_s_axi_U/int_mode_reg[0]/C
                            (rising edge-triggered cell FDRE clocked by ap_clk  {rise@0.000ns fall@2.564ns period=5.128ns})
  Destination:            bd_0_i/hls_inst/inst/grp_Hybrid_INT4_INT4_PD_fu_2465/col_gen[18].row_gen[24].dsp_core/signs_r1_reg[8]/R
                            (rising edge-triggered cell FDRE clocked by ap_clk  {rise@0.000ns fall@2.564ns period=5.128ns})
  Path Group:             ap_clk
  Path Type:              Setup (Max at Slow Process Corner)
  Requirement:            5.128ns  (ap_clk rise@5.128ns - ap_clk rise@0.000ns)
  Data Path Delay:        4.827ns  (logic 0.079ns (1.637%)  route 4.748ns (98.363%))
  Logic Levels:           0  
  Clock Path Skew:        -0.009ns (DCD - SCD + CPR)
    Destination Clock Delay (DCD):    0.021ns = ( 5.149 - 5.128 ) 
    Source Clock Delay      (SCD):    0.030ns
    Clock Pessimism Removal (CPR):    0.000ns
  Clock Uncertainty:      0.035ns  ((TSJ^2 + TIJ^2)^1/2 + DJ) / 2 + PE
    Total System Jitter     (TSJ):    0.071ns
    Total Input Jitter      (TIJ):    0.000ns
    Discrete Jitter          (DJ):    0.000ns
    Phase Error              (PE):    0.000ns
  Inter-SLR Compensation: 0.003ns  (DCD * PF)
    Destination Clock Delay (DCD):    0.021ns
    Prorating Factor         (PF):    0.150

    Location             Delay type                Incr(ns)  Path(ns)    Netlist Resource(s)
  -------------------------------------------------------------------    -------------------
                         (clock ap_clk rise edge)     0.000     0.000 r  
                                                      0.000     0.000 r  ap_clk (IN)
                         net (fo=660658, unset)       0.030     0.030    bd_0_i/hls_inst/inst/control_s_axi_U/ap_clk
    SLICE_X111Y351       FDRE                                         r  bd_0_i/hls_inst/inst/control_s_axi_U/int_mode_reg[0]/C
  -------------------------------------------------------------------    -------------------
    SLICE_X111Y351       FDRE (Prop_EFF2_SLICEM_C_Q)
                                                      0.079     0.109 r  bd_0_i/hls_inst/inst/control_s_axi_U/int_mode_reg[0]/Q
                         net (fo=332104, routed)      4.748     4.857    bd_0_i/hls_inst/inst/grp_Hybrid_INT4_INT4_PD_fu_2465/col_gen[18].row_gen[24].dsp_core/mode
    SLR Crossing[1->2]   
    SLICE_X141Y541       FDRE                                         r  bd_0_i/hls_inst/inst/grp_Hybrid_INT4_INT4_PD_fu_2465/col_gen[18].row_gen[24].dsp_core/signs_r1_reg[8]/R
  -------------------------------------------------------------------    -------------------

                         (clock ap_clk rise edge)     5.128     5.128 r  
                                                      0.000     5.128 r  ap_clk (IN)
                         net (fo=660658, unset)       0.021     5.149    bd_0_i/hls_inst/inst/grp_Hybrid_INT4_INT4_PD_fu_2465/col_gen[18].row_gen[24].dsp_core/ap_clk
    SLICE_X141Y541       FDRE                                         r  bd_0_i/hls_inst/inst/grp_Hybrid_INT4_INT4_PD_fu_2465/col_gen[18].row_gen[24].dsp_core/signs_r1_reg[8]/C
                         clock pessimism              0.000     5.149    
                         inter-SLR compensation      -0.003     5.146    
                         clock uncertainty           -0.035     5.110    
    SLICE_X141Y541       FDRE (Setup_DFF_SLICEM_C_R)
                                                     -0.074     5.036    bd_0_i/hls_inst/inst/grp_Hybrid_INT4_INT4_PD_fu_2465/col_gen[18].row_gen[24].dsp_core/signs_r1_reg[8]
  -------------------------------------------------------------------
                         required time                          5.036    
                         arrival time                          -4.857    
  -------------------------------------------------------------------
                         slack                                  0.180    

Slack (MET) :             0.184ns  (required time - arrival time)
  Source:                 bd_0_i/hls_inst/inst/control_s_axi_U/int_mode_reg[0]/C
                            (rising edge-triggered cell FDRE clocked by ap_clk  {rise@0.000ns fall@2.564ns period=5.128ns})
  Destination:            bd_0_i/hls_inst/inst/grp_Hybrid_INT4_INT4_PD_fu_2465/col_gen[88].row_gen[64].dsp_core/signs_r1_reg[7]/R
                            (rising edge-triggered cell FDRE clocked by ap_clk  {rise@0.000ns fall@2.564ns period=5.128ns})
  Path Group:             ap_clk
  Path Type:              Setup (Max at Slow Process Corner)
  Requirement:            5.128ns  (ap_clk rise@5.128ns - ap_clk rise@0.000ns)
  Data Path Delay:        4.823ns  (logic 0.079ns (1.638%)  route 4.744ns (98.362%))
  Logic Levels:           0  
  Clock Path Skew:        -0.009ns (DCD - SCD + CPR)
    Destination Clock Delay (DCD):    0.021ns = ( 5.149 - 5.128 ) 
    Source Clock Delay      (SCD):    0.030ns
    Clock Pessimism Removal (CPR):    0.000ns
  Clock Uncertainty:      0.035ns  ((TSJ^2 + TIJ^2)^1/2 + DJ) / 2 + PE
    Total System Jitter     (TSJ):    0.071ns
    Total Input Jitter      (TIJ):    0.000ns
    Discrete Jitter          (DJ):    0.000ns
    Phase Error              (PE):    0.000ns
  Inter-SLR Compensation: 0.003ns  (DCD * PF)
    Destination Clock Delay (DCD):    0.021ns
    Prorating Factor         (PF):    0.150

    Location             Delay type                Incr(ns)  Path(ns)    Netlist Resource(s)
  -------------------------------------------------------------------    -------------------
                         (clock ap_clk rise edge)     0.000     0.000 r  
                                                      0.000     0.000 r  ap_clk (IN)
                         net (fo=660658, unset)       0.030     0.030    bd_0_i/hls_inst/inst/control_s_axi_U/ap_clk
    SLICE_X111Y351       FDRE                                         r  bd_0_i/hls_inst/inst/control_s_axi_U/int_mode_reg[0]/C
  -------------------------------------------------------------------    -------------------
    SLICE_X111Y351       FDRE (Prop_EFF2_SLICEM_C_Q)
                                                      0.079     0.109 r  bd_0_i/hls_inst/inst/control_s_axi_U/int_mode_reg[0]/Q
                         net (fo=332104, routed)      4.744     4.853    bd_0_i/hls_inst/inst/grp_Hybrid_INT4_INT4_PD_fu_2465/col_gen[88].row_gen[64].dsp_core/mode
    SLR Crossing[1->0]   
    SLICE_X184Y19        FDRE                                         r  bd_0_i/hls_inst/inst/grp_Hybrid_INT4_INT4_PD_fu_2465/col_gen[88].row_gen[64].dsp_core/signs_r1_reg[7]/R
  -------------------------------------------------------------------    -------------------

                         (clock ap_clk rise edge)     5.128     5.128 r  
                                                      0.000     5.128 r  ap_clk (IN)
                         net (fo=660658, unset)       0.021     5.149    bd_0_i/hls_inst/inst/grp_Hybrid_INT4_INT4_PD_fu_2465/col_gen[88].row_gen[64].dsp_core/ap_clk
    SLICE_X184Y19        FDRE                                         r  bd_0_i/hls_inst/inst/grp_Hybrid_INT4_INT4_PD_fu_2465/col_gen[88].row_gen[64].dsp_core/signs_r1_reg[7]/C
                         clock pessimism              0.000     5.149    
                         inter-SLR compensation      -0.003     5.146    
                         clock uncertainty           -0.035     5.110    
    SLICE_X184Y19        FDRE (Setup_BFF_SLICEM_C_R)
                                                     -0.074     5.036    bd_0_i/hls_inst/inst/grp_Hybrid_INT4_INT4_PD_fu_2465/col_gen[88].row_gen[64].dsp_core/signs_r1_reg[7]
  -------------------------------------------------------------------
                         required time                          5.036    
                         arrival time                          -4.853    
  -------------------------------------------------------------------
                         slack                                  0.184    





Min Delay Paths
--------------------------------------------------------------------------------------
Slack (MET) :             0.020ns  (arrival time - required time)
  Source:                 bd_0_i/hls_inst/inst/grp_Hybrid_INT4_INT4_PD_fu_2465/col_gen[10].row_gen[0].dsp_core/LSB_Res8_r1_reg[1]/C
                            (rising edge-triggered cell FDRE clocked by ap_clk  {rise@0.000ns fall@2.564ns period=5.128ns})
  Destination:            bd_0_i/hls_inst/inst/grp_Hybrid_INT4_INT4_PD_fu_2465/col_gen[10].row_gen[0].dsp_core/LSB_Res8_r2_reg[1]/D
                            (rising edge-triggered cell FDRE clocked by ap_clk  {rise@0.000ns fall@2.564ns period=5.128ns})
  Path Group:             ap_clk
  Path Type:              Hold (Min at Fast Process Corner)
  Requirement:            0.000ns  (ap_clk rise@0.000ns - ap_clk rise@0.000ns)
  Data Path Delay:        0.073ns  (logic 0.039ns (53.425%)  route 0.034ns (46.575%))
  Logic Levels:           0  
  Clock Path Skew:        0.006ns (DCD - SCD - CPR)
    Destination Clock Delay (DCD):    0.019ns
    Source Clock Delay      (SCD):    0.013ns
    Clock Pessimism Removal (CPR):    -0.000ns

    Location             Delay type                Incr(ns)  Path(ns)    Netlist Resource(s)
  -------------------------------------------------------------------    -------------------
                         (clock ap_clk rise edge)     0.000     0.000 r  
                                                      0.000     0.000 r  ap_clk (IN)
                         net (fo=660658, unset)       0.013     0.013    bd_0_i/hls_inst/inst/grp_Hybrid_INT4_INT4_PD_fu_2465/col_gen[10].row_gen[0].dsp_core/ap_clk
    SLICE_X98Y408        FDRE                                         r  bd_0_i/hls_inst/inst/grp_Hybrid_INT4_INT4_PD_fu_2465/col_gen[10].row_gen[0].dsp_core/LSB_Res8_r1_reg[1]/C
  -------------------------------------------------------------------    -------------------
    SLICE_X98Y408        FDRE (Prop_HFF_SLICEL_C_Q)
                                                      0.039     0.052 r  bd_0_i/hls_inst/inst/grp_Hybrid_INT4_INT4_PD_fu_2465/col_gen[10].row_gen[0].dsp_core/LSB_Res8_r1_reg[1]/Q
                         net (fo=2, routed)           0.034     0.086    bd_0_i/hls_inst/inst/grp_Hybrid_INT4_INT4_PD_fu_2465/col_gen[10].row_gen[0].dsp_core/LSB_Res8_r1[1]
    SLICE_X98Y408        FDRE                                         r  bd_0_i/hls_inst/inst/grp_Hybrid_INT4_INT4_PD_fu_2465/col_gen[10].row_gen[0].dsp_core/LSB_Res8_r2_reg[1]/D
  -------------------------------------------------------------------    -------------------

                         (clock ap_clk rise edge)     0.000     0.000 r  
                                                      0.000     0.000 r  ap_clk (IN)
                         net (fo=660658, unset)       0.019     0.019    bd_0_i/hls_inst/inst/grp_Hybrid_INT4_INT4_PD_fu_2465/col_gen[10].row_gen[0].dsp_core/ap_clk
    SLICE_X98Y408        FDRE                                         r  bd_0_i/hls_inst/inst/grp_Hybrid_INT4_INT4_PD_fu_2465/col_gen[10].row_gen[0].dsp_core/LSB_Res8_r2_reg[1]/C
                         clock pessimism              0.000     0.019    
    SLICE_X98Y408        FDRE (Hold_EFF2_SLICEL_C_D)
                                                      0.047     0.066    bd_0_i/hls_inst/inst/grp_Hybrid_INT4_INT4_PD_fu_2465/col_gen[10].row_gen[0].dsp_core/LSB_Res8_r2_reg[1]
  -------------------------------------------------------------------
                         required time                         -0.066    
                         arrival time                           0.086    
  -------------------------------------------------------------------
                         slack                                  0.020    

Slack (MET) :             0.020ns  (arrival time - required time)
  Source:                 bd_0_i/hls_inst/inst/grp_Hybrid_INT4_INT4_PD_fu_2465/col_gen[17].row_gen[18].dsp_core/LSB_Res8_r2_reg[0]/C
                            (rising edge-triggered cell FDRE clocked by ap_clk  {rise@0.000ns fall@2.564ns period=5.128ns})
  Destination:            bd_0_i/hls_inst/inst/grp_Hybrid_INT4_INT4_PD_fu_2465/col_gen[17].row_gen[18].dsp_core/LSB_Res8_r3_reg[0]/D
                            (rising edge-triggered cell FDRE clocked by ap_clk  {rise@0.000ns fall@2.564ns period=5.128ns})
  Path Group:             ap_clk
  Path Type:              Hold (Min at Fast Process Corner)
  Requirement:            0.000ns  (ap_clk rise@0.000ns - ap_clk rise@0.000ns)
  Data Path Delay:        0.073ns  (logic 0.039ns (53.425%)  route 0.034ns (46.575%))
  Logic Levels:           0  
  Clock Path Skew:        0.006ns (DCD - SCD - CPR)
    Destination Clock Delay (DCD):    0.018ns
    Source Clock Delay      (SCD):    0.012ns
    Clock Pessimism Removal (CPR):    -0.000ns

    Location             Delay type                Incr(ns)  Path(ns)    Netlist Resource(s)
  -------------------------------------------------------------------    -------------------
                         (clock ap_clk rise edge)     0.000     0.000 r  
                                                      0.000     0.000 r  ap_clk (IN)
                         net (fo=660658, unset)       0.012     0.012    bd_0_i/hls_inst/inst/grp_Hybrid_INT4_INT4_PD_fu_2465/col_gen[17].row_gen[18].dsp_core/ap_clk
    SLICE_X59Y718        FDRE                                         r  bd_0_i/hls_inst/inst/grp_Hybrid_INT4_INT4_PD_fu_2465/col_gen[17].row_gen[18].dsp_core/LSB_Res8_r2_reg[0]/C
  -------------------------------------------------------------------    -------------------
    SLICE_X59Y718        FDRE (Prop_AFF_SLICEL_C_Q)
                                                      0.039     0.051 r  bd_0_i/hls_inst/inst/grp_Hybrid_INT4_INT4_PD_fu_2465/col_gen[17].row_gen[18].dsp_core/LSB_Res8_r2_reg[0]/Q
                         net (fo=1, routed)           0.034     0.085    bd_0_i/hls_inst/inst/grp_Hybrid_INT4_INT4_PD_fu_2465/col_gen[17].row_gen[18].dsp_core/LSB_Res8_r2[0]
    SLICE_X59Y718        FDRE                                         r  bd_0_i/hls_inst/inst/grp_Hybrid_INT4_INT4_PD_fu_2465/col_gen[17].row_gen[18].dsp_core/LSB_Res8_r3_reg[0]/D
  -------------------------------------------------------------------    -------------------

                         (clock ap_clk rise edge)     0.000     0.000 r  
                                                      0.000     0.000 r  ap_clk (IN)
                         net (fo=660658, unset)       0.018     0.018    bd_0_i/hls_inst/inst/grp_Hybrid_INT4_INT4_PD_fu_2465/col_gen[17].row_gen[18].dsp_core/ap_clk
    SLICE_X59Y718        FDRE                                         r  bd_0_i/hls_inst/inst/grp_Hybrid_INT4_INT4_PD_fu_2465/col_gen[17].row_gen[18].dsp_core/LSB_Res8_r3_reg[0]/C
                         clock pessimism              0.000     0.018    
    SLICE_X59Y718        FDRE (Hold_BFF2_SLICEL_C_D)
                                                      0.047     0.065    bd_0_i/hls_inst/inst/grp_Hybrid_INT4_INT4_PD_fu_2465/col_gen[17].row_gen[18].dsp_core/LSB_Res8_r3_reg[0]
  -------------------------------------------------------------------
                         required time                         -0.065    
                         arrival time                           0.085    
  -------------------------------------------------------------------
                         slack                                  0.020    

Slack (MET) :             0.020ns  (arrival time - required time)
  Source:                 bd_0_i/hls_inst/inst/grp_Hybrid_INT4_INT4_PD_fu_2465/col_gen[18].row_gen[26].dsp_core/LSB_Res8_r2_reg[0]/C
                            (rising edge-triggered cell FDRE clocked by ap_clk  {rise@0.000ns fall@2.564ns period=5.128ns})
  Destination:            bd_0_i/hls_inst/inst/grp_Hybrid_INT4_INT4_PD_fu_2465/col_gen[18].row_gen[26].dsp_core/LSB_Res8_r3_reg[0]/D
                            (rising edge-triggered cell FDRE clocked by ap_clk  {rise@0.000ns fall@2.564ns period=5.128ns})
  Path Group:             ap_clk
  Path Type:              Hold (Min at Fast Process Corner)
  Requirement:            0.000ns  (ap_clk rise@0.000ns - ap_clk rise@0.000ns)
  Data Path Delay:        0.073ns  (logic 0.039ns (53.425%)  route 0.034ns (46.575%))
  Logic Levels:           0  
  Clock Path Skew:        0.006ns (DCD - SCD - CPR)
    Destination Clock Delay (DCD):    0.018ns
    Source Clock Delay      (SCD):    0.012ns
    Clock Pessimism Removal (CPR):    -0.000ns

    Location             Delay type                Incr(ns)  Path(ns)    Netlist Resource(s)
  -------------------------------------------------------------------    -------------------
                         (clock ap_clk rise edge)     0.000     0.000 r  
                                                      0.000     0.000 r  ap_clk (IN)
                         net (fo=660658, unset)       0.012     0.012    bd_0_i/hls_inst/inst/grp_Hybrid_INT4_INT4_PD_fu_2465/col_gen[18].row_gen[26].dsp_core/ap_clk
    SLICE_X211Y510       FDRE                                         r  bd_0_i/hls_inst/inst/grp_Hybrid_INT4_INT4_PD_fu_2465/col_gen[18].row_gen[26].dsp_core/LSB_Res8_r2_reg[0]/C
  -------------------------------------------------------------------    -------------------
    SLICE_X211Y510       FDRE (Prop_AFF_SLICEL_C_Q)
                                                      0.039     0.051 r  bd_0_i/hls_inst/inst/grp_Hybrid_INT4_INT4_PD_fu_2465/col_gen[18].row_gen[26].dsp_core/LSB_Res8_r2_reg[0]/Q
                         net (fo=1, routed)           0.034     0.085    bd_0_i/hls_inst/inst/grp_Hybrid_INT4_INT4_PD_fu_2465/col_gen[18].row_gen[26].dsp_core/LSB_Res8_r2[0]
    SLICE_X211Y510       FDRE                                         r  bd_0_i/hls_inst/inst/grp_Hybrid_INT4_INT4_PD_fu_2465/col_gen[18].row_gen[26].dsp_core/LSB_Res8_r3_reg[0]/D
  -------------------------------------------------------------------    -------------------

                         (clock ap_clk rise edge)     0.000     0.000 r  
                                                      0.000     0.000 r  ap_clk (IN)
                         net (fo=660658, unset)       0.018     0.018    bd_0_i/hls_inst/inst/grp_Hybrid_INT4_INT4_PD_fu_2465/col_gen[18].row_gen[26].dsp_core/ap_clk
    SLICE_X211Y510       FDRE                                         r  bd_0_i/hls_inst/inst/grp_Hybrid_INT4_INT4_PD_fu_2465/col_gen[18].row_gen[26].dsp_core/LSB_Res8_r3_reg[0]/C
                         clock pessimism              0.000     0.018    
    SLICE_X211Y510       FDRE (Hold_BFF2_SLICEL_C_D)
                                                      0.047     0.065    bd_0_i/hls_inst/inst/grp_Hybrid_INT4_INT4_PD_fu_2465/col_gen[18].row_gen[26].dsp_core/LSB_Res8_r3_reg[0]
  -------------------------------------------------------------------
                         required time                         -0.065    
                         arrival time                           0.085    
  -------------------------------------------------------------------
                         slack                                  0.020    

Slack (MET) :             0.020ns  (arrival time - required time)
  Source:                 bd_0_i/hls_inst/inst/grp_Hybrid_INT4_INT4_PD_fu_2465/col_gen[19].row_gen[53].dsp_core/signs_r2_reg[8]/C
                            (rising edge-triggered cell FDRE clocked by ap_clk  {rise@0.000ns fall@2.564ns period=5.128ns})
  Destination:            bd_0_i/hls_inst/inst/grp_Hybrid_INT4_INT4_PD_fu_2465/col_gen[19].row_gen[53].dsp_core/signs_r3_reg[8]/D
                            (rising edge-triggered cell FDRE clocked by ap_clk  {rise@0.000ns fall@2.564ns period=5.128ns})
  Path Group:             ap_clk
  Path Type:              Hold (Min at Fast Process Corner)
  Requirement:            0.000ns  (ap_clk rise@0.000ns - ap_clk rise@0.000ns)
  Data Path Delay:        0.073ns  (logic 0.039ns (53.425%)  route 0.034ns (46.575%))
  Logic Levels:           0  
  Clock Path Skew:        0.006ns (DCD - SCD - CPR)
    Destination Clock Delay (DCD):    0.018ns
    Source Clock Delay      (SCD):    0.012ns
    Clock Pessimism Removal (CPR):    -0.000ns

    Location             Delay type                Incr(ns)  Path(ns)    Netlist Resource(s)
  -------------------------------------------------------------------    -------------------
                         (clock ap_clk rise edge)     0.000     0.000 r  
                                                      0.000     0.000 r  ap_clk (IN)
                         net (fo=660658, unset)       0.012     0.012    bd_0_i/hls_inst/inst/grp_Hybrid_INT4_INT4_PD_fu_2465/col_gen[19].row_gen[53].dsp_core/ap_clk
    SLICE_X82Y20         FDRE                                         r  bd_0_i/hls_inst/inst/grp_Hybrid_INT4_INT4_PD_fu_2465/col_gen[19].row_gen[53].dsp_core/signs_r2_reg[8]/C
  -------------------------------------------------------------------    -------------------
    SLICE_X82Y20         FDRE (Prop_AFF_SLICEL_C_Q)
                                                      0.039     0.051 r  bd_0_i/hls_inst/inst/grp_Hybrid_INT4_INT4_PD_fu_2465/col_gen[19].row_gen[53].dsp_core/signs_r2_reg[8]/Q
                         net (fo=1, routed)           0.034     0.085    bd_0_i/hls_inst/inst/grp_Hybrid_INT4_INT4_PD_fu_2465/col_gen[19].row_gen[53].dsp_core/signs_r2[8]
    SLICE_X82Y20         FDRE                                         r  bd_0_i/hls_inst/inst/grp_Hybrid_INT4_INT4_PD_fu_2465/col_gen[19].row_gen[53].dsp_core/signs_r3_reg[8]/D
  -------------------------------------------------------------------    -------------------

                         (clock ap_clk rise edge)     0.000     0.000 r  
                                                      0.000     0.000 r  ap_clk (IN)
                         net (fo=660658, unset)       0.018     0.018    bd_0_i/hls_inst/inst/grp_Hybrid_INT4_INT4_PD_fu_2465/col_gen[19].row_gen[53].dsp_core/ap_clk
    SLICE_X82Y20         FDRE                                         r  bd_0_i/hls_inst/inst/grp_Hybrid_INT4_INT4_PD_fu_2465/col_gen[19].row_gen[53].dsp_core/signs_r3_reg[8]/C
                         clock pessimism              0.000     0.018    
    SLICE_X82Y20         FDRE (Hold_BFF2_SLICEL_C_D)
                                                      0.047     0.065    bd_0_i/hls_inst/inst/grp_Hybrid_INT4_INT4_PD_fu_2465/col_gen[19].row_gen[53].dsp_core/signs_r3_reg[8]
  -------------------------------------------------------------------
                         required time                         -0.065    
                         arrival time                           0.085    
  -------------------------------------------------------------------
                         slack                                  0.020    

Slack (MET) :             0.020ns  (arrival time - required time)
  Source:                 bd_0_i/hls_inst/inst/grp_Hybrid_INT4_INT4_PD_fu_2465/col_gen[20].row_gen[47].dsp_core/LSB_Res4_r2_reg[0]/C
                            (rising edge-triggered cell FDRE clocked by ap_clk  {rise@0.000ns fall@2.564ns period=5.128ns})
  Destination:            bd_0_i/hls_inst/inst/grp_Hybrid_INT4_INT4_PD_fu_2465/col_gen[20].row_gen[47].dsp_core/LSB_Res4_r3_reg[0]/D
                            (rising edge-triggered cell FDRE clocked by ap_clk  {rise@0.000ns fall@2.564ns period=5.128ns})
  Path Group:             ap_clk
  Path Type:              Hold (Min at Fast Process Corner)
  Requirement:            0.000ns  (ap_clk rise@0.000ns - ap_clk rise@0.000ns)
  Data Path Delay:        0.073ns  (logic 0.039ns (53.425%)  route 0.034ns (46.575%))
  Logic Levels:           0  
  Clock Path Skew:        0.006ns (DCD - SCD - CPR)
    Destination Clock Delay (DCD):    0.018ns
    Source Clock Delay      (SCD):    0.012ns
    Clock Pessimism Removal (CPR):    -0.000ns

    Location             Delay type                Incr(ns)  Path(ns)    Netlist Resource(s)
  -------------------------------------------------------------------    -------------------
                         (clock ap_clk rise edge)     0.000     0.000 r  
                                                      0.000     0.000 r  ap_clk (IN)
                         net (fo=660658, unset)       0.012     0.012    bd_0_i/hls_inst/inst/grp_Hybrid_INT4_INT4_PD_fu_2465/col_gen[20].row_gen[47].dsp_core/ap_clk
    SLICE_X120Y141       FDRE                                         r  bd_0_i/hls_inst/inst/grp_Hybrid_INT4_INT4_PD_fu_2465/col_gen[20].row_gen[47].dsp_core/LSB_Res4_r2_reg[0]/C
  -------------------------------------------------------------------    -------------------
    SLICE_X120Y141       FDRE (Prop_AFF_SLICEL_C_Q)
                                                      0.039     0.051 r  bd_0_i/hls_inst/inst/grp_Hybrid_INT4_INT4_PD_fu_2465/col_gen[20].row_gen[47].dsp_core/LSB_Res4_r2_reg[0]/Q
                         net (fo=1, routed)           0.034     0.085    bd_0_i/hls_inst/inst/grp_Hybrid_INT4_INT4_PD_fu_2465/col_gen[20].row_gen[47].dsp_core/LSB_Res4_r2[0]
    SLICE_X120Y141       FDRE                                         r  bd_0_i/hls_inst/inst/grp_Hybrid_INT4_INT4_PD_fu_2465/col_gen[20].row_gen[47].dsp_core/LSB_Res4_r3_reg[0]/D
  -------------------------------------------------------------------    -------------------

                         (clock ap_clk rise edge)     0.000     0.000 r  
                                                      0.000     0.000 r  ap_clk (IN)
                         net (fo=660658, unset)       0.018     0.018    bd_0_i/hls_inst/inst/grp_Hybrid_INT4_INT4_PD_fu_2465/col_gen[20].row_gen[47].dsp_core/ap_clk
    SLICE_X120Y141       FDRE                                         r  bd_0_i/hls_inst/inst/grp_Hybrid_INT4_INT4_PD_fu_2465/col_gen[20].row_gen[47].dsp_core/LSB_Res4_r3_reg[0]/C
                         clock pessimism              0.000     0.018    
    SLICE_X120Y141       FDRE (Hold_BFF2_SLICEL_C_D)
                                                      0.047     0.065    bd_0_i/hls_inst/inst/grp_Hybrid_INT4_INT4_PD_fu_2465/col_gen[20].row_gen[47].dsp_core/LSB_Res4_r3_reg[0]
  -------------------------------------------------------------------
                         required time                         -0.065    
                         arrival time                           0.085    
  -------------------------------------------------------------------
                         slack                                  0.020    

Slack (MET) :             0.020ns  (arrival time - required time)
  Source:                 bd_0_i/hls_inst/inst/grp_Hybrid_INT4_INT4_PD_fu_2465/col_gen[30].row_gen[25].dsp_core/LSB_Res8_r2_reg[0]/C
                            (rising edge-triggered cell FDRE clocked by ap_clk  {rise@0.000ns fall@2.564ns period=5.128ns})
  Destination:            bd_0_i/hls_inst/inst/grp_Hybrid_INT4_INT4_PD_fu_2465/col_gen[30].row_gen[25].dsp_core/LSB_Res8_r3_reg[0]/D
                            (rising edge-triggered cell FDRE clocked by ap_clk  {rise@0.000ns fall@2.564ns period=5.128ns})
  Path Group:             ap_clk
  Path Type:              Hold (Min at Fast Process Corner)
  Requirement:            0.000ns  (ap_clk rise@0.000ns - ap_clk rise@0.000ns)
  Data Path Delay:        0.073ns  (logic 0.039ns (53.425%)  route 0.034ns (46.575%))
  Logic Levels:           0  
  Clock Path Skew:        0.006ns (DCD - SCD - CPR)
    Destination Clock Delay (DCD):    0.018ns
    Source Clock Delay      (SCD):    0.012ns
    Clock Pessimism Removal (CPR):    -0.000ns

    Location             Delay type                Incr(ns)  Path(ns)    Netlist Resource(s)
  -------------------------------------------------------------------    -------------------
                         (clock ap_clk rise edge)     0.000     0.000 r  
                                                      0.000     0.000 r  ap_clk (IN)
                         net (fo=660658, unset)       0.012     0.012    bd_0_i/hls_inst/inst/grp_Hybrid_INT4_INT4_PD_fu_2465/col_gen[30].row_gen[25].dsp_core/ap_clk
    SLICE_X151Y496       FDRE                                         r  bd_0_i/hls_inst/inst/grp_Hybrid_INT4_INT4_PD_fu_2465/col_gen[30].row_gen[25].dsp_core/LSB_Res8_r2_reg[0]/C
  -------------------------------------------------------------------    -------------------
    SLICE_X151Y496       FDRE (Prop_AFF_SLICEL_C_Q)
                                                      0.039     0.051 r  bd_0_i/hls_inst/inst/grp_Hybrid_INT4_INT4_PD_fu_2465/col_gen[30].row_gen[25].dsp_core/LSB_Res8_r2_reg[0]/Q
                         net (fo=1, routed)           0.034     0.085    bd_0_i/hls_inst/inst/grp_Hybrid_INT4_INT4_PD_fu_2465/col_gen[30].row_gen[25].dsp_core/LSB_Res8_r2[0]
    SLICE_X151Y496       FDRE                                         r  bd_0_i/hls_inst/inst/grp_Hybrid_INT4_INT4_PD_fu_2465/col_gen[30].row_gen[25].dsp_core/LSB_Res8_r3_reg[0]/D
  -------------------------------------------------------------------    -------------------

                         (clock ap_clk rise edge)     0.000     0.000 r  
                                                      0.000     0.000 r  ap_clk (IN)
                         net (fo=660658, unset)       0.018     0.018    bd_0_i/hls_inst/inst/grp_Hybrid_INT4_INT4_PD_fu_2465/col_gen[30].row_gen[25].dsp_core/ap_clk
    SLICE_X151Y496       FDRE                                         r  bd_0_i/hls_inst/inst/grp_Hybrid_INT4_INT4_PD_fu_2465/col_gen[30].row_gen[25].dsp_core/LSB_Res8_r3_reg[0]/C
                         clock pessimism              0.000     0.018    
    SLICE_X151Y496       FDRE (Hold_BFF2_SLICEL_C_D)
                                                      0.047     0.065    bd_0_i/hls_inst/inst/grp_Hybrid_INT4_INT4_PD_fu_2465/col_gen[30].row_gen[25].dsp_core/LSB_Res8_r3_reg[0]
  -------------------------------------------------------------------
                         required time                         -0.065    
                         arrival time                           0.085    
  -------------------------------------------------------------------
                         slack                                  0.020    

Slack (MET) :             0.020ns  (arrival time - required time)
  Source:                 bd_0_i/hls_inst/inst/grp_Hybrid_INT4_INT4_PD_fu_2465/col_gen[31].row_gen[24].dsp_core/LSB_Res4_r2_reg[2]/C
                            (rising edge-triggered cell FDRE clocked by ap_clk  {rise@0.000ns fall@2.564ns period=5.128ns})
  Destination:            bd_0_i/hls_inst/inst/grp_Hybrid_INT4_INT4_PD_fu_2465/col_gen[31].row_gen[24].dsp_core/LSB_Res4_r3_reg[2]/D
                            (rising edge-triggered cell FDRE clocked by ap_clk  {rise@0.000ns fall@2.564ns period=5.128ns})
  Path Group:             ap_clk
  Path Type:              Hold (Min at Fast Process Corner)
  Requirement:            0.000ns  (ap_clk rise@0.000ns - ap_clk rise@0.000ns)
  Data Path Delay:        0.073ns  (logic 0.039ns (53.425%)  route 0.034ns (46.575%))
  Logic Levels:           0  
  Clock Path Skew:        0.006ns (DCD - SCD - CPR)
    Destination Clock Delay (DCD):    0.018ns
    Source Clock Delay      (SCD):    0.012ns
    Clock Pessimism Removal (CPR):    -0.000ns

    Location             Delay type                Incr(ns)  Path(ns)    Netlist Resource(s)
  -------------------------------------------------------------------    -------------------
                         (clock ap_clk rise edge)     0.000     0.000 r  
                                                      0.000     0.000 r  ap_clk (IN)
                         net (fo=660658, unset)       0.012     0.012    bd_0_i/hls_inst/inst/grp_Hybrid_INT4_INT4_PD_fu_2465/col_gen[31].row_gen[24].dsp_core/ap_clk
    SLICE_X169Y536       FDRE                                         r  bd_0_i/hls_inst/inst/grp_Hybrid_INT4_INT4_PD_fu_2465/col_gen[31].row_gen[24].dsp_core/LSB_Res4_r2_reg[2]/C
  -------------------------------------------------------------------    -------------------
    SLICE_X169Y536       FDRE (Prop_AFF_SLICEL_C_Q)
                                                      0.039     0.051 r  bd_0_i/hls_inst/inst/grp_Hybrid_INT4_INT4_PD_fu_2465/col_gen[31].row_gen[24].dsp_core/LSB_Res4_r2_reg[2]/Q
                         net (fo=1, routed)           0.034     0.085    bd_0_i/hls_inst/inst/grp_Hybrid_INT4_INT4_PD_fu_2465/col_gen[31].row_gen[24].dsp_core/LSB_Res4_r2[2]
    SLICE_X169Y536       FDRE                                         r  bd_0_i/hls_inst/inst/grp_Hybrid_INT4_INT4_PD_fu_2465/col_gen[31].row_gen[24].dsp_core/LSB_Res4_r3_reg[2]/D
  -------------------------------------------------------------------    -------------------

                         (clock ap_clk rise edge)     0.000     0.000 r  
                                                      0.000     0.000 r  ap_clk (IN)
                         net (fo=660658, unset)       0.018     0.018    bd_0_i/hls_inst/inst/grp_Hybrid_INT4_INT4_PD_fu_2465/col_gen[31].row_gen[24].dsp_core/ap_clk
    SLICE_X169Y536       FDRE                                         r  bd_0_i/hls_inst/inst/grp_Hybrid_INT4_INT4_PD_fu_2465/col_gen[31].row_gen[24].dsp_core/LSB_Res4_r3_reg[2]/C
                         clock pessimism              0.000     0.018    
    SLICE_X169Y536       FDRE (Hold_BFF2_SLICEL_C_D)
                                                      0.047     0.065    bd_0_i/hls_inst/inst/grp_Hybrid_INT4_INT4_PD_fu_2465/col_gen[31].row_gen[24].dsp_core/LSB_Res4_r3_reg[2]
  -------------------------------------------------------------------
                         required time                         -0.065    
                         arrival time                           0.085    
  -------------------------------------------------------------------
                         slack                                  0.020    

Slack (MET) :             0.020ns  (arrival time - required time)
  Source:                 bd_0_i/hls_inst/inst/grp_Hybrid_INT4_INT4_PD_fu_2465/col_gen[31].row_gen[3].dsp_core/LSB_Res9_r2_reg[0]/C
                            (rising edge-triggered cell FDRE clocked by ap_clk  {rise@0.000ns fall@2.564ns period=5.128ns})
  Destination:            bd_0_i/hls_inst/inst/grp_Hybrid_INT4_INT4_PD_fu_2465/col_gen[31].row_gen[3].dsp_core/LSB_Res9_r3_reg[0]/D
                            (rising edge-triggered cell FDRE clocked by ap_clk  {rise@0.000ns fall@2.564ns period=5.128ns})
  Path Group:             ap_clk
  Path Type:              Hold (Min at Fast Process Corner)
  Requirement:            0.000ns  (ap_clk rise@0.000ns - ap_clk rise@0.000ns)
  Data Path Delay:        0.073ns  (logic 0.039ns (53.425%)  route 0.034ns (46.575%))
  Logic Levels:           0  
  Clock Path Skew:        0.006ns (DCD - SCD - CPR)
    Destination Clock Delay (DCD):    0.018ns
    Source Clock Delay      (SCD):    0.012ns
    Clock Pessimism Removal (CPR):    -0.000ns

    Location             Delay type                Incr(ns)  Path(ns)    Netlist Resource(s)
  -------------------------------------------------------------------    -------------------
                         (clock ap_clk rise edge)     0.000     0.000 r  
                                                      0.000     0.000 r  ap_clk (IN)
                         net (fo=660658, unset)       0.012     0.012    bd_0_i/hls_inst/inst/grp_Hybrid_INT4_INT4_PD_fu_2465/col_gen[31].row_gen[3].dsp_core/ap_clk
    SLICE_X23Y384        FDRE                                         r  bd_0_i/hls_inst/inst/grp_Hybrid_INT4_INT4_PD_fu_2465/col_gen[31].row_gen[3].dsp_core/LSB_Res9_r2_reg[0]/C
  -------------------------------------------------------------------    -------------------
    SLICE_X23Y384        FDRE (Prop_AFF_SLICEL_C_Q)
                                                      0.039     0.051 r  bd_0_i/hls_inst/inst/grp_Hybrid_INT4_INT4_PD_fu_2465/col_gen[31].row_gen[3].dsp_core/LSB_Res9_r2_reg[0]/Q
                         net (fo=1, routed)           0.034     0.085    bd_0_i/hls_inst/inst/grp_Hybrid_INT4_INT4_PD_fu_2465/col_gen[31].row_gen[3].dsp_core/LSB_Res9_r2[0]
    SLICE_X23Y384        FDRE                                         r  bd_0_i/hls_inst/inst/grp_Hybrid_INT4_INT4_PD_fu_2465/col_gen[31].row_gen[3].dsp_core/LSB_Res9_r3_reg[0]/D
  -------------------------------------------------------------------    -------------------

                         (clock ap_clk rise edge)     0.000     0.000 r  
                                                      0.000     0.000 r  ap_clk (IN)
                         net (fo=660658, unset)       0.018     0.018    bd_0_i/hls_inst/inst/grp_Hybrid_INT4_INT4_PD_fu_2465/col_gen[31].row_gen[3].dsp_core/ap_clk
    SLICE_X23Y384        FDRE                                         r  bd_0_i/hls_inst/inst/grp_Hybrid_INT4_INT4_PD_fu_2465/col_gen[31].row_gen[3].dsp_core/LSB_Res9_r3_reg[0]/C
                         clock pessimism              0.000     0.018    
    SLICE_X23Y384        FDRE (Hold_BFF2_SLICEL_C_D)
                                                      0.047     0.065    bd_0_i/hls_inst/inst/grp_Hybrid_INT4_INT4_PD_fu_2465/col_gen[31].row_gen[3].dsp_core/LSB_Res9_r3_reg[0]
  -------------------------------------------------------------------
                         required time                         -0.065    
                         arrival time                           0.085    
  -------------------------------------------------------------------
                         slack                                  0.020    

Slack (MET) :             0.020ns  (arrival time - required time)
  Source:                 bd_0_i/hls_inst/inst/grp_Hybrid_INT4_INT4_PD_fu_2465/col_gen[36].row_gen[2].dsp_core/LSB_Res4_r2_reg[0]/C
                            (rising edge-triggered cell FDRE clocked by ap_clk  {rise@0.000ns fall@2.564ns period=5.128ns})
  Destination:            bd_0_i/hls_inst/inst/grp_Hybrid_INT4_INT4_PD_fu_2465/col_gen[36].row_gen[2].dsp_core/LSB_Res4_r3_reg[0]/D
                            (rising edge-triggered cell FDRE clocked by ap_clk  {rise@0.000ns fall@2.564ns period=5.128ns})
  Path Group:             ap_clk
  Path Type:              Hold (Min at Fast Process Corner)
  Requirement:            0.000ns  (ap_clk rise@0.000ns - ap_clk rise@0.000ns)
  Data Path Delay:        0.073ns  (logic 0.039ns (53.425%)  route 0.034ns (46.575%))
  Logic Levels:           0  
  Clock Path Skew:        0.006ns (DCD - SCD - CPR)
    Destination Clock Delay (DCD):    0.018ns
    Source Clock Delay      (SCD):    0.012ns
    Clock Pessimism Removal (CPR):    -0.000ns

    Location             Delay type                Incr(ns)  Path(ns)    Netlist Resource(s)
  -------------------------------------------------------------------    -------------------
                         (clock ap_clk rise edge)     0.000     0.000 r  
                                                      0.000     0.000 r  ap_clk (IN)
                         net (fo=660658, unset)       0.012     0.012    bd_0_i/hls_inst/inst/grp_Hybrid_INT4_INT4_PD_fu_2465/col_gen[36].row_gen[2].dsp_core/ap_clk
    SLICE_X170Y656       FDRE                                         r  bd_0_i/hls_inst/inst/grp_Hybrid_INT4_INT4_PD_fu_2465/col_gen[36].row_gen[2].dsp_core/LSB_Res4_r2_reg[0]/C
  -------------------------------------------------------------------    -------------------
    SLICE_X170Y656       FDRE (Prop_AFF_SLICEL_C_Q)
                                                      0.039     0.051 r  bd_0_i/hls_inst/inst/grp_Hybrid_INT4_INT4_PD_fu_2465/col_gen[36].row_gen[2].dsp_core/LSB_Res4_r2_reg[0]/Q
                         net (fo=1, routed)           0.034     0.085    bd_0_i/hls_inst/inst/grp_Hybrid_INT4_INT4_PD_fu_2465/col_gen[36].row_gen[2].dsp_core/LSB_Res4_r2[0]
    SLICE_X170Y656       FDRE                                         r  bd_0_i/hls_inst/inst/grp_Hybrid_INT4_INT4_PD_fu_2465/col_gen[36].row_gen[2].dsp_core/LSB_Res4_r3_reg[0]/D
  -------------------------------------------------------------------    -------------------

                         (clock ap_clk rise edge)     0.000     0.000 r  
                                                      0.000     0.000 r  ap_clk (IN)
                         net (fo=660658, unset)       0.018     0.018    bd_0_i/hls_inst/inst/grp_Hybrid_INT4_INT4_PD_fu_2465/col_gen[36].row_gen[2].dsp_core/ap_clk
    SLICE_X170Y656       FDRE                                         r  bd_0_i/hls_inst/inst/grp_Hybrid_INT4_INT4_PD_fu_2465/col_gen[36].row_gen[2].dsp_core/LSB_Res4_r3_reg[0]/C
                         clock pessimism              0.000     0.018    
    SLICE_X170Y656       FDRE (Hold_BFF2_SLICEL_C_D)
                                                      0.047     0.065    bd_0_i/hls_inst/inst/grp_Hybrid_INT4_INT4_PD_fu_2465/col_gen[36].row_gen[2].dsp_core/LSB_Res4_r3_reg[0]
  -------------------------------------------------------------------
                         required time                         -0.065    
                         arrival time                           0.085    
  -------------------------------------------------------------------
                         slack                                  0.020    

Slack (MET) :             0.020ns  (arrival time - required time)
  Source:                 bd_0_i/hls_inst/inst/grp_Hybrid_INT4_INT4_PD_fu_2465/col_gen[36].row_gen[9].dsp_core/LSB_Res4_r2_reg[1]/C
                            (rising edge-triggered cell FDRE clocked by ap_clk  {rise@0.000ns fall@2.564ns period=5.128ns})
  Destination:            bd_0_i/hls_inst/inst/grp_Hybrid_INT4_INT4_PD_fu_2465/col_gen[36].row_gen[9].dsp_core/LSB_Res4_r3_reg[1]/D
                            (rising edge-triggered cell FDRE clocked by ap_clk  {rise@0.000ns fall@2.564ns period=5.128ns})
  Path Group:             ap_clk
  Path Type:              Hold (Min at Fast Process Corner)
  Requirement:            0.000ns  (ap_clk rise@0.000ns - ap_clk rise@0.000ns)
  Data Path Delay:        0.073ns  (logic 0.039ns (53.425%)  route 0.034ns (46.575%))
  Logic Levels:           0  
  Clock Path Skew:        0.006ns (DCD - SCD - CPR)
    Destination Clock Delay (DCD):    0.018ns
    Source Clock Delay      (SCD):    0.012ns
    Clock Pessimism Removal (CPR):    -0.000ns

    Location             Delay type                Incr(ns)  Path(ns)    Netlist Resource(s)
  -------------------------------------------------------------------    -------------------
                         (clock ap_clk rise edge)     0.000     0.000 r  
                                                      0.000     0.000 r  ap_clk (IN)
                         net (fo=660658, unset)       0.012     0.012    bd_0_i/hls_inst/inst/grp_Hybrid_INT4_INT4_PD_fu_2465/col_gen[36].row_gen[9].dsp_core/ap_clk
    SLICE_X47Y279        FDRE                                         r  bd_0_i/hls_inst/inst/grp_Hybrid_INT4_INT4_PD_fu_2465/col_gen[36].row_gen[9].dsp_core/LSB_Res4_r2_reg[1]/C
  -------------------------------------------------------------------    -------------------
    SLICE_X47Y279        FDRE (Prop_AFF_SLICEL_C_Q)
                                                      0.039     0.051 r  bd_0_i/hls_inst/inst/grp_Hybrid_INT4_INT4_PD_fu_2465/col_gen[36].row_gen[9].dsp_core/LSB_Res4_r2_reg[1]/Q
                         net (fo=1, routed)           0.034     0.085    bd_0_i/hls_inst/inst/grp_Hybrid_INT4_INT4_PD_fu_2465/col_gen[36].row_gen[9].dsp_core/LSB_Res4_r2[1]
    SLICE_X47Y279        FDRE                                         r  bd_0_i/hls_inst/inst/grp_Hybrid_INT4_INT4_PD_fu_2465/col_gen[36].row_gen[9].dsp_core/LSB_Res4_r3_reg[1]/D
  -------------------------------------------------------------------    -------------------

                         (clock ap_clk rise edge)     0.000     0.000 r  
                                                      0.000     0.000 r  ap_clk (IN)
                         net (fo=660658, unset)       0.018     0.018    bd_0_i/hls_inst/inst/grp_Hybrid_INT4_INT4_PD_fu_2465/col_gen[36].row_gen[9].dsp_core/ap_clk
    SLICE_X47Y279        FDRE                                         r  bd_0_i/hls_inst/inst/grp_Hybrid_INT4_INT4_PD_fu_2465/col_gen[36].row_gen[9].dsp_core/LSB_Res4_r3_reg[1]/C
                         clock pessimism              0.000     0.018    
    SLICE_X47Y279        FDRE (Hold_BFF2_SLICEL_C_D)
                                                      0.047     0.065    bd_0_i/hls_inst/inst/grp_Hybrid_INT4_INT4_PD_fu_2465/col_gen[36].row_gen[9].dsp_core/LSB_Res4_r3_reg[1]
  -------------------------------------------------------------------
                         required time                         -0.065    
                         arrival time                           0.085    
  -------------------------------------------------------------------
                         slack                                  0.020    





Pulse Width Checks
--------------------------------------------------------------------------------------
Clock Name:         ap_clk
Waveform(ns):       { 0.000 2.564 }
Period(ns):         5.128
Sources:            { ap_clk }

Check Type        Corner  Lib Pin             Reference Pin  Required(ns)  Actual(ns)  Slack(ns)  Location       Pin
Min Period        n/a     RAMB18E2/CLKARDCLK  n/a            1.569         5.128       3.559      RAMB18_X4Y138  bd_0_i/hls_inst/inst/gmem_act_m_axi_U/load_unit/buff_rdata/U_fifo_mem/mem_reg/CLKARDCLK
Min Period        n/a     RAMB18E2/CLKBWRCLK  n/a            1.569         5.128       3.559      RAMB18_X4Y138  bd_0_i/hls_inst/inst/gmem_act_m_axi_U/load_unit/buff_rdata/U_fifo_mem/mem_reg/CLKBWRCLK
Min Period        n/a     RAMB18E2/CLKARDCLK  n/a            1.569         5.128       3.559      RAMB18_X8Y134  bd_0_i/hls_inst/inst/gmem_m_axi_U/load_unit/buff_rdata/U_fifo_mem/mem_reg/CLKARDCLK
Min Period        n/a     RAMB18E2/CLKBWRCLK  n/a            1.569         5.128       3.559      RAMB18_X8Y134  bd_0_i/hls_inst/inst/gmem_m_axi_U/load_unit/buff_rdata/U_fifo_mem/mem_reg/CLKBWRCLK
Min Period        n/a     RAMB36E2/CLKARDCLK  n/a            1.569         5.128       3.559      RAMB36_X7Y81   bd_0_i/hls_inst/inst/gmem_out_m_axi_U/store_unit/buff_wdata/U_fifo_mem/mem_reg/CLKARDCLK
Min Period        n/a     RAMB36E2/CLKBWRCLK  n/a            1.569         5.128       3.559      RAMB36_X7Y81   bd_0_i/hls_inst/inst/gmem_out_m_axi_U/store_unit/buff_wdata/U_fifo_mem/mem_reg/CLKBWRCLK
Min Period        n/a     RAMB36E2/CLKARDCLK  n/a            1.569         5.128       3.559      RAMB36_X8Y77   bd_0_i/hls_inst/inst/result1_arr_V_U/ram_reg_bram_0/CLKARDCLK
Min Period        n/a     RAMB36E2/CLKARDCLK  n/a            1.569         5.128       3.559      RAMB36_X8Y76   bd_0_i/hls_inst/inst/result1_arr_V_U/ram_reg_bram_1/CLKARDCLK
Min Period        n/a     RAMB36E2/CLKARDCLK  n/a            1.569         5.128       3.559      RAMB36_X8Y79   bd_0_i/hls_inst/inst/result3_arr_V_U/ram_reg_bram_0/CLKARDCLK
Min Period        n/a     RAMB36E2/CLKARDCLK  n/a            1.569         5.128       3.559      RAMB36_X8Y78   bd_0_i/hls_inst/inst/result3_arr_V_U/ram_reg_bram_1/CLKARDCLK
Low Pulse Width   Slow    RAMB18E2/CLKARDCLK  n/a            0.542         2.564       2.022      RAMB18_X4Y138  bd_0_i/hls_inst/inst/gmem_act_m_axi_U/load_unit/buff_rdata/U_fifo_mem/mem_reg/CLKARDCLK
Low Pulse Width   Fast    RAMB18E2/CLKARDCLK  n/a            0.542         2.564       2.022      RAMB18_X4Y138  bd_0_i/hls_inst/inst/gmem_act_m_axi_U/load_unit/buff_rdata/U_fifo_mem/mem_reg/CLKARDCLK
Low Pulse Width   Slow    RAMB18E2/CLKBWRCLK  n/a            0.542         2.564       2.022      RAMB18_X4Y138  bd_0_i/hls_inst/inst/gmem_act_m_axi_U/load_unit/buff_rdata/U_fifo_mem/mem_reg/CLKBWRCLK
Low Pulse Width   Fast    RAMB18E2/CLKBWRCLK  n/a            0.542         2.564       2.022      RAMB18_X4Y138  bd_0_i/hls_inst/inst/gmem_act_m_axi_U/load_unit/buff_rdata/U_fifo_mem/mem_reg/CLKBWRCLK
Low Pulse Width   Slow    RAMB18E2/CLKARDCLK  n/a            0.542         2.564       2.022      RAMB18_X8Y134  bd_0_i/hls_inst/inst/gmem_m_axi_U/load_unit/buff_rdata/U_fifo_mem/mem_reg/CLKARDCLK
Low Pulse Width   Fast    RAMB18E2/CLKARDCLK  n/a            0.542         2.564       2.022      RAMB18_X8Y134  bd_0_i/hls_inst/inst/gmem_m_axi_U/load_unit/buff_rdata/U_fifo_mem/mem_reg/CLKARDCLK
Low Pulse Width   Slow    RAMB18E2/CLKBWRCLK  n/a            0.542         2.564       2.022      RAMB18_X8Y134  bd_0_i/hls_inst/inst/gmem_m_axi_U/load_unit/buff_rdata/U_fifo_mem/mem_reg/CLKBWRCLK
Low Pulse Width   Fast    RAMB18E2/CLKBWRCLK  n/a            0.542         2.564       2.022      RAMB18_X8Y134  bd_0_i/hls_inst/inst/gmem_m_axi_U/load_unit/buff_rdata/U_fifo_mem/mem_reg/CLKBWRCLK
Low Pulse Width   Slow    RAMB36E2/CLKARDCLK  n/a            0.542         2.564       2.022      RAMB36_X7Y81   bd_0_i/hls_inst/inst/gmem_out_m_axi_U/store_unit/buff_wdata/U_fifo_mem/mem_reg/CLKARDCLK
Low Pulse Width   Fast    RAMB36E2/CLKARDCLK  n/a            0.542         2.564       2.022      RAMB36_X7Y81   bd_0_i/hls_inst/inst/gmem_out_m_axi_U/store_unit/buff_wdata/U_fifo_mem/mem_reg/CLKARDCLK
High Pulse Width  Slow    RAMB18E2/CLKARDCLK  n/a            0.542         2.564       2.022      RAMB18_X4Y138  bd_0_i/hls_inst/inst/gmem_act_m_axi_U/load_unit/buff_rdata/U_fifo_mem/mem_reg/CLKARDCLK
High Pulse Width  Fast    RAMB18E2/CLKARDCLK  n/a            0.542         2.564       2.022      RAMB18_X4Y138  bd_0_i/hls_inst/inst/gmem_act_m_axi_U/load_unit/buff_rdata/U_fifo_mem/mem_reg/CLKARDCLK
High Pulse Width  Slow    RAMB18E2/CLKBWRCLK  n/a            0.542         2.564       2.022      RAMB18_X4Y138  bd_0_i/hls_inst/inst/gmem_act_m_axi_U/load_unit/buff_rdata/U_fifo_mem/mem_reg/CLKBWRCLK
High Pulse Width  Fast    RAMB18E2/CLKBWRCLK  n/a            0.542         2.564       2.022      RAMB18_X4Y138  bd_0_i/hls_inst/inst/gmem_act_m_axi_U/load_unit/buff_rdata/U_fifo_mem/mem_reg/CLKBWRCLK
High Pulse Width  Slow    RAMB18E2/CLKARDCLK  n/a            0.542         2.564       2.022      RAMB18_X8Y134  bd_0_i/hls_inst/inst/gmem_m_axi_U/load_unit/buff_rdata/U_fifo_mem/mem_reg/CLKARDCLK
High Pulse Width  Fast    RAMB18E2/CLKARDCLK  n/a            0.542         2.564       2.022      RAMB18_X8Y134  bd_0_i/hls_inst/inst/gmem_m_axi_U/load_unit/buff_rdata/U_fifo_mem/mem_reg/CLKARDCLK
High Pulse Width  Slow    RAMB18E2/CLKBWRCLK  n/a            0.542         2.564       2.022      RAMB18_X8Y134  bd_0_i/hls_inst/inst/gmem_m_axi_U/load_unit/buff_rdata/U_fifo_mem/mem_reg/CLKBWRCLK
High Pulse Width  Fast    RAMB18E2/CLKBWRCLK  n/a            0.542         2.564       2.022      RAMB18_X8Y134  bd_0_i/hls_inst/inst/gmem_m_axi_U/load_unit/buff_rdata/U_fifo_mem/mem_reg/CLKBWRCLK
High Pulse Width  Slow    RAMB36E2/CLKARDCLK  n/a            0.542         2.564       2.022      RAMB36_X7Y81   bd_0_i/hls_inst/inst/gmem_out_m_axi_U/store_unit/buff_wdata/U_fifo_mem/mem_reg/CLKARDCLK
High Pulse Width  Fast    RAMB36E2/CLKARDCLK  n/a            0.542         2.564       2.022      RAMB36_X7Y81   bd_0_i/hls_inst/inst/gmem_out_m_axi_U/store_unit/buff_wdata/U_fifo_mem/mem_reg/CLKARDCLK



--------------------------------------------------------------------------------------
Path Group:  (none)
From Clock:  ap_clk
  To Clock:  

Max Delay           318 Endpoints
Min Delay           318 Endpoints
--------------------------------------------------------------------------------------


Max Delay Paths
--------------------------------------------------------------------------------------
Slack:                    inf
  Source:                 bd_0_i/hls_inst/inst/gmem_out_m_axi_U/bus_write/wreq_throttle/flying_req_reg/C
                            (rising edge-triggered cell FDRE clocked by ap_clk  {rise@0.000ns fall@2.564ns period=5.128ns})
  Destination:            m_axi_gmem_out_wvalid
                            (output port)
  Path Group:             (none)
  Path Type:              Max at Slow Process Corner
  Data Path Delay:        1.238ns  (logic 0.144ns (11.636%)  route 1.094ns (88.364%))
  Logic Levels:           1  (LUT3=1)
  Clock Uncertainty:      0.025ns  ((TSJ^2 + TIJ^2)^1/2 + DJ) / 2 + PE
    Total System Jitter     (TSJ):    0.050ns
    Total Input Jitter      (TIJ):    0.000ns
    Discrete Jitter          (DJ):    0.000ns
    Phase Error              (PE):    0.000ns

    Location             Delay type                Incr(ns)  Path(ns)    Netlist Resource(s)
  -------------------------------------------------------------------    -------------------
                         (clock ap_clk rise edge)     0.000     0.000 r  
                                                      0.000     0.000 r  ap_clk (IN)
                         net (fo=660658, unset)       0.029     0.029    bd_0_i/hls_inst/inst/gmem_out_m_axi_U/bus_write/wreq_throttle/ap_clk
    SLICE_X89Y406        FDRE                                         r  bd_0_i/hls_inst/inst/gmem_out_m_axi_U/bus_write/wreq_throttle/flying_req_reg/C
  -------------------------------------------------------------------    -------------------
    SLICE_X89Y406        FDRE (Prop_EFF_SLICEL_C_Q)
                                                      0.079     0.108 r  bd_0_i/hls_inst/inst/gmem_out_m_axi_U/bus_write/wreq_throttle/flying_req_reg/Q
                         net (fo=6, routed)           1.072     1.180    bd_0_i/hls_inst/inst/gmem_out_m_axi_U/bus_write/wreq_throttle/data_fifo/flying_req_reg
    SLICE_X117Y406       LUT3 (Prop_H5LUT_SLICEL_I0_O)
                                                      0.065     1.245 r  bd_0_i/hls_inst/inst/gmem_out_m_axi_U/bus_write/wreq_throttle/data_fifo/m_axi_gmem_out_WVALID_INST_0/O
                         net (fo=0)                   0.022     1.267    m_axi_gmem_out_wvalid
                                                                      r  m_axi_gmem_out_wvalid (OUT)
  -------------------------------------------------------------------    -------------------

Slack:                    inf
  Source:                 bd_0_i/hls_inst/inst/gmem_act_m_axi_U/bus_read/rreq_burst_conv/could_multi_bursts.len_buf_reg[1]/C
                            (rising edge-triggered cell FDRE clocked by ap_clk  {rise@0.000ns fall@2.564ns period=5.128ns})
  Destination:            m_axi_gmem_act_arlen[1]
                            (output port)
  Path Group:             (none)
  Path Type:              Max at Slow Process Corner
  Data Path Delay:        0.081ns  (logic 0.081ns (100.000%)  route 0.000ns (0.000%))
  Logic Levels:           0  
  Clock Uncertainty:      0.025ns  ((TSJ^2 + TIJ^2)^1/2 + DJ) / 2 + PE
    Total System Jitter     (TSJ):    0.050ns
    Total Input Jitter      (TIJ):    0.000ns
    Discrete Jitter          (DJ):    0.000ns
    Phase Error              (PE):    0.000ns

    Location             Delay type                Incr(ns)  Path(ns)    Netlist Resource(s)
  -------------------------------------------------------------------    -------------------
                         (clock ap_clk rise edge)     0.000     0.000 r  
                                                      0.000     0.000 r  ap_clk (IN)
                         net (fo=660658, unset)       0.029     0.029    bd_0_i/hls_inst/inst/gmem_act_m_axi_U/bus_read/rreq_burst_conv/ap_clk
    SLICE_X64Y353        FDRE                                         r  bd_0_i/hls_inst/inst/gmem_act_m_axi_U/bus_read/rreq_burst_conv/could_multi_bursts.len_buf_reg[1]/C
  -------------------------------------------------------------------    -------------------
    SLICE_X64Y353        FDRE (Prop_FFF2_SLICEL_C_Q)
                                                      0.081     0.110 r  bd_0_i/hls_inst/inst/gmem_act_m_axi_U/bus_read/rreq_burst_conv/could_multi_bursts.len_buf_reg[1]/Q
                         net (fo=0)                   0.000     0.110    m_axi_gmem_act_arlen[1]
                                                                      r  m_axi_gmem_act_arlen[1] (OUT)
  -------------------------------------------------------------------    -------------------

Slack:                    inf
  Source:                 bd_0_i/hls_inst/inst/gmem_act_m_axi_U/bus_read/rreq_burst_conv/could_multi_bursts.len_buf_reg[3]/C
                            (rising edge-triggered cell FDRE clocked by ap_clk  {rise@0.000ns fall@2.564ns period=5.128ns})
  Destination:            m_axi_gmem_act_arlen[3]
                            (output port)
  Path Group:             (none)
  Path Type:              Max at Slow Process Corner
  Data Path Delay:        0.081ns  (logic 0.081ns (100.000%)  route 0.000ns (0.000%))
  Logic Levels:           0  
  Clock Uncertainty:      0.025ns  ((TSJ^2 + TIJ^2)^1/2 + DJ) / 2 + PE
    Total System Jitter     (TSJ):    0.050ns
    Total Input Jitter      (TIJ):    0.000ns
    Discrete Jitter          (DJ):    0.000ns
    Phase Error              (PE):    0.000ns

    Location             Delay type                Incr(ns)  Path(ns)    Netlist Resource(s)
  -------------------------------------------------------------------    -------------------
                         (clock ap_clk rise edge)     0.000     0.000 r  
                                                      0.000     0.000 r  ap_clk (IN)
                         net (fo=660658, unset)       0.029     0.029    bd_0_i/hls_inst/inst/gmem_act_m_axi_U/bus_read/rreq_burst_conv/ap_clk
    SLICE_X64Y353        FDRE                                         r  bd_0_i/hls_inst/inst/gmem_act_m_axi_U/bus_read/rreq_burst_conv/could_multi_bursts.len_buf_reg[3]/C
  -------------------------------------------------------------------    -------------------
    SLICE_X64Y353        FDRE (Prop_EFF2_SLICEL_C_Q)
                                                      0.081     0.110 r  bd_0_i/hls_inst/inst/gmem_act_m_axi_U/bus_read/rreq_burst_conv/could_multi_bursts.len_buf_reg[3]/Q
                         net (fo=0)                   0.000     0.110    m_axi_gmem_act_arlen[3]
                                                                      r  m_axi_gmem_act_arlen[3] (OUT)
  -------------------------------------------------------------------    -------------------

Slack:                    inf
  Source:                 bd_0_i/hls_inst/inst/gmem_m_axi_U/bus_read/rreq_burst_conv/could_multi_bursts.len_buf_reg[1]/C
                            (rising edge-triggered cell FDRE clocked by ap_clk  {rise@0.000ns fall@2.564ns period=5.128ns})
  Destination:            m_axi_gmem_arlen[1]
                            (output port)
  Path Group:             (none)
  Path Type:              Max at Slow Process Corner
  Data Path Delay:        0.081ns  (logic 0.081ns (100.000%)  route 0.000ns (0.000%))
  Logic Levels:           0  
  Clock Uncertainty:      0.025ns  ((TSJ^2 + TIJ^2)^1/2 + DJ) / 2 + PE
    Total System Jitter     (TSJ):    0.050ns
    Total Input Jitter      (TIJ):    0.000ns
    Discrete Jitter          (DJ):    0.000ns
    Phase Error              (PE):    0.000ns

    Location             Delay type                Incr(ns)  Path(ns)    Netlist Resource(s)
  -------------------------------------------------------------------    -------------------
                         (clock ap_clk rise edge)     0.000     0.000 r  
                                                      0.000     0.000 r  ap_clk (IN)
                         net (fo=660658, unset)       0.029     0.029    bd_0_i/hls_inst/inst/gmem_m_axi_U/bus_read/rreq_burst_conv/ap_clk
    SLICE_X117Y351       FDRE                                         r  bd_0_i/hls_inst/inst/gmem_m_axi_U/bus_read/rreq_burst_conv/could_multi_bursts.len_buf_reg[1]/C
  -------------------------------------------------------------------    -------------------
    SLICE_X117Y351       FDRE (Prop_FFF2_SLICEL_C_Q)
                                                      0.081     0.110 r  bd_0_i/hls_inst/inst/gmem_m_axi_U/bus_read/rreq_burst_conv/could_multi_bursts.len_buf_reg[1]/Q
                         net (fo=0)                   0.000     0.110    m_axi_gmem_arlen[1]
                                                                      r  m_axi_gmem_arlen[1] (OUT)
  -------------------------------------------------------------------    -------------------

Slack:                    inf
  Source:                 bd_0_i/hls_inst/inst/gmem_m_axi_U/bus_read/rreq_burst_conv/could_multi_bursts.len_buf_reg[3]/C
                            (rising edge-triggered cell FDRE clocked by ap_clk  {rise@0.000ns fall@2.564ns period=5.128ns})
  Destination:            m_axi_gmem_arlen[3]
                            (output port)
  Path Group:             (none)
  Path Type:              Max at Slow Process Corner
  Data Path Delay:        0.081ns  (logic 0.081ns (100.000%)  route 0.000ns (0.000%))
  Logic Levels:           0  
  Clock Uncertainty:      0.025ns  ((TSJ^2 + TIJ^2)^1/2 + DJ) / 2 + PE
    Total System Jitter     (TSJ):    0.050ns
    Total Input Jitter      (TIJ):    0.000ns
    Discrete Jitter          (DJ):    0.000ns
    Phase Error              (PE):    0.000ns

    Location             Delay type                Incr(ns)  Path(ns)    Netlist Resource(s)
  -------------------------------------------------------------------    -------------------
                         (clock ap_clk rise edge)     0.000     0.000 r  
                                                      0.000     0.000 r  ap_clk (IN)
                         net (fo=660658, unset)       0.029     0.029    bd_0_i/hls_inst/inst/gmem_m_axi_U/bus_read/rreq_burst_conv/ap_clk
    SLICE_X117Y351       FDRE                                         r  bd_0_i/hls_inst/inst/gmem_m_axi_U/bus_read/rreq_burst_conv/could_multi_bursts.len_buf_reg[3]/C
  -------------------------------------------------------------------    -------------------
    SLICE_X117Y351       FDRE (Prop_EFF2_SLICEL_C_Q)
                                                      0.081     0.110 r  bd_0_i/hls_inst/inst/gmem_m_axi_U/bus_read/rreq_burst_conv/could_multi_bursts.len_buf_reg[3]/Q
                         net (fo=0)                   0.000     0.110    m_axi_gmem_arlen[3]
                                                                      r  m_axi_gmem_arlen[3] (OUT)
  -------------------------------------------------------------------    -------------------

Slack:                    inf
  Source:                 bd_0_i/hls_inst/inst/gmem_out_m_axi_U/bus_write/wreq_throttle/data_fifo/U_fifo_srl/dout_reg[10]/C
                            (rising edge-triggered cell FDRE clocked by ap_clk  {rise@0.000ns fall@2.564ns period=5.128ns})
  Destination:            m_axi_gmem_out_wdata[10]
                            (output port)
  Path Group:             (none)
  Path Type:              Max at Slow Process Corner
  Data Path Delay:        0.080ns  (logic 0.080ns (100.000%)  route 0.000ns (0.000%))
  Logic Levels:           0  
  Clock Uncertainty:      0.025ns  ((TSJ^2 + TIJ^2)^1/2 + DJ) / 2 + PE
    Total System Jitter     (TSJ):    0.050ns
    Total Input Jitter      (TIJ):    0.000ns
    Discrete Jitter          (DJ):    0.000ns
    Phase Error              (PE):    0.000ns

    Location             Delay type                Incr(ns)  Path(ns)    Netlist Resource(s)
  -------------------------------------------------------------------    -------------------
                         (clock ap_clk rise edge)     0.000     0.000 r  
                                                      0.000     0.000 r  ap_clk (IN)
                         net (fo=660658, unset)       0.030     0.030    bd_0_i/hls_inst/inst/gmem_out_m_axi_U/bus_write/wreq_throttle/data_fifo/U_fifo_srl/ap_clk
    SLICE_X118Y406       FDRE                                         r  bd_0_i/hls_inst/inst/gmem_out_m_axi_U/bus_write/wreq_throttle/data_fifo/U_fifo_srl/dout_reg[10]/C
  -------------------------------------------------------------------    -------------------
    SLICE_X118Y406       FDRE (Prop_AFF2_SLICEM_C_Q)
                                                      0.080     0.110 r  bd_0_i/hls_inst/inst/gmem_out_m_axi_U/bus_write/wreq_throttle/data_fifo/U_fifo_srl/dout_reg[10]/Q
                         net (fo=0)                   0.000     0.110    m_axi_gmem_out_wdata[10]
                                                                      r  m_axi_gmem_out_wdata[10] (OUT)
  -------------------------------------------------------------------    -------------------

Slack:                    inf
  Source:                 bd_0_i/hls_inst/inst/gmem_out_m_axi_U/bus_write/wreq_throttle/data_fifo/U_fifo_srl/dout_reg[11]/C
                            (rising edge-triggered cell FDRE clocked by ap_clk  {rise@0.000ns fall@2.564ns period=5.128ns})
  Destination:            m_axi_gmem_out_wdata[11]
                            (output port)
  Path Group:             (none)
  Path Type:              Max at Slow Process Corner
  Data Path Delay:        0.080ns  (logic 0.080ns (100.000%)  route 0.000ns (0.000%))
  Logic Levels:           0  
  Clock Uncertainty:      0.025ns  ((TSJ^2 + TIJ^2)^1/2 + DJ) / 2 + PE
    Total System Jitter     (TSJ):    0.050ns
    Total Input Jitter      (TIJ):    0.000ns
    Discrete Jitter          (DJ):    0.000ns
    Phase Error              (PE):    0.000ns

    Location             Delay type                Incr(ns)  Path(ns)    Netlist Resource(s)
  -------------------------------------------------------------------    -------------------
                         (clock ap_clk rise edge)     0.000     0.000 r  
                                                      0.000     0.000 r  ap_clk (IN)
                         net (fo=660658, unset)       0.030     0.030    bd_0_i/hls_inst/inst/gmem_out_m_axi_U/bus_write/wreq_throttle/data_fifo/U_fifo_srl/ap_clk
    SLICE_X118Y406       FDRE                                         r  bd_0_i/hls_inst/inst/gmem_out_m_axi_U/bus_write/wreq_throttle/data_fifo/U_fifo_srl/dout_reg[11]/C
  -------------------------------------------------------------------    -------------------
    SLICE_X118Y406       FDRE (Prop_BFF2_SLICEM_C_Q)
                                                      0.080     0.110 r  bd_0_i/hls_inst/inst/gmem_out_m_axi_U/bus_write/wreq_throttle/data_fifo/U_fifo_srl/dout_reg[11]/Q
                         net (fo=0)                   0.000     0.110    m_axi_gmem_out_wdata[11]
                                                                      r  m_axi_gmem_out_wdata[11] (OUT)
  -------------------------------------------------------------------    -------------------

Slack:                    inf
  Source:                 bd_0_i/hls_inst/inst/gmem_out_m_axi_U/bus_write/wreq_throttle/data_fifo/U_fifo_srl/dout_reg[12]/C
                            (rising edge-triggered cell FDRE clocked by ap_clk  {rise@0.000ns fall@2.564ns period=5.128ns})
  Destination:            m_axi_gmem_out_wdata[12]
                            (output port)
  Path Group:             (none)
  Path Type:              Max at Slow Process Corner
  Data Path Delay:        0.081ns  (logic 0.081ns (100.000%)  route 0.000ns (0.000%))
  Logic Levels:           0  
  Clock Uncertainty:      0.025ns  ((TSJ^2 + TIJ^2)^1/2 + DJ) / 2 + PE
    Total System Jitter     (TSJ):    0.050ns
    Total Input Jitter      (TIJ):    0.000ns
    Discrete Jitter          (DJ):    0.000ns
    Phase Error              (PE):    0.000ns

    Location             Delay type                Incr(ns)  Path(ns)    Netlist Resource(s)
  -------------------------------------------------------------------    -------------------
                         (clock ap_clk rise edge)     0.000     0.000 r  
                                                      0.000     0.000 r  ap_clk (IN)
                         net (fo=660658, unset)       0.029     0.029    bd_0_i/hls_inst/inst/gmem_out_m_axi_U/bus_write/wreq_throttle/data_fifo/U_fifo_srl/ap_clk
    SLICE_X119Y408       FDRE                                         r  bd_0_i/hls_inst/inst/gmem_out_m_axi_U/bus_write/wreq_throttle/data_fifo/U_fifo_srl/dout_reg[12]/C
  -------------------------------------------------------------------    -------------------
    SLICE_X119Y408       FDRE (Prop_EFF2_SLICEL_C_Q)
                                                      0.081     0.110 r  bd_0_i/hls_inst/inst/gmem_out_m_axi_U/bus_write/wreq_throttle/data_fifo/U_fifo_srl/dout_reg[12]/Q
                         net (fo=0)                   0.000     0.110    m_axi_gmem_out_wdata[12]
                                                                      r  m_axi_gmem_out_wdata[12] (OUT)
  -------------------------------------------------------------------    -------------------

Slack:                    inf
  Source:                 bd_0_i/hls_inst/inst/gmem_out_m_axi_U/bus_write/wreq_throttle/data_fifo/U_fifo_srl/dout_reg[15]/C
                            (rising edge-triggered cell FDRE clocked by ap_clk  {rise@0.000ns fall@2.564ns period=5.128ns})
  Destination:            m_axi_gmem_out_wdata[15]
                            (output port)
  Path Group:             (none)
  Path Type:              Max at Slow Process Corner
  Data Path Delay:        0.081ns  (logic 0.081ns (100.000%)  route 0.000ns (0.000%))
  Logic Levels:           0  
  Clock Uncertainty:      0.025ns  ((TSJ^2 + TIJ^2)^1/2 + DJ) / 2 + PE
    Total System Jitter     (TSJ):    0.050ns
    Total Input Jitter      (TIJ):    0.000ns
    Discrete Jitter          (DJ):    0.000ns
    Phase Error              (PE):    0.000ns

    Location             Delay type                Incr(ns)  Path(ns)    Netlist Resource(s)
  -------------------------------------------------------------------    -------------------
                         (clock ap_clk rise edge)     0.000     0.000 r  
                                                      0.000     0.000 r  ap_clk (IN)
                         net (fo=660658, unset)       0.029     0.029    bd_0_i/hls_inst/inst/gmem_out_m_axi_U/bus_write/wreq_throttle/data_fifo/U_fifo_srl/ap_clk
    SLICE_X119Y408       FDRE                                         r  bd_0_i/hls_inst/inst/gmem_out_m_axi_U/bus_write/wreq_throttle/data_fifo/U_fifo_srl/dout_reg[15]/C
  -------------------------------------------------------------------    -------------------
    SLICE_X119Y408       FDRE (Prop_FFF2_SLICEL_C_Q)
                                                      0.081     0.110 r  bd_0_i/hls_inst/inst/gmem_out_m_axi_U/bus_write/wreq_throttle/data_fifo/U_fifo_srl/dout_reg[15]/Q
                         net (fo=0)                   0.000     0.110    m_axi_gmem_out_wdata[15]
                                                                      r  m_axi_gmem_out_wdata[15] (OUT)
  -------------------------------------------------------------------    -------------------

Slack:                    inf
  Source:                 bd_0_i/hls_inst/inst/gmem_out_m_axi_U/bus_write/wreq_throttle/data_fifo/U_fifo_srl/dout_reg[17]/C
                            (rising edge-triggered cell FDRE clocked by ap_clk  {rise@0.000ns fall@2.564ns period=5.128ns})
  Destination:            m_axi_gmem_out_wdata[17]
                            (output port)
  Path Group:             (none)
  Path Type:              Max at Slow Process Corner
  Data Path Delay:        0.081ns  (logic 0.081ns (100.000%)  route 0.000ns (0.000%))
  Logic Levels:           0  
  Clock Uncertainty:      0.025ns  ((TSJ^2 + TIJ^2)^1/2 + DJ) / 2 + PE
    Total System Jitter     (TSJ):    0.050ns
    Total Input Jitter      (TIJ):    0.000ns
    Discrete Jitter          (DJ):    0.000ns
    Phase Error              (PE):    0.000ns

    Location             Delay type                Incr(ns)  Path(ns)    Netlist Resource(s)
  -------------------------------------------------------------------    -------------------
                         (clock ap_clk rise edge)     0.000     0.000 r  
                                                      0.000     0.000 r  ap_clk (IN)
                         net (fo=660658, unset)       0.029     0.029    bd_0_i/hls_inst/inst/gmem_out_m_axi_U/bus_write/wreq_throttle/data_fifo/U_fifo_srl/ap_clk
    SLICE_X117Y411       FDRE                                         r  bd_0_i/hls_inst/inst/gmem_out_m_axi_U/bus_write/wreq_throttle/data_fifo/U_fifo_srl/dout_reg[17]/C
  -------------------------------------------------------------------    -------------------
    SLICE_X117Y411       FDRE (Prop_GFF2_SLICEL_C_Q)
                                                      0.081     0.110 r  bd_0_i/hls_inst/inst/gmem_out_m_axi_U/bus_write/wreq_throttle/data_fifo/U_fifo_srl/dout_reg[17]/Q
                         net (fo=0)                   0.000     0.110    m_axi_gmem_out_wdata[17]
                                                                      r  m_axi_gmem_out_wdata[17] (OUT)
  -------------------------------------------------------------------    -------------------





Min Delay Paths
--------------------------------------------------------------------------------------
Slack:                    inf
  Source:                 bd_0_i/hls_inst/inst/gmem_out_m_axi_U/bus_write/wreq_throttle/rs_req/data_p1_reg[51]/C
                            (rising edge-triggered cell FDRE clocked by ap_clk  {rise@0.000ns fall@2.564ns period=5.128ns})
  Destination:            m_axi_gmem_out_awaddr[51]
                            (output port)
  Path Group:             (none)
  Path Type:              Min at Fast Process Corner
  Data Path Delay:        0.037ns  (logic 0.037ns (100.000%)  route 0.000ns (0.000%))
  Logic Levels:           0  
  Clock Uncertainty:      0.025ns  ((TSJ^2 + TIJ^2)^1/2 + DJ) / 2 + PE
    Total System Jitter     (TSJ):    0.050ns
    Total Input Jitter      (TIJ):    0.000ns
    Discrete Jitter          (DJ):    0.000ns
    Phase Error              (PE):    0.000ns

    Location             Delay type                Incr(ns)  Path(ns)    Netlist Resource(s)
  -------------------------------------------------------------------    -------------------
                         (clock ap_clk rise edge)     0.000     0.000 r  
                                                      0.000     0.000 r  ap_clk (IN)
                         net (fo=660658, unset)       0.013     0.013    bd_0_i/hls_inst/inst/gmem_out_m_axi_U/bus_write/wreq_throttle/rs_req/ap_clk
    SLICE_X63Y394        FDRE                                         r  bd_0_i/hls_inst/inst/gmem_out_m_axi_U/bus_write/wreq_throttle/rs_req/data_p1_reg[51]/C
  -------------------------------------------------------------------    -------------------
    SLICE_X63Y394        FDRE (Prop_FFF_SLICEM_C_Q)
                                                      0.037     0.050 r  bd_0_i/hls_inst/inst/gmem_out_m_axi_U/bus_write/wreq_throttle/rs_req/data_p1_reg[51]/Q
                         net (fo=0)                   0.000     0.050    m_axi_gmem_out_awaddr[51]
                                                                      r  m_axi_gmem_out_awaddr[51] (OUT)
  -------------------------------------------------------------------    -------------------

Slack:                    inf
  Source:                 bd_0_i/hls_inst/inst/gmem_out_m_axi_U/bus_write/wreq_throttle/rs_req/data_p1_reg[55]/C
                            (rising edge-triggered cell FDRE clocked by ap_clk  {rise@0.000ns fall@2.564ns period=5.128ns})
  Destination:            m_axi_gmem_out_awaddr[55]
                            (output port)
  Path Group:             (none)
  Path Type:              Min at Fast Process Corner
  Data Path Delay:        0.037ns  (logic 0.037ns (100.000%)  route 0.000ns (0.000%))
  Logic Levels:           0  
  Clock Uncertainty:      0.025ns  ((TSJ^2 + TIJ^2)^1/2 + DJ) / 2 + PE
    Total System Jitter     (TSJ):    0.050ns
    Total Input Jitter      (TIJ):    0.000ns
    Discrete Jitter          (DJ):    0.000ns
    Phase Error              (PE):    0.000ns

    Location             Delay type                Incr(ns)  Path(ns)    Netlist Resource(s)
  -------------------------------------------------------------------    -------------------
                         (clock ap_clk rise edge)     0.000     0.000 r  
                                                      0.000     0.000 r  ap_clk (IN)
                         net (fo=660658, unset)       0.013     0.013    bd_0_i/hls_inst/inst/gmem_out_m_axi_U/bus_write/wreq_throttle/rs_req/ap_clk
    SLICE_X65Y405        FDRE                                         r  bd_0_i/hls_inst/inst/gmem_out_m_axi_U/bus_write/wreq_throttle/rs_req/data_p1_reg[55]/C
  -------------------------------------------------------------------    -------------------
    SLICE_X65Y405        FDRE (Prop_FFF_SLICEM_C_Q)
                                                      0.037     0.050 r  bd_0_i/hls_inst/inst/gmem_out_m_axi_U/bus_write/wreq_throttle/rs_req/data_p1_reg[55]/Q
                         net (fo=0)                   0.000     0.050    m_axi_gmem_out_awaddr[55]
                                                                      r  m_axi_gmem_out_awaddr[55] (OUT)
  -------------------------------------------------------------------    -------------------

Slack:                    inf
  Source:                 bd_0_i/hls_inst/inst/gmem_out_m_axi_U/bus_write/wreq_throttle/rs_req/data_p1_reg[56]/C
                            (rising edge-triggered cell FDRE clocked by ap_clk  {rise@0.000ns fall@2.564ns period=5.128ns})
  Destination:            m_axi_gmem_out_awaddr[56]
                            (output port)
  Path Group:             (none)
  Path Type:              Min at Fast Process Corner
  Data Path Delay:        0.037ns  (logic 0.037ns (100.000%)  route 0.000ns (0.000%))
  Logic Levels:           0  
  Clock Uncertainty:      0.025ns  ((TSJ^2 + TIJ^2)^1/2 + DJ) / 2 + PE
    Total System Jitter     (TSJ):    0.050ns
    Total Input Jitter      (TIJ):    0.000ns
    Discrete Jitter          (DJ):    0.000ns
    Phase Error              (PE):    0.000ns

    Location             Delay type                Incr(ns)  Path(ns)    Netlist Resource(s)
  -------------------------------------------------------------------    -------------------
                         (clock ap_clk rise edge)     0.000     0.000 r  
                                                      0.000     0.000 r  ap_clk (IN)
                         net (fo=660658, unset)       0.013     0.013    bd_0_i/hls_inst/inst/gmem_out_m_axi_U/bus_write/wreq_throttle/rs_req/ap_clk
    SLICE_X65Y406        FDRE                                         r  bd_0_i/hls_inst/inst/gmem_out_m_axi_U/bus_write/wreq_throttle/rs_req/data_p1_reg[56]/C
  -------------------------------------------------------------------    -------------------
    SLICE_X65Y406        FDRE (Prop_FFF_SLICEM_C_Q)
                                                      0.037     0.050 r  bd_0_i/hls_inst/inst/gmem_out_m_axi_U/bus_write/wreq_throttle/rs_req/data_p1_reg[56]/Q
                         net (fo=0)                   0.000     0.050    m_axi_gmem_out_awaddr[56]
                                                                      r  m_axi_gmem_out_awaddr[56] (OUT)
  -------------------------------------------------------------------    -------------------

Slack:                    inf
  Source:                 bd_0_i/hls_inst/inst/gmem_out_m_axi_U/bus_write/wreq_throttle/rs_req/data_p1_reg[65]/C
                            (rising edge-triggered cell FDRE clocked by ap_clk  {rise@0.000ns fall@2.564ns period=5.128ns})
  Destination:            m_axi_gmem_out_awlen[1]
                            (output port)
  Path Group:             (none)
  Path Type:              Min at Fast Process Corner
  Data Path Delay:        0.037ns  (logic 0.037ns (100.000%)  route 0.000ns (0.000%))
  Logic Levels:           0  
  Clock Uncertainty:      0.025ns  ((TSJ^2 + TIJ^2)^1/2 + DJ) / 2 + PE
    Total System Jitter     (TSJ):    0.050ns
    Total Input Jitter      (TIJ):    0.000ns
    Discrete Jitter          (DJ):    0.000ns
    Phase Error              (PE):    0.000ns

    Location             Delay type                Incr(ns)  Path(ns)    Netlist Resource(s)
  -------------------------------------------------------------------    -------------------
                         (clock ap_clk rise edge)     0.000     0.000 r  
                                                      0.000     0.000 r  ap_clk (IN)
                         net (fo=660658, unset)       0.013     0.013    bd_0_i/hls_inst/inst/gmem_out_m_axi_U/bus_write/wreq_throttle/rs_req/ap_clk
    SLICE_X65Y407        FDRE                                         r  bd_0_i/hls_inst/inst/gmem_out_m_axi_U/bus_write/wreq_throttle/rs_req/data_p1_reg[65]/C
  -------------------------------------------------------------------    -------------------
    SLICE_X65Y407        FDRE (Prop_FFF_SLICEM_C_Q)
                                                      0.037     0.050 r  bd_0_i/hls_inst/inst/gmem_out_m_axi_U/bus_write/wreq_throttle/rs_req/data_p1_reg[65]/Q
                         net (fo=0)                   0.000     0.050    m_axi_gmem_out_awlen[1]
                                                                      r  m_axi_gmem_out_awlen[1] (OUT)
  -------------------------------------------------------------------    -------------------

Slack:                    inf
  Source:                 bd_0_i/hls_inst/inst/gmem_out_m_axi_U/bus_write/wreq_throttle/data_fifo/U_fifo_srl/dout_reg[25]/C
                            (rising edge-triggered cell FDRE clocked by ap_clk  {rise@0.000ns fall@2.564ns period=5.128ns})
  Destination:            m_axi_gmem_out_wdata[25]
                            (output port)
  Path Group:             (none)
  Path Type:              Min at Fast Process Corner
  Data Path Delay:        0.037ns  (logic 0.037ns (100.000%)  route 0.000ns (0.000%))
  Logic Levels:           0  
  Clock Uncertainty:      0.025ns  ((TSJ^2 + TIJ^2)^1/2 + DJ) / 2 + PE
    Total System Jitter     (TSJ):    0.050ns
    Total Input Jitter      (TIJ):    0.000ns
    Discrete Jitter          (DJ):    0.000ns
    Phase Error              (PE):    0.000ns

    Location             Delay type                Incr(ns)  Path(ns)    Netlist Resource(s)
  -------------------------------------------------------------------    -------------------
                         (clock ap_clk rise edge)     0.000     0.000 r  
                                                      0.000     0.000 r  ap_clk (IN)
                         net (fo=660658, unset)       0.013     0.013    bd_0_i/hls_inst/inst/gmem_out_m_axi_U/bus_write/wreq_throttle/data_fifo/U_fifo_srl/ap_clk
    SLICE_X118Y413       FDRE                                         r  bd_0_i/hls_inst/inst/gmem_out_m_axi_U/bus_write/wreq_throttle/data_fifo/U_fifo_srl/dout_reg[25]/C
  -------------------------------------------------------------------    -------------------
    SLICE_X118Y413       FDRE (Prop_FFF_SLICEM_C_Q)
                                                      0.037     0.050 r  bd_0_i/hls_inst/inst/gmem_out_m_axi_U/bus_write/wreq_throttle/data_fifo/U_fifo_srl/dout_reg[25]/Q
                         net (fo=0)                   0.000     0.050    m_axi_gmem_out_wdata[25]
                                                                      r  m_axi_gmem_out_wdata[25] (OUT)
  -------------------------------------------------------------------    -------------------

Slack:                    inf
  Source:                 bd_0_i/hls_inst/inst/gmem_out_m_axi_U/bus_write/wreq_throttle/data_fifo/U_fifo_srl/dout_reg[39]/C
                            (rising edge-triggered cell FDRE clocked by ap_clk  {rise@0.000ns fall@2.564ns period=5.128ns})
  Destination:            m_axi_gmem_out_wdata[39]
                            (output port)
  Path Group:             (none)
  Path Type:              Min at Fast Process Corner
  Data Path Delay:        0.037ns  (logic 0.037ns (100.000%)  route 0.000ns (0.000%))
  Logic Levels:           0  
  Clock Uncertainty:      0.025ns  ((TSJ^2 + TIJ^2)^1/2 + DJ) / 2 + PE
    Total System Jitter     (TSJ):    0.050ns
    Total Input Jitter      (TIJ):    0.000ns
    Discrete Jitter          (DJ):    0.000ns
    Phase Error              (PE):    0.000ns

    Location             Delay type                Incr(ns)  Path(ns)    Netlist Resource(s)
  -------------------------------------------------------------------    -------------------
                         (clock ap_clk rise edge)     0.000     0.000 r  
                                                      0.000     0.000 r  ap_clk (IN)
                         net (fo=660658, unset)       0.013     0.013    bd_0_i/hls_inst/inst/gmem_out_m_axi_U/bus_write/wreq_throttle/data_fifo/U_fifo_srl/ap_clk
    SLICE_X118Y405       FDRE                                         r  bd_0_i/hls_inst/inst/gmem_out_m_axi_U/bus_write/wreq_throttle/data_fifo/U_fifo_srl/dout_reg[39]/C
  -------------------------------------------------------------------    -------------------
    SLICE_X118Y405       FDRE (Prop_FFF_SLICEM_C_Q)
                                                      0.037     0.050 r  bd_0_i/hls_inst/inst/gmem_out_m_axi_U/bus_write/wreq_throttle/data_fifo/U_fifo_srl/dout_reg[39]/Q
                         net (fo=0)                   0.000     0.050    m_axi_gmem_out_wdata[39]
                                                                      r  m_axi_gmem_out_wdata[39] (OUT)
  -------------------------------------------------------------------    -------------------

Slack:                    inf
  Source:                 bd_0_i/hls_inst/inst/gmem_out_m_axi_U/bus_write/wreq_throttle/data_fifo/U_fifo_srl/dout_reg[66]/C
                            (rising edge-triggered cell FDRE clocked by ap_clk  {rise@0.000ns fall@2.564ns period=5.128ns})
  Destination:            m_axi_gmem_out_wstrb[2]
                            (output port)
  Path Group:             (none)
  Path Type:              Min at Fast Process Corner
  Data Path Delay:        0.037ns  (logic 0.037ns (100.000%)  route 0.000ns (0.000%))
  Logic Levels:           0  
  Clock Uncertainty:      0.025ns  ((TSJ^2 + TIJ^2)^1/2 + DJ) / 2 + PE
    Total System Jitter     (TSJ):    0.050ns
    Total Input Jitter      (TIJ):    0.000ns
    Discrete Jitter          (DJ):    0.000ns
    Phase Error              (PE):    0.000ns

    Location             Delay type                Incr(ns)  Path(ns)    Netlist Resource(s)
  -------------------------------------------------------------------    -------------------
                         (clock ap_clk rise edge)     0.000     0.000 r  
                                                      0.000     0.000 r  ap_clk (IN)
                         net (fo=660658, unset)       0.013     0.013    bd_0_i/hls_inst/inst/gmem_out_m_axi_U/bus_write/wreq_throttle/data_fifo/U_fifo_srl/ap_clk
    SLICE_X121Y405       FDRE                                         r  bd_0_i/hls_inst/inst/gmem_out_m_axi_U/bus_write/wreq_throttle/data_fifo/U_fifo_srl/dout_reg[66]/C
  -------------------------------------------------------------------    -------------------
    SLICE_X121Y405       FDRE (Prop_FFF_SLICEM_C_Q)
                                                      0.037     0.050 r  bd_0_i/hls_inst/inst/gmem_out_m_axi_U/bus_write/wreq_throttle/data_fifo/U_fifo_srl/dout_reg[66]/Q
                         net (fo=0)                   0.000     0.050    m_axi_gmem_out_wstrb[2]
                                                                      r  m_axi_gmem_out_wstrb[2] (OUT)
  -------------------------------------------------------------------    -------------------

Slack:                    inf
  Source:                 bd_0_i/hls_inst/inst/gmem_act_m_axi_U/bus_read/rreq_burst_conv/could_multi_bursts.burst_valid_reg/C
                            (rising edge-triggered cell FDRE clocked by ap_clk  {rise@0.000ns fall@2.564ns period=5.128ns})
  Destination:            m_axi_gmem_act_arvalid
                            (output port)
  Path Group:             (none)
  Path Type:              Min at Fast Process Corner
  Data Path Delay:        0.038ns  (logic 0.038ns (100.000%)  route 0.000ns (0.000%))
  Logic Levels:           0  
  Clock Uncertainty:      0.025ns  ((TSJ^2 + TIJ^2)^1/2 + DJ) / 2 + PE
    Total System Jitter     (TSJ):    0.050ns
    Total Input Jitter      (TIJ):    0.000ns
    Discrete Jitter          (DJ):    0.000ns
    Phase Error              (PE):    0.000ns

    Location             Delay type                Incr(ns)  Path(ns)    Netlist Resource(s)
  -------------------------------------------------------------------    -------------------
                         (clock ap_clk rise edge)     0.000     0.000 r  
                                                      0.000     0.000 r  ap_clk (IN)
                         net (fo=660658, unset)       0.013     0.013    bd_0_i/hls_inst/inst/gmem_act_m_axi_U/bus_read/rreq_burst_conv/ap_clk
    SLICE_X63Y350        FDRE                                         r  bd_0_i/hls_inst/inst/gmem_act_m_axi_U/bus_read/rreq_burst_conv/could_multi_bursts.burst_valid_reg/C
  -------------------------------------------------------------------    -------------------
    SLICE_X63Y350        FDRE (Prop_EFF_SLICEM_C_Q)
                                                      0.038     0.051 r  bd_0_i/hls_inst/inst/gmem_act_m_axi_U/bus_read/rreq_burst_conv/could_multi_bursts.burst_valid_reg/Q
                         net (fo=6, unset)            0.000     0.051    m_axi_gmem_act_arvalid
                                                                      r  m_axi_gmem_act_arvalid (OUT)
  -------------------------------------------------------------------    -------------------

Slack:                    inf
  Source:                 bd_0_i/hls_inst/inst/gmem_out_m_axi_U/bus_write/wreq_throttle/rs_req/data_p1_reg[12]/C
                            (rising edge-triggered cell FDRE clocked by ap_clk  {rise@0.000ns fall@2.564ns period=5.128ns})
  Destination:            m_axi_gmem_out_awaddr[12]
                            (output port)
  Path Group:             (none)
  Path Type:              Min at Fast Process Corner
  Data Path Delay:        0.038ns  (logic 0.038ns (100.000%)  route 0.000ns (0.000%))
  Logic Levels:           0  
  Clock Uncertainty:      0.025ns  ((TSJ^2 + TIJ^2)^1/2 + DJ) / 2 + PE
    Total System Jitter     (TSJ):    0.050ns
    Total Input Jitter      (TIJ):    0.000ns
    Discrete Jitter          (DJ):    0.000ns
    Phase Error              (PE):    0.000ns

    Location             Delay type                Incr(ns)  Path(ns)    Netlist Resource(s)
  -------------------------------------------------------------------    -------------------
                         (clock ap_clk rise edge)     0.000     0.000 r  
                                                      0.000     0.000 r  ap_clk (IN)
                         net (fo=660658, unset)       0.013     0.013    bd_0_i/hls_inst/inst/gmem_out_m_axi_U/bus_write/wreq_throttle/rs_req/ap_clk
    SLICE_X63Y394        FDRE                                         r  bd_0_i/hls_inst/inst/gmem_out_m_axi_U/bus_write/wreq_throttle/rs_req/data_p1_reg[12]/C
  -------------------------------------------------------------------    -------------------
    SLICE_X63Y394        FDRE (Prop_CFF_SLICEM_C_Q)
                                                      0.038     0.051 r  bd_0_i/hls_inst/inst/gmem_out_m_axi_U/bus_write/wreq_throttle/rs_req/data_p1_reg[12]/Q
                         net (fo=0)                   0.000     0.051    m_axi_gmem_out_awaddr[12]
                                                                      r  m_axi_gmem_out_awaddr[12] (OUT)
  -------------------------------------------------------------------    -------------------

Slack:                    inf
  Source:                 bd_0_i/hls_inst/inst/gmem_out_m_axi_U/bus_write/wreq_throttle/rs_req/data_p1_reg[15]/C
                            (rising edge-triggered cell FDRE clocked by ap_clk  {rise@0.000ns fall@2.564ns period=5.128ns})
  Destination:            m_axi_gmem_out_awaddr[15]
                            (output port)
  Path Group:             (none)
  Path Type:              Min at Fast Process Corner
  Data Path Delay:        0.038ns  (logic 0.038ns (100.000%)  route 0.000ns (0.000%))
  Logic Levels:           0  
  Clock Uncertainty:      0.025ns  ((TSJ^2 + TIJ^2)^1/2 + DJ) / 2 + PE
    Total System Jitter     (TSJ):    0.050ns
    Total Input Jitter      (TIJ):    0.000ns
    Discrete Jitter          (DJ):    0.000ns
    Phase Error              (PE):    0.000ns

    Location             Delay type                Incr(ns)  Path(ns)    Netlist Resource(s)
  -------------------------------------------------------------------    -------------------
                         (clock ap_clk rise edge)     0.000     0.000 r  
                                                      0.000     0.000 r  ap_clk (IN)
                         net (fo=660658, unset)       0.013     0.013    bd_0_i/hls_inst/inst/gmem_out_m_axi_U/bus_write/wreq_throttle/rs_req/ap_clk
    SLICE_X65Y393        FDRE                                         r  bd_0_i/hls_inst/inst/gmem_out_m_axi_U/bus_write/wreq_throttle/rs_req/data_p1_reg[15]/C
  -------------------------------------------------------------------    -------------------
    SLICE_X65Y393        FDRE (Prop_CFF_SLICEM_C_Q)
                                                      0.038     0.051 r  bd_0_i/hls_inst/inst/gmem_out_m_axi_U/bus_write/wreq_throttle/rs_req/data_p1_reg[15]/Q
                         net (fo=0)                   0.000     0.051    m_axi_gmem_out_awaddr[15]
                                                                      r  m_axi_gmem_out_awaddr[15] (OUT)
  -------------------------------------------------------------------    -------------------





--------------------------------------------------------------------------------------
Path Group:  (none)
From Clock:  
  To Clock:  ap_clk

Max Delay          6167 Endpoints
Min Delay          6167 Endpoints
--------------------------------------------------------------------------------------


Max Delay Paths
--------------------------------------------------------------------------------------
Slack:                    inf
  Source:                 s_axi_control_arvalid
                            (input port)
  Destination:            bd_0_i/hls_inst/inst/control_s_axi_U/rdata_reg[9]/CE
                            (rising edge-triggered cell FDRE clocked by ap_clk  {rise@0.000ns fall@2.564ns period=5.128ns})
  Path Group:             (none)
  Path Type:              Setup (Max at Slow Process Corner)
  Data Path Delay:        2.768ns  (logic 0.089ns (3.215%)  route 2.679ns (96.785%))
  Logic Levels:           1  (LUT2=1)
  Clock Path Skew:        0.020ns (DCD - SCD + CPR)
    Destination Clock Delay (DCD):    0.020ns
    Source Clock Delay      (SCD):    0.000ns
    Clock Pessimism Removal (CPR):    0.000ns
  Clock Uncertainty:      0.025ns  ((TSJ^2 + TIJ^2)^1/2 + DJ) / 2 + PE
    Total System Jitter     (TSJ):    0.050ns
    Total Input Jitter      (TIJ):    0.000ns
    Discrete Jitter          (DJ):    0.000ns
    Phase Error              (PE):    0.000ns

    Location             Delay type                Incr(ns)  Path(ns)    Netlist Resource(s)
  -------------------------------------------------------------------    -------------------
                                                      0.000     0.000 r  s_axi_control_arvalid (IN)
                         net (fo=4, unset)            0.000     0.000    bd_0_i/hls_inst/inst/control_s_axi_U/s_axi_control_ARVALID
    SLICE_X90Y392        LUT2 (Prop_F6LUT_SLICEL_I0_O)
                                                      0.089     0.089 r  bd_0_i/hls_inst/inst/control_s_axi_U/rdata[31]_i_2/O
                         net (fo=32, routed)          2.679     2.768    bd_0_i/hls_inst/inst/control_s_axi_U/ar_hs
    SLICE_X96Y378        FDRE                                         r  bd_0_i/hls_inst/inst/control_s_axi_U/rdata_reg[9]/CE
  -------------------------------------------------------------------    -------------------

                         (clock ap_clk rise edge)     0.000     0.000 r  
                                                      0.000     0.000 r  ap_clk (IN)
                         net (fo=660658, unset)       0.020     0.020    bd_0_i/hls_inst/inst/control_s_axi_U/ap_clk
    SLICE_X96Y378        FDRE                                         r  bd_0_i/hls_inst/inst/control_s_axi_U/rdata_reg[9]/C

Slack:                    inf
  Source:                 s_axi_control_arvalid
                            (input port)
  Destination:            bd_0_i/hls_inst/inst/control_s_axi_U/rdata_reg[21]/CE
                            (rising edge-triggered cell FDRE clocked by ap_clk  {rise@0.000ns fall@2.564ns period=5.128ns})
  Path Group:             (none)
  Path Type:              Setup (Max at Slow Process Corner)
  Data Path Delay:        2.458ns  (logic 0.089ns (3.620%)  route 2.369ns (96.380%))
  Logic Levels:           1  (LUT2=1)
  Clock Path Skew:        0.020ns (DCD - SCD + CPR)
    Destination Clock Delay (DCD):    0.020ns
    Source Clock Delay      (SCD):    0.000ns
    Clock Pessimism Removal (CPR):    0.000ns
  Clock Uncertainty:      0.025ns  ((TSJ^2 + TIJ^2)^1/2 + DJ) / 2 + PE
    Total System Jitter     (TSJ):    0.050ns
    Total Input Jitter      (TIJ):    0.000ns
    Discrete Jitter          (DJ):    0.000ns
    Phase Error              (PE):    0.000ns

    Location             Delay type                Incr(ns)  Path(ns)    Netlist Resource(s)
  -------------------------------------------------------------------    -------------------
                                                      0.000     0.000 r  s_axi_control_arvalid (IN)
                         net (fo=4, unset)            0.000     0.000    bd_0_i/hls_inst/inst/control_s_axi_U/s_axi_control_ARVALID
    SLICE_X90Y392        LUT2 (Prop_F6LUT_SLICEL_I0_O)
                                                      0.089     0.089 r  bd_0_i/hls_inst/inst/control_s_axi_U/rdata[31]_i_2/O
                         net (fo=32, routed)          2.369     2.458    bd_0_i/hls_inst/inst/control_s_axi_U/ar_hs
    SLICE_X89Y378        FDRE                                         r  bd_0_i/hls_inst/inst/control_s_axi_U/rdata_reg[21]/CE
  -------------------------------------------------------------------    -------------------

                         (clock ap_clk rise edge)     0.000     0.000 r  
                                                      0.000     0.000 r  ap_clk (IN)
                         net (fo=660658, unset)       0.020     0.020    bd_0_i/hls_inst/inst/control_s_axi_U/ap_clk
    SLICE_X89Y378        FDRE                                         r  bd_0_i/hls_inst/inst/control_s_axi_U/rdata_reg[21]/C

Slack:                    inf
  Source:                 s_axi_control_wvalid
                            (input port)
  Destination:            bd_0_i/hls_inst/inst/control_s_axi_U/int_weight_col20_reg[26]/CE
                            (rising edge-triggered cell FDRE clocked by ap_clk  {rise@0.000ns fall@2.564ns period=5.128ns})
  Path Group:             (none)
  Path Type:              Setup (Max at Slow Process Corner)
  Data Path Delay:        2.447ns  (logic 0.249ns (10.177%)  route 2.198ns (89.823%))
  Logic Levels:           3  (LUT3=1 LUT5=2)
  Clock Path Skew:        0.020ns (DCD - SCD + CPR)
    Destination Clock Delay (DCD):    0.020ns
    Source Clock Delay      (SCD):    0.000ns
    Clock Pessimism Removal (CPR):    0.000ns
  Clock Uncertainty:      0.025ns  ((TSJ^2 + TIJ^2)^1/2 + DJ) / 2 + PE
    Total System Jitter     (TSJ):    0.050ns
    Total Input Jitter      (TIJ):    0.000ns
    Discrete Jitter          (DJ):    0.000ns
    Phase Error              (PE):    0.000ns

    Location             Delay type                Incr(ns)  Path(ns)    Netlist Resource(s)
  -------------------------------------------------------------------    -------------------
                                                      0.000     0.000 r  s_axi_control_wvalid (IN)
                         net (fo=4, unset)            0.000     0.000    bd_0_i/hls_inst/inst/control_s_axi_U/s_axi_control_WVALID
    SLICE_X89Y352        LUT5 (Prop_A6LUT_SLICEL_I3_O)
                                                      0.090     0.090 r  bd_0_i/hls_inst/inst/control_s_axi_U/int_weight_col17[63]_i_3/O
                         net (fo=18, routed)          0.221     0.311    bd_0_i/hls_inst/inst/control_s_axi_U/int_weight_col17[63]_i_3_n_0
    SLICE_X90Y352        LUT3 (Prop_H5LUT_SLICEL_I0_O)
                                                      0.109     0.420 r  bd_0_i/hls_inst/inst/control_s_axi_U/int_weight_col20[31]_i_3/O
                         net (fo=5, routed)           0.172     0.592    bd_0_i/hls_inst/inst/control_s_axi_U/int_weight_col20[31]_i_3_n_0
    SLICE_X90Y351        LUT5 (Prop_G6LUT_SLICEL_I0_O)
                                                      0.050     0.642 r  bd_0_i/hls_inst/inst/control_s_axi_U/int_weight_col20[31]_i_1/O
                         net (fo=32, routed)          1.805     2.447    bd_0_i/hls_inst/inst/control_s_axi_U/int_weight_col20[31]_i_1_n_0
    SLICE_X108Y394       FDRE                                         r  bd_0_i/hls_inst/inst/control_s_axi_U/int_weight_col20_reg[26]/CE
  -------------------------------------------------------------------    -------------------

                         (clock ap_clk rise edge)     0.000     0.000 r  
                                                      0.000     0.000 r  ap_clk (IN)
                         net (fo=660658, unset)       0.020     0.020    bd_0_i/hls_inst/inst/control_s_axi_U/ap_clk
    SLICE_X108Y394       FDRE                                         r  bd_0_i/hls_inst/inst/control_s_axi_U/int_weight_col20_reg[26]/C

Slack:                    inf
  Source:                 s_axi_control_wvalid
                            (input port)
  Destination:            bd_0_i/hls_inst/inst/control_s_axi_U/int_weight_col15_reg[60]/CE
                            (rising edge-triggered cell FDRE clocked by ap_clk  {rise@0.000ns fall@2.564ns period=5.128ns})
  Path Group:             (none)
  Path Type:              Setup (Max at Slow Process Corner)
  Data Path Delay:        2.414ns  (logic 0.190ns (7.872%)  route 2.224ns (92.128%))
  Logic Levels:           2  (LUT5=1 LUT6=1)
  Clock Path Skew:        0.020ns (DCD - SCD + CPR)
    Destination Clock Delay (DCD):    0.020ns
    Source Clock Delay      (SCD):    0.000ns
    Clock Pessimism Removal (CPR):    0.000ns
  Clock Uncertainty:      0.025ns  ((TSJ^2 + TIJ^2)^1/2 + DJ) / 2 + PE
    Total System Jitter     (TSJ):    0.050ns
    Total Input Jitter      (TIJ):    0.000ns
    Discrete Jitter          (DJ):    0.000ns
    Phase Error              (PE):    0.000ns

    Location             Delay type                Incr(ns)  Path(ns)    Netlist Resource(s)
  -------------------------------------------------------------------    -------------------
                                                      0.000     0.000 r  s_axi_control_wvalid (IN)
                         net (fo=4, unset)            0.000     0.000    bd_0_i/hls_inst/inst/control_s_axi_U/s_axi_control_WVALID
    SLICE_X89Y352        LUT5 (Prop_A5LUT_SLICEL_I2_O)
                                                      0.100     0.100 r  bd_0_i/hls_inst/inst/control_s_axi_U/int_weight_col1[63]_i_3/O
                         net (fo=12, routed)          0.236     0.336    bd_0_i/hls_inst/inst/control_s_axi_U/int_weight_col1[63]_i_3_n_0
    SLICE_X90Y350        LUT6 (Prop_H6LUT_SLICEL_I3_O)
                                                      0.090     0.426 r  bd_0_i/hls_inst/inst/control_s_axi_U/int_weight_col15[63]_i_1/O
                         net (fo=32, routed)          1.988     2.414    bd_0_i/hls_inst/inst/control_s_axi_U/int_weight_col15[63]_i_1_n_0
    SLICE_X113Y404       FDRE                                         r  bd_0_i/hls_inst/inst/control_s_axi_U/int_weight_col15_reg[60]/CE
  -------------------------------------------------------------------    -------------------

                         (clock ap_clk rise edge)     0.000     0.000 r  
                                                      0.000     0.000 r  ap_clk (IN)
                         net (fo=660658, unset)       0.020     0.020    bd_0_i/hls_inst/inst/control_s_axi_U/ap_clk
    SLICE_X113Y404       FDRE                                         r  bd_0_i/hls_inst/inst/control_s_axi_U/int_weight_col15_reg[60]/C

Slack:                    inf
  Source:                 s_axi_control_wvalid
                            (input port)
  Destination:            bd_0_i/hls_inst/inst/control_s_axi_U/int_weight_col14_reg[62]/CE
                            (rising edge-triggered cell FDRE clocked by ap_clk  {rise@0.000ns fall@2.564ns period=5.128ns})
  Path Group:             (none)
  Path Type:              Setup (Max at Slow Process Corner)
  Data Path Delay:        2.361ns  (logic 0.275ns (11.646%)  route 2.086ns (88.354%))
  Logic Levels:           3  (LUT4=2 LUT5=1)
  Clock Path Skew:        0.021ns (DCD - SCD + CPR)
    Destination Clock Delay (DCD):    0.021ns
    Source Clock Delay      (SCD):    0.000ns
    Clock Pessimism Removal (CPR):    0.000ns
  Clock Uncertainty:      0.025ns  ((TSJ^2 + TIJ^2)^1/2 + DJ) / 2 + PE
    Total System Jitter     (TSJ):    0.050ns
    Total Input Jitter      (TIJ):    0.000ns
    Discrete Jitter          (DJ):    0.000ns
    Phase Error              (PE):    0.000ns

    Location             Delay type                Incr(ns)  Path(ns)    Netlist Resource(s)
  -------------------------------------------------------------------    -------------------
                                                      0.000     0.000 r  s_axi_control_wvalid (IN)
                         net (fo=4, unset)            0.000     0.000    bd_0_i/hls_inst/inst/control_s_axi_U/s_axi_control_WVALID
    SLICE_X89Y352        LUT5 (Prop_A5LUT_SLICEL_I2_O)
                                                      0.100     0.100 r  bd_0_i/hls_inst/inst/control_s_axi_U/int_weight_col1[63]_i_3/O
                         net (fo=12, routed)          0.309     0.409    bd_0_i/hls_inst/inst/control_s_axi_U/int_weight_col1[63]_i_3_n_0
    SLICE_X90Y355        LUT4 (Prop_H5LUT_SLICEL_I2_O)
                                                      0.065     0.474 f  bd_0_i/hls_inst/inst/control_s_axi_U/int_weight_col12[31]_i_3/O
                         net (fo=5, routed)           0.184     0.658    bd_0_i/hls_inst/inst/control_s_axi_U/int_weight_col12[31]_i_3_n_0
    SLICE_X90Y355        LUT4 (Prop_D5LUT_SLICEL_I2_O)
                                                      0.110     0.768 r  bd_0_i/hls_inst/inst/control_s_axi_U/int_weight_col14[63]_i_1/O
                         net (fo=32, routed)          1.593     2.361    bd_0_i/hls_inst/inst/control_s_axi_U/int_weight_col14[63]_i_1_n_0
    SLICE_X111Y400       FDRE                                         r  bd_0_i/hls_inst/inst/control_s_axi_U/int_weight_col14_reg[62]/CE
  -------------------------------------------------------------------    -------------------

                         (clock ap_clk rise edge)     0.000     0.000 r  
                                                      0.000     0.000 r  ap_clk (IN)
                         net (fo=660658, unset)       0.021     0.021    bd_0_i/hls_inst/inst/control_s_axi_U/ap_clk
    SLICE_X111Y400       FDRE                                         r  bd_0_i/hls_inst/inst/control_s_axi_U/int_weight_col14_reg[62]/C

Slack:                    inf
  Source:                 s_axi_control_wvalid
                            (input port)
  Destination:            bd_0_i/hls_inst/inst/control_s_axi_U/int_weight_col20_reg[29]/CE
                            (rising edge-triggered cell FDRE clocked by ap_clk  {rise@0.000ns fall@2.564ns period=5.128ns})
  Path Group:             (none)
  Path Type:              Setup (Max at Slow Process Corner)
  Data Path Delay:        2.360ns  (logic 0.249ns (10.551%)  route 2.111ns (89.449%))
  Logic Levels:           3  (LUT3=1 LUT5=2)
  Clock Path Skew:        0.021ns (DCD - SCD + CPR)
    Destination Clock Delay (DCD):    0.021ns
    Source Clock Delay      (SCD):    0.000ns
    Clock Pessimism Removal (CPR):    0.000ns
  Clock Uncertainty:      0.025ns  ((TSJ^2 + TIJ^2)^1/2 + DJ) / 2 + PE
    Total System Jitter     (TSJ):    0.050ns
    Total Input Jitter      (TIJ):    0.000ns
    Discrete Jitter          (DJ):    0.000ns
    Phase Error              (PE):    0.000ns

    Location             Delay type                Incr(ns)  Path(ns)    Netlist Resource(s)
  -------------------------------------------------------------------    -------------------
                                                      0.000     0.000 r  s_axi_control_wvalid (IN)
                         net (fo=4, unset)            0.000     0.000    bd_0_i/hls_inst/inst/control_s_axi_U/s_axi_control_WVALID
    SLICE_X89Y352        LUT5 (Prop_A6LUT_SLICEL_I3_O)
                                                      0.090     0.090 r  bd_0_i/hls_inst/inst/control_s_axi_U/int_weight_col17[63]_i_3/O
                         net (fo=18, routed)          0.221     0.311    bd_0_i/hls_inst/inst/control_s_axi_U/int_weight_col17[63]_i_3_n_0
    SLICE_X90Y352        LUT3 (Prop_H5LUT_SLICEL_I0_O)
                                                      0.109     0.420 r  bd_0_i/hls_inst/inst/control_s_axi_U/int_weight_col20[31]_i_3/O
                         net (fo=5, routed)           0.172     0.592    bd_0_i/hls_inst/inst/control_s_axi_U/int_weight_col20[31]_i_3_n_0
    SLICE_X90Y351        LUT5 (Prop_G6LUT_SLICEL_I0_O)
                                                      0.050     0.642 r  bd_0_i/hls_inst/inst/control_s_axi_U/int_weight_col20[31]_i_1/O
                         net (fo=32, routed)          1.718     2.360    bd_0_i/hls_inst/inst/control_s_axi_U/int_weight_col20[31]_i_1_n_0
    SLICE_X104Y396       FDRE                                         r  bd_0_i/hls_inst/inst/control_s_axi_U/int_weight_col20_reg[29]/CE
  -------------------------------------------------------------------    -------------------

                         (clock ap_clk rise edge)     0.000     0.000 r  
                                                      0.000     0.000 r  ap_clk (IN)
                         net (fo=660658, unset)       0.021     0.021    bd_0_i/hls_inst/inst/control_s_axi_U/ap_clk
    SLICE_X104Y396       FDRE                                         r  bd_0_i/hls_inst/inst/control_s_axi_U/int_weight_col20_reg[29]/C

Slack:                    inf
  Source:                 m_axi_gmem_arready
                            (input port)
  Destination:            bd_0_i/hls_inst/inst/gmem_m_axi_U/bus_read/rreq_burst_conv/sect_cnt_reg[39]/D
                            (rising edge-triggered cell FDRE clocked by ap_clk  {rise@0.000ns fall@2.564ns period=5.128ns})
  Path Group:             (none)
  Path Type:              Setup (Max at Slow Process Corner)
  Data Path Delay:        2.347ns  (logic 0.311ns (13.248%)  route 2.036ns (86.752%))
  Logic Levels:           3  (LUT3=1 LUT5=1 LUT6=1)
  Clock Path Skew:        0.020ns (DCD - SCD + CPR)
    Destination Clock Delay (DCD):    0.020ns
    Source Clock Delay      (SCD):    0.000ns
    Clock Pessimism Removal (CPR):    0.000ns
  Clock Uncertainty:      0.025ns  ((TSJ^2 + TIJ^2)^1/2 + DJ) / 2 + PE
    Total System Jitter     (TSJ):    0.050ns
    Total Input Jitter      (TIJ):    0.000ns
    Discrete Jitter          (DJ):    0.000ns
    Phase Error              (PE):    0.000ns

    Location             Delay type                Incr(ns)  Path(ns)    Netlist Resource(s)
  -------------------------------------------------------------------    -------------------
                                                      0.000     0.000 r  m_axi_gmem_arready (IN)
                         net (fo=5, unset)            0.000     0.000    bd_0_i/hls_inst/inst/gmem_m_axi_U/bus_read/rreq_burst_conv/rs_req/m_axi_gmem_ARREADY
    SLICE_X117Y342       LUT6 (Prop_E6LUT_SLICEL_I2_O)
                                                      0.099     0.099 r  bd_0_i/hls_inst/inst/gmem_m_axi_U/bus_read/rreq_burst_conv/rs_req/sect_addr_buf[63]_i_1/O
                         net (fo=100, routed)         0.164     0.263    bd_0_i/hls_inst/inst/gmem_m_axi_U/bus_read/rreq_burst_conv/rs_req/p_15_in
    SLICE_X117Y343       LUT5 (Prop_E6LUT_SLICEL_I0_O)
                                                      0.090     0.353 r  bd_0_i/hls_inst/inst/gmem_m_axi_U/bus_read/rreq_burst_conv/rs_req/sect_total[19]_i_1/O
                         net (fo=174, routed)         1.824     2.176    bd_0_i/hls_inst/inst/gmem_m_axi_U/bus_read/rreq_burst_conv/rs_req/next_req
    SLICE_X112Y377       LUT3 (Prop_D6LUT_SLICEL_I1_O)
                                                      0.122     2.298 r  bd_0_i/hls_inst/inst/gmem_m_axi_U/bus_read/rreq_burst_conv/rs_req/sect_cnt[39]_i_1/O
                         net (fo=1, routed)           0.049     2.347    bd_0_i/hls_inst/inst/gmem_m_axi_U/bus_read/rreq_burst_conv/rs_req_n_17
    SLICE_X112Y377       FDRE                                         r  bd_0_i/hls_inst/inst/gmem_m_axi_U/bus_read/rreq_burst_conv/sect_cnt_reg[39]/D
  -------------------------------------------------------------------    -------------------

                         (clock ap_clk rise edge)     0.000     0.000 r  
                                                      0.000     0.000 r  ap_clk (IN)
                         net (fo=660658, unset)       0.020     0.020    bd_0_i/hls_inst/inst/gmem_m_axi_U/bus_read/rreq_burst_conv/ap_clk
    SLICE_X112Y377       FDRE                                         r  bd_0_i/hls_inst/inst/gmem_m_axi_U/bus_read/rreq_burst_conv/sect_cnt_reg[39]/C

Slack:                    inf
  Source:                 s_axi_control_wvalid
                            (input port)
  Destination:            bd_0_i/hls_inst/inst/control_s_axi_U/int_weight_col23_reg[52]/CE
                            (rising edge-triggered cell FDRE clocked by ap_clk  {rise@0.000ns fall@2.564ns period=5.128ns})
  Path Group:             (none)
  Path Type:              Setup (Max at Slow Process Corner)
  Data Path Delay:        2.344ns  (logic 0.236ns (10.070%)  route 2.108ns (89.930%))
  Logic Levels:           2  (LUT5=1 LUT6=1)
  Clock Path Skew:        0.021ns (DCD - SCD + CPR)
    Destination Clock Delay (DCD):    0.021ns
    Source Clock Delay      (SCD):    0.000ns
    Clock Pessimism Removal (CPR):    0.000ns
  Clock Uncertainty:      0.025ns  ((TSJ^2 + TIJ^2)^1/2 + DJ) / 2 + PE
    Total System Jitter     (TSJ):    0.050ns
    Total Input Jitter      (TIJ):    0.000ns
    Discrete Jitter          (DJ):    0.000ns
    Phase Error              (PE):    0.000ns

    Location             Delay type                Incr(ns)  Path(ns)    Netlist Resource(s)
  -------------------------------------------------------------------    -------------------
                                                      0.000     0.000 r  s_axi_control_wvalid (IN)
                         net (fo=4, unset)            0.000     0.000    bd_0_i/hls_inst/inst/control_s_axi_U/s_axi_control_WVALID
    SLICE_X89Y352        LUT5 (Prop_A6LUT_SLICEL_I3_O)
                                                      0.090     0.090 r  bd_0_i/hls_inst/inst/control_s_axi_U/int_weight_col17[63]_i_3/O
                         net (fo=18, routed)          0.239     0.329    bd_0_i/hls_inst/inst/control_s_axi_U/int_weight_col17[63]_i_3_n_0
    SLICE_X90Y352        LUT6 (Prop_C6LUT_SLICEL_I4_O)
                                                      0.146     0.475 r  bd_0_i/hls_inst/inst/control_s_axi_U/int_weight_col23[63]_i_1/O
                         net (fo=32, routed)          1.869     2.344    bd_0_i/hls_inst/inst/control_s_axi_U/int_weight_col23[63]_i_1_n_0
    SLICE_X111Y402       FDRE                                         r  bd_0_i/hls_inst/inst/control_s_axi_U/int_weight_col23_reg[52]/CE
  -------------------------------------------------------------------    -------------------

                         (clock ap_clk rise edge)     0.000     0.000 r  
                                                      0.000     0.000 r  ap_clk (IN)
                         net (fo=660658, unset)       0.021     0.021    bd_0_i/hls_inst/inst/control_s_axi_U/ap_clk
    SLICE_X111Y402       FDRE                                         r  bd_0_i/hls_inst/inst/control_s_axi_U/int_weight_col23_reg[52]/C

Slack:                    inf
  Source:                 m_axi_gmem_arready
                            (input port)
  Destination:            bd_0_i/hls_inst/inst/gmem_m_axi_U/bus_read/rreq_burst_conv/sect_cnt_reg[27]/D
                            (rising edge-triggered cell FDRE clocked by ap_clk  {rise@0.000ns fall@2.564ns period=5.128ns})
  Path Group:             (none)
  Path Type:              Setup (Max at Slow Process Corner)
  Data Path Delay:        2.336ns  (logic 0.311ns (13.312%)  route 2.025ns (86.688%))
  Logic Levels:           3  (LUT3=1 LUT5=1 LUT6=1)
  Clock Path Skew:        0.021ns (DCD - SCD + CPR)
    Destination Clock Delay (DCD):    0.021ns
    Source Clock Delay      (SCD):    0.000ns
    Clock Pessimism Removal (CPR):    0.000ns
  Clock Uncertainty:      0.025ns  ((TSJ^2 + TIJ^2)^1/2 + DJ) / 2 + PE
    Total System Jitter     (TSJ):    0.050ns
    Total Input Jitter      (TIJ):    0.000ns
    Discrete Jitter          (DJ):    0.000ns
    Phase Error              (PE):    0.000ns

    Location             Delay type                Incr(ns)  Path(ns)    Netlist Resource(s)
  -------------------------------------------------------------------    -------------------
                                                      0.000     0.000 r  m_axi_gmem_arready (IN)
                         net (fo=5, unset)            0.000     0.000    bd_0_i/hls_inst/inst/gmem_m_axi_U/bus_read/rreq_burst_conv/rs_req/m_axi_gmem_ARREADY
    SLICE_X117Y342       LUT6 (Prop_E6LUT_SLICEL_I2_O)
                                                      0.099     0.099 r  bd_0_i/hls_inst/inst/gmem_m_axi_U/bus_read/rreq_burst_conv/rs_req/sect_addr_buf[63]_i_1/O
                         net (fo=100, routed)         0.164     0.263    bd_0_i/hls_inst/inst/gmem_m_axi_U/bus_read/rreq_burst_conv/rs_req/p_15_in
    SLICE_X117Y343       LUT5 (Prop_E6LUT_SLICEL_I0_O)
                                                      0.090     0.353 r  bd_0_i/hls_inst/inst/gmem_m_axi_U/bus_read/rreq_burst_conv/rs_req/sect_total[19]_i_1/O
                         net (fo=174, routed)         1.790     2.142    bd_0_i/hls_inst/inst/gmem_m_axi_U/bus_read/rreq_burst_conv/rs_req/next_req
    SLICE_X111Y376       LUT3 (Prop_D6LUT_SLICEM_I1_O)
                                                      0.122     2.264 r  bd_0_i/hls_inst/inst/gmem_m_axi_U/bus_read/rreq_burst_conv/rs_req/sect_cnt[27]_i_1/O
                         net (fo=1, routed)           0.072     2.336    bd_0_i/hls_inst/inst/gmem_m_axi_U/bus_read/rreq_burst_conv/rs_req_n_29
    SLICE_X111Y376       FDRE                                         r  bd_0_i/hls_inst/inst/gmem_m_axi_U/bus_read/rreq_burst_conv/sect_cnt_reg[27]/D
  -------------------------------------------------------------------    -------------------

                         (clock ap_clk rise edge)     0.000     0.000 r  
                                                      0.000     0.000 r  ap_clk (IN)
                         net (fo=660658, unset)       0.021     0.021    bd_0_i/hls_inst/inst/gmem_m_axi_U/bus_read/rreq_burst_conv/ap_clk
    SLICE_X111Y376       FDRE                                         r  bd_0_i/hls_inst/inst/gmem_m_axi_U/bus_read/rreq_burst_conv/sect_cnt_reg[27]/C

Slack:                    inf
  Source:                 s_axi_control_wvalid
                            (input port)
  Destination:            bd_0_i/hls_inst/inst/control_s_axi_U/int_weight_col4_reg[62]/CE
                            (rising edge-triggered cell FDRE clocked by ap_clk  {rise@0.000ns fall@2.564ns period=5.128ns})
  Path Group:             (none)
  Path Type:              Setup (Max at Slow Process Corner)
  Data Path Delay:        2.334ns  (logic 0.271ns (11.609%)  route 2.063ns (88.391%))
  Logic Levels:           3  (LUT3=1 LUT5=2)
  Clock Path Skew:        0.021ns (DCD - SCD + CPR)
    Destination Clock Delay (DCD):    0.021ns
    Source Clock Delay      (SCD):    0.000ns
    Clock Pessimism Removal (CPR):    0.000ns
  Clock Uncertainty:      0.025ns  ((TSJ^2 + TIJ^2)^1/2 + DJ) / 2 + PE
    Total System Jitter     (TSJ):    0.050ns
    Total Input Jitter      (TIJ):    0.000ns
    Discrete Jitter          (DJ):    0.000ns
    Phase Error              (PE):    0.000ns

    Location             Delay type                Incr(ns)  Path(ns)    Netlist Resource(s)
  -------------------------------------------------------------------    -------------------
                                                      0.000     0.000 r  s_axi_control_wvalid (IN)
                         net (fo=4, unset)            0.000     0.000    bd_0_i/hls_inst/inst/control_s_axi_U/s_axi_control_WVALID
    SLICE_X89Y352        LUT5 (Prop_A5LUT_SLICEL_I2_O)
                                                      0.100     0.100 r  bd_0_i/hls_inst/inst/control_s_axi_U/int_weight_col1[63]_i_3/O
                         net (fo=12, routed)          0.216     0.316    bd_0_i/hls_inst/inst/control_s_axi_U/int_weight_col1[63]_i_3_n_0
    SLICE_X90Y353        LUT3 (Prop_F6LUT_SLICEL_I0_O)
                                                      0.035     0.351 r  bd_0_i/hls_inst/inst/control_s_axi_U/int_weight_col4[31]_i_3/O
                         net (fo=5, routed)           0.149     0.499    bd_0_i/hls_inst/inst/control_s_axi_U/int_weight_col4[31]_i_3_n_0
    SLICE_X90Y353        LUT5 (Prop_C5LUT_SLICEL_I1_O)
                                                      0.136     0.635 r  bd_0_i/hls_inst/inst/control_s_axi_U/int_weight_col4[63]_i_1/O
                         net (fo=32, routed)          1.699     2.334    bd_0_i/hls_inst/inst/control_s_axi_U/int_weight_col4[63]_i_1_n_0
    SLICE_X111Y395       FDRE                                         r  bd_0_i/hls_inst/inst/control_s_axi_U/int_weight_col4_reg[62]/CE
  -------------------------------------------------------------------    -------------------

                         (clock ap_clk rise edge)     0.000     0.000 r  
                                                      0.000     0.000 r  ap_clk (IN)
                         net (fo=660658, unset)       0.021     0.021    bd_0_i/hls_inst/inst/control_s_axi_U/ap_clk
    SLICE_X111Y395       FDRE                                         r  bd_0_i/hls_inst/inst/control_s_axi_U/int_weight_col4_reg[62]/C





Min Delay Paths
--------------------------------------------------------------------------------------
Slack:                    inf
  Source:                 m_axi_gmem_act_rdata[0]
                            (input port)
  Destination:            bd_0_i/hls_inst/inst/gmem_act_m_axi_U/bus_read/rs_rdata/data_p2_reg[0]/D
                            (rising edge-triggered cell FDRE clocked by ap_clk  {rise@0.000ns fall@2.564ns period=5.128ns})
  Path Group:             (none)
  Path Type:              Hold (Min at Fast Process Corner)
  Data Path Delay:        0.007ns  (logic 0.000ns (0.000%)  route 0.007ns (100.000%))
  Logic Levels:           0  
  Clock Path Skew:        0.019ns (DCD - SCD - CPR)
    Destination Clock Delay (DCD):    0.019ns
    Source Clock Delay      (SCD):    0.000ns
    Clock Pessimism Removal (CPR):    -0.000ns

    Location             Delay type                Incr(ns)  Path(ns)    Netlist Resource(s)
  -------------------------------------------------------------------    -------------------
                                                      0.000     0.000 r  m_axi_gmem_act_rdata[0] (IN)
                         net (fo=1, unset)            0.007     0.007    bd_0_i/hls_inst/inst/gmem_act_m_axi_U/bus_read/rs_rdata/D[0]
    SLICE_X59Y346        FDRE                                         r  bd_0_i/hls_inst/inst/gmem_act_m_axi_U/bus_read/rs_rdata/data_p2_reg[0]/D
  -------------------------------------------------------------------    -------------------

                         (clock ap_clk rise edge)     0.000     0.000 r  
                                                      0.000     0.000 r  ap_clk (IN)
                         net (fo=660658, unset)       0.019     0.019    bd_0_i/hls_inst/inst/gmem_act_m_axi_U/bus_read/rs_rdata/ap_clk
    SLICE_X59Y346        FDRE                                         r  bd_0_i/hls_inst/inst/gmem_act_m_axi_U/bus_read/rs_rdata/data_p2_reg[0]/C

Slack:                    inf
  Source:                 m_axi_gmem_act_rdata[10]
                            (input port)
  Destination:            bd_0_i/hls_inst/inst/gmem_act_m_axi_U/bus_read/rs_rdata/data_p2_reg[10]/D
                            (rising edge-triggered cell FDRE clocked by ap_clk  {rise@0.000ns fall@2.564ns period=5.128ns})
  Path Group:             (none)
  Path Type:              Hold (Min at Fast Process Corner)
  Data Path Delay:        0.007ns  (logic 0.000ns (0.000%)  route 0.007ns (100.000%))
  Logic Levels:           0  
  Clock Path Skew:        0.019ns (DCD - SCD - CPR)
    Destination Clock Delay (DCD):    0.019ns
    Source Clock Delay      (SCD):    0.000ns
    Clock Pessimism Removal (CPR):    -0.000ns

    Location             Delay type                Incr(ns)  Path(ns)    Netlist Resource(s)
  -------------------------------------------------------------------    -------------------
                                                      0.000     0.000 r  m_axi_gmem_act_rdata[10] (IN)
                         net (fo=1, unset)            0.007     0.007    bd_0_i/hls_inst/inst/gmem_act_m_axi_U/bus_read/rs_rdata/D[10]
    SLICE_X59Y344        FDRE                                         r  bd_0_i/hls_inst/inst/gmem_act_m_axi_U/bus_read/rs_rdata/data_p2_reg[10]/D
  -------------------------------------------------------------------    -------------------

                         (clock ap_clk rise edge)     0.000     0.000 r  
                                                      0.000     0.000 r  ap_clk (IN)
                         net (fo=660658, unset)       0.019     0.019    bd_0_i/hls_inst/inst/gmem_act_m_axi_U/bus_read/rs_rdata/ap_clk
    SLICE_X59Y344        FDRE                                         r  bd_0_i/hls_inst/inst/gmem_act_m_axi_U/bus_read/rs_rdata/data_p2_reg[10]/C

Slack:                    inf
  Source:                 m_axi_gmem_act_rdata[11]
                            (input port)
  Destination:            bd_0_i/hls_inst/inst/gmem_act_m_axi_U/bus_read/rs_rdata/data_p2_reg[11]/D
                            (rising edge-triggered cell FDRE clocked by ap_clk  {rise@0.000ns fall@2.564ns period=5.128ns})
  Path Group:             (none)
  Path Type:              Hold (Min at Fast Process Corner)
  Data Path Delay:        0.007ns  (logic 0.000ns (0.000%)  route 0.007ns (100.000%))
  Logic Levels:           0  
  Clock Path Skew:        0.019ns (DCD - SCD - CPR)
    Destination Clock Delay (DCD):    0.019ns
    Source Clock Delay      (SCD):    0.000ns
    Clock Pessimism Removal (CPR):    -0.000ns

    Location             Delay type                Incr(ns)  Path(ns)    Netlist Resource(s)
  -------------------------------------------------------------------    -------------------
                                                      0.000     0.000 r  m_axi_gmem_act_rdata[11] (IN)
                         net (fo=1, unset)            0.007     0.007    bd_0_i/hls_inst/inst/gmem_act_m_axi_U/bus_read/rs_rdata/D[11]
    SLICE_X59Y344        FDRE                                         r  bd_0_i/hls_inst/inst/gmem_act_m_axi_U/bus_read/rs_rdata/data_p2_reg[11]/D
  -------------------------------------------------------------------    -------------------

                         (clock ap_clk rise edge)     0.000     0.000 r  
                                                      0.000     0.000 r  ap_clk (IN)
                         net (fo=660658, unset)       0.019     0.019    bd_0_i/hls_inst/inst/gmem_act_m_axi_U/bus_read/rs_rdata/ap_clk
    SLICE_X59Y344        FDRE                                         r  bd_0_i/hls_inst/inst/gmem_act_m_axi_U/bus_read/rs_rdata/data_p2_reg[11]/C

Slack:                    inf
  Source:                 m_axi_gmem_act_rdata[12]
                            (input port)
  Destination:            bd_0_i/hls_inst/inst/gmem_act_m_axi_U/bus_read/rs_rdata/data_p2_reg[12]/D
                            (rising edge-triggered cell FDRE clocked by ap_clk  {rise@0.000ns fall@2.564ns period=5.128ns})
  Path Group:             (none)
  Path Type:              Hold (Min at Fast Process Corner)
  Data Path Delay:        0.007ns  (logic 0.000ns (0.000%)  route 0.007ns (100.000%))
  Logic Levels:           0  
  Clock Path Skew:        0.018ns (DCD - SCD - CPR)
    Destination Clock Delay (DCD):    0.018ns
    Source Clock Delay      (SCD):    0.000ns
    Clock Pessimism Removal (CPR):    -0.000ns

    Location             Delay type                Incr(ns)  Path(ns)    Netlist Resource(s)
  -------------------------------------------------------------------    -------------------
                                                      0.000     0.000 r  m_axi_gmem_act_rdata[12] (IN)
                         net (fo=1, unset)            0.007     0.007    bd_0_i/hls_inst/inst/gmem_act_m_axi_U/bus_read/rs_rdata/D[12]
    SLICE_X59Y346        FDRE                                         r  bd_0_i/hls_inst/inst/gmem_act_m_axi_U/bus_read/rs_rdata/data_p2_reg[12]/D
  -------------------------------------------------------------------    -------------------

                         (clock ap_clk rise edge)     0.000     0.000 r  
                                                      0.000     0.000 r  ap_clk (IN)
                         net (fo=660658, unset)       0.018     0.018    bd_0_i/hls_inst/inst/gmem_act_m_axi_U/bus_read/rs_rdata/ap_clk
    SLICE_X59Y346        FDRE                                         r  bd_0_i/hls_inst/inst/gmem_act_m_axi_U/bus_read/rs_rdata/data_p2_reg[12]/C

Slack:                    inf
  Source:                 m_axi_gmem_act_rdata[13]
                            (input port)
  Destination:            bd_0_i/hls_inst/inst/gmem_act_m_axi_U/bus_read/rs_rdata/data_p2_reg[13]/D
                            (rising edge-triggered cell FDRE clocked by ap_clk  {rise@0.000ns fall@2.564ns period=5.128ns})
  Path Group:             (none)
  Path Type:              Hold (Min at Fast Process Corner)
  Data Path Delay:        0.007ns  (logic 0.000ns (0.000%)  route 0.007ns (100.000%))
  Logic Levels:           0  
  Clock Path Skew:        0.018ns (DCD - SCD - CPR)
    Destination Clock Delay (DCD):    0.018ns
    Source Clock Delay      (SCD):    0.000ns
    Clock Pessimism Removal (CPR):    -0.000ns

    Location             Delay type                Incr(ns)  Path(ns)    Netlist Resource(s)
  -------------------------------------------------------------------    -------------------
                                                      0.000     0.000 r  m_axi_gmem_act_rdata[13] (IN)
                         net (fo=1, unset)            0.007     0.007    bd_0_i/hls_inst/inst/gmem_act_m_axi_U/bus_read/rs_rdata/D[13]
    SLICE_X59Y346        FDRE                                         r  bd_0_i/hls_inst/inst/gmem_act_m_axi_U/bus_read/rs_rdata/data_p2_reg[13]/D
  -------------------------------------------------------------------    -------------------

                         (clock ap_clk rise edge)     0.000     0.000 r  
                                                      0.000     0.000 r  ap_clk (IN)
                         net (fo=660658, unset)       0.018     0.018    bd_0_i/hls_inst/inst/gmem_act_m_axi_U/bus_read/rs_rdata/ap_clk
    SLICE_X59Y346        FDRE                                         r  bd_0_i/hls_inst/inst/gmem_act_m_axi_U/bus_read/rs_rdata/data_p2_reg[13]/C

Slack:                    inf
  Source:                 m_axi_gmem_act_rdata[14]
                            (input port)
  Destination:            bd_0_i/hls_inst/inst/gmem_act_m_axi_U/bus_read/rs_rdata/data_p2_reg[14]/D
                            (rising edge-triggered cell FDRE clocked by ap_clk  {rise@0.000ns fall@2.564ns period=5.128ns})
  Path Group:             (none)
  Path Type:              Hold (Min at Fast Process Corner)
  Data Path Delay:        0.007ns  (logic 0.000ns (0.000%)  route 0.007ns (100.000%))
  Logic Levels:           0  
  Clock Path Skew:        0.019ns (DCD - SCD - CPR)
    Destination Clock Delay (DCD):    0.019ns
    Source Clock Delay      (SCD):    0.000ns
    Clock Pessimism Removal (CPR):    -0.000ns

    Location             Delay type                Incr(ns)  Path(ns)    Netlist Resource(s)
  -------------------------------------------------------------------    -------------------
                                                      0.000     0.000 r  m_axi_gmem_act_rdata[14] (IN)
                         net (fo=1, unset)            0.007     0.007    bd_0_i/hls_inst/inst/gmem_act_m_axi_U/bus_read/rs_rdata/D[14]
    SLICE_X59Y346        FDRE                                         r  bd_0_i/hls_inst/inst/gmem_act_m_axi_U/bus_read/rs_rdata/data_p2_reg[14]/D
  -------------------------------------------------------------------    -------------------

                         (clock ap_clk rise edge)     0.000     0.000 r  
                                                      0.000     0.000 r  ap_clk (IN)
                         net (fo=660658, unset)       0.019     0.019    bd_0_i/hls_inst/inst/gmem_act_m_axi_U/bus_read/rs_rdata/ap_clk
    SLICE_X59Y346        FDRE                                         r  bd_0_i/hls_inst/inst/gmem_act_m_axi_U/bus_read/rs_rdata/data_p2_reg[14]/C

Slack:                    inf
  Source:                 m_axi_gmem_act_rdata[17]
                            (input port)
  Destination:            bd_0_i/hls_inst/inst/gmem_act_m_axi_U/bus_read/rs_rdata/data_p2_reg[17]/D
                            (rising edge-triggered cell FDRE clocked by ap_clk  {rise@0.000ns fall@2.564ns period=5.128ns})
  Path Group:             (none)
  Path Type:              Hold (Min at Fast Process Corner)
  Data Path Delay:        0.007ns  (logic 0.000ns (0.000%)  route 0.007ns (100.000%))
  Logic Levels:           0  
  Clock Path Skew:        0.019ns (DCD - SCD - CPR)
    Destination Clock Delay (DCD):    0.019ns
    Source Clock Delay      (SCD):    0.000ns
    Clock Pessimism Removal (CPR):    -0.000ns

    Location             Delay type                Incr(ns)  Path(ns)    Netlist Resource(s)
  -------------------------------------------------------------------    -------------------
                                                      0.000     0.000 r  m_axi_gmem_act_rdata[17] (IN)
                         net (fo=1, unset)            0.007     0.007    bd_0_i/hls_inst/inst/gmem_act_m_axi_U/bus_read/rs_rdata/D[17]
    SLICE_X59Y345        FDRE                                         r  bd_0_i/hls_inst/inst/gmem_act_m_axi_U/bus_read/rs_rdata/data_p2_reg[17]/D
  -------------------------------------------------------------------    -------------------

                         (clock ap_clk rise edge)     0.000     0.000 r  
                                                      0.000     0.000 r  ap_clk (IN)
                         net (fo=660658, unset)       0.019     0.019    bd_0_i/hls_inst/inst/gmem_act_m_axi_U/bus_read/rs_rdata/ap_clk
    SLICE_X59Y345        FDRE                                         r  bd_0_i/hls_inst/inst/gmem_act_m_axi_U/bus_read/rs_rdata/data_p2_reg[17]/C

Slack:                    inf
  Source:                 m_axi_gmem_act_rdata[18]
                            (input port)
  Destination:            bd_0_i/hls_inst/inst/gmem_act_m_axi_U/bus_read/rs_rdata/data_p2_reg[18]/D
                            (rising edge-triggered cell FDRE clocked by ap_clk  {rise@0.000ns fall@2.564ns period=5.128ns})
  Path Group:             (none)
  Path Type:              Hold (Min at Fast Process Corner)
  Data Path Delay:        0.007ns  (logic 0.000ns (0.000%)  route 0.007ns (100.000%))
  Logic Levels:           0  
  Clock Path Skew:        0.019ns (DCD - SCD - CPR)
    Destination Clock Delay (DCD):    0.019ns
    Source Clock Delay      (SCD):    0.000ns
    Clock Pessimism Removal (CPR):    -0.000ns

    Location             Delay type                Incr(ns)  Path(ns)    Netlist Resource(s)
  -------------------------------------------------------------------    -------------------
                                                      0.000     0.000 r  m_axi_gmem_act_rdata[18] (IN)
                         net (fo=1, unset)            0.007     0.007    bd_0_i/hls_inst/inst/gmem_act_m_axi_U/bus_read/rs_rdata/D[18]
    SLICE_X59Y345        FDRE                                         r  bd_0_i/hls_inst/inst/gmem_act_m_axi_U/bus_read/rs_rdata/data_p2_reg[18]/D
  -------------------------------------------------------------------    -------------------

                         (clock ap_clk rise edge)     0.000     0.000 r  
                                                      0.000     0.000 r  ap_clk (IN)
                         net (fo=660658, unset)       0.019     0.019    bd_0_i/hls_inst/inst/gmem_act_m_axi_U/bus_read/rs_rdata/ap_clk
    SLICE_X59Y345        FDRE                                         r  bd_0_i/hls_inst/inst/gmem_act_m_axi_U/bus_read/rs_rdata/data_p2_reg[18]/C

Slack:                    inf
  Source:                 m_axi_gmem_act_rdata[23]
                            (input port)
  Destination:            bd_0_i/hls_inst/inst/gmem_act_m_axi_U/bus_read/rs_rdata/data_p2_reg[23]/D
                            (rising edge-triggered cell FDRE clocked by ap_clk  {rise@0.000ns fall@2.564ns period=5.128ns})
  Path Group:             (none)
  Path Type:              Hold (Min at Fast Process Corner)
  Data Path Delay:        0.007ns  (logic 0.000ns (0.000%)  route 0.007ns (100.000%))
  Logic Levels:           0  
  Clock Path Skew:        0.019ns (DCD - SCD - CPR)
    Destination Clock Delay (DCD):    0.019ns
    Source Clock Delay      (SCD):    0.000ns
    Clock Pessimism Removal (CPR):    -0.000ns

    Location             Delay type                Incr(ns)  Path(ns)    Netlist Resource(s)
  -------------------------------------------------------------------    -------------------
                                                      0.000     0.000 r  m_axi_gmem_act_rdata[23] (IN)
                         net (fo=1, unset)            0.007     0.007    bd_0_i/hls_inst/inst/gmem_act_m_axi_U/bus_read/rs_rdata/D[23]
    SLICE_X60Y345        FDRE                                         r  bd_0_i/hls_inst/inst/gmem_act_m_axi_U/bus_read/rs_rdata/data_p2_reg[23]/D
  -------------------------------------------------------------------    -------------------

                         (clock ap_clk rise edge)     0.000     0.000 r  
                                                      0.000     0.000 r  ap_clk (IN)
                         net (fo=660658, unset)       0.019     0.019    bd_0_i/hls_inst/inst/gmem_act_m_axi_U/bus_read/rs_rdata/ap_clk
    SLICE_X60Y345        FDRE                                         r  bd_0_i/hls_inst/inst/gmem_act_m_axi_U/bus_read/rs_rdata/data_p2_reg[23]/C

Slack:                    inf
  Source:                 m_axi_gmem_act_rdata[27]
                            (input port)
  Destination:            bd_0_i/hls_inst/inst/gmem_act_m_axi_U/bus_read/rs_rdata/data_p2_reg[27]/D
                            (rising edge-triggered cell FDRE clocked by ap_clk  {rise@0.000ns fall@2.564ns period=5.128ns})
  Path Group:             (none)
  Path Type:              Hold (Min at Fast Process Corner)
  Data Path Delay:        0.007ns  (logic 0.000ns (0.000%)  route 0.007ns (100.000%))
  Logic Levels:           0  
  Clock Path Skew:        0.018ns (DCD - SCD - CPR)
    Destination Clock Delay (DCD):    0.018ns
    Source Clock Delay      (SCD):    0.000ns
    Clock Pessimism Removal (CPR):    -0.000ns

    Location             Delay type                Incr(ns)  Path(ns)    Netlist Resource(s)
  -------------------------------------------------------------------    -------------------
                                                      0.000     0.000 r  m_axi_gmem_act_rdata[27] (IN)
                         net (fo=1, unset)            0.007     0.007    bd_0_i/hls_inst/inst/gmem_act_m_axi_U/bus_read/rs_rdata/D[27]
    SLICE_X59Y344        FDRE                                         r  bd_0_i/hls_inst/inst/gmem_act_m_axi_U/bus_read/rs_rdata/data_p2_reg[27]/D
  -------------------------------------------------------------------    -------------------

                         (clock ap_clk rise edge)     0.000     0.000 r  
                                                      0.000     0.000 r  ap_clk (IN)
                         net (fo=660658, unset)       0.018     0.018    bd_0_i/hls_inst/inst/gmem_act_m_axi_U/bus_read/rs_rdata/ap_clk
    SLICE_X59Y344        FDRE                                         r  bd_0_i/hls_inst/inst/gmem_act_m_axi_U/bus_read/rs_rdata/data_p2_reg[27]/C





