Copyright 1986-2022 Xilinx, Inc. All Rights Reserved. Copyright 2022-2023 Advanced Micro Devices, Inc. All Rights Reserved.
--------------------------------------------------------------------------------------------------------------------------------------------------------------------------------------------------------------------------------------
| Tool Version      : Vivado v.2023.2 (lin64) Build 4029153 Fri Oct 13 20:13:54 MDT 2023
| Date              : Mon Mar 16 17:05:31 2026
| Host              : <REDACTED_HOST> running 64-bit Ubuntu 22.04.5 LTS
| Command           : report_timing_summary -max_paths 10 -report_unconstrained -file bd_0_wrapper_timing_summary_routed.rpt -pb bd_0_wrapper_timing_summary_routed.pb -rpx bd_0_wrapper_timing_summary_routed.rpx -warn_on_violation
| Design            : bd_0_wrapper
| Device            : xcu55c-fsvh2892
| Speed File        : -2L  PRODUCTION 1.30 05-01-2022
| Design State      : Routed
| Temperature Grade : E
--------------------------------------------------------------------------------------------------------------------------------------------------------------------------------------------------------------------------------------

Timing Summary Report

------------------------------------------------------------------------------------------------
| Timer Settings
| --------------
------------------------------------------------------------------------------------------------

  Enable Multi Corner Analysis               :  Yes
  Enable Pessimism Removal                   :  Yes
  Pessimism Removal Resolution               :  Nearest Common Node
  Enable Input Delay Default Clock           :  No
  Enable Preset / Clear Arcs                 :  No
  Disable Flight Delays                      :  No
  Ignore I/O Paths                           :  No
  Timing Early Launch at Borrowing Latches   :  No
  Borrow Time for Max Delay Exceptions       :  Yes
  Merge Timing Exceptions                    :  Yes
  Inter-SLR Compensation                     :  Conservative

  Corner  Analyze    Analyze    
  Name    Max Paths  Min Paths  
  ------  ---------  ---------  
  Slow    Yes        Yes        
  Fast    Yes        Yes        


------------------------------------------------------------------------------------------------
| Report Methodology
| ------------------
------------------------------------------------------------------------------------------------

Rule       Severity  Description                    Violations  
---------  --------  -----------------------------  ----------  
TIMING-18  Warning   Missing input or output delay  1000        

Note: This report is based on the most recent report_methodology run and may not be up-to-date. Run report_methodology on the current design for the latest report.



check_timing report

Table of Contents
-----------------
1. checking no_clock (0)
2. checking constant_clock (0)
3. checking pulse_width_clock (0)
4. checking unconstrained_internal_endpoints (0)
5. checking no_input_delay (616)
6. checking no_output_delay (815)
7. checking multiple_clock (0)
8. checking generated_clocks (0)
9. checking loops (0)
10. checking partial_input_delay (0)
11. checking partial_output_delay (0)
12. checking latch_loops (0)

1. checking no_clock (0)
------------------------
 There are 0 register/latch pins with no clock.


2. checking constant_clock (0)
------------------------------
 There are 0 register/latch pins with constant_clock.


3. checking pulse_width_clock (0)
---------------------------------
 There are 0 register/latch pins which need pulse_width check


4. checking unconstrained_internal_endpoints (0)
------------------------------------------------
 There are 0 pins that are not constrained for maximum delay.

 There are 0 pins that are not constrained for maximum delay due to constant clock.


5. checking no_input_delay (616)
--------------------------------
 There are 616 input ports with no input delay specified. (HIGH)

 There are 0 input ports with no input delay but user has a false path constraint.


6. checking no_output_delay (815)
---------------------------------
 There are 815 ports with no output delay specified. (HIGH)

 There are 0 ports with no output delay but user has a false path constraint

 There are 0 ports with no output delay but with a timing clock defined on it or propagating through it


7. checking multiple_clock (0)
------------------------------
 There are 0 register/latch pins with multiple clocks.


8. checking generated_clocks (0)
--------------------------------
 There are 0 generated clocks that are not connected to a clock source.


9. checking loops (0)
---------------------
 There are 0 combinational loops in the design.


10. checking partial_input_delay (0)
------------------------------------
 There are 0 input ports with partial input delay specified.


11. checking partial_output_delay (0)
-------------------------------------
 There are 0 ports with partial output delay specified.


12. checking latch_loops (0)
----------------------------
 There are 0 combinational latch loops in the design through latch input



------------------------------------------------------------------------------------------------
| Design Timing Summary
| ---------------------
------------------------------------------------------------------------------------------------

    WNS(ns)      TNS(ns)  TNS Failing Endpoints  TNS Total Endpoints      WHS(ns)      THS(ns)  THS Failing Endpoints  THS Total Endpoints     WPWS(ns)     TPWS(ns)  TPWS Failing Endpoints  TPWS Total Endpoints  
    -------      -------  ---------------------  -------------------      -------      -------  ---------------------  -------------------     --------     --------  ----------------------  --------------------  
      0.141        0.000                      0               864407        0.026        0.000                      0               864407        1.897        0.000                       0                325559  


All user specified timing constraints are met.


------------------------------------------------------------------------------------------------
| Clock Summary
| -------------
------------------------------------------------------------------------------------------------

Clock   Waveform(ns)         Period(ns)      Frequency(MHz)
-----   ------------         ----------      --------------
ap_clk  {0.000 2.439}        4.878           205.002         


------------------------------------------------------------------------------------------------
| Intra Clock Table
| -----------------
------------------------------------------------------------------------------------------------

Clock             WNS(ns)      TNS(ns)  TNS Failing Endpoints  TNS Total Endpoints      WHS(ns)      THS(ns)  THS Failing Endpoints  THS Total Endpoints     WPWS(ns)     TPWS(ns)  TPWS Failing Endpoints  TPWS Total Endpoints  
-----             -------      -------  ---------------------  -------------------      -------      -------  ---------------------  -------------------     --------     --------  ----------------------  --------------------  
ap_clk              0.141        0.000                      0               864407        0.026        0.000                      0               864407        1.897        0.000                       0                325559  


------------------------------------------------------------------------------------------------
| Inter Clock Table
| -----------------
------------------------------------------------------------------------------------------------

From Clock    To Clock          WNS(ns)      TNS(ns)  TNS Failing Endpoints  TNS Total Endpoints      WHS(ns)      THS(ns)  THS Failing Endpoints  THS Total Endpoints  
----------    --------          -------      -------  ---------------------  -------------------      -------      -------  ---------------------  -------------------  


------------------------------------------------------------------------------------------------
| Other Path Groups Table
| -----------------------
------------------------------------------------------------------------------------------------

Path Group    From Clock    To Clock          WNS(ns)      TNS(ns)  TNS Failing Endpoints  TNS Total Endpoints      WHS(ns)      THS(ns)  THS Failing Endpoints  THS Total Endpoints  
----------    ----------    --------          -------      -------  ---------------------  -------------------      -------      -------  ---------------------  -------------------  


------------------------------------------------------------------------------------------------
| User Ignored Path Table
| -----------------------
------------------------------------------------------------------------------------------------

Path Group    From Clock    To Clock    
----------    ----------    --------    


------------------------------------------------------------------------------------------------
| Unconstrained Path Table
| ------------------------
------------------------------------------------------------------------------------------------

Path Group    From Clock    To Clock    
----------    ----------    --------    
(none)        ap_clk                      
(none)                      ap_clk        


------------------------------------------------------------------------------------------------
| Timing Details
| --------------
------------------------------------------------------------------------------------------------


---------------------------------------------------------------------------------------------------
From Clock:  ap_clk
  To Clock:  ap_clk

Setup :            0  Failing Endpoints,  Worst Slack        0.141ns,  Total Violation        0.000ns
Hold  :            0  Failing Endpoints,  Worst Slack        0.026ns,  Total Violation        0.000ns
PW    :            0  Failing Endpoints,  Worst Slack        1.897ns,  Total Violation        0.000ns
---------------------------------------------------------------------------------------------------


Max Delay Paths
--------------------------------------------------------------------------------------
Slack (MET) :             0.141ns  (required time - arrival time)
  Source:                 bd_0_i/hls_inst/inst/control_s_axi_U/int_mode_reg[0]/C
                            (rising edge-triggered cell FDRE clocked by ap_clk  {rise@0.000ns fall@2.439ns period=4.878ns})
  Destination:            bd_0_i/hls_inst/inst/grp_Hybrid_INT4_INT4_PD_fu_2625/col_gen[1].row_gen[1].dsp_core/signs_r1_reg[8]/R
                            (rising edge-triggered cell FDRE clocked by ap_clk  {rise@0.000ns fall@2.439ns period=4.878ns})
  Path Group:             ap_clk
  Path Type:              Setup (Max at Slow Process Corner)
  Requirement:            4.878ns  (ap_clk rise@4.878ns - ap_clk rise@0.000ns)
  Data Path Delay:        4.619ns  (logic 0.079ns (1.710%)  route 4.540ns (98.290%))
  Logic Levels:           0  
  Clock Path Skew:        -0.009ns (DCD - SCD + CPR)
    Destination Clock Delay (DCD):    0.020ns = ( 4.898 - 4.878 ) 
    Source Clock Delay      (SCD):    0.029ns
    Clock Pessimism Removal (CPR):    0.000ns
  Clock Uncertainty:      0.035ns  ((TSJ^2 + TIJ^2)^1/2 + DJ) / 2 + PE
    Total System Jitter     (TSJ):    0.071ns
    Total Input Jitter      (TIJ):    0.000ns
    Discrete Jitter          (DJ):    0.000ns
    Phase Error              (PE):    0.000ns

    Location             Delay type                Incr(ns)  Path(ns)    Netlist Resource(s)
  -------------------------------------------------------------------    -------------------
                         (clock ap_clk rise edge)     0.000     0.000 r  
                                                      0.000     0.000 r  ap_clk (IN)
                         net (fo=346038, unset)       0.029     0.029    bd_0_i/hls_inst/inst/control_s_axi_U/ap_clk
    SLICE_X127Y322       FDRE                                         r  bd_0_i/hls_inst/inst/control_s_axi_U/int_mode_reg[0]/C
  -------------------------------------------------------------------    -------------------
    SLICE_X127Y322       FDRE (Prop_EFF_SLICEL_C_Q)
                                                      0.079     0.108 r  bd_0_i/hls_inst/inst/control_s_axi_U/int_mode_reg[0]/Q
                         net (fo=168078, routed)      4.540     4.648    bd_0_i/hls_inst/inst/grp_Hybrid_INT4_INT4_PD_fu_2625/col_gen[1].row_gen[1].dsp_core/mode
    SLICE_X33Y351        FDRE                                         r  bd_0_i/hls_inst/inst/grp_Hybrid_INT4_INT4_PD_fu_2625/col_gen[1].row_gen[1].dsp_core/signs_r1_reg[8]/R
  -------------------------------------------------------------------    -------------------

                         (clock ap_clk rise edge)     4.878     4.878 r  
                                                      0.000     4.878 r  ap_clk (IN)
                         net (fo=346038, unset)       0.020     4.898    bd_0_i/hls_inst/inst/grp_Hybrid_INT4_INT4_PD_fu_2625/col_gen[1].row_gen[1].dsp_core/ap_clk
    SLICE_X33Y351        FDRE                                         r  bd_0_i/hls_inst/inst/grp_Hybrid_INT4_INT4_PD_fu_2625/col_gen[1].row_gen[1].dsp_core/signs_r1_reg[8]/C
                         clock pessimism              0.000     4.898    
                         clock uncertainty           -0.035     4.863    
    SLICE_X33Y351        FDRE (Setup_BFF_SLICEL_C_R)
                                                     -0.074     4.789    bd_0_i/hls_inst/inst/grp_Hybrid_INT4_INT4_PD_fu_2625/col_gen[1].row_gen[1].dsp_core/signs_r1_reg[8]
  -------------------------------------------------------------------
                         required time                          4.789    
                         arrival time                          -4.648    
  -------------------------------------------------------------------
                         slack                                  0.141    

Slack (MET) :             0.187ns  (required time - arrival time)
  Source:                 bd_0_i/hls_inst/inst/control_s_axi_U/int_mode_reg[0]/C
                            (rising edge-triggered cell FDRE clocked by ap_clk  {rise@0.000ns fall@2.439ns period=4.878ns})
  Destination:            bd_0_i/hls_inst/inst/grp_Hybrid_INT4_INT4_PD_fu_2625/col_gen[0].row_gen[7].dsp_core/signs_r1_reg[7]/R
                            (rising edge-triggered cell FDRE clocked by ap_clk  {rise@0.000ns fall@2.439ns period=4.878ns})
  Path Group:             ap_clk
  Path Type:              Setup (Max at Slow Process Corner)
  Requirement:            4.878ns  (ap_clk rise@4.878ns - ap_clk rise@0.000ns)
  Data Path Delay:        4.571ns  (logic 0.079ns (1.728%)  route 4.492ns (98.272%))
  Logic Levels:           0  
  Clock Path Skew:        -0.008ns (DCD - SCD + CPR)
    Destination Clock Delay (DCD):    0.021ns = ( 4.899 - 4.878 ) 
    Source Clock Delay      (SCD):    0.029ns
    Clock Pessimism Removal (CPR):    0.000ns
  Clock Uncertainty:      0.035ns  ((TSJ^2 + TIJ^2)^1/2 + DJ) / 2 + PE
    Total System Jitter     (TSJ):    0.071ns
    Total Input Jitter      (TIJ):    0.000ns
    Discrete Jitter          (DJ):    0.000ns
    Phase Error              (PE):    0.000ns
  Inter-SLR Compensation: 0.003ns  (DCD * PF)
    Destination Clock Delay (DCD):    0.021ns
    Prorating Factor         (PF):    0.150

    Location             Delay type                Incr(ns)  Path(ns)    Netlist Resource(s)
  -------------------------------------------------------------------    -------------------
                         (clock ap_clk rise edge)     0.000     0.000 r  
                                                      0.000     0.000 r  ap_clk (IN)
                         net (fo=346038, unset)       0.029     0.029    bd_0_i/hls_inst/inst/control_s_axi_U/ap_clk
    SLICE_X127Y322       FDRE                                         r  bd_0_i/hls_inst/inst/control_s_axi_U/int_mode_reg[0]/C
  -------------------------------------------------------------------    -------------------
    SLICE_X127Y322       FDRE (Prop_EFF_SLICEL_C_Q)
                                                      0.079     0.108 r  bd_0_i/hls_inst/inst/control_s_axi_U/int_mode_reg[0]/Q
                         net (fo=168078, routed)      4.492     4.600    bd_0_i/hls_inst/inst/grp_Hybrid_INT4_INT4_PD_fu_2625/col_gen[0].row_gen[7].dsp_core/mode
    SLR Crossing[1->2]   
    SLICE_X126Y617       FDRE                                         r  bd_0_i/hls_inst/inst/grp_Hybrid_INT4_INT4_PD_fu_2625/col_gen[0].row_gen[7].dsp_core/signs_r1_reg[7]/R
  -------------------------------------------------------------------    -------------------

                         (clock ap_clk rise edge)     4.878     4.878 r  
                                                      0.000     4.878 r  ap_clk (IN)
                         net (fo=346038, unset)       0.021     4.899    bd_0_i/hls_inst/inst/grp_Hybrid_INT4_INT4_PD_fu_2625/col_gen[0].row_gen[7].dsp_core/ap_clk
    SLICE_X126Y617       FDRE                                         r  bd_0_i/hls_inst/inst/grp_Hybrid_INT4_INT4_PD_fu_2625/col_gen[0].row_gen[7].dsp_core/signs_r1_reg[7]/C
                         clock pessimism              0.000     4.899    
                         inter-SLR compensation      -0.003     4.896    
                         clock uncertainty           -0.035     4.860    
    SLICE_X126Y617       FDRE (Setup_AFF_SLICEM_C_R)
                                                     -0.074     4.786    bd_0_i/hls_inst/inst/grp_Hybrid_INT4_INT4_PD_fu_2625/col_gen[0].row_gen[7].dsp_core/signs_r1_reg[7]
  -------------------------------------------------------------------
                         required time                          4.786    
                         arrival time                          -4.600    
  -------------------------------------------------------------------
                         slack                                  0.187    

Slack (MET) :             0.188ns  (required time - arrival time)
  Source:                 bd_0_i/hls_inst/inst/control_s_axi_U/int_mode_reg[0]/C
                            (rising edge-triggered cell FDRE clocked by ap_clk  {rise@0.000ns fall@2.439ns period=4.878ns})
  Destination:            bd_0_i/hls_inst/inst/grp_Hybrid_INT4_INT4_PD_fu_2625/col_gen[30].row_gen[7].dsp_core/signs_r1_reg[8]/R
                            (rising edge-triggered cell FDRE clocked by ap_clk  {rise@0.000ns fall@2.439ns period=4.878ns})
  Path Group:             ap_clk
  Path Type:              Setup (Max at Slow Process Corner)
  Requirement:            4.878ns  (ap_clk rise@4.878ns - ap_clk rise@0.000ns)
  Data Path Delay:        4.568ns  (logic 0.079ns (1.729%)  route 4.489ns (98.271%))
  Logic Levels:           0  
  Clock Path Skew:        -0.009ns (DCD - SCD + CPR)
    Destination Clock Delay (DCD):    0.020ns = ( 4.898 - 4.878 ) 
    Source Clock Delay      (SCD):    0.029ns
    Clock Pessimism Removal (CPR):    0.000ns
  Clock Uncertainty:      0.035ns  ((TSJ^2 + TIJ^2)^1/2 + DJ) / 2 + PE
    Total System Jitter     (TSJ):    0.071ns
    Total Input Jitter      (TIJ):    0.000ns
    Discrete Jitter          (DJ):    0.000ns
    Phase Error              (PE):    0.000ns
  Inter-SLR Compensation: 0.003ns  (DCD * PF)
    Destination Clock Delay (DCD):    0.020ns
    Prorating Factor         (PF):    0.150

    Location             Delay type                Incr(ns)  Path(ns)    Netlist Resource(s)
  -------------------------------------------------------------------    -------------------
                         (clock ap_clk rise edge)     0.000     0.000 r  
                                                      0.000     0.000 r  ap_clk (IN)
                         net (fo=346038, unset)       0.029     0.029    bd_0_i/hls_inst/inst/control_s_axi_U/ap_clk
    SLICE_X127Y322       FDRE                                         r  bd_0_i/hls_inst/inst/control_s_axi_U/int_mode_reg[0]/C
  -------------------------------------------------------------------    -------------------
    SLICE_X127Y322       FDRE (Prop_EFF_SLICEL_C_Q)
                                                      0.079     0.108 r  bd_0_i/hls_inst/inst/control_s_axi_U/int_mode_reg[0]/Q
                         net (fo=168078, routed)      4.489     4.597    bd_0_i/hls_inst/inst/grp_Hybrid_INT4_INT4_PD_fu_2625/col_gen[30].row_gen[7].dsp_core/mode
    SLR Crossing[1->2]   
    SLICE_X119Y618       FDRE                                         r  bd_0_i/hls_inst/inst/grp_Hybrid_INT4_INT4_PD_fu_2625/col_gen[30].row_gen[7].dsp_core/signs_r1_reg[8]/R
  -------------------------------------------------------------------    -------------------

                         (clock ap_clk rise edge)     4.878     4.878 r  
                                                      0.000     4.878 r  ap_clk (IN)
                         net (fo=346038, unset)       0.020     4.898    bd_0_i/hls_inst/inst/grp_Hybrid_INT4_INT4_PD_fu_2625/col_gen[30].row_gen[7].dsp_core/ap_clk
    SLICE_X119Y618       FDRE                                         r  bd_0_i/hls_inst/inst/grp_Hybrid_INT4_INT4_PD_fu_2625/col_gen[30].row_gen[7].dsp_core/signs_r1_reg[8]/C
                         clock pessimism              0.000     4.898    
                         inter-SLR compensation      -0.003     4.895    
                         clock uncertainty           -0.035     4.860    
    SLICE_X119Y618       FDRE (Setup_AFF_SLICEL_C_R)
                                                     -0.074     4.786    bd_0_i/hls_inst/inst/grp_Hybrid_INT4_INT4_PD_fu_2625/col_gen[30].row_gen[7].dsp_core/signs_r1_reg[8]
  -------------------------------------------------------------------
                         required time                          4.786    
                         arrival time                          -4.597    
  -------------------------------------------------------------------
                         slack                                  0.188    

Slack (MET) :             0.194ns  (required time - arrival time)
  Source:                 bd_0_i/hls_inst/inst/control_s_axi_U/int_mode_reg[0]/C
                            (rising edge-triggered cell FDRE clocked by ap_clk  {rise@0.000ns fall@2.439ns period=4.878ns})
  Destination:            bd_0_i/hls_inst/inst/grp_Hybrid_INT4_INT4_PD_fu_2625/col_gen[5].row_gen[63].dsp_core/signs_r1_reg[8]/R
                            (rising edge-triggered cell FDRE clocked by ap_clk  {rise@0.000ns fall@2.439ns period=4.878ns})
  Path Group:             ap_clk
  Path Type:              Setup (Max at Slow Process Corner)
  Requirement:            4.878ns  (ap_clk rise@4.878ns - ap_clk rise@0.000ns)
  Data Path Delay:        4.563ns  (logic 0.079ns (1.731%)  route 4.484ns (98.269%))
  Logic Levels:           0  
  Clock Path Skew:        -0.009ns (DCD - SCD + CPR)
    Destination Clock Delay (DCD):    0.020ns = ( 4.898 - 4.878 ) 
    Source Clock Delay      (SCD):    0.029ns
    Clock Pessimism Removal (CPR):    0.000ns
  Clock Uncertainty:      0.035ns  ((TSJ^2 + TIJ^2)^1/2 + DJ) / 2 + PE
    Total System Jitter     (TSJ):    0.071ns
    Total Input Jitter      (TIJ):    0.000ns
    Discrete Jitter          (DJ):    0.000ns
    Phase Error              (PE):    0.000ns
  Inter-SLR Compensation: 0.003ns  (DCD * PF)
    Destination Clock Delay (DCD):    0.020ns
    Prorating Factor         (PF):    0.150

    Location             Delay type                Incr(ns)  Path(ns)    Netlist Resource(s)
  -------------------------------------------------------------------    -------------------
                         (clock ap_clk rise edge)     0.000     0.000 r  
                                                      0.000     0.000 r  ap_clk (IN)
                         net (fo=346038, unset)       0.029     0.029    bd_0_i/hls_inst/inst/control_s_axi_U/ap_clk
    SLICE_X127Y322       FDRE                                         r  bd_0_i/hls_inst/inst/control_s_axi_U/int_mode_reg[0]/C
  -------------------------------------------------------------------    -------------------
    SLICE_X127Y322       FDRE (Prop_EFF_SLICEL_C_Q)
                                                      0.079     0.108 r  bd_0_i/hls_inst/inst/control_s_axi_U/int_mode_reg[0]/Q
                         net (fo=168078, routed)      4.484     4.592    bd_0_i/hls_inst/inst/grp_Hybrid_INT4_INT4_PD_fu_2625/col_gen[5].row_gen[63].dsp_core/mode
    SLR Crossing[1->2]   
    SLICE_X112Y564       FDRE                                         r  bd_0_i/hls_inst/inst/grp_Hybrid_INT4_INT4_PD_fu_2625/col_gen[5].row_gen[63].dsp_core/signs_r1_reg[8]/R
  -------------------------------------------------------------------    -------------------

                         (clock ap_clk rise edge)     4.878     4.878 r  
                                                      0.000     4.878 r  ap_clk (IN)
                         net (fo=346038, unset)       0.020     4.898    bd_0_i/hls_inst/inst/grp_Hybrid_INT4_INT4_PD_fu_2625/col_gen[5].row_gen[63].dsp_core/ap_clk
    SLICE_X112Y564       FDRE                                         r  bd_0_i/hls_inst/inst/grp_Hybrid_INT4_INT4_PD_fu_2625/col_gen[5].row_gen[63].dsp_core/signs_r1_reg[8]/C
                         clock pessimism              0.000     4.898    
                         inter-SLR compensation      -0.003     4.895    
                         clock uncertainty           -0.035     4.860    
    SLICE_X112Y564       FDRE (Setup_AFF_SLICEL_C_R)
                                                     -0.074     4.786    bd_0_i/hls_inst/inst/grp_Hybrid_INT4_INT4_PD_fu_2625/col_gen[5].row_gen[63].dsp_core/signs_r1_reg[8]
  -------------------------------------------------------------------
                         required time                          4.786    
                         arrival time                          -4.592    
  -------------------------------------------------------------------
                         slack                                  0.194    

Slack (MET) :             0.198ns  (required time - arrival time)
  Source:                 bd_0_i/hls_inst/inst/control_s_axi_U/int_mode_reg[0]/C
                            (rising edge-triggered cell FDRE clocked by ap_clk  {rise@0.000ns fall@2.439ns period=4.878ns})
  Destination:            bd_0_i/hls_inst/inst/grp_Hybrid_INT4_INT4_PD_fu_2625/col_gen[20].row_gen[6].dsp_core/signs_r1_reg[8]/R
                            (rising edge-triggered cell FDRE clocked by ap_clk  {rise@0.000ns fall@2.439ns period=4.878ns})
  Path Group:             ap_clk
  Path Type:              Setup (Max at Slow Process Corner)
  Requirement:            4.878ns  (ap_clk rise@4.878ns - ap_clk rise@0.000ns)
  Data Path Delay:        4.559ns  (logic 0.079ns (1.733%)  route 4.480ns (98.267%))
  Logic Levels:           0  
  Clock Path Skew:        -0.009ns (DCD - SCD + CPR)
    Destination Clock Delay (DCD):    0.020ns = ( 4.898 - 4.878 ) 
    Source Clock Delay      (SCD):    0.029ns
    Clock Pessimism Removal (CPR):    0.000ns
  Clock Uncertainty:      0.035ns  ((TSJ^2 + TIJ^2)^1/2 + DJ) / 2 + PE
    Total System Jitter     (TSJ):    0.071ns
    Total Input Jitter      (TIJ):    0.000ns
    Discrete Jitter          (DJ):    0.000ns
    Phase Error              (PE):    0.000ns
  Inter-SLR Compensation: 0.003ns  (DCD * PF)
    Destination Clock Delay (DCD):    0.020ns
    Prorating Factor         (PF):    0.150

    Location             Delay type                Incr(ns)  Path(ns)    Netlist Resource(s)
  -------------------------------------------------------------------    -------------------
                         (clock ap_clk rise edge)     0.000     0.000 r  
                                                      0.000     0.000 r  ap_clk (IN)
                         net (fo=346038, unset)       0.029     0.029    bd_0_i/hls_inst/inst/control_s_axi_U/ap_clk
    SLICE_X127Y322       FDRE                                         r  bd_0_i/hls_inst/inst/control_s_axi_U/int_mode_reg[0]/C
  -------------------------------------------------------------------    -------------------
    SLICE_X127Y322       FDRE (Prop_EFF_SLICEL_C_Q)
                                                      0.079     0.108 r  bd_0_i/hls_inst/inst/control_s_axi_U/int_mode_reg[0]/Q
                         net (fo=168078, routed)      4.480     4.588    bd_0_i/hls_inst/inst/grp_Hybrid_INT4_INT4_PD_fu_2625/col_gen[20].row_gen[6].dsp_core/mode
    SLR Crossing[1->2]   
    SLICE_X105Y559       FDRE                                         r  bd_0_i/hls_inst/inst/grp_Hybrid_INT4_INT4_PD_fu_2625/col_gen[20].row_gen[6].dsp_core/signs_r1_reg[8]/R
  -------------------------------------------------------------------    -------------------

                         (clock ap_clk rise edge)     4.878     4.878 r  
                                                      0.000     4.878 r  ap_clk (IN)
                         net (fo=346038, unset)       0.020     4.898    bd_0_i/hls_inst/inst/grp_Hybrid_INT4_INT4_PD_fu_2625/col_gen[20].row_gen[6].dsp_core/ap_clk
    SLICE_X105Y559       FDRE                                         r  bd_0_i/hls_inst/inst/grp_Hybrid_INT4_INT4_PD_fu_2625/col_gen[20].row_gen[6].dsp_core/signs_r1_reg[8]/C
                         clock pessimism              0.000     4.898    
                         inter-SLR compensation      -0.003     4.895    
                         clock uncertainty           -0.035     4.860    
    SLICE_X105Y559       FDRE (Setup_AFF_SLICEL_C_R)
                                                     -0.074     4.786    bd_0_i/hls_inst/inst/grp_Hybrid_INT4_INT4_PD_fu_2625/col_gen[20].row_gen[6].dsp_core/signs_r1_reg[8]
  -------------------------------------------------------------------
                         required time                          4.786    
                         arrival time                          -4.588    
  -------------------------------------------------------------------
                         slack                                  0.198    

Slack (MET) :             0.201ns  (required time - arrival time)
  Source:                 bd_0_i/hls_inst/inst/control_s_axi_U/int_mode_reg[0]/C
                            (rising edge-triggered cell FDRE clocked by ap_clk  {rise@0.000ns fall@2.439ns period=4.878ns})
  Destination:            bd_0_i/hls_inst/inst/grp_Hybrid_INT4_INT4_PD_fu_2625/col_gen[0].row_gen[7].dsp_core/signs_r1_reg[8]/R
                            (rising edge-triggered cell FDRE clocked by ap_clk  {rise@0.000ns fall@2.439ns period=4.878ns})
  Path Group:             ap_clk
  Path Type:              Setup (Max at Slow Process Corner)
  Requirement:            4.878ns  (ap_clk rise@4.878ns - ap_clk rise@0.000ns)
  Data Path Delay:        4.556ns  (logic 0.079ns (1.734%)  route 4.477ns (98.266%))
  Logic Levels:           0  
  Clock Path Skew:        -0.009ns (DCD - SCD + CPR)
    Destination Clock Delay (DCD):    0.020ns = ( 4.898 - 4.878 ) 
    Source Clock Delay      (SCD):    0.029ns
    Clock Pessimism Removal (CPR):    0.000ns
  Clock Uncertainty:      0.035ns  ((TSJ^2 + TIJ^2)^1/2 + DJ) / 2 + PE
    Total System Jitter     (TSJ):    0.071ns
    Total Input Jitter      (TIJ):    0.000ns
    Discrete Jitter          (DJ):    0.000ns
    Phase Error              (PE):    0.000ns
  Inter-SLR Compensation: 0.003ns  (DCD * PF)
    Destination Clock Delay (DCD):    0.020ns
    Prorating Factor         (PF):    0.150

    Location             Delay type                Incr(ns)  Path(ns)    Netlist Resource(s)
  -------------------------------------------------------------------    -------------------
                         (clock ap_clk rise edge)     0.000     0.000 r  
                                                      0.000     0.000 r  ap_clk (IN)
                         net (fo=346038, unset)       0.029     0.029    bd_0_i/hls_inst/inst/control_s_axi_U/ap_clk
    SLICE_X127Y322       FDRE                                         r  bd_0_i/hls_inst/inst/control_s_axi_U/int_mode_reg[0]/C
  -------------------------------------------------------------------    -------------------
    SLICE_X127Y322       FDRE (Prop_EFF_SLICEL_C_Q)
                                                      0.079     0.108 r  bd_0_i/hls_inst/inst/control_s_axi_U/int_mode_reg[0]/Q
                         net (fo=168078, routed)      4.477     4.585    bd_0_i/hls_inst/inst/grp_Hybrid_INT4_INT4_PD_fu_2625/col_gen[0].row_gen[7].dsp_core/mode
    SLR Crossing[1->2]   
    SLICE_X127Y619       FDRE                                         r  bd_0_i/hls_inst/inst/grp_Hybrid_INT4_INT4_PD_fu_2625/col_gen[0].row_gen[7].dsp_core/signs_r1_reg[8]/R
  -------------------------------------------------------------------    -------------------

                         (clock ap_clk rise edge)     4.878     4.878 r  
                                                      0.000     4.878 r  ap_clk (IN)
                         net (fo=346038, unset)       0.020     4.898    bd_0_i/hls_inst/inst/grp_Hybrid_INT4_INT4_PD_fu_2625/col_gen[0].row_gen[7].dsp_core/ap_clk
    SLICE_X127Y619       FDRE                                         r  bd_0_i/hls_inst/inst/grp_Hybrid_INT4_INT4_PD_fu_2625/col_gen[0].row_gen[7].dsp_core/signs_r1_reg[8]/C
                         clock pessimism              0.000     4.898    
                         inter-SLR compensation      -0.003     4.895    
                         clock uncertainty           -0.035     4.860    
    SLICE_X127Y619       FDRE (Setup_AFF_SLICEL_C_R)
                                                     -0.074     4.786    bd_0_i/hls_inst/inst/grp_Hybrid_INT4_INT4_PD_fu_2625/col_gen[0].row_gen[7].dsp_core/signs_r1_reg[8]
  -------------------------------------------------------------------
                         required time                          4.786    
                         arrival time                          -4.585    
  -------------------------------------------------------------------
                         slack                                  0.201    

Slack (MET) :             0.208ns  (required time - arrival time)
  Source:                 bd_0_i/hls_inst/inst/control_s_axi_U/int_mode_reg[0]/C
                            (rising edge-triggered cell FDRE clocked by ap_clk  {rise@0.000ns fall@2.439ns period=4.878ns})
  Destination:            bd_0_i/hls_inst/inst/grp_Hybrid_INT4_INT4_PD_fu_2625/col_gen[53].row_gen[57].dsp_core/signs_r1_reg[8]/R
                            (rising edge-triggered cell FDRE clocked by ap_clk  {rise@0.000ns fall@2.439ns period=4.878ns})
  Path Group:             ap_clk
  Path Type:              Setup (Max at Slow Process Corner)
  Requirement:            4.878ns  (ap_clk rise@4.878ns - ap_clk rise@0.000ns)
  Data Path Delay:        4.549ns  (logic 0.079ns (1.737%)  route 4.470ns (98.263%))
  Logic Levels:           0  
  Clock Path Skew:        -0.009ns (DCD - SCD + CPR)
    Destination Clock Delay (DCD):    0.020ns = ( 4.898 - 4.878 ) 
    Source Clock Delay      (SCD):    0.029ns
    Clock Pessimism Removal (CPR):    0.000ns
  Clock Uncertainty:      0.035ns  ((TSJ^2 + TIJ^2)^1/2 + DJ) / 2 + PE
    Total System Jitter     (TSJ):    0.071ns
    Total Input Jitter      (TIJ):    0.000ns
    Discrete Jitter          (DJ):    0.000ns
    Phase Error              (PE):    0.000ns
  Inter-SLR Compensation: 0.003ns  (DCD * PF)
    Destination Clock Delay (DCD):    0.020ns
    Prorating Factor         (PF):    0.150

    Location             Delay type                Incr(ns)  Path(ns)    Netlist Resource(s)
  -------------------------------------------------------------------    -------------------
                         (clock ap_clk rise edge)     0.000     0.000 r  
                                                      0.000     0.000 r  ap_clk (IN)
                         net (fo=346038, unset)       0.029     0.029    bd_0_i/hls_inst/inst/control_s_axi_U/ap_clk
    SLICE_X127Y322       FDRE                                         r  bd_0_i/hls_inst/inst/control_s_axi_U/int_mode_reg[0]/C
  -------------------------------------------------------------------    -------------------
    SLICE_X127Y322       FDRE (Prop_EFF_SLICEL_C_Q)
                                                      0.079     0.108 r  bd_0_i/hls_inst/inst/control_s_axi_U/int_mode_reg[0]/Q
                         net (fo=168078, routed)      4.470     4.578    bd_0_i/hls_inst/inst/grp_Hybrid_INT4_INT4_PD_fu_2625/col_gen[53].row_gen[57].dsp_core/mode
    SLR Crossing[1->2]   
    SLICE_X103Y553       FDRE                                         r  bd_0_i/hls_inst/inst/grp_Hybrid_INT4_INT4_PD_fu_2625/col_gen[53].row_gen[57].dsp_core/signs_r1_reg[8]/R
  -------------------------------------------------------------------    -------------------

                         (clock ap_clk rise edge)     4.878     4.878 r  
                                                      0.000     4.878 r  ap_clk (IN)
                         net (fo=346038, unset)       0.020     4.898    bd_0_i/hls_inst/inst/grp_Hybrid_INT4_INT4_PD_fu_2625/col_gen[53].row_gen[57].dsp_core/ap_clk
    SLICE_X103Y553       FDRE                                         r  bd_0_i/hls_inst/inst/grp_Hybrid_INT4_INT4_PD_fu_2625/col_gen[53].row_gen[57].dsp_core/signs_r1_reg[8]/C
                         clock pessimism              0.000     4.898    
                         inter-SLR compensation      -0.003     4.895    
                         clock uncertainty           -0.035     4.860    
    SLICE_X103Y553       FDRE (Setup_CFF_SLICEL_C_R)
                                                     -0.074     4.786    bd_0_i/hls_inst/inst/grp_Hybrid_INT4_INT4_PD_fu_2625/col_gen[53].row_gen[57].dsp_core/signs_r1_reg[8]
  -------------------------------------------------------------------
                         required time                          4.786    
                         arrival time                          -4.578    
  -------------------------------------------------------------------
                         slack                                  0.208    

Slack (MET) :             0.214ns  (required time - arrival time)
  Source:                 bd_0_i/hls_inst/inst/control_s_axi_U/int_mode_reg[0]/C
                            (rising edge-triggered cell FDRE clocked by ap_clk  {rise@0.000ns fall@2.439ns period=4.878ns})
  Destination:            bd_0_i/hls_inst/inst/grp_Hybrid_INT4_INT4_PD_fu_2625/col_gen[26].row_gen[62].dsp_core/signs_r1_reg[7]/R
                            (rising edge-triggered cell FDRE clocked by ap_clk  {rise@0.000ns fall@2.439ns period=4.878ns})
  Path Group:             ap_clk
  Path Type:              Setup (Max at Slow Process Corner)
  Requirement:            4.878ns  (ap_clk rise@4.878ns - ap_clk rise@0.000ns)
  Data Path Delay:        4.543ns  (logic 0.079ns (1.739%)  route 4.464ns (98.261%))
  Logic Levels:           0  
  Clock Path Skew:        -0.009ns (DCD - SCD + CPR)
    Destination Clock Delay (DCD):    0.020ns = ( 4.898 - 4.878 ) 
    Source Clock Delay      (SCD):    0.029ns
    Clock Pessimism Removal (CPR):    0.000ns
  Clock Uncertainty:      0.035ns  ((TSJ^2 + TIJ^2)^1/2 + DJ) / 2 + PE
    Total System Jitter     (TSJ):    0.071ns
    Total Input Jitter      (TIJ):    0.000ns
    Discrete Jitter          (DJ):    0.000ns
    Phase Error              (PE):    0.000ns
  Inter-SLR Compensation: 0.003ns  (DCD * PF)
    Destination Clock Delay (DCD):    0.020ns
    Prorating Factor         (PF):    0.150

    Location             Delay type                Incr(ns)  Path(ns)    Netlist Resource(s)
  -------------------------------------------------------------------    -------------------
                         (clock ap_clk rise edge)     0.000     0.000 r  
                                                      0.000     0.000 r  ap_clk (IN)
                         net (fo=346038, unset)       0.029     0.029    bd_0_i/hls_inst/inst/control_s_axi_U/ap_clk
    SLICE_X127Y322       FDRE                                         r  bd_0_i/hls_inst/inst/control_s_axi_U/int_mode_reg[0]/C
  -------------------------------------------------------------------    -------------------
    SLICE_X127Y322       FDRE (Prop_EFF_SLICEL_C_Q)
                                                      0.079     0.108 r  bd_0_i/hls_inst/inst/control_s_axi_U/int_mode_reg[0]/Q
                         net (fo=168078, routed)      4.464     4.572    bd_0_i/hls_inst/inst/grp_Hybrid_INT4_INT4_PD_fu_2625/col_gen[26].row_gen[62].dsp_core/mode
    SLR Crossing[1->2]   
    SLICE_X98Y534        FDRE                                         r  bd_0_i/hls_inst/inst/grp_Hybrid_INT4_INT4_PD_fu_2625/col_gen[26].row_gen[62].dsp_core/signs_r1_reg[7]/R
  -------------------------------------------------------------------    -------------------

                         (clock ap_clk rise edge)     4.878     4.878 r  
                                                      0.000     4.878 r  ap_clk (IN)
                         net (fo=346038, unset)       0.020     4.898    bd_0_i/hls_inst/inst/grp_Hybrid_INT4_INT4_PD_fu_2625/col_gen[26].row_gen[62].dsp_core/ap_clk
    SLICE_X98Y534        FDRE                                         r  bd_0_i/hls_inst/inst/grp_Hybrid_INT4_INT4_PD_fu_2625/col_gen[26].row_gen[62].dsp_core/signs_r1_reg[7]/C
                         clock pessimism              0.000     4.898    
                         inter-SLR compensation      -0.003     4.895    
                         clock uncertainty           -0.035     4.860    
    SLICE_X98Y534        FDRE (Setup_DFF_SLICEL_C_R)
                                                     -0.074     4.786    bd_0_i/hls_inst/inst/grp_Hybrid_INT4_INT4_PD_fu_2625/col_gen[26].row_gen[62].dsp_core/signs_r1_reg[7]
  -------------------------------------------------------------------
                         required time                          4.786    
                         arrival time                          -4.572    
  -------------------------------------------------------------------
                         slack                                  0.214    

Slack (MET) :             0.214ns  (required time - arrival time)
  Source:                 bd_0_i/hls_inst/inst/control_s_axi_U/int_mode_reg[0]/C
                            (rising edge-triggered cell FDRE clocked by ap_clk  {rise@0.000ns fall@2.439ns period=4.878ns})
  Destination:            bd_0_i/hls_inst/inst/grp_Hybrid_INT4_INT4_PD_fu_2625/col_gen[47].row_gen[62].dsp_core/signs_r1_reg[7]/R
                            (rising edge-triggered cell FDRE clocked by ap_clk  {rise@0.000ns fall@2.439ns period=4.878ns})
  Path Group:             ap_clk
  Path Type:              Setup (Max at Slow Process Corner)
  Requirement:            4.878ns  (ap_clk rise@4.878ns - ap_clk rise@0.000ns)
  Data Path Delay:        4.543ns  (logic 0.079ns (1.739%)  route 4.464ns (98.261%))
  Logic Levels:           0  
  Clock Path Skew:        -0.009ns (DCD - SCD + CPR)
    Destination Clock Delay (DCD):    0.020ns = ( 4.898 - 4.878 ) 
    Source Clock Delay      (SCD):    0.029ns
    Clock Pessimism Removal (CPR):    0.000ns
  Clock Uncertainty:      0.035ns  ((TSJ^2 + TIJ^2)^1/2 + DJ) / 2 + PE
    Total System Jitter     (TSJ):    0.071ns
    Total Input Jitter      (TIJ):    0.000ns
    Discrete Jitter          (DJ):    0.000ns
    Phase Error              (PE):    0.000ns
  Inter-SLR Compensation: 0.003ns  (DCD * PF)
    Destination Clock Delay (DCD):    0.020ns
    Prorating Factor         (PF):    0.150

    Location             Delay type                Incr(ns)  Path(ns)    Netlist Resource(s)
  -------------------------------------------------------------------    -------------------
                         (clock ap_clk rise edge)     0.000     0.000 r  
                                                      0.000     0.000 r  ap_clk (IN)
                         net (fo=346038, unset)       0.029     0.029    bd_0_i/hls_inst/inst/control_s_axi_U/ap_clk
    SLICE_X127Y322       FDRE                                         r  bd_0_i/hls_inst/inst/control_s_axi_U/int_mode_reg[0]/C
  -------------------------------------------------------------------    -------------------
    SLICE_X127Y322       FDRE (Prop_EFF_SLICEL_C_Q)
                                                      0.079     0.108 r  bd_0_i/hls_inst/inst/control_s_axi_U/int_mode_reg[0]/Q
                         net (fo=168078, routed)      4.464     4.572    bd_0_i/hls_inst/inst/grp_Hybrid_INT4_INT4_PD_fu_2625/col_gen[47].row_gen[62].dsp_core/mode
    SLR Crossing[1->2]   
    SLICE_X98Y534        FDRE                                         r  bd_0_i/hls_inst/inst/grp_Hybrid_INT4_INT4_PD_fu_2625/col_gen[47].row_gen[62].dsp_core/signs_r1_reg[7]/R
  -------------------------------------------------------------------    -------------------

                         (clock ap_clk rise edge)     4.878     4.878 r  
                                                      0.000     4.878 r  ap_clk (IN)
                         net (fo=346038, unset)       0.020     4.898    bd_0_i/hls_inst/inst/grp_Hybrid_INT4_INT4_PD_fu_2625/col_gen[47].row_gen[62].dsp_core/ap_clk
    SLICE_X98Y534        FDRE                                         r  bd_0_i/hls_inst/inst/grp_Hybrid_INT4_INT4_PD_fu_2625/col_gen[47].row_gen[62].dsp_core/signs_r1_reg[7]/C
                         clock pessimism              0.000     4.898    
                         inter-SLR compensation      -0.003     4.895    
                         clock uncertainty           -0.035     4.860    
    SLICE_X98Y534        FDRE (Setup_CFF_SLICEL_C_R)
                                                     -0.074     4.786    bd_0_i/hls_inst/inst/grp_Hybrid_INT4_INT4_PD_fu_2625/col_gen[47].row_gen[62].dsp_core/signs_r1_reg[7]
  -------------------------------------------------------------------
                         required time                          4.786    
                         arrival time                          -4.572    
  -------------------------------------------------------------------
                         slack                                  0.214    

Slack (MET) :             0.214ns  (required time - arrival time)
  Source:                 bd_0_i/hls_inst/inst/control_s_axi_U/int_mode_reg[0]/C
                            (rising edge-triggered cell FDRE clocked by ap_clk  {rise@0.000ns fall@2.439ns period=4.878ns})
  Destination:            bd_0_i/hls_inst/inst/grp_Hybrid_INT4_INT4_PD_fu_2625/col_gen[51].row_gen[60].dsp_core/signs_r1_reg[8]/R
                            (rising edge-triggered cell FDRE clocked by ap_clk  {rise@0.000ns fall@2.439ns period=4.878ns})
  Path Group:             ap_clk
  Path Type:              Setup (Max at Slow Process Corner)
  Requirement:            4.878ns  (ap_clk rise@4.878ns - ap_clk rise@0.000ns)
  Data Path Delay:        4.543ns  (logic 0.079ns (1.739%)  route 4.464ns (98.261%))
  Logic Levels:           0  
  Clock Path Skew:        -0.008ns (DCD - SCD + CPR)
    Destination Clock Delay (DCD):    0.021ns = ( 4.899 - 4.878 ) 
    Source Clock Delay      (SCD):    0.029ns
    Clock Pessimism Removal (CPR):    0.000ns
  Clock Uncertainty:      0.035ns  ((TSJ^2 + TIJ^2)^1/2 + DJ) / 2 + PE
    Total System Jitter     (TSJ):    0.071ns
    Total Input Jitter      (TIJ):    0.000ns
    Discrete Jitter          (DJ):    0.000ns
    Phase Error              (PE):    0.000ns
  Inter-SLR Compensation: 0.003ns  (DCD * PF)
    Destination Clock Delay (DCD):    0.021ns
    Prorating Factor         (PF):    0.150

    Location             Delay type                Incr(ns)  Path(ns)    Netlist Resource(s)
  -------------------------------------------------------------------    -------------------
                         (clock ap_clk rise edge)     0.000     0.000 r  
                                                      0.000     0.000 r  ap_clk (IN)
                         net (fo=346038, unset)       0.029     0.029    bd_0_i/hls_inst/inst/control_s_axi_U/ap_clk
    SLICE_X127Y322       FDRE                                         r  bd_0_i/hls_inst/inst/control_s_axi_U/int_mode_reg[0]/C
  -------------------------------------------------------------------    -------------------
    SLICE_X127Y322       FDRE (Prop_EFF_SLICEL_C_Q)
                                                      0.079     0.108 r  bd_0_i/hls_inst/inst/control_s_axi_U/int_mode_reg[0]/Q
                         net (fo=168078, routed)      4.464     4.572    bd_0_i/hls_inst/inst/grp_Hybrid_INT4_INT4_PD_fu_2625/col_gen[51].row_gen[60].dsp_core/mode
    SLR Crossing[1->2]   
    SLICE_X71Y586        FDRE                                         r  bd_0_i/hls_inst/inst/grp_Hybrid_INT4_INT4_PD_fu_2625/col_gen[51].row_gen[60].dsp_core/signs_r1_reg[8]/R
  -------------------------------------------------------------------    -------------------

                         (clock ap_clk rise edge)     4.878     4.878 r  
                                                      0.000     4.878 r  ap_clk (IN)
                         net (fo=346038, unset)       0.021     4.899    bd_0_i/hls_inst/inst/grp_Hybrid_INT4_INT4_PD_fu_2625/col_gen[51].row_gen[60].dsp_core/ap_clk
    SLICE_X71Y586        FDRE                                         r  bd_0_i/hls_inst/inst/grp_Hybrid_INT4_INT4_PD_fu_2625/col_gen[51].row_gen[60].dsp_core/signs_r1_reg[8]/C
                         clock pessimism              0.000     4.899    
                         inter-SLR compensation      -0.003     4.896    
                         clock uncertainty           -0.035     4.860    
    SLICE_X71Y586        FDRE (Setup_HFF_SLICEM_C_R)
                                                     -0.074     4.786    bd_0_i/hls_inst/inst/grp_Hybrid_INT4_INT4_PD_fu_2625/col_gen[51].row_gen[60].dsp_core/signs_r1_reg[8]
  -------------------------------------------------------------------
                         required time                          4.786    
                         arrival time                          -4.572    
  -------------------------------------------------------------------
                         slack                                  0.214    





Min Delay Paths
--------------------------------------------------------------------------------------
Slack (MET) :             0.026ns  (arrival time - required time)
  Source:                 bd_0_i/hls_inst/inst/grp_gemv_kernel_Pipeline_PACK_PREFILL_LOCAL_COL_PACK_PREFILL_ROW16_fu_1606/zext_ln87_reg_371_reg[6]/C
                            (rising edge-triggered cell FDRE clocked by ap_clk  {rise@0.000ns fall@2.439ns period=4.878ns})
  Destination:            bd_0_i/hls_inst/inst/grp_gemv_kernel_Pipeline_PACK_PREFILL_LOCAL_COL_PACK_PREFILL_ROW16_fu_1606/zext_ln87_reg_371_pp0_iter1_reg_reg[6]/D
                            (rising edge-triggered cell FDRE clocked by ap_clk  {rise@0.000ns fall@2.439ns period=4.878ns})
  Path Group:             ap_clk
  Path Type:              Hold (Min at Fast Process Corner)
  Requirement:            0.000ns  (ap_clk rise@0.000ns - ap_clk rise@0.000ns)
  Data Path Delay:        0.078ns  (logic 0.039ns (50.000%)  route 0.039ns (50.000%))
  Logic Levels:           0  
  Clock Path Skew:        0.006ns (DCD - SCD - CPR)
    Destination Clock Delay (DCD):    0.018ns
    Source Clock Delay      (SCD):    0.012ns
    Clock Pessimism Removal (CPR):    -0.000ns

    Location             Delay type                Incr(ns)  Path(ns)    Netlist Resource(s)
  -------------------------------------------------------------------    -------------------
                         (clock ap_clk rise edge)     0.000     0.000 r  
                                                      0.000     0.000 r  ap_clk (IN)
                         net (fo=346038, unset)       0.012     0.012    bd_0_i/hls_inst/inst/grp_gemv_kernel_Pipeline_PACK_PREFILL_LOCAL_COL_PACK_PREFILL_ROW16_fu_1606/ap_clk
    SLICE_X127Y311       FDRE                                         r  bd_0_i/hls_inst/inst/grp_gemv_kernel_Pipeline_PACK_PREFILL_LOCAL_COL_PACK_PREFILL_ROW16_fu_1606/zext_ln87_reg_371_reg[6]/C
  -------------------------------------------------------------------    -------------------
    SLICE_X127Y311       FDRE (Prop_CFF_SLICEL_C_Q)
                                                      0.039     0.051 r  bd_0_i/hls_inst/inst/grp_gemv_kernel_Pipeline_PACK_PREFILL_LOCAL_COL_PACK_PREFILL_ROW16_fu_1606/zext_ln87_reg_371_reg[6]/Q
                         net (fo=2, routed)           0.039     0.090    bd_0_i/hls_inst/inst/grp_gemv_kernel_Pipeline_PACK_PREFILL_LOCAL_COL_PACK_PREFILL_ROW16_fu_1606/zext_ln87_reg_371_reg[7]_0[6]
    SLICE_X127Y311       FDRE                                         r  bd_0_i/hls_inst/inst/grp_gemv_kernel_Pipeline_PACK_PREFILL_LOCAL_COL_PACK_PREFILL_ROW16_fu_1606/zext_ln87_reg_371_pp0_iter1_reg_reg[6]/D
  -------------------------------------------------------------------    -------------------

                         (clock ap_clk rise edge)     0.000     0.000 r  
                                                      0.000     0.000 r  ap_clk (IN)
                         net (fo=346038, unset)       0.018     0.018    bd_0_i/hls_inst/inst/grp_gemv_kernel_Pipeline_PACK_PREFILL_LOCAL_COL_PACK_PREFILL_ROW16_fu_1606/ap_clk
    SLICE_X127Y311       FDRE                                         r  bd_0_i/hls_inst/inst/grp_gemv_kernel_Pipeline_PACK_PREFILL_LOCAL_COL_PACK_PREFILL_ROW16_fu_1606/zext_ln87_reg_371_pp0_iter1_reg_reg[6]/C
                         clock pessimism              0.000     0.018    
    SLICE_X127Y311       FDRE (Hold_DFF_SLICEL_C_D)
                                                      0.046     0.064    bd_0_i/hls_inst/inst/grp_gemv_kernel_Pipeline_PACK_PREFILL_LOCAL_COL_PACK_PREFILL_ROW16_fu_1606/zext_ln87_reg_371_pp0_iter1_reg_reg[6]
  -------------------------------------------------------------------
                         required time                         -0.064    
                         arrival time                           0.090    
  -------------------------------------------------------------------
                         slack                                  0.026    

Slack (MET) :             0.026ns  (arrival time - required time)
  Source:                 bd_0_i/hls_inst/inst/grp_gemv_kernel_Pipeline_PACK_PREFILL_LOCAL_COL_PACK_PREFILL_ROW5_fu_1375/zext_ln87_reg_371_reg[2]/C
                            (rising edge-triggered cell FDRE clocked by ap_clk  {rise@0.000ns fall@2.439ns period=4.878ns})
  Destination:            bd_0_i/hls_inst/inst/grp_gemv_kernel_Pipeline_PACK_PREFILL_LOCAL_COL_PACK_PREFILL_ROW5_fu_1375/zext_ln87_reg_371_pp0_iter1_reg_reg[2]/D
                            (rising edge-triggered cell FDRE clocked by ap_clk  {rise@0.000ns fall@2.439ns period=4.878ns})
  Path Group:             ap_clk
  Path Type:              Hold (Min at Fast Process Corner)
  Requirement:            0.000ns  (ap_clk rise@0.000ns - ap_clk rise@0.000ns)
  Data Path Delay:        0.078ns  (logic 0.039ns (50.000%)  route 0.039ns (50.000%))
  Logic Levels:           0  
  Clock Path Skew:        0.006ns (DCD - SCD - CPR)
    Destination Clock Delay (DCD):    0.018ns
    Source Clock Delay      (SCD):    0.012ns
    Clock Pessimism Removal (CPR):    -0.000ns

    Location             Delay type                Incr(ns)  Path(ns)    Netlist Resource(s)
  -------------------------------------------------------------------    -------------------
                         (clock ap_clk rise edge)     0.000     0.000 r  
                                                      0.000     0.000 r  ap_clk (IN)
                         net (fo=346038, unset)       0.012     0.012    bd_0_i/hls_inst/inst/grp_gemv_kernel_Pipeline_PACK_PREFILL_LOCAL_COL_PACK_PREFILL_ROW5_fu_1375/ap_clk
    SLICE_X136Y311       FDRE                                         r  bd_0_i/hls_inst/inst/grp_gemv_kernel_Pipeline_PACK_PREFILL_LOCAL_COL_PACK_PREFILL_ROW5_fu_1375/zext_ln87_reg_371_reg[2]/C
  -------------------------------------------------------------------    -------------------
    SLICE_X136Y311       FDRE (Prop_CFF_SLICEL_C_Q)
                                                      0.039     0.051 r  bd_0_i/hls_inst/inst/grp_gemv_kernel_Pipeline_PACK_PREFILL_LOCAL_COL_PACK_PREFILL_ROW5_fu_1375/zext_ln87_reg_371_reg[2]/Q
                         net (fo=2, routed)           0.039     0.090    bd_0_i/hls_inst/inst/grp_gemv_kernel_Pipeline_PACK_PREFILL_LOCAL_COL_PACK_PREFILL_ROW5_fu_1375/Q[2]
    SLICE_X136Y311       FDRE                                         r  bd_0_i/hls_inst/inst/grp_gemv_kernel_Pipeline_PACK_PREFILL_LOCAL_COL_PACK_PREFILL_ROW5_fu_1375/zext_ln87_reg_371_pp0_iter1_reg_reg[2]/D
  -------------------------------------------------------------------    -------------------

                         (clock ap_clk rise edge)     0.000     0.000 r  
                                                      0.000     0.000 r  ap_clk (IN)
                         net (fo=346038, unset)       0.018     0.018    bd_0_i/hls_inst/inst/grp_gemv_kernel_Pipeline_PACK_PREFILL_LOCAL_COL_PACK_PREFILL_ROW5_fu_1375/ap_clk
    SLICE_X136Y311       FDRE                                         r  bd_0_i/hls_inst/inst/grp_gemv_kernel_Pipeline_PACK_PREFILL_LOCAL_COL_PACK_PREFILL_ROW5_fu_1375/zext_ln87_reg_371_pp0_iter1_reg_reg[2]/C
                         clock pessimism              0.000     0.018    
    SLICE_X136Y311       FDRE (Hold_DFF_SLICEL_C_D)
                                                      0.046     0.064    bd_0_i/hls_inst/inst/grp_gemv_kernel_Pipeline_PACK_PREFILL_LOCAL_COL_PACK_PREFILL_ROW5_fu_1375/zext_ln87_reg_371_pp0_iter1_reg_reg[2]
  -------------------------------------------------------------------
                         required time                         -0.064    
                         arrival time                           0.090    
  -------------------------------------------------------------------
                         slack                                  0.026    

Slack (MET) :             0.028ns  (arrival time - required time)
  Source:                 bd_0_i/hls_inst/inst/grp_Hybrid_INT4_INT4_PD_fu_2625/col_gen[51].row_gen[49].dsp_core/LSB_Res5_r1_reg[1]/C
                            (rising edge-triggered cell FDRE clocked by ap_clk  {rise@0.000ns fall@2.439ns period=4.878ns})
  Destination:            bd_0_i/hls_inst/inst/grp_Hybrid_INT4_INT4_PD_fu_2625/col_gen[51].row_gen[49].dsp_core/LSB_Res5_r2_reg[1]/D
                            (rising edge-triggered cell FDRE clocked by ap_clk  {rise@0.000ns fall@2.439ns period=4.878ns})
  Path Group:             ap_clk
  Path Type:              Hold (Min at Fast Process Corner)
  Requirement:            0.000ns  (ap_clk rise@0.000ns - ap_clk rise@0.000ns)
  Data Path Delay:        0.081ns  (logic 0.039ns (48.337%)  route 0.042ns (51.663%))
  Logic Levels:           0  
  Clock Path Skew:        0.006ns (DCD - SCD - CPR)
    Destination Clock Delay (DCD):    0.019ns
    Source Clock Delay      (SCD):    0.013ns
    Clock Pessimism Removal (CPR):    -0.000ns

    Location             Delay type                Incr(ns)  Path(ns)    Netlist Resource(s)
  -------------------------------------------------------------------    -------------------
                         (clock ap_clk rise edge)     0.000     0.000 r  
                                                      0.000     0.000 r  ap_clk (IN)
                         net (fo=346038, unset)       0.013     0.013    bd_0_i/hls_inst/inst/grp_Hybrid_INT4_INT4_PD_fu_2625/col_gen[51].row_gen[49].dsp_core/ap_clk
    SLICE_X145Y572       FDRE                                         r  bd_0_i/hls_inst/inst/grp_Hybrid_INT4_INT4_PD_fu_2625/col_gen[51].row_gen[49].dsp_core/LSB_Res5_r1_reg[1]/C
  -------------------------------------------------------------------    -------------------
    SLICE_X145Y572       FDRE (Prop_HFF_SLICEM_C_Q)
                                                      0.039     0.052 r  bd_0_i/hls_inst/inst/grp_Hybrid_INT4_INT4_PD_fu_2625/col_gen[51].row_gen[49].dsp_core/LSB_Res5_r1_reg[1]/Q
                         net (fo=2, routed)           0.042     0.094    bd_0_i/hls_inst/inst/grp_Hybrid_INT4_INT4_PD_fu_2625/col_gen[51].row_gen[49].dsp_core/LSB_Res5_r1[1]
    SLICE_X145Y572       FDRE                                         r  bd_0_i/hls_inst/inst/grp_Hybrid_INT4_INT4_PD_fu_2625/col_gen[51].row_gen[49].dsp_core/LSB_Res5_r2_reg[1]/D
  -------------------------------------------------------------------    -------------------

                         (clock ap_clk rise edge)     0.000     0.000 r  
                                                      0.000     0.000 r  ap_clk (IN)
                         net (fo=346038, unset)       0.019     0.019    bd_0_i/hls_inst/inst/grp_Hybrid_INT4_INT4_PD_fu_2625/col_gen[51].row_gen[49].dsp_core/ap_clk
    SLICE_X145Y572       FDRE                                         r  bd_0_i/hls_inst/inst/grp_Hybrid_INT4_INT4_PD_fu_2625/col_gen[51].row_gen[49].dsp_core/LSB_Res5_r2_reg[1]/C
                         clock pessimism              0.000     0.019    
    SLICE_X145Y572       FDRE (Hold_HFF2_SLICEM_C_D)
                                                      0.047     0.066    bd_0_i/hls_inst/inst/grp_Hybrid_INT4_INT4_PD_fu_2625/col_gen[51].row_gen[49].dsp_core/LSB_Res5_r2_reg[1]
  -------------------------------------------------------------------
                         required time                         -0.066    
                         arrival time                           0.094    
  -------------------------------------------------------------------
                         slack                                  0.028    

Slack (MET) :             0.028ns  (arrival time - required time)
  Source:                 bd_0_i/hls_inst/inst/grp_gemv_kernel_Pipeline_PACK_PREFILL_LOCAL_COL_PACK_PREFILL_ROW20_fu_1690/zext_ln87_reg_371_reg[7]/C
                            (rising edge-triggered cell FDRE clocked by ap_clk  {rise@0.000ns fall@2.439ns period=4.878ns})
  Destination:            bd_0_i/hls_inst/inst/grp_gemv_kernel_Pipeline_PACK_PREFILL_LOCAL_COL_PACK_PREFILL_ROW20_fu_1690/zext_ln87_reg_371_pp0_iter1_reg_reg[7]/D
                            (rising edge-triggered cell FDRE clocked by ap_clk  {rise@0.000ns fall@2.439ns period=4.878ns})
  Path Group:             ap_clk
  Path Type:              Hold (Min at Fast Process Corner)
  Requirement:            0.000ns  (ap_clk rise@0.000ns - ap_clk rise@0.000ns)
  Data Path Delay:        0.080ns  (logic 0.039ns (48.843%)  route 0.041ns (51.157%))
  Logic Levels:           0  
  Clock Path Skew:        0.006ns (DCD - SCD - CPR)
    Destination Clock Delay (DCD):    0.018ns
    Source Clock Delay      (SCD):    0.012ns
    Clock Pessimism Removal (CPR):    -0.000ns

    Location             Delay type                Incr(ns)  Path(ns)    Netlist Resource(s)
  -------------------------------------------------------------------    -------------------
                         (clock ap_clk rise edge)     0.000     0.000 r  
                                                      0.000     0.000 r  ap_clk (IN)
                         net (fo=346038, unset)       0.012     0.012    bd_0_i/hls_inst/inst/grp_gemv_kernel_Pipeline_PACK_PREFILL_LOCAL_COL_PACK_PREFILL_ROW20_fu_1690/ap_clk
    SLICE_X140Y305       FDRE                                         r  bd_0_i/hls_inst/inst/grp_gemv_kernel_Pipeline_PACK_PREFILL_LOCAL_COL_PACK_PREFILL_ROW20_fu_1690/zext_ln87_reg_371_reg[7]/C
  -------------------------------------------------------------------    -------------------
    SLICE_X140Y305       FDRE (Prop_CFF_SLICEL_C_Q)
                                                      0.039     0.051 r  bd_0_i/hls_inst/inst/grp_gemv_kernel_Pipeline_PACK_PREFILL_LOCAL_COL_PACK_PREFILL_ROW20_fu_1690/zext_ln87_reg_371_reg[7]/Q
                         net (fo=2, routed)           0.041     0.092    bd_0_i/hls_inst/inst/grp_gemv_kernel_Pipeline_PACK_PREFILL_LOCAL_COL_PACK_PREFILL_ROW20_fu_1690/Q[3]
    SLICE_X140Y305       FDRE                                         r  bd_0_i/hls_inst/inst/grp_gemv_kernel_Pipeline_PACK_PREFILL_LOCAL_COL_PACK_PREFILL_ROW20_fu_1690/zext_ln87_reg_371_pp0_iter1_reg_reg[7]/D
  -------------------------------------------------------------------    -------------------

                         (clock ap_clk rise edge)     0.000     0.000 r  
                                                      0.000     0.000 r  ap_clk (IN)
                         net (fo=346038, unset)       0.018     0.018    bd_0_i/hls_inst/inst/grp_gemv_kernel_Pipeline_PACK_PREFILL_LOCAL_COL_PACK_PREFILL_ROW20_fu_1690/ap_clk
    SLICE_X140Y305       FDRE                                         r  bd_0_i/hls_inst/inst/grp_gemv_kernel_Pipeline_PACK_PREFILL_LOCAL_COL_PACK_PREFILL_ROW20_fu_1690/zext_ln87_reg_371_pp0_iter1_reg_reg[7]/C
                         clock pessimism              0.000     0.018    
    SLICE_X140Y305       FDRE (Hold_DFF_SLICEL_C_D)
                                                      0.046     0.064    bd_0_i/hls_inst/inst/grp_gemv_kernel_Pipeline_PACK_PREFILL_LOCAL_COL_PACK_PREFILL_ROW20_fu_1690/zext_ln87_reg_371_pp0_iter1_reg_reg[7]
  -------------------------------------------------------------------
                         required time                         -0.064    
                         arrival time                           0.092    
  -------------------------------------------------------------------
                         slack                                  0.028    

Slack (MET) :             0.029ns  (arrival time - required time)
  Source:                 bd_0_i/hls_inst/inst/grp_Hybrid_INT4_INT4_PD_fu_2625/col_gen[37].row_gen[62].dsp_core/LSB_Res6_r1_reg[1]/C
                            (rising edge-triggered cell FDRE clocked by ap_clk  {rise@0.000ns fall@2.439ns period=4.878ns})
  Destination:            bd_0_i/hls_inst/inst/grp_Hybrid_INT4_INT4_PD_fu_2625/col_gen[37].row_gen[62].dsp_core/LSB_Res6_r2_reg[1]/D
                            (rising edge-triggered cell FDRE clocked by ap_clk  {rise@0.000ns fall@2.439ns period=4.878ns})
  Path Group:             ap_clk
  Path Type:              Hold (Min at Fast Process Corner)
  Requirement:            0.000ns  (ap_clk rise@0.000ns - ap_clk rise@0.000ns)
  Data Path Delay:        0.082ns  (logic 0.039ns (47.746%)  route 0.043ns (52.254%))
  Logic Levels:           0  
  Clock Path Skew:        0.006ns (DCD - SCD - CPR)
    Destination Clock Delay (DCD):    0.019ns
    Source Clock Delay      (SCD):    0.013ns
    Clock Pessimism Removal (CPR):    -0.000ns

    Location             Delay type                Incr(ns)  Path(ns)    Netlist Resource(s)
  -------------------------------------------------------------------    -------------------
                         (clock ap_clk rise edge)     0.000     0.000 r  
                                                      0.000     0.000 r  ap_clk (IN)
                         net (fo=346038, unset)       0.013     0.013    bd_0_i/hls_inst/inst/grp_Hybrid_INT4_INT4_PD_fu_2625/col_gen[37].row_gen[62].dsp_core/ap_clk
    SLICE_X71Y527        FDRE                                         r  bd_0_i/hls_inst/inst/grp_Hybrid_INT4_INT4_PD_fu_2625/col_gen[37].row_gen[62].dsp_core/LSB_Res6_r1_reg[1]/C
  -------------------------------------------------------------------    -------------------
    SLICE_X71Y527        FDRE (Prop_HFF_SLICEM_C_Q)
                                                      0.039     0.052 r  bd_0_i/hls_inst/inst/grp_Hybrid_INT4_INT4_PD_fu_2625/col_gen[37].row_gen[62].dsp_core/LSB_Res6_r1_reg[1]/Q
                         net (fo=2, routed)           0.043     0.095    bd_0_i/hls_inst/inst/grp_Hybrid_INT4_INT4_PD_fu_2625/col_gen[37].row_gen[62].dsp_core/LSB_Res6_r1[1]
    SLICE_X71Y527        FDRE                                         r  bd_0_i/hls_inst/inst/grp_Hybrid_INT4_INT4_PD_fu_2625/col_gen[37].row_gen[62].dsp_core/LSB_Res6_r2_reg[1]/D
  -------------------------------------------------------------------    -------------------

                         (clock ap_clk rise edge)     0.000     0.000 r  
                                                      0.000     0.000 r  ap_clk (IN)
                         net (fo=346038, unset)       0.019     0.019    bd_0_i/hls_inst/inst/grp_Hybrid_INT4_INT4_PD_fu_2625/col_gen[37].row_gen[62].dsp_core/ap_clk
    SLICE_X71Y527        FDRE                                         r  bd_0_i/hls_inst/inst/grp_Hybrid_INT4_INT4_PD_fu_2625/col_gen[37].row_gen[62].dsp_core/LSB_Res6_r2_reg[1]/C
                         clock pessimism              0.000     0.019    
    SLICE_X71Y527        FDRE (Hold_EFF2_SLICEM_C_D)
                                                      0.047     0.066    bd_0_i/hls_inst/inst/grp_Hybrid_INT4_INT4_PD_fu_2625/col_gen[37].row_gen[62].dsp_core/LSB_Res6_r2_reg[1]
  -------------------------------------------------------------------
                         required time                         -0.066    
                         arrival time                           0.095    
  -------------------------------------------------------------------
                         slack                                  0.029    

Slack (MET) :             0.029ns  (arrival time - required time)
  Source:                 bd_0_i/hls_inst/inst/grp_Hybrid_INT4_INT4_PD_fu_2625/col_gen[39].row_gen[32].dsp_core/LSB_Res6_r1_reg[1]/C
                            (rising edge-triggered cell FDRE clocked by ap_clk  {rise@0.000ns fall@2.439ns period=4.878ns})
  Destination:            bd_0_i/hls_inst/inst/grp_Hybrid_INT4_INT4_PD_fu_2625/col_gen[39].row_gen[32].dsp_core/LSB_Res6_r2_reg[1]/D
                            (rising edge-triggered cell FDRE clocked by ap_clk  {rise@0.000ns fall@2.439ns period=4.878ns})
  Path Group:             ap_clk
  Path Type:              Hold (Min at Fast Process Corner)
  Requirement:            0.000ns  (ap_clk rise@0.000ns - ap_clk rise@0.000ns)
  Data Path Delay:        0.082ns  (logic 0.039ns (47.746%)  route 0.043ns (52.254%))
  Logic Levels:           0  
  Clock Path Skew:        0.006ns (DCD - SCD - CPR)
    Destination Clock Delay (DCD):    0.019ns
    Source Clock Delay      (SCD):    0.013ns
    Clock Pessimism Removal (CPR):    -0.000ns

    Location             Delay type                Incr(ns)  Path(ns)    Netlist Resource(s)
  -------------------------------------------------------------------    -------------------
                         (clock ap_clk rise edge)     0.000     0.000 r  
                                                      0.000     0.000 r  ap_clk (IN)
                         net (fo=346038, unset)       0.013     0.013    bd_0_i/hls_inst/inst/grp_Hybrid_INT4_INT4_PD_fu_2625/col_gen[39].row_gen[32].dsp_core/ap_clk
    SLICE_X141Y57        FDRE                                         r  bd_0_i/hls_inst/inst/grp_Hybrid_INT4_INT4_PD_fu_2625/col_gen[39].row_gen[32].dsp_core/LSB_Res6_r1_reg[1]/C
  -------------------------------------------------------------------    -------------------
    SLICE_X141Y57        FDRE (Prop_HFF_SLICEM_C_Q)
                                                      0.039     0.052 r  bd_0_i/hls_inst/inst/grp_Hybrid_INT4_INT4_PD_fu_2625/col_gen[39].row_gen[32].dsp_core/LSB_Res6_r1_reg[1]/Q
                         net (fo=2, routed)           0.043     0.095    bd_0_i/hls_inst/inst/grp_Hybrid_INT4_INT4_PD_fu_2625/col_gen[39].row_gen[32].dsp_core/LSB_Res6_r1[1]
    SLICE_X141Y57        FDRE                                         r  bd_0_i/hls_inst/inst/grp_Hybrid_INT4_INT4_PD_fu_2625/col_gen[39].row_gen[32].dsp_core/LSB_Res6_r2_reg[1]/D
  -------------------------------------------------------------------    -------------------

                         (clock ap_clk rise edge)     0.000     0.000 r  
                                                      0.000     0.000 r  ap_clk (IN)
                         net (fo=346038, unset)       0.019     0.019    bd_0_i/hls_inst/inst/grp_Hybrid_INT4_INT4_PD_fu_2625/col_gen[39].row_gen[32].dsp_core/ap_clk
    SLICE_X141Y57        FDRE                                         r  bd_0_i/hls_inst/inst/grp_Hybrid_INT4_INT4_PD_fu_2625/col_gen[39].row_gen[32].dsp_core/LSB_Res6_r2_reg[1]/C
                         clock pessimism              0.000     0.019    
    SLICE_X141Y57        FDRE (Hold_EFF2_SLICEM_C_D)
                                                      0.047     0.066    bd_0_i/hls_inst/inst/grp_Hybrid_INT4_INT4_PD_fu_2625/col_gen[39].row_gen[32].dsp_core/LSB_Res6_r2_reg[1]
  -------------------------------------------------------------------
                         required time                         -0.066    
                         arrival time                           0.095    
  -------------------------------------------------------------------
                         slack                                  0.029    

Slack (MET) :             0.029ns  (arrival time - required time)
  Source:                 bd_0_i/hls_inst/inst/grp_Hybrid_INT4_INT4_PD_fu_2625/col_gen[43].row_gen[8].dsp_core/LSB_Res5_r1_reg[1]/C
                            (rising edge-triggered cell FDRE clocked by ap_clk  {rise@0.000ns fall@2.439ns period=4.878ns})
  Destination:            bd_0_i/hls_inst/inst/grp_Hybrid_INT4_INT4_PD_fu_2625/col_gen[43].row_gen[8].dsp_core/LSB_Res5_r2_reg[1]/D
                            (rising edge-triggered cell FDRE clocked by ap_clk  {rise@0.000ns fall@2.439ns period=4.878ns})
  Path Group:             ap_clk
  Path Type:              Hold (Min at Fast Process Corner)
  Requirement:            0.000ns  (ap_clk rise@0.000ns - ap_clk rise@0.000ns)
  Data Path Delay:        0.082ns  (logic 0.039ns (47.746%)  route 0.043ns (52.254%))
  Logic Levels:           0  
  Clock Path Skew:        0.006ns (DCD - SCD - CPR)
    Destination Clock Delay (DCD):    0.019ns
    Source Clock Delay      (SCD):    0.013ns
    Clock Pessimism Removal (CPR):    -0.000ns

    Location             Delay type                Incr(ns)  Path(ns)    Netlist Resource(s)
  -------------------------------------------------------------------    -------------------
                         (clock ap_clk rise edge)     0.000     0.000 r  
                                                      0.000     0.000 r  ap_clk (IN)
                         net (fo=346038, unset)       0.013     0.013    bd_0_i/hls_inst/inst/grp_Hybrid_INT4_INT4_PD_fu_2625/col_gen[43].row_gen[8].dsp_core/ap_clk
    SLICE_X156Y617       FDRE                                         r  bd_0_i/hls_inst/inst/grp_Hybrid_INT4_INT4_PD_fu_2625/col_gen[43].row_gen[8].dsp_core/LSB_Res5_r1_reg[1]/C
  -------------------------------------------------------------------    -------------------
    SLICE_X156Y617       FDRE (Prop_HFF_SLICEM_C_Q)
                                                      0.039     0.052 r  bd_0_i/hls_inst/inst/grp_Hybrid_INT4_INT4_PD_fu_2625/col_gen[43].row_gen[8].dsp_core/LSB_Res5_r1_reg[1]/Q
                         net (fo=2, routed)           0.043     0.095    bd_0_i/hls_inst/inst/grp_Hybrid_INT4_INT4_PD_fu_2625/col_gen[43].row_gen[8].dsp_core/LSB_Res5_r1[1]
    SLICE_X156Y617       FDRE                                         r  bd_0_i/hls_inst/inst/grp_Hybrid_INT4_INT4_PD_fu_2625/col_gen[43].row_gen[8].dsp_core/LSB_Res5_r2_reg[1]/D
  -------------------------------------------------------------------    -------------------

                         (clock ap_clk rise edge)     0.000     0.000 r  
                                                      0.000     0.000 r  ap_clk (IN)
                         net (fo=346038, unset)       0.019     0.019    bd_0_i/hls_inst/inst/grp_Hybrid_INT4_INT4_PD_fu_2625/col_gen[43].row_gen[8].dsp_core/ap_clk
    SLICE_X156Y617       FDRE                                         r  bd_0_i/hls_inst/inst/grp_Hybrid_INT4_INT4_PD_fu_2625/col_gen[43].row_gen[8].dsp_core/LSB_Res5_r2_reg[1]/C
                         clock pessimism              0.000     0.019    
    SLICE_X156Y617       FDRE (Hold_EFF2_SLICEM_C_D)
                                                      0.047     0.066    bd_0_i/hls_inst/inst/grp_Hybrid_INT4_INT4_PD_fu_2625/col_gen[43].row_gen[8].dsp_core/LSB_Res5_r2_reg[1]
  -------------------------------------------------------------------
                         required time                         -0.066    
                         arrival time                           0.095    
  -------------------------------------------------------------------
                         slack                                  0.029    

Slack (MET) :             0.029ns  (arrival time - required time)
  Source:                 bd_0_i/hls_inst/inst/grp_Hybrid_INT4_INT4_PD_fu_2625/col_gen[47].row_gen[21].dsp_core/LSB_Res5_r1_reg[1]/C
                            (rising edge-triggered cell FDRE clocked by ap_clk  {rise@0.000ns fall@2.439ns period=4.878ns})
  Destination:            bd_0_i/hls_inst/inst/grp_Hybrid_INT4_INT4_PD_fu_2625/col_gen[47].row_gen[21].dsp_core/LSB_Res5_r2_reg[1]/D
                            (rising edge-triggered cell FDRE clocked by ap_clk  {rise@0.000ns fall@2.439ns period=4.878ns})
  Path Group:             ap_clk
  Path Type:              Hold (Min at Fast Process Corner)
  Requirement:            0.000ns  (ap_clk rise@0.000ns - ap_clk rise@0.000ns)
  Data Path Delay:        0.082ns  (logic 0.037ns (45.297%)  route 0.045ns (54.703%))
  Logic Levels:           0  
  Clock Path Skew:        0.006ns (DCD - SCD - CPR)
    Destination Clock Delay (DCD):    0.019ns
    Source Clock Delay      (SCD):    0.013ns
    Clock Pessimism Removal (CPR):    -0.000ns

    Location             Delay type                Incr(ns)  Path(ns)    Netlist Resource(s)
  -------------------------------------------------------------------    -------------------
                         (clock ap_clk rise edge)     0.000     0.000 r  
                                                      0.000     0.000 r  ap_clk (IN)
                         net (fo=346038, unset)       0.013     0.013    bd_0_i/hls_inst/inst/grp_Hybrid_INT4_INT4_PD_fu_2625/col_gen[47].row_gen[21].dsp_core/ap_clk
    SLICE_X76Y322        FDRE                                         r  bd_0_i/hls_inst/inst/grp_Hybrid_INT4_INT4_PD_fu_2625/col_gen[47].row_gen[21].dsp_core/LSB_Res5_r1_reg[1]/C
  -------------------------------------------------------------------    -------------------
    SLICE_X76Y322        FDRE (Prop_FFF_SLICEM_C_Q)
                                                      0.037     0.050 r  bd_0_i/hls_inst/inst/grp_Hybrid_INT4_INT4_PD_fu_2625/col_gen[47].row_gen[21].dsp_core/LSB_Res5_r1_reg[1]/Q
                         net (fo=2, routed)           0.045     0.095    bd_0_i/hls_inst/inst/grp_Hybrid_INT4_INT4_PD_fu_2625/col_gen[47].row_gen[21].dsp_core/LSB_Res5_r1[1]
    SLICE_X76Y322        FDRE                                         r  bd_0_i/hls_inst/inst/grp_Hybrid_INT4_INT4_PD_fu_2625/col_gen[47].row_gen[21].dsp_core/LSB_Res5_r2_reg[1]/D
  -------------------------------------------------------------------    -------------------

                         (clock ap_clk rise edge)     0.000     0.000 r  
                                                      0.000     0.000 r  ap_clk (IN)
                         net (fo=346038, unset)       0.019     0.019    bd_0_i/hls_inst/inst/grp_Hybrid_INT4_INT4_PD_fu_2625/col_gen[47].row_gen[21].dsp_core/ap_clk
    SLICE_X76Y322        FDRE                                         r  bd_0_i/hls_inst/inst/grp_Hybrid_INT4_INT4_PD_fu_2625/col_gen[47].row_gen[21].dsp_core/LSB_Res5_r2_reg[1]/C
                         clock pessimism              0.000     0.019    
    SLICE_X76Y322        FDRE (Hold_EFF2_SLICEM_C_D)
                                                      0.047     0.066    bd_0_i/hls_inst/inst/grp_Hybrid_INT4_INT4_PD_fu_2625/col_gen[47].row_gen[21].dsp_core/LSB_Res5_r2_reg[1]
  -------------------------------------------------------------------
                         required time                         -0.066    
                         arrival time                           0.095    
  -------------------------------------------------------------------
                         slack                                  0.029    

Slack (MET) :             0.029ns  (arrival time - required time)
  Source:                 bd_0_i/hls_inst/inst/grp_Hybrid_INT4_INT4_PD_fu_2625/col_gen[54].row_gen[24].dsp_core/LSB_Res5_r1_reg[1]/C
                            (rising edge-triggered cell FDRE clocked by ap_clk  {rise@0.000ns fall@2.439ns period=4.878ns})
  Destination:            bd_0_i/hls_inst/inst/grp_Hybrid_INT4_INT4_PD_fu_2625/col_gen[54].row_gen[24].dsp_core/LSB_Res5_r2_reg[1]/D
                            (rising edge-triggered cell FDRE clocked by ap_clk  {rise@0.000ns fall@2.439ns period=4.878ns})
  Path Group:             ap_clk
  Path Type:              Hold (Min at Fast Process Corner)
  Requirement:            0.000ns  (ap_clk rise@0.000ns - ap_clk rise@0.000ns)
  Data Path Delay:        0.082ns  (logic 0.039ns (47.746%)  route 0.043ns (52.254%))
  Logic Levels:           0  
  Clock Path Skew:        0.006ns (DCD - SCD - CPR)
    Destination Clock Delay (DCD):    0.019ns
    Source Clock Delay      (SCD):    0.013ns
    Clock Pessimism Removal (CPR):    -0.000ns

    Location             Delay type                Incr(ns)  Path(ns)    Netlist Resource(s)
  -------------------------------------------------------------------    -------------------
                         (clock ap_clk rise edge)     0.000     0.000 r  
                                                      0.000     0.000 r  ap_clk (IN)
                         net (fo=346038, unset)       0.013     0.013    bd_0_i/hls_inst/inst/grp_Hybrid_INT4_INT4_PD_fu_2625/col_gen[54].row_gen[24].dsp_core/ap_clk
    SLICE_X166Y427       FDRE                                         r  bd_0_i/hls_inst/inst/grp_Hybrid_INT4_INT4_PD_fu_2625/col_gen[54].row_gen[24].dsp_core/LSB_Res5_r1_reg[1]/C
  -------------------------------------------------------------------    -------------------
    SLICE_X166Y427       FDRE (Prop_HFF_SLICEM_C_Q)
                                                      0.039     0.052 r  bd_0_i/hls_inst/inst/grp_Hybrid_INT4_INT4_PD_fu_2625/col_gen[54].row_gen[24].dsp_core/LSB_Res5_r1_reg[1]/Q
                         net (fo=2, routed)           0.043     0.095    bd_0_i/hls_inst/inst/grp_Hybrid_INT4_INT4_PD_fu_2625/col_gen[54].row_gen[24].dsp_core/LSB_Res5_r1[1]
    SLICE_X166Y427       FDRE                                         r  bd_0_i/hls_inst/inst/grp_Hybrid_INT4_INT4_PD_fu_2625/col_gen[54].row_gen[24].dsp_core/LSB_Res5_r2_reg[1]/D
  -------------------------------------------------------------------    -------------------

                         (clock ap_clk rise edge)     0.000     0.000 r  
                                                      0.000     0.000 r  ap_clk (IN)
                         net (fo=346038, unset)       0.019     0.019    bd_0_i/hls_inst/inst/grp_Hybrid_INT4_INT4_PD_fu_2625/col_gen[54].row_gen[24].dsp_core/ap_clk
    SLICE_X166Y427       FDRE                                         r  bd_0_i/hls_inst/inst/grp_Hybrid_INT4_INT4_PD_fu_2625/col_gen[54].row_gen[24].dsp_core/LSB_Res5_r2_reg[1]/C
                         clock pessimism              0.000     0.019    
    SLICE_X166Y427       FDRE (Hold_EFF2_SLICEM_C_D)
                                                      0.047     0.066    bd_0_i/hls_inst/inst/grp_Hybrid_INT4_INT4_PD_fu_2625/col_gen[54].row_gen[24].dsp_core/LSB_Res5_r2_reg[1]
  -------------------------------------------------------------------
                         required time                         -0.066    
                         arrival time                           0.095    
  -------------------------------------------------------------------
                         slack                                  0.029    

Slack (MET) :             0.029ns  (arrival time - required time)
  Source:                 bd_0_i/hls_inst/inst/grp_Hybrid_INT4_INT4_PD_fu_2625/col_gen[54].row_gen[58].dsp_core/LSB_Res5_r1_reg[1]/C
                            (rising edge-triggered cell FDRE clocked by ap_clk  {rise@0.000ns fall@2.439ns period=4.878ns})
  Destination:            bd_0_i/hls_inst/inst/grp_Hybrid_INT4_INT4_PD_fu_2625/col_gen[54].row_gen[58].dsp_core/LSB_Res5_r2_reg[1]/D
                            (rising edge-triggered cell FDRE clocked by ap_clk  {rise@0.000ns fall@2.439ns period=4.878ns})
  Path Group:             ap_clk
  Path Type:              Hold (Min at Fast Process Corner)
  Requirement:            0.000ns  (ap_clk rise@0.000ns - ap_clk rise@0.000ns)
  Data Path Delay:        0.082ns  (logic 0.039ns (47.746%)  route 0.043ns (52.254%))
  Logic Levels:           0  
  Clock Path Skew:        0.006ns (DCD - SCD - CPR)
    Destination Clock Delay (DCD):    0.019ns
    Source Clock Delay      (SCD):    0.013ns
    Clock Pessimism Removal (CPR):    -0.000ns

    Location             Delay type                Incr(ns)  Path(ns)    Netlist Resource(s)
  -------------------------------------------------------------------    -------------------
                         (clock ap_clk rise edge)     0.000     0.000 r  
                                                      0.000     0.000 r  ap_clk (IN)
                         net (fo=346038, unset)       0.013     0.013    bd_0_i/hls_inst/inst/grp_Hybrid_INT4_INT4_PD_fu_2625/col_gen[54].row_gen[58].dsp_core/ap_clk
    SLICE_X41Y547        FDRE                                         r  bd_0_i/hls_inst/inst/grp_Hybrid_INT4_INT4_PD_fu_2625/col_gen[54].row_gen[58].dsp_core/LSB_Res5_r1_reg[1]/C
  -------------------------------------------------------------------    -------------------
    SLICE_X41Y547        FDRE (Prop_HFF_SLICEM_C_Q)
                                                      0.039     0.052 r  bd_0_i/hls_inst/inst/grp_Hybrid_INT4_INT4_PD_fu_2625/col_gen[54].row_gen[58].dsp_core/LSB_Res5_r1_reg[1]/Q
                         net (fo=2, routed)           0.043     0.095    bd_0_i/hls_inst/inst/grp_Hybrid_INT4_INT4_PD_fu_2625/col_gen[54].row_gen[58].dsp_core/LSB_Res5_r1[1]
    SLICE_X41Y547        FDRE                                         r  bd_0_i/hls_inst/inst/grp_Hybrid_INT4_INT4_PD_fu_2625/col_gen[54].row_gen[58].dsp_core/LSB_Res5_r2_reg[1]/D
  -------------------------------------------------------------------    -------------------

                         (clock ap_clk rise edge)     0.000     0.000 r  
                                                      0.000     0.000 r  ap_clk (IN)
                         net (fo=346038, unset)       0.019     0.019    bd_0_i/hls_inst/inst/grp_Hybrid_INT4_INT4_PD_fu_2625/col_gen[54].row_gen[58].dsp_core/ap_clk
    SLICE_X41Y547        FDRE                                         r  bd_0_i/hls_inst/inst/grp_Hybrid_INT4_INT4_PD_fu_2625/col_gen[54].row_gen[58].dsp_core/LSB_Res5_r2_reg[1]/C
                         clock pessimism              0.000     0.019    
    SLICE_X41Y547        FDRE (Hold_EFF2_SLICEM_C_D)
                                                      0.047     0.066    bd_0_i/hls_inst/inst/grp_Hybrid_INT4_INT4_PD_fu_2625/col_gen[54].row_gen[58].dsp_core/LSB_Res5_r2_reg[1]
  -------------------------------------------------------------------
                         required time                         -0.066    
                         arrival time                           0.095    
  -------------------------------------------------------------------
                         slack                                  0.029    





Pulse Width Checks
--------------------------------------------------------------------------------------
Clock Name:         ap_clk
Waveform(ns):       { 0.000 2.439 }
Period(ns):         4.878
Sources:            { ap_clk }

Check Type        Corner  Lib Pin             Reference Pin  Required(ns)  Actual(ns)  Slack(ns)  Location       Pin
Min Period        n/a     RAMB36E2/CLKARDCLK  n/a            1.569         4.878       3.309      RAMB36_X11Y61  bd_0_i/hls_inst/inst/gmem_act_m_axi_U/load_unit/buff_rdata/U_fifo_mem/mem_reg_0/CLKARDCLK
Min Period        n/a     RAMB36E2/CLKBWRCLK  n/a            1.569         4.878       3.309      RAMB36_X11Y61  bd_0_i/hls_inst/inst/gmem_act_m_axi_U/load_unit/buff_rdata/U_fifo_mem/mem_reg_0/CLKBWRCLK
Min Period        n/a     RAMB36E2/CLKARDCLK  n/a            1.569         4.878       3.309      RAMB36_X11Y63  bd_0_i/hls_inst/inst/gmem_act_m_axi_U/load_unit/buff_rdata/U_fifo_mem/mem_reg_1/CLKARDCLK
Min Period        n/a     RAMB36E2/CLKBWRCLK  n/a            1.569         4.878       3.309      RAMB36_X11Y63  bd_0_i/hls_inst/inst/gmem_act_m_axi_U/load_unit/buff_rdata/U_fifo_mem/mem_reg_1/CLKBWRCLK
Min Period        n/a     RAMB36E2/CLKARDCLK  n/a            1.569         4.878       3.309      RAMB36_X11Y60  bd_0_i/hls_inst/inst/gmem_act_m_axi_U/load_unit/buff_rdata/U_fifo_mem/mem_reg_2/CLKARDCLK
Min Period        n/a     RAMB36E2/CLKBWRCLK  n/a            1.569         4.878       3.309      RAMB36_X11Y60  bd_0_i/hls_inst/inst/gmem_act_m_axi_U/load_unit/buff_rdata/U_fifo_mem/mem_reg_2/CLKBWRCLK
Min Period        n/a     RAMB36E2/CLKARDCLK  n/a            1.569         4.878       3.309      RAMB36_X11Y57  bd_0_i/hls_inst/inst/gmem_act_m_axi_U/load_unit/buff_rdata/U_fifo_mem/mem_reg_3/CLKARDCLK
Min Period        n/a     RAMB36E2/CLKBWRCLK  n/a            1.569         4.878       3.309      RAMB36_X11Y57  bd_0_i/hls_inst/inst/gmem_act_m_axi_U/load_unit/buff_rdata/U_fifo_mem/mem_reg_3/CLKBWRCLK
Min Period        n/a     RAMB36E2/CLKARDCLK  n/a            1.569         4.878       3.309      RAMB36_X11Y58  bd_0_i/hls_inst/inst/gmem_act_m_axi_U/load_unit/buff_rdata/U_fifo_mem/mem_reg_4/CLKARDCLK
Min Period        n/a     RAMB36E2/CLKBWRCLK  n/a            1.569         4.878       3.309      RAMB36_X11Y58  bd_0_i/hls_inst/inst/gmem_act_m_axi_U/load_unit/buff_rdata/U_fifo_mem/mem_reg_4/CLKBWRCLK
Low Pulse Width   Slow    RAMB36E2/CLKARDCLK  n/a            0.542         2.439       1.897      RAMB36_X11Y61  bd_0_i/hls_inst/inst/gmem_act_m_axi_U/load_unit/buff_rdata/U_fifo_mem/mem_reg_0/CLKARDCLK
Low Pulse Width   Fast    RAMB36E2/CLKARDCLK  n/a            0.542         2.439       1.897      RAMB36_X11Y61  bd_0_i/hls_inst/inst/gmem_act_m_axi_U/load_unit/buff_rdata/U_fifo_mem/mem_reg_0/CLKARDCLK
Low Pulse Width   Slow    RAMB36E2/CLKBWRCLK  n/a            0.542         2.439       1.897      RAMB36_X11Y61  bd_0_i/hls_inst/inst/gmem_act_m_axi_U/load_unit/buff_rdata/U_fifo_mem/mem_reg_0/CLKBWRCLK
Low Pulse Width   Fast    RAMB36E2/CLKBWRCLK  n/a            0.542         2.439       1.897      RAMB36_X11Y61  bd_0_i/hls_inst/inst/gmem_act_m_axi_U/load_unit/buff_rdata/U_fifo_mem/mem_reg_0/CLKBWRCLK
Low Pulse Width   Slow    RAMB36E2/CLKARDCLK  n/a            0.542         2.439       1.897      RAMB36_X11Y63  bd_0_i/hls_inst/inst/gmem_act_m_axi_U/load_unit/buff_rdata/U_fifo_mem/mem_reg_1/CLKARDCLK
Low Pulse Width   Fast    RAMB36E2/CLKARDCLK  n/a            0.542         2.439       1.897      RAMB36_X11Y63  bd_0_i/hls_inst/inst/gmem_act_m_axi_U/load_unit/buff_rdata/U_fifo_mem/mem_reg_1/CLKARDCLK
Low Pulse Width   Slow    RAMB36E2/CLKBWRCLK  n/a            0.542         2.439       1.897      RAMB36_X11Y63  bd_0_i/hls_inst/inst/gmem_act_m_axi_U/load_unit/buff_rdata/U_fifo_mem/mem_reg_1/CLKBWRCLK
Low Pulse Width   Fast    RAMB36E2/CLKBWRCLK  n/a            0.542         2.439       1.897      RAMB36_X11Y63  bd_0_i/hls_inst/inst/gmem_act_m_axi_U/load_unit/buff_rdata/U_fifo_mem/mem_reg_1/CLKBWRCLK
Low Pulse Width   Slow    RAMB36E2/CLKARDCLK  n/a            0.542         2.439       1.897      RAMB36_X11Y60  bd_0_i/hls_inst/inst/gmem_act_m_axi_U/load_unit/buff_rdata/U_fifo_mem/mem_reg_2/CLKARDCLK
Low Pulse Width   Fast    RAMB36E2/CLKARDCLK  n/a            0.542         2.439       1.897      RAMB36_X11Y60  bd_0_i/hls_inst/inst/gmem_act_m_axi_U/load_unit/buff_rdata/U_fifo_mem/mem_reg_2/CLKARDCLK
High Pulse Width  Slow    RAMB36E2/CLKARDCLK  n/a            0.542         2.439       1.897      RAMB36_X11Y61  bd_0_i/hls_inst/inst/gmem_act_m_axi_U/load_unit/buff_rdata/U_fifo_mem/mem_reg_0/CLKARDCLK
High Pulse Width  Fast    RAMB36E2/CLKARDCLK  n/a            0.542         2.439       1.897      RAMB36_X11Y61  bd_0_i/hls_inst/inst/gmem_act_m_axi_U/load_unit/buff_rdata/U_fifo_mem/mem_reg_0/CLKARDCLK
High Pulse Width  Slow    RAMB36E2/CLKBWRCLK  n/a            0.542         2.439       1.897      RAMB36_X11Y61  bd_0_i/hls_inst/inst/gmem_act_m_axi_U/load_unit/buff_rdata/U_fifo_mem/mem_reg_0/CLKBWRCLK
High Pulse Width  Fast    RAMB36E2/CLKBWRCLK  n/a            0.542         2.439       1.897      RAMB36_X11Y61  bd_0_i/hls_inst/inst/gmem_act_m_axi_U/load_unit/buff_rdata/U_fifo_mem/mem_reg_0/CLKBWRCLK
High Pulse Width  Slow    RAMB36E2/CLKARDCLK  n/a            0.542         2.439       1.897      RAMB36_X11Y63  bd_0_i/hls_inst/inst/gmem_act_m_axi_U/load_unit/buff_rdata/U_fifo_mem/mem_reg_1/CLKARDCLK
High Pulse Width  Fast    RAMB36E2/CLKARDCLK  n/a            0.542         2.439       1.897      RAMB36_X11Y63  bd_0_i/hls_inst/inst/gmem_act_m_axi_U/load_unit/buff_rdata/U_fifo_mem/mem_reg_1/CLKARDCLK
High Pulse Width  Slow    RAMB36E2/CLKBWRCLK  n/a            0.542         2.439       1.897      RAMB36_X11Y63  bd_0_i/hls_inst/inst/gmem_act_m_axi_U/load_unit/buff_rdata/U_fifo_mem/mem_reg_1/CLKBWRCLK
High Pulse Width  Fast    RAMB36E2/CLKBWRCLK  n/a            0.542         2.439       1.897      RAMB36_X11Y63  bd_0_i/hls_inst/inst/gmem_act_m_axi_U/load_unit/buff_rdata/U_fifo_mem/mem_reg_1/CLKBWRCLK
High Pulse Width  Slow    RAMB36E2/CLKARDCLK  n/a            0.542         2.439       1.897      RAMB36_X11Y60  bd_0_i/hls_inst/inst/gmem_act_m_axi_U/load_unit/buff_rdata/U_fifo_mem/mem_reg_2/CLKARDCLK
High Pulse Width  Fast    RAMB36E2/CLKARDCLK  n/a            0.542         2.439       1.897      RAMB36_X11Y60  bd_0_i/hls_inst/inst/gmem_act_m_axi_U/load_unit/buff_rdata/U_fifo_mem/mem_reg_2/CLKARDCLK



--------------------------------------------------------------------------------------
Path Group:  (none)
From Clock:  ap_clk
  To Clock:  

Max Delay           815 Endpoints
Min Delay           815 Endpoints
--------------------------------------------------------------------------------------


Max Delay Paths
--------------------------------------------------------------------------------------
Slack:                    inf
  Source:                 bd_0_i/hls_inst/inst/gmem_out_m_axi_U/bus_write/wreq_throttle/last_cnt_reg[2]/C
                            (rising edge-triggered cell FDRE clocked by ap_clk  {rise@0.000ns fall@2.439ns period=4.878ns})
  Destination:            m_axi_gmem_out_wvalid
                            (output port)
  Path Group:             (none)
  Path Type:              Max at Slow Process Corner
  Data Path Delay:        0.596ns  (logic 0.250ns (41.968%)  route 0.346ns (58.032%))
  Logic Levels:           2  (LUT3=1 LUT5=1)
  Clock Uncertainty:      0.025ns  ((TSJ^2 + TIJ^2)^1/2 + DJ) / 2 + PE
    Total System Jitter     (TSJ):    0.050ns
    Total Input Jitter      (TIJ):    0.000ns
    Discrete Jitter          (DJ):    0.000ns
    Phase Error              (PE):    0.000ns

    Location             Delay type                Incr(ns)  Path(ns)    Netlist Resource(s)
  -------------------------------------------------------------------    -------------------
                         (clock ap_clk rise edge)     0.000     0.000 r  
                                                      0.000     0.000 r  ap_clk (IN)
                         net (fo=346038, unset)       0.030     0.030    bd_0_i/hls_inst/inst/gmem_out_m_axi_U/bus_write/wreq_throttle/ap_clk
    SLICE_X156Y301       FDRE                                         r  bd_0_i/hls_inst/inst/gmem_out_m_axi_U/bus_write/wreq_throttle/last_cnt_reg[2]/C
  -------------------------------------------------------------------    -------------------
    SLICE_X156Y301       FDRE (Prop_BFF_SLICEM_C_Q)
                                                      0.078     0.108 r  bd_0_i/hls_inst/inst/gmem_out_m_axi_U/bus_write/wreq_throttle/last_cnt_reg[2]/Q
                         net (fo=6, routed)           0.217     0.325    bd_0_i/hls_inst/inst/gmem_out_m_axi_U/bus_write/wreq_throttle/data_fifo/U_fifo_srl/last_cnt_reg[4][2]
    SLICE_X156Y300       LUT5 (Prop_F6LUT_SLICEM_I0_O)
                                                      0.037     0.362 r  bd_0_i/hls_inst/inst/gmem_out_m_axi_U/bus_write/wreq_throttle/data_fifo/U_fifo_srl/m_axi_gmem_out_WVALID_INST_0_i_1/O
                         net (fo=5, routed)           0.093     0.456    bd_0_i/hls_inst/inst/gmem_out_m_axi_U/bus_write/wreq_throttle/data_fifo/data_en__3
    SLICE_X156Y299       LUT3 (Prop_D5LUT_SLICEM_I2_O)
                                                      0.135     0.591 r  bd_0_i/hls_inst/inst/gmem_out_m_axi_U/bus_write/wreq_throttle/data_fifo/m_axi_gmem_out_WVALID_INST_0/O
                         net (fo=0)                   0.035     0.626    m_axi_gmem_out_wvalid
                                                                      r  m_axi_gmem_out_wvalid (OUT)
  -------------------------------------------------------------------    -------------------

Slack:                    inf
  Source:                 bd_0_i/hls_inst/inst/gmem_act_m_axi_U/bus_read/rreq_burst_conv/could_multi_bursts.len_buf_reg[3]/C
                            (rising edge-triggered cell FDRE clocked by ap_clk  {rise@0.000ns fall@2.439ns period=4.878ns})
  Destination:            m_axi_gmem_act_arlen[3]
                            (output port)
  Path Group:             (none)
  Path Type:              Max at Slow Process Corner
  Data Path Delay:        0.080ns  (logic 0.080ns (100.000%)  route 0.000ns (0.000%))
  Logic Levels:           0  
  Clock Uncertainty:      0.025ns  ((TSJ^2 + TIJ^2)^1/2 + DJ) / 2 + PE
    Total System Jitter     (TSJ):    0.050ns
    Total Input Jitter      (TIJ):    0.000ns
    Discrete Jitter          (DJ):    0.000ns
    Phase Error              (PE):    0.000ns

    Location             Delay type                Incr(ns)  Path(ns)    Netlist Resource(s)
  -------------------------------------------------------------------    -------------------
                         (clock ap_clk rise edge)     0.000     0.000 r  
                                                      0.000     0.000 r  ap_clk (IN)
                         net (fo=346038, unset)       0.030     0.030    bd_0_i/hls_inst/inst/gmem_act_m_axi_U/bus_read/rreq_burst_conv/ap_clk
    SLICE_X152Y327       FDRE                                         r  bd_0_i/hls_inst/inst/gmem_act_m_axi_U/bus_read/rreq_burst_conv/could_multi_bursts.len_buf_reg[3]/C
  -------------------------------------------------------------------    -------------------
    SLICE_X152Y327       FDRE (Prop_BFF2_SLICEM_C_Q)
                                                      0.080     0.110 r  bd_0_i/hls_inst/inst/gmem_act_m_axi_U/bus_read/rreq_burst_conv/could_multi_bursts.len_buf_reg[3]/Q
                         net (fo=0)                   0.000     0.110    m_axi_gmem_act_arlen[3]
                                                                      r  m_axi_gmem_act_arlen[3] (OUT)
  -------------------------------------------------------------------    -------------------

Slack:                    inf
  Source:                 bd_0_i/hls_inst/inst/gmem_act_m_axi_U/bus_write/rs_resp/s_ready_t_reg/C
                            (rising edge-triggered cell FDRE clocked by ap_clk  {rise@0.000ns fall@2.439ns period=4.878ns})
  Destination:            m_axi_gmem_act_bready
                            (output port)
  Path Group:             (none)
  Path Type:              Max at Slow Process Corner
  Data Path Delay:        0.080ns  (logic 0.080ns (100.000%)  route 0.000ns (0.000%))
  Logic Levels:           0  
  Clock Uncertainty:      0.025ns  ((TSJ^2 + TIJ^2)^1/2 + DJ) / 2 + PE
    Total System Jitter     (TSJ):    0.050ns
    Total Input Jitter      (TIJ):    0.000ns
    Discrete Jitter          (DJ):    0.000ns
    Phase Error              (PE):    0.000ns

    Location             Delay type                Incr(ns)  Path(ns)    Netlist Resource(s)
  -------------------------------------------------------------------    -------------------
                         (clock ap_clk rise edge)     0.000     0.000 r  
                                                      0.000     0.000 r  ap_clk (IN)
                         net (fo=346038, unset)       0.030     0.030    bd_0_i/hls_inst/inst/gmem_act_m_axi_U/bus_write/rs_resp/ap_clk
    SLICE_X191Y242       FDRE                                         r  bd_0_i/hls_inst/inst/gmem_act_m_axi_U/bus_write/rs_resp/s_ready_t_reg/C
  -------------------------------------------------------------------    -------------------
    SLICE_X191Y242       FDRE (Prop_DFF2_SLICEM_C_Q)
                                                      0.080     0.110 r  bd_0_i/hls_inst/inst/gmem_act_m_axi_U/bus_write/rs_resp/s_ready_t_reg/Q
                         net (fo=2, unset)            0.000     0.110    m_axi_gmem_act_bready
                                                                      r  m_axi_gmem_act_bready (OUT)
  -------------------------------------------------------------------    -------------------

Slack:                    inf
  Source:                 bd_0_i/hls_inst/inst/gmem_m_axi_U/bus_read/rreq_burst_conv/could_multi_bursts.len_buf_reg[1]/C
                            (rising edge-triggered cell FDRE clocked by ap_clk  {rise@0.000ns fall@2.439ns period=4.878ns})
  Destination:            m_axi_gmem_arlen[1]
                            (output port)
  Path Group:             (none)
  Path Type:              Max at Slow Process Corner
  Data Path Delay:        0.080ns  (logic 0.080ns (100.000%)  route 0.000ns (0.000%))
  Logic Levels:           0  
  Clock Uncertainty:      0.025ns  ((TSJ^2 + TIJ^2)^1/2 + DJ) / 2 + PE
    Total System Jitter     (TSJ):    0.050ns
    Total Input Jitter      (TIJ):    0.000ns
    Discrete Jitter          (DJ):    0.000ns
    Phase Error              (PE):    0.000ns

    Location             Delay type                Incr(ns)  Path(ns)    Netlist Resource(s)
  -------------------------------------------------------------------    -------------------
                         (clock ap_clk rise edge)     0.000     0.000 r  
                                                      0.000     0.000 r  ap_clk (IN)
                         net (fo=346038, unset)       0.030     0.030    bd_0_i/hls_inst/inst/gmem_m_axi_U/bus_read/rreq_burst_conv/ap_clk
    SLICE_X121Y323       FDRE                                         r  bd_0_i/hls_inst/inst/gmem_m_axi_U/bus_read/rreq_burst_conv/could_multi_bursts.len_buf_reg[1]/C
  -------------------------------------------------------------------    -------------------
    SLICE_X121Y323       FDRE (Prop_DFF2_SLICEM_C_Q)
                                                      0.080     0.110 r  bd_0_i/hls_inst/inst/gmem_m_axi_U/bus_read/rreq_burst_conv/could_multi_bursts.len_buf_reg[1]/Q
                         net (fo=0)                   0.000     0.110    m_axi_gmem_arlen[1]
                                                                      r  m_axi_gmem_arlen[1] (OUT)
  -------------------------------------------------------------------    -------------------

Slack:                    inf
  Source:                 bd_0_i/hls_inst/inst/gmem_m_axi_U/bus_read/rreq_burst_conv/could_multi_bursts.len_buf_reg[3]/C
                            (rising edge-triggered cell FDRE clocked by ap_clk  {rise@0.000ns fall@2.439ns period=4.878ns})
  Destination:            m_axi_gmem_arlen[3]
                            (output port)
  Path Group:             (none)
  Path Type:              Max at Slow Process Corner
  Data Path Delay:        0.080ns  (logic 0.080ns (100.000%)  route 0.000ns (0.000%))
  Logic Levels:           0  
  Clock Uncertainty:      0.025ns  ((TSJ^2 + TIJ^2)^1/2 + DJ) / 2 + PE
    Total System Jitter     (TSJ):    0.050ns
    Total Input Jitter      (TIJ):    0.000ns
    Discrete Jitter          (DJ):    0.000ns
    Phase Error              (PE):    0.000ns

    Location             Delay type                Incr(ns)  Path(ns)    Netlist Resource(s)
  -------------------------------------------------------------------    -------------------
                         (clock ap_clk rise edge)     0.000     0.000 r  
                                                      0.000     0.000 r  ap_clk (IN)
                         net (fo=346038, unset)       0.030     0.030    bd_0_i/hls_inst/inst/gmem_m_axi_U/bus_read/rreq_burst_conv/ap_clk
    SLICE_X121Y325       FDRE                                         r  bd_0_i/hls_inst/inst/gmem_m_axi_U/bus_read/rreq_burst_conv/could_multi_bursts.len_buf_reg[3]/C
  -------------------------------------------------------------------    -------------------
    SLICE_X121Y325       FDRE (Prop_BFF2_SLICEM_C_Q)
                                                      0.080     0.110 r  bd_0_i/hls_inst/inst/gmem_m_axi_U/bus_read/rreq_burst_conv/could_multi_bursts.len_buf_reg[3]/Q
                         net (fo=0)                   0.000     0.110    m_axi_gmem_arlen[3]
                                                                      r  m_axi_gmem_arlen[3] (OUT)
  -------------------------------------------------------------------    -------------------

Slack:                    inf
  Source:                 bd_0_i/hls_inst/inst/gmem_m_axi_U/bus_write/rs_resp/s_ready_t_reg/C
                            (rising edge-triggered cell FDRE clocked by ap_clk  {rise@0.000ns fall@2.439ns period=4.878ns})
  Destination:            m_axi_gmem_bready
                            (output port)
  Path Group:             (none)
  Path Type:              Max at Slow Process Corner
  Data Path Delay:        0.080ns  (logic 0.080ns (100.000%)  route 0.000ns (0.000%))
  Logic Levels:           0  
  Clock Uncertainty:      0.025ns  ((TSJ^2 + TIJ^2)^1/2 + DJ) / 2 + PE
    Total System Jitter     (TSJ):    0.050ns
    Total Input Jitter      (TIJ):    0.000ns
    Discrete Jitter          (DJ):    0.000ns
    Phase Error              (PE):    0.000ns

    Location             Delay type                Incr(ns)  Path(ns)    Netlist Resource(s)
  -------------------------------------------------------------------    -------------------
                         (clock ap_clk rise edge)     0.000     0.000 r  
                                                      0.000     0.000 r  ap_clk (IN)
                         net (fo=346038, unset)       0.030     0.030    bd_0_i/hls_inst/inst/gmem_m_axi_U/bus_write/rs_resp/ap_clk
    SLICE_X191Y243       FDRE                                         r  bd_0_i/hls_inst/inst/gmem_m_axi_U/bus_write/rs_resp/s_ready_t_reg/C
  -------------------------------------------------------------------    -------------------
    SLICE_X191Y243       FDRE (Prop_DFF2_SLICEM_C_Q)
                                                      0.080     0.110 r  bd_0_i/hls_inst/inst/gmem_m_axi_U/bus_write/rs_resp/s_ready_t_reg/Q
                         net (fo=2, unset)            0.000     0.110    m_axi_gmem_bready
                                                                      r  m_axi_gmem_bready (OUT)
  -------------------------------------------------------------------    -------------------

Slack:                    inf
  Source:                 bd_0_i/hls_inst/inst/gmem_out_m_axi_U/bus_write/wreq_throttle/data_fifo/U_fifo_srl/dout_reg[102]/C
                            (rising edge-triggered cell FDRE clocked by ap_clk  {rise@0.000ns fall@2.439ns period=4.878ns})
  Destination:            m_axi_gmem_out_wdata[102]
                            (output port)
  Path Group:             (none)
  Path Type:              Max at Slow Process Corner
  Data Path Delay:        0.080ns  (logic 0.080ns (100.000%)  route 0.000ns (0.000%))
  Logic Levels:           0  
  Clock Uncertainty:      0.025ns  ((TSJ^2 + TIJ^2)^1/2 + DJ) / 2 + PE
    Total System Jitter     (TSJ):    0.050ns
    Total Input Jitter      (TIJ):    0.000ns
    Discrete Jitter          (DJ):    0.000ns
    Phase Error              (PE):    0.000ns

    Location             Delay type                Incr(ns)  Path(ns)    Netlist Resource(s)
  -------------------------------------------------------------------    -------------------
                         (clock ap_clk rise edge)     0.000     0.000 r  
                                                      0.000     0.000 r  ap_clk (IN)
                         net (fo=346038, unset)       0.030     0.030    bd_0_i/hls_inst/inst/gmem_out_m_axi_U/bus_write/wreq_throttle/data_fifo/U_fifo_srl/ap_clk
    SLICE_X179Y267       FDRE                                         r  bd_0_i/hls_inst/inst/gmem_out_m_axi_U/bus_write/wreq_throttle/data_fifo/U_fifo_srl/dout_reg[102]/C
  -------------------------------------------------------------------    -------------------
    SLICE_X179Y267       FDRE (Prop_AFF2_SLICEM_C_Q)
                                                      0.080     0.110 r  bd_0_i/hls_inst/inst/gmem_out_m_axi_U/bus_write/wreq_throttle/data_fifo/U_fifo_srl/dout_reg[102]/Q
                         net (fo=0)                   0.000     0.110    m_axi_gmem_out_wdata[102]
                                                                      r  m_axi_gmem_out_wdata[102] (OUT)
  -------------------------------------------------------------------    -------------------

Slack:                    inf
  Source:                 bd_0_i/hls_inst/inst/gmem_out_m_axi_U/bus_write/wreq_throttle/data_fifo/U_fifo_srl/dout_reg[106]/C
                            (rising edge-triggered cell FDRE clocked by ap_clk  {rise@0.000ns fall@2.439ns period=4.878ns})
  Destination:            m_axi_gmem_out_wdata[106]
                            (output port)
  Path Group:             (none)
  Path Type:              Max at Slow Process Corner
  Data Path Delay:        0.080ns  (logic 0.080ns (100.000%)  route 0.000ns (0.000%))
  Logic Levels:           0  
  Clock Uncertainty:      0.025ns  ((TSJ^2 + TIJ^2)^1/2 + DJ) / 2 + PE
    Total System Jitter     (TSJ):    0.050ns
    Total Input Jitter      (TIJ):    0.000ns
    Discrete Jitter          (DJ):    0.000ns
    Phase Error              (PE):    0.000ns

    Location             Delay type                Incr(ns)  Path(ns)    Netlist Resource(s)
  -------------------------------------------------------------------    -------------------
                         (clock ap_clk rise edge)     0.000     0.000 r  
                                                      0.000     0.000 r  ap_clk (IN)
                         net (fo=346038, unset)       0.030     0.030    bd_0_i/hls_inst/inst/gmem_out_m_axi_U/bus_write/wreq_throttle/data_fifo/U_fifo_srl/ap_clk
    SLICE_X179Y266       FDRE                                         r  bd_0_i/hls_inst/inst/gmem_out_m_axi_U/bus_write/wreq_throttle/data_fifo/U_fifo_srl/dout_reg[106]/C
  -------------------------------------------------------------------    -------------------
    SLICE_X179Y266       FDRE (Prop_AFF2_SLICEM_C_Q)
                                                      0.080     0.110 r  bd_0_i/hls_inst/inst/gmem_out_m_axi_U/bus_write/wreq_throttle/data_fifo/U_fifo_srl/dout_reg[106]/Q
                         net (fo=0)                   0.000     0.110    m_axi_gmem_out_wdata[106]
                                                                      r  m_axi_gmem_out_wdata[106] (OUT)
  -------------------------------------------------------------------    -------------------

Slack:                    inf
  Source:                 bd_0_i/hls_inst/inst/gmem_out_m_axi_U/bus_write/wreq_throttle/data_fifo/U_fifo_srl/dout_reg[107]/C
                            (rising edge-triggered cell FDRE clocked by ap_clk  {rise@0.000ns fall@2.439ns period=4.878ns})
  Destination:            m_axi_gmem_out_wdata[107]
                            (output port)
  Path Group:             (none)
  Path Type:              Max at Slow Process Corner
  Data Path Delay:        0.080ns  (logic 0.080ns (100.000%)  route 0.000ns (0.000%))
  Logic Levels:           0  
  Clock Uncertainty:      0.025ns  ((TSJ^2 + TIJ^2)^1/2 + DJ) / 2 + PE
    Total System Jitter     (TSJ):    0.050ns
    Total Input Jitter      (TIJ):    0.000ns
    Discrete Jitter          (DJ):    0.000ns
    Phase Error              (PE):    0.000ns

    Location             Delay type                Incr(ns)  Path(ns)    Netlist Resource(s)
  -------------------------------------------------------------------    -------------------
                         (clock ap_clk rise edge)     0.000     0.000 r  
                                                      0.000     0.000 r  ap_clk (IN)
                         net (fo=346038, unset)       0.030     0.030    bd_0_i/hls_inst/inst/gmem_out_m_axi_U/bus_write/wreq_throttle/data_fifo/U_fifo_srl/ap_clk
    SLICE_X179Y267       FDRE                                         r  bd_0_i/hls_inst/inst/gmem_out_m_axi_U/bus_write/wreq_throttle/data_fifo/U_fifo_srl/dout_reg[107]/C
  -------------------------------------------------------------------    -------------------
    SLICE_X179Y267       FDRE (Prop_BFF2_SLICEM_C_Q)
                                                      0.080     0.110 r  bd_0_i/hls_inst/inst/gmem_out_m_axi_U/bus_write/wreq_throttle/data_fifo/U_fifo_srl/dout_reg[107]/Q
                         net (fo=0)                   0.000     0.110    m_axi_gmem_out_wdata[107]
                                                                      r  m_axi_gmem_out_wdata[107] (OUT)
  -------------------------------------------------------------------    -------------------

Slack:                    inf
  Source:                 bd_0_i/hls_inst/inst/gmem_out_m_axi_U/bus_write/wreq_throttle/data_fifo/U_fifo_srl/dout_reg[114]/C
                            (rising edge-triggered cell FDRE clocked by ap_clk  {rise@0.000ns fall@2.439ns period=4.878ns})
  Destination:            m_axi_gmem_out_wdata[114]
                            (output port)
  Path Group:             (none)
  Path Type:              Max at Slow Process Corner
  Data Path Delay:        0.080ns  (logic 0.080ns (100.000%)  route 0.000ns (0.000%))
  Logic Levels:           0  
  Clock Uncertainty:      0.025ns  ((TSJ^2 + TIJ^2)^1/2 + DJ) / 2 + PE
    Total System Jitter     (TSJ):    0.050ns
    Total Input Jitter      (TIJ):    0.000ns
    Discrete Jitter          (DJ):    0.000ns
    Phase Error              (PE):    0.000ns

    Location             Delay type                Incr(ns)  Path(ns)    Netlist Resource(s)
  -------------------------------------------------------------------    -------------------
                         (clock ap_clk rise edge)     0.000     0.000 r  
                                                      0.000     0.000 r  ap_clk (IN)
                         net (fo=346038, unset)       0.030     0.030    bd_0_i/hls_inst/inst/gmem_out_m_axi_U/bus_write/wreq_throttle/data_fifo/U_fifo_srl/ap_clk
    SLICE_X175Y267       FDRE                                         r  bd_0_i/hls_inst/inst/gmem_out_m_axi_U/bus_write/wreq_throttle/data_fifo/U_fifo_srl/dout_reg[114]/C
  -------------------------------------------------------------------    -------------------
    SLICE_X175Y267       FDRE (Prop_AFF2_SLICEM_C_Q)
                                                      0.080     0.110 r  bd_0_i/hls_inst/inst/gmem_out_m_axi_U/bus_write/wreq_throttle/data_fifo/U_fifo_srl/dout_reg[114]/Q
                         net (fo=0)                   0.000     0.110    m_axi_gmem_out_wdata[114]
                                                                      r  m_axi_gmem_out_wdata[114] (OUT)
  -------------------------------------------------------------------    -------------------





Min Delay Paths
--------------------------------------------------------------------------------------
Slack:                    inf
  Source:                 bd_0_i/hls_inst/inst/gmem_m_axi_U/bus_read/rreq_burst_conv/could_multi_bursts.addr_buf_reg[15]/C
                            (rising edge-triggered cell FDRE clocked by ap_clk  {rise@0.000ns fall@2.439ns period=4.878ns})
  Destination:            m_axi_gmem_araddr[15]
                            (output port)
  Path Group:             (none)
  Path Type:              Min at Fast Process Corner
  Data Path Delay:        0.037ns  (logic 0.037ns (100.000%)  route 0.000ns (0.000%))
  Logic Levels:           0  
  Clock Uncertainty:      0.025ns  ((TSJ^2 + TIJ^2)^1/2 + DJ) / 2 + PE
    Total System Jitter     (TSJ):    0.050ns
    Total Input Jitter      (TIJ):    0.000ns
    Discrete Jitter          (DJ):    0.000ns
    Phase Error              (PE):    0.000ns

    Location             Delay type                Incr(ns)  Path(ns)    Netlist Resource(s)
  -------------------------------------------------------------------    -------------------
                         (clock ap_clk rise edge)     0.000     0.000 r  
                                                      0.000     0.000 r  ap_clk (IN)
                         net (fo=346038, unset)       0.013     0.013    bd_0_i/hls_inst/inst/gmem_m_axi_U/bus_read/rreq_burst_conv/ap_clk
    SLICE_X122Y330       FDRE                                         r  bd_0_i/hls_inst/inst/gmem_m_axi_U/bus_read/rreq_burst_conv/could_multi_bursts.addr_buf_reg[15]/C
  -------------------------------------------------------------------    -------------------
    SLICE_X122Y330       FDRE (Prop_FFF_SLICEM_C_Q)
                                                      0.037     0.050 r  bd_0_i/hls_inst/inst/gmem_m_axi_U/bus_read/rreq_burst_conv/could_multi_bursts.addr_buf_reg[15]/Q
                         net (fo=1, unset)            0.000     0.050    m_axi_gmem_araddr[15]
                                                                      r  m_axi_gmem_araddr[15] (OUT)
  -------------------------------------------------------------------    -------------------

Slack:                    inf
  Source:                 bd_0_i/hls_inst/inst/gmem_m_axi_U/bus_read/rreq_burst_conv/could_multi_bursts.addr_buf_reg[23]/C
                            (rising edge-triggered cell FDRE clocked by ap_clk  {rise@0.000ns fall@2.439ns period=4.878ns})
  Destination:            m_axi_gmem_araddr[23]
                            (output port)
  Path Group:             (none)
  Path Type:              Min at Fast Process Corner
  Data Path Delay:        0.037ns  (logic 0.037ns (100.000%)  route 0.000ns (0.000%))
  Logic Levels:           0  
  Clock Uncertainty:      0.025ns  ((TSJ^2 + TIJ^2)^1/2 + DJ) / 2 + PE
    Total System Jitter     (TSJ):    0.050ns
    Total Input Jitter      (TIJ):    0.000ns
    Discrete Jitter          (DJ):    0.000ns
    Phase Error              (PE):    0.000ns

    Location             Delay type                Incr(ns)  Path(ns)    Netlist Resource(s)
  -------------------------------------------------------------------    -------------------
                         (clock ap_clk rise edge)     0.000     0.000 r  
                                                      0.000     0.000 r  ap_clk (IN)
                         net (fo=346038, unset)       0.013     0.013    bd_0_i/hls_inst/inst/gmem_m_axi_U/bus_read/rreq_burst_conv/ap_clk
    SLICE_X122Y331       FDRE                                         r  bd_0_i/hls_inst/inst/gmem_m_axi_U/bus_read/rreq_burst_conv/could_multi_bursts.addr_buf_reg[23]/C
  -------------------------------------------------------------------    -------------------
    SLICE_X122Y331       FDRE (Prop_FFF_SLICEM_C_Q)
                                                      0.037     0.050 r  bd_0_i/hls_inst/inst/gmem_m_axi_U/bus_read/rreq_burst_conv/could_multi_bursts.addr_buf_reg[23]/Q
                         net (fo=1, unset)            0.000     0.050    m_axi_gmem_araddr[23]
                                                                      r  m_axi_gmem_araddr[23] (OUT)
  -------------------------------------------------------------------    -------------------

Slack:                    inf
  Source:                 bd_0_i/hls_inst/inst/gmem_m_axi_U/bus_read/rreq_burst_conv/could_multi_bursts.addr_buf_reg[31]/C
                            (rising edge-triggered cell FDRE clocked by ap_clk  {rise@0.000ns fall@2.439ns period=4.878ns})
  Destination:            m_axi_gmem_araddr[31]
                            (output port)
  Path Group:             (none)
  Path Type:              Min at Fast Process Corner
  Data Path Delay:        0.037ns  (logic 0.037ns (100.000%)  route 0.000ns (0.000%))
  Logic Levels:           0  
  Clock Uncertainty:      0.025ns  ((TSJ^2 + TIJ^2)^1/2 + DJ) / 2 + PE
    Total System Jitter     (TSJ):    0.050ns
    Total Input Jitter      (TIJ):    0.000ns
    Discrete Jitter          (DJ):    0.000ns
    Phase Error              (PE):    0.000ns

    Location             Delay type                Incr(ns)  Path(ns)    Netlist Resource(s)
  -------------------------------------------------------------------    -------------------
                         (clock ap_clk rise edge)     0.000     0.000 r  
                                                      0.000     0.000 r  ap_clk (IN)
                         net (fo=346038, unset)       0.013     0.013    bd_0_i/hls_inst/inst/gmem_m_axi_U/bus_read/rreq_burst_conv/ap_clk
    SLICE_X122Y332       FDRE                                         r  bd_0_i/hls_inst/inst/gmem_m_axi_U/bus_read/rreq_burst_conv/could_multi_bursts.addr_buf_reg[31]/C
  -------------------------------------------------------------------    -------------------
    SLICE_X122Y332       FDRE (Prop_FFF_SLICEM_C_Q)
                                                      0.037     0.050 r  bd_0_i/hls_inst/inst/gmem_m_axi_U/bus_read/rreq_burst_conv/could_multi_bursts.addr_buf_reg[31]/Q
                         net (fo=1, unset)            0.000     0.050    m_axi_gmem_araddr[31]
                                                                      r  m_axi_gmem_araddr[31] (OUT)
  -------------------------------------------------------------------    -------------------

Slack:                    inf
  Source:                 bd_0_i/hls_inst/inst/gmem_m_axi_U/bus_read/rreq_burst_conv/could_multi_bursts.addr_buf_reg[39]/C
                            (rising edge-triggered cell FDRE clocked by ap_clk  {rise@0.000ns fall@2.439ns period=4.878ns})
  Destination:            m_axi_gmem_araddr[39]
                            (output port)
  Path Group:             (none)
  Path Type:              Min at Fast Process Corner
  Data Path Delay:        0.037ns  (logic 0.037ns (100.000%)  route 0.000ns (0.000%))
  Logic Levels:           0  
  Clock Uncertainty:      0.025ns  ((TSJ^2 + TIJ^2)^1/2 + DJ) / 2 + PE
    Total System Jitter     (TSJ):    0.050ns
    Total Input Jitter      (TIJ):    0.000ns
    Discrete Jitter          (DJ):    0.000ns
    Phase Error              (PE):    0.000ns

    Location             Delay type                Incr(ns)  Path(ns)    Netlist Resource(s)
  -------------------------------------------------------------------    -------------------
                         (clock ap_clk rise edge)     0.000     0.000 r  
                                                      0.000     0.000 r  ap_clk (IN)
                         net (fo=346038, unset)       0.013     0.013    bd_0_i/hls_inst/inst/gmem_m_axi_U/bus_read/rreq_burst_conv/ap_clk
    SLICE_X122Y333       FDRE                                         r  bd_0_i/hls_inst/inst/gmem_m_axi_U/bus_read/rreq_burst_conv/could_multi_bursts.addr_buf_reg[39]/C
  -------------------------------------------------------------------    -------------------
    SLICE_X122Y333       FDRE (Prop_FFF_SLICEM_C_Q)
                                                      0.037     0.050 r  bd_0_i/hls_inst/inst/gmem_m_axi_U/bus_read/rreq_burst_conv/could_multi_bursts.addr_buf_reg[39]/Q
                         net (fo=1, unset)            0.000     0.050    m_axi_gmem_araddr[39]
                                                                      r  m_axi_gmem_araddr[39] (OUT)
  -------------------------------------------------------------------    -------------------

Slack:                    inf
  Source:                 bd_0_i/hls_inst/inst/gmem_m_axi_U/bus_read/rreq_burst_conv/could_multi_bursts.addr_buf_reg[47]/C
                            (rising edge-triggered cell FDRE clocked by ap_clk  {rise@0.000ns fall@2.439ns period=4.878ns})
  Destination:            m_axi_gmem_araddr[47]
                            (output port)
  Path Group:             (none)
  Path Type:              Min at Fast Process Corner
  Data Path Delay:        0.037ns  (logic 0.037ns (100.000%)  route 0.000ns (0.000%))
  Logic Levels:           0  
  Clock Uncertainty:      0.025ns  ((TSJ^2 + TIJ^2)^1/2 + DJ) / 2 + PE
    Total System Jitter     (TSJ):    0.050ns
    Total Input Jitter      (TIJ):    0.000ns
    Discrete Jitter          (DJ):    0.000ns
    Phase Error              (PE):    0.000ns

    Location             Delay type                Incr(ns)  Path(ns)    Netlist Resource(s)
  -------------------------------------------------------------------    -------------------
                         (clock ap_clk rise edge)     0.000     0.000 r  
                                                      0.000     0.000 r  ap_clk (IN)
                         net (fo=346038, unset)       0.013     0.013    bd_0_i/hls_inst/inst/gmem_m_axi_U/bus_read/rreq_burst_conv/ap_clk
    SLICE_X122Y334       FDRE                                         r  bd_0_i/hls_inst/inst/gmem_m_axi_U/bus_read/rreq_burst_conv/could_multi_bursts.addr_buf_reg[47]/C
  -------------------------------------------------------------------    -------------------
    SLICE_X122Y334       FDRE (Prop_FFF_SLICEM_C_Q)
                                                      0.037     0.050 r  bd_0_i/hls_inst/inst/gmem_m_axi_U/bus_read/rreq_burst_conv/could_multi_bursts.addr_buf_reg[47]/Q
                         net (fo=1, unset)            0.000     0.050    m_axi_gmem_araddr[47]
                                                                      r  m_axi_gmem_araddr[47] (OUT)
  -------------------------------------------------------------------    -------------------

Slack:                    inf
  Source:                 bd_0_i/hls_inst/inst/gmem_m_axi_U/bus_read/rreq_burst_conv/could_multi_bursts.addr_buf_reg[55]/C
                            (rising edge-triggered cell FDRE clocked by ap_clk  {rise@0.000ns fall@2.439ns period=4.878ns})
  Destination:            m_axi_gmem_araddr[55]
                            (output port)
  Path Group:             (none)
  Path Type:              Min at Fast Process Corner
  Data Path Delay:        0.037ns  (logic 0.037ns (100.000%)  route 0.000ns (0.000%))
  Logic Levels:           0  
  Clock Uncertainty:      0.025ns  ((TSJ^2 + TIJ^2)^1/2 + DJ) / 2 + PE
    Total System Jitter     (TSJ):    0.050ns
    Total Input Jitter      (TIJ):    0.000ns
    Discrete Jitter          (DJ):    0.000ns
    Phase Error              (PE):    0.000ns

    Location             Delay type                Incr(ns)  Path(ns)    Netlist Resource(s)
  -------------------------------------------------------------------    -------------------
                         (clock ap_clk rise edge)     0.000     0.000 r  
                                                      0.000     0.000 r  ap_clk (IN)
                         net (fo=346038, unset)       0.013     0.013    bd_0_i/hls_inst/inst/gmem_m_axi_U/bus_read/rreq_burst_conv/ap_clk
    SLICE_X122Y335       FDRE                                         r  bd_0_i/hls_inst/inst/gmem_m_axi_U/bus_read/rreq_burst_conv/could_multi_bursts.addr_buf_reg[55]/C
  -------------------------------------------------------------------    -------------------
    SLICE_X122Y335       FDRE (Prop_FFF_SLICEM_C_Q)
                                                      0.037     0.050 r  bd_0_i/hls_inst/inst/gmem_m_axi_U/bus_read/rreq_burst_conv/could_multi_bursts.addr_buf_reg[55]/Q
                         net (fo=1, unset)            0.000     0.050    m_axi_gmem_araddr[55]
                                                                      r  m_axi_gmem_araddr[55] (OUT)
  -------------------------------------------------------------------    -------------------

Slack:                    inf
  Source:                 bd_0_i/hls_inst/inst/gmem_m_axi_U/bus_read/rreq_burst_conv/could_multi_bursts.addr_buf_reg[63]/C
                            (rising edge-triggered cell FDRE clocked by ap_clk  {rise@0.000ns fall@2.439ns period=4.878ns})
  Destination:            m_axi_gmem_araddr[63]
                            (output port)
  Path Group:             (none)
  Path Type:              Min at Fast Process Corner
  Data Path Delay:        0.037ns  (logic 0.037ns (100.000%)  route 0.000ns (0.000%))
  Logic Levels:           0  
  Clock Uncertainty:      0.025ns  ((TSJ^2 + TIJ^2)^1/2 + DJ) / 2 + PE
    Total System Jitter     (TSJ):    0.050ns
    Total Input Jitter      (TIJ):    0.000ns
    Discrete Jitter          (DJ):    0.000ns
    Phase Error              (PE):    0.000ns

    Location             Delay type                Incr(ns)  Path(ns)    Netlist Resource(s)
  -------------------------------------------------------------------    -------------------
                         (clock ap_clk rise edge)     0.000     0.000 r  
                                                      0.000     0.000 r  ap_clk (IN)
                         net (fo=346038, unset)       0.013     0.013    bd_0_i/hls_inst/inst/gmem_m_axi_U/bus_read/rreq_burst_conv/ap_clk
    SLICE_X122Y336       FDRE                                         r  bd_0_i/hls_inst/inst/gmem_m_axi_U/bus_read/rreq_burst_conv/could_multi_bursts.addr_buf_reg[63]/C
  -------------------------------------------------------------------    -------------------
    SLICE_X122Y336       FDRE (Prop_FFF_SLICEM_C_Q)
                                                      0.037     0.050 r  bd_0_i/hls_inst/inst/gmem_m_axi_U/bus_read/rreq_burst_conv/could_multi_bursts.addr_buf_reg[63]/Q
                         net (fo=1, unset)            0.000     0.050    m_axi_gmem_araddr[63]
                                                                      r  m_axi_gmem_araddr[63] (OUT)
  -------------------------------------------------------------------    -------------------

Slack:                    inf
  Source:                 bd_0_i/hls_inst/inst/gmem_m_axi_U/bus_read/rreq_burst_conv/could_multi_bursts.addr_buf_reg[7]/C
                            (rising edge-triggered cell FDRE clocked by ap_clk  {rise@0.000ns fall@2.439ns period=4.878ns})
  Destination:            m_axi_gmem_araddr[7]
                            (output port)
  Path Group:             (none)
  Path Type:              Min at Fast Process Corner
  Data Path Delay:        0.037ns  (logic 0.037ns (100.000%)  route 0.000ns (0.000%))
  Logic Levels:           0  
  Clock Uncertainty:      0.025ns  ((TSJ^2 + TIJ^2)^1/2 + DJ) / 2 + PE
    Total System Jitter     (TSJ):    0.050ns
    Total Input Jitter      (TIJ):    0.000ns
    Discrete Jitter          (DJ):    0.000ns
    Phase Error              (PE):    0.000ns

    Location             Delay type                Incr(ns)  Path(ns)    Netlist Resource(s)
  -------------------------------------------------------------------    -------------------
                         (clock ap_clk rise edge)     0.000     0.000 r  
                                                      0.000     0.000 r  ap_clk (IN)
                         net (fo=346038, unset)       0.013     0.013    bd_0_i/hls_inst/inst/gmem_m_axi_U/bus_read/rreq_burst_conv/ap_clk
    SLICE_X122Y329       FDRE                                         r  bd_0_i/hls_inst/inst/gmem_m_axi_U/bus_read/rreq_burst_conv/could_multi_bursts.addr_buf_reg[7]/C
  -------------------------------------------------------------------    -------------------
    SLICE_X122Y329       FDRE (Prop_FFF_SLICEM_C_Q)
                                                      0.037     0.050 r  bd_0_i/hls_inst/inst/gmem_m_axi_U/bus_read/rreq_burst_conv/could_multi_bursts.addr_buf_reg[7]/Q
                         net (fo=1, unset)            0.000     0.050    m_axi_gmem_araddr[7]
                                                                      r  m_axi_gmem_araddr[7] (OUT)
  -------------------------------------------------------------------    -------------------

Slack:                    inf
  Source:                 bd_0_i/hls_inst/inst/gmem_out_m_axi_U/bus_write/wreq_throttle/rs_req/data_p1_reg[9]/C
                            (rising edge-triggered cell FDRE clocked by ap_clk  {rise@0.000ns fall@2.439ns period=4.878ns})
  Destination:            m_axi_gmem_out_awaddr[9]
                            (output port)
  Path Group:             (none)
  Path Type:              Min at Fast Process Corner
  Data Path Delay:        0.037ns  (logic 0.037ns (100.000%)  route 0.000ns (0.000%))
  Logic Levels:           0  
  Clock Uncertainty:      0.025ns  ((TSJ^2 + TIJ^2)^1/2 + DJ) / 2 + PE
    Total System Jitter     (TSJ):    0.050ns
    Total Input Jitter      (TIJ):    0.000ns
    Discrete Jitter          (DJ):    0.000ns
    Phase Error              (PE):    0.000ns

    Location             Delay type                Incr(ns)  Path(ns)    Netlist Resource(s)
  -------------------------------------------------------------------    -------------------
                         (clock ap_clk rise edge)     0.000     0.000 r  
                                                      0.000     0.000 r  ap_clk (IN)
                         net (fo=346038, unset)       0.013     0.013    bd_0_i/hls_inst/inst/gmem_out_m_axi_U/bus_write/wreq_throttle/rs_req/ap_clk
    SLICE_X157Y309       FDRE                                         r  bd_0_i/hls_inst/inst/gmem_out_m_axi_U/bus_write/wreq_throttle/rs_req/data_p1_reg[9]/C
  -------------------------------------------------------------------    -------------------
    SLICE_X157Y309       FDRE (Prop_FFF_SLICEM_C_Q)
                                                      0.037     0.050 r  bd_0_i/hls_inst/inst/gmem_out_m_axi_U/bus_write/wreq_throttle/rs_req/data_p1_reg[9]/Q
                         net (fo=0)                   0.000     0.050    m_axi_gmem_out_awaddr[9]
                                                                      r  m_axi_gmem_out_awaddr[9] (OUT)
  -------------------------------------------------------------------    -------------------

Slack:                    inf
  Source:                 bd_0_i/hls_inst/inst/gmem_out_m_axi_U/bus_write/wreq_throttle/data_fifo/U_fifo_srl/dout_reg[111]/C
                            (rising edge-triggered cell FDRE clocked by ap_clk  {rise@0.000ns fall@2.439ns period=4.878ns})
  Destination:            m_axi_gmem_out_wdata[111]
                            (output port)
  Path Group:             (none)
  Path Type:              Min at Fast Process Corner
  Data Path Delay:        0.037ns  (logic 0.037ns (100.000%)  route 0.000ns (0.000%))
  Logic Levels:           0  
  Clock Uncertainty:      0.025ns  ((TSJ^2 + TIJ^2)^1/2 + DJ) / 2 + PE
    Total System Jitter     (TSJ):    0.050ns
    Total Input Jitter      (TIJ):    0.000ns
    Discrete Jitter          (DJ):    0.000ns
    Phase Error              (PE):    0.000ns

    Location             Delay type                Incr(ns)  Path(ns)    Netlist Resource(s)
  -------------------------------------------------------------------    -------------------
                         (clock ap_clk rise edge)     0.000     0.000 r  
                                                      0.000     0.000 r  ap_clk (IN)
                         net (fo=346038, unset)       0.013     0.013    bd_0_i/hls_inst/inst/gmem_out_m_axi_U/bus_write/wreq_throttle/data_fifo/U_fifo_srl/ap_clk
    SLICE_X179Y266       FDRE                                         r  bd_0_i/hls_inst/inst/gmem_out_m_axi_U/bus_write/wreq_throttle/data_fifo/U_fifo_srl/dout_reg[111]/C
  -------------------------------------------------------------------    -------------------
    SLICE_X179Y266       FDRE (Prop_FFF_SLICEM_C_Q)
                                                      0.037     0.050 r  bd_0_i/hls_inst/inst/gmem_out_m_axi_U/bus_write/wreq_throttle/data_fifo/U_fifo_srl/dout_reg[111]/Q
                         net (fo=0)                   0.000     0.050    m_axi_gmem_out_wdata[111]
                                                                      r  m_axi_gmem_out_wdata[111] (OUT)
  -------------------------------------------------------------------    -------------------





--------------------------------------------------------------------------------------
Path Group:  (none)
From Clock:  
  To Clock:  ap_clk

Max Delay          8523 Endpoints
Min Delay          8523 Endpoints
--------------------------------------------------------------------------------------


Max Delay Paths
--------------------------------------------------------------------------------------
Slack:                    inf
  Source:                 m_axi_gmem_act_rvalid
                            (input port)
  Destination:            bd_0_i/hls_inst/inst/gmem_act_m_axi_U/bus_read/rs_rdata/data_p2_reg[218]/CE
                            (rising edge-triggered cell FDRE clocked by ap_clk  {rise@0.000ns fall@2.439ns period=4.878ns})
  Path Group:             (none)
  Path Type:              Setup (Max at Slow Process Corner)
  Data Path Delay:        2.211ns  (logic 0.099ns (4.477%)  route 2.112ns (95.523%))
  Logic Levels:           1  (LUT2=1)
  Clock Path Skew:        0.021ns (DCD - SCD + CPR)
    Destination Clock Delay (DCD):    0.021ns
    Source Clock Delay      (SCD):    0.000ns
    Clock Pessimism Removal (CPR):    0.000ns
  Clock Uncertainty:      0.025ns  ((TSJ^2 + TIJ^2)^1/2 + DJ) / 2 + PE
    Total System Jitter     (TSJ):    0.050ns
    Total Input Jitter      (TIJ):    0.000ns
    Discrete Jitter          (DJ):    0.000ns
    Phase Error              (PE):    0.000ns

    Location             Delay type                Incr(ns)  Path(ns)    Netlist Resource(s)
  -------------------------------------------------------------------    -------------------
                                                      0.000     0.000 r  m_axi_gmem_act_rvalid (IN)
                         net (fo=16, unset)           0.000     0.000    bd_0_i/hls_inst/inst/gmem_act_m_axi_U/bus_read/rs_rdata/m_axi_gmem_act_RVALID
    SLICE_X171Y301       LUT2 (Prop_C5LUT_SLICEM_I0_O)
                                                      0.099     0.099 r  bd_0_i/hls_inst/inst/gmem_act_m_axi_U/bus_read/rs_rdata/data_p2[512]_i_1/O
                         net (fo=513, routed)         2.112     2.211    bd_0_i/hls_inst/inst/gmem_act_m_axi_U/bus_read/rs_rdata/load_p2
    SLICE_X176Y285       FDRE                                         r  bd_0_i/hls_inst/inst/gmem_act_m_axi_U/bus_read/rs_rdata/data_p2_reg[218]/CE
  -------------------------------------------------------------------    -------------------

                         (clock ap_clk rise edge)     0.000     0.000 r  
                                                      0.000     0.000 r  ap_clk (IN)
                         net (fo=346038, unset)       0.021     0.021    bd_0_i/hls_inst/inst/gmem_act_m_axi_U/bus_read/rs_rdata/ap_clk
    SLICE_X176Y285       FDRE                                         r  bd_0_i/hls_inst/inst/gmem_act_m_axi_U/bus_read/rs_rdata/data_p2_reg[218]/C

Slack:                    inf
  Source:                 m_axi_gmem_act_rvalid
                            (input port)
  Destination:            bd_0_i/hls_inst/inst/gmem_act_m_axi_U/bus_read/rs_rdata/data_p2_reg[230]/CE
                            (rising edge-triggered cell FDRE clocked by ap_clk  {rise@0.000ns fall@2.439ns period=4.878ns})
  Path Group:             (none)
  Path Type:              Setup (Max at Slow Process Corner)
  Data Path Delay:        2.211ns  (logic 0.099ns (4.477%)  route 2.112ns (95.523%))
  Logic Levels:           1  (LUT2=1)
  Clock Path Skew:        0.021ns (DCD - SCD + CPR)
    Destination Clock Delay (DCD):    0.021ns
    Source Clock Delay      (SCD):    0.000ns
    Clock Pessimism Removal (CPR):    0.000ns
  Clock Uncertainty:      0.025ns  ((TSJ^2 + TIJ^2)^1/2 + DJ) / 2 + PE
    Total System Jitter     (TSJ):    0.050ns
    Total Input Jitter      (TIJ):    0.000ns
    Discrete Jitter          (DJ):    0.000ns
    Phase Error              (PE):    0.000ns

    Location             Delay type                Incr(ns)  Path(ns)    Netlist Resource(s)
  -------------------------------------------------------------------    -------------------
                                                      0.000     0.000 r  m_axi_gmem_act_rvalid (IN)
                         net (fo=16, unset)           0.000     0.000    bd_0_i/hls_inst/inst/gmem_act_m_axi_U/bus_read/rs_rdata/m_axi_gmem_act_RVALID
    SLICE_X171Y301       LUT2 (Prop_C5LUT_SLICEM_I0_O)
                                                      0.099     0.099 r  bd_0_i/hls_inst/inst/gmem_act_m_axi_U/bus_read/rs_rdata/data_p2[512]_i_1/O
                         net (fo=513, routed)         2.112     2.211    bd_0_i/hls_inst/inst/gmem_act_m_axi_U/bus_read/rs_rdata/load_p2
    SLICE_X176Y285       FDRE                                         r  bd_0_i/hls_inst/inst/gmem_act_m_axi_U/bus_read/rs_rdata/data_p2_reg[230]/CE
  -------------------------------------------------------------------    -------------------

                         (clock ap_clk rise edge)     0.000     0.000 r  
                                                      0.000     0.000 r  ap_clk (IN)
                         net (fo=346038, unset)       0.021     0.021    bd_0_i/hls_inst/inst/gmem_act_m_axi_U/bus_read/rs_rdata/ap_clk
    SLICE_X176Y285       FDRE                                         r  bd_0_i/hls_inst/inst/gmem_act_m_axi_U/bus_read/rs_rdata/data_p2_reg[230]/C

Slack:                    inf
  Source:                 m_axi_gmem_act_rvalid
                            (input port)
  Destination:            bd_0_i/hls_inst/inst/gmem_act_m_axi_U/bus_read/rs_rdata/data_p2_reg[244]/CE
                            (rising edge-triggered cell FDRE clocked by ap_clk  {rise@0.000ns fall@2.439ns period=4.878ns})
  Path Group:             (none)
  Path Type:              Setup (Max at Slow Process Corner)
  Data Path Delay:        2.211ns  (logic 0.099ns (4.477%)  route 2.112ns (95.523%))
  Logic Levels:           1  (LUT2=1)
  Clock Path Skew:        0.021ns (DCD - SCD + CPR)
    Destination Clock Delay (DCD):    0.021ns
    Source Clock Delay      (SCD):    0.000ns
    Clock Pessimism Removal (CPR):    0.000ns
  Clock Uncertainty:      0.025ns  ((TSJ^2 + TIJ^2)^1/2 + DJ) / 2 + PE
    Total System Jitter     (TSJ):    0.050ns
    Total Input Jitter      (TIJ):    0.000ns
    Discrete Jitter          (DJ):    0.000ns
    Phase Error              (PE):    0.000ns

    Location             Delay type                Incr(ns)  Path(ns)    Netlist Resource(s)
  -------------------------------------------------------------------    -------------------
                                                      0.000     0.000 r  m_axi_gmem_act_rvalid (IN)
                         net (fo=16, unset)           0.000     0.000    bd_0_i/hls_inst/inst/gmem_act_m_axi_U/bus_read/rs_rdata/m_axi_gmem_act_RVALID
    SLICE_X171Y301       LUT2 (Prop_C5LUT_SLICEM_I0_O)
                                                      0.099     0.099 r  bd_0_i/hls_inst/inst/gmem_act_m_axi_U/bus_read/rs_rdata/data_p2[512]_i_1/O
                         net (fo=513, routed)         2.112     2.211    bd_0_i/hls_inst/inst/gmem_act_m_axi_U/bus_read/rs_rdata/load_p2
    SLICE_X176Y285       FDRE                                         r  bd_0_i/hls_inst/inst/gmem_act_m_axi_U/bus_read/rs_rdata/data_p2_reg[244]/CE
  -------------------------------------------------------------------    -------------------

                         (clock ap_clk rise edge)     0.000     0.000 r  
                                                      0.000     0.000 r  ap_clk (IN)
                         net (fo=346038, unset)       0.021     0.021    bd_0_i/hls_inst/inst/gmem_act_m_axi_U/bus_read/rs_rdata/ap_clk
    SLICE_X176Y285       FDRE                                         r  bd_0_i/hls_inst/inst/gmem_act_m_axi_U/bus_read/rs_rdata/data_p2_reg[244]/C

Slack:                    inf
  Source:                 m_axi_gmem_act_rvalid
                            (input port)
  Destination:            bd_0_i/hls_inst/inst/gmem_act_m_axi_U/bus_read/rs_rdata/data_p2_reg[228]/CE
                            (rising edge-triggered cell FDRE clocked by ap_clk  {rise@0.000ns fall@2.439ns period=4.878ns})
  Path Group:             (none)
  Path Type:              Setup (Max at Slow Process Corner)
  Data Path Delay:        2.207ns  (logic 0.099ns (4.485%)  route 2.108ns (95.515%))
  Logic Levels:           1  (LUT2=1)
  Clock Path Skew:        0.020ns (DCD - SCD + CPR)
    Destination Clock Delay (DCD):    0.020ns
    Source Clock Delay      (SCD):    0.000ns
    Clock Pessimism Removal (CPR):    0.000ns
  Clock Uncertainty:      0.025ns  ((TSJ^2 + TIJ^2)^1/2 + DJ) / 2 + PE
    Total System Jitter     (TSJ):    0.050ns
    Total Input Jitter      (TIJ):    0.000ns
    Discrete Jitter          (DJ):    0.000ns
    Phase Error              (PE):    0.000ns

    Location             Delay type                Incr(ns)  Path(ns)    Netlist Resource(s)
  -------------------------------------------------------------------    -------------------
                                                      0.000     0.000 r  m_axi_gmem_act_rvalid (IN)
                         net (fo=16, unset)           0.000     0.000    bd_0_i/hls_inst/inst/gmem_act_m_axi_U/bus_read/rs_rdata/m_axi_gmem_act_RVALID
    SLICE_X171Y301       LUT2 (Prop_C5LUT_SLICEM_I0_O)
                                                      0.099     0.099 r  bd_0_i/hls_inst/inst/gmem_act_m_axi_U/bus_read/rs_rdata/data_p2[512]_i_1/O
                         net (fo=513, routed)         2.108     2.207    bd_0_i/hls_inst/inst/gmem_act_m_axi_U/bus_read/rs_rdata/load_p2
    SLICE_X177Y285       FDRE                                         r  bd_0_i/hls_inst/inst/gmem_act_m_axi_U/bus_read/rs_rdata/data_p2_reg[228]/CE
  -------------------------------------------------------------------    -------------------

                         (clock ap_clk rise edge)     0.000     0.000 r  
                                                      0.000     0.000 r  ap_clk (IN)
                         net (fo=346038, unset)       0.020     0.020    bd_0_i/hls_inst/inst/gmem_act_m_axi_U/bus_read/rs_rdata/ap_clk
    SLICE_X177Y285       FDRE                                         r  bd_0_i/hls_inst/inst/gmem_act_m_axi_U/bus_read/rs_rdata/data_p2_reg[228]/C

Slack:                    inf
  Source:                 m_axi_gmem_act_rvalid
                            (input port)
  Destination:            bd_0_i/hls_inst/inst/gmem_act_m_axi_U/bus_read/rs_rdata/data_p2_reg[248]/CE
                            (rising edge-triggered cell FDRE clocked by ap_clk  {rise@0.000ns fall@2.439ns period=4.878ns})
  Path Group:             (none)
  Path Type:              Setup (Max at Slow Process Corner)
  Data Path Delay:        2.207ns  (logic 0.099ns (4.485%)  route 2.108ns (95.515%))
  Logic Levels:           1  (LUT2=1)
  Clock Path Skew:        0.020ns (DCD - SCD + CPR)
    Destination Clock Delay (DCD):    0.020ns
    Source Clock Delay      (SCD):    0.000ns
    Clock Pessimism Removal (CPR):    0.000ns
  Clock Uncertainty:      0.025ns  ((TSJ^2 + TIJ^2)^1/2 + DJ) / 2 + PE
    Total System Jitter     (TSJ):    0.050ns
    Total Input Jitter      (TIJ):    0.000ns
    Discrete Jitter          (DJ):    0.000ns
    Phase Error              (PE):    0.000ns

    Location             Delay type                Incr(ns)  Path(ns)    Netlist Resource(s)
  -------------------------------------------------------------------    -------------------
                                                      0.000     0.000 r  m_axi_gmem_act_rvalid (IN)
                         net (fo=16, unset)           0.000     0.000    bd_0_i/hls_inst/inst/gmem_act_m_axi_U/bus_read/rs_rdata/m_axi_gmem_act_RVALID
    SLICE_X171Y301       LUT2 (Prop_C5LUT_SLICEM_I0_O)
                                                      0.099     0.099 r  bd_0_i/hls_inst/inst/gmem_act_m_axi_U/bus_read/rs_rdata/data_p2[512]_i_1/O
                         net (fo=513, routed)         2.108     2.207    bd_0_i/hls_inst/inst/gmem_act_m_axi_U/bus_read/rs_rdata/load_p2
    SLICE_X177Y285       FDRE                                         r  bd_0_i/hls_inst/inst/gmem_act_m_axi_U/bus_read/rs_rdata/data_p2_reg[248]/CE
  -------------------------------------------------------------------    -------------------

                         (clock ap_clk rise edge)     0.000     0.000 r  
                                                      0.000     0.000 r  ap_clk (IN)
                         net (fo=346038, unset)       0.020     0.020    bd_0_i/hls_inst/inst/gmem_act_m_axi_U/bus_read/rs_rdata/ap_clk
    SLICE_X177Y285       FDRE                                         r  bd_0_i/hls_inst/inst/gmem_act_m_axi_U/bus_read/rs_rdata/data_p2_reg[248]/C

Slack:                    inf
  Source:                 m_axi_gmem_act_rvalid
                            (input port)
  Destination:            bd_0_i/hls_inst/inst/gmem_act_m_axi_U/bus_read/rs_rdata/data_p2_reg[284]/CE
                            (rising edge-triggered cell FDRE clocked by ap_clk  {rise@0.000ns fall@2.439ns period=4.878ns})
  Path Group:             (none)
  Path Type:              Setup (Max at Slow Process Corner)
  Data Path Delay:        2.207ns  (logic 0.099ns (4.485%)  route 2.108ns (95.515%))
  Logic Levels:           1  (LUT2=1)
  Clock Path Skew:        0.020ns (DCD - SCD + CPR)
    Destination Clock Delay (DCD):    0.020ns
    Source Clock Delay      (SCD):    0.000ns
    Clock Pessimism Removal (CPR):    0.000ns
  Clock Uncertainty:      0.025ns  ((TSJ^2 + TIJ^2)^1/2 + DJ) / 2 + PE
    Total System Jitter     (TSJ):    0.050ns
    Total Input Jitter      (TIJ):    0.000ns
    Discrete Jitter          (DJ):    0.000ns
    Phase Error              (PE):    0.000ns

    Location             Delay type                Incr(ns)  Path(ns)    Netlist Resource(s)
  -------------------------------------------------------------------    -------------------
                                                      0.000     0.000 r  m_axi_gmem_act_rvalid (IN)
                         net (fo=16, unset)           0.000     0.000    bd_0_i/hls_inst/inst/gmem_act_m_axi_U/bus_read/rs_rdata/m_axi_gmem_act_RVALID
    SLICE_X171Y301       LUT2 (Prop_C5LUT_SLICEM_I0_O)
                                                      0.099     0.099 r  bd_0_i/hls_inst/inst/gmem_act_m_axi_U/bus_read/rs_rdata/data_p2[512]_i_1/O
                         net (fo=513, routed)         2.108     2.207    bd_0_i/hls_inst/inst/gmem_act_m_axi_U/bus_read/rs_rdata/load_p2
    SLICE_X177Y285       FDRE                                         r  bd_0_i/hls_inst/inst/gmem_act_m_axi_U/bus_read/rs_rdata/data_p2_reg[284]/CE
  -------------------------------------------------------------------    -------------------

                         (clock ap_clk rise edge)     0.000     0.000 r  
                                                      0.000     0.000 r  ap_clk (IN)
                         net (fo=346038, unset)       0.020     0.020    bd_0_i/hls_inst/inst/gmem_act_m_axi_U/bus_read/rs_rdata/ap_clk
    SLICE_X177Y285       FDRE                                         r  bd_0_i/hls_inst/inst/gmem_act_m_axi_U/bus_read/rs_rdata/data_p2_reg[284]/C

Slack:                    inf
  Source:                 m_axi_gmem_act_rvalid
                            (input port)
  Destination:            bd_0_i/hls_inst/inst/gmem_act_m_axi_U/bus_read/rs_rdata/data_p2_reg[216]/CE
                            (rising edge-triggered cell FDRE clocked by ap_clk  {rise@0.000ns fall@2.439ns period=4.878ns})
  Path Group:             (none)
  Path Type:              Setup (Max at Slow Process Corner)
  Data Path Delay:        2.194ns  (logic 0.099ns (4.513%)  route 2.095ns (95.487%))
  Logic Levels:           1  (LUT2=1)
  Clock Path Skew:        0.020ns (DCD - SCD + CPR)
    Destination Clock Delay (DCD):    0.020ns
    Source Clock Delay      (SCD):    0.000ns
    Clock Pessimism Removal (CPR):    0.000ns
  Clock Uncertainty:      0.025ns  ((TSJ^2 + TIJ^2)^1/2 + DJ) / 2 + PE
    Total System Jitter     (TSJ):    0.050ns
    Total Input Jitter      (TIJ):    0.000ns
    Discrete Jitter          (DJ):    0.000ns
    Phase Error              (PE):    0.000ns

    Location             Delay type                Incr(ns)  Path(ns)    Netlist Resource(s)
  -------------------------------------------------------------------    -------------------
                                                      0.000     0.000 r  m_axi_gmem_act_rvalid (IN)
                         net (fo=16, unset)           0.000     0.000    bd_0_i/hls_inst/inst/gmem_act_m_axi_U/bus_read/rs_rdata/m_axi_gmem_act_RVALID
    SLICE_X171Y301       LUT2 (Prop_C5LUT_SLICEM_I0_O)
                                                      0.099     0.099 r  bd_0_i/hls_inst/inst/gmem_act_m_axi_U/bus_read/rs_rdata/data_p2[512]_i_1/O
                         net (fo=513, routed)         2.095     2.194    bd_0_i/hls_inst/inst/gmem_act_m_axi_U/bus_read/rs_rdata/load_p2
    SLICE_X178Y284       FDRE                                         r  bd_0_i/hls_inst/inst/gmem_act_m_axi_U/bus_read/rs_rdata/data_p2_reg[216]/CE
  -------------------------------------------------------------------    -------------------

                         (clock ap_clk rise edge)     0.000     0.000 r  
                                                      0.000     0.000 r  ap_clk (IN)
                         net (fo=346038, unset)       0.020     0.020    bd_0_i/hls_inst/inst/gmem_act_m_axi_U/bus_read/rs_rdata/ap_clk
    SLICE_X178Y284       FDRE                                         r  bd_0_i/hls_inst/inst/gmem_act_m_axi_U/bus_read/rs_rdata/data_p2_reg[216]/C

Slack:                    inf
  Source:                 m_axi_gmem_act_rvalid
                            (input port)
  Destination:            bd_0_i/hls_inst/inst/gmem_act_m_axi_U/bus_read/rs_rdata/data_p2_reg[250]/CE
                            (rising edge-triggered cell FDRE clocked by ap_clk  {rise@0.000ns fall@2.439ns period=4.878ns})
  Path Group:             (none)
  Path Type:              Setup (Max at Slow Process Corner)
  Data Path Delay:        2.194ns  (logic 0.099ns (4.513%)  route 2.095ns (95.487%))
  Logic Levels:           1  (LUT2=1)
  Clock Path Skew:        0.020ns (DCD - SCD + CPR)
    Destination Clock Delay (DCD):    0.020ns
    Source Clock Delay      (SCD):    0.000ns
    Clock Pessimism Removal (CPR):    0.000ns
  Clock Uncertainty:      0.025ns  ((TSJ^2 + TIJ^2)^1/2 + DJ) / 2 + PE
    Total System Jitter     (TSJ):    0.050ns
    Total Input Jitter      (TIJ):    0.000ns
    Discrete Jitter          (DJ):    0.000ns
    Phase Error              (PE):    0.000ns

    Location             Delay type                Incr(ns)  Path(ns)    Netlist Resource(s)
  -------------------------------------------------------------------    -------------------
                                                      0.000     0.000 r  m_axi_gmem_act_rvalid (IN)
                         net (fo=16, unset)           0.000     0.000    bd_0_i/hls_inst/inst/gmem_act_m_axi_U/bus_read/rs_rdata/m_axi_gmem_act_RVALID
    SLICE_X171Y301       LUT2 (Prop_C5LUT_SLICEM_I0_O)
                                                      0.099     0.099 r  bd_0_i/hls_inst/inst/gmem_act_m_axi_U/bus_read/rs_rdata/data_p2[512]_i_1/O
                         net (fo=513, routed)         2.095     2.194    bd_0_i/hls_inst/inst/gmem_act_m_axi_U/bus_read/rs_rdata/load_p2
    SLICE_X178Y284       FDRE                                         r  bd_0_i/hls_inst/inst/gmem_act_m_axi_U/bus_read/rs_rdata/data_p2_reg[250]/CE
  -------------------------------------------------------------------    -------------------

                         (clock ap_clk rise edge)     0.000     0.000 r  
                                                      0.000     0.000 r  ap_clk (IN)
                         net (fo=346038, unset)       0.020     0.020    bd_0_i/hls_inst/inst/gmem_act_m_axi_U/bus_read/rs_rdata/ap_clk
    SLICE_X178Y284       FDRE                                         r  bd_0_i/hls_inst/inst/gmem_act_m_axi_U/bus_read/rs_rdata/data_p2_reg[250]/C

Slack:                    inf
  Source:                 m_axi_gmem_act_rvalid
                            (input port)
  Destination:            bd_0_i/hls_inst/inst/gmem_act_m_axi_U/bus_read/rs_rdata/data_p2_reg[254]/CE
                            (rising edge-triggered cell FDRE clocked by ap_clk  {rise@0.000ns fall@2.439ns period=4.878ns})
  Path Group:             (none)
  Path Type:              Setup (Max at Slow Process Corner)
  Data Path Delay:        2.194ns  (logic 0.099ns (4.513%)  route 2.095ns (95.487%))
  Logic Levels:           1  (LUT2=1)
  Clock Path Skew:        0.020ns (DCD - SCD + CPR)
    Destination Clock Delay (DCD):    0.020ns
    Source Clock Delay      (SCD):    0.000ns
    Clock Pessimism Removal (CPR):    0.000ns
  Clock Uncertainty:      0.025ns  ((TSJ^2 + TIJ^2)^1/2 + DJ) / 2 + PE
    Total System Jitter     (TSJ):    0.050ns
    Total Input Jitter      (TIJ):    0.000ns
    Discrete Jitter          (DJ):    0.000ns
    Phase Error              (PE):    0.000ns

    Location             Delay type                Incr(ns)  Path(ns)    Netlist Resource(s)
  -------------------------------------------------------------------    -------------------
                                                      0.000     0.000 r  m_axi_gmem_act_rvalid (IN)
                         net (fo=16, unset)           0.000     0.000    bd_0_i/hls_inst/inst/gmem_act_m_axi_U/bus_read/rs_rdata/m_axi_gmem_act_RVALID
    SLICE_X171Y301       LUT2 (Prop_C5LUT_SLICEM_I0_O)
                                                      0.099     0.099 r  bd_0_i/hls_inst/inst/gmem_act_m_axi_U/bus_read/rs_rdata/data_p2[512]_i_1/O
                         net (fo=513, routed)         2.095     2.194    bd_0_i/hls_inst/inst/gmem_act_m_axi_U/bus_read/rs_rdata/load_p2
    SLICE_X178Y284       FDRE                                         r  bd_0_i/hls_inst/inst/gmem_act_m_axi_U/bus_read/rs_rdata/data_p2_reg[254]/CE
  -------------------------------------------------------------------    -------------------

                         (clock ap_clk rise edge)     0.000     0.000 r  
                                                      0.000     0.000 r  ap_clk (IN)
                         net (fo=346038, unset)       0.020     0.020    bd_0_i/hls_inst/inst/gmem_act_m_axi_U/bus_read/rs_rdata/ap_clk
    SLICE_X178Y284       FDRE                                         r  bd_0_i/hls_inst/inst/gmem_act_m_axi_U/bus_read/rs_rdata/data_p2_reg[254]/C

Slack:                    inf
  Source:                 m_axi_gmem_act_rvalid
                            (input port)
  Destination:            bd_0_i/hls_inst/inst/gmem_act_m_axi_U/bus_read/rs_rdata/data_p2_reg[222]/CE
                            (rising edge-triggered cell FDRE clocked by ap_clk  {rise@0.000ns fall@2.439ns period=4.878ns})
  Path Group:             (none)
  Path Type:              Setup (Max at Slow Process Corner)
  Data Path Delay:        2.157ns  (logic 0.099ns (4.589%)  route 2.058ns (95.411%))
  Logic Levels:           1  (LUT2=1)
  Clock Path Skew:        0.021ns (DCD - SCD + CPR)
    Destination Clock Delay (DCD):    0.021ns
    Source Clock Delay      (SCD):    0.000ns
    Clock Pessimism Removal (CPR):    0.000ns
  Clock Uncertainty:      0.025ns  ((TSJ^2 + TIJ^2)^1/2 + DJ) / 2 + PE
    Total System Jitter     (TSJ):    0.050ns
    Total Input Jitter      (TIJ):    0.000ns
    Discrete Jitter          (DJ):    0.000ns
    Phase Error              (PE):    0.000ns

    Location             Delay type                Incr(ns)  Path(ns)    Netlist Resource(s)
  -------------------------------------------------------------------    -------------------
                                                      0.000     0.000 r  m_axi_gmem_act_rvalid (IN)
                         net (fo=16, unset)           0.000     0.000    bd_0_i/hls_inst/inst/gmem_act_m_axi_U/bus_read/rs_rdata/m_axi_gmem_act_RVALID
    SLICE_X171Y301       LUT2 (Prop_C5LUT_SLICEM_I0_O)
                                                      0.099     0.099 r  bd_0_i/hls_inst/inst/gmem_act_m_axi_U/bus_read/rs_rdata/data_p2[512]_i_1/O
                         net (fo=513, routed)         2.058     2.157    bd_0_i/hls_inst/inst/gmem_act_m_axi_U/bus_read/rs_rdata/load_p2
    SLICE_X176Y285       FDRE                                         r  bd_0_i/hls_inst/inst/gmem_act_m_axi_U/bus_read/rs_rdata/data_p2_reg[222]/CE
  -------------------------------------------------------------------    -------------------

                         (clock ap_clk rise edge)     0.000     0.000 r  
                                                      0.000     0.000 r  ap_clk (IN)
                         net (fo=346038, unset)       0.021     0.021    bd_0_i/hls_inst/inst/gmem_act_m_axi_U/bus_read/rs_rdata/ap_clk
    SLICE_X176Y285       FDRE                                         r  bd_0_i/hls_inst/inst/gmem_act_m_axi_U/bus_read/rs_rdata/data_p2_reg[222]/C





Min Delay Paths
--------------------------------------------------------------------------------------
Slack:                    inf
  Source:                 s_axi_control_wdata[0]
                            (input port)
  Destination:            bd_0_i/hls_inst/inst/control_s_axi_U/int_ier_reg[0]/D
                            (rising edge-triggered cell FDRE clocked by ap_clk  {rise@0.000ns fall@2.439ns period=4.878ns})
  Path Group:             (none)
  Path Type:              Hold (Min at Fast Process Corner)
  Data Path Delay:        0.007ns  (logic 0.000ns (0.000%)  route 0.007ns (100.000%))
  Logic Levels:           0  
  Clock Path Skew:        0.018ns (DCD - SCD - CPR)
    Destination Clock Delay (DCD):    0.018ns
    Source Clock Delay      (SCD):    0.000ns
    Clock Pessimism Removal (CPR):    -0.000ns

    Location             Delay type                Incr(ns)  Path(ns)    Netlist Resource(s)
  -------------------------------------------------------------------    -------------------
                                                      0.000     0.000 r  s_axi_control_wdata[0] (IN)
                         net (fo=72, unset)           0.007     0.007    bd_0_i/hls_inst/inst/control_s_axi_U/s_axi_control_WDATA[0]
    SLICE_X143Y318       FDRE                                         r  bd_0_i/hls_inst/inst/control_s_axi_U/int_ier_reg[0]/D
  -------------------------------------------------------------------    -------------------

                         (clock ap_clk rise edge)     0.000     0.000 r  
                                                      0.000     0.000 r  ap_clk (IN)
                         net (fo=346038, unset)       0.018     0.018    bd_0_i/hls_inst/inst/control_s_axi_U/ap_clk
    SLICE_X143Y318       FDRE                                         r  bd_0_i/hls_inst/inst/control_s_axi_U/int_ier_reg[0]/C

Slack:                    inf
  Source:                 s_axi_control_wdata[1]
                            (input port)
  Destination:            bd_0_i/hls_inst/inst/control_s_axi_U/int_ier_reg[1]/D
                            (rising edge-triggered cell FDRE clocked by ap_clk  {rise@0.000ns fall@2.439ns period=4.878ns})
  Path Group:             (none)
  Path Type:              Hold (Min at Fast Process Corner)
  Data Path Delay:        0.007ns  (logic 0.000ns (0.000%)  route 0.007ns (100.000%))
  Logic Levels:           0  
  Clock Path Skew:        0.019ns (DCD - SCD - CPR)
    Destination Clock Delay (DCD):    0.019ns
    Source Clock Delay      (SCD):    0.000ns
    Clock Pessimism Removal (CPR):    -0.000ns

    Location             Delay type                Incr(ns)  Path(ns)    Netlist Resource(s)
  -------------------------------------------------------------------    -------------------
                                                      0.000     0.000 r  s_axi_control_wdata[1] (IN)
                         net (fo=69, unset)           0.007     0.007    bd_0_i/hls_inst/inst/control_s_axi_U/s_axi_control_WDATA[1]
    SLICE_X144Y318       FDRE                                         r  bd_0_i/hls_inst/inst/control_s_axi_U/int_ier_reg[1]/D
  -------------------------------------------------------------------    -------------------

                         (clock ap_clk rise edge)     0.000     0.000 r  
                                                      0.000     0.000 r  ap_clk (IN)
                         net (fo=346038, unset)       0.019     0.019    bd_0_i/hls_inst/inst/control_s_axi_U/ap_clk
    SLICE_X144Y318       FDRE                                         r  bd_0_i/hls_inst/inst/control_s_axi_U/int_ier_reg[1]/C

Slack:                    inf
  Source:                 m_axi_gmem_act_rdata[0]
                            (input port)
  Destination:            bd_0_i/hls_inst/inst/gmem_act_m_axi_U/bus_read/rs_rdata/data_p2_reg[0]/D
                            (rising edge-triggered cell FDRE clocked by ap_clk  {rise@0.000ns fall@2.439ns period=4.878ns})
  Path Group:             (none)
  Path Type:              Hold (Min at Fast Process Corner)
  Data Path Delay:        0.007ns  (logic 0.000ns (0.000%)  route 0.007ns (100.000%))
  Logic Levels:           0  
  Clock Path Skew:        0.019ns (DCD - SCD - CPR)
    Destination Clock Delay (DCD):    0.019ns
    Source Clock Delay      (SCD):    0.000ns
    Clock Pessimism Removal (CPR):    -0.000ns

    Location             Delay type                Incr(ns)  Path(ns)    Netlist Resource(s)
  -------------------------------------------------------------------    -------------------
                                                      0.000     0.000 r  m_axi_gmem_act_rdata[0] (IN)
                         net (fo=1, unset)            0.007     0.007    bd_0_i/hls_inst/inst/gmem_act_m_axi_U/bus_read/rs_rdata/D[0]
    SLICE_X172Y303       FDRE                                         r  bd_0_i/hls_inst/inst/gmem_act_m_axi_U/bus_read/rs_rdata/data_p2_reg[0]/D
  -------------------------------------------------------------------    -------------------

                         (clock ap_clk rise edge)     0.000     0.000 r  
                                                      0.000     0.000 r  ap_clk (IN)
                         net (fo=346038, unset)       0.019     0.019    bd_0_i/hls_inst/inst/gmem_act_m_axi_U/bus_read/rs_rdata/ap_clk
    SLICE_X172Y303       FDRE                                         r  bd_0_i/hls_inst/inst/gmem_act_m_axi_U/bus_read/rs_rdata/data_p2_reg[0]/C

Slack:                    inf
  Source:                 m_axi_gmem_act_rdata[100]
                            (input port)
  Destination:            bd_0_i/hls_inst/inst/gmem_act_m_axi_U/bus_read/rs_rdata/data_p2_reg[100]/D
                            (rising edge-triggered cell FDRE clocked by ap_clk  {rise@0.000ns fall@2.439ns period=4.878ns})
  Path Group:             (none)
  Path Type:              Hold (Min at Fast Process Corner)
  Data Path Delay:        0.007ns  (logic 0.000ns (0.000%)  route 0.007ns (100.000%))
  Logic Levels:           0  
  Clock Path Skew:        0.018ns (DCD - SCD - CPR)
    Destination Clock Delay (DCD):    0.018ns
    Source Clock Delay      (SCD):    0.000ns
    Clock Pessimism Removal (CPR):    -0.000ns

    Location             Delay type                Incr(ns)  Path(ns)    Netlist Resource(s)
  -------------------------------------------------------------------    -------------------
                                                      0.000     0.000 r  m_axi_gmem_act_rdata[100] (IN)
                         net (fo=1, unset)            0.007     0.007    bd_0_i/hls_inst/inst/gmem_act_m_axi_U/bus_read/rs_rdata/D[100]
    SLICE_X174Y315       FDRE                                         r  bd_0_i/hls_inst/inst/gmem_act_m_axi_U/bus_read/rs_rdata/data_p2_reg[100]/D
  -------------------------------------------------------------------    -------------------

                         (clock ap_clk rise edge)     0.000     0.000 r  
                                                      0.000     0.000 r  ap_clk (IN)
                         net (fo=346038, unset)       0.018     0.018    bd_0_i/hls_inst/inst/gmem_act_m_axi_U/bus_read/rs_rdata/ap_clk
    SLICE_X174Y315       FDRE                                         r  bd_0_i/hls_inst/inst/gmem_act_m_axi_U/bus_read/rs_rdata/data_p2_reg[100]/C

Slack:                    inf
  Source:                 m_axi_gmem_act_rdata[101]
                            (input port)
  Destination:            bd_0_i/hls_inst/inst/gmem_act_m_axi_U/bus_read/rs_rdata/data_p2_reg[101]/D
                            (rising edge-triggered cell FDRE clocked by ap_clk  {rise@0.000ns fall@2.439ns period=4.878ns})
  Path Group:             (none)
  Path Type:              Hold (Min at Fast Process Corner)
  Data Path Delay:        0.007ns  (logic 0.000ns (0.000%)  route 0.007ns (100.000%))
  Logic Levels:           0  
  Clock Path Skew:        0.019ns (DCD - SCD - CPR)
    Destination Clock Delay (DCD):    0.019ns
    Source Clock Delay      (SCD):    0.000ns
    Clock Pessimism Removal (CPR):    -0.000ns

    Location             Delay type                Incr(ns)  Path(ns)    Netlist Resource(s)
  -------------------------------------------------------------------    -------------------
                                                      0.000     0.000 r  m_axi_gmem_act_rdata[101] (IN)
                         net (fo=1, unset)            0.007     0.007    bd_0_i/hls_inst/inst/gmem_act_m_axi_U/bus_read/rs_rdata/D[101]
    SLICE_X172Y319       FDRE                                         r  bd_0_i/hls_inst/inst/gmem_act_m_axi_U/bus_read/rs_rdata/data_p2_reg[101]/D
  -------------------------------------------------------------------    -------------------

                         (clock ap_clk rise edge)     0.000     0.000 r  
                                                      0.000     0.000 r  ap_clk (IN)
                         net (fo=346038, unset)       0.019     0.019    bd_0_i/hls_inst/inst/gmem_act_m_axi_U/bus_read/rs_rdata/ap_clk
    SLICE_X172Y319       FDRE                                         r  bd_0_i/hls_inst/inst/gmem_act_m_axi_U/bus_read/rs_rdata/data_p2_reg[101]/C

Slack:                    inf
  Source:                 m_axi_gmem_act_rdata[102]
                            (input port)
  Destination:            bd_0_i/hls_inst/inst/gmem_act_m_axi_U/bus_read/rs_rdata/data_p2_reg[102]/D
                            (rising edge-triggered cell FDRE clocked by ap_clk  {rise@0.000ns fall@2.439ns period=4.878ns})
  Path Group:             (none)
  Path Type:              Hold (Min at Fast Process Corner)
  Data Path Delay:        0.007ns  (logic 0.000ns (0.000%)  route 0.007ns (100.000%))
  Logic Levels:           0  
  Clock Path Skew:        0.018ns (DCD - SCD - CPR)
    Destination Clock Delay (DCD):    0.018ns
    Source Clock Delay      (SCD):    0.000ns
    Clock Pessimism Removal (CPR):    -0.000ns

    Location             Delay type                Incr(ns)  Path(ns)    Netlist Resource(s)
  -------------------------------------------------------------------    -------------------
                                                      0.000     0.000 r  m_axi_gmem_act_rdata[102] (IN)
                         net (fo=1, unset)            0.007     0.007    bd_0_i/hls_inst/inst/gmem_act_m_axi_U/bus_read/rs_rdata/D[102]
    SLICE_X172Y317       FDRE                                         r  bd_0_i/hls_inst/inst/gmem_act_m_axi_U/bus_read/rs_rdata/data_p2_reg[102]/D
  -------------------------------------------------------------------    -------------------

                         (clock ap_clk rise edge)     0.000     0.000 r  
                                                      0.000     0.000 r  ap_clk (IN)
                         net (fo=346038, unset)       0.018     0.018    bd_0_i/hls_inst/inst/gmem_act_m_axi_U/bus_read/rs_rdata/ap_clk
    SLICE_X172Y317       FDRE                                         r  bd_0_i/hls_inst/inst/gmem_act_m_axi_U/bus_read/rs_rdata/data_p2_reg[102]/C

Slack:                    inf
  Source:                 m_axi_gmem_act_rdata[103]
                            (input port)
  Destination:            bd_0_i/hls_inst/inst/gmem_act_m_axi_U/bus_read/rs_rdata/data_p2_reg[103]/D
                            (rising edge-triggered cell FDRE clocked by ap_clk  {rise@0.000ns fall@2.439ns period=4.878ns})
  Path Group:             (none)
  Path Type:              Hold (Min at Fast Process Corner)
  Data Path Delay:        0.007ns  (logic 0.000ns (0.000%)  route 0.007ns (100.000%))
  Logic Levels:           0  
  Clock Path Skew:        0.019ns (DCD - SCD - CPR)
    Destination Clock Delay (DCD):    0.019ns
    Source Clock Delay      (SCD):    0.000ns
    Clock Pessimism Removal (CPR):    -0.000ns

    Location             Delay type                Incr(ns)  Path(ns)    Netlist Resource(s)
  -------------------------------------------------------------------    -------------------
                                                      0.000     0.000 r  m_axi_gmem_act_rdata[103] (IN)
                         net (fo=1, unset)            0.007     0.007    bd_0_i/hls_inst/inst/gmem_act_m_axi_U/bus_read/rs_rdata/D[103]
    SLICE_X172Y319       FDRE                                         r  bd_0_i/hls_inst/inst/gmem_act_m_axi_U/bus_read/rs_rdata/data_p2_reg[103]/D
  -------------------------------------------------------------------    -------------------

                         (clock ap_clk rise edge)     0.000     0.000 r  
                                                      0.000     0.000 r  ap_clk (IN)
                         net (fo=346038, unset)       0.019     0.019    bd_0_i/hls_inst/inst/gmem_act_m_axi_U/bus_read/rs_rdata/ap_clk
    SLICE_X172Y319       FDRE                                         r  bd_0_i/hls_inst/inst/gmem_act_m_axi_U/bus_read/rs_rdata/data_p2_reg[103]/C

Slack:                    inf
  Source:                 m_axi_gmem_act_rdata[104]
                            (input port)
  Destination:            bd_0_i/hls_inst/inst/gmem_act_m_axi_U/bus_read/rs_rdata/data_p2_reg[104]/D
                            (rising edge-triggered cell FDRE clocked by ap_clk  {rise@0.000ns fall@2.439ns period=4.878ns})
  Path Group:             (none)
  Path Type:              Hold (Min at Fast Process Corner)
  Data Path Delay:        0.007ns  (logic 0.000ns (0.000%)  route 0.007ns (100.000%))
  Logic Levels:           0  
  Clock Path Skew:        0.018ns (DCD - SCD - CPR)
    Destination Clock Delay (DCD):    0.018ns
    Source Clock Delay      (SCD):    0.000ns
    Clock Pessimism Removal (CPR):    -0.000ns

    Location             Delay type                Incr(ns)  Path(ns)    Netlist Resource(s)
  -------------------------------------------------------------------    -------------------
                                                      0.000     0.000 r  m_axi_gmem_act_rdata[104] (IN)
                         net (fo=1, unset)            0.007     0.007    bd_0_i/hls_inst/inst/gmem_act_m_axi_U/bus_read/rs_rdata/D[104]
    SLICE_X174Y315       FDRE                                         r  bd_0_i/hls_inst/inst/gmem_act_m_axi_U/bus_read/rs_rdata/data_p2_reg[104]/D
  -------------------------------------------------------------------    -------------------

                         (clock ap_clk rise edge)     0.000     0.000 r  
                                                      0.000     0.000 r  ap_clk (IN)
                         net (fo=346038, unset)       0.018     0.018    bd_0_i/hls_inst/inst/gmem_act_m_axi_U/bus_read/rs_rdata/ap_clk
    SLICE_X174Y315       FDRE                                         r  bd_0_i/hls_inst/inst/gmem_act_m_axi_U/bus_read/rs_rdata/data_p2_reg[104]/C

Slack:                    inf
  Source:                 m_axi_gmem_act_rdata[105]
                            (input port)
  Destination:            bd_0_i/hls_inst/inst/gmem_act_m_axi_U/bus_read/rs_rdata/data_p2_reg[105]/D
                            (rising edge-triggered cell FDRE clocked by ap_clk  {rise@0.000ns fall@2.439ns period=4.878ns})
  Path Group:             (none)
  Path Type:              Hold (Min at Fast Process Corner)
  Data Path Delay:        0.007ns  (logic 0.000ns (0.000%)  route 0.007ns (100.000%))
  Logic Levels:           0  
  Clock Path Skew:        0.019ns (DCD - SCD - CPR)
    Destination Clock Delay (DCD):    0.019ns
    Source Clock Delay      (SCD):    0.000ns
    Clock Pessimism Removal (CPR):    -0.000ns

    Location             Delay type                Incr(ns)  Path(ns)    Netlist Resource(s)
  -------------------------------------------------------------------    -------------------
                                                      0.000     0.000 r  m_axi_gmem_act_rdata[105] (IN)
                         net (fo=1, unset)            0.007     0.007    bd_0_i/hls_inst/inst/gmem_act_m_axi_U/bus_read/rs_rdata/D[105]
    SLICE_X172Y317       FDRE                                         r  bd_0_i/hls_inst/inst/gmem_act_m_axi_U/bus_read/rs_rdata/data_p2_reg[105]/D
  -------------------------------------------------------------------    -------------------

                         (clock ap_clk rise edge)     0.000     0.000 r  
                                                      0.000     0.000 r  ap_clk (IN)
                         net (fo=346038, unset)       0.019     0.019    bd_0_i/hls_inst/inst/gmem_act_m_axi_U/bus_read/rs_rdata/ap_clk
    SLICE_X172Y317       FDRE                                         r  bd_0_i/hls_inst/inst/gmem_act_m_axi_U/bus_read/rs_rdata/data_p2_reg[105]/C

Slack:                    inf
  Source:                 m_axi_gmem_act_rdata[106]
                            (input port)
  Destination:            bd_0_i/hls_inst/inst/gmem_act_m_axi_U/bus_read/rs_rdata/data_p2_reg[106]/D
                            (rising edge-triggered cell FDRE clocked by ap_clk  {rise@0.000ns fall@2.439ns period=4.878ns})
  Path Group:             (none)
  Path Type:              Hold (Min at Fast Process Corner)
  Data Path Delay:        0.007ns  (logic 0.000ns (0.000%)  route 0.007ns (100.000%))
  Logic Levels:           0  
  Clock Path Skew:        0.019ns (DCD - SCD - CPR)
    Destination Clock Delay (DCD):    0.019ns
    Source Clock Delay      (SCD):    0.000ns
    Clock Pessimism Removal (CPR):    -0.000ns

    Location             Delay type                Incr(ns)  Path(ns)    Netlist Resource(s)
  -------------------------------------------------------------------    -------------------
                                                      0.000     0.000 r  m_axi_gmem_act_rdata[106] (IN)
                         net (fo=1, unset)            0.007     0.007    bd_0_i/hls_inst/inst/gmem_act_m_axi_U/bus_read/rs_rdata/D[106]
    SLICE_X178Y313       FDRE                                         r  bd_0_i/hls_inst/inst/gmem_act_m_axi_U/bus_read/rs_rdata/data_p2_reg[106]/D
  -------------------------------------------------------------------    -------------------

                         (clock ap_clk rise edge)     0.000     0.000 r  
                                                      0.000     0.000 r  ap_clk (IN)
                         net (fo=346038, unset)       0.019     0.019    bd_0_i/hls_inst/inst/gmem_act_m_axi_U/bus_read/rs_rdata/ap_clk
    SLICE_X178Y313       FDRE                                         r  bd_0_i/hls_inst/inst/gmem_act_m_axi_U/bus_read/rs_rdata/data_p2_reg[106]/C





