group,method,precision,w_bits,a_bits,lanes,nx,ny,x_kind,offsets,outputs,error_count,ep,mae,mse,max_abs_err
0,Ultra-DSP,W2A2,2,2,54,3,18,weight,0 1 1 2 2 2 3 3 3 4 4 4 5 5 5 6 6 6 7 7 7 8 8 8 9 9 9 10 10 10 11 11 11 12 12 12 13 13 13 14 14 14 15 15 15 16 16 16 17 17 17 18 18 19,540000,0,0.0,0.0,0.0,0
1,Ultra-DSP,W2A2,2,2,54,3,18,weight,0 1 1 2 2 2 3 3 3 4 4 4 5 5 5 6 6 6 7 7 7 8 8 8 9 9 9 10 10 10 11 11 11 12 12 12 13 13 13 14 14 14 15 15 15 16 16 16 17 17 17 18 18 19,540000,0,0.0,0.0,0.0,0
2,Ultra-DSP,W2A2,2,2,54,3,18,weight,0 1 1 2 2 2 3 3 3 4 4 4 5 5 5 6 6 6 7 7 7 8 8 8 9 9 9 10 10 10 11 11 11 12 12 12 13 13 13 14 14 14 15 15 15 16 16 16 17 17 17 18 18 19,540000,0,0.0,0.0,0.0,0
3,Ultra-DSP,W2A2,2,2,54,3,18,weight,0 1 1 2 2 2 3 3 3 4 4 4 5 5 5 6 6 6 7 7 7 8 8 8 9 9 9 10 10 10 11 11 11 12 12 12 13 13 13 14 14 14 15 15 15 16 16 16 17 17 17 18 18 19,540000,0,0.0,0.0,0.0,0
4,Ultra-DSP,W2A2,2,2,54,3,18,weight,0 1 1 2 2 2 3 3 3 4 4 4 5 5 5 6 6 6 7 7 7 8 8 8 9 9 9 10 10 10 11 11 11 12 12 12 13 13 13 14 14 14 15 15 15 16 16 16 17 17 17 18 18 19,540000,0,0.0,0.0,0.0,0
5,Ultra-DSP,W2A2,2,2,54,3,18,weight,0 1 1 2 2 2 3 3 3 4 4 4 5 5 5 6 6 6 7 7 7 8 8 8 9 9 9 10 10 10 11 11 11 12 12 12 13 13 13 14 14 14 15 15 15 16 16 16 17 17 17 18 18 19,540000,0,0.0,0.0,0.0,0
6,Ultra-DSP,W2A2,2,2,54,3,18,weight,0 1 1 2 2 2 3 3 3 4 4 4 5 5 5 6 6 6 7 7 7 8 8 8 9 9 9 10 10 10 11 11 11 12 12 12 13 13 13 14 14 14 15 15 15 16 16 16 17 17 17 18 18 19,540000,0,0.0,0.0,0.0,0
7,Ultra-DSP,W2A2,2,2,54,3,18,weight,0 1 1 2 2 2 3 3 3 4 4 4 5 5 5 6 6 6 7 7 7 8 8 8 9 9 9 10 10 10 11 11 11 12 12 12 13 13 13 14 14 14 15 15 15 16 16 16 17 17 17 18 18 19,540000,0,0.0,0.0,0.0,0
8,Ultra-DSP,W2A2,2,2,54,3,18,weight,0 1 1 2 2 2 3 3 3 4 4 4 5 5 5 6 6 6 7 7 7 8 8 8 9 9 9 10 10 10 11 11 11 12 12 12 13 13 13 14 14 14 15 15 15 16 16 16 17 17 17 18 18 19,540000,0,0.0,0.0,0.0,0
9,Ultra-DSP,W2A2,2,2,54,3,18,weight,0 1 1 2 2 2 3 3 3 4 4 4 5 5 5 6 6 6 7 7 7 8 8 8 9 9 9 10 10 10 11 11 11 12 12 12 13 13 13 14 14 14 15 15 15 16 16 16 17 17 17 18 18 19,540000,0,0.0,0.0,0.0,0
10,Ultra-DSP,W2A2,2,2,54,3,18,weight,0 1 1 2 2 2 3 3 3 4 4 4 5 5 5 6 6 6 7 7 7 8 8 8 9 9 9 10 10 10 11 11 11 12 12 12 13 13 13 14 14 14 15 15 15 16 16 16 17 17 17 18 18 19,540000,0,0.0,0.0,0.0,0
11,Ultra-DSP,W2A2,2,2,54,3,18,weight,0 1 1 2 2 2 3 3 3 4 4 4 5 5 5 6 6 6 7 7 7 8 8 8 9 9 9 10 10 10 11 11 11 12 12 12 13 13 13 14 14 14 15 15 15 16 16 16 17 17 17 18 18 19,540000,0,0.0,0.0,0.0,0
12,Ultra-DSP,W2A2,2,2,54,3,18,weight,0 1 1 2 2 2 3 3 3 4 4 4 5 5 5 6 6 6 7 7 7 8 8 8 9 9 9 10 10 10 11 11 11 12 12 12 13 13 13 14 14 14 15 15 15 16 16 16 17 17 17 18 18 19,540000,0,0.0,0.0,0.0,0
13,Ultra-DSP,W2A2,2,2,54,3,18,weight,0 1 1 2 2 2 3 3 3 4 4 4 5 5 5 6 6 6 7 7 7 8 8 8 9 9 9 10 10 10 11 11 11 12 12 12 13 13 13 14 14 14 15 15 15 16 16 16 17 17 17 18 18 19,540000,0,0.0,0.0,0.0,0
14,Ultra-DSP,W2A2,2,2,54,3,18,weight,0 1 1 2 2 2 3 3 3 4 4 4 5 5 5 6 6 6 7 7 7 8 8 8 9 9 9 10 10 10 11 11 11 12 12 12 13 13 13 14 14 14 15 15 15 16 16 16 17 17 17 18 18 19,540000,0,0.0,0.0,0.0,0
15,Ultra-DSP,W2A2,2,2,54,3,18,weight,0 1 1 2 2 2 3 3 3 4 4 4 5 5 5 6 6 6 7 7 7 8 8 8 9 9 9 10 10 10 11 11 11 12 12 12 13 13 13 14 14 14 15 15 15 16 16 16 17 17 17 18 18 19,540000,0,0.0,0.0,0.0,0
16,Ultra-DSP,W2A2,2,2,54,3,18,weight,0 1 1 2 2 2 3 3 3 4 4 4 5 5 5 6 6 6 7 7 7 8 8 8 9 9 9 10 10 10 11 11 11 12 12 12 13 13 13 14 14 14 15 15 15 16 16 16 17 17 17 18 18 19,540000,0,0.0,0.0,0.0,0
17,Ultra-DSP,W2A2,2,2,54,3,18,weight,0 1 1 2 2 2 3 3 3 4 4 4 5 5 5 6 6 6 7 7 7 8 8 8 9 9 9 10 10 10 11 11 11 12 12 12 13 13 13 14 14 14 15 15 15 16 16 16 17 17 17 18 18 19,540000,0,0.0,0.0,0.0,0
18,Ultra-DSP,W2A2,2,2,54,3,18,weight,0 1 1 2 2 2 3 3 3 4 4 4 5 5 5 6 6 6 7 7 7 8 8 8 9 9 9 10 10 10 11 11 11 12 12 12 13 13 13 14 14 14 15 15 15 16 16 16 17 17 17 18 18 19,540000,0,0.0,0.0,0.0,0
19,Ultra-DSP,W2A2,2,2,54,3,18,weight,0 1 1 2 2 2 3 3 3 4 4 4 5 5 5 6 6 6 7 7 7 8 8 8 9 9 9 10 10 10 11 11 11 12 12 12 13 13 13 14 14 14 15 15 15 16 16 16 17 17 17 18 18 19,540000,0,0.0,0.0,0.0,0
20,Ultra-DSP,W2A2,2,2,54,3,18,weight,0 1 1 2 2 2 3 3 3 4 4 4 5 5 5 6 6 6 7 7 7 8 8 8 9 9 9 10 10 10 11 11 11 12 12 12 13 13 13 14 14 14 15 15 15 16 16 16 17 17 17 18 18 19,540000,0,0.0,0.0,0.0,0
21,Ultra-DSP,W2A2,2,2,54,3,18,weight,0 1 1 2 2 2 3 3 3 4 4 4 5 5 5 6 6 6 7 7 7 8 8 8 9 9 9 10 10 10 11 11 11 12 12 12 13 13 13 14 14 14 15 15 15 16 16 16 17 17 17 18 18 19,540000,0,0.0,0.0,0.0,0
22,Ultra-DSP,W2A2,2,2,54,3,18,weight,0 1 1 2 2 2 3 3 3 4 4 4 5 5 5 6 6 6 7 7 7 8 8 8 9 9 9 10 10 10 11 11 11 12 12 12 13 13 13 14 14 14 15 15 15 16 16 16 17 17 17 18 18 19,540000,0,0.0,0.0,0.0,0
23,Ultra-DSP,W2A2,2,2,54,3,18,weight,0 1 1 2 2 2 3 3 3 4 4 4 5 5 5 6 6 6 7 7 7 8 8 8 9 9 9 10 10 10 11 11 11 12 12 12 13 13 13 14 14 14 15 15 15 16 16 16 17 17 17 18 18 19,540000,0,0.0,0.0,0.0,0
24,Ultra-DSP,W2A2,2,2,54,3,18,weight,0 1 1 2 2 2 3 3 3 4 4 4 5 5 5 6 6 6 7 7 7 8 8 8 9 9 9 10 10 10 11 11 11 12 12 12 13 13 13 14 14 14 15 15 15 16 16 16 17 17 17 18 18 19,540000,0,0.0,0.0,0.0,0
25,Ultra-DSP,W2A2,2,2,54,3,18,weight,0 1 1 2 2 2 3 3 3 4 4 4 5 5 5 6 6 6 7 7 7 8 8 8 9 9 9 10 10 10 11 11 11 12 12 12 13 13 13 14 14 14 15 15 15 16 16 16 17 17 17 18 18 19,540000,0,0.0,0.0,0.0,0
26,Ultra-DSP,W2A2,2,2,54,3,18,weight,0 1 1 2 2 2 3 3 3 4 4 4 5 5 5 6 6 6 7 7 7 8 8 8 9 9 9 10 10 10 11 11 11 12 12 12 13 13 13 14 14 14 15 15 15 16 16 16 17 17 17 18 18 19,540000,0,0.0,0.0,0.0,0
27,Ultra-DSP,W2A2,2,2,54,3,18,weight,0 1 1 2 2 2 3 3 3 4 4 4 5 5 5 6 6 6 7 7 7 8 8 8 9 9 9 10 10 10 11 11 11 12 12 12 13 13 13 14 14 14 15 15 15 16 16 16 17 17 17 18 18 19,540000,0,0.0,0.0,0.0,0
28,Ultra-DSP,W2A2,2,2,54,3,18,weight,0 1 1 2 2 2 3 3 3 4 4 4 5 5 5 6 6 6 7 7 7 8 8 8 9 9 9 10 10 10 11 11 11 12 12 12 13 13 13 14 14 14 15 15 15 16 16 16 17 17 17 18 18 19,540000,0,0.0,0.0,0.0,0
29,Ultra-DSP,W2A2,2,2,54,3,18,weight,0 1 1 2 2 2 3 3 3 4 4 4 5 5 5 6 6 6 7 7 7 8 8 8 9 9 9 10 10 10 11 11 11 12 12 12 13 13 13 14 14 14 15 15 15 16 16 16 17 17 17 18 18 19,540000,0,0.0,0.0,0.0,0
30,Ultra-DSP,W2A2,2,2,54,3,18,weight,0 1 1 2 2 2 3 3 3 4 4 4 5 5 5 6 6 6 7 7 7 8 8 8 9 9 9 10 10 10 11 11 11 12 12 12 13 13 13 14 14 14 15 15 15 16 16 16 17 17 17 18 18 19,540000,0,0.0,0.0,0.0,0
31,Ultra-DSP,W2A2,2,2,54,3,18,weight,0 1 1 2 2 2 3 3 3 4 4 4 5 5 5 6 6 6 7 7 7 8 8 8 9 9 9 10 10 10 11 11 11 12 12 12 13 13 13 14 14 14 15 15 15 16 16 16 17 17 17 18 18 19,540000,0,0.0,0.0,0.0,0
32,Ultra-DSP,W2A2,2,2,54,3,18,weight,0 1 1 2 2 2 3 3 3 4 4 4 5 5 5 6 6 6 7 7 7 8 8 8 9 9 9 10 10 10 11 11 11 12 12 12 13 13 13 14 14 14 15 15 15 16 16 16 17 17 17 18 18 19,540000,0,0.0,0.0,0.0,0
33,Ultra-DSP,W2A2,2,2,54,3,18,weight,0 1 1 2 2 2 3 3 3 4 4 4 5 5 5 6 6 6 7 7 7 8 8 8 9 9 9 10 10 10 11 11 11 12 12 12 13 13 13 14 14 14 15 15 15 16 16 16 17 17 17 18 18 19,540000,0,0.0,0.0,0.0,0
34,Ultra-DSP,W2A2,2,2,54,3,18,weight,0 1 1 2 2 2 3 3 3 4 4 4 5 5 5 6 6 6 7 7 7 8 8 8 9 9 9 10 10 10 11 11 11 12 12 12 13 13 13 14 14 14 15 15 15 16 16 16 17 17 17 18 18 19,540000,0,0.0,0.0,0.0,0
35,Ultra-DSP,W2A2,2,2,54,3,18,weight,0 1 1 2 2 2 3 3 3 4 4 4 5 5 5 6 6 6 7 7 7 8 8 8 9 9 9 10 10 10 11 11 11 12 12 12 13 13 13 14 14 14 15 15 15 16 16 16 17 17 17 18 18 19,540000,0,0.0,0.0,0.0,0
36,Ultra-DSP,W2A2,2,2,54,3,18,weight,0 1 1 2 2 2 3 3 3 4 4 4 5 5 5 6 6 6 7 7 7 8 8 8 9 9 9 10 10 10 11 11 11 12 12 12 13 13 13 14 14 14 15 15 15 16 16 16 17 17 17 18 18 19,540000,0,0.0,0.0,0.0,0
37,Ultra-DSP,W2A2,2,2,54,3,18,weight,0 1 1 2 2 2 3 3 3 4 4 4 5 5 5 6 6 6 7 7 7 8 8 8 9 9 9 10 10 10 11 11 11 12 12 12 13 13 13 14 14 14 15 15 15 16 16 16 17 17 17 18 18 19,540000,0,0.0,0.0,0.0,0
38,Ultra-DSP,W2A2,2,2,54,3,18,weight,0 1 1 2 2 2 3 3 3 4 4 4 5 5 5 6 6 6 7 7 7 8 8 8 9 9 9 10 10 10 11 11 11 12 12 12 13 13 13 14 14 14 15 15 15 16 16 16 17 17 17 18 18 19,540000,0,0.0,0.0,0.0,0
39,Ultra-DSP,W2A2,2,2,54,3,18,weight,0 1 1 2 2 2 3 3 3 4 4 4 5 5 5 6 6 6 7 7 7 8 8 8 9 9 9 10 10 10 11 11 11 12 12 12 13 13 13 14 14 14 15 15 15 16 16 16 17 17 17 18 18 19,540000,0,0.0,0.0,0.0,0
40,Ultra-DSP,W2A2,2,2,54,3,18,weight,0 1 1 2 2 2 3 3 3 4 4 4 5 5 5 6 6 6 7 7 7 8 8 8 9 9 9 10 10 10 11 11 11 12 12 12 13 13 13 14 14 14 15 15 15 16 16 16 17 17 17 18 18 19,540000,0,0.0,0.0,0.0,0
41,Ultra-DSP,W2A2,2,2,54,3,18,weight,0 1 1 2 2 2 3 3 3 4 4 4 5 5 5 6 6 6 7 7 7 8 8 8 9 9 9 10 10 10 11 11 11 12 12 12 13 13 13 14 14 14 15 15 15 16 16 16 17 17 17 18 18 19,540000,0,0.0,0.0,0.0,0
42,Ultra-DSP,W2A2,2,2,54,3,18,weight,0 1 1 2 2 2 3 3 3 4 4 4 5 5 5 6 6 6 7 7 7 8 8 8 9 9 9 10 10 10 11 11 11 12 12 12 13 13 13 14 14 14 15 15 15 16 16 16 17 17 17 18 18 19,540000,0,0.0,0.0,0.0,0
43,Ultra-DSP,W2A2,2,2,54,3,18,weight,0 1 1 2 2 2 3 3 3 4 4 4 5 5 5 6 6 6 7 7 7 8 8 8 9 9 9 10 10 10 11 11 11 12 12 12 13 13 13 14 14 14 15 15 15 16 16 16 17 17 17 18 18 19,540000,0,0.0,0.0,0.0,0
44,Ultra-DSP,W2A2,2,2,54,3,18,weight,0 1 1 2 2 2 3 3 3 4 4 4 5 5 5 6 6 6 7 7 7 8 8 8 9 9 9 10 10 10 11 11 11 12 12 12 13 13 13 14 14 14 15 15 15 16 16 16 17 17 17 18 18 19,540000,0,0.0,0.0,0.0,0
45,Ultra-DSP,W2A2,2,2,54,3,18,weight,0 1 1 2 2 2 3 3 3 4 4 4 5 5 5 6 6 6 7 7 7 8 8 8 9 9 9 10 10 10 11 11 11 12 12 12 13 13 13 14 14 14 15 15 15 16 16 16 17 17 17 18 18 19,540000,0,0.0,0.0,0.0,0
46,Ultra-DSP,W2A2,2,2,54,3,18,weight,0 1 1 2 2 2 3 3 3 4 4 4 5 5 5 6 6 6 7 7 7 8 8 8 9 9 9 10 10 10 11 11 11 12 12 12 13 13 13 14 14 14 15 15 15 16 16 16 17 17 17 18 18 19,540000,0,0.0,0.0,0.0,0
47,Ultra-DSP,W2A2,2,2,54,3,18,weight,0 1 1 2 2 2 3 3 3 4 4 4 5 5 5 6 6 6 7 7 7 8 8 8 9 9 9 10 10 10 11 11 11 12 12 12 13 13 13 14 14 14 15 15 15 16 16 16 17 17 17 18 18 19,540000,0,0.0,0.0,0.0,0
48,Ultra-DSP,W2A2,2,2,54,3,18,weight,0 1 1 2 2 2 3 3 3 4 4 4 5 5 5 6 6 6 7 7 7 8 8 8 9 9 9 10 10 10 11 11 11 12 12 12 13 13 13 14 14 14 15 15 15 16 16 16 17 17 17 18 18 19,540000,0,0.0,0.0,0.0,0
49,Ultra-DSP,W2A2,2,2,54,3,18,weight,0 1 1 2 2 2 3 3 3 4 4 4 5 5 5 6 6 6 7 7 7 8 8 8 9 9 9 10 10 10 11 11 11 12 12 12 13 13 13 14 14 14 15 15 15 16 16 16 17 17 17 18 18 19,540000,0,0.0,0.0,0.0,0
50,Ultra-DSP,W2A2,2,2,54,3,18,weight,0 1 1 2 2 2 3 3 3 4 4 4 5 5 5 6 6 6 7 7 7 8 8 8 9 9 9 10 10 10 11 11 11 12 12 12 13 13 13 14 14 14 15 15 15 16 16 16 17 17 17 18 18 19,540000,0,0.0,0.0,0.0,0
51,Ultra-DSP,W2A2,2,2,54,3,18,weight,0 1 1 2 2 2 3 3 3 4 4 4 5 5 5 6 6 6 7 7 7 8 8 8 9 9 9 10 10 10 11 11 11 12 12 12 13 13 13 14 14 14 15 15 15 16 16 16 17 17 17 18 18 19,540000,0,0.0,0.0,0.0,0
52,Ultra-DSP,W2A2,2,2,54,3,18,weight,0 1 1 2 2 2 3 3 3 4 4 4 5 5 5 6 6 6 7 7 7 8 8 8 9 9 9 10 10 10 11 11 11 12 12 12 13 13 13 14 14 14 15 15 15 16 16 16 17 17 17 18 18 19,540000,0,0.0,0.0,0.0,0
53,Ultra-DSP,W2A2,2,2,54,3,18,weight,0 1 1 2 2 2 3 3 3 4 4 4 5 5 5 6 6 6 7 7 7 8 8 8 9 9 9 10 10 10 11 11 11 12 12 12 13 13 13 14 14 14 15 15 15 16 16 16 17 17 17 18 18 19,540000,0,0.0,0.0,0.0,0
54,Ultra-DSP,W2A2,2,2,54,3,18,weight,0 1 1 2 2 2 3 3 3 4 4 4 5 5 5 6 6 6 7 7 7 8 8 8 9 9 9 10 10 10 11 11 11 12 12 12 13 13 13 14 14 14 15 15 15 16 16 16 17 17 17 18 18 19,540000,0,0.0,0.0,0.0,0
55,Ultra-DSP,W2A2,2,2,54,3,18,weight,0 1 1 2 2 2 3 3 3 4 4 4 5 5 5 6 6 6 7 7 7 8 8 8 9 9 9 10 10 10 11 11 11 12 12 12 13 13 13 14 14 14 15 15 15 16 16 16 17 17 17 18 18 19,540000,0,0.0,0.0,0.0,0
56,Ultra-DSP,W2A2,2,2,54,3,18,weight,0 1 1 2 2 2 3 3 3 4 4 4 5 5 5 6 6 6 7 7 7 8 8 8 9 9 9 10 10 10 11 11 11 12 12 12 13 13 13 14 14 14 15 15 15 16 16 16 17 17 17 18 18 19,540000,0,0.0,0.0,0.0,0
57,Ultra-DSP,W2A2,2,2,54,3,18,weight,0 1 1 2 2 2 3 3 3 4 4 4 5 5 5 6 6 6 7 7 7 8 8 8 9 9 9 10 10 10 11 11 11 12 12 12 13 13 13 14 14 14 15 15 15 16 16 16 17 17 17 18 18 19,540000,0,0.0,0.0,0.0,0
58,Ultra-DSP,W2A2,2,2,54,3,18,weight,0 1 1 2 2 2 3 3 3 4 4 4 5 5 5 6 6 6 7 7 7 8 8 8 9 9 9 10 10 10 11 11 11 12 12 12 13 13 13 14 14 14 15 15 15 16 16 16 17 17 17 18 18 19,540000,0,0.0,0.0,0.0,0
59,Ultra-DSP,W2A2,2,2,54,3,18,weight,0 1 1 2 2 2 3 3 3 4 4 4 5 5 5 6 6 6 7 7 7 8 8 8 9 9 9 10 10 10 11 11 11 12 12 12 13 13 13 14 14 14 15 15 15 16 16 16 17 17 17 18 18 19,540000,0,0.0,0.0,0.0,0
60,Ultra-DSP,W2A2,2,2,54,3,18,weight,0 1 1 2 2 2 3 3 3 4 4 4 5 5 5 6 6 6 7 7 7 8 8 8 9 9 9 10 10 10 11 11 11 12 12 12 13 13 13 14 14 14 15 15 15 16 16 16 17 17 17 18 18 19,540000,0,0.0,0.0,0.0,0
61,Ultra-DSP,W2A2,2,2,54,3,18,weight,0 1 1 2 2 2 3 3 3 4 4 4 5 5 5 6 6 6 7 7 7 8 8 8 9 9 9 10 10 10 11 11 11 12 12 12 13 13 13 14 14 14 15 15 15 16 16 16 17 17 17 18 18 19,540000,0,0.0,0.0,0.0,0
62,Ultra-DSP,W2A2,2,2,54,3,18,weight,0 1 1 2 2 2 3 3 3 4 4 4 5 5 5 6 6 6 7 7 7 8 8 8 9 9 9 10 10 10 11 11 11 12 12 12 13 13 13 14 14 14 15 15 15 16 16 16 17 17 17 18 18 19,540000,0,0.0,0.0,0.0,0
63,Ultra-DSP,W2A2,2,2,54,3,18,weight,0 1 1 2 2 2 3 3 3 4 4 4 5 5 5 6 6 6 7 7 7 8 8 8 9 9 9 10 10 10 11 11 11 12 12 12 13 13 13 14 14 14 15 15 15 16 16 16 17 17 17 18 18 19,540000,0,0.0,0.0,0.0,0
64,Ultra-DSP,W2A2,2,2,54,3,18,weight,0 1 1 2 2 2 3 3 3 4 4 4 5 5 5 6 6 6 7 7 7 8 8 8 9 9 9 10 10 10 11 11 11 12 12 12 13 13 13 14 14 14 15 15 15 16 16 16 17 17 17 18 18 19,540000,0,0.0,0.0,0.0,0
65,Ultra-DSP,W2A2,2,2,54,3,18,weight,0 1 1 2 2 2 3 3 3 4 4 4 5 5 5 6 6 6 7 7 7 8 8 8 9 9 9 10 10 10 11 11 11 12 12 12 13 13 13 14 14 14 15 15 15 16 16 16 17 17 17 18 18 19,540000,0,0.0,0.0,0.0,0
66,Ultra-DSP,W2A2,2,2,54,3,18,weight,0 1 1 2 2 2 3 3 3 4 4 4 5 5 5 6 6 6 7 7 7 8 8 8 9 9 9 10 10 10 11 11 11 12 12 12 13 13 13 14 14 14 15 15 15 16 16 16 17 17 17 18 18 19,540000,0,0.0,0.0,0.0,0
67,Ultra-DSP,W2A2,2,2,54,3,18,weight,0 1 1 2 2 2 3 3 3 4 4 4 5 5 5 6 6 6 7 7 7 8 8 8 9 9 9 10 10 10 11 11 11 12 12 12 13 13 13 14 14 14 15 15 15 16 16 16 17 17 17 18 18 19,540000,0,0.0,0.0,0.0,0
68,Ultra-DSP,W2A2,2,2,54,3,18,weight,0 1 1 2 2 2 3 3 3 4 4 4 5 5 5 6 6 6 7 7 7 8 8 8 9 9 9 10 10 10 11 11 11 12 12 12 13 13 13 14 14 14 15 15 15 16 16 16 17 17 17 18 18 19,540000,0,0.0,0.0,0.0,0
69,Ultra-DSP,W2A2,2,2,54,3,18,weight,0 1 1 2 2 2 3 3 3 4 4 4 5 5 5 6 6 6 7 7 7 8 8 8 9 9 9 10 10 10 11 11 11 12 12 12 13 13 13 14 14 14 15 15 15 16 16 16 17 17 17 18 18 19,540000,0,0.0,0.0,0.0,0
70,Ultra-DSP,W2A2,2,2,54,3,18,weight,0 1 1 2 2 2 3 3 3 4 4 4 5 5 5 6 6 6 7 7 7 8 8 8 9 9 9 10 10 10 11 11 11 12 12 12 13 13 13 14 14 14 15 15 15 16 16 16 17 17 17 18 18 19,540000,0,0.0,0.0,0.0,0
71,Ultra-DSP,W2A2,2,2,54,3,18,weight,0 1 1 2 2 2 3 3 3 4 4 4 5 5 5 6 6 6 7 7 7 8 8 8 9 9 9 10 10 10 11 11 11 12 12 12 13 13 13 14 14 14 15 15 15 16 16 16 17 17 17 18 18 19,540000,0,0.0,0.0,0.0,0
72,Ultra-DSP,W2A2,2,2,54,3,18,weight,0 1 1 2 2 2 3 3 3 4 4 4 5 5 5 6 6 6 7 7 7 8 8 8 9 9 9 10 10 10 11 11 11 12 12 12 13 13 13 14 14 14 15 15 15 16 16 16 17 17 17 18 18 19,540000,0,0.0,0.0,0.0,0
73,Ultra-DSP,W2A2,2,2,54,3,18,weight,0 1 1 2 2 2 3 3 3 4 4 4 5 5 5 6 6 6 7 7 7 8 8 8 9 9 9 10 10 10 11 11 11 12 12 12 13 13 13 14 14 14 15 15 15 16 16 16 17 17 17 18 18 19,540000,0,0.0,0.0,0.0,0
74,Ultra-DSP,W2A2,2,2,54,3,18,weight,0 1 1 2 2 2 3 3 3 4 4 4 5 5 5 6 6 6 7 7 7 8 8 8 9 9 9 10 10 10 11 11 11 12 12 12 13 13 13 14 14 14 15 15 15 16 16 16 17 17 17 18 18 19,540000,0,0.0,0.0,0.0,0
75,Ultra-DSP,W2A2,2,2,54,3,18,weight,0 1 1 2 2 2 3 3 3 4 4 4 5 5 5 6 6 6 7 7 7 8 8 8 9 9 9 10 10 10 11 11 11 12 12 12 13 13 13 14 14 14 15 15 15 16 16 16 17 17 17 18 18 19,540000,0,0.0,0.0,0.0,0
76,Ultra-DSP,W2A2,2,2,54,3,18,weight,0 1 1 2 2 2 3 3 3 4 4 4 5 5 5 6 6 6 7 7 7 8 8 8 9 9 9 10 10 10 11 11 11 12 12 12 13 13 13 14 14 14 15 15 15 16 16 16 17 17 17 18 18 19,540000,0,0.0,0.0,0.0,0
77,Ultra-DSP,W2A2,2,2,54,3,18,weight,0 1 1 2 2 2 3 3 3 4 4 4 5 5 5 6 6 6 7 7 7 8 8 8 9 9 9 10 10 10 11 11 11 12 12 12 13 13 13 14 14 14 15 15 15 16 16 16 17 17 17 18 18 19,540000,0,0.0,0.0,0.0,0
78,Ultra-DSP,W2A2,2,2,54,3,18,weight,0 1 1 2 2 2 3 3 3 4 4 4 5 5 5 6 6 6 7 7 7 8 8 8 9 9 9 10 10 10 11 11 11 12 12 12 13 13 13 14 14 14 15 15 15 16 16 16 17 17 17 18 18 19,540000,0,0.0,0.0,0.0,0
79,Ultra-DSP,W2A2,2,2,54,3,18,weight,0 1 1 2 2 2 3 3 3 4 4 4 5 5 5 6 6 6 7 7 7 8 8 8 9 9 9 10 10 10 11 11 11 12 12 12 13 13 13 14 14 14 15 15 15 16 16 16 17 17 17 18 18 19,540000,0,0.0,0.0,0.0,0
80,Ultra-DSP,W2A2,2,2,54,3,18,weight,0 1 1 2 2 2 3 3 3 4 4 4 5 5 5 6 6 6 7 7 7 8 8 8 9 9 9 10 10 10 11 11 11 12 12 12 13 13 13 14 14 14 15 15 15 16 16 16 17 17 17 18 18 19,540000,0,0.0,0.0,0.0,0
81,Ultra-DSP,W2A2,2,2,54,3,18,weight,0 1 1 2 2 2 3 3 3 4 4 4 5 5 5 6 6 6 7 7 7 8 8 8 9 9 9 10 10 10 11 11 11 12 12 12 13 13 13 14 14 14 15 15 15 16 16 16 17 17 17 18 18 19,540000,0,0.0,0.0,0.0,0
82,Ultra-DSP,W2A2,2,2,54,3,18,weight,0 1 1 2 2 2 3 3 3 4 4 4 5 5 5 6 6 6 7 7 7 8 8 8 9 9 9 10 10 10 11 11 11 12 12 12 13 13 13 14 14 14 15 15 15 16 16 16 17 17 17 18 18 19,540000,0,0.0,0.0,0.0,0
83,Ultra-DSP,W2A2,2,2,54,3,18,weight,0 1 1 2 2 2 3 3 3 4 4 4 5 5 5 6 6 6 7 7 7 8 8 8 9 9 9 10 10 10 11 11 11 12 12 12 13 13 13 14 14 14 15 15 15 16 16 16 17 17 17 18 18 19,540000,0,0.0,0.0,0.0,0
84,Ultra-DSP,W2A2,2,2,54,3,18,weight,0 1 1 2 2 2 3 3 3 4 4 4 5 5 5 6 6 6 7 7 7 8 8 8 9 9 9 10 10 10 11 11 11 12 12 12 13 13 13 14 14 14 15 15 15 16 16 16 17 17 17 18 18 19,540000,0,0.0,0.0,0.0,0
85,Ultra-DSP,W2A2,2,2,54,3,18,weight,0 1 1 2 2 2 3 3 3 4 4 4 5 5 5 6 6 6 7 7 7 8 8 8 9 9 9 10 10 10 11 11 11 12 12 12 13 13 13 14 14 14 15 15 15 16 16 16 17 17 17 18 18 19,540000,0,0.0,0.0,0.0,0
86,Ultra-DSP,W2A2,2,2,54,3,18,weight,0 1 1 2 2 2 3 3 3 4 4 4 5 5 5 6 6 6 7 7 7 8 8 8 9 9 9 10 10 10 11 11 11 12 12 12 13 13 13 14 14 14 15 15 15 16 16 16 17 17 17 18 18 19,540000,0,0.0,0.0,0.0,0
87,Ultra-DSP,W2A2,2,2,54,3,18,weight,0 1 1 2 2 2 3 3 3 4 4 4 5 5 5 6 6 6 7 7 7 8 8 8 9 9 9 10 10 10 11 11 11 12 12 12 13 13 13 14 14 14 15 15 15 16 16 16 17 17 17 18 18 19,540000,0,0.0,0.0,0.0,0
88,Ultra-DSP,W2A2,2,2,54,3,18,weight,0 1 1 2 2 2 3 3 3 4 4 4 5 5 5 6 6 6 7 7 7 8 8 8 9 9 9 10 10 10 11 11 11 12 12 12 13 13 13 14 14 14 15 15 15 16 16 16 17 17 17 18 18 19,540000,0,0.0,0.0,0.0,0
89,Ultra-DSP,W2A2,2,2,54,3,18,weight,0 1 1 2 2 2 3 3 3 4 4 4 5 5 5 6 6 6 7 7 7 8 8 8 9 9 9 10 10 10 11 11 11 12 12 12 13 13 13 14 14 14 15 15 15 16 16 16 17 17 17 18 18 19,540000,0,0.0,0.0,0.0,0
90,Ultra-DSP,W2A2,2,2,54,3,18,weight,0 1 1 2 2 2 3 3 3 4 4 4 5 5 5 6 6 6 7 7 7 8 8 8 9 9 9 10 10 10 11 11 11 12 12 12 13 13 13 14 14 14 15 15 15 16 16 16 17 17 17 18 18 19,540000,0,0.0,0.0,0.0,0
91,Ultra-DSP,W2A2,2,2,54,3,18,weight,0 1 1 2 2 2 3 3 3 4 4 4 5 5 5 6 6 6 7 7 7 8 8 8 9 9 9 10 10 10 11 11 11 12 12 12 13 13 13 14 14 14 15 15 15 16 16 16 17 17 17 18 18 19,540000,0,0.0,0.0,0.0,0
92,Ultra-DSP,W2A2,2,2,54,3,18,weight,0 1 1 2 2 2 3 3 3 4 4 4 5 5 5 6 6 6 7 7 7 8 8 8 9 9 9 10 10 10 11 11 11 12 12 12 13 13 13 14 14 14 15 15 15 16 16 16 17 17 17 18 18 19,540000,0,0.0,0.0,0.0,0
93,Ultra-DSP,W2A2,2,2,54,3,18,weight,0 1 1 2 2 2 3 3 3 4 4 4 5 5 5 6 6 6 7 7 7 8 8 8 9 9 9 10 10 10 11 11 11 12 12 12 13 13 13 14 14 14 15 15 15 16 16 16 17 17 17 18 18 19,540000,0,0.0,0.0,0.0,0
94,Ultra-DSP,W2A2,2,2,54,3,18,weight,0 1 1 2 2 2 3 3 3 4 4 4 5 5 5 6 6 6 7 7 7 8 8 8 9 9 9 10 10 10 11 11 11 12 12 12 13 13 13 14 14 14 15 15 15 16 16 16 17 17 17 18 18 19,540000,0,0.0,0.0,0.0,0
95,Ultra-DSP,W2A2,2,2,54,3,18,weight,0 1 1 2 2 2 3 3 3 4 4 4 5 5 5 6 6 6 7 7 7 8 8 8 9 9 9 10 10 10 11 11 11 12 12 12 13 13 13 14 14 14 15 15 15 16 16 16 17 17 17 18 18 19,540000,0,0.0,0.0,0.0,0
96,Ultra-DSP,W2A2,2,2,54,3,18,weight,0 1 1 2 2 2 3 3 3 4 4 4 5 5 5 6 6 6 7 7 7 8 8 8 9 9 9 10 10 10 11 11 11 12 12 12 13 13 13 14 14 14 15 15 15 16 16 16 17 17 17 18 18 19,540000,0,0.0,0.0,0.0,0
97,Ultra-DSP,W2A2,2,2,54,3,18,weight,0 1 1 2 2 2 3 3 3 4 4 4 5 5 5 6 6 6 7 7 7 8 8 8 9 9 9 10 10 10 11 11 11 12 12 12 13 13 13 14 14 14 15 15 15 16 16 16 17 17 17 18 18 19,540000,0,0.0,0.0,0.0,0
98,Ultra-DSP,W2A2,2,2,54,3,18,weight,0 1 1 2 2 2 3 3 3 4 4 4 5 5 5 6 6 6 7 7 7 8 8 8 9 9 9 10 10 10 11 11 11 12 12 12 13 13 13 14 14 14 15 15 15 16 16 16 17 17 17 18 18 19,540000,0,0.0,0.0,0.0,0
99,Ultra-DSP,W2A2,2,2,54,3,18,weight,0 1 1 2 2 2 3 3 3 4 4 4 5 5 5 6 6 6 7 7 7 8 8 8 9 9 9 10 10 10 11 11 11 12 12 12 13 13 13 14 14 14 15 15 15 16 16 16 17 17 17 18 18 19,540000,0,0.0,0.0,0.0,0
0,Ultra-DSP,W2A3,2,3,34,17,2,weight,0 1 2 3 4 5 6 7 8 9 10 11 12 13 14 15 16 16 17 18 19 20 21 22 23 24 25 26 27 28 29 30 31 32,340000,0,0.0,0.0,0.0,0
1,Ultra-DSP,W2A3,2,3,34,17,2,weight,0 1 2 3 4 5 6 7 8 9 10 11 12 13 14 15 16 16 17 18 19 20 21 22 23 24 25 26 27 28 29 30 31 32,340000,0,0.0,0.0,0.0,0
2,Ultra-DSP,W2A3,2,3,34,17,2,weight,0 1 2 3 4 5 6 7 8 9 10 11 12 13 14 15 16 16 17 18 19 20 21 22 23 24 25 26 27 28 29 30 31 32,340000,0,0.0,0.0,0.0,0
3,Ultra-DSP,W2A3,2,3,34,17,2,weight,0 1 2 3 4 5 6 7 8 9 10 11 12 13 14 15 16 16 17 18 19 20 21 22 23 24 25 26 27 28 29 30 31 32,340000,0,0.0,0.0,0.0,0
4,Ultra-DSP,W2A3,2,3,34,17,2,weight,0 1 2 3 4 5 6 7 8 9 10 11 12 13 14 15 16 16 17 18 19 20 21 22 23 24 25 26 27 28 29 30 31 32,340000,0,0.0,0.0,0.0,0
5,Ultra-DSP,W2A3,2,3,34,17,2,weight,0 1 2 3 4 5 6 7 8 9 10 11 12 13 14 15 16 16 17 18 19 20 21 22 23 24 25 26 27 28 29 30 31 32,340000,0,0.0,0.0,0.0,0
6,Ultra-DSP,W2A3,2,3,34,17,2,weight,0 1 2 3 4 5 6 7 8 9 10 11 12 13 14 15 16 16 17 18 19 20 21 22 23 24 25 26 27 28 29 30 31 32,340000,0,0.0,0.0,0.0,0
7,Ultra-DSP,W2A3,2,3,34,17,2,weight,0 1 2 3 4 5 6 7 8 9 10 11 12 13 14 15 16 16 17 18 19 20 21 22 23 24 25 26 27 28 29 30 31 32,340000,0,0.0,0.0,0.0,0
8,Ultra-DSP,W2A3,2,3,34,17,2,weight,0 1 2 3 4 5 6 7 8 9 10 11 12 13 14 15 16 16 17 18 19 20 21 22 23 24 25 26 27 28 29 30 31 32,340000,0,0.0,0.0,0.0,0
9,Ultra-DSP,W2A3,2,3,34,17,2,weight,0 1 2 3 4 5 6 7 8 9 10 11 12 13 14 15 16 16 17 18 19 20 21 22 23 24 25 26 27 28 29 30 31 32,340000,0,0.0,0.0,0.0,0
10,Ultra-DSP,W2A3,2,3,34,17,2,weight,0 1 2 3 4 5 6 7 8 9 10 11 12 13 14 15 16 16 17 18 19 20 21 22 23 24 25 26 27 28 29 30 31 32,340000,0,0.0,0.0,0.0,0
11,Ultra-DSP,W2A3,2,3,34,17,2,weight,0 1 2 3 4 5 6 7 8 9 10 11 12 13 14 15 16 16 17 18 19 20 21 22 23 24 25 26 27 28 29 30 31 32,340000,0,0.0,0.0,0.0,0
12,Ultra-DSP,W2A3,2,3,34,17,2,weight,0 1 2 3 4 5 6 7 8 9 10 11 12 13 14 15 16 16 17 18 19 20 21 22 23 24 25 26 27 28 29 30 31 32,340000,0,0.0,0.0,0.0,0
13,Ultra-DSP,W2A3,2,3,34,17,2,weight,0 1 2 3 4 5 6 7 8 9 10 11 12 13 14 15 16 16 17 18 19 20 21 22 23 24 25 26 27 28 29 30 31 32,340000,0,0.0,0.0,0.0,0
14,Ultra-DSP,W2A3,2,3,34,17,2,weight,0 1 2 3 4 5 6 7 8 9 10 11 12 13 14 15 16 16 17 18 19 20 21 22 23 24 25 26 27 28 29 30 31 32,340000,0,0.0,0.0,0.0,0
15,Ultra-DSP,W2A3,2,3,34,17,2,weight,0 1 2 3 4 5 6 7 8 9 10 11 12 13 14 15 16 16 17 18 19 20 21 22 23 24 25 26 27 28 29 30 31 32,340000,0,0.0,0.0,0.0,0
16,Ultra-DSP,W2A3,2,3,34,17,2,weight,0 1 2 3 4 5 6 7 8 9 10 11 12 13 14 15 16 16 17 18 19 20 21 22 23 24 25 26 27 28 29 30 31 32,340000,0,0.0,0.0,0.0,0
17,Ultra-DSP,W2A3,2,3,34,17,2,weight,0 1 2 3 4 5 6 7 8 9 10 11 12 13 14 15 16 16 17 18 19 20 21 22 23 24 25 26 27 28 29 30 31 32,340000,0,0.0,0.0,0.0,0
18,Ultra-DSP,W2A3,2,3,34,17,2,weight,0 1 2 3 4 5 6 7 8 9 10 11 12 13 14 15 16 16 17 18 19 20 21 22 23 24 25 26 27 28 29 30 31 32,340000,0,0.0,0.0,0.0,0
19,Ultra-DSP,W2A3,2,3,34,17,2,weight,0 1 2 3 4 5 6 7 8 9 10 11 12 13 14 15 16 16 17 18 19 20 21 22 23 24 25 26 27 28 29 30 31 32,340000,0,0.0,0.0,0.0,0
20,Ultra-DSP,W2A3,2,3,34,17,2,weight,0 1 2 3 4 5 6 7 8 9 10 11 12 13 14 15 16 16 17 18 19 20 21 22 23 24 25 26 27 28 29 30 31 32,340000,0,0.0,0.0,0.0,0
21,Ultra-DSP,W2A3,2,3,34,17,2,weight,0 1 2 3 4 5 6 7 8 9 10 11 12 13 14 15 16 16 17 18 19 20 21 22 23 24 25 26 27 28 29 30 31 32,340000,0,0.0,0.0,0.0,0
22,Ultra-DSP,W2A3,2,3,34,17,2,weight,0 1 2 3 4 5 6 7 8 9 10 11 12 13 14 15 16 16 17 18 19 20 21 22 23 24 25 26 27 28 29 30 31 32,340000,0,0.0,0.0,0.0,0
23,Ultra-DSP,W2A3,2,3,34,17,2,weight,0 1 2 3 4 5 6 7 8 9 10 11 12 13 14 15 16 16 17 18 19 20 21 22 23 24 25 26 27 28 29 30 31 32,340000,0,0.0,0.0,0.0,0
24,Ultra-DSP,W2A3,2,3,34,17,2,weight,0 1 2 3 4 5 6 7 8 9 10 11 12 13 14 15 16 16 17 18 19 20 21 22 23 24 25 26 27 28 29 30 31 32,340000,0,0.0,0.0,0.0,0
25,Ultra-DSP,W2A3,2,3,34,17,2,weight,0 1 2 3 4 5 6 7 8 9 10 11 12 13 14 15 16 16 17 18 19 20 21 22 23 24 25 26 27 28 29 30 31 32,340000,0,0.0,0.0,0.0,0
26,Ultra-DSP,W2A3,2,3,34,17,2,weight,0 1 2 3 4 5 6 7 8 9 10 11 12 13 14 15 16 16 17 18 19 20 21 22 23 24 25 26 27 28 29 30 31 32,340000,0,0.0,0.0,0.0,0
27,Ultra-DSP,W2A3,2,3,34,17,2,weight,0 1 2 3 4 5 6 7 8 9 10 11 12 13 14 15 16 16 17 18 19 20 21 22 23 24 25 26 27 28 29 30 31 32,340000,0,0.0,0.0,0.0,0
28,Ultra-DSP,W2A3,2,3,34,17,2,weight,0 1 2 3 4 5 6 7 8 9 10 11 12 13 14 15 16 16 17 18 19 20 21 22 23 24 25 26 27 28 29 30 31 32,340000,0,0.0,0.0,0.0,0
29,Ultra-DSP,W2A3,2,3,34,17,2,weight,0 1 2 3 4 5 6 7 8 9 10 11 12 13 14 15 16 16 17 18 19 20 21 22 23 24 25 26 27 28 29 30 31 32,340000,0,0.0,0.0,0.0,0
30,Ultra-DSP,W2A3,2,3,34,17,2,weight,0 1 2 3 4 5 6 7 8 9 10 11 12 13 14 15 16 16 17 18 19 20 21 22 23 24 25 26 27 28 29 30 31 32,340000,0,0.0,0.0,0.0,0
31,Ultra-DSP,W2A3,2,3,34,17,2,weight,0 1 2 3 4 5 6 7 8 9 10 11 12 13 14 15 16 16 17 18 19 20 21 22 23 24 25 26 27 28 29 30 31 32,340000,0,0.0,0.0,0.0,0
32,Ultra-DSP,W2A3,2,3,34,17,2,weight,0 1 2 3 4 5 6 7 8 9 10 11 12 13 14 15 16 16 17 18 19 20 21 22 23 24 25 26 27 28 29 30 31 32,340000,0,0.0,0.0,0.0,0
33,Ultra-DSP,W2A3,2,3,34,17,2,weight,0 1 2 3 4 5 6 7 8 9 10 11 12 13 14 15 16 16 17 18 19 20 21 22 23 24 25 26 27 28 29 30 31 32,340000,0,0.0,0.0,0.0,0
34,Ultra-DSP,W2A3,2,3,34,17,2,weight,0 1 2 3 4 5 6 7 8 9 10 11 12 13 14 15 16 16 17 18 19 20 21 22 23 24 25 26 27 28 29 30 31 32,340000,0,0.0,0.0,0.0,0
35,Ultra-DSP,W2A3,2,3,34,17,2,weight,0 1 2 3 4 5 6 7 8 9 10 11 12 13 14 15 16 16 17 18 19 20 21 22 23 24 25 26 27 28 29 30 31 32,340000,0,0.0,0.0,0.0,0
36,Ultra-DSP,W2A3,2,3,34,17,2,weight,0 1 2 3 4 5 6 7 8 9 10 11 12 13 14 15 16 16 17 18 19 20 21 22 23 24 25 26 27 28 29 30 31 32,340000,0,0.0,0.0,0.0,0
37,Ultra-DSP,W2A3,2,3,34,17,2,weight,0 1 2 3 4 5 6 7 8 9 10 11 12 13 14 15 16 16 17 18 19 20 21 22 23 24 25 26 27 28 29 30 31 32,340000,0,0.0,0.0,0.0,0
38,Ultra-DSP,W2A3,2,3,34,17,2,weight,0 1 2 3 4 5 6 7 8 9 10 11 12 13 14 15 16 16 17 18 19 20 21 22 23 24 25 26 27 28 29 30 31 32,340000,0,0.0,0.0,0.0,0
39,Ultra-DSP,W2A3,2,3,34,17,2,weight,0 1 2 3 4 5 6 7 8 9 10 11 12 13 14 15 16 16 17 18 19 20 21 22 23 24 25 26 27 28 29 30 31 32,340000,0,0.0,0.0,0.0,0
40,Ultra-DSP,W2A3,2,3,34,17,2,weight,0 1 2 3 4 5 6 7 8 9 10 11 12 13 14 15 16 16 17 18 19 20 21 22 23 24 25 26 27 28 29 30 31 32,340000,0,0.0,0.0,0.0,0
41,Ultra-DSP,W2A3,2,3,34,17,2,weight,0 1 2 3 4 5 6 7 8 9 10 11 12 13 14 15 16 16 17 18 19 20 21 22 23 24 25 26 27 28 29 30 31 32,340000,0,0.0,0.0,0.0,0
42,Ultra-DSP,W2A3,2,3,34,17,2,weight,0 1 2 3 4 5 6 7 8 9 10 11 12 13 14 15 16 16 17 18 19 20 21 22 23 24 25 26 27 28 29 30 31 32,340000,0,0.0,0.0,0.0,0
43,Ultra-DSP,W2A3,2,3,34,17,2,weight,0 1 2 3 4 5 6 7 8 9 10 11 12 13 14 15 16 16 17 18 19 20 21 22 23 24 25 26 27 28 29 30 31 32,340000,0,0.0,0.0,0.0,0
44,Ultra-DSP,W2A3,2,3,34,17,2,weight,0 1 2 3 4 5 6 7 8 9 10 11 12 13 14 15 16 16 17 18 19 20 21 22 23 24 25 26 27 28 29 30 31 32,340000,0,0.0,0.0,0.0,0
45,Ultra-DSP,W2A3,2,3,34,17,2,weight,0 1 2 3 4 5 6 7 8 9 10 11 12 13 14 15 16 16 17 18 19 20 21 22 23 24 25 26 27 28 29 30 31 32,340000,0,0.0,0.0,0.0,0
46,Ultra-DSP,W2A3,2,3,34,17,2,weight,0 1 2 3 4 5 6 7 8 9 10 11 12 13 14 15 16 16 17 18 19 20 21 22 23 24 25 26 27 28 29 30 31 32,340000,0,0.0,0.0,0.0,0
47,Ultra-DSP,W2A3,2,3,34,17,2,weight,0 1 2 3 4 5 6 7 8 9 10 11 12 13 14 15 16 16 17 18 19 20 21 22 23 24 25 26 27 28 29 30 31 32,340000,0,0.0,0.0,0.0,0
48,Ultra-DSP,W2A3,2,3,34,17,2,weight,0 1 2 3 4 5 6 7 8 9 10 11 12 13 14 15 16 16 17 18 19 20 21 22 23 24 25 26 27 28 29 30 31 32,340000,0,0.0,0.0,0.0,0
49,Ultra-DSP,W2A3,2,3,34,17,2,weight,0 1 2 3 4 5 6 7 8 9 10 11 12 13 14 15 16 16 17 18 19 20 21 22 23 24 25 26 27 28 29 30 31 32,340000,0,0.0,0.0,0.0,0
50,Ultra-DSP,W2A3,2,3,34,17,2,weight,0 1 2 3 4 5 6 7 8 9 10 11 12 13 14 15 16 16 17 18 19 20 21 22 23 24 25 26 27 28 29 30 31 32,340000,0,0.0,0.0,0.0,0
51,Ultra-DSP,W2A3,2,3,34,17,2,weight,0 1 2 3 4 5 6 7 8 9 10 11 12 13 14 15 16 16 17 18 19 20 21 22 23 24 25 26 27 28 29 30 31 32,340000,0,0.0,0.0,0.0,0
52,Ultra-DSP,W2A3,2,3,34,17,2,weight,0 1 2 3 4 5 6 7 8 9 10 11 12 13 14 15 16 16 17 18 19 20 21 22 23 24 25 26 27 28 29 30 31 32,340000,0,0.0,0.0,0.0,0
53,Ultra-DSP,W2A3,2,3,34,17,2,weight,0 1 2 3 4 5 6 7 8 9 10 11 12 13 14 15 16 16 17 18 19 20 21 22 23 24 25 26 27 28 29 30 31 32,340000,0,0.0,0.0,0.0,0
54,Ultra-DSP,W2A3,2,3,34,17,2,weight,0 1 2 3 4 5 6 7 8 9 10 11 12 13 14 15 16 16 17 18 19 20 21 22 23 24 25 26 27 28 29 30 31 32,340000,0,0.0,0.0,0.0,0
55,Ultra-DSP,W2A3,2,3,34,17,2,weight,0 1 2 3 4 5 6 7 8 9 10 11 12 13 14 15 16 16 17 18 19 20 21 22 23 24 25 26 27 28 29 30 31 32,340000,0,0.0,0.0,0.0,0
56,Ultra-DSP,W2A3,2,3,34,17,2,weight,0 1 2 3 4 5 6 7 8 9 10 11 12 13 14 15 16 16 17 18 19 20 21 22 23 24 25 26 27 28 29 30 31 32,340000,0,0.0,0.0,0.0,0
57,Ultra-DSP,W2A3,2,3,34,17,2,weight,0 1 2 3 4 5 6 7 8 9 10 11 12 13 14 15 16 16 17 18 19 20 21 22 23 24 25 26 27 28 29 30 31 32,340000,0,0.0,0.0,0.0,0
58,Ultra-DSP,W2A3,2,3,34,17,2,weight,0 1 2 3 4 5 6 7 8 9 10 11 12 13 14 15 16 16 17 18 19 20 21 22 23 24 25 26 27 28 29 30 31 32,340000,0,0.0,0.0,0.0,0
59,Ultra-DSP,W2A3,2,3,34,17,2,weight,0 1 2 3 4 5 6 7 8 9 10 11 12 13 14 15 16 16 17 18 19 20 21 22 23 24 25 26 27 28 29 30 31 32,340000,0,0.0,0.0,0.0,0
60,Ultra-DSP,W2A3,2,3,34,17,2,weight,0 1 2 3 4 5 6 7 8 9 10 11 12 13 14 15 16 16 17 18 19 20 21 22 23 24 25 26 27 28 29 30 31 32,340000,0,0.0,0.0,0.0,0
61,Ultra-DSP,W2A3,2,3,34,17,2,weight,0 1 2 3 4 5 6 7 8 9 10 11 12 13 14 15 16 16 17 18 19 20 21 22 23 24 25 26 27 28 29 30 31 32,340000,0,0.0,0.0,0.0,0
62,Ultra-DSP,W2A3,2,3,34,17,2,weight,0 1 2 3 4 5 6 7 8 9 10 11 12 13 14 15 16 16 17 18 19 20 21 22 23 24 25 26 27 28 29 30 31 32,340000,0,0.0,0.0,0.0,0
63,Ultra-DSP,W2A3,2,3,34,17,2,weight,0 1 2 3 4 5 6 7 8 9 10 11 12 13 14 15 16 16 17 18 19 20 21 22 23 24 25 26 27 28 29 30 31 32,340000,0,0.0,0.0,0.0,0
64,Ultra-DSP,W2A3,2,3,34,17,2,weight,0 1 2 3 4 5 6 7 8 9 10 11 12 13 14 15 16 16 17 18 19 20 21 22 23 24 25 26 27 28 29 30 31 32,340000,0,0.0,0.0,0.0,0
65,Ultra-DSP,W2A3,2,3,34,17,2,weight,0 1 2 3 4 5 6 7 8 9 10 11 12 13 14 15 16 16 17 18 19 20 21 22 23 24 25 26 27 28 29 30 31 32,340000,0,0.0,0.0,0.0,0
66,Ultra-DSP,W2A3,2,3,34,17,2,weight,0 1 2 3 4 5 6 7 8 9 10 11 12 13 14 15 16 16 17 18 19 20 21 22 23 24 25 26 27 28 29 30 31 32,340000,0,0.0,0.0,0.0,0
67,Ultra-DSP,W2A3,2,3,34,17,2,weight,0 1 2 3 4 5 6 7 8 9 10 11 12 13 14 15 16 16 17 18 19 20 21 22 23 24 25 26 27 28 29 30 31 32,340000,0,0.0,0.0,0.0,0
68,Ultra-DSP,W2A3,2,3,34,17,2,weight,0 1 2 3 4 5 6 7 8 9 10 11 12 13 14 15 16 16 17 18 19 20 21 22 23 24 25 26 27 28 29 30 31 32,340000,0,0.0,0.0,0.0,0
69,Ultra-DSP,W2A3,2,3,34,17,2,weight,0 1 2 3 4 5 6 7 8 9 10 11 12 13 14 15 16 16 17 18 19 20 21 22 23 24 25 26 27 28 29 30 31 32,340000,0,0.0,0.0,0.0,0
70,Ultra-DSP,W2A3,2,3,34,17,2,weight,0 1 2 3 4 5 6 7 8 9 10 11 12 13 14 15 16 16 17 18 19 20 21 22 23 24 25 26 27 28 29 30 31 32,340000,0,0.0,0.0,0.0,0
71,Ultra-DSP,W2A3,2,3,34,17,2,weight,0 1 2 3 4 5 6 7 8 9 10 11 12 13 14 15 16 16 17 18 19 20 21 22 23 24 25 26 27 28 29 30 31 32,340000,0,0.0,0.0,0.0,0
72,Ultra-DSP,W2A3,2,3,34,17,2,weight,0 1 2 3 4 5 6 7 8 9 10 11 12 13 14 15 16 16 17 18 19 20 21 22 23 24 25 26 27 28 29 30 31 32,340000,0,0.0,0.0,0.0,0
73,Ultra-DSP,W2A3,2,3,34,17,2,weight,0 1 2 3 4 5 6 7 8 9 10 11 12 13 14 15 16 16 17 18 19 20 21 22 23 24 25 26 27 28 29 30 31 32,340000,0,0.0,0.0,0.0,0
74,Ultra-DSP,W2A3,2,3,34,17,2,weight,0 1 2 3 4 5 6 7 8 9 10 11 12 13 14 15 16 16 17 18 19 20 21 22 23 24 25 26 27 28 29 30 31 32,340000,0,0.0,0.0,0.0,0
75,Ultra-DSP,W2A3,2,3,34,17,2,weight,0 1 2 3 4 5 6 7 8 9 10 11 12 13 14 15 16 16 17 18 19 20 21 22 23 24 25 26 27 28 29 30 31 32,340000,0,0.0,0.0,0.0,0
76,Ultra-DSP,W2A3,2,3,34,17,2,weight,0 1 2 3 4 5 6 7 8 9 10 11 12 13 14 15 16 16 17 18 19 20 21 22 23 24 25 26 27 28 29 30 31 32,340000,0,0.0,0.0,0.0,0
77,Ultra-DSP,W2A3,2,3,34,17,2,weight,0 1 2 3 4 5 6 7 8 9 10 11 12 13 14 15 16 16 17 18 19 20 21 22 23 24 25 26 27 28 29 30 31 32,340000,0,0.0,0.0,0.0,0
78,Ultra-DSP,W2A3,2,3,34,17,2,weight,0 1 2 3 4 5 6 7 8 9 10 11 12 13 14 15 16 16 17 18 19 20 21 22 23 24 25 26 27 28 29 30 31 32,340000,0,0.0,0.0,0.0,0
79,Ultra-DSP,W2A3,2,3,34,17,2,weight,0 1 2 3 4 5 6 7 8 9 10 11 12 13 14 15 16 16 17 18 19 20 21 22 23 24 25 26 27 28 29 30 31 32,340000,0,0.0,0.0,0.0,0
80,Ultra-DSP,W2A3,2,3,34,17,2,weight,0 1 2 3 4 5 6 7 8 9 10 11 12 13 14 15 16 16 17 18 19 20 21 22 23 24 25 26 27 28 29 30 31 32,340000,0,0.0,0.0,0.0,0
81,Ultra-DSP,W2A3,2,3,34,17,2,weight,0 1 2 3 4 5 6 7 8 9 10 11 12 13 14 15 16 16 17 18 19 20 21 22 23 24 25 26 27 28 29 30 31 32,340000,0,0.0,0.0,0.0,0
82,Ultra-DSP,W2A3,2,3,34,17,2,weight,0 1 2 3 4 5 6 7 8 9 10 11 12 13 14 15 16 16 17 18 19 20 21 22 23 24 25 26 27 28 29 30 31 32,340000,0,0.0,0.0,0.0,0
83,Ultra-DSP,W2A3,2,3,34,17,2,weight,0 1 2 3 4 5 6 7 8 9 10 11 12 13 14 15 16 16 17 18 19 20 21 22 23 24 25 26 27 28 29 30 31 32,340000,0,0.0,0.0,0.0,0
84,Ultra-DSP,W2A3,2,3,34,17,2,weight,0 1 2 3 4 5 6 7 8 9 10 11 12 13 14 15 16 16 17 18 19 20 21 22 23 24 25 26 27 28 29 30 31 32,340000,0,0.0,0.0,0.0,0
85,Ultra-DSP,W2A3,2,3,34,17,2,weight,0 1 2 3 4 5 6 7 8 9 10 11 12 13 14 15 16 16 17 18 19 20 21 22 23 24 25 26 27 28 29 30 31 32,340000,0,0.0,0.0,0.0,0
86,Ultra-DSP,W2A3,2,3,34,17,2,weight,0 1 2 3 4 5 6 7 8 9 10 11 12 13 14 15 16 16 17 18 19 20 21 22 23 24 25 26 27 28 29 30 31 32,340000,0,0.0,0.0,0.0,0
87,Ultra-DSP,W2A3,2,3,34,17,2,weight,0 1 2 3 4 5 6 7 8 9 10 11 12 13 14 15 16 16 17 18 19 20 21 22 23 24 25 26 27 28 29 30 31 32,340000,0,0.0,0.0,0.0,0
88,Ultra-DSP,W2A3,2,3,34,17,2,weight,0 1 2 3 4 5 6 7 8 9 10 11 12 13 14 15 16 16 17 18 19 20 21 22 23 24 25 26 27 28 29 30 31 32,340000,0,0.0,0.0,0.0,0
89,Ultra-DSP,W2A3,2,3,34,17,2,weight,0 1 2 3 4 5 6 7 8 9 10 11 12 13 14 15 16 16 17 18 19 20 21 22 23 24 25 26 27 28 29 30 31 32,340000,0,0.0,0.0,0.0,0
90,Ultra-DSP,W2A3,2,3,34,17,2,weight,0 1 2 3 4 5 6 7 8 9 10 11 12 13 14 15 16 16 17 18 19 20 21 22 23 24 25 26 27 28 29 30 31 32,340000,0,0.0,0.0,0.0,0
91,Ultra-DSP,W2A3,2,3,34,17,2,weight,0 1 2 3 4 5 6 7 8 9 10 11 12 13 14 15 16 16 17 18 19 20 21 22 23 24 25 26 27 28 29 30 31 32,340000,0,0.0,0.0,0.0,0
92,Ultra-DSP,W2A3,2,3,34,17,2,weight,0 1 2 3 4 5 6 7 8 9 10 11 12 13 14 15 16 16 17 18 19 20 21 22 23 24 25 26 27 28 29 30 31 32,340000,0,0.0,0.0,0.0,0
93,Ultra-DSP,W2A3,2,3,34,17,2,weight,0 1 2 3 4 5 6 7 8 9 10 11 12 13 14 15 16 16 17 18 19 20 21 22 23 24 25 26 27 28 29 30 31 32,340000,0,0.0,0.0,0.0,0
94,Ultra-DSP,W2A3,2,3,34,17,2,weight,0 1 2 3 4 5 6 7 8 9 10 11 12 13 14 15 16 16 17 18 19 20 21 22 23 24 25 26 27 28 29 30 31 32,340000,0,0.0,0.0,0.0,0
95,Ultra-DSP,W2A3,2,3,34,17,2,weight,0 1 2 3 4 5 6 7 8 9 10 11 12 13 14 15 16 16 17 18 19 20 21 22 23 24 25 26 27 28 29 30 31 32,340000,0,0.0,0.0,0.0,0
96,Ultra-DSP,W2A3,2,3,34,17,2,weight,0 1 2 3 4 5 6 7 8 9 10 11 12 13 14 15 16 16 17 18 19 20 21 22 23 24 25 26 27 28 29 30 31 32,340000,0,0.0,0.0,0.0,0
97,Ultra-DSP,W2A3,2,3,34,17,2,weight,0 1 2 3 4 5 6 7 8 9 10 11 12 13 14 15 16 16 17 18 19 20 21 22 23 24 25 26 27 28 29 30 31 32,340000,0,0.0,0.0,0.0,0
98,Ultra-DSP,W2A3,2,3,34,17,2,weight,0 1 2 3 4 5 6 7 8 9 10 11 12 13 14 15 16 16 17 18 19 20 21 22 23 24 25 26 27 28 29 30 31 32,340000,0,0.0,0.0,0.0,0
99,Ultra-DSP,W2A3,2,3,34,17,2,weight,0 1 2 3 4 5 6 7 8 9 10 11 12 13 14 15 16 16 17 18 19 20 21 22 23 24 25 26 27 28 29 30 31 32,340000,0,0.0,0.0,0.0,0
0,Ultra-DSP,W2A4,2,4,30,15,2,weight,0 1 2 3 4 5 6 7 8 9 10 11 12 13 14 15 16 17 18 19 20 21 22 23 24 25 26 27 28 29,300000,0,0.0,0.0,0.0,0
1,Ultra-DSP,W2A4,2,4,30,15,2,weight,0 1 2 3 4 5 6 7 8 9 10 11 12 13 14 15 16 17 18 19 20 21 22 23 24 25 26 27 28 29,300000,0,0.0,0.0,0.0,0
2,Ultra-DSP,W2A4,2,4,30,15,2,weight,0 1 2 3 4 5 6 7 8 9 10 11 12 13 14 15 16 17 18 19 20 21 22 23 24 25 26 27 28 29,300000,0,0.0,0.0,0.0,0
3,Ultra-DSP,W2A4,2,4,30,15,2,weight,0 1 2 3 4 5 6 7 8 9 10 11 12 13 14 15 16 17 18 19 20 21 22 23 24 25 26 27 28 29,300000,0,0.0,0.0,0.0,0
4,Ultra-DSP,W2A4,2,4,30,15,2,weight,0 1 2 3 4 5 6 7 8 9 10 11 12 13 14 15 16 17 18 19 20 21 22 23 24 25 26 27 28 29,300000,0,0.0,0.0,0.0,0
5,Ultra-DSP,W2A4,2,4,30,15,2,weight,0 1 2 3 4 5 6 7 8 9 10 11 12 13 14 15 16 17 18 19 20 21 22 23 24 25 26 27 28 29,300000,0,0.0,0.0,0.0,0
6,Ultra-DSP,W2A4,2,4,30,15,2,weight,0 1 2 3 4 5 6 7 8 9 10 11 12 13 14 15 16 17 18 19 20 21 22 23 24 25 26 27 28 29,300000,0,0.0,0.0,0.0,0
7,Ultra-DSP,W2A4,2,4,30,15,2,weight,0 1 2 3 4 5 6 7 8 9 10 11 12 13 14 15 16 17 18 19 20 21 22 23 24 25 26 27 28 29,300000,0,0.0,0.0,0.0,0
8,Ultra-DSP,W2A4,2,4,30,15,2,weight,0 1 2 3 4 5 6 7 8 9 10 11 12 13 14 15 16 17 18 19 20 21 22 23 24 25 26 27 28 29,300000,0,0.0,0.0,0.0,0
9,Ultra-DSP,W2A4,2,4,30,15,2,weight,0 1 2 3 4 5 6 7 8 9 10 11 12 13 14 15 16 17 18 19 20 21 22 23 24 25 26 27 28 29,300000,0,0.0,0.0,0.0,0
10,Ultra-DSP,W2A4,2,4,30,15,2,weight,0 1 2 3 4 5 6 7 8 9 10 11 12 13 14 15 16 17 18 19 20 21 22 23 24 25 26 27 28 29,300000,0,0.0,0.0,0.0,0
11,Ultra-DSP,W2A4,2,4,30,15,2,weight,0 1 2 3 4 5 6 7 8 9 10 11 12 13 14 15 16 17 18 19 20 21 22 23 24 25 26 27 28 29,300000,0,0.0,0.0,0.0,0
12,Ultra-DSP,W2A4,2,4,30,15,2,weight,0 1 2 3 4 5 6 7 8 9 10 11 12 13 14 15 16 17 18 19 20 21 22 23 24 25 26 27 28 29,300000,0,0.0,0.0,0.0,0
13,Ultra-DSP,W2A4,2,4,30,15,2,weight,0 1 2 3 4 5 6 7 8 9 10 11 12 13 14 15 16 17 18 19 20 21 22 23 24 25 26 27 28 29,300000,0,0.0,0.0,0.0,0
14,Ultra-DSP,W2A4,2,4,30,15,2,weight,0 1 2 3 4 5 6 7 8 9 10 11 12 13 14 15 16 17 18 19 20 21 22 23 24 25 26 27 28 29,300000,0,0.0,0.0,0.0,0
15,Ultra-DSP,W2A4,2,4,30,15,2,weight,0 1 2 3 4 5 6 7 8 9 10 11 12 13 14 15 16 17 18 19 20 21 22 23 24 25 26 27 28 29,300000,0,0.0,0.0,0.0,0
16,Ultra-DSP,W2A4,2,4,30,15,2,weight,0 1 2 3 4 5 6 7 8 9 10 11 12 13 14 15 16 17 18 19 20 21 22 23 24 25 26 27 28 29,300000,0,0.0,0.0,0.0,0
17,Ultra-DSP,W2A4,2,4,30,15,2,weight,0 1 2 3 4 5 6 7 8 9 10 11 12 13 14 15 16 17 18 19 20 21 22 23 24 25 26 27 28 29,300000,0,0.0,0.0,0.0,0
18,Ultra-DSP,W2A4,2,4,30,15,2,weight,0 1 2 3 4 5 6 7 8 9 10 11 12 13 14 15 16 17 18 19 20 21 22 23 24 25 26 27 28 29,300000,0,0.0,0.0,0.0,0
19,Ultra-DSP,W2A4,2,4,30,15,2,weight,0 1 2 3 4 5 6 7 8 9 10 11 12 13 14 15 16 17 18 19 20 21 22 23 24 25 26 27 28 29,300000,0,0.0,0.0,0.0,0
20,Ultra-DSP,W2A4,2,4,30,15,2,weight,0 1 2 3 4 5 6 7 8 9 10 11 12 13 14 15 16 17 18 19 20 21 22 23 24 25 26 27 28 29,300000,0,0.0,0.0,0.0,0
21,Ultra-DSP,W2A4,2,4,30,15,2,weight,0 1 2 3 4 5 6 7 8 9 10 11 12 13 14 15 16 17 18 19 20 21 22 23 24 25 26 27 28 29,300000,0,0.0,0.0,0.0,0
22,Ultra-DSP,W2A4,2,4,30,15,2,weight,0 1 2 3 4 5 6 7 8 9 10 11 12 13 14 15 16 17 18 19 20 21 22 23 24 25 26 27 28 29,300000,0,0.0,0.0,0.0,0
23,Ultra-DSP,W2A4,2,4,30,15,2,weight,0 1 2 3 4 5 6 7 8 9 10 11 12 13 14 15 16 17 18 19 20 21 22 23 24 25 26 27 28 29,300000,0,0.0,0.0,0.0,0
24,Ultra-DSP,W2A4,2,4,30,15,2,weight,0 1 2 3 4 5 6 7 8 9 10 11 12 13 14 15 16 17 18 19 20 21 22 23 24 25 26 27 28 29,300000,0,0.0,0.0,0.0,0
25,Ultra-DSP,W2A4,2,4,30,15,2,weight,0 1 2 3 4 5 6 7 8 9 10 11 12 13 14 15 16 17 18 19 20 21 22 23 24 25 26 27 28 29,300000,0,0.0,0.0,0.0,0
26,Ultra-DSP,W2A4,2,4,30,15,2,weight,0 1 2 3 4 5 6 7 8 9 10 11 12 13 14 15 16 17 18 19 20 21 22 23 24 25 26 27 28 29,300000,0,0.0,0.0,0.0,0
27,Ultra-DSP,W2A4,2,4,30,15,2,weight,0 1 2 3 4 5 6 7 8 9 10 11 12 13 14 15 16 17 18 19 20 21 22 23 24 25 26 27 28 29,300000,0,0.0,0.0,0.0,0
28,Ultra-DSP,W2A4,2,4,30,15,2,weight,0 1 2 3 4 5 6 7 8 9 10 11 12 13 14 15 16 17 18 19 20 21 22 23 24 25 26 27 28 29,300000,0,0.0,0.0,0.0,0
29,Ultra-DSP,W2A4,2,4,30,15,2,weight,0 1 2 3 4 5 6 7 8 9 10 11 12 13 14 15 16 17 18 19 20 21 22 23 24 25 26 27 28 29,300000,0,0.0,0.0,0.0,0
30,Ultra-DSP,W2A4,2,4,30,15,2,weight,0 1 2 3 4 5 6 7 8 9 10 11 12 13 14 15 16 17 18 19 20 21 22 23 24 25 26 27 28 29,300000,0,0.0,0.0,0.0,0
31,Ultra-DSP,W2A4,2,4,30,15,2,weight,0 1 2 3 4 5 6 7 8 9 10 11 12 13 14 15 16 17 18 19 20 21 22 23 24 25 26 27 28 29,300000,0,0.0,0.0,0.0,0
32,Ultra-DSP,W2A4,2,4,30,15,2,weight,0 1 2 3 4 5 6 7 8 9 10 11 12 13 14 15 16 17 18 19 20 21 22 23 24 25 26 27 28 29,300000,0,0.0,0.0,0.0,0
33,Ultra-DSP,W2A4,2,4,30,15,2,weight,0 1 2 3 4 5 6 7 8 9 10 11 12 13 14 15 16 17 18 19 20 21 22 23 24 25 26 27 28 29,300000,0,0.0,0.0,0.0,0
34,Ultra-DSP,W2A4,2,4,30,15,2,weight,0 1 2 3 4 5 6 7 8 9 10 11 12 13 14 15 16 17 18 19 20 21 22 23 24 25 26 27 28 29,300000,0,0.0,0.0,0.0,0
35,Ultra-DSP,W2A4,2,4,30,15,2,weight,0 1 2 3 4 5 6 7 8 9 10 11 12 13 14 15 16 17 18 19 20 21 22 23 24 25 26 27 28 29,300000,0,0.0,0.0,0.0,0
36,Ultra-DSP,W2A4,2,4,30,15,2,weight,0 1 2 3 4 5 6 7 8 9 10 11 12 13 14 15 16 17 18 19 20 21 22 23 24 25 26 27 28 29,300000,0,0.0,0.0,0.0,0
37,Ultra-DSP,W2A4,2,4,30,15,2,weight,0 1 2 3 4 5 6 7 8 9 10 11 12 13 14 15 16 17 18 19 20 21 22 23 24 25 26 27 28 29,300000,0,0.0,0.0,0.0,0
38,Ultra-DSP,W2A4,2,4,30,15,2,weight,0 1 2 3 4 5 6 7 8 9 10 11 12 13 14 15 16 17 18 19 20 21 22 23 24 25 26 27 28 29,300000,0,0.0,0.0,0.0,0
39,Ultra-DSP,W2A4,2,4,30,15,2,weight,0 1 2 3 4 5 6 7 8 9 10 11 12 13 14 15 16 17 18 19 20 21 22 23 24 25 26 27 28 29,300000,0,0.0,0.0,0.0,0
40,Ultra-DSP,W2A4,2,4,30,15,2,weight,0 1 2 3 4 5 6 7 8 9 10 11 12 13 14 15 16 17 18 19 20 21 22 23 24 25 26 27 28 29,300000,0,0.0,0.0,0.0,0
41,Ultra-DSP,W2A4,2,4,30,15,2,weight,0 1 2 3 4 5 6 7 8 9 10 11 12 13 14 15 16 17 18 19 20 21 22 23 24 25 26 27 28 29,300000,0,0.0,0.0,0.0,0
42,Ultra-DSP,W2A4,2,4,30,15,2,weight,0 1 2 3 4 5 6 7 8 9 10 11 12 13 14 15 16 17 18 19 20 21 22 23 24 25 26 27 28 29,300000,0,0.0,0.0,0.0,0
43,Ultra-DSP,W2A4,2,4,30,15,2,weight,0 1 2 3 4 5 6 7 8 9 10 11 12 13 14 15 16 17 18 19 20 21 22 23 24 25 26 27 28 29,300000,0,0.0,0.0,0.0,0
44,Ultra-DSP,W2A4,2,4,30,15,2,weight,0 1 2 3 4 5 6 7 8 9 10 11 12 13 14 15 16 17 18 19 20 21 22 23 24 25 26 27 28 29,300000,0,0.0,0.0,0.0,0
45,Ultra-DSP,W2A4,2,4,30,15,2,weight,0 1 2 3 4 5 6 7 8 9 10 11 12 13 14 15 16 17 18 19 20 21 22 23 24 25 26 27 28 29,300000,0,0.0,0.0,0.0,0
46,Ultra-DSP,W2A4,2,4,30,15,2,weight,0 1 2 3 4 5 6 7 8 9 10 11 12 13 14 15 16 17 18 19 20 21 22 23 24 25 26 27 28 29,300000,0,0.0,0.0,0.0,0
47,Ultra-DSP,W2A4,2,4,30,15,2,weight,0 1 2 3 4 5 6 7 8 9 10 11 12 13 14 15 16 17 18 19 20 21 22 23 24 25 26 27 28 29,300000,0,0.0,0.0,0.0,0
48,Ultra-DSP,W2A4,2,4,30,15,2,weight,0 1 2 3 4 5 6 7 8 9 10 11 12 13 14 15 16 17 18 19 20 21 22 23 24 25 26 27 28 29,300000,0,0.0,0.0,0.0,0
49,Ultra-DSP,W2A4,2,4,30,15,2,weight,0 1 2 3 4 5 6 7 8 9 10 11 12 13 14 15 16 17 18 19 20 21 22 23 24 25 26 27 28 29,300000,0,0.0,0.0,0.0,0
50,Ultra-DSP,W2A4,2,4,30,15,2,weight,0 1 2 3 4 5 6 7 8 9 10 11 12 13 14 15 16 17 18 19 20 21 22 23 24 25 26 27 28 29,300000,0,0.0,0.0,0.0,0
51,Ultra-DSP,W2A4,2,4,30,15,2,weight,0 1 2 3 4 5 6 7 8 9 10 11 12 13 14 15 16 17 18 19 20 21 22 23 24 25 26 27 28 29,300000,0,0.0,0.0,0.0,0
52,Ultra-DSP,W2A4,2,4,30,15,2,weight,0 1 2 3 4 5 6 7 8 9 10 11 12 13 14 15 16 17 18 19 20 21 22 23 24 25 26 27 28 29,300000,0,0.0,0.0,0.0,0
53,Ultra-DSP,W2A4,2,4,30,15,2,weight,0 1 2 3 4 5 6 7 8 9 10 11 12 13 14 15 16 17 18 19 20 21 22 23 24 25 26 27 28 29,300000,0,0.0,0.0,0.0,0
54,Ultra-DSP,W2A4,2,4,30,15,2,weight,0 1 2 3 4 5 6 7 8 9 10 11 12 13 14 15 16 17 18 19 20 21 22 23 24 25 26 27 28 29,300000,0,0.0,0.0,0.0,0
55,Ultra-DSP,W2A4,2,4,30,15,2,weight,0 1 2 3 4 5 6 7 8 9 10 11 12 13 14 15 16 17 18 19 20 21 22 23 24 25 26 27 28 29,300000,0,0.0,0.0,0.0,0
56,Ultra-DSP,W2A4,2,4,30,15,2,weight,0 1 2 3 4 5 6 7 8 9 10 11 12 13 14 15 16 17 18 19 20 21 22 23 24 25 26 27 28 29,300000,0,0.0,0.0,0.0,0
57,Ultra-DSP,W2A4,2,4,30,15,2,weight,0 1 2 3 4 5 6 7 8 9 10 11 12 13 14 15 16 17 18 19 20 21 22 23 24 25 26 27 28 29,300000,0,0.0,0.0,0.0,0
58,Ultra-DSP,W2A4,2,4,30,15,2,weight,0 1 2 3 4 5 6 7 8 9 10 11 12 13 14 15 16 17 18 19 20 21 22 23 24 25 26 27 28 29,300000,0,0.0,0.0,0.0,0
59,Ultra-DSP,W2A4,2,4,30,15,2,weight,0 1 2 3 4 5 6 7 8 9 10 11 12 13 14 15 16 17 18 19 20 21 22 23 24 25 26 27 28 29,300000,0,0.0,0.0,0.0,0
60,Ultra-DSP,W2A4,2,4,30,15,2,weight,0 1 2 3 4 5 6 7 8 9 10 11 12 13 14 15 16 17 18 19 20 21 22 23 24 25 26 27 28 29,300000,0,0.0,0.0,0.0,0
61,Ultra-DSP,W2A4,2,4,30,15,2,weight,0 1 2 3 4 5 6 7 8 9 10 11 12 13 14 15 16 17 18 19 20 21 22 23 24 25 26 27 28 29,300000,0,0.0,0.0,0.0,0
62,Ultra-DSP,W2A4,2,4,30,15,2,weight,0 1 2 3 4 5 6 7 8 9 10 11 12 13 14 15 16 17 18 19 20 21 22 23 24 25 26 27 28 29,300000,0,0.0,0.0,0.0,0
63,Ultra-DSP,W2A4,2,4,30,15,2,weight,0 1 2 3 4 5 6 7 8 9 10 11 12 13 14 15 16 17 18 19 20 21 22 23 24 25 26 27 28 29,300000,0,0.0,0.0,0.0,0
64,Ultra-DSP,W2A4,2,4,30,15,2,weight,0 1 2 3 4 5 6 7 8 9 10 11 12 13 14 15 16 17 18 19 20 21 22 23 24 25 26 27 28 29,300000,0,0.0,0.0,0.0,0
65,Ultra-DSP,W2A4,2,4,30,15,2,weight,0 1 2 3 4 5 6 7 8 9 10 11 12 13 14 15 16 17 18 19 20 21 22 23 24 25 26 27 28 29,300000,0,0.0,0.0,0.0,0
66,Ultra-DSP,W2A4,2,4,30,15,2,weight,0 1 2 3 4 5 6 7 8 9 10 11 12 13 14 15 16 17 18 19 20 21 22 23 24 25 26 27 28 29,300000,0,0.0,0.0,0.0,0
67,Ultra-DSP,W2A4,2,4,30,15,2,weight,0 1 2 3 4 5 6 7 8 9 10 11 12 13 14 15 16 17 18 19 20 21 22 23 24 25 26 27 28 29,300000,0,0.0,0.0,0.0,0
68,Ultra-DSP,W2A4,2,4,30,15,2,weight,0 1 2 3 4 5 6 7 8 9 10 11 12 13 14 15 16 17 18 19 20 21 22 23 24 25 26 27 28 29,300000,0,0.0,0.0,0.0,0
69,Ultra-DSP,W2A4,2,4,30,15,2,weight,0 1 2 3 4 5 6 7 8 9 10 11 12 13 14 15 16 17 18 19 20 21 22 23 24 25 26 27 28 29,300000,0,0.0,0.0,0.0,0
70,Ultra-DSP,W2A4,2,4,30,15,2,weight,0 1 2 3 4 5 6 7 8 9 10 11 12 13 14 15 16 17 18 19 20 21 22 23 24 25 26 27 28 29,300000,0,0.0,0.0,0.0,0
71,Ultra-DSP,W2A4,2,4,30,15,2,weight,0 1 2 3 4 5 6 7 8 9 10 11 12 13 14 15 16 17 18 19 20 21 22 23 24 25 26 27 28 29,300000,0,0.0,0.0,0.0,0
72,Ultra-DSP,W2A4,2,4,30,15,2,weight,0 1 2 3 4 5 6 7 8 9 10 11 12 13 14 15 16 17 18 19 20 21 22 23 24 25 26 27 28 29,300000,0,0.0,0.0,0.0,0
73,Ultra-DSP,W2A4,2,4,30,15,2,weight,0 1 2 3 4 5 6 7 8 9 10 11 12 13 14 15 16 17 18 19 20 21 22 23 24 25 26 27 28 29,300000,0,0.0,0.0,0.0,0
74,Ultra-DSP,W2A4,2,4,30,15,2,weight,0 1 2 3 4 5 6 7 8 9 10 11 12 13 14 15 16 17 18 19 20 21 22 23 24 25 26 27 28 29,300000,0,0.0,0.0,0.0,0
75,Ultra-DSP,W2A4,2,4,30,15,2,weight,0 1 2 3 4 5 6 7 8 9 10 11 12 13 14 15 16 17 18 19 20 21 22 23 24 25 26 27 28 29,300000,0,0.0,0.0,0.0,0
76,Ultra-DSP,W2A4,2,4,30,15,2,weight,0 1 2 3 4 5 6 7 8 9 10 11 12 13 14 15 16 17 18 19 20 21 22 23 24 25 26 27 28 29,300000,0,0.0,0.0,0.0,0
77,Ultra-DSP,W2A4,2,4,30,15,2,weight,0 1 2 3 4 5 6 7 8 9 10 11 12 13 14 15 16 17 18 19 20 21 22 23 24 25 26 27 28 29,300000,0,0.0,0.0,0.0,0
78,Ultra-DSP,W2A4,2,4,30,15,2,weight,0 1 2 3 4 5 6 7 8 9 10 11 12 13 14 15 16 17 18 19 20 21 22 23 24 25 26 27 28 29,300000,0,0.0,0.0,0.0,0
79,Ultra-DSP,W2A4,2,4,30,15,2,weight,0 1 2 3 4 5 6 7 8 9 10 11 12 13 14 15 16 17 18 19 20 21 22 23 24 25 26 27 28 29,300000,0,0.0,0.0,0.0,0
80,Ultra-DSP,W2A4,2,4,30,15,2,weight,0 1 2 3 4 5 6 7 8 9 10 11 12 13 14 15 16 17 18 19 20 21 22 23 24 25 26 27 28 29,300000,0,0.0,0.0,0.0,0
81,Ultra-DSP,W2A4,2,4,30,15,2,weight,0 1 2 3 4 5 6 7 8 9 10 11 12 13 14 15 16 17 18 19 20 21 22 23 24 25 26 27 28 29,300000,0,0.0,0.0,0.0,0
82,Ultra-DSP,W2A4,2,4,30,15,2,weight,0 1 2 3 4 5 6 7 8 9 10 11 12 13 14 15 16 17 18 19 20 21 22 23 24 25 26 27 28 29,300000,0,0.0,0.0,0.0,0
83,Ultra-DSP,W2A4,2,4,30,15,2,weight,0 1 2 3 4 5 6 7 8 9 10 11 12 13 14 15 16 17 18 19 20 21 22 23 24 25 26 27 28 29,300000,0,0.0,0.0,0.0,0
84,Ultra-DSP,W2A4,2,4,30,15,2,weight,0 1 2 3 4 5 6 7 8 9 10 11 12 13 14 15 16 17 18 19 20 21 22 23 24 25 26 27 28 29,300000,0,0.0,0.0,0.0,0
85,Ultra-DSP,W2A4,2,4,30,15,2,weight,0 1 2 3 4 5 6 7 8 9 10 11 12 13 14 15 16 17 18 19 20 21 22 23 24 25 26 27 28 29,300000,0,0.0,0.0,0.0,0
86,Ultra-DSP,W2A4,2,4,30,15,2,weight,0 1 2 3 4 5 6 7 8 9 10 11 12 13 14 15 16 17 18 19 20 21 22 23 24 25 26 27 28 29,300000,0,0.0,0.0,0.0,0
87,Ultra-DSP,W2A4,2,4,30,15,2,weight,0 1 2 3 4 5 6 7 8 9 10 11 12 13 14 15 16 17 18 19 20 21 22 23 24 25 26 27 28 29,300000,0,0.0,0.0,0.0,0
88,Ultra-DSP,W2A4,2,4,30,15,2,weight,0 1 2 3 4 5 6 7 8 9 10 11 12 13 14 15 16 17 18 19 20 21 22 23 24 25 26 27 28 29,300000,0,0.0,0.0,0.0,0
89,Ultra-DSP,W2A4,2,4,30,15,2,weight,0 1 2 3 4 5 6 7 8 9 10 11 12 13 14 15 16 17 18 19 20 21 22 23 24 25 26 27 28 29,300000,0,0.0,0.0,0.0,0
90,Ultra-DSP,W2A4,2,4,30,15,2,weight,0 1 2 3 4 5 6 7 8 9 10 11 12 13 14 15 16 17 18 19 20 21 22 23 24 25 26 27 28 29,300000,0,0.0,0.0,0.0,0
91,Ultra-DSP,W2A4,2,4,30,15,2,weight,0 1 2 3 4 5 6 7 8 9 10 11 12 13 14 15 16 17 18 19 20 21 22 23 24 25 26 27 28 29,300000,0,0.0,0.0,0.0,0
92,Ultra-DSP,W2A4,2,4,30,15,2,weight,0 1 2 3 4 5 6 7 8 9 10 11 12 13 14 15 16 17 18 19 20 21 22 23 24 25 26 27 28 29,300000,0,0.0,0.0,0.0,0
93,Ultra-DSP,W2A4,2,4,30,15,2,weight,0 1 2 3 4 5 6 7 8 9 10 11 12 13 14 15 16 17 18 19 20 21 22 23 24 25 26 27 28 29,300000,0,0.0,0.0,0.0,0
94,Ultra-DSP,W2A4,2,4,30,15,2,weight,0 1 2 3 4 5 6 7 8 9 10 11 12 13 14 15 16 17 18 19 20 21 22 23 24 25 26 27 28 29,300000,0,0.0,0.0,0.0,0
95,Ultra-DSP,W2A4,2,4,30,15,2,weight,0 1 2 3 4 5 6 7 8 9 10 11 12 13 14 15 16 17 18 19 20 21 22 23 24 25 26 27 28 29,300000,0,0.0,0.0,0.0,0
96,Ultra-DSP,W2A4,2,4,30,15,2,weight,0 1 2 3 4 5 6 7 8 9 10 11 12 13 14 15 16 17 18 19 20 21 22 23 24 25 26 27 28 29,300000,0,0.0,0.0,0.0,0
97,Ultra-DSP,W2A4,2,4,30,15,2,weight,0 1 2 3 4 5 6 7 8 9 10 11 12 13 14 15 16 17 18 19 20 21 22 23 24 25 26 27 28 29,300000,0,0.0,0.0,0.0,0
98,Ultra-DSP,W2A4,2,4,30,15,2,weight,0 1 2 3 4 5 6 7 8 9 10 11 12 13 14 15 16 17 18 19 20 21 22 23 24 25 26 27 28 29,300000,0,0.0,0.0,0.0,0
99,Ultra-DSP,W2A4,2,4,30,15,2,weight,0 1 2 3 4 5 6 7 8 9 10 11 12 13 14 15 16 17 18 19 20 21 22 23 24 25 26 27 28 29,300000,0,0.0,0.0,0.0,0
0,Ultra-DSP,W2A5,2,5,14,14,1,weight,0 2 4 6 8 10 12 14 16 18 20 22 24 26,140000,0,0.0,0.0,0.0,0
1,Ultra-DSP,W2A5,2,5,14,14,1,weight,0 2 4 6 8 10 12 14 16 18 20 22 24 26,140000,0,0.0,0.0,0.0,0
2,Ultra-DSP,W2A5,2,5,14,14,1,weight,0 2 4 6 8 10 12 14 16 18 20 22 24 26,140000,0,0.0,0.0,0.0,0
3,Ultra-DSP,W2A5,2,5,14,14,1,weight,0 2 4 6 8 10 12 14 16 18 20 22 24 26,140000,0,0.0,0.0,0.0,0
4,Ultra-DSP,W2A5,2,5,14,14,1,weight,0 2 4 6 8 10 12 14 16 18 20 22 24 26,140000,0,0.0,0.0,0.0,0
5,Ultra-DSP,W2A5,2,5,14,14,1,weight,0 2 4 6 8 10 12 14 16 18 20 22 24 26,140000,0,0.0,0.0,0.0,0
6,Ultra-DSP,W2A5,2,5,14,14,1,weight,0 2 4 6 8 10 12 14 16 18 20 22 24 26,140000,0,0.0,0.0,0.0,0
7,Ultra-DSP,W2A5,2,5,14,14,1,weight,0 2 4 6 8 10 12 14 16 18 20 22 24 26,140000,0,0.0,0.0,0.0,0
8,Ultra-DSP,W2A5,2,5,14,14,1,weight,0 2 4 6 8 10 12 14 16 18 20 22 24 26,140000,0,0.0,0.0,0.0,0
9,Ultra-DSP,W2A5,2,5,14,14,1,weight,0 2 4 6 8 10 12 14 16 18 20 22 24 26,140000,0,0.0,0.0,0.0,0
10,Ultra-DSP,W2A5,2,5,14,14,1,weight,0 2 4 6 8 10 12 14 16 18 20 22 24 26,140000,0,0.0,0.0,0.0,0
11,Ultra-DSP,W2A5,2,5,14,14,1,weight,0 2 4 6 8 10 12 14 16 18 20 22 24 26,140000,0,0.0,0.0,0.0,0
12,Ultra-DSP,W2A5,2,5,14,14,1,weight,0 2 4 6 8 10 12 14 16 18 20 22 24 26,140000,0,0.0,0.0,0.0,0
13,Ultra-DSP,W2A5,2,5,14,14,1,weight,0 2 4 6 8 10 12 14 16 18 20 22 24 26,140000,0,0.0,0.0,0.0,0
14,Ultra-DSP,W2A5,2,5,14,14,1,weight,0 2 4 6 8 10 12 14 16 18 20 22 24 26,140000,0,0.0,0.0,0.0,0
15,Ultra-DSP,W2A5,2,5,14,14,1,weight,0 2 4 6 8 10 12 14 16 18 20 22 24 26,140000,0,0.0,0.0,0.0,0
16,Ultra-DSP,W2A5,2,5,14,14,1,weight,0 2 4 6 8 10 12 14 16 18 20 22 24 26,140000,0,0.0,0.0,0.0,0
17,Ultra-DSP,W2A5,2,5,14,14,1,weight,0 2 4 6 8 10 12 14 16 18 20 22 24 26,140000,0,0.0,0.0,0.0,0
18,Ultra-DSP,W2A5,2,5,14,14,1,weight,0 2 4 6 8 10 12 14 16 18 20 22 24 26,140000,0,0.0,0.0,0.0,0
19,Ultra-DSP,W2A5,2,5,14,14,1,weight,0 2 4 6 8 10 12 14 16 18 20 22 24 26,140000,0,0.0,0.0,0.0,0
20,Ultra-DSP,W2A5,2,5,14,14,1,weight,0 2 4 6 8 10 12 14 16 18 20 22 24 26,140000,0,0.0,0.0,0.0,0
21,Ultra-DSP,W2A5,2,5,14,14,1,weight,0 2 4 6 8 10 12 14 16 18 20 22 24 26,140000,0,0.0,0.0,0.0,0
22,Ultra-DSP,W2A5,2,5,14,14,1,weight,0 2 4 6 8 10 12 14 16 18 20 22 24 26,140000,0,0.0,0.0,0.0,0
23,Ultra-DSP,W2A5,2,5,14,14,1,weight,0 2 4 6 8 10 12 14 16 18 20 22 24 26,140000,0,0.0,0.0,0.0,0
24,Ultra-DSP,W2A5,2,5,14,14,1,weight,0 2 4 6 8 10 12 14 16 18 20 22 24 26,140000,0,0.0,0.0,0.0,0
25,Ultra-DSP,W2A5,2,5,14,14,1,weight,0 2 4 6 8 10 12 14 16 18 20 22 24 26,140000,0,0.0,0.0,0.0,0
26,Ultra-DSP,W2A5,2,5,14,14,1,weight,0 2 4 6 8 10 12 14 16 18 20 22 24 26,140000,0,0.0,0.0,0.0,0
27,Ultra-DSP,W2A5,2,5,14,14,1,weight,0 2 4 6 8 10 12 14 16 18 20 22 24 26,140000,0,0.0,0.0,0.0,0
28,Ultra-DSP,W2A5,2,5,14,14,1,weight,0 2 4 6 8 10 12 14 16 18 20 22 24 26,140000,0,0.0,0.0,0.0,0
29,Ultra-DSP,W2A5,2,5,14,14,1,weight,0 2 4 6 8 10 12 14 16 18 20 22 24 26,140000,0,0.0,0.0,0.0,0
30,Ultra-DSP,W2A5,2,5,14,14,1,weight,0 2 4 6 8 10 12 14 16 18 20 22 24 26,140000,0,0.0,0.0,0.0,0
31,Ultra-DSP,W2A5,2,5,14,14,1,weight,0 2 4 6 8 10 12 14 16 18 20 22 24 26,140000,0,0.0,0.0,0.0,0
32,Ultra-DSP,W2A5,2,5,14,14,1,weight,0 2 4 6 8 10 12 14 16 18 20 22 24 26,140000,0,0.0,0.0,0.0,0
33,Ultra-DSP,W2A5,2,5,14,14,1,weight,0 2 4 6 8 10 12 14 16 18 20 22 24 26,140000,0,0.0,0.0,0.0,0
34,Ultra-DSP,W2A5,2,5,14,14,1,weight,0 2 4 6 8 10 12 14 16 18 20 22 24 26,140000,0,0.0,0.0,0.0,0
35,Ultra-DSP,W2A5,2,5,14,14,1,weight,0 2 4 6 8 10 12 14 16 18 20 22 24 26,140000,0,0.0,0.0,0.0,0
36,Ultra-DSP,W2A5,2,5,14,14,1,weight,0 2 4 6 8 10 12 14 16 18 20 22 24 26,140000,0,0.0,0.0,0.0,0
37,Ultra-DSP,W2A5,2,5,14,14,1,weight,0 2 4 6 8 10 12 14 16 18 20 22 24 26,140000,0,0.0,0.0,0.0,0
38,Ultra-DSP,W2A5,2,5,14,14,1,weight,0 2 4 6 8 10 12 14 16 18 20 22 24 26,140000,0,0.0,0.0,0.0,0
39,Ultra-DSP,W2A5,2,5,14,14,1,weight,0 2 4 6 8 10 12 14 16 18 20 22 24 26,140000,0,0.0,0.0,0.0,0
40,Ultra-DSP,W2A5,2,5,14,14,1,weight,0 2 4 6 8 10 12 14 16 18 20 22 24 26,140000,0,0.0,0.0,0.0,0
41,Ultra-DSP,W2A5,2,5,14,14,1,weight,0 2 4 6 8 10 12 14 16 18 20 22 24 26,140000,0,0.0,0.0,0.0,0
42,Ultra-DSP,W2A5,2,5,14,14,1,weight,0 2 4 6 8 10 12 14 16 18 20 22 24 26,140000,0,0.0,0.0,0.0,0
43,Ultra-DSP,W2A5,2,5,14,14,1,weight,0 2 4 6 8 10 12 14 16 18 20 22 24 26,140000,0,0.0,0.0,0.0,0
44,Ultra-DSP,W2A5,2,5,14,14,1,weight,0 2 4 6 8 10 12 14 16 18 20 22 24 26,140000,0,0.0,0.0,0.0,0
45,Ultra-DSP,W2A5,2,5,14,14,1,weight,0 2 4 6 8 10 12 14 16 18 20 22 24 26,140000,0,0.0,0.0,0.0,0
46,Ultra-DSP,W2A5,2,5,14,14,1,weight,0 2 4 6 8 10 12 14 16 18 20 22 24 26,140000,0,0.0,0.0,0.0,0
47,Ultra-DSP,W2A5,2,5,14,14,1,weight,0 2 4 6 8 10 12 14 16 18 20 22 24 26,140000,0,0.0,0.0,0.0,0
48,Ultra-DSP,W2A5,2,5,14,14,1,weight,0 2 4 6 8 10 12 14 16 18 20 22 24 26,140000,0,0.0,0.0,0.0,0
49,Ultra-DSP,W2A5,2,5,14,14,1,weight,0 2 4 6 8 10 12 14 16 18 20 22 24 26,140000,0,0.0,0.0,0.0,0
50,Ultra-DSP,W2A5,2,5,14,14,1,weight,0 2 4 6 8 10 12 14 16 18 20 22 24 26,140000,0,0.0,0.0,0.0,0
51,Ultra-DSP,W2A5,2,5,14,14,1,weight,0 2 4 6 8 10 12 14 16 18 20 22 24 26,140000,0,0.0,0.0,0.0,0
52,Ultra-DSP,W2A5,2,5,14,14,1,weight,0 2 4 6 8 10 12 14 16 18 20 22 24 26,140000,0,0.0,0.0,0.0,0
53,Ultra-DSP,W2A5,2,5,14,14,1,weight,0 2 4 6 8 10 12 14 16 18 20 22 24 26,140000,0,0.0,0.0,0.0,0
54,Ultra-DSP,W2A5,2,5,14,14,1,weight,0 2 4 6 8 10 12 14 16 18 20 22 24 26,140000,0,0.0,0.0,0.0,0
55,Ultra-DSP,W2A5,2,5,14,14,1,weight,0 2 4 6 8 10 12 14 16 18 20 22 24 26,140000,0,0.0,0.0,0.0,0
56,Ultra-DSP,W2A5,2,5,14,14,1,weight,0 2 4 6 8 10 12 14 16 18 20 22 24 26,140000,0,0.0,0.0,0.0,0
57,Ultra-DSP,W2A5,2,5,14,14,1,weight,0 2 4 6 8 10 12 14 16 18 20 22 24 26,140000,0,0.0,0.0,0.0,0
58,Ultra-DSP,W2A5,2,5,14,14,1,weight,0 2 4 6 8 10 12 14 16 18 20 22 24 26,140000,0,0.0,0.0,0.0,0
59,Ultra-DSP,W2A5,2,5,14,14,1,weight,0 2 4 6 8 10 12 14 16 18 20 22 24 26,140000,0,0.0,0.0,0.0,0
60,Ultra-DSP,W2A5,2,5,14,14,1,weight,0 2 4 6 8 10 12 14 16 18 20 22 24 26,140000,0,0.0,0.0,0.0,0
61,Ultra-DSP,W2A5,2,5,14,14,1,weight,0 2 4 6 8 10 12 14 16 18 20 22 24 26,140000,0,0.0,0.0,0.0,0
62,Ultra-DSP,W2A5,2,5,14,14,1,weight,0 2 4 6 8 10 12 14 16 18 20 22 24 26,140000,0,0.0,0.0,0.0,0
63,Ultra-DSP,W2A5,2,5,14,14,1,weight,0 2 4 6 8 10 12 14 16 18 20 22 24 26,140000,0,0.0,0.0,0.0,0
64,Ultra-DSP,W2A5,2,5,14,14,1,weight,0 2 4 6 8 10 12 14 16 18 20 22 24 26,140000,0,0.0,0.0,0.0,0
65,Ultra-DSP,W2A5,2,5,14,14,1,weight,0 2 4 6 8 10 12 14 16 18 20 22 24 26,140000,0,0.0,0.0,0.0,0
66,Ultra-DSP,W2A5,2,5,14,14,1,weight,0 2 4 6 8 10 12 14 16 18 20 22 24 26,140000,0,0.0,0.0,0.0,0
67,Ultra-DSP,W2A5,2,5,14,14,1,weight,0 2 4 6 8 10 12 14 16 18 20 22 24 26,140000,0,0.0,0.0,0.0,0
68,Ultra-DSP,W2A5,2,5,14,14,1,weight,0 2 4 6 8 10 12 14 16 18 20 22 24 26,140000,0,0.0,0.0,0.0,0
69,Ultra-DSP,W2A5,2,5,14,14,1,weight,0 2 4 6 8 10 12 14 16 18 20 22 24 26,140000,0,0.0,0.0,0.0,0
70,Ultra-DSP,W2A5,2,5,14,14,1,weight,0 2 4 6 8 10 12 14 16 18 20 22 24 26,140000,0,0.0,0.0,0.0,0
71,Ultra-DSP,W2A5,2,5,14,14,1,weight,0 2 4 6 8 10 12 14 16 18 20 22 24 26,140000,0,0.0,0.0,0.0,0
72,Ultra-DSP,W2A5,2,5,14,14,1,weight,0 2 4 6 8 10 12 14 16 18 20 22 24 26,140000,0,0.0,0.0,0.0,0
73,Ultra-DSP,W2A5,2,5,14,14,1,weight,0 2 4 6 8 10 12 14 16 18 20 22 24 26,140000,0,0.0,0.0,0.0,0
74,Ultra-DSP,W2A5,2,5,14,14,1,weight,0 2 4 6 8 10 12 14 16 18 20 22 24 26,140000,0,0.0,0.0,0.0,0
75,Ultra-DSP,W2A5,2,5,14,14,1,weight,0 2 4 6 8 10 12 14 16 18 20 22 24 26,140000,0,0.0,0.0,0.0,0
76,Ultra-DSP,W2A5,2,5,14,14,1,weight,0 2 4 6 8 10 12 14 16 18 20 22 24 26,140000,0,0.0,0.0,0.0,0
77,Ultra-DSP,W2A5,2,5,14,14,1,weight,0 2 4 6 8 10 12 14 16 18 20 22 24 26,140000,0,0.0,0.0,0.0,0
78,Ultra-DSP,W2A5,2,5,14,14,1,weight,0 2 4 6 8 10 12 14 16 18 20 22 24 26,140000,0,0.0,0.0,0.0,0
79,Ultra-DSP,W2A5,2,5,14,14,1,weight,0 2 4 6 8 10 12 14 16 18 20 22 24 26,140000,0,0.0,0.0,0.0,0
80,Ultra-DSP,W2A5,2,5,14,14,1,weight,0 2 4 6 8 10 12 14 16 18 20 22 24 26,140000,0,0.0,0.0,0.0,0
81,Ultra-DSP,W2A5,2,5,14,14,1,weight,0 2 4 6 8 10 12 14 16 18 20 22 24 26,140000,0,0.0,0.0,0.0,0
82,Ultra-DSP,W2A5,2,5,14,14,1,weight,0 2 4 6 8 10 12 14 16 18 20 22 24 26,140000,0,0.0,0.0,0.0,0
83,Ultra-DSP,W2A5,2,5,14,14,1,weight,0 2 4 6 8 10 12 14 16 18 20 22 24 26,140000,0,0.0,0.0,0.0,0
84,Ultra-DSP,W2A5,2,5,14,14,1,weight,0 2 4 6 8 10 12 14 16 18 20 22 24 26,140000,0,0.0,0.0,0.0,0
85,Ultra-DSP,W2A5,2,5,14,14,1,weight,0 2 4 6 8 10 12 14 16 18 20 22 24 26,140000,0,0.0,0.0,0.0,0
86,Ultra-DSP,W2A5,2,5,14,14,1,weight,0 2 4 6 8 10 12 14 16 18 20 22 24 26,140000,0,0.0,0.0,0.0,0
87,Ultra-DSP,W2A5,2,5,14,14,1,weight,0 2 4 6 8 10 12 14 16 18 20 22 24 26,140000,0,0.0,0.0,0.0,0
88,Ultra-DSP,W2A5,2,5,14,14,1,weight,0 2 4 6 8 10 12 14 16 18 20 22 24 26,140000,0,0.0,0.0,0.0,0
89,Ultra-DSP,W2A5,2,5,14,14,1,weight,0 2 4 6 8 10 12 14 16 18 20 22 24 26,140000,0,0.0,0.0,0.0,0
90,Ultra-DSP,W2A5,2,5,14,14,1,weight,0 2 4 6 8 10 12 14 16 18 20 22 24 26,140000,0,0.0,0.0,0.0,0
91,Ultra-DSP,W2A5,2,5,14,14,1,weight,0 2 4 6 8 10 12 14 16 18 20 22 24 26,140000,0,0.0,0.0,0.0,0
92,Ultra-DSP,W2A5,2,5,14,14,1,weight,0 2 4 6 8 10 12 14 16 18 20 22 24 26,140000,0,0.0,0.0,0.0,0
93,Ultra-DSP,W2A5,2,5,14,14,1,weight,0 2 4 6 8 10 12 14 16 18 20 22 24 26,140000,0,0.0,0.0,0.0,0
94,Ultra-DSP,W2A5,2,5,14,14,1,weight,0 2 4 6 8 10 12 14 16 18 20 22 24 26,140000,0,0.0,0.0,0.0,0
95,Ultra-DSP,W2A5,2,5,14,14,1,weight,0 2 4 6 8 10 12 14 16 18 20 22 24 26,140000,0,0.0,0.0,0.0,0
96,Ultra-DSP,W2A5,2,5,14,14,1,weight,0 2 4 6 8 10 12 14 16 18 20 22 24 26,140000,0,0.0,0.0,0.0,0
97,Ultra-DSP,W2A5,2,5,14,14,1,weight,0 2 4 6 8 10 12 14 16 18 20 22 24 26,140000,0,0.0,0.0,0.0,0
98,Ultra-DSP,W2A5,2,5,14,14,1,weight,0 2 4 6 8 10 12 14 16 18 20 22 24 26,140000,0,0.0,0.0,0.0,0
99,Ultra-DSP,W2A5,2,5,14,14,1,weight,0 2 4 6 8 10 12 14 16 18 20 22 24 26,140000,0,0.0,0.0,0.0,0
0,Ultra-DSP,W2A6,2,6,9,9,1,weight,0 3 6 9 12 15 18 22 26,90000,0,0.0,0.0,0.0,0
1,Ultra-DSP,W2A6,2,6,9,9,1,weight,0 3 6 9 12 15 18 22 26,90000,0,0.0,0.0,0.0,0
2,Ultra-DSP,W2A6,2,6,9,9,1,weight,0 3 6 9 12 15 18 22 26,90000,0,0.0,0.0,0.0,0
3,Ultra-DSP,W2A6,2,6,9,9,1,weight,0 3 6 9 12 15 18 22 26,90000,0,0.0,0.0,0.0,0
4,Ultra-DSP,W2A6,2,6,9,9,1,weight,0 3 6 9 12 15 18 22 26,90000,0,0.0,0.0,0.0,0
5,Ultra-DSP,W2A6,2,6,9,9,1,weight,0 3 6 9 12 15 18 22 26,90000,0,0.0,0.0,0.0,0
6,Ultra-DSP,W2A6,2,6,9,9,1,weight,0 3 6 9 12 15 18 22 26,90000,0,0.0,0.0,0.0,0
7,Ultra-DSP,W2A6,2,6,9,9,1,weight,0 3 6 9 12 15 18 22 26,90000,0,0.0,0.0,0.0,0
8,Ultra-DSP,W2A6,2,6,9,9,1,weight,0 3 6 9 12 15 18 22 26,90000,0,0.0,0.0,0.0,0
9,Ultra-DSP,W2A6,2,6,9,9,1,weight,0 3 6 9 12 15 18 22 26,90000,0,0.0,0.0,0.0,0
10,Ultra-DSP,W2A6,2,6,9,9,1,weight,0 3 6 9 12 15 18 22 26,90000,0,0.0,0.0,0.0,0
11,Ultra-DSP,W2A6,2,6,9,9,1,weight,0 3 6 9 12 15 18 22 26,90000,0,0.0,0.0,0.0,0
12,Ultra-DSP,W2A6,2,6,9,9,1,weight,0 3 6 9 12 15 18 22 26,90000,0,0.0,0.0,0.0,0
13,Ultra-DSP,W2A6,2,6,9,9,1,weight,0 3 6 9 12 15 18 22 26,90000,0,0.0,0.0,0.0,0
14,Ultra-DSP,W2A6,2,6,9,9,1,weight,0 3 6 9 12 15 18 22 26,90000,0,0.0,0.0,0.0,0
15,Ultra-DSP,W2A6,2,6,9,9,1,weight,0 3 6 9 12 15 18 22 26,90000,0,0.0,0.0,0.0,0
16,Ultra-DSP,W2A6,2,6,9,9,1,weight,0 3 6 9 12 15 18 22 26,90000,0,0.0,0.0,0.0,0
17,Ultra-DSP,W2A6,2,6,9,9,1,weight,0 3 6 9 12 15 18 22 26,90000,0,0.0,0.0,0.0,0
18,Ultra-DSP,W2A6,2,6,9,9,1,weight,0 3 6 9 12 15 18 22 26,90000,0,0.0,0.0,0.0,0
19,Ultra-DSP,W2A6,2,6,9,9,1,weight,0 3 6 9 12 15 18 22 26,90000,0,0.0,0.0,0.0,0
20,Ultra-DSP,W2A6,2,6,9,9,1,weight,0 3 6 9 12 15 18 22 26,90000,0,0.0,0.0,0.0,0
21,Ultra-DSP,W2A6,2,6,9,9,1,weight,0 3 6 9 12 15 18 22 26,90000,0,0.0,0.0,0.0,0
22,Ultra-DSP,W2A6,2,6,9,9,1,weight,0 3 6 9 12 15 18 22 26,90000,0,0.0,0.0,0.0,0
23,Ultra-DSP,W2A6,2,6,9,9,1,weight,0 3 6 9 12 15 18 22 26,90000,0,0.0,0.0,0.0,0
24,Ultra-DSP,W2A6,2,6,9,9,1,weight,0 3 6 9 12 15 18 22 26,90000,0,0.0,0.0,0.0,0
25,Ultra-DSP,W2A6,2,6,9,9,1,weight,0 3 6 9 12 15 18 22 26,90000,0,0.0,0.0,0.0,0
26,Ultra-DSP,W2A6,2,6,9,9,1,weight,0 3 6 9 12 15 18 22 26,90000,0,0.0,0.0,0.0,0
27,Ultra-DSP,W2A6,2,6,9,9,1,weight,0 3 6 9 12 15 18 22 26,90000,0,0.0,0.0,0.0,0
28,Ultra-DSP,W2A6,2,6,9,9,1,weight,0 3 6 9 12 15 18 22 26,90000,0,0.0,0.0,0.0,0
29,Ultra-DSP,W2A6,2,6,9,9,1,weight,0 3 6 9 12 15 18 22 26,90000,0,0.0,0.0,0.0,0
30,Ultra-DSP,W2A6,2,6,9,9,1,weight,0 3 6 9 12 15 18 22 26,90000,0,0.0,0.0,0.0,0
31,Ultra-DSP,W2A6,2,6,9,9,1,weight,0 3 6 9 12 15 18 22 26,90000,0,0.0,0.0,0.0,0
32,Ultra-DSP,W2A6,2,6,9,9,1,weight,0 3 6 9 12 15 18 22 26,90000,0,0.0,0.0,0.0,0
33,Ultra-DSP,W2A6,2,6,9,9,1,weight,0 3 6 9 12 15 18 22 26,90000,0,0.0,0.0,0.0,0
34,Ultra-DSP,W2A6,2,6,9,9,1,weight,0 3 6 9 12 15 18 22 26,90000,0,0.0,0.0,0.0,0
35,Ultra-DSP,W2A6,2,6,9,9,1,weight,0 3 6 9 12 15 18 22 26,90000,0,0.0,0.0,0.0,0
36,Ultra-DSP,W2A6,2,6,9,9,1,weight,0 3 6 9 12 15 18 22 26,90000,0,0.0,0.0,0.0,0
37,Ultra-DSP,W2A6,2,6,9,9,1,weight,0 3 6 9 12 15 18 22 26,90000,0,0.0,0.0,0.0,0
38,Ultra-DSP,W2A6,2,6,9,9,1,weight,0 3 6 9 12 15 18 22 26,90000,0,0.0,0.0,0.0,0
39,Ultra-DSP,W2A6,2,6,9,9,1,weight,0 3 6 9 12 15 18 22 26,90000,0,0.0,0.0,0.0,0
40,Ultra-DSP,W2A6,2,6,9,9,1,weight,0 3 6 9 12 15 18 22 26,90000,0,0.0,0.0,0.0,0
41,Ultra-DSP,W2A6,2,6,9,9,1,weight,0 3 6 9 12 15 18 22 26,90000,0,0.0,0.0,0.0,0
42,Ultra-DSP,W2A6,2,6,9,9,1,weight,0 3 6 9 12 15 18 22 26,90000,0,0.0,0.0,0.0,0
43,Ultra-DSP,W2A6,2,6,9,9,1,weight,0 3 6 9 12 15 18 22 26,90000,0,0.0,0.0,0.0,0
44,Ultra-DSP,W2A6,2,6,9,9,1,weight,0 3 6 9 12 15 18 22 26,90000,0,0.0,0.0,0.0,0
45,Ultra-DSP,W2A6,2,6,9,9,1,weight,0 3 6 9 12 15 18 22 26,90000,0,0.0,0.0,0.0,0
46,Ultra-DSP,W2A6,2,6,9,9,1,weight,0 3 6 9 12 15 18 22 26,90000,0,0.0,0.0,0.0,0
47,Ultra-DSP,W2A6,2,6,9,9,1,weight,0 3 6 9 12 15 18 22 26,90000,0,0.0,0.0,0.0,0
48,Ultra-DSP,W2A6,2,6,9,9,1,weight,0 3 6 9 12 15 18 22 26,90000,0,0.0,0.0,0.0,0
49,Ultra-DSP,W2A6,2,6,9,9,1,weight,0 3 6 9 12 15 18 22 26,90000,0,0.0,0.0,0.0,0
50,Ultra-DSP,W2A6,2,6,9,9,1,weight,0 3 6 9 12 15 18 22 26,90000,0,0.0,0.0,0.0,0
51,Ultra-DSP,W2A6,2,6,9,9,1,weight,0 3 6 9 12 15 18 22 26,90000,0,0.0,0.0,0.0,0
52,Ultra-DSP,W2A6,2,6,9,9,1,weight,0 3 6 9 12 15 18 22 26,90000,0,0.0,0.0,0.0,0
53,Ultra-DSP,W2A6,2,6,9,9,1,weight,0 3 6 9 12 15 18 22 26,90000,0,0.0,0.0,0.0,0
54,Ultra-DSP,W2A6,2,6,9,9,1,weight,0 3 6 9 12 15 18 22 26,90000,0,0.0,0.0,0.0,0
55,Ultra-DSP,W2A6,2,6,9,9,1,weight,0 3 6 9 12 15 18 22 26,90000,0,0.0,0.0,0.0,0
56,Ultra-DSP,W2A6,2,6,9,9,1,weight,0 3 6 9 12 15 18 22 26,90000,0,0.0,0.0,0.0,0
57,Ultra-DSP,W2A6,2,6,9,9,1,weight,0 3 6 9 12 15 18 22 26,90000,0,0.0,0.0,0.0,0
58,Ultra-DSP,W2A6,2,6,9,9,1,weight,0 3 6 9 12 15 18 22 26,90000,0,0.0,0.0,0.0,0
59,Ultra-DSP,W2A6,2,6,9,9,1,weight,0 3 6 9 12 15 18 22 26,90000,0,0.0,0.0,0.0,0
60,Ultra-DSP,W2A6,2,6,9,9,1,weight,0 3 6 9 12 15 18 22 26,90000,0,0.0,0.0,0.0,0
61,Ultra-DSP,W2A6,2,6,9,9,1,weight,0 3 6 9 12 15 18 22 26,90000,0,0.0,0.0,0.0,0
62,Ultra-DSP,W2A6,2,6,9,9,1,weight,0 3 6 9 12 15 18 22 26,90000,0,0.0,0.0,0.0,0
63,Ultra-DSP,W2A6,2,6,9,9,1,weight,0 3 6 9 12 15 18 22 26,90000,0,0.0,0.0,0.0,0
64,Ultra-DSP,W2A6,2,6,9,9,1,weight,0 3 6 9 12 15 18 22 26,90000,0,0.0,0.0,0.0,0
65,Ultra-DSP,W2A6,2,6,9,9,1,weight,0 3 6 9 12 15 18 22 26,90000,0,0.0,0.0,0.0,0
66,Ultra-DSP,W2A6,2,6,9,9,1,weight,0 3 6 9 12 15 18 22 26,90000,0,0.0,0.0,0.0,0
67,Ultra-DSP,W2A6,2,6,9,9,1,weight,0 3 6 9 12 15 18 22 26,90000,0,0.0,0.0,0.0,0
68,Ultra-DSP,W2A6,2,6,9,9,1,weight,0 3 6 9 12 15 18 22 26,90000,0,0.0,0.0,0.0,0
69,Ultra-DSP,W2A6,2,6,9,9,1,weight,0 3 6 9 12 15 18 22 26,90000,0,0.0,0.0,0.0,0
70,Ultra-DSP,W2A6,2,6,9,9,1,weight,0 3 6 9 12 15 18 22 26,90000,0,0.0,0.0,0.0,0
71,Ultra-DSP,W2A6,2,6,9,9,1,weight,0 3 6 9 12 15 18 22 26,90000,0,0.0,0.0,0.0,0
72,Ultra-DSP,W2A6,2,6,9,9,1,weight,0 3 6 9 12 15 18 22 26,90000,0,0.0,0.0,0.0,0
73,Ultra-DSP,W2A6,2,6,9,9,1,weight,0 3 6 9 12 15 18 22 26,90000,0,0.0,0.0,0.0,0
74,Ultra-DSP,W2A6,2,6,9,9,1,weight,0 3 6 9 12 15 18 22 26,90000,0,0.0,0.0,0.0,0
75,Ultra-DSP,W2A6,2,6,9,9,1,weight,0 3 6 9 12 15 18 22 26,90000,0,0.0,0.0,0.0,0
76,Ultra-DSP,W2A6,2,6,9,9,1,weight,0 3 6 9 12 15 18 22 26,90000,0,0.0,0.0,0.0,0
77,Ultra-DSP,W2A6,2,6,9,9,1,weight,0 3 6 9 12 15 18 22 26,90000,0,0.0,0.0,0.0,0
78,Ultra-DSP,W2A6,2,6,9,9,1,weight,0 3 6 9 12 15 18 22 26,90000,0,0.0,0.0,0.0,0
79,Ultra-DSP,W2A6,2,6,9,9,1,weight,0 3 6 9 12 15 18 22 26,90000,0,0.0,0.0,0.0,0
80,Ultra-DSP,W2A6,2,6,9,9,1,weight,0 3 6 9 12 15 18 22 26,90000,0,0.0,0.0,0.0,0
81,Ultra-DSP,W2A6,2,6,9,9,1,weight,0 3 6 9 12 15 18 22 26,90000,0,0.0,0.0,0.0,0
82,Ultra-DSP,W2A6,2,6,9,9,1,weight,0 3 6 9 12 15 18 22 26,90000,0,0.0,0.0,0.0,0
83,Ultra-DSP,W2A6,2,6,9,9,1,weight,0 3 6 9 12 15 18 22 26,90000,0,0.0,0.0,0.0,0
84,Ultra-DSP,W2A6,2,6,9,9,1,weight,0 3 6 9 12 15 18 22 26,90000,0,0.0,0.0,0.0,0
85,Ultra-DSP,W2A6,2,6,9,9,1,weight,0 3 6 9 12 15 18 22 26,90000,0,0.0,0.0,0.0,0
86,Ultra-DSP,W2A6,2,6,9,9,1,weight,0 3 6 9 12 15 18 22 26,90000,0,0.0,0.0,0.0,0
87,Ultra-DSP,W2A6,2,6,9,9,1,weight,0 3 6 9 12 15 18 22 26,90000,0,0.0,0.0,0.0,0
88,Ultra-DSP,W2A6,2,6,9,9,1,weight,0 3 6 9 12 15 18 22 26,90000,0,0.0,0.0,0.0,0
89,Ultra-DSP,W2A6,2,6,9,9,1,weight,0 3 6 9 12 15 18 22 26,90000,0,0.0,0.0,0.0,0
90,Ultra-DSP,W2A6,2,6,9,9,1,weight,0 3 6 9 12 15 18 22 26,90000,0,0.0,0.0,0.0,0
91,Ultra-DSP,W2A6,2,6,9,9,1,weight,0 3 6 9 12 15 18 22 26,90000,0,0.0,0.0,0.0,0
92,Ultra-DSP,W2A6,2,6,9,9,1,weight,0 3 6 9 12 15 18 22 26,90000,0,0.0,0.0,0.0,0
93,Ultra-DSP,W2A6,2,6,9,9,1,weight,0 3 6 9 12 15 18 22 26,90000,0,0.0,0.0,0.0,0
94,Ultra-DSP,W2A6,2,6,9,9,1,weight,0 3 6 9 12 15 18 22 26,90000,0,0.0,0.0,0.0,0
95,Ultra-DSP,W2A6,2,6,9,9,1,weight,0 3 6 9 12 15 18 22 26,90000,0,0.0,0.0,0.0,0
96,Ultra-DSP,W2A6,2,6,9,9,1,weight,0 3 6 9 12 15 18 22 26,90000,0,0.0,0.0,0.0,0
97,Ultra-DSP,W2A6,2,6,9,9,1,weight,0 3 6 9 12 15 18 22 26,90000,0,0.0,0.0,0.0,0
98,Ultra-DSP,W2A6,2,6,9,9,1,weight,0 3 6 9 12 15 18 22 26,90000,0,0.0,0.0,0.0,0
99,Ultra-DSP,W2A6,2,6,9,9,1,weight,0 3 6 9 12 15 18 22 26,90000,0,0.0,0.0,0.0,0
0,Ultra-DSP,W2A7,2,7,7,7,1,weight,0 4 8 12 16 21 26,70000,0,0.0,0.0,0.0,0
1,Ultra-DSP,W2A7,2,7,7,7,1,weight,0 4 8 12 16 21 26,70000,0,0.0,0.0,0.0,0
2,Ultra-DSP,W2A7,2,7,7,7,1,weight,0 4 8 12 16 21 26,70000,0,0.0,0.0,0.0,0
3,Ultra-DSP,W2A7,2,7,7,7,1,weight,0 4 8 12 16 21 26,70000,0,0.0,0.0,0.0,0
4,Ultra-DSP,W2A7,2,7,7,7,1,weight,0 4 8 12 16 21 26,70000,0,0.0,0.0,0.0,0
5,Ultra-DSP,W2A7,2,7,7,7,1,weight,0 4 8 12 16 21 26,70000,0,0.0,0.0,0.0,0
6,Ultra-DSP,W2A7,2,7,7,7,1,weight,0 4 8 12 16 21 26,70000,0,0.0,0.0,0.0,0
7,Ultra-DSP,W2A7,2,7,7,7,1,weight,0 4 8 12 16 21 26,70000,0,0.0,0.0,0.0,0
8,Ultra-DSP,W2A7,2,7,7,7,1,weight,0 4 8 12 16 21 26,70000,0,0.0,0.0,0.0,0
9,Ultra-DSP,W2A7,2,7,7,7,1,weight,0 4 8 12 16 21 26,70000,0,0.0,0.0,0.0,0
10,Ultra-DSP,W2A7,2,7,7,7,1,weight,0 4 8 12 16 21 26,70000,0,0.0,0.0,0.0,0
11,Ultra-DSP,W2A7,2,7,7,7,1,weight,0 4 8 12 16 21 26,70000,0,0.0,0.0,0.0,0
12,Ultra-DSP,W2A7,2,7,7,7,1,weight,0 4 8 12 16 21 26,70000,0,0.0,0.0,0.0,0
13,Ultra-DSP,W2A7,2,7,7,7,1,weight,0 4 8 12 16 21 26,70000,0,0.0,0.0,0.0,0
14,Ultra-DSP,W2A7,2,7,7,7,1,weight,0 4 8 12 16 21 26,70000,0,0.0,0.0,0.0,0
15,Ultra-DSP,W2A7,2,7,7,7,1,weight,0 4 8 12 16 21 26,70000,0,0.0,0.0,0.0,0
16,Ultra-DSP,W2A7,2,7,7,7,1,weight,0 4 8 12 16 21 26,70000,0,0.0,0.0,0.0,0
17,Ultra-DSP,W2A7,2,7,7,7,1,weight,0 4 8 12 16 21 26,70000,0,0.0,0.0,0.0,0
18,Ultra-DSP,W2A7,2,7,7,7,1,weight,0 4 8 12 16 21 26,70000,0,0.0,0.0,0.0,0
19,Ultra-DSP,W2A7,2,7,7,7,1,weight,0 4 8 12 16 21 26,70000,0,0.0,0.0,0.0,0
20,Ultra-DSP,W2A7,2,7,7,7,1,weight,0 4 8 12 16 21 26,70000,0,0.0,0.0,0.0,0
21,Ultra-DSP,W2A7,2,7,7,7,1,weight,0 4 8 12 16 21 26,70000,0,0.0,0.0,0.0,0
22,Ultra-DSP,W2A7,2,7,7,7,1,weight,0 4 8 12 16 21 26,70000,0,0.0,0.0,0.0,0
23,Ultra-DSP,W2A7,2,7,7,7,1,weight,0 4 8 12 16 21 26,70000,0,0.0,0.0,0.0,0
24,Ultra-DSP,W2A7,2,7,7,7,1,weight,0 4 8 12 16 21 26,70000,0,0.0,0.0,0.0,0
25,Ultra-DSP,W2A7,2,7,7,7,1,weight,0 4 8 12 16 21 26,70000,0,0.0,0.0,0.0,0
26,Ultra-DSP,W2A7,2,7,7,7,1,weight,0 4 8 12 16 21 26,70000,0,0.0,0.0,0.0,0
27,Ultra-DSP,W2A7,2,7,7,7,1,weight,0 4 8 12 16 21 26,70000,0,0.0,0.0,0.0,0
28,Ultra-DSP,W2A7,2,7,7,7,1,weight,0 4 8 12 16 21 26,70000,0,0.0,0.0,0.0,0
29,Ultra-DSP,W2A7,2,7,7,7,1,weight,0 4 8 12 16 21 26,70000,0,0.0,0.0,0.0,0
30,Ultra-DSP,W2A7,2,7,7,7,1,weight,0 4 8 12 16 21 26,70000,0,0.0,0.0,0.0,0
31,Ultra-DSP,W2A7,2,7,7,7,1,weight,0 4 8 12 16 21 26,70000,0,0.0,0.0,0.0,0
32,Ultra-DSP,W2A7,2,7,7,7,1,weight,0 4 8 12 16 21 26,70000,0,0.0,0.0,0.0,0
33,Ultra-DSP,W2A7,2,7,7,7,1,weight,0 4 8 12 16 21 26,70000,0,0.0,0.0,0.0,0
34,Ultra-DSP,W2A7,2,7,7,7,1,weight,0 4 8 12 16 21 26,70000,0,0.0,0.0,0.0,0
35,Ultra-DSP,W2A7,2,7,7,7,1,weight,0 4 8 12 16 21 26,70000,0,0.0,0.0,0.0,0
36,Ultra-DSP,W2A7,2,7,7,7,1,weight,0 4 8 12 16 21 26,70000,0,0.0,0.0,0.0,0
37,Ultra-DSP,W2A7,2,7,7,7,1,weight,0 4 8 12 16 21 26,70000,0,0.0,0.0,0.0,0
38,Ultra-DSP,W2A7,2,7,7,7,1,weight,0 4 8 12 16 21 26,70000,0,0.0,0.0,0.0,0
39,Ultra-DSP,W2A7,2,7,7,7,1,weight,0 4 8 12 16 21 26,70000,0,0.0,0.0,0.0,0
40,Ultra-DSP,W2A7,2,7,7,7,1,weight,0 4 8 12 16 21 26,70000,0,0.0,0.0,0.0,0
41,Ultra-DSP,W2A7,2,7,7,7,1,weight,0 4 8 12 16 21 26,70000,0,0.0,0.0,0.0,0
42,Ultra-DSP,W2A7,2,7,7,7,1,weight,0 4 8 12 16 21 26,70000,0,0.0,0.0,0.0,0
43,Ultra-DSP,W2A7,2,7,7,7,1,weight,0 4 8 12 16 21 26,70000,0,0.0,0.0,0.0,0
44,Ultra-DSP,W2A7,2,7,7,7,1,weight,0 4 8 12 16 21 26,70000,0,0.0,0.0,0.0,0
45,Ultra-DSP,W2A7,2,7,7,7,1,weight,0 4 8 12 16 21 26,70000,0,0.0,0.0,0.0,0
46,Ultra-DSP,W2A7,2,7,7,7,1,weight,0 4 8 12 16 21 26,70000,0,0.0,0.0,0.0,0
47,Ultra-DSP,W2A7,2,7,7,7,1,weight,0 4 8 12 16 21 26,70000,0,0.0,0.0,0.0,0
48,Ultra-DSP,W2A7,2,7,7,7,1,weight,0 4 8 12 16 21 26,70000,0,0.0,0.0,0.0,0
49,Ultra-DSP,W2A7,2,7,7,7,1,weight,0 4 8 12 16 21 26,70000,0,0.0,0.0,0.0,0
50,Ultra-DSP,W2A7,2,7,7,7,1,weight,0 4 8 12 16 21 26,70000,0,0.0,0.0,0.0,0
51,Ultra-DSP,W2A7,2,7,7,7,1,weight,0 4 8 12 16 21 26,70000,0,0.0,0.0,0.0,0
52,Ultra-DSP,W2A7,2,7,7,7,1,weight,0 4 8 12 16 21 26,70000,0,0.0,0.0,0.0,0
53,Ultra-DSP,W2A7,2,7,7,7,1,weight,0 4 8 12 16 21 26,70000,0,0.0,0.0,0.0,0
54,Ultra-DSP,W2A7,2,7,7,7,1,weight,0 4 8 12 16 21 26,70000,0,0.0,0.0,0.0,0
55,Ultra-DSP,W2A7,2,7,7,7,1,weight,0 4 8 12 16 21 26,70000,0,0.0,0.0,0.0,0
56,Ultra-DSP,W2A7,2,7,7,7,1,weight,0 4 8 12 16 21 26,70000,0,0.0,0.0,0.0,0
57,Ultra-DSP,W2A7,2,7,7,7,1,weight,0 4 8 12 16 21 26,70000,0,0.0,0.0,0.0,0
58,Ultra-DSP,W2A7,2,7,7,7,1,weight,0 4 8 12 16 21 26,70000,0,0.0,0.0,0.0,0
59,Ultra-DSP,W2A7,2,7,7,7,1,weight,0 4 8 12 16 21 26,70000,0,0.0,0.0,0.0,0
60,Ultra-DSP,W2A7,2,7,7,7,1,weight,0 4 8 12 16 21 26,70000,0,0.0,0.0,0.0,0
61,Ultra-DSP,W2A7,2,7,7,7,1,weight,0 4 8 12 16 21 26,70000,0,0.0,0.0,0.0,0
62,Ultra-DSP,W2A7,2,7,7,7,1,weight,0 4 8 12 16 21 26,70000,0,0.0,0.0,0.0,0
63,Ultra-DSP,W2A7,2,7,7,7,1,weight,0 4 8 12 16 21 26,70000,0,0.0,0.0,0.0,0
64,Ultra-DSP,W2A7,2,7,7,7,1,weight,0 4 8 12 16 21 26,70000,0,0.0,0.0,0.0,0
65,Ultra-DSP,W2A7,2,7,7,7,1,weight,0 4 8 12 16 21 26,70000,0,0.0,0.0,0.0,0
66,Ultra-DSP,W2A7,2,7,7,7,1,weight,0 4 8 12 16 21 26,70000,0,0.0,0.0,0.0,0
67,Ultra-DSP,W2A7,2,7,7,7,1,weight,0 4 8 12 16 21 26,70000,0,0.0,0.0,0.0,0
68,Ultra-DSP,W2A7,2,7,7,7,1,weight,0 4 8 12 16 21 26,70000,0,0.0,0.0,0.0,0
69,Ultra-DSP,W2A7,2,7,7,7,1,weight,0 4 8 12 16 21 26,70000,0,0.0,0.0,0.0,0
70,Ultra-DSP,W2A7,2,7,7,7,1,weight,0 4 8 12 16 21 26,70000,0,0.0,0.0,0.0,0
71,Ultra-DSP,W2A7,2,7,7,7,1,weight,0 4 8 12 16 21 26,70000,0,0.0,0.0,0.0,0
72,Ultra-DSP,W2A7,2,7,7,7,1,weight,0 4 8 12 16 21 26,70000,0,0.0,0.0,0.0,0
73,Ultra-DSP,W2A7,2,7,7,7,1,weight,0 4 8 12 16 21 26,70000,0,0.0,0.0,0.0,0
74,Ultra-DSP,W2A7,2,7,7,7,1,weight,0 4 8 12 16 21 26,70000,0,0.0,0.0,0.0,0
75,Ultra-DSP,W2A7,2,7,7,7,1,weight,0 4 8 12 16 21 26,70000,0,0.0,0.0,0.0,0
76,Ultra-DSP,W2A7,2,7,7,7,1,weight,0 4 8 12 16 21 26,70000,0,0.0,0.0,0.0,0
77,Ultra-DSP,W2A7,2,7,7,7,1,weight,0 4 8 12 16 21 26,70000,0,0.0,0.0,0.0,0
78,Ultra-DSP,W2A7,2,7,7,7,1,weight,0 4 8 12 16 21 26,70000,0,0.0,0.0,0.0,0
79,Ultra-DSP,W2A7,2,7,7,7,1,weight,0 4 8 12 16 21 26,70000,0,0.0,0.0,0.0,0
80,Ultra-DSP,W2A7,2,7,7,7,1,weight,0 4 8 12 16 21 26,70000,0,0.0,0.0,0.0,0
81,Ultra-DSP,W2A7,2,7,7,7,1,weight,0 4 8 12 16 21 26,70000,0,0.0,0.0,0.0,0
82,Ultra-DSP,W2A7,2,7,7,7,1,weight,0 4 8 12 16 21 26,70000,0,0.0,0.0,0.0,0
83,Ultra-DSP,W2A7,2,7,7,7,1,weight,0 4 8 12 16 21 26,70000,0,0.0,0.0,0.0,0
84,Ultra-DSP,W2A7,2,7,7,7,1,weight,0 4 8 12 16 21 26,70000,0,0.0,0.0,0.0,0
85,Ultra-DSP,W2A7,2,7,7,7,1,weight,0 4 8 12 16 21 26,70000,0,0.0,0.0,0.0,0
86,Ultra-DSP,W2A7,2,7,7,7,1,weight,0 4 8 12 16 21 26,70000,0,0.0,0.0,0.0,0
87,Ultra-DSP,W2A7,2,7,7,7,1,weight,0 4 8 12 16 21 26,70000,0,0.0,0.0,0.0,0
88,Ultra-DSP,W2A7,2,7,7,7,1,weight,0 4 8 12 16 21 26,70000,0,0.0,0.0,0.0,0
89,Ultra-DSP,W2A7,2,7,7,7,1,weight,0 4 8 12 16 21 26,70000,0,0.0,0.0,0.0,0
90,Ultra-DSP,W2A7,2,7,7,7,1,weight,0 4 8 12 16 21 26,70000,0,0.0,0.0,0.0,0
91,Ultra-DSP,W2A7,2,7,7,7,1,weight,0 4 8 12 16 21 26,70000,0,0.0,0.0,0.0,0
92,Ultra-DSP,W2A7,2,7,7,7,1,weight,0 4 8 12 16 21 26,70000,0,0.0,0.0,0.0,0
93,Ultra-DSP,W2A7,2,7,7,7,1,weight,0 4 8 12 16 21 26,70000,0,0.0,0.0,0.0,0
94,Ultra-DSP,W2A7,2,7,7,7,1,weight,0 4 8 12 16 21 26,70000,0,0.0,0.0,0.0,0
95,Ultra-DSP,W2A7,2,7,7,7,1,weight,0 4 8 12 16 21 26,70000,0,0.0,0.0,0.0,0
96,Ultra-DSP,W2A7,2,7,7,7,1,weight,0 4 8 12 16 21 26,70000,0,0.0,0.0,0.0,0
97,Ultra-DSP,W2A7,2,7,7,7,1,weight,0 4 8 12 16 21 26,70000,0,0.0,0.0,0.0,0
98,Ultra-DSP,W2A7,2,7,7,7,1,weight,0 4 8 12 16 21 26,70000,0,0.0,0.0,0.0,0
99,Ultra-DSP,W2A7,2,7,7,7,1,weight,0 4 8 12 16 21 26,70000,0,0.0,0.0,0.0,0
0,Ultra-DSP,W2A8,2,8,6,6,1,weight,0 5 10 15 20 26,60000,0,0.0,0.0,0.0,0
1,Ultra-DSP,W2A8,2,8,6,6,1,weight,0 5 10 15 20 26,60000,0,0.0,0.0,0.0,0
2,Ultra-DSP,W2A8,2,8,6,6,1,weight,0 5 10 15 20 26,60000,0,0.0,0.0,0.0,0
3,Ultra-DSP,W2A8,2,8,6,6,1,weight,0 5 10 15 20 26,60000,0,0.0,0.0,0.0,0
4,Ultra-DSP,W2A8,2,8,6,6,1,weight,0 5 10 15 20 26,60000,0,0.0,0.0,0.0,0
5,Ultra-DSP,W2A8,2,8,6,6,1,weight,0 5 10 15 20 26,60000,0,0.0,0.0,0.0,0
6,Ultra-DSP,W2A8,2,8,6,6,1,weight,0 5 10 15 20 26,60000,0,0.0,0.0,0.0,0
7,Ultra-DSP,W2A8,2,8,6,6,1,weight,0 5 10 15 20 26,60000,0,0.0,0.0,0.0,0
8,Ultra-DSP,W2A8,2,8,6,6,1,weight,0 5 10 15 20 26,60000,0,0.0,0.0,0.0,0
9,Ultra-DSP,W2A8,2,8,6,6,1,weight,0 5 10 15 20 26,60000,0,0.0,0.0,0.0,0
10,Ultra-DSP,W2A8,2,8,6,6,1,weight,0 5 10 15 20 26,60000,0,0.0,0.0,0.0,0
11,Ultra-DSP,W2A8,2,8,6,6,1,weight,0 5 10 15 20 26,60000,0,0.0,0.0,0.0,0
12,Ultra-DSP,W2A8,2,8,6,6,1,weight,0 5 10 15 20 26,60000,0,0.0,0.0,0.0,0
13,Ultra-DSP,W2A8,2,8,6,6,1,weight,0 5 10 15 20 26,60000,0,0.0,0.0,0.0,0
14,Ultra-DSP,W2A8,2,8,6,6,1,weight,0 5 10 15 20 26,60000,0,0.0,0.0,0.0,0
15,Ultra-DSP,W2A8,2,8,6,6,1,weight,0 5 10 15 20 26,60000,0,0.0,0.0,0.0,0
16,Ultra-DSP,W2A8,2,8,6,6,1,weight,0 5 10 15 20 26,60000,0,0.0,0.0,0.0,0
17,Ultra-DSP,W2A8,2,8,6,6,1,weight,0 5 10 15 20 26,60000,0,0.0,0.0,0.0,0
18,Ultra-DSP,W2A8,2,8,6,6,1,weight,0 5 10 15 20 26,60000,0,0.0,0.0,0.0,0
19,Ultra-DSP,W2A8,2,8,6,6,1,weight,0 5 10 15 20 26,60000,0,0.0,0.0,0.0,0
20,Ultra-DSP,W2A8,2,8,6,6,1,weight,0 5 10 15 20 26,60000,0,0.0,0.0,0.0,0
21,Ultra-DSP,W2A8,2,8,6,6,1,weight,0 5 10 15 20 26,60000,0,0.0,0.0,0.0,0
22,Ultra-DSP,W2A8,2,8,6,6,1,weight,0 5 10 15 20 26,60000,0,0.0,0.0,0.0,0
23,Ultra-DSP,W2A8,2,8,6,6,1,weight,0 5 10 15 20 26,60000,0,0.0,0.0,0.0,0
24,Ultra-DSP,W2A8,2,8,6,6,1,weight,0 5 10 15 20 26,60000,0,0.0,0.0,0.0,0
25,Ultra-DSP,W2A8,2,8,6,6,1,weight,0 5 10 15 20 26,60000,0,0.0,0.0,0.0,0
26,Ultra-DSP,W2A8,2,8,6,6,1,weight,0 5 10 15 20 26,60000,0,0.0,0.0,0.0,0
27,Ultra-DSP,W2A8,2,8,6,6,1,weight,0 5 10 15 20 26,60000,0,0.0,0.0,0.0,0
28,Ultra-DSP,W2A8,2,8,6,6,1,weight,0 5 10 15 20 26,60000,0,0.0,0.0,0.0,0
29,Ultra-DSP,W2A8,2,8,6,6,1,weight,0 5 10 15 20 26,60000,0,0.0,0.0,0.0,0
30,Ultra-DSP,W2A8,2,8,6,6,1,weight,0 5 10 15 20 26,60000,0,0.0,0.0,0.0,0
31,Ultra-DSP,W2A8,2,8,6,6,1,weight,0 5 10 15 20 26,60000,0,0.0,0.0,0.0,0
32,Ultra-DSP,W2A8,2,8,6,6,1,weight,0 5 10 15 20 26,60000,0,0.0,0.0,0.0,0
33,Ultra-DSP,W2A8,2,8,6,6,1,weight,0 5 10 15 20 26,60000,0,0.0,0.0,0.0,0
34,Ultra-DSP,W2A8,2,8,6,6,1,weight,0 5 10 15 20 26,60000,0,0.0,0.0,0.0,0
35,Ultra-DSP,W2A8,2,8,6,6,1,weight,0 5 10 15 20 26,60000,0,0.0,0.0,0.0,0
36,Ultra-DSP,W2A8,2,8,6,6,1,weight,0 5 10 15 20 26,60000,0,0.0,0.0,0.0,0
37,Ultra-DSP,W2A8,2,8,6,6,1,weight,0 5 10 15 20 26,60000,0,0.0,0.0,0.0,0
38,Ultra-DSP,W2A8,2,8,6,6,1,weight,0 5 10 15 20 26,60000,0,0.0,0.0,0.0,0
39,Ultra-DSP,W2A8,2,8,6,6,1,weight,0 5 10 15 20 26,60000,0,0.0,0.0,0.0,0
40,Ultra-DSP,W2A8,2,8,6,6,1,weight,0 5 10 15 20 26,60000,0,0.0,0.0,0.0,0
41,Ultra-DSP,W2A8,2,8,6,6,1,weight,0 5 10 15 20 26,60000,0,0.0,0.0,0.0,0
42,Ultra-DSP,W2A8,2,8,6,6,1,weight,0 5 10 15 20 26,60000,0,0.0,0.0,0.0,0
43,Ultra-DSP,W2A8,2,8,6,6,1,weight,0 5 10 15 20 26,60000,0,0.0,0.0,0.0,0
44,Ultra-DSP,W2A8,2,8,6,6,1,weight,0 5 10 15 20 26,60000,0,0.0,0.0,0.0,0
45,Ultra-DSP,W2A8,2,8,6,6,1,weight,0 5 10 15 20 26,60000,0,0.0,0.0,0.0,0
46,Ultra-DSP,W2A8,2,8,6,6,1,weight,0 5 10 15 20 26,60000,0,0.0,0.0,0.0,0
47,Ultra-DSP,W2A8,2,8,6,6,1,weight,0 5 10 15 20 26,60000,0,0.0,0.0,0.0,0
48,Ultra-DSP,W2A8,2,8,6,6,1,weight,0 5 10 15 20 26,60000,0,0.0,0.0,0.0,0
49,Ultra-DSP,W2A8,2,8,6,6,1,weight,0 5 10 15 20 26,60000,0,0.0,0.0,0.0,0
50,Ultra-DSP,W2A8,2,8,6,6,1,weight,0 5 10 15 20 26,60000,0,0.0,0.0,0.0,0
51,Ultra-DSP,W2A8,2,8,6,6,1,weight,0 5 10 15 20 26,60000,0,0.0,0.0,0.0,0
52,Ultra-DSP,W2A8,2,8,6,6,1,weight,0 5 10 15 20 26,60000,0,0.0,0.0,0.0,0
53,Ultra-DSP,W2A8,2,8,6,6,1,weight,0 5 10 15 20 26,60000,0,0.0,0.0,0.0,0
54,Ultra-DSP,W2A8,2,8,6,6,1,weight,0 5 10 15 20 26,60000,0,0.0,0.0,0.0,0
55,Ultra-DSP,W2A8,2,8,6,6,1,weight,0 5 10 15 20 26,60000,0,0.0,0.0,0.0,0
56,Ultra-DSP,W2A8,2,8,6,6,1,weight,0 5 10 15 20 26,60000,0,0.0,0.0,0.0,0
57,Ultra-DSP,W2A8,2,8,6,6,1,weight,0 5 10 15 20 26,60000,0,0.0,0.0,0.0,0
58,Ultra-DSP,W2A8,2,8,6,6,1,weight,0 5 10 15 20 26,60000,0,0.0,0.0,0.0,0
59,Ultra-DSP,W2A8,2,8,6,6,1,weight,0 5 10 15 20 26,60000,0,0.0,0.0,0.0,0
60,Ultra-DSP,W2A8,2,8,6,6,1,weight,0 5 10 15 20 26,60000,0,0.0,0.0,0.0,0
61,Ultra-DSP,W2A8,2,8,6,6,1,weight,0 5 10 15 20 26,60000,0,0.0,0.0,0.0,0
62,Ultra-DSP,W2A8,2,8,6,6,1,weight,0 5 10 15 20 26,60000,0,0.0,0.0,0.0,0
63,Ultra-DSP,W2A8,2,8,6,6,1,weight,0 5 10 15 20 26,60000,0,0.0,0.0,0.0,0
64,Ultra-DSP,W2A8,2,8,6,6,1,weight,0 5 10 15 20 26,60000,0,0.0,0.0,0.0,0
65,Ultra-DSP,W2A8,2,8,6,6,1,weight,0 5 10 15 20 26,60000,0,0.0,0.0,0.0,0
66,Ultra-DSP,W2A8,2,8,6,6,1,weight,0 5 10 15 20 26,60000,0,0.0,0.0,0.0,0
67,Ultra-DSP,W2A8,2,8,6,6,1,weight,0 5 10 15 20 26,60000,0,0.0,0.0,0.0,0
68,Ultra-DSP,W2A8,2,8,6,6,1,weight,0 5 10 15 20 26,60000,0,0.0,0.0,0.0,0
69,Ultra-DSP,W2A8,2,8,6,6,1,weight,0 5 10 15 20 26,60000,0,0.0,0.0,0.0,0
70,Ultra-DSP,W2A8,2,8,6,6,1,weight,0 5 10 15 20 26,60000,0,0.0,0.0,0.0,0
71,Ultra-DSP,W2A8,2,8,6,6,1,weight,0 5 10 15 20 26,60000,0,0.0,0.0,0.0,0
72,Ultra-DSP,W2A8,2,8,6,6,1,weight,0 5 10 15 20 26,60000,0,0.0,0.0,0.0,0
73,Ultra-DSP,W2A8,2,8,6,6,1,weight,0 5 10 15 20 26,60000,0,0.0,0.0,0.0,0
74,Ultra-DSP,W2A8,2,8,6,6,1,weight,0 5 10 15 20 26,60000,0,0.0,0.0,0.0,0
75,Ultra-DSP,W2A8,2,8,6,6,1,weight,0 5 10 15 20 26,60000,0,0.0,0.0,0.0,0
76,Ultra-DSP,W2A8,2,8,6,6,1,weight,0 5 10 15 20 26,60000,0,0.0,0.0,0.0,0
77,Ultra-DSP,W2A8,2,8,6,6,1,weight,0 5 10 15 20 26,60000,0,0.0,0.0,0.0,0
78,Ultra-DSP,W2A8,2,8,6,6,1,weight,0 5 10 15 20 26,60000,0,0.0,0.0,0.0,0
79,Ultra-DSP,W2A8,2,8,6,6,1,weight,0 5 10 15 20 26,60000,0,0.0,0.0,0.0,0
80,Ultra-DSP,W2A8,2,8,6,6,1,weight,0 5 10 15 20 26,60000,0,0.0,0.0,0.0,0
81,Ultra-DSP,W2A8,2,8,6,6,1,weight,0 5 10 15 20 26,60000,0,0.0,0.0,0.0,0
82,Ultra-DSP,W2A8,2,8,6,6,1,weight,0 5 10 15 20 26,60000,0,0.0,0.0,0.0,0
83,Ultra-DSP,W2A8,2,8,6,6,1,weight,0 5 10 15 20 26,60000,0,0.0,0.0,0.0,0
84,Ultra-DSP,W2A8,2,8,6,6,1,weight,0 5 10 15 20 26,60000,0,0.0,0.0,0.0,0
85,Ultra-DSP,W2A8,2,8,6,6,1,weight,0 5 10 15 20 26,60000,0,0.0,0.0,0.0,0
86,Ultra-DSP,W2A8,2,8,6,6,1,weight,0 5 10 15 20 26,60000,0,0.0,0.0,0.0,0
87,Ultra-DSP,W2A8,2,8,6,6,1,weight,0 5 10 15 20 26,60000,0,0.0,0.0,0.0,0
88,Ultra-DSP,W2A8,2,8,6,6,1,weight,0 5 10 15 20 26,60000,0,0.0,0.0,0.0,0
89,Ultra-DSP,W2A8,2,8,6,6,1,weight,0 5 10 15 20 26,60000,0,0.0,0.0,0.0,0
90,Ultra-DSP,W2A8,2,8,6,6,1,weight,0 5 10 15 20 26,60000,0,0.0,0.0,0.0,0
91,Ultra-DSP,W2A8,2,8,6,6,1,weight,0 5 10 15 20 26,60000,0,0.0,0.0,0.0,0
92,Ultra-DSP,W2A8,2,8,6,6,1,weight,0 5 10 15 20 26,60000,0,0.0,0.0,0.0,0
93,Ultra-DSP,W2A8,2,8,6,6,1,weight,0 5 10 15 20 26,60000,0,0.0,0.0,0.0,0
94,Ultra-DSP,W2A8,2,8,6,6,1,weight,0 5 10 15 20 26,60000,0,0.0,0.0,0.0,0
95,Ultra-DSP,W2A8,2,8,6,6,1,weight,0 5 10 15 20 26,60000,0,0.0,0.0,0.0,0
96,Ultra-DSP,W2A8,2,8,6,6,1,weight,0 5 10 15 20 26,60000,0,0.0,0.0,0.0,0
97,Ultra-DSP,W2A8,2,8,6,6,1,weight,0 5 10 15 20 26,60000,0,0.0,0.0,0.0,0
98,Ultra-DSP,W2A8,2,8,6,6,1,weight,0 5 10 15 20 26,60000,0,0.0,0.0,0.0,0
99,Ultra-DSP,W2A8,2,8,6,6,1,weight,0 5 10 15 20 26,60000,0,0.0,0.0,0.0,0
0,Ultra-DSP,W3A2,3,2,34,17,2,activation,0 1 2 3 4 5 6 7 8 9 10 11 12 13 14 15 16 16 17 18 19 20 21 22 23 24 25 26 27 28 29 30 31 32,340000,0,0.0,0.0,0.0,0
1,Ultra-DSP,W3A2,3,2,34,17,2,activation,0 1 2 3 4 5 6 7 8 9 10 11 12 13 14 15 16 16 17 18 19 20 21 22 23 24 25 26 27 28 29 30 31 32,340000,0,0.0,0.0,0.0,0
2,Ultra-DSP,W3A2,3,2,34,17,2,activation,0 1 2 3 4 5 6 7 8 9 10 11 12 13 14 15 16 16 17 18 19 20 21 22 23 24 25 26 27 28 29 30 31 32,340000,0,0.0,0.0,0.0,0
3,Ultra-DSP,W3A2,3,2,34,17,2,activation,0 1 2 3 4 5 6 7 8 9 10 11 12 13 14 15 16 16 17 18 19 20 21 22 23 24 25 26 27 28 29 30 31 32,340000,0,0.0,0.0,0.0,0
4,Ultra-DSP,W3A2,3,2,34,17,2,activation,0 1 2 3 4 5 6 7 8 9 10 11 12 13 14 15 16 16 17 18 19 20 21 22 23 24 25 26 27 28 29 30 31 32,340000,0,0.0,0.0,0.0,0
5,Ultra-DSP,W3A2,3,2,34,17,2,activation,0 1 2 3 4 5 6 7 8 9 10 11 12 13 14 15 16 16 17 18 19 20 21 22 23 24 25 26 27 28 29 30 31 32,340000,0,0.0,0.0,0.0,0
6,Ultra-DSP,W3A2,3,2,34,17,2,activation,0 1 2 3 4 5 6 7 8 9 10 11 12 13 14 15 16 16 17 18 19 20 21 22 23 24 25 26 27 28 29 30 31 32,340000,0,0.0,0.0,0.0,0
7,Ultra-DSP,W3A2,3,2,34,17,2,activation,0 1 2 3 4 5 6 7 8 9 10 11 12 13 14 15 16 16 17 18 19 20 21 22 23 24 25 26 27 28 29 30 31 32,340000,0,0.0,0.0,0.0,0
8,Ultra-DSP,W3A2,3,2,34,17,2,activation,0 1 2 3 4 5 6 7 8 9 10 11 12 13 14 15 16 16 17 18 19 20 21 22 23 24 25 26 27 28 29 30 31 32,340000,0,0.0,0.0,0.0,0
9,Ultra-DSP,W3A2,3,2,34,17,2,activation,0 1 2 3 4 5 6 7 8 9 10 11 12 13 14 15 16 16 17 18 19 20 21 22 23 24 25 26 27 28 29 30 31 32,340000,0,0.0,0.0,0.0,0
10,Ultra-DSP,W3A2,3,2,34,17,2,activation,0 1 2 3 4 5 6 7 8 9 10 11 12 13 14 15 16 16 17 18 19 20 21 22 23 24 25 26 27 28 29 30 31 32,340000,0,0.0,0.0,0.0,0
11,Ultra-DSP,W3A2,3,2,34,17,2,activation,0 1 2 3 4 5 6 7 8 9 10 11 12 13 14 15 16 16 17 18 19 20 21 22 23 24 25 26 27 28 29 30 31 32,340000,0,0.0,0.0,0.0,0
12,Ultra-DSP,W3A2,3,2,34,17,2,activation,0 1 2 3 4 5 6 7 8 9 10 11 12 13 14 15 16 16 17 18 19 20 21 22 23 24 25 26 27 28 29 30 31 32,340000,0,0.0,0.0,0.0,0
13,Ultra-DSP,W3A2,3,2,34,17,2,activation,0 1 2 3 4 5 6 7 8 9 10 11 12 13 14 15 16 16 17 18 19 20 21 22 23 24 25 26 27 28 29 30 31 32,340000,0,0.0,0.0,0.0,0
14,Ultra-DSP,W3A2,3,2,34,17,2,activation,0 1 2 3 4 5 6 7 8 9 10 11 12 13 14 15 16 16 17 18 19 20 21 22 23 24 25 26 27 28 29 30 31 32,340000,0,0.0,0.0,0.0,0
15,Ultra-DSP,W3A2,3,2,34,17,2,activation,0 1 2 3 4 5 6 7 8 9 10 11 12 13 14 15 16 16 17 18 19 20 21 22 23 24 25 26 27 28 29 30 31 32,340000,0,0.0,0.0,0.0,0
16,Ultra-DSP,W3A2,3,2,34,17,2,activation,0 1 2 3 4 5 6 7 8 9 10 11 12 13 14 15 16 16 17 18 19 20 21 22 23 24 25 26 27 28 29 30 31 32,340000,0,0.0,0.0,0.0,0
17,Ultra-DSP,W3A2,3,2,34,17,2,activation,0 1 2 3 4 5 6 7 8 9 10 11 12 13 14 15 16 16 17 18 19 20 21 22 23 24 25 26 27 28 29 30 31 32,340000,0,0.0,0.0,0.0,0
18,Ultra-DSP,W3A2,3,2,34,17,2,activation,0 1 2 3 4 5 6 7 8 9 10 11 12 13 14 15 16 16 17 18 19 20 21 22 23 24 25 26 27 28 29 30 31 32,340000,0,0.0,0.0,0.0,0
19,Ultra-DSP,W3A2,3,2,34,17,2,activation,0 1 2 3 4 5 6 7 8 9 10 11 12 13 14 15 16 16 17 18 19 20 21 22 23 24 25 26 27 28 29 30 31 32,340000,0,0.0,0.0,0.0,0
20,Ultra-DSP,W3A2,3,2,34,17,2,activation,0 1 2 3 4 5 6 7 8 9 10 11 12 13 14 15 16 16 17 18 19 20 21 22 23 24 25 26 27 28 29 30 31 32,340000,0,0.0,0.0,0.0,0
21,Ultra-DSP,W3A2,3,2,34,17,2,activation,0 1 2 3 4 5 6 7 8 9 10 11 12 13 14 15 16 16 17 18 19 20 21 22 23 24 25 26 27 28 29 30 31 32,340000,0,0.0,0.0,0.0,0
22,Ultra-DSP,W3A2,3,2,34,17,2,activation,0 1 2 3 4 5 6 7 8 9 10 11 12 13 14 15 16 16 17 18 19 20 21 22 23 24 25 26 27 28 29 30 31 32,340000,0,0.0,0.0,0.0,0
23,Ultra-DSP,W3A2,3,2,34,17,2,activation,0 1 2 3 4 5 6 7 8 9 10 11 12 13 14 15 16 16 17 18 19 20 21 22 23 24 25 26 27 28 29 30 31 32,340000,0,0.0,0.0,0.0,0
24,Ultra-DSP,W3A2,3,2,34,17,2,activation,0 1 2 3 4 5 6 7 8 9 10 11 12 13 14 15 16 16 17 18 19 20 21 22 23 24 25 26 27 28 29 30 31 32,340000,0,0.0,0.0,0.0,0
25,Ultra-DSP,W3A2,3,2,34,17,2,activation,0 1 2 3 4 5 6 7 8 9 10 11 12 13 14 15 16 16 17 18 19 20 21 22 23 24 25 26 27 28 29 30 31 32,340000,0,0.0,0.0,0.0,0
26,Ultra-DSP,W3A2,3,2,34,17,2,activation,0 1 2 3 4 5 6 7 8 9 10 11 12 13 14 15 16 16 17 18 19 20 21 22 23 24 25 26 27 28 29 30 31 32,340000,0,0.0,0.0,0.0,0
27,Ultra-DSP,W3A2,3,2,34,17,2,activation,0 1 2 3 4 5 6 7 8 9 10 11 12 13 14 15 16 16 17 18 19 20 21 22 23 24 25 26 27 28 29 30 31 32,340000,0,0.0,0.0,0.0,0
28,Ultra-DSP,W3A2,3,2,34,17,2,activation,0 1 2 3 4 5 6 7 8 9 10 11 12 13 14 15 16 16 17 18 19 20 21 22 23 24 25 26 27 28 29 30 31 32,340000,0,0.0,0.0,0.0,0
29,Ultra-DSP,W3A2,3,2,34,17,2,activation,0 1 2 3 4 5 6 7 8 9 10 11 12 13 14 15 16 16 17 18 19 20 21 22 23 24 25 26 27 28 29 30 31 32,340000,0,0.0,0.0,0.0,0
30,Ultra-DSP,W3A2,3,2,34,17,2,activation,0 1 2 3 4 5 6 7 8 9 10 11 12 13 14 15 16 16 17 18 19 20 21 22 23 24 25 26 27 28 29 30 31 32,340000,0,0.0,0.0,0.0,0
31,Ultra-DSP,W3A2,3,2,34,17,2,activation,0 1 2 3 4 5 6 7 8 9 10 11 12 13 14 15 16 16 17 18 19 20 21 22 23 24 25 26 27 28 29 30 31 32,340000,0,0.0,0.0,0.0,0
32,Ultra-DSP,W3A2,3,2,34,17,2,activation,0 1 2 3 4 5 6 7 8 9 10 11 12 13 14 15 16 16 17 18 19 20 21 22 23 24 25 26 27 28 29 30 31 32,340000,0,0.0,0.0,0.0,0
33,Ultra-DSP,W3A2,3,2,34,17,2,activation,0 1 2 3 4 5 6 7 8 9 10 11 12 13 14 15 16 16 17 18 19 20 21 22 23 24 25 26 27 28 29 30 31 32,340000,0,0.0,0.0,0.0,0
34,Ultra-DSP,W3A2,3,2,34,17,2,activation,0 1 2 3 4 5 6 7 8 9 10 11 12 13 14 15 16 16 17 18 19 20 21 22 23 24 25 26 27 28 29 30 31 32,340000,0,0.0,0.0,0.0,0
35,Ultra-DSP,W3A2,3,2,34,17,2,activation,0 1 2 3 4 5 6 7 8 9 10 11 12 13 14 15 16 16 17 18 19 20 21 22 23 24 25 26 27 28 29 30 31 32,340000,0,0.0,0.0,0.0,0
36,Ultra-DSP,W3A2,3,2,34,17,2,activation,0 1 2 3 4 5 6 7 8 9 10 11 12 13 14 15 16 16 17 18 19 20 21 22 23 24 25 26 27 28 29 30 31 32,340000,0,0.0,0.0,0.0,0
37,Ultra-DSP,W3A2,3,2,34,17,2,activation,0 1 2 3 4 5 6 7 8 9 10 11 12 13 14 15 16 16 17 18 19 20 21 22 23 24 25 26 27 28 29 30 31 32,340000,0,0.0,0.0,0.0,0
38,Ultra-DSP,W3A2,3,2,34,17,2,activation,0 1 2 3 4 5 6 7 8 9 10 11 12 13 14 15 16 16 17 18 19 20 21 22 23 24 25 26 27 28 29 30 31 32,340000,0,0.0,0.0,0.0,0
39,Ultra-DSP,W3A2,3,2,34,17,2,activation,0 1 2 3 4 5 6 7 8 9 10 11 12 13 14 15 16 16 17 18 19 20 21 22 23 24 25 26 27 28 29 30 31 32,340000,0,0.0,0.0,0.0,0
40,Ultra-DSP,W3A2,3,2,34,17,2,activation,0 1 2 3 4 5 6 7 8 9 10 11 12 13 14 15 16 16 17 18 19 20 21 22 23 24 25 26 27 28 29 30 31 32,340000,0,0.0,0.0,0.0,0
41,Ultra-DSP,W3A2,3,2,34,17,2,activation,0 1 2 3 4 5 6 7 8 9 10 11 12 13 14 15 16 16 17 18 19 20 21 22 23 24 25 26 27 28 29 30 31 32,340000,0,0.0,0.0,0.0,0
42,Ultra-DSP,W3A2,3,2,34,17,2,activation,0 1 2 3 4 5 6 7 8 9 10 11 12 13 14 15 16 16 17 18 19 20 21 22 23 24 25 26 27 28 29 30 31 32,340000,0,0.0,0.0,0.0,0
43,Ultra-DSP,W3A2,3,2,34,17,2,activation,0 1 2 3 4 5 6 7 8 9 10 11 12 13 14 15 16 16 17 18 19 20 21 22 23 24 25 26 27 28 29 30 31 32,340000,0,0.0,0.0,0.0,0
44,Ultra-DSP,W3A2,3,2,34,17,2,activation,0 1 2 3 4 5 6 7 8 9 10 11 12 13 14 15 16 16 17 18 19 20 21 22 23 24 25 26 27 28 29 30 31 32,340000,0,0.0,0.0,0.0,0
45,Ultra-DSP,W3A2,3,2,34,17,2,activation,0 1 2 3 4 5 6 7 8 9 10 11 12 13 14 15 16 16 17 18 19 20 21 22 23 24 25 26 27 28 29 30 31 32,340000,0,0.0,0.0,0.0,0
46,Ultra-DSP,W3A2,3,2,34,17,2,activation,0 1 2 3 4 5 6 7 8 9 10 11 12 13 14 15 16 16 17 18 19 20 21 22 23 24 25 26 27 28 29 30 31 32,340000,0,0.0,0.0,0.0,0
47,Ultra-DSP,W3A2,3,2,34,17,2,activation,0 1 2 3 4 5 6 7 8 9 10 11 12 13 14 15 16 16 17 18 19 20 21 22 23 24 25 26 27 28 29 30 31 32,340000,0,0.0,0.0,0.0,0
48,Ultra-DSP,W3A2,3,2,34,17,2,activation,0 1 2 3 4 5 6 7 8 9 10 11 12 13 14 15 16 16 17 18 19 20 21 22 23 24 25 26 27 28 29 30 31 32,340000,0,0.0,0.0,0.0,0
49,Ultra-DSP,W3A2,3,2,34,17,2,activation,0 1 2 3 4 5 6 7 8 9 10 11 12 13 14 15 16 16 17 18 19 20 21 22 23 24 25 26 27 28 29 30 31 32,340000,0,0.0,0.0,0.0,0
50,Ultra-DSP,W3A2,3,2,34,17,2,activation,0 1 2 3 4 5 6 7 8 9 10 11 12 13 14 15 16 16 17 18 19 20 21 22 23 24 25 26 27 28 29 30 31 32,340000,0,0.0,0.0,0.0,0
51,Ultra-DSP,W3A2,3,2,34,17,2,activation,0 1 2 3 4 5 6 7 8 9 10 11 12 13 14 15 16 16 17 18 19 20 21 22 23 24 25 26 27 28 29 30 31 32,340000,0,0.0,0.0,0.0,0
52,Ultra-DSP,W3A2,3,2,34,17,2,activation,0 1 2 3 4 5 6 7 8 9 10 11 12 13 14 15 16 16 17 18 19 20 21 22 23 24 25 26 27 28 29 30 31 32,340000,0,0.0,0.0,0.0,0
53,Ultra-DSP,W3A2,3,2,34,17,2,activation,0 1 2 3 4 5 6 7 8 9 10 11 12 13 14 15 16 16 17 18 19 20 21 22 23 24 25 26 27 28 29 30 31 32,340000,0,0.0,0.0,0.0,0
54,Ultra-DSP,W3A2,3,2,34,17,2,activation,0 1 2 3 4 5 6 7 8 9 10 11 12 13 14 15 16 16 17 18 19 20 21 22 23 24 25 26 27 28 29 30 31 32,340000,0,0.0,0.0,0.0,0
55,Ultra-DSP,W3A2,3,2,34,17,2,activation,0 1 2 3 4 5 6 7 8 9 10 11 12 13 14 15 16 16 17 18 19 20 21 22 23 24 25 26 27 28 29 30 31 32,340000,0,0.0,0.0,0.0,0
56,Ultra-DSP,W3A2,3,2,34,17,2,activation,0 1 2 3 4 5 6 7 8 9 10 11 12 13 14 15 16 16 17 18 19 20 21 22 23 24 25 26 27 28 29 30 31 32,340000,0,0.0,0.0,0.0,0
57,Ultra-DSP,W3A2,3,2,34,17,2,activation,0 1 2 3 4 5 6 7 8 9 10 11 12 13 14 15 16 16 17 18 19 20 21 22 23 24 25 26 27 28 29 30 31 32,340000,0,0.0,0.0,0.0,0
58,Ultra-DSP,W3A2,3,2,34,17,2,activation,0 1 2 3 4 5 6 7 8 9 10 11 12 13 14 15 16 16 17 18 19 20 21 22 23 24 25 26 27 28 29 30 31 32,340000,0,0.0,0.0,0.0,0
59,Ultra-DSP,W3A2,3,2,34,17,2,activation,0 1 2 3 4 5 6 7 8 9 10 11 12 13 14 15 16 16 17 18 19 20 21 22 23 24 25 26 27 28 29 30 31 32,340000,0,0.0,0.0,0.0,0
60,Ultra-DSP,W3A2,3,2,34,17,2,activation,0 1 2 3 4 5 6 7 8 9 10 11 12 13 14 15 16 16 17 18 19 20 21 22 23 24 25 26 27 28 29 30 31 32,340000,0,0.0,0.0,0.0,0
61,Ultra-DSP,W3A2,3,2,34,17,2,activation,0 1 2 3 4 5 6 7 8 9 10 11 12 13 14 15 16 16 17 18 19 20 21 22 23 24 25 26 27 28 29 30 31 32,340000,0,0.0,0.0,0.0,0
62,Ultra-DSP,W3A2,3,2,34,17,2,activation,0 1 2 3 4 5 6 7 8 9 10 11 12 13 14 15 16 16 17 18 19 20 21 22 23 24 25 26 27 28 29 30 31 32,340000,0,0.0,0.0,0.0,0
63,Ultra-DSP,W3A2,3,2,34,17,2,activation,0 1 2 3 4 5 6 7 8 9 10 11 12 13 14 15 16 16 17 18 19 20 21 22 23 24 25 26 27 28 29 30 31 32,340000,0,0.0,0.0,0.0,0
64,Ultra-DSP,W3A2,3,2,34,17,2,activation,0 1 2 3 4 5 6 7 8 9 10 11 12 13 14 15 16 16 17 18 19 20 21 22 23 24 25 26 27 28 29 30 31 32,340000,0,0.0,0.0,0.0,0
65,Ultra-DSP,W3A2,3,2,34,17,2,activation,0 1 2 3 4 5 6 7 8 9 10 11 12 13 14 15 16 16 17 18 19 20 21 22 23 24 25 26 27 28 29 30 31 32,340000,0,0.0,0.0,0.0,0
66,Ultra-DSP,W3A2,3,2,34,17,2,activation,0 1 2 3 4 5 6 7 8 9 10 11 12 13 14 15 16 16 17 18 19 20 21 22 23 24 25 26 27 28 29 30 31 32,340000,0,0.0,0.0,0.0,0
67,Ultra-DSP,W3A2,3,2,34,17,2,activation,0 1 2 3 4 5 6 7 8 9 10 11 12 13 14 15 16 16 17 18 19 20 21 22 23 24 25 26 27 28 29 30 31 32,340000,0,0.0,0.0,0.0,0
68,Ultra-DSP,W3A2,3,2,34,17,2,activation,0 1 2 3 4 5 6 7 8 9 10 11 12 13 14 15 16 16 17 18 19 20 21 22 23 24 25 26 27 28 29 30 31 32,340000,0,0.0,0.0,0.0,0
69,Ultra-DSP,W3A2,3,2,34,17,2,activation,0 1 2 3 4 5 6 7 8 9 10 11 12 13 14 15 16 16 17 18 19 20 21 22 23 24 25 26 27 28 29 30 31 32,340000,0,0.0,0.0,0.0,0
70,Ultra-DSP,W3A2,3,2,34,17,2,activation,0 1 2 3 4 5 6 7 8 9 10 11 12 13 14 15 16 16 17 18 19 20 21 22 23 24 25 26 27 28 29 30 31 32,340000,0,0.0,0.0,0.0,0
71,Ultra-DSP,W3A2,3,2,34,17,2,activation,0 1 2 3 4 5 6 7 8 9 10 11 12 13 14 15 16 16 17 18 19 20 21 22 23 24 25 26 27 28 29 30 31 32,340000,0,0.0,0.0,0.0,0
72,Ultra-DSP,W3A2,3,2,34,17,2,activation,0 1 2 3 4 5 6 7 8 9 10 11 12 13 14 15 16 16 17 18 19 20 21 22 23 24 25 26 27 28 29 30 31 32,340000,0,0.0,0.0,0.0,0
73,Ultra-DSP,W3A2,3,2,34,17,2,activation,0 1 2 3 4 5 6 7 8 9 10 11 12 13 14 15 16 16 17 18 19 20 21 22 23 24 25 26 27 28 29 30 31 32,340000,0,0.0,0.0,0.0,0
74,Ultra-DSP,W3A2,3,2,34,17,2,activation,0 1 2 3 4 5 6 7 8 9 10 11 12 13 14 15 16 16 17 18 19 20 21 22 23 24 25 26 27 28 29 30 31 32,340000,0,0.0,0.0,0.0,0
75,Ultra-DSP,W3A2,3,2,34,17,2,activation,0 1 2 3 4 5 6 7 8 9 10 11 12 13 14 15 16 16 17 18 19 20 21 22 23 24 25 26 27 28 29 30 31 32,340000,0,0.0,0.0,0.0,0
76,Ultra-DSP,W3A2,3,2,34,17,2,activation,0 1 2 3 4 5 6 7 8 9 10 11 12 13 14 15 16 16 17 18 19 20 21 22 23 24 25 26 27 28 29 30 31 32,340000,0,0.0,0.0,0.0,0
77,Ultra-DSP,W3A2,3,2,34,17,2,activation,0 1 2 3 4 5 6 7 8 9 10 11 12 13 14 15 16 16 17 18 19 20 21 22 23 24 25 26 27 28 29 30 31 32,340000,0,0.0,0.0,0.0,0
78,Ultra-DSP,W3A2,3,2,34,17,2,activation,0 1 2 3 4 5 6 7 8 9 10 11 12 13 14 15 16 16 17 18 19 20 21 22 23 24 25 26 27 28 29 30 31 32,340000,0,0.0,0.0,0.0,0
79,Ultra-DSP,W3A2,3,2,34,17,2,activation,0 1 2 3 4 5 6 7 8 9 10 11 12 13 14 15 16 16 17 18 19 20 21 22 23 24 25 26 27 28 29 30 31 32,340000,0,0.0,0.0,0.0,0
80,Ultra-DSP,W3A2,3,2,34,17,2,activation,0 1 2 3 4 5 6 7 8 9 10 11 12 13 14 15 16 16 17 18 19 20 21 22 23 24 25 26 27 28 29 30 31 32,340000,0,0.0,0.0,0.0,0
81,Ultra-DSP,W3A2,3,2,34,17,2,activation,0 1 2 3 4 5 6 7 8 9 10 11 12 13 14 15 16 16 17 18 19 20 21 22 23 24 25 26 27 28 29 30 31 32,340000,0,0.0,0.0,0.0,0
82,Ultra-DSP,W3A2,3,2,34,17,2,activation,0 1 2 3 4 5 6 7 8 9 10 11 12 13 14 15 16 16 17 18 19 20 21 22 23 24 25 26 27 28 29 30 31 32,340000,0,0.0,0.0,0.0,0
83,Ultra-DSP,W3A2,3,2,34,17,2,activation,0 1 2 3 4 5 6 7 8 9 10 11 12 13 14 15 16 16 17 18 19 20 21 22 23 24 25 26 27 28 29 30 31 32,340000,0,0.0,0.0,0.0,0
84,Ultra-DSP,W3A2,3,2,34,17,2,activation,0 1 2 3 4 5 6 7 8 9 10 11 12 13 14 15 16 16 17 18 19 20 21 22 23 24 25 26 27 28 29 30 31 32,340000,0,0.0,0.0,0.0,0
85,Ultra-DSP,W3A2,3,2,34,17,2,activation,0 1 2 3 4 5 6 7 8 9 10 11 12 13 14 15 16 16 17 18 19 20 21 22 23 24 25 26 27 28 29 30 31 32,340000,0,0.0,0.0,0.0,0
86,Ultra-DSP,W3A2,3,2,34,17,2,activation,0 1 2 3 4 5 6 7 8 9 10 11 12 13 14 15 16 16 17 18 19 20 21 22 23 24 25 26 27 28 29 30 31 32,340000,0,0.0,0.0,0.0,0
87,Ultra-DSP,W3A2,3,2,34,17,2,activation,0 1 2 3 4 5 6 7 8 9 10 11 12 13 14 15 16 16 17 18 19 20 21 22 23 24 25 26 27 28 29 30 31 32,340000,0,0.0,0.0,0.0,0
88,Ultra-DSP,W3A2,3,2,34,17,2,activation,0 1 2 3 4 5 6 7 8 9 10 11 12 13 14 15 16 16 17 18 19 20 21 22 23 24 25 26 27 28 29 30 31 32,340000,0,0.0,0.0,0.0,0
89,Ultra-DSP,W3A2,3,2,34,17,2,activation,0 1 2 3 4 5 6 7 8 9 10 11 12 13 14 15 16 16 17 18 19 20 21 22 23 24 25 26 27 28 29 30 31 32,340000,0,0.0,0.0,0.0,0
90,Ultra-DSP,W3A2,3,2,34,17,2,activation,0 1 2 3 4 5 6 7 8 9 10 11 12 13 14 15 16 16 17 18 19 20 21 22 23 24 25 26 27 28 29 30 31 32,340000,0,0.0,0.0,0.0,0
91,Ultra-DSP,W3A2,3,2,34,17,2,activation,0 1 2 3 4 5 6 7 8 9 10 11 12 13 14 15 16 16 17 18 19 20 21 22 23 24 25 26 27 28 29 30 31 32,340000,0,0.0,0.0,0.0,0
92,Ultra-DSP,W3A2,3,2,34,17,2,activation,0 1 2 3 4 5 6 7 8 9 10 11 12 13 14 15 16 16 17 18 19 20 21 22 23 24 25 26 27 28 29 30 31 32,340000,0,0.0,0.0,0.0,0
93,Ultra-DSP,W3A2,3,2,34,17,2,activation,0 1 2 3 4 5 6 7 8 9 10 11 12 13 14 15 16 16 17 18 19 20 21 22 23 24 25 26 27 28 29 30 31 32,340000,0,0.0,0.0,0.0,0
94,Ultra-DSP,W3A2,3,2,34,17,2,activation,0 1 2 3 4 5 6 7 8 9 10 11 12 13 14 15 16 16 17 18 19 20 21 22 23 24 25 26 27 28 29 30 31 32,340000,0,0.0,0.0,0.0,0
95,Ultra-DSP,W3A2,3,2,34,17,2,activation,0 1 2 3 4 5 6 7 8 9 10 11 12 13 14 15 16 16 17 18 19 20 21 22 23 24 25 26 27 28 29 30 31 32,340000,0,0.0,0.0,0.0,0
96,Ultra-DSP,W3A2,3,2,34,17,2,activation,0 1 2 3 4 5 6 7 8 9 10 11 12 13 14 15 16 16 17 18 19 20 21 22 23 24 25 26 27 28 29 30 31 32,340000,0,0.0,0.0,0.0,0
97,Ultra-DSP,W3A2,3,2,34,17,2,activation,0 1 2 3 4 5 6 7 8 9 10 11 12 13 14 15 16 16 17 18 19 20 21 22 23 24 25 26 27 28 29 30 31 32,340000,0,0.0,0.0,0.0,0
98,Ultra-DSP,W3A2,3,2,34,17,2,activation,0 1 2 3 4 5 6 7 8 9 10 11 12 13 14 15 16 16 17 18 19 20 21 22 23 24 25 26 27 28 29 30 31 32,340000,0,0.0,0.0,0.0,0
99,Ultra-DSP,W3A2,3,2,34,17,2,activation,0 1 2 3 4 5 6 7 8 9 10 11 12 13 14 15 16 16 17 18 19 20 21 22 23 24 25 26 27 28 29 30 31 32,340000,0,0.0,0.0,0.0,0
0,Ultra-DSP,W3A3,3,3,16,8,2,weight,0 2 4 6 8 10 12 15 16 18 20 22 24 26 28 31,160000,0,0.0,0.0,0.0,0
1,Ultra-DSP,W3A3,3,3,16,8,2,weight,0 2 4 6 8 10 12 15 16 18 20 22 24 26 28 31,160000,0,0.0,0.0,0.0,0
2,Ultra-DSP,W3A3,3,3,16,8,2,weight,0 2 4 6 8 10 12 15 16 18 20 22 24 26 28 31,160000,0,0.0,0.0,0.0,0
3,Ultra-DSP,W3A3,3,3,16,8,2,weight,0 2 4 6 8 10 12 15 16 18 20 22 24 26 28 31,160000,0,0.0,0.0,0.0,0
4,Ultra-DSP,W3A3,3,3,16,8,2,weight,0 2 4 6 8 10 12 15 16 18 20 22 24 26 28 31,160000,0,0.0,0.0,0.0,0
5,Ultra-DSP,W3A3,3,3,16,8,2,weight,0 2 4 6 8 10 12 15 16 18 20 22 24 26 28 31,160000,0,0.0,0.0,0.0,0
6,Ultra-DSP,W3A3,3,3,16,8,2,weight,0 2 4 6 8 10 12 15 16 18 20 22 24 26 28 31,160000,0,0.0,0.0,0.0,0
7,Ultra-DSP,W3A3,3,3,16,8,2,weight,0 2 4 6 8 10 12 15 16 18 20 22 24 26 28 31,160000,0,0.0,0.0,0.0,0
8,Ultra-DSP,W3A3,3,3,16,8,2,weight,0 2 4 6 8 10 12 15 16 18 20 22 24 26 28 31,160000,0,0.0,0.0,0.0,0
9,Ultra-DSP,W3A3,3,3,16,8,2,weight,0 2 4 6 8 10 12 15 16 18 20 22 24 26 28 31,160000,0,0.0,0.0,0.0,0
10,Ultra-DSP,W3A3,3,3,16,8,2,weight,0 2 4 6 8 10 12 15 16 18 20 22 24 26 28 31,160000,0,0.0,0.0,0.0,0
11,Ultra-DSP,W3A3,3,3,16,8,2,weight,0 2 4 6 8 10 12 15 16 18 20 22 24 26 28 31,160000,0,0.0,0.0,0.0,0
12,Ultra-DSP,W3A3,3,3,16,8,2,weight,0 2 4 6 8 10 12 15 16 18 20 22 24 26 28 31,160000,0,0.0,0.0,0.0,0
13,Ultra-DSP,W3A3,3,3,16,8,2,weight,0 2 4 6 8 10 12 15 16 18 20 22 24 26 28 31,160000,0,0.0,0.0,0.0,0
14,Ultra-DSP,W3A3,3,3,16,8,2,weight,0 2 4 6 8 10 12 15 16 18 20 22 24 26 28 31,160000,0,0.0,0.0,0.0,0
15,Ultra-DSP,W3A3,3,3,16,8,2,weight,0 2 4 6 8 10 12 15 16 18 20 22 24 26 28 31,160000,0,0.0,0.0,0.0,0
16,Ultra-DSP,W3A3,3,3,16,8,2,weight,0 2 4 6 8 10 12 15 16 18 20 22 24 26 28 31,160000,0,0.0,0.0,0.0,0
17,Ultra-DSP,W3A3,3,3,16,8,2,weight,0 2 4 6 8 10 12 15 16 18 20 22 24 26 28 31,160000,0,0.0,0.0,0.0,0
18,Ultra-DSP,W3A3,3,3,16,8,2,weight,0 2 4 6 8 10 12 15 16 18 20 22 24 26 28 31,160000,0,0.0,0.0,0.0,0
19,Ultra-DSP,W3A3,3,3,16,8,2,weight,0 2 4 6 8 10 12 15 16 18 20 22 24 26 28 31,160000,0,0.0,0.0,0.0,0
20,Ultra-DSP,W3A3,3,3,16,8,2,weight,0 2 4 6 8 10 12 15 16 18 20 22 24 26 28 31,160000,0,0.0,0.0,0.0,0
21,Ultra-DSP,W3A3,3,3,16,8,2,weight,0 2 4 6 8 10 12 15 16 18 20 22 24 26 28 31,160000,0,0.0,0.0,0.0,0
22,Ultra-DSP,W3A3,3,3,16,8,2,weight,0 2 4 6 8 10 12 15 16 18 20 22 24 26 28 31,160000,0,0.0,0.0,0.0,0
23,Ultra-DSP,W3A3,3,3,16,8,2,weight,0 2 4 6 8 10 12 15 16 18 20 22 24 26 28 31,160000,0,0.0,0.0,0.0,0
24,Ultra-DSP,W3A3,3,3,16,8,2,weight,0 2 4 6 8 10 12 15 16 18 20 22 24 26 28 31,160000,0,0.0,0.0,0.0,0
25,Ultra-DSP,W3A3,3,3,16,8,2,weight,0 2 4 6 8 10 12 15 16 18 20 22 24 26 28 31,160000,0,0.0,0.0,0.0,0
26,Ultra-DSP,W3A3,3,3,16,8,2,weight,0 2 4 6 8 10 12 15 16 18 20 22 24 26 28 31,160000,0,0.0,0.0,0.0,0
27,Ultra-DSP,W3A3,3,3,16,8,2,weight,0 2 4 6 8 10 12 15 16 18 20 22 24 26 28 31,160000,0,0.0,0.0,0.0,0
28,Ultra-DSP,W3A3,3,3,16,8,2,weight,0 2 4 6 8 10 12 15 16 18 20 22 24 26 28 31,160000,0,0.0,0.0,0.0,0
29,Ultra-DSP,W3A3,3,3,16,8,2,weight,0 2 4 6 8 10 12 15 16 18 20 22 24 26 28 31,160000,0,0.0,0.0,0.0,0
30,Ultra-DSP,W3A3,3,3,16,8,2,weight,0 2 4 6 8 10 12 15 16 18 20 22 24 26 28 31,160000,0,0.0,0.0,0.0,0
31,Ultra-DSP,W3A3,3,3,16,8,2,weight,0 2 4 6 8 10 12 15 16 18 20 22 24 26 28 31,160000,0,0.0,0.0,0.0,0
32,Ultra-DSP,W3A3,3,3,16,8,2,weight,0 2 4 6 8 10 12 15 16 18 20 22 24 26 28 31,160000,0,0.0,0.0,0.0,0
33,Ultra-DSP,W3A3,3,3,16,8,2,weight,0 2 4 6 8 10 12 15 16 18 20 22 24 26 28 31,160000,0,0.0,0.0,0.0,0
34,Ultra-DSP,W3A3,3,3,16,8,2,weight,0 2 4 6 8 10 12 15 16 18 20 22 24 26 28 31,160000,0,0.0,0.0,0.0,0
35,Ultra-DSP,W3A3,3,3,16,8,2,weight,0 2 4 6 8 10 12 15 16 18 20 22 24 26 28 31,160000,0,0.0,0.0,0.0,0
36,Ultra-DSP,W3A3,3,3,16,8,2,weight,0 2 4 6 8 10 12 15 16 18 20 22 24 26 28 31,160000,0,0.0,0.0,0.0,0
37,Ultra-DSP,W3A3,3,3,16,8,2,weight,0 2 4 6 8 10 12 15 16 18 20 22 24 26 28 31,160000,0,0.0,0.0,0.0,0
38,Ultra-DSP,W3A3,3,3,16,8,2,weight,0 2 4 6 8 10 12 15 16 18 20 22 24 26 28 31,160000,0,0.0,0.0,0.0,0
39,Ultra-DSP,W3A3,3,3,16,8,2,weight,0 2 4 6 8 10 12 15 16 18 20 22 24 26 28 31,160000,0,0.0,0.0,0.0,0
40,Ultra-DSP,W3A3,3,3,16,8,2,weight,0 2 4 6 8 10 12 15 16 18 20 22 24 26 28 31,160000,0,0.0,0.0,0.0,0
41,Ultra-DSP,W3A3,3,3,16,8,2,weight,0 2 4 6 8 10 12 15 16 18 20 22 24 26 28 31,160000,0,0.0,0.0,0.0,0
42,Ultra-DSP,W3A3,3,3,16,8,2,weight,0 2 4 6 8 10 12 15 16 18 20 22 24 26 28 31,160000,0,0.0,0.0,0.0,0
43,Ultra-DSP,W3A3,3,3,16,8,2,weight,0 2 4 6 8 10 12 15 16 18 20 22 24 26 28 31,160000,0,0.0,0.0,0.0,0
44,Ultra-DSP,W3A3,3,3,16,8,2,weight,0 2 4 6 8 10 12 15 16 18 20 22 24 26 28 31,160000,0,0.0,0.0,0.0,0
45,Ultra-DSP,W3A3,3,3,16,8,2,weight,0 2 4 6 8 10 12 15 16 18 20 22 24 26 28 31,160000,0,0.0,0.0,0.0,0
46,Ultra-DSP,W3A3,3,3,16,8,2,weight,0 2 4 6 8 10 12 15 16 18 20 22 24 26 28 31,160000,0,0.0,0.0,0.0,0
47,Ultra-DSP,W3A3,3,3,16,8,2,weight,0 2 4 6 8 10 12 15 16 18 20 22 24 26 28 31,160000,0,0.0,0.0,0.0,0
48,Ultra-DSP,W3A3,3,3,16,8,2,weight,0 2 4 6 8 10 12 15 16 18 20 22 24 26 28 31,160000,0,0.0,0.0,0.0,0
49,Ultra-DSP,W3A3,3,3,16,8,2,weight,0 2 4 6 8 10 12 15 16 18 20 22 24 26 28 31,160000,0,0.0,0.0,0.0,0
50,Ultra-DSP,W3A3,3,3,16,8,2,weight,0 2 4 6 8 10 12 15 16 18 20 22 24 26 28 31,160000,0,0.0,0.0,0.0,0
51,Ultra-DSP,W3A3,3,3,16,8,2,weight,0 2 4 6 8 10 12 15 16 18 20 22 24 26 28 31,160000,0,0.0,0.0,0.0,0
52,Ultra-DSP,W3A3,3,3,16,8,2,weight,0 2 4 6 8 10 12 15 16 18 20 22 24 26 28 31,160000,0,0.0,0.0,0.0,0
53,Ultra-DSP,W3A3,3,3,16,8,2,weight,0 2 4 6 8 10 12 15 16 18 20 22 24 26 28 31,160000,0,0.0,0.0,0.0,0
54,Ultra-DSP,W3A3,3,3,16,8,2,weight,0 2 4 6 8 10 12 15 16 18 20 22 24 26 28 31,160000,0,0.0,0.0,0.0,0
55,Ultra-DSP,W3A3,3,3,16,8,2,weight,0 2 4 6 8 10 12 15 16 18 20 22 24 26 28 31,160000,0,0.0,0.0,0.0,0
56,Ultra-DSP,W3A3,3,3,16,8,2,weight,0 2 4 6 8 10 12 15 16 18 20 22 24 26 28 31,160000,0,0.0,0.0,0.0,0
57,Ultra-DSP,W3A3,3,3,16,8,2,weight,0 2 4 6 8 10 12 15 16 18 20 22 24 26 28 31,160000,0,0.0,0.0,0.0,0
58,Ultra-DSP,W3A3,3,3,16,8,2,weight,0 2 4 6 8 10 12 15 16 18 20 22 24 26 28 31,160000,0,0.0,0.0,0.0,0
59,Ultra-DSP,W3A3,3,3,16,8,2,weight,0 2 4 6 8 10 12 15 16 18 20 22 24 26 28 31,160000,0,0.0,0.0,0.0,0
60,Ultra-DSP,W3A3,3,3,16,8,2,weight,0 2 4 6 8 10 12 15 16 18 20 22 24 26 28 31,160000,0,0.0,0.0,0.0,0
61,Ultra-DSP,W3A3,3,3,16,8,2,weight,0 2 4 6 8 10 12 15 16 18 20 22 24 26 28 31,160000,0,0.0,0.0,0.0,0
62,Ultra-DSP,W3A3,3,3,16,8,2,weight,0 2 4 6 8 10 12 15 16 18 20 22 24 26 28 31,160000,0,0.0,0.0,0.0,0
63,Ultra-DSP,W3A3,3,3,16,8,2,weight,0 2 4 6 8 10 12 15 16 18 20 22 24 26 28 31,160000,0,0.0,0.0,0.0,0
64,Ultra-DSP,W3A3,3,3,16,8,2,weight,0 2 4 6 8 10 12 15 16 18 20 22 24 26 28 31,160000,0,0.0,0.0,0.0,0
65,Ultra-DSP,W3A3,3,3,16,8,2,weight,0 2 4 6 8 10 12 15 16 18 20 22 24 26 28 31,160000,0,0.0,0.0,0.0,0
66,Ultra-DSP,W3A3,3,3,16,8,2,weight,0 2 4 6 8 10 12 15 16 18 20 22 24 26 28 31,160000,0,0.0,0.0,0.0,0
67,Ultra-DSP,W3A3,3,3,16,8,2,weight,0 2 4 6 8 10 12 15 16 18 20 22 24 26 28 31,160000,0,0.0,0.0,0.0,0
68,Ultra-DSP,W3A3,3,3,16,8,2,weight,0 2 4 6 8 10 12 15 16 18 20 22 24 26 28 31,160000,0,0.0,0.0,0.0,0
69,Ultra-DSP,W3A3,3,3,16,8,2,weight,0 2 4 6 8 10 12 15 16 18 20 22 24 26 28 31,160000,0,0.0,0.0,0.0,0
70,Ultra-DSP,W3A3,3,3,16,8,2,weight,0 2 4 6 8 10 12 15 16 18 20 22 24 26 28 31,160000,0,0.0,0.0,0.0,0
71,Ultra-DSP,W3A3,3,3,16,8,2,weight,0 2 4 6 8 10 12 15 16 18 20 22 24 26 28 31,160000,0,0.0,0.0,0.0,0
72,Ultra-DSP,W3A3,3,3,16,8,2,weight,0 2 4 6 8 10 12 15 16 18 20 22 24 26 28 31,160000,0,0.0,0.0,0.0,0
73,Ultra-DSP,W3A3,3,3,16,8,2,weight,0 2 4 6 8 10 12 15 16 18 20 22 24 26 28 31,160000,0,0.0,0.0,0.0,0
74,Ultra-DSP,W3A3,3,3,16,8,2,weight,0 2 4 6 8 10 12 15 16 18 20 22 24 26 28 31,160000,0,0.0,0.0,0.0,0
75,Ultra-DSP,W3A3,3,3,16,8,2,weight,0 2 4 6 8 10 12 15 16 18 20 22 24 26 28 31,160000,0,0.0,0.0,0.0,0
76,Ultra-DSP,W3A3,3,3,16,8,2,weight,0 2 4 6 8 10 12 15 16 18 20 22 24 26 28 31,160000,0,0.0,0.0,0.0,0
77,Ultra-DSP,W3A3,3,3,16,8,2,weight,0 2 4 6 8 10 12 15 16 18 20 22 24 26 28 31,160000,0,0.0,0.0,0.0,0
78,Ultra-DSP,W3A3,3,3,16,8,2,weight,0 2 4 6 8 10 12 15 16 18 20 22 24 26 28 31,160000,0,0.0,0.0,0.0,0
79,Ultra-DSP,W3A3,3,3,16,8,2,weight,0 2 4 6 8 10 12 15 16 18 20 22 24 26 28 31,160000,0,0.0,0.0,0.0,0
80,Ultra-DSP,W3A3,3,3,16,8,2,weight,0 2 4 6 8 10 12 15 16 18 20 22 24 26 28 31,160000,0,0.0,0.0,0.0,0
81,Ultra-DSP,W3A3,3,3,16,8,2,weight,0 2 4 6 8 10 12 15 16 18 20 22 24 26 28 31,160000,0,0.0,0.0,0.0,0
82,Ultra-DSP,W3A3,3,3,16,8,2,weight,0 2 4 6 8 10 12 15 16 18 20 22 24 26 28 31,160000,0,0.0,0.0,0.0,0
83,Ultra-DSP,W3A3,3,3,16,8,2,weight,0 2 4 6 8 10 12 15 16 18 20 22 24 26 28 31,160000,0,0.0,0.0,0.0,0
84,Ultra-DSP,W3A3,3,3,16,8,2,weight,0 2 4 6 8 10 12 15 16 18 20 22 24 26 28 31,160000,0,0.0,0.0,0.0,0
85,Ultra-DSP,W3A3,3,3,16,8,2,weight,0 2 4 6 8 10 12 15 16 18 20 22 24 26 28 31,160000,0,0.0,0.0,0.0,0
86,Ultra-DSP,W3A3,3,3,16,8,2,weight,0 2 4 6 8 10 12 15 16 18 20 22 24 26 28 31,160000,0,0.0,0.0,0.0,0
87,Ultra-DSP,W3A3,3,3,16,8,2,weight,0 2 4 6 8 10 12 15 16 18 20 22 24 26 28 31,160000,0,0.0,0.0,0.0,0
88,Ultra-DSP,W3A3,3,3,16,8,2,weight,0 2 4 6 8 10 12 15 16 18 20 22 24 26 28 31,160000,0,0.0,0.0,0.0,0
89,Ultra-DSP,W3A3,3,3,16,8,2,weight,0 2 4 6 8 10 12 15 16 18 20 22 24 26 28 31,160000,0,0.0,0.0,0.0,0
90,Ultra-DSP,W3A3,3,3,16,8,2,weight,0 2 4 6 8 10 12 15 16 18 20 22 24 26 28 31,160000,0,0.0,0.0,0.0,0
91,Ultra-DSP,W3A3,3,3,16,8,2,weight,0 2 4 6 8 10 12 15 16 18 20 22 24 26 28 31,160000,0,0.0,0.0,0.0,0
92,Ultra-DSP,W3A3,3,3,16,8,2,weight,0 2 4 6 8 10 12 15 16 18 20 22 24 26 28 31,160000,0,0.0,0.0,0.0,0
93,Ultra-DSP,W3A3,3,3,16,8,2,weight,0 2 4 6 8 10 12 15 16 18 20 22 24 26 28 31,160000,0,0.0,0.0,0.0,0
94,Ultra-DSP,W3A3,3,3,16,8,2,weight,0 2 4 6 8 10 12 15 16 18 20 22 24 26 28 31,160000,0,0.0,0.0,0.0,0
95,Ultra-DSP,W3A3,3,3,16,8,2,weight,0 2 4 6 8 10 12 15 16 18 20 22 24 26 28 31,160000,0,0.0,0.0,0.0,0
96,Ultra-DSP,W3A3,3,3,16,8,2,weight,0 2 4 6 8 10 12 15 16 18 20 22 24 26 28 31,160000,0,0.0,0.0,0.0,0
97,Ultra-DSP,W3A3,3,3,16,8,2,weight,0 2 4 6 8 10 12 15 16 18 20 22 24 26 28 31,160000,0,0.0,0.0,0.0,0
98,Ultra-DSP,W3A3,3,3,16,8,2,weight,0 2 4 6 8 10 12 15 16 18 20 22 24 26 28 31,160000,0,0.0,0.0,0.0,0
99,Ultra-DSP,W3A3,3,3,16,8,2,weight,0 2 4 6 8 10 12 15 16 18 20 22 24 26 28 31,160000,0,0.0,0.0,0.0,0
0,Ultra-DSP,W3A4,3,4,14,7,2,weight,0 2 4 6 8 10 13 15 17 19 21 23 25 28,140000,0,0.0,0.0,0.0,0
1,Ultra-DSP,W3A4,3,4,14,7,2,weight,0 2 4 6 8 10 13 15 17 19 21 23 25 28,140000,0,0.0,0.0,0.0,0
2,Ultra-DSP,W3A4,3,4,14,7,2,weight,0 2 4 6 8 10 13 15 17 19 21 23 25 28,140000,0,0.0,0.0,0.0,0
3,Ultra-DSP,W3A4,3,4,14,7,2,weight,0 2 4 6 8 10 13 15 17 19 21 23 25 28,140000,0,0.0,0.0,0.0,0
4,Ultra-DSP,W3A4,3,4,14,7,2,weight,0 2 4 6 8 10 13 15 17 19 21 23 25 28,140000,0,0.0,0.0,0.0,0
5,Ultra-DSP,W3A4,3,4,14,7,2,weight,0 2 4 6 8 10 13 15 17 19 21 23 25 28,140000,0,0.0,0.0,0.0,0
6,Ultra-DSP,W3A4,3,4,14,7,2,weight,0 2 4 6 8 10 13 15 17 19 21 23 25 28,140000,0,0.0,0.0,0.0,0
7,Ultra-DSP,W3A4,3,4,14,7,2,weight,0 2 4 6 8 10 13 15 17 19 21 23 25 28,140000,0,0.0,0.0,0.0,0
8,Ultra-DSP,W3A4,3,4,14,7,2,weight,0 2 4 6 8 10 13 15 17 19 21 23 25 28,140000,0,0.0,0.0,0.0,0
9,Ultra-DSP,W3A4,3,4,14,7,2,weight,0 2 4 6 8 10 13 15 17 19 21 23 25 28,140000,0,0.0,0.0,0.0,0
10,Ultra-DSP,W3A4,3,4,14,7,2,weight,0 2 4 6 8 10 13 15 17 19 21 23 25 28,140000,0,0.0,0.0,0.0,0
11,Ultra-DSP,W3A4,3,4,14,7,2,weight,0 2 4 6 8 10 13 15 17 19 21 23 25 28,140000,0,0.0,0.0,0.0,0
12,Ultra-DSP,W3A4,3,4,14,7,2,weight,0 2 4 6 8 10 13 15 17 19 21 23 25 28,140000,0,0.0,0.0,0.0,0
13,Ultra-DSP,W3A4,3,4,14,7,2,weight,0 2 4 6 8 10 13 15 17 19 21 23 25 28,140000,0,0.0,0.0,0.0,0
14,Ultra-DSP,W3A4,3,4,14,7,2,weight,0 2 4 6 8 10 13 15 17 19 21 23 25 28,140000,0,0.0,0.0,0.0,0
15,Ultra-DSP,W3A4,3,4,14,7,2,weight,0 2 4 6 8 10 13 15 17 19 21 23 25 28,140000,0,0.0,0.0,0.0,0
16,Ultra-DSP,W3A4,3,4,14,7,2,weight,0 2 4 6 8 10 13 15 17 19 21 23 25 28,140000,0,0.0,0.0,0.0,0
17,Ultra-DSP,W3A4,3,4,14,7,2,weight,0 2 4 6 8 10 13 15 17 19 21 23 25 28,140000,0,0.0,0.0,0.0,0
18,Ultra-DSP,W3A4,3,4,14,7,2,weight,0 2 4 6 8 10 13 15 17 19 21 23 25 28,140000,0,0.0,0.0,0.0,0
19,Ultra-DSP,W3A4,3,4,14,7,2,weight,0 2 4 6 8 10 13 15 17 19 21 23 25 28,140000,0,0.0,0.0,0.0,0
20,Ultra-DSP,W3A4,3,4,14,7,2,weight,0 2 4 6 8 10 13 15 17 19 21 23 25 28,140000,0,0.0,0.0,0.0,0
21,Ultra-DSP,W3A4,3,4,14,7,2,weight,0 2 4 6 8 10 13 15 17 19 21 23 25 28,140000,0,0.0,0.0,0.0,0
22,Ultra-DSP,W3A4,3,4,14,7,2,weight,0 2 4 6 8 10 13 15 17 19 21 23 25 28,140000,0,0.0,0.0,0.0,0
23,Ultra-DSP,W3A4,3,4,14,7,2,weight,0 2 4 6 8 10 13 15 17 19 21 23 25 28,140000,0,0.0,0.0,0.0,0
24,Ultra-DSP,W3A4,3,4,14,7,2,weight,0 2 4 6 8 10 13 15 17 19 21 23 25 28,140000,0,0.0,0.0,0.0,0
25,Ultra-DSP,W3A4,3,4,14,7,2,weight,0 2 4 6 8 10 13 15 17 19 21 23 25 28,140000,0,0.0,0.0,0.0,0
26,Ultra-DSP,W3A4,3,4,14,7,2,weight,0 2 4 6 8 10 13 15 17 19 21 23 25 28,140000,0,0.0,0.0,0.0,0
27,Ultra-DSP,W3A4,3,4,14,7,2,weight,0 2 4 6 8 10 13 15 17 19 21 23 25 28,140000,0,0.0,0.0,0.0,0
28,Ultra-DSP,W3A4,3,4,14,7,2,weight,0 2 4 6 8 10 13 15 17 19 21 23 25 28,140000,0,0.0,0.0,0.0,0
29,Ultra-DSP,W3A4,3,4,14,7,2,weight,0 2 4 6 8 10 13 15 17 19 21 23 25 28,140000,0,0.0,0.0,0.0,0
30,Ultra-DSP,W3A4,3,4,14,7,2,weight,0 2 4 6 8 10 13 15 17 19 21 23 25 28,140000,0,0.0,0.0,0.0,0
31,Ultra-DSP,W3A4,3,4,14,7,2,weight,0 2 4 6 8 10 13 15 17 19 21 23 25 28,140000,0,0.0,0.0,0.0,0
32,Ultra-DSP,W3A4,3,4,14,7,2,weight,0 2 4 6 8 10 13 15 17 19 21 23 25 28,140000,0,0.0,0.0,0.0,0
33,Ultra-DSP,W3A4,3,4,14,7,2,weight,0 2 4 6 8 10 13 15 17 19 21 23 25 28,140000,0,0.0,0.0,0.0,0
34,Ultra-DSP,W3A4,3,4,14,7,2,weight,0 2 4 6 8 10 13 15 17 19 21 23 25 28,140000,0,0.0,0.0,0.0,0
35,Ultra-DSP,W3A4,3,4,14,7,2,weight,0 2 4 6 8 10 13 15 17 19 21 23 25 28,140000,0,0.0,0.0,0.0,0
36,Ultra-DSP,W3A4,3,4,14,7,2,weight,0 2 4 6 8 10 13 15 17 19 21 23 25 28,140000,0,0.0,0.0,0.0,0
37,Ultra-DSP,W3A4,3,4,14,7,2,weight,0 2 4 6 8 10 13 15 17 19 21 23 25 28,140000,0,0.0,0.0,0.0,0
38,Ultra-DSP,W3A4,3,4,14,7,2,weight,0 2 4 6 8 10 13 15 17 19 21 23 25 28,140000,0,0.0,0.0,0.0,0
39,Ultra-DSP,W3A4,3,4,14,7,2,weight,0 2 4 6 8 10 13 15 17 19 21 23 25 28,140000,0,0.0,0.0,0.0,0
40,Ultra-DSP,W3A4,3,4,14,7,2,weight,0 2 4 6 8 10 13 15 17 19 21 23 25 28,140000,0,0.0,0.0,0.0,0
41,Ultra-DSP,W3A4,3,4,14,7,2,weight,0 2 4 6 8 10 13 15 17 19 21 23 25 28,140000,0,0.0,0.0,0.0,0
42,Ultra-DSP,W3A4,3,4,14,7,2,weight,0 2 4 6 8 10 13 15 17 19 21 23 25 28,140000,0,0.0,0.0,0.0,0
43,Ultra-DSP,W3A4,3,4,14,7,2,weight,0 2 4 6 8 10 13 15 17 19 21 23 25 28,140000,0,0.0,0.0,0.0,0
44,Ultra-DSP,W3A4,3,4,14,7,2,weight,0 2 4 6 8 10 13 15 17 19 21 23 25 28,140000,0,0.0,0.0,0.0,0
45,Ultra-DSP,W3A4,3,4,14,7,2,weight,0 2 4 6 8 10 13 15 17 19 21 23 25 28,140000,0,0.0,0.0,0.0,0
46,Ultra-DSP,W3A4,3,4,14,7,2,weight,0 2 4 6 8 10 13 15 17 19 21 23 25 28,140000,0,0.0,0.0,0.0,0
47,Ultra-DSP,W3A4,3,4,14,7,2,weight,0 2 4 6 8 10 13 15 17 19 21 23 25 28,140000,0,0.0,0.0,0.0,0
48,Ultra-DSP,W3A4,3,4,14,7,2,weight,0 2 4 6 8 10 13 15 17 19 21 23 25 28,140000,0,0.0,0.0,0.0,0
49,Ultra-DSP,W3A4,3,4,14,7,2,weight,0 2 4 6 8 10 13 15 17 19 21 23 25 28,140000,0,0.0,0.0,0.0,0
50,Ultra-DSP,W3A4,3,4,14,7,2,weight,0 2 4 6 8 10 13 15 17 19 21 23 25 28,140000,0,0.0,0.0,0.0,0
51,Ultra-DSP,W3A4,3,4,14,7,2,weight,0 2 4 6 8 10 13 15 17 19 21 23 25 28,140000,0,0.0,0.0,0.0,0
52,Ultra-DSP,W3A4,3,4,14,7,2,weight,0 2 4 6 8 10 13 15 17 19 21 23 25 28,140000,0,0.0,0.0,0.0,0
53,Ultra-DSP,W3A4,3,4,14,7,2,weight,0 2 4 6 8 10 13 15 17 19 21 23 25 28,140000,0,0.0,0.0,0.0,0
54,Ultra-DSP,W3A4,3,4,14,7,2,weight,0 2 4 6 8 10 13 15 17 19 21 23 25 28,140000,0,0.0,0.0,0.0,0
55,Ultra-DSP,W3A4,3,4,14,7,2,weight,0 2 4 6 8 10 13 15 17 19 21 23 25 28,140000,0,0.0,0.0,0.0,0
56,Ultra-DSP,W3A4,3,4,14,7,2,weight,0 2 4 6 8 10 13 15 17 19 21 23 25 28,140000,0,0.0,0.0,0.0,0
57,Ultra-DSP,W3A4,3,4,14,7,2,weight,0 2 4 6 8 10 13 15 17 19 21 23 25 28,140000,0,0.0,0.0,0.0,0
58,Ultra-DSP,W3A4,3,4,14,7,2,weight,0 2 4 6 8 10 13 15 17 19 21 23 25 28,140000,0,0.0,0.0,0.0,0
59,Ultra-DSP,W3A4,3,4,14,7,2,weight,0 2 4 6 8 10 13 15 17 19 21 23 25 28,140000,0,0.0,0.0,0.0,0
60,Ultra-DSP,W3A4,3,4,14,7,2,weight,0 2 4 6 8 10 13 15 17 19 21 23 25 28,140000,0,0.0,0.0,0.0,0
61,Ultra-DSP,W3A4,3,4,14,7,2,weight,0 2 4 6 8 10 13 15 17 19 21 23 25 28,140000,0,0.0,0.0,0.0,0
62,Ultra-DSP,W3A4,3,4,14,7,2,weight,0 2 4 6 8 10 13 15 17 19 21 23 25 28,140000,0,0.0,0.0,0.0,0
63,Ultra-DSP,W3A4,3,4,14,7,2,weight,0 2 4 6 8 10 13 15 17 19 21 23 25 28,140000,0,0.0,0.0,0.0,0
64,Ultra-DSP,W3A4,3,4,14,7,2,weight,0 2 4 6 8 10 13 15 17 19 21 23 25 28,140000,0,0.0,0.0,0.0,0
65,Ultra-DSP,W3A4,3,4,14,7,2,weight,0 2 4 6 8 10 13 15 17 19 21 23 25 28,140000,0,0.0,0.0,0.0,0
66,Ultra-DSP,W3A4,3,4,14,7,2,weight,0 2 4 6 8 10 13 15 17 19 21 23 25 28,140000,0,0.0,0.0,0.0,0
67,Ultra-DSP,W3A4,3,4,14,7,2,weight,0 2 4 6 8 10 13 15 17 19 21 23 25 28,140000,0,0.0,0.0,0.0,0
68,Ultra-DSP,W3A4,3,4,14,7,2,weight,0 2 4 6 8 10 13 15 17 19 21 23 25 28,140000,0,0.0,0.0,0.0,0
69,Ultra-DSP,W3A4,3,4,14,7,2,weight,0 2 4 6 8 10 13 15 17 19 21 23 25 28,140000,0,0.0,0.0,0.0,0
70,Ultra-DSP,W3A4,3,4,14,7,2,weight,0 2 4 6 8 10 13 15 17 19 21 23 25 28,140000,0,0.0,0.0,0.0,0
71,Ultra-DSP,W3A4,3,4,14,7,2,weight,0 2 4 6 8 10 13 15 17 19 21 23 25 28,140000,0,0.0,0.0,0.0,0
72,Ultra-DSP,W3A4,3,4,14,7,2,weight,0 2 4 6 8 10 13 15 17 19 21 23 25 28,140000,0,0.0,0.0,0.0,0
73,Ultra-DSP,W3A4,3,4,14,7,2,weight,0 2 4 6 8 10 13 15 17 19 21 23 25 28,140000,0,0.0,0.0,0.0,0
74,Ultra-DSP,W3A4,3,4,14,7,2,weight,0 2 4 6 8 10 13 15 17 19 21 23 25 28,140000,0,0.0,0.0,0.0,0
75,Ultra-DSP,W3A4,3,4,14,7,2,weight,0 2 4 6 8 10 13 15 17 19 21 23 25 28,140000,0,0.0,0.0,0.0,0
76,Ultra-DSP,W3A4,3,4,14,7,2,weight,0 2 4 6 8 10 13 15 17 19 21 23 25 28,140000,0,0.0,0.0,0.0,0
77,Ultra-DSP,W3A4,3,4,14,7,2,weight,0 2 4 6 8 10 13 15 17 19 21 23 25 28,140000,0,0.0,0.0,0.0,0
78,Ultra-DSP,W3A4,3,4,14,7,2,weight,0 2 4 6 8 10 13 15 17 19 21 23 25 28,140000,0,0.0,0.0,0.0,0
79,Ultra-DSP,W3A4,3,4,14,7,2,weight,0 2 4 6 8 10 13 15 17 19 21 23 25 28,140000,0,0.0,0.0,0.0,0
80,Ultra-DSP,W3A4,3,4,14,7,2,weight,0 2 4 6 8 10 13 15 17 19 21 23 25 28,140000,0,0.0,0.0,0.0,0
81,Ultra-DSP,W3A4,3,4,14,7,2,weight,0 2 4 6 8 10 13 15 17 19 21 23 25 28,140000,0,0.0,0.0,0.0,0
82,Ultra-DSP,W3A4,3,4,14,7,2,weight,0 2 4 6 8 10 13 15 17 19 21 23 25 28,140000,0,0.0,0.0,0.0,0
83,Ultra-DSP,W3A4,3,4,14,7,2,weight,0 2 4 6 8 10 13 15 17 19 21 23 25 28,140000,0,0.0,0.0,0.0,0
84,Ultra-DSP,W3A4,3,4,14,7,2,weight,0 2 4 6 8 10 13 15 17 19 21 23 25 28,140000,0,0.0,0.0,0.0,0
85,Ultra-DSP,W3A4,3,4,14,7,2,weight,0 2 4 6 8 10 13 15 17 19 21 23 25 28,140000,0,0.0,0.0,0.0,0
86,Ultra-DSP,W3A4,3,4,14,7,2,weight,0 2 4 6 8 10 13 15 17 19 21 23 25 28,140000,0,0.0,0.0,0.0,0
87,Ultra-DSP,W3A4,3,4,14,7,2,weight,0 2 4 6 8 10 13 15 17 19 21 23 25 28,140000,0,0.0,0.0,0.0,0
88,Ultra-DSP,W3A4,3,4,14,7,2,weight,0 2 4 6 8 10 13 15 17 19 21 23 25 28,140000,0,0.0,0.0,0.0,0
89,Ultra-DSP,W3A4,3,4,14,7,2,weight,0 2 4 6 8 10 13 15 17 19 21 23 25 28,140000,0,0.0,0.0,0.0,0
90,Ultra-DSP,W3A4,3,4,14,7,2,weight,0 2 4 6 8 10 13 15 17 19 21 23 25 28,140000,0,0.0,0.0,0.0,0
91,Ultra-DSP,W3A4,3,4,14,7,2,weight,0 2 4 6 8 10 13 15 17 19 21 23 25 28,140000,0,0.0,0.0,0.0,0
92,Ultra-DSP,W3A4,3,4,14,7,2,weight,0 2 4 6 8 10 13 15 17 19 21 23 25 28,140000,0,0.0,0.0,0.0,0
93,Ultra-DSP,W3A4,3,4,14,7,2,weight,0 2 4 6 8 10 13 15 17 19 21 23 25 28,140000,0,0.0,0.0,0.0,0
94,Ultra-DSP,W3A4,3,4,14,7,2,weight,0 2 4 6 8 10 13 15 17 19 21 23 25 28,140000,0,0.0,0.0,0.0,0
95,Ultra-DSP,W3A4,3,4,14,7,2,weight,0 2 4 6 8 10 13 15 17 19 21 23 25 28,140000,0,0.0,0.0,0.0,0
96,Ultra-DSP,W3A4,3,4,14,7,2,weight,0 2 4 6 8 10 13 15 17 19 21 23 25 28,140000,0,0.0,0.0,0.0,0
97,Ultra-DSP,W3A4,3,4,14,7,2,weight,0 2 4 6 8 10 13 15 17 19 21 23 25 28,140000,0,0.0,0.0,0.0,0
98,Ultra-DSP,W3A4,3,4,14,7,2,weight,0 2 4 6 8 10 13 15 17 19 21 23 25 28,140000,0,0.0,0.0,0.0,0
99,Ultra-DSP,W3A4,3,4,14,7,2,weight,0 2 4 6 8 10 13 15 17 19 21 23 25 28,140000,0,0.0,0.0,0.0,0
0,Ultra-DSP,W3A5,3,5,9,9,1,weight,0 3 6 9 12 15 18 21 25,90000,0,0.0,0.0,0.0,0
1,Ultra-DSP,W3A5,3,5,9,9,1,weight,0 3 6 9 12 15 18 21 25,90000,0,0.0,0.0,0.0,0
2,Ultra-DSP,W3A5,3,5,9,9,1,weight,0 3 6 9 12 15 18 21 25,90000,0,0.0,0.0,0.0,0
3,Ultra-DSP,W3A5,3,5,9,9,1,weight,0 3 6 9 12 15 18 21 25,90000,0,0.0,0.0,0.0,0
4,Ultra-DSP,W3A5,3,5,9,9,1,weight,0 3 6 9 12 15 18 21 25,90000,0,0.0,0.0,0.0,0
5,Ultra-DSP,W3A5,3,5,9,9,1,weight,0 3 6 9 12 15 18 21 25,90000,0,0.0,0.0,0.0,0
6,Ultra-DSP,W3A5,3,5,9,9,1,weight,0 3 6 9 12 15 18 21 25,90000,0,0.0,0.0,0.0,0
7,Ultra-DSP,W3A5,3,5,9,9,1,weight,0 3 6 9 12 15 18 21 25,90000,0,0.0,0.0,0.0,0
8,Ultra-DSP,W3A5,3,5,9,9,1,weight,0 3 6 9 12 15 18 21 25,90000,0,0.0,0.0,0.0,0
9,Ultra-DSP,W3A5,3,5,9,9,1,weight,0 3 6 9 12 15 18 21 25,90000,0,0.0,0.0,0.0,0
10,Ultra-DSP,W3A5,3,5,9,9,1,weight,0 3 6 9 12 15 18 21 25,90000,0,0.0,0.0,0.0,0
11,Ultra-DSP,W3A5,3,5,9,9,1,weight,0 3 6 9 12 15 18 21 25,90000,0,0.0,0.0,0.0,0
12,Ultra-DSP,W3A5,3,5,9,9,1,weight,0 3 6 9 12 15 18 21 25,90000,0,0.0,0.0,0.0,0
13,Ultra-DSP,W3A5,3,5,9,9,1,weight,0 3 6 9 12 15 18 21 25,90000,0,0.0,0.0,0.0,0
14,Ultra-DSP,W3A5,3,5,9,9,1,weight,0 3 6 9 12 15 18 21 25,90000,0,0.0,0.0,0.0,0
15,Ultra-DSP,W3A5,3,5,9,9,1,weight,0 3 6 9 12 15 18 21 25,90000,0,0.0,0.0,0.0,0
16,Ultra-DSP,W3A5,3,5,9,9,1,weight,0 3 6 9 12 15 18 21 25,90000,0,0.0,0.0,0.0,0
17,Ultra-DSP,W3A5,3,5,9,9,1,weight,0 3 6 9 12 15 18 21 25,90000,0,0.0,0.0,0.0,0
18,Ultra-DSP,W3A5,3,5,9,9,1,weight,0 3 6 9 12 15 18 21 25,90000,0,0.0,0.0,0.0,0
19,Ultra-DSP,W3A5,3,5,9,9,1,weight,0 3 6 9 12 15 18 21 25,90000,0,0.0,0.0,0.0,0
20,Ultra-DSP,W3A5,3,5,9,9,1,weight,0 3 6 9 12 15 18 21 25,90000,0,0.0,0.0,0.0,0
21,Ultra-DSP,W3A5,3,5,9,9,1,weight,0 3 6 9 12 15 18 21 25,90000,0,0.0,0.0,0.0,0
22,Ultra-DSP,W3A5,3,5,9,9,1,weight,0 3 6 9 12 15 18 21 25,90000,0,0.0,0.0,0.0,0
23,Ultra-DSP,W3A5,3,5,9,9,1,weight,0 3 6 9 12 15 18 21 25,90000,0,0.0,0.0,0.0,0
24,Ultra-DSP,W3A5,3,5,9,9,1,weight,0 3 6 9 12 15 18 21 25,90000,0,0.0,0.0,0.0,0
25,Ultra-DSP,W3A5,3,5,9,9,1,weight,0 3 6 9 12 15 18 21 25,90000,0,0.0,0.0,0.0,0
26,Ultra-DSP,W3A5,3,5,9,9,1,weight,0 3 6 9 12 15 18 21 25,90000,0,0.0,0.0,0.0,0
27,Ultra-DSP,W3A5,3,5,9,9,1,weight,0 3 6 9 12 15 18 21 25,90000,0,0.0,0.0,0.0,0
28,Ultra-DSP,W3A5,3,5,9,9,1,weight,0 3 6 9 12 15 18 21 25,90000,0,0.0,0.0,0.0,0
29,Ultra-DSP,W3A5,3,5,9,9,1,weight,0 3 6 9 12 15 18 21 25,90000,0,0.0,0.0,0.0,0
30,Ultra-DSP,W3A5,3,5,9,9,1,weight,0 3 6 9 12 15 18 21 25,90000,0,0.0,0.0,0.0,0
31,Ultra-DSP,W3A5,3,5,9,9,1,weight,0 3 6 9 12 15 18 21 25,90000,0,0.0,0.0,0.0,0
32,Ultra-DSP,W3A5,3,5,9,9,1,weight,0 3 6 9 12 15 18 21 25,90000,0,0.0,0.0,0.0,0
33,Ultra-DSP,W3A5,3,5,9,9,1,weight,0 3 6 9 12 15 18 21 25,90000,0,0.0,0.0,0.0,0
34,Ultra-DSP,W3A5,3,5,9,9,1,weight,0 3 6 9 12 15 18 21 25,90000,0,0.0,0.0,0.0,0
35,Ultra-DSP,W3A5,3,5,9,9,1,weight,0 3 6 9 12 15 18 21 25,90000,0,0.0,0.0,0.0,0
36,Ultra-DSP,W3A5,3,5,9,9,1,weight,0 3 6 9 12 15 18 21 25,90000,0,0.0,0.0,0.0,0
37,Ultra-DSP,W3A5,3,5,9,9,1,weight,0 3 6 9 12 15 18 21 25,90000,0,0.0,0.0,0.0,0
38,Ultra-DSP,W3A5,3,5,9,9,1,weight,0 3 6 9 12 15 18 21 25,90000,0,0.0,0.0,0.0,0
39,Ultra-DSP,W3A5,3,5,9,9,1,weight,0 3 6 9 12 15 18 21 25,90000,0,0.0,0.0,0.0,0
40,Ultra-DSP,W3A5,3,5,9,9,1,weight,0 3 6 9 12 15 18 21 25,90000,0,0.0,0.0,0.0,0
41,Ultra-DSP,W3A5,3,5,9,9,1,weight,0 3 6 9 12 15 18 21 25,90000,0,0.0,0.0,0.0,0
42,Ultra-DSP,W3A5,3,5,9,9,1,weight,0 3 6 9 12 15 18 21 25,90000,0,0.0,0.0,0.0,0
43,Ultra-DSP,W3A5,3,5,9,9,1,weight,0 3 6 9 12 15 18 21 25,90000,0,0.0,0.0,0.0,0
44,Ultra-DSP,W3A5,3,5,9,9,1,weight,0 3 6 9 12 15 18 21 25,90000,0,0.0,0.0,0.0,0
45,Ultra-DSP,W3A5,3,5,9,9,1,weight,0 3 6 9 12 15 18 21 25,90000,0,0.0,0.0,0.0,0
46,Ultra-DSP,W3A5,3,5,9,9,1,weight,0 3 6 9 12 15 18 21 25,90000,0,0.0,0.0,0.0,0
47,Ultra-DSP,W3A5,3,5,9,9,1,weight,0 3 6 9 12 15 18 21 25,90000,0,0.0,0.0,0.0,0
48,Ultra-DSP,W3A5,3,5,9,9,1,weight,0 3 6 9 12 15 18 21 25,90000,0,0.0,0.0,0.0,0
49,Ultra-DSP,W3A5,3,5,9,9,1,weight,0 3 6 9 12 15 18 21 25,90000,0,0.0,0.0,0.0,0
50,Ultra-DSP,W3A5,3,5,9,9,1,weight,0 3 6 9 12 15 18 21 25,90000,0,0.0,0.0,0.0,0
51,Ultra-DSP,W3A5,3,5,9,9,1,weight,0 3 6 9 12 15 18 21 25,90000,0,0.0,0.0,0.0,0
52,Ultra-DSP,W3A5,3,5,9,9,1,weight,0 3 6 9 12 15 18 21 25,90000,0,0.0,0.0,0.0,0
53,Ultra-DSP,W3A5,3,5,9,9,1,weight,0 3 6 9 12 15 18 21 25,90000,0,0.0,0.0,0.0,0
54,Ultra-DSP,W3A5,3,5,9,9,1,weight,0 3 6 9 12 15 18 21 25,90000,0,0.0,0.0,0.0,0
55,Ultra-DSP,W3A5,3,5,9,9,1,weight,0 3 6 9 12 15 18 21 25,90000,0,0.0,0.0,0.0,0
56,Ultra-DSP,W3A5,3,5,9,9,1,weight,0 3 6 9 12 15 18 21 25,90000,0,0.0,0.0,0.0,0
57,Ultra-DSP,W3A5,3,5,9,9,1,weight,0 3 6 9 12 15 18 21 25,90000,0,0.0,0.0,0.0,0
58,Ultra-DSP,W3A5,3,5,9,9,1,weight,0 3 6 9 12 15 18 21 25,90000,0,0.0,0.0,0.0,0
59,Ultra-DSP,W3A5,3,5,9,9,1,weight,0 3 6 9 12 15 18 21 25,90000,0,0.0,0.0,0.0,0
60,Ultra-DSP,W3A5,3,5,9,9,1,weight,0 3 6 9 12 15 18 21 25,90000,0,0.0,0.0,0.0,0
61,Ultra-DSP,W3A5,3,5,9,9,1,weight,0 3 6 9 12 15 18 21 25,90000,0,0.0,0.0,0.0,0
62,Ultra-DSP,W3A5,3,5,9,9,1,weight,0 3 6 9 12 15 18 21 25,90000,0,0.0,0.0,0.0,0
63,Ultra-DSP,W3A5,3,5,9,9,1,weight,0 3 6 9 12 15 18 21 25,90000,0,0.0,0.0,0.0,0
64,Ultra-DSP,W3A5,3,5,9,9,1,weight,0 3 6 9 12 15 18 21 25,90000,0,0.0,0.0,0.0,0
65,Ultra-DSP,W3A5,3,5,9,9,1,weight,0 3 6 9 12 15 18 21 25,90000,0,0.0,0.0,0.0,0
66,Ultra-DSP,W3A5,3,5,9,9,1,weight,0 3 6 9 12 15 18 21 25,90000,0,0.0,0.0,0.0,0
67,Ultra-DSP,W3A5,3,5,9,9,1,weight,0 3 6 9 12 15 18 21 25,90000,0,0.0,0.0,0.0,0
68,Ultra-DSP,W3A5,3,5,9,9,1,weight,0 3 6 9 12 15 18 21 25,90000,0,0.0,0.0,0.0,0
69,Ultra-DSP,W3A5,3,5,9,9,1,weight,0 3 6 9 12 15 18 21 25,90000,0,0.0,0.0,0.0,0
70,Ultra-DSP,W3A5,3,5,9,9,1,weight,0 3 6 9 12 15 18 21 25,90000,0,0.0,0.0,0.0,0
71,Ultra-DSP,W3A5,3,5,9,9,1,weight,0 3 6 9 12 15 18 21 25,90000,0,0.0,0.0,0.0,0
72,Ultra-DSP,W3A5,3,5,9,9,1,weight,0 3 6 9 12 15 18 21 25,90000,0,0.0,0.0,0.0,0
73,Ultra-DSP,W3A5,3,5,9,9,1,weight,0 3 6 9 12 15 18 21 25,90000,0,0.0,0.0,0.0,0
74,Ultra-DSP,W3A5,3,5,9,9,1,weight,0 3 6 9 12 15 18 21 25,90000,0,0.0,0.0,0.0,0
75,Ultra-DSP,W3A5,3,5,9,9,1,weight,0 3 6 9 12 15 18 21 25,90000,0,0.0,0.0,0.0,0
76,Ultra-DSP,W3A5,3,5,9,9,1,weight,0 3 6 9 12 15 18 21 25,90000,0,0.0,0.0,0.0,0
77,Ultra-DSP,W3A5,3,5,9,9,1,weight,0 3 6 9 12 15 18 21 25,90000,0,0.0,0.0,0.0,0
78,Ultra-DSP,W3A5,3,5,9,9,1,weight,0 3 6 9 12 15 18 21 25,90000,0,0.0,0.0,0.0,0
79,Ultra-DSP,W3A5,3,5,9,9,1,weight,0 3 6 9 12 15 18 21 25,90000,0,0.0,0.0,0.0,0
80,Ultra-DSP,W3A5,3,5,9,9,1,weight,0 3 6 9 12 15 18 21 25,90000,0,0.0,0.0,0.0,0
81,Ultra-DSP,W3A5,3,5,9,9,1,weight,0 3 6 9 12 15 18 21 25,90000,0,0.0,0.0,0.0,0
82,Ultra-DSP,W3A5,3,5,9,9,1,weight,0 3 6 9 12 15 18 21 25,90000,0,0.0,0.0,0.0,0
83,Ultra-DSP,W3A5,3,5,9,9,1,weight,0 3 6 9 12 15 18 21 25,90000,0,0.0,0.0,0.0,0
84,Ultra-DSP,W3A5,3,5,9,9,1,weight,0 3 6 9 12 15 18 21 25,90000,0,0.0,0.0,0.0,0
85,Ultra-DSP,W3A5,3,5,9,9,1,weight,0 3 6 9 12 15 18 21 25,90000,0,0.0,0.0,0.0,0
86,Ultra-DSP,W3A5,3,5,9,9,1,weight,0 3 6 9 12 15 18 21 25,90000,0,0.0,0.0,0.0,0
87,Ultra-DSP,W3A5,3,5,9,9,1,weight,0 3 6 9 12 15 18 21 25,90000,0,0.0,0.0,0.0,0
88,Ultra-DSP,W3A5,3,5,9,9,1,weight,0 3 6 9 12 15 18 21 25,90000,0,0.0,0.0,0.0,0
89,Ultra-DSP,W3A5,3,5,9,9,1,weight,0 3 6 9 12 15 18 21 25,90000,0,0.0,0.0,0.0,0
90,Ultra-DSP,W3A5,3,5,9,9,1,weight,0 3 6 9 12 15 18 21 25,90000,0,0.0,0.0,0.0,0
91,Ultra-DSP,W3A5,3,5,9,9,1,weight,0 3 6 9 12 15 18 21 25,90000,0,0.0,0.0,0.0,0
92,Ultra-DSP,W3A5,3,5,9,9,1,weight,0 3 6 9 12 15 18 21 25,90000,0,0.0,0.0,0.0,0
93,Ultra-DSP,W3A5,3,5,9,9,1,weight,0 3 6 9 12 15 18 21 25,90000,0,0.0,0.0,0.0,0
94,Ultra-DSP,W3A5,3,5,9,9,1,weight,0 3 6 9 12 15 18 21 25,90000,0,0.0,0.0,0.0,0
95,Ultra-DSP,W3A5,3,5,9,9,1,weight,0 3 6 9 12 15 18 21 25,90000,0,0.0,0.0,0.0,0
96,Ultra-DSP,W3A5,3,5,9,9,1,weight,0 3 6 9 12 15 18 21 25,90000,0,0.0,0.0,0.0,0
97,Ultra-DSP,W3A5,3,5,9,9,1,weight,0 3 6 9 12 15 18 21 25,90000,0,0.0,0.0,0.0,0
98,Ultra-DSP,W3A5,3,5,9,9,1,weight,0 3 6 9 12 15 18 21 25,90000,0,0.0,0.0,0.0,0
99,Ultra-DSP,W3A5,3,5,9,9,1,weight,0 3 6 9 12 15 18 21 25,90000,0,0.0,0.0,0.0,0
0,Ultra-DSP,W3A6,3,6,7,7,1,weight,0 4 8 12 16 20 25,70000,0,0.0,0.0,0.0,0
1,Ultra-DSP,W3A6,3,6,7,7,1,weight,0 4 8 12 16 20 25,70000,0,0.0,0.0,0.0,0
2,Ultra-DSP,W3A6,3,6,7,7,1,weight,0 4 8 12 16 20 25,70000,0,0.0,0.0,0.0,0
3,Ultra-DSP,W3A6,3,6,7,7,1,weight,0 4 8 12 16 20 25,70000,0,0.0,0.0,0.0,0
4,Ultra-DSP,W3A6,3,6,7,7,1,weight,0 4 8 12 16 20 25,70000,0,0.0,0.0,0.0,0
5,Ultra-DSP,W3A6,3,6,7,7,1,weight,0 4 8 12 16 20 25,70000,0,0.0,0.0,0.0,0
6,Ultra-DSP,W3A6,3,6,7,7,1,weight,0 4 8 12 16 20 25,70000,0,0.0,0.0,0.0,0
7,Ultra-DSP,W3A6,3,6,7,7,1,weight,0 4 8 12 16 20 25,70000,0,0.0,0.0,0.0,0
8,Ultra-DSP,W3A6,3,6,7,7,1,weight,0 4 8 12 16 20 25,70000,0,0.0,0.0,0.0,0
9,Ultra-DSP,W3A6,3,6,7,7,1,weight,0 4 8 12 16 20 25,70000,0,0.0,0.0,0.0,0
10,Ultra-DSP,W3A6,3,6,7,7,1,weight,0 4 8 12 16 20 25,70000,0,0.0,0.0,0.0,0
11,Ultra-DSP,W3A6,3,6,7,7,1,weight,0 4 8 12 16 20 25,70000,0,0.0,0.0,0.0,0
12,Ultra-DSP,W3A6,3,6,7,7,1,weight,0 4 8 12 16 20 25,70000,0,0.0,0.0,0.0,0
13,Ultra-DSP,W3A6,3,6,7,7,1,weight,0 4 8 12 16 20 25,70000,0,0.0,0.0,0.0,0
14,Ultra-DSP,W3A6,3,6,7,7,1,weight,0 4 8 12 16 20 25,70000,0,0.0,0.0,0.0,0
15,Ultra-DSP,W3A6,3,6,7,7,1,weight,0 4 8 12 16 20 25,70000,0,0.0,0.0,0.0,0
16,Ultra-DSP,W3A6,3,6,7,7,1,weight,0 4 8 12 16 20 25,70000,0,0.0,0.0,0.0,0
17,Ultra-DSP,W3A6,3,6,7,7,1,weight,0 4 8 12 16 20 25,70000,0,0.0,0.0,0.0,0
18,Ultra-DSP,W3A6,3,6,7,7,1,weight,0 4 8 12 16 20 25,70000,0,0.0,0.0,0.0,0
19,Ultra-DSP,W3A6,3,6,7,7,1,weight,0 4 8 12 16 20 25,70000,0,0.0,0.0,0.0,0
20,Ultra-DSP,W3A6,3,6,7,7,1,weight,0 4 8 12 16 20 25,70000,0,0.0,0.0,0.0,0
21,Ultra-DSP,W3A6,3,6,7,7,1,weight,0 4 8 12 16 20 25,70000,0,0.0,0.0,0.0,0
22,Ultra-DSP,W3A6,3,6,7,7,1,weight,0 4 8 12 16 20 25,70000,0,0.0,0.0,0.0,0
23,Ultra-DSP,W3A6,3,6,7,7,1,weight,0 4 8 12 16 20 25,70000,0,0.0,0.0,0.0,0
24,Ultra-DSP,W3A6,3,6,7,7,1,weight,0 4 8 12 16 20 25,70000,0,0.0,0.0,0.0,0
25,Ultra-DSP,W3A6,3,6,7,7,1,weight,0 4 8 12 16 20 25,70000,0,0.0,0.0,0.0,0
26,Ultra-DSP,W3A6,3,6,7,7,1,weight,0 4 8 12 16 20 25,70000,0,0.0,0.0,0.0,0
27,Ultra-DSP,W3A6,3,6,7,7,1,weight,0 4 8 12 16 20 25,70000,0,0.0,0.0,0.0,0
28,Ultra-DSP,W3A6,3,6,7,7,1,weight,0 4 8 12 16 20 25,70000,0,0.0,0.0,0.0,0
29,Ultra-DSP,W3A6,3,6,7,7,1,weight,0 4 8 12 16 20 25,70000,0,0.0,0.0,0.0,0
30,Ultra-DSP,W3A6,3,6,7,7,1,weight,0 4 8 12 16 20 25,70000,0,0.0,0.0,0.0,0
31,Ultra-DSP,W3A6,3,6,7,7,1,weight,0 4 8 12 16 20 25,70000,0,0.0,0.0,0.0,0
32,Ultra-DSP,W3A6,3,6,7,7,1,weight,0 4 8 12 16 20 25,70000,0,0.0,0.0,0.0,0
33,Ultra-DSP,W3A6,3,6,7,7,1,weight,0 4 8 12 16 20 25,70000,0,0.0,0.0,0.0,0
34,Ultra-DSP,W3A6,3,6,7,7,1,weight,0 4 8 12 16 20 25,70000,0,0.0,0.0,0.0,0
35,Ultra-DSP,W3A6,3,6,7,7,1,weight,0 4 8 12 16 20 25,70000,0,0.0,0.0,0.0,0
36,Ultra-DSP,W3A6,3,6,7,7,1,weight,0 4 8 12 16 20 25,70000,0,0.0,0.0,0.0,0
37,Ultra-DSP,W3A6,3,6,7,7,1,weight,0 4 8 12 16 20 25,70000,0,0.0,0.0,0.0,0
38,Ultra-DSP,W3A6,3,6,7,7,1,weight,0 4 8 12 16 20 25,70000,0,0.0,0.0,0.0,0
39,Ultra-DSP,W3A6,3,6,7,7,1,weight,0 4 8 12 16 20 25,70000,0,0.0,0.0,0.0,0
40,Ultra-DSP,W3A6,3,6,7,7,1,weight,0 4 8 12 16 20 25,70000,0,0.0,0.0,0.0,0
41,Ultra-DSP,W3A6,3,6,7,7,1,weight,0 4 8 12 16 20 25,70000,0,0.0,0.0,0.0,0
42,Ultra-DSP,W3A6,3,6,7,7,1,weight,0 4 8 12 16 20 25,70000,0,0.0,0.0,0.0,0
43,Ultra-DSP,W3A6,3,6,7,7,1,weight,0 4 8 12 16 20 25,70000,0,0.0,0.0,0.0,0
44,Ultra-DSP,W3A6,3,6,7,7,1,weight,0 4 8 12 16 20 25,70000,0,0.0,0.0,0.0,0
45,Ultra-DSP,W3A6,3,6,7,7,1,weight,0 4 8 12 16 20 25,70000,0,0.0,0.0,0.0,0
46,Ultra-DSP,W3A6,3,6,7,7,1,weight,0 4 8 12 16 20 25,70000,0,0.0,0.0,0.0,0
47,Ultra-DSP,W3A6,3,6,7,7,1,weight,0 4 8 12 16 20 25,70000,0,0.0,0.0,0.0,0
48,Ultra-DSP,W3A6,3,6,7,7,1,weight,0 4 8 12 16 20 25,70000,0,0.0,0.0,0.0,0
49,Ultra-DSP,W3A6,3,6,7,7,1,weight,0 4 8 12 16 20 25,70000,0,0.0,0.0,0.0,0
50,Ultra-DSP,W3A6,3,6,7,7,1,weight,0 4 8 12 16 20 25,70000,0,0.0,0.0,0.0,0
51,Ultra-DSP,W3A6,3,6,7,7,1,weight,0 4 8 12 16 20 25,70000,0,0.0,0.0,0.0,0
52,Ultra-DSP,W3A6,3,6,7,7,1,weight,0 4 8 12 16 20 25,70000,0,0.0,0.0,0.0,0
53,Ultra-DSP,W3A6,3,6,7,7,1,weight,0 4 8 12 16 20 25,70000,0,0.0,0.0,0.0,0
54,Ultra-DSP,W3A6,3,6,7,7,1,weight,0 4 8 12 16 20 25,70000,0,0.0,0.0,0.0,0
55,Ultra-DSP,W3A6,3,6,7,7,1,weight,0 4 8 12 16 20 25,70000,0,0.0,0.0,0.0,0
56,Ultra-DSP,W3A6,3,6,7,7,1,weight,0 4 8 12 16 20 25,70000,0,0.0,0.0,0.0,0
57,Ultra-DSP,W3A6,3,6,7,7,1,weight,0 4 8 12 16 20 25,70000,0,0.0,0.0,0.0,0
58,Ultra-DSP,W3A6,3,6,7,7,1,weight,0 4 8 12 16 20 25,70000,0,0.0,0.0,0.0,0
59,Ultra-DSP,W3A6,3,6,7,7,1,weight,0 4 8 12 16 20 25,70000,0,0.0,0.0,0.0,0
60,Ultra-DSP,W3A6,3,6,7,7,1,weight,0 4 8 12 16 20 25,70000,0,0.0,0.0,0.0,0
61,Ultra-DSP,W3A6,3,6,7,7,1,weight,0 4 8 12 16 20 25,70000,0,0.0,0.0,0.0,0
62,Ultra-DSP,W3A6,3,6,7,7,1,weight,0 4 8 12 16 20 25,70000,0,0.0,0.0,0.0,0
63,Ultra-DSP,W3A6,3,6,7,7,1,weight,0 4 8 12 16 20 25,70000,0,0.0,0.0,0.0,0
64,Ultra-DSP,W3A6,3,6,7,7,1,weight,0 4 8 12 16 20 25,70000,0,0.0,0.0,0.0,0
65,Ultra-DSP,W3A6,3,6,7,7,1,weight,0 4 8 12 16 20 25,70000,0,0.0,0.0,0.0,0
66,Ultra-DSP,W3A6,3,6,7,7,1,weight,0 4 8 12 16 20 25,70000,0,0.0,0.0,0.0,0
67,Ultra-DSP,W3A6,3,6,7,7,1,weight,0 4 8 12 16 20 25,70000,0,0.0,0.0,0.0,0
68,Ultra-DSP,W3A6,3,6,7,7,1,weight,0 4 8 12 16 20 25,70000,0,0.0,0.0,0.0,0
69,Ultra-DSP,W3A6,3,6,7,7,1,weight,0 4 8 12 16 20 25,70000,0,0.0,0.0,0.0,0
70,Ultra-DSP,W3A6,3,6,7,7,1,weight,0 4 8 12 16 20 25,70000,0,0.0,0.0,0.0,0
71,Ultra-DSP,W3A6,3,6,7,7,1,weight,0 4 8 12 16 20 25,70000,0,0.0,0.0,0.0,0
72,Ultra-DSP,W3A6,3,6,7,7,1,weight,0 4 8 12 16 20 25,70000,0,0.0,0.0,0.0,0
73,Ultra-DSP,W3A6,3,6,7,7,1,weight,0 4 8 12 16 20 25,70000,0,0.0,0.0,0.0,0
74,Ultra-DSP,W3A6,3,6,7,7,1,weight,0 4 8 12 16 20 25,70000,0,0.0,0.0,0.0,0
75,Ultra-DSP,W3A6,3,6,7,7,1,weight,0 4 8 12 16 20 25,70000,0,0.0,0.0,0.0,0
76,Ultra-DSP,W3A6,3,6,7,7,1,weight,0 4 8 12 16 20 25,70000,0,0.0,0.0,0.0,0
77,Ultra-DSP,W3A6,3,6,7,7,1,weight,0 4 8 12 16 20 25,70000,0,0.0,0.0,0.0,0
78,Ultra-DSP,W3A6,3,6,7,7,1,weight,0 4 8 12 16 20 25,70000,0,0.0,0.0,0.0,0
79,Ultra-DSP,W3A6,3,6,7,7,1,weight,0 4 8 12 16 20 25,70000,0,0.0,0.0,0.0,0
80,Ultra-DSP,W3A6,3,6,7,7,1,weight,0 4 8 12 16 20 25,70000,0,0.0,0.0,0.0,0
81,Ultra-DSP,W3A6,3,6,7,7,1,weight,0 4 8 12 16 20 25,70000,0,0.0,0.0,0.0,0
82,Ultra-DSP,W3A6,3,6,7,7,1,weight,0 4 8 12 16 20 25,70000,0,0.0,0.0,0.0,0
83,Ultra-DSP,W3A6,3,6,7,7,1,weight,0 4 8 12 16 20 25,70000,0,0.0,0.0,0.0,0
84,Ultra-DSP,W3A6,3,6,7,7,1,weight,0 4 8 12 16 20 25,70000,0,0.0,0.0,0.0,0
85,Ultra-DSP,W3A6,3,6,7,7,1,weight,0 4 8 12 16 20 25,70000,0,0.0,0.0,0.0,0
86,Ultra-DSP,W3A6,3,6,7,7,1,weight,0 4 8 12 16 20 25,70000,0,0.0,0.0,0.0,0
87,Ultra-DSP,W3A6,3,6,7,7,1,weight,0 4 8 12 16 20 25,70000,0,0.0,0.0,0.0,0
88,Ultra-DSP,W3A6,3,6,7,7,1,weight,0 4 8 12 16 20 25,70000,0,0.0,0.0,0.0,0
89,Ultra-DSP,W3A6,3,6,7,7,1,weight,0 4 8 12 16 20 25,70000,0,0.0,0.0,0.0,0
90,Ultra-DSP,W3A6,3,6,7,7,1,weight,0 4 8 12 16 20 25,70000,0,0.0,0.0,0.0,0
91,Ultra-DSP,W3A6,3,6,7,7,1,weight,0 4 8 12 16 20 25,70000,0,0.0,0.0,0.0,0
92,Ultra-DSP,W3A6,3,6,7,7,1,weight,0 4 8 12 16 20 25,70000,0,0.0,0.0,0.0,0
93,Ultra-DSP,W3A6,3,6,7,7,1,weight,0 4 8 12 16 20 25,70000,0,0.0,0.0,0.0,0
94,Ultra-DSP,W3A6,3,6,7,7,1,weight,0 4 8 12 16 20 25,70000,0,0.0,0.0,0.0,0
95,Ultra-DSP,W3A6,3,6,7,7,1,weight,0 4 8 12 16 20 25,70000,0,0.0,0.0,0.0,0
96,Ultra-DSP,W3A6,3,6,7,7,1,weight,0 4 8 12 16 20 25,70000,0,0.0,0.0,0.0,0
97,Ultra-DSP,W3A6,3,6,7,7,1,weight,0 4 8 12 16 20 25,70000,0,0.0,0.0,0.0,0
98,Ultra-DSP,W3A6,3,6,7,7,1,weight,0 4 8 12 16 20 25,70000,0,0.0,0.0,0.0,0
99,Ultra-DSP,W3A6,3,6,7,7,1,weight,0 4 8 12 16 20 25,70000,0,0.0,0.0,0.0,0
0,Ultra-DSP,W3A7,3,7,6,6,1,weight,0 5 10 15 20 25,60000,0,0.0,0.0,0.0,0
1,Ultra-DSP,W3A7,3,7,6,6,1,weight,0 5 10 15 20 25,60000,0,0.0,0.0,0.0,0
2,Ultra-DSP,W3A7,3,7,6,6,1,weight,0 5 10 15 20 25,60000,0,0.0,0.0,0.0,0
3,Ultra-DSP,W3A7,3,7,6,6,1,weight,0 5 10 15 20 25,60000,0,0.0,0.0,0.0,0
4,Ultra-DSP,W3A7,3,7,6,6,1,weight,0 5 10 15 20 25,60000,0,0.0,0.0,0.0,0
5,Ultra-DSP,W3A7,3,7,6,6,1,weight,0 5 10 15 20 25,60000,0,0.0,0.0,0.0,0
6,Ultra-DSP,W3A7,3,7,6,6,1,weight,0 5 10 15 20 25,60000,0,0.0,0.0,0.0,0
7,Ultra-DSP,W3A7,3,7,6,6,1,weight,0 5 10 15 20 25,60000,0,0.0,0.0,0.0,0
8,Ultra-DSP,W3A7,3,7,6,6,1,weight,0 5 10 15 20 25,60000,0,0.0,0.0,0.0,0
9,Ultra-DSP,W3A7,3,7,6,6,1,weight,0 5 10 15 20 25,60000,0,0.0,0.0,0.0,0
10,Ultra-DSP,W3A7,3,7,6,6,1,weight,0 5 10 15 20 25,60000,0,0.0,0.0,0.0,0
11,Ultra-DSP,W3A7,3,7,6,6,1,weight,0 5 10 15 20 25,60000,0,0.0,0.0,0.0,0
12,Ultra-DSP,W3A7,3,7,6,6,1,weight,0 5 10 15 20 25,60000,0,0.0,0.0,0.0,0
13,Ultra-DSP,W3A7,3,7,6,6,1,weight,0 5 10 15 20 25,60000,0,0.0,0.0,0.0,0
14,Ultra-DSP,W3A7,3,7,6,6,1,weight,0 5 10 15 20 25,60000,0,0.0,0.0,0.0,0
15,Ultra-DSP,W3A7,3,7,6,6,1,weight,0 5 10 15 20 25,60000,0,0.0,0.0,0.0,0
16,Ultra-DSP,W3A7,3,7,6,6,1,weight,0 5 10 15 20 25,60000,0,0.0,0.0,0.0,0
17,Ultra-DSP,W3A7,3,7,6,6,1,weight,0 5 10 15 20 25,60000,0,0.0,0.0,0.0,0
18,Ultra-DSP,W3A7,3,7,6,6,1,weight,0 5 10 15 20 25,60000,0,0.0,0.0,0.0,0
19,Ultra-DSP,W3A7,3,7,6,6,1,weight,0 5 10 15 20 25,60000,0,0.0,0.0,0.0,0
20,Ultra-DSP,W3A7,3,7,6,6,1,weight,0 5 10 15 20 25,60000,0,0.0,0.0,0.0,0
21,Ultra-DSP,W3A7,3,7,6,6,1,weight,0 5 10 15 20 25,60000,0,0.0,0.0,0.0,0
22,Ultra-DSP,W3A7,3,7,6,6,1,weight,0 5 10 15 20 25,60000,0,0.0,0.0,0.0,0
23,Ultra-DSP,W3A7,3,7,6,6,1,weight,0 5 10 15 20 25,60000,0,0.0,0.0,0.0,0
24,Ultra-DSP,W3A7,3,7,6,6,1,weight,0 5 10 15 20 25,60000,0,0.0,0.0,0.0,0
25,Ultra-DSP,W3A7,3,7,6,6,1,weight,0 5 10 15 20 25,60000,0,0.0,0.0,0.0,0
26,Ultra-DSP,W3A7,3,7,6,6,1,weight,0 5 10 15 20 25,60000,0,0.0,0.0,0.0,0
27,Ultra-DSP,W3A7,3,7,6,6,1,weight,0 5 10 15 20 25,60000,0,0.0,0.0,0.0,0
28,Ultra-DSP,W3A7,3,7,6,6,1,weight,0 5 10 15 20 25,60000,0,0.0,0.0,0.0,0
29,Ultra-DSP,W3A7,3,7,6,6,1,weight,0 5 10 15 20 25,60000,0,0.0,0.0,0.0,0
30,Ultra-DSP,W3A7,3,7,6,6,1,weight,0 5 10 15 20 25,60000,0,0.0,0.0,0.0,0
31,Ultra-DSP,W3A7,3,7,6,6,1,weight,0 5 10 15 20 25,60000,0,0.0,0.0,0.0,0
32,Ultra-DSP,W3A7,3,7,6,6,1,weight,0 5 10 15 20 25,60000,0,0.0,0.0,0.0,0
33,Ultra-DSP,W3A7,3,7,6,6,1,weight,0 5 10 15 20 25,60000,0,0.0,0.0,0.0,0
34,Ultra-DSP,W3A7,3,7,6,6,1,weight,0 5 10 15 20 25,60000,0,0.0,0.0,0.0,0
35,Ultra-DSP,W3A7,3,7,6,6,1,weight,0 5 10 15 20 25,60000,0,0.0,0.0,0.0,0
36,Ultra-DSP,W3A7,3,7,6,6,1,weight,0 5 10 15 20 25,60000,0,0.0,0.0,0.0,0
37,Ultra-DSP,W3A7,3,7,6,6,1,weight,0 5 10 15 20 25,60000,0,0.0,0.0,0.0,0
38,Ultra-DSP,W3A7,3,7,6,6,1,weight,0 5 10 15 20 25,60000,0,0.0,0.0,0.0,0
39,Ultra-DSP,W3A7,3,7,6,6,1,weight,0 5 10 15 20 25,60000,0,0.0,0.0,0.0,0
40,Ultra-DSP,W3A7,3,7,6,6,1,weight,0 5 10 15 20 25,60000,0,0.0,0.0,0.0,0
41,Ultra-DSP,W3A7,3,7,6,6,1,weight,0 5 10 15 20 25,60000,0,0.0,0.0,0.0,0
42,Ultra-DSP,W3A7,3,7,6,6,1,weight,0 5 10 15 20 25,60000,0,0.0,0.0,0.0,0
43,Ultra-DSP,W3A7,3,7,6,6,1,weight,0 5 10 15 20 25,60000,0,0.0,0.0,0.0,0
44,Ultra-DSP,W3A7,3,7,6,6,1,weight,0 5 10 15 20 25,60000,0,0.0,0.0,0.0,0
45,Ultra-DSP,W3A7,3,7,6,6,1,weight,0 5 10 15 20 25,60000,0,0.0,0.0,0.0,0
46,Ultra-DSP,W3A7,3,7,6,6,1,weight,0 5 10 15 20 25,60000,0,0.0,0.0,0.0,0
47,Ultra-DSP,W3A7,3,7,6,6,1,weight,0 5 10 15 20 25,60000,0,0.0,0.0,0.0,0
48,Ultra-DSP,W3A7,3,7,6,6,1,weight,0 5 10 15 20 25,60000,0,0.0,0.0,0.0,0
49,Ultra-DSP,W3A7,3,7,6,6,1,weight,0 5 10 15 20 25,60000,0,0.0,0.0,0.0,0
50,Ultra-DSP,W3A7,3,7,6,6,1,weight,0 5 10 15 20 25,60000,0,0.0,0.0,0.0,0
51,Ultra-DSP,W3A7,3,7,6,6,1,weight,0 5 10 15 20 25,60000,0,0.0,0.0,0.0,0
52,Ultra-DSP,W3A7,3,7,6,6,1,weight,0 5 10 15 20 25,60000,0,0.0,0.0,0.0,0
53,Ultra-DSP,W3A7,3,7,6,6,1,weight,0 5 10 15 20 25,60000,0,0.0,0.0,0.0,0
54,Ultra-DSP,W3A7,3,7,6,6,1,weight,0 5 10 15 20 25,60000,0,0.0,0.0,0.0,0
55,Ultra-DSP,W3A7,3,7,6,6,1,weight,0 5 10 15 20 25,60000,0,0.0,0.0,0.0,0
56,Ultra-DSP,W3A7,3,7,6,6,1,weight,0 5 10 15 20 25,60000,0,0.0,0.0,0.0,0
57,Ultra-DSP,W3A7,3,7,6,6,1,weight,0 5 10 15 20 25,60000,0,0.0,0.0,0.0,0
58,Ultra-DSP,W3A7,3,7,6,6,1,weight,0 5 10 15 20 25,60000,0,0.0,0.0,0.0,0
59,Ultra-DSP,W3A7,3,7,6,6,1,weight,0 5 10 15 20 25,60000,0,0.0,0.0,0.0,0
60,Ultra-DSP,W3A7,3,7,6,6,1,weight,0 5 10 15 20 25,60000,0,0.0,0.0,0.0,0
61,Ultra-DSP,W3A7,3,7,6,6,1,weight,0 5 10 15 20 25,60000,0,0.0,0.0,0.0,0
62,Ultra-DSP,W3A7,3,7,6,6,1,weight,0 5 10 15 20 25,60000,0,0.0,0.0,0.0,0
63,Ultra-DSP,W3A7,3,7,6,6,1,weight,0 5 10 15 20 25,60000,0,0.0,0.0,0.0,0
64,Ultra-DSP,W3A7,3,7,6,6,1,weight,0 5 10 15 20 25,60000,0,0.0,0.0,0.0,0
65,Ultra-DSP,W3A7,3,7,6,6,1,weight,0 5 10 15 20 25,60000,0,0.0,0.0,0.0,0
66,Ultra-DSP,W3A7,3,7,6,6,1,weight,0 5 10 15 20 25,60000,0,0.0,0.0,0.0,0
67,Ultra-DSP,W3A7,3,7,6,6,1,weight,0 5 10 15 20 25,60000,0,0.0,0.0,0.0,0
68,Ultra-DSP,W3A7,3,7,6,6,1,weight,0 5 10 15 20 25,60000,0,0.0,0.0,0.0,0
69,Ultra-DSP,W3A7,3,7,6,6,1,weight,0 5 10 15 20 25,60000,0,0.0,0.0,0.0,0
70,Ultra-DSP,W3A7,3,7,6,6,1,weight,0 5 10 15 20 25,60000,0,0.0,0.0,0.0,0
71,Ultra-DSP,W3A7,3,7,6,6,1,weight,0 5 10 15 20 25,60000,0,0.0,0.0,0.0,0
72,Ultra-DSP,W3A7,3,7,6,6,1,weight,0 5 10 15 20 25,60000,0,0.0,0.0,0.0,0
73,Ultra-DSP,W3A7,3,7,6,6,1,weight,0 5 10 15 20 25,60000,0,0.0,0.0,0.0,0
74,Ultra-DSP,W3A7,3,7,6,6,1,weight,0 5 10 15 20 25,60000,0,0.0,0.0,0.0,0
75,Ultra-DSP,W3A7,3,7,6,6,1,weight,0 5 10 15 20 25,60000,0,0.0,0.0,0.0,0
76,Ultra-DSP,W3A7,3,7,6,6,1,weight,0 5 10 15 20 25,60000,0,0.0,0.0,0.0,0
77,Ultra-DSP,W3A7,3,7,6,6,1,weight,0 5 10 15 20 25,60000,0,0.0,0.0,0.0,0
78,Ultra-DSP,W3A7,3,7,6,6,1,weight,0 5 10 15 20 25,60000,0,0.0,0.0,0.0,0
79,Ultra-DSP,W3A7,3,7,6,6,1,weight,0 5 10 15 20 25,60000,0,0.0,0.0,0.0,0
80,Ultra-DSP,W3A7,3,7,6,6,1,weight,0 5 10 15 20 25,60000,0,0.0,0.0,0.0,0
81,Ultra-DSP,W3A7,3,7,6,6,1,weight,0 5 10 15 20 25,60000,0,0.0,0.0,0.0,0
82,Ultra-DSP,W3A7,3,7,6,6,1,weight,0 5 10 15 20 25,60000,0,0.0,0.0,0.0,0
83,Ultra-DSP,W3A7,3,7,6,6,1,weight,0 5 10 15 20 25,60000,0,0.0,0.0,0.0,0
84,Ultra-DSP,W3A7,3,7,6,6,1,weight,0 5 10 15 20 25,60000,0,0.0,0.0,0.0,0
85,Ultra-DSP,W3A7,3,7,6,6,1,weight,0 5 10 15 20 25,60000,0,0.0,0.0,0.0,0
86,Ultra-DSP,W3A7,3,7,6,6,1,weight,0 5 10 15 20 25,60000,0,0.0,0.0,0.0,0
87,Ultra-DSP,W3A7,3,7,6,6,1,weight,0 5 10 15 20 25,60000,0,0.0,0.0,0.0,0
88,Ultra-DSP,W3A7,3,7,6,6,1,weight,0 5 10 15 20 25,60000,0,0.0,0.0,0.0,0
89,Ultra-DSP,W3A7,3,7,6,6,1,weight,0 5 10 15 20 25,60000,0,0.0,0.0,0.0,0
90,Ultra-DSP,W3A7,3,7,6,6,1,weight,0 5 10 15 20 25,60000,0,0.0,0.0,0.0,0
91,Ultra-DSP,W3A7,3,7,6,6,1,weight,0 5 10 15 20 25,60000,0,0.0,0.0,0.0,0
92,Ultra-DSP,W3A7,3,7,6,6,1,weight,0 5 10 15 20 25,60000,0,0.0,0.0,0.0,0
93,Ultra-DSP,W3A7,3,7,6,6,1,weight,0 5 10 15 20 25,60000,0,0.0,0.0,0.0,0
94,Ultra-DSP,W3A7,3,7,6,6,1,weight,0 5 10 15 20 25,60000,0,0.0,0.0,0.0,0
95,Ultra-DSP,W3A7,3,7,6,6,1,weight,0 5 10 15 20 25,60000,0,0.0,0.0,0.0,0
96,Ultra-DSP,W3A7,3,7,6,6,1,weight,0 5 10 15 20 25,60000,0,0.0,0.0,0.0,0
97,Ultra-DSP,W3A7,3,7,6,6,1,weight,0 5 10 15 20 25,60000,0,0.0,0.0,0.0,0
98,Ultra-DSP,W3A7,3,7,6,6,1,weight,0 5 10 15 20 25,60000,0,0.0,0.0,0.0,0
99,Ultra-DSP,W3A7,3,7,6,6,1,weight,0 5 10 15 20 25,60000,0,0.0,0.0,0.0,0
0,Ultra-DSP,W3A8,3,8,5,5,1,weight,0 6 12 18 25,50000,0,0.0,0.0,0.0,0
1,Ultra-DSP,W3A8,3,8,5,5,1,weight,0 6 12 18 25,50000,0,0.0,0.0,0.0,0
2,Ultra-DSP,W3A8,3,8,5,5,1,weight,0 6 12 18 25,50000,0,0.0,0.0,0.0,0
3,Ultra-DSP,W3A8,3,8,5,5,1,weight,0 6 12 18 25,50000,0,0.0,0.0,0.0,0
4,Ultra-DSP,W3A8,3,8,5,5,1,weight,0 6 12 18 25,50000,0,0.0,0.0,0.0,0
5,Ultra-DSP,W3A8,3,8,5,5,1,weight,0 6 12 18 25,50000,0,0.0,0.0,0.0,0
6,Ultra-DSP,W3A8,3,8,5,5,1,weight,0 6 12 18 25,50000,0,0.0,0.0,0.0,0
7,Ultra-DSP,W3A8,3,8,5,5,1,weight,0 6 12 18 25,50000,0,0.0,0.0,0.0,0
8,Ultra-DSP,W3A8,3,8,5,5,1,weight,0 6 12 18 25,50000,0,0.0,0.0,0.0,0
9,Ultra-DSP,W3A8,3,8,5,5,1,weight,0 6 12 18 25,50000,0,0.0,0.0,0.0,0
10,Ultra-DSP,W3A8,3,8,5,5,1,weight,0 6 12 18 25,50000,0,0.0,0.0,0.0,0
11,Ultra-DSP,W3A8,3,8,5,5,1,weight,0 6 12 18 25,50000,0,0.0,0.0,0.0,0
12,Ultra-DSP,W3A8,3,8,5,5,1,weight,0 6 12 18 25,50000,0,0.0,0.0,0.0,0
13,Ultra-DSP,W3A8,3,8,5,5,1,weight,0 6 12 18 25,50000,0,0.0,0.0,0.0,0
14,Ultra-DSP,W3A8,3,8,5,5,1,weight,0 6 12 18 25,50000,0,0.0,0.0,0.0,0
15,Ultra-DSP,W3A8,3,8,5,5,1,weight,0 6 12 18 25,50000,0,0.0,0.0,0.0,0
16,Ultra-DSP,W3A8,3,8,5,5,1,weight,0 6 12 18 25,50000,0,0.0,0.0,0.0,0
17,Ultra-DSP,W3A8,3,8,5,5,1,weight,0 6 12 18 25,50000,0,0.0,0.0,0.0,0
18,Ultra-DSP,W3A8,3,8,5,5,1,weight,0 6 12 18 25,50000,0,0.0,0.0,0.0,0
19,Ultra-DSP,W3A8,3,8,5,5,1,weight,0 6 12 18 25,50000,0,0.0,0.0,0.0,0
20,Ultra-DSP,W3A8,3,8,5,5,1,weight,0 6 12 18 25,50000,0,0.0,0.0,0.0,0
21,Ultra-DSP,W3A8,3,8,5,5,1,weight,0 6 12 18 25,50000,0,0.0,0.0,0.0,0
22,Ultra-DSP,W3A8,3,8,5,5,1,weight,0 6 12 18 25,50000,0,0.0,0.0,0.0,0
23,Ultra-DSP,W3A8,3,8,5,5,1,weight,0 6 12 18 25,50000,0,0.0,0.0,0.0,0
24,Ultra-DSP,W3A8,3,8,5,5,1,weight,0 6 12 18 25,50000,0,0.0,0.0,0.0,0
25,Ultra-DSP,W3A8,3,8,5,5,1,weight,0 6 12 18 25,50000,0,0.0,0.0,0.0,0
26,Ultra-DSP,W3A8,3,8,5,5,1,weight,0 6 12 18 25,50000,0,0.0,0.0,0.0,0
27,Ultra-DSP,W3A8,3,8,5,5,1,weight,0 6 12 18 25,50000,0,0.0,0.0,0.0,0
28,Ultra-DSP,W3A8,3,8,5,5,1,weight,0 6 12 18 25,50000,0,0.0,0.0,0.0,0
29,Ultra-DSP,W3A8,3,8,5,5,1,weight,0 6 12 18 25,50000,0,0.0,0.0,0.0,0
30,Ultra-DSP,W3A8,3,8,5,5,1,weight,0 6 12 18 25,50000,0,0.0,0.0,0.0,0
31,Ultra-DSP,W3A8,3,8,5,5,1,weight,0 6 12 18 25,50000,0,0.0,0.0,0.0,0
32,Ultra-DSP,W3A8,3,8,5,5,1,weight,0 6 12 18 25,50000,0,0.0,0.0,0.0,0
33,Ultra-DSP,W3A8,3,8,5,5,1,weight,0 6 12 18 25,50000,0,0.0,0.0,0.0,0
34,Ultra-DSP,W3A8,3,8,5,5,1,weight,0 6 12 18 25,50000,0,0.0,0.0,0.0,0
35,Ultra-DSP,W3A8,3,8,5,5,1,weight,0 6 12 18 25,50000,0,0.0,0.0,0.0,0
36,Ultra-DSP,W3A8,3,8,5,5,1,weight,0 6 12 18 25,50000,0,0.0,0.0,0.0,0
37,Ultra-DSP,W3A8,3,8,5,5,1,weight,0 6 12 18 25,50000,0,0.0,0.0,0.0,0
38,Ultra-DSP,W3A8,3,8,5,5,1,weight,0 6 12 18 25,50000,0,0.0,0.0,0.0,0
39,Ultra-DSP,W3A8,3,8,5,5,1,weight,0 6 12 18 25,50000,0,0.0,0.0,0.0,0
40,Ultra-DSP,W3A8,3,8,5,5,1,weight,0 6 12 18 25,50000,0,0.0,0.0,0.0,0
41,Ultra-DSP,W3A8,3,8,5,5,1,weight,0 6 12 18 25,50000,0,0.0,0.0,0.0,0
42,Ultra-DSP,W3A8,3,8,5,5,1,weight,0 6 12 18 25,50000,0,0.0,0.0,0.0,0
43,Ultra-DSP,W3A8,3,8,5,5,1,weight,0 6 12 18 25,50000,0,0.0,0.0,0.0,0
44,Ultra-DSP,W3A8,3,8,5,5,1,weight,0 6 12 18 25,50000,0,0.0,0.0,0.0,0
45,Ultra-DSP,W3A8,3,8,5,5,1,weight,0 6 12 18 25,50000,0,0.0,0.0,0.0,0
46,Ultra-DSP,W3A8,3,8,5,5,1,weight,0 6 12 18 25,50000,0,0.0,0.0,0.0,0
47,Ultra-DSP,W3A8,3,8,5,5,1,weight,0 6 12 18 25,50000,0,0.0,0.0,0.0,0
48,Ultra-DSP,W3A8,3,8,5,5,1,weight,0 6 12 18 25,50000,0,0.0,0.0,0.0,0
49,Ultra-DSP,W3A8,3,8,5,5,1,weight,0 6 12 18 25,50000,0,0.0,0.0,0.0,0
50,Ultra-DSP,W3A8,3,8,5,5,1,weight,0 6 12 18 25,50000,0,0.0,0.0,0.0,0
51,Ultra-DSP,W3A8,3,8,5,5,1,weight,0 6 12 18 25,50000,0,0.0,0.0,0.0,0
52,Ultra-DSP,W3A8,3,8,5,5,1,weight,0 6 12 18 25,50000,0,0.0,0.0,0.0,0
53,Ultra-DSP,W3A8,3,8,5,5,1,weight,0 6 12 18 25,50000,0,0.0,0.0,0.0,0
54,Ultra-DSP,W3A8,3,8,5,5,1,weight,0 6 12 18 25,50000,0,0.0,0.0,0.0,0
55,Ultra-DSP,W3A8,3,8,5,5,1,weight,0 6 12 18 25,50000,0,0.0,0.0,0.0,0
56,Ultra-DSP,W3A8,3,8,5,5,1,weight,0 6 12 18 25,50000,0,0.0,0.0,0.0,0
57,Ultra-DSP,W3A8,3,8,5,5,1,weight,0 6 12 18 25,50000,0,0.0,0.0,0.0,0
58,Ultra-DSP,W3A8,3,8,5,5,1,weight,0 6 12 18 25,50000,0,0.0,0.0,0.0,0
59,Ultra-DSP,W3A8,3,8,5,5,1,weight,0 6 12 18 25,50000,0,0.0,0.0,0.0,0
60,Ultra-DSP,W3A8,3,8,5,5,1,weight,0 6 12 18 25,50000,0,0.0,0.0,0.0,0
61,Ultra-DSP,W3A8,3,8,5,5,1,weight,0 6 12 18 25,50000,0,0.0,0.0,0.0,0
62,Ultra-DSP,W3A8,3,8,5,5,1,weight,0 6 12 18 25,50000,0,0.0,0.0,0.0,0
63,Ultra-DSP,W3A8,3,8,5,5,1,weight,0 6 12 18 25,50000,0,0.0,0.0,0.0,0
64,Ultra-DSP,W3A8,3,8,5,5,1,weight,0 6 12 18 25,50000,0,0.0,0.0,0.0,0
65,Ultra-DSP,W3A8,3,8,5,5,1,weight,0 6 12 18 25,50000,0,0.0,0.0,0.0,0
66,Ultra-DSP,W3A8,3,8,5,5,1,weight,0 6 12 18 25,50000,0,0.0,0.0,0.0,0
67,Ultra-DSP,W3A8,3,8,5,5,1,weight,0 6 12 18 25,50000,0,0.0,0.0,0.0,0
68,Ultra-DSP,W3A8,3,8,5,5,1,weight,0 6 12 18 25,50000,0,0.0,0.0,0.0,0
69,Ultra-DSP,W3A8,3,8,5,5,1,weight,0 6 12 18 25,50000,0,0.0,0.0,0.0,0
70,Ultra-DSP,W3A8,3,8,5,5,1,weight,0 6 12 18 25,50000,0,0.0,0.0,0.0,0
71,Ultra-DSP,W3A8,3,8,5,5,1,weight,0 6 12 18 25,50000,0,0.0,0.0,0.0,0
72,Ultra-DSP,W3A8,3,8,5,5,1,weight,0 6 12 18 25,50000,0,0.0,0.0,0.0,0
73,Ultra-DSP,W3A8,3,8,5,5,1,weight,0 6 12 18 25,50000,0,0.0,0.0,0.0,0
74,Ultra-DSP,W3A8,3,8,5,5,1,weight,0 6 12 18 25,50000,0,0.0,0.0,0.0,0
75,Ultra-DSP,W3A8,3,8,5,5,1,weight,0 6 12 18 25,50000,0,0.0,0.0,0.0,0
76,Ultra-DSP,W3A8,3,8,5,5,1,weight,0 6 12 18 25,50000,0,0.0,0.0,0.0,0
77,Ultra-DSP,W3A8,3,8,5,5,1,weight,0 6 12 18 25,50000,0,0.0,0.0,0.0,0
78,Ultra-DSP,W3A8,3,8,5,5,1,weight,0 6 12 18 25,50000,0,0.0,0.0,0.0,0
79,Ultra-DSP,W3A8,3,8,5,5,1,weight,0 6 12 18 25,50000,0,0.0,0.0,0.0,0
80,Ultra-DSP,W3A8,3,8,5,5,1,weight,0 6 12 18 25,50000,0,0.0,0.0,0.0,0
81,Ultra-DSP,W3A8,3,8,5,5,1,weight,0 6 12 18 25,50000,0,0.0,0.0,0.0,0
82,Ultra-DSP,W3A8,3,8,5,5,1,weight,0 6 12 18 25,50000,0,0.0,0.0,0.0,0
83,Ultra-DSP,W3A8,3,8,5,5,1,weight,0 6 12 18 25,50000,0,0.0,0.0,0.0,0
84,Ultra-DSP,W3A8,3,8,5,5,1,weight,0 6 12 18 25,50000,0,0.0,0.0,0.0,0
85,Ultra-DSP,W3A8,3,8,5,5,1,weight,0 6 12 18 25,50000,0,0.0,0.0,0.0,0
86,Ultra-DSP,W3A8,3,8,5,5,1,weight,0 6 12 18 25,50000,0,0.0,0.0,0.0,0
87,Ultra-DSP,W3A8,3,8,5,5,1,weight,0 6 12 18 25,50000,0,0.0,0.0,0.0,0
88,Ultra-DSP,W3A8,3,8,5,5,1,weight,0 6 12 18 25,50000,0,0.0,0.0,0.0,0
89,Ultra-DSP,W3A8,3,8,5,5,1,weight,0 6 12 18 25,50000,0,0.0,0.0,0.0,0
90,Ultra-DSP,W3A8,3,8,5,5,1,weight,0 6 12 18 25,50000,0,0.0,0.0,0.0,0
91,Ultra-DSP,W3A8,3,8,5,5,1,weight,0 6 12 18 25,50000,0,0.0,0.0,0.0,0
92,Ultra-DSP,W3A8,3,8,5,5,1,weight,0 6 12 18 25,50000,0,0.0,0.0,0.0,0
93,Ultra-DSP,W3A8,3,8,5,5,1,weight,0 6 12 18 25,50000,0,0.0,0.0,0.0,0
94,Ultra-DSP,W3A8,3,8,5,5,1,weight,0 6 12 18 25,50000,0,0.0,0.0,0.0,0
95,Ultra-DSP,W3A8,3,8,5,5,1,weight,0 6 12 18 25,50000,0,0.0,0.0,0.0,0
96,Ultra-DSP,W3A8,3,8,5,5,1,weight,0 6 12 18 25,50000,0,0.0,0.0,0.0,0
97,Ultra-DSP,W3A8,3,8,5,5,1,weight,0 6 12 18 25,50000,0,0.0,0.0,0.0,0
98,Ultra-DSP,W3A8,3,8,5,5,1,weight,0 6 12 18 25,50000,0,0.0,0.0,0.0,0
99,Ultra-DSP,W3A8,3,8,5,5,1,weight,0 6 12 18 25,50000,0,0.0,0.0,0.0,0
0,Ultra-DSP,W4A2,4,2,30,15,2,activation,0 1 2 3 4 5 6 7 8 9 10 11 12 13 14 15 16 17 18 19 20 21 22 23 24 25 26 27 28 29,300000,0,0.0,0.0,0.0,0
1,Ultra-DSP,W4A2,4,2,30,15,2,activation,0 1 2 3 4 5 6 7 8 9 10 11 12 13 14 15 16 17 18 19 20 21 22 23 24 25 26 27 28 29,300000,0,0.0,0.0,0.0,0
2,Ultra-DSP,W4A2,4,2,30,15,2,activation,0 1 2 3 4 5 6 7 8 9 10 11 12 13 14 15 16 17 18 19 20 21 22 23 24 25 26 27 28 29,300000,0,0.0,0.0,0.0,0
3,Ultra-DSP,W4A2,4,2,30,15,2,activation,0 1 2 3 4 5 6 7 8 9 10 11 12 13 14 15 16 17 18 19 20 21 22 23 24 25 26 27 28 29,300000,0,0.0,0.0,0.0,0
4,Ultra-DSP,W4A2,4,2,30,15,2,activation,0 1 2 3 4 5 6 7 8 9 10 11 12 13 14 15 16 17 18 19 20 21 22 23 24 25 26 27 28 29,300000,0,0.0,0.0,0.0,0
5,Ultra-DSP,W4A2,4,2,30,15,2,activation,0 1 2 3 4 5 6 7 8 9 10 11 12 13 14 15 16 17 18 19 20 21 22 23 24 25 26 27 28 29,300000,0,0.0,0.0,0.0,0
6,Ultra-DSP,W4A2,4,2,30,15,2,activation,0 1 2 3 4 5 6 7 8 9 10 11 12 13 14 15 16 17 18 19 20 21 22 23 24 25 26 27 28 29,300000,0,0.0,0.0,0.0,0
7,Ultra-DSP,W4A2,4,2,30,15,2,activation,0 1 2 3 4 5 6 7 8 9 10 11 12 13 14 15 16 17 18 19 20 21 22 23 24 25 26 27 28 29,300000,0,0.0,0.0,0.0,0
8,Ultra-DSP,W4A2,4,2,30,15,2,activation,0 1 2 3 4 5 6 7 8 9 10 11 12 13 14 15 16 17 18 19 20 21 22 23 24 25 26 27 28 29,300000,0,0.0,0.0,0.0,0
9,Ultra-DSP,W4A2,4,2,30,15,2,activation,0 1 2 3 4 5 6 7 8 9 10 11 12 13 14 15 16 17 18 19 20 21 22 23 24 25 26 27 28 29,300000,0,0.0,0.0,0.0,0
10,Ultra-DSP,W4A2,4,2,30,15,2,activation,0 1 2 3 4 5 6 7 8 9 10 11 12 13 14 15 16 17 18 19 20 21 22 23 24 25 26 27 28 29,300000,0,0.0,0.0,0.0,0
11,Ultra-DSP,W4A2,4,2,30,15,2,activation,0 1 2 3 4 5 6 7 8 9 10 11 12 13 14 15 16 17 18 19 20 21 22 23 24 25 26 27 28 29,300000,0,0.0,0.0,0.0,0
12,Ultra-DSP,W4A2,4,2,30,15,2,activation,0 1 2 3 4 5 6 7 8 9 10 11 12 13 14 15 16 17 18 19 20 21 22 23 24 25 26 27 28 29,300000,0,0.0,0.0,0.0,0
13,Ultra-DSP,W4A2,4,2,30,15,2,activation,0 1 2 3 4 5 6 7 8 9 10 11 12 13 14 15 16 17 18 19 20 21 22 23 24 25 26 27 28 29,300000,0,0.0,0.0,0.0,0
14,Ultra-DSP,W4A2,4,2,30,15,2,activation,0 1 2 3 4 5 6 7 8 9 10 11 12 13 14 15 16 17 18 19 20 21 22 23 24 25 26 27 28 29,300000,0,0.0,0.0,0.0,0
15,Ultra-DSP,W4A2,4,2,30,15,2,activation,0 1 2 3 4 5 6 7 8 9 10 11 12 13 14 15 16 17 18 19 20 21 22 23 24 25 26 27 28 29,300000,0,0.0,0.0,0.0,0
16,Ultra-DSP,W4A2,4,2,30,15,2,activation,0 1 2 3 4 5 6 7 8 9 10 11 12 13 14 15 16 17 18 19 20 21 22 23 24 25 26 27 28 29,300000,0,0.0,0.0,0.0,0
17,Ultra-DSP,W4A2,4,2,30,15,2,activation,0 1 2 3 4 5 6 7 8 9 10 11 12 13 14 15 16 17 18 19 20 21 22 23 24 25 26 27 28 29,300000,0,0.0,0.0,0.0,0
18,Ultra-DSP,W4A2,4,2,30,15,2,activation,0 1 2 3 4 5 6 7 8 9 10 11 12 13 14 15 16 17 18 19 20 21 22 23 24 25 26 27 28 29,300000,0,0.0,0.0,0.0,0
19,Ultra-DSP,W4A2,4,2,30,15,2,activation,0 1 2 3 4 5 6 7 8 9 10 11 12 13 14 15 16 17 18 19 20 21 22 23 24 25 26 27 28 29,300000,0,0.0,0.0,0.0,0
20,Ultra-DSP,W4A2,4,2,30,15,2,activation,0 1 2 3 4 5 6 7 8 9 10 11 12 13 14 15 16 17 18 19 20 21 22 23 24 25 26 27 28 29,300000,0,0.0,0.0,0.0,0
21,Ultra-DSP,W4A2,4,2,30,15,2,activation,0 1 2 3 4 5 6 7 8 9 10 11 12 13 14 15 16 17 18 19 20 21 22 23 24 25 26 27 28 29,300000,0,0.0,0.0,0.0,0
22,Ultra-DSP,W4A2,4,2,30,15,2,activation,0 1 2 3 4 5 6 7 8 9 10 11 12 13 14 15 16 17 18 19 20 21 22 23 24 25 26 27 28 29,300000,0,0.0,0.0,0.0,0
23,Ultra-DSP,W4A2,4,2,30,15,2,activation,0 1 2 3 4 5 6 7 8 9 10 11 12 13 14 15 16 17 18 19 20 21 22 23 24 25 26 27 28 29,300000,0,0.0,0.0,0.0,0
24,Ultra-DSP,W4A2,4,2,30,15,2,activation,0 1 2 3 4 5 6 7 8 9 10 11 12 13 14 15 16 17 18 19 20 21 22 23 24 25 26 27 28 29,300000,0,0.0,0.0,0.0,0
25,Ultra-DSP,W4A2,4,2,30,15,2,activation,0 1 2 3 4 5 6 7 8 9 10 11 12 13 14 15 16 17 18 19 20 21 22 23 24 25 26 27 28 29,300000,0,0.0,0.0,0.0,0
26,Ultra-DSP,W4A2,4,2,30,15,2,activation,0 1 2 3 4 5 6 7 8 9 10 11 12 13 14 15 16 17 18 19 20 21 22 23 24 25 26 27 28 29,300000,0,0.0,0.0,0.0,0
27,Ultra-DSP,W4A2,4,2,30,15,2,activation,0 1 2 3 4 5 6 7 8 9 10 11 12 13 14 15 16 17 18 19 20 21 22 23 24 25 26 27 28 29,300000,0,0.0,0.0,0.0,0
28,Ultra-DSP,W4A2,4,2,30,15,2,activation,0 1 2 3 4 5 6 7 8 9 10 11 12 13 14 15 16 17 18 19 20 21 22 23 24 25 26 27 28 29,300000,0,0.0,0.0,0.0,0
29,Ultra-DSP,W4A2,4,2,30,15,2,activation,0 1 2 3 4 5 6 7 8 9 10 11 12 13 14 15 16 17 18 19 20 21 22 23 24 25 26 27 28 29,300000,0,0.0,0.0,0.0,0
30,Ultra-DSP,W4A2,4,2,30,15,2,activation,0 1 2 3 4 5 6 7 8 9 10 11 12 13 14 15 16 17 18 19 20 21 22 23 24 25 26 27 28 29,300000,0,0.0,0.0,0.0,0
31,Ultra-DSP,W4A2,4,2,30,15,2,activation,0 1 2 3 4 5 6 7 8 9 10 11 12 13 14 15 16 17 18 19 20 21 22 23 24 25 26 27 28 29,300000,0,0.0,0.0,0.0,0
32,Ultra-DSP,W4A2,4,2,30,15,2,activation,0 1 2 3 4 5 6 7 8 9 10 11 12 13 14 15 16 17 18 19 20 21 22 23 24 25 26 27 28 29,300000,0,0.0,0.0,0.0,0
33,Ultra-DSP,W4A2,4,2,30,15,2,activation,0 1 2 3 4 5 6 7 8 9 10 11 12 13 14 15 16 17 18 19 20 21 22 23 24 25 26 27 28 29,300000,0,0.0,0.0,0.0,0
34,Ultra-DSP,W4A2,4,2,30,15,2,activation,0 1 2 3 4 5 6 7 8 9 10 11 12 13 14 15 16 17 18 19 20 21 22 23 24 25 26 27 28 29,300000,0,0.0,0.0,0.0,0
35,Ultra-DSP,W4A2,4,2,30,15,2,activation,0 1 2 3 4 5 6 7 8 9 10 11 12 13 14 15 16 17 18 19 20 21 22 23 24 25 26 27 28 29,300000,0,0.0,0.0,0.0,0
36,Ultra-DSP,W4A2,4,2,30,15,2,activation,0 1 2 3 4 5 6 7 8 9 10 11 12 13 14 15 16 17 18 19 20 21 22 23 24 25 26 27 28 29,300000,0,0.0,0.0,0.0,0
37,Ultra-DSP,W4A2,4,2,30,15,2,activation,0 1 2 3 4 5 6 7 8 9 10 11 12 13 14 15 16 17 18 19 20 21 22 23 24 25 26 27 28 29,300000,0,0.0,0.0,0.0,0
38,Ultra-DSP,W4A2,4,2,30,15,2,activation,0 1 2 3 4 5 6 7 8 9 10 11 12 13 14 15 16 17 18 19 20 21 22 23 24 25 26 27 28 29,300000,0,0.0,0.0,0.0,0
39,Ultra-DSP,W4A2,4,2,30,15,2,activation,0 1 2 3 4 5 6 7 8 9 10 11 12 13 14 15 16 17 18 19 20 21 22 23 24 25 26 27 28 29,300000,0,0.0,0.0,0.0,0
40,Ultra-DSP,W4A2,4,2,30,15,2,activation,0 1 2 3 4 5 6 7 8 9 10 11 12 13 14 15 16 17 18 19 20 21 22 23 24 25 26 27 28 29,300000,0,0.0,0.0,0.0,0
41,Ultra-DSP,W4A2,4,2,30,15,2,activation,0 1 2 3 4 5 6 7 8 9 10 11 12 13 14 15 16 17 18 19 20 21 22 23 24 25 26 27 28 29,300000,0,0.0,0.0,0.0,0
42,Ultra-DSP,W4A2,4,2,30,15,2,activation,0 1 2 3 4 5 6 7 8 9 10 11 12 13 14 15 16 17 18 19 20 21 22 23 24 25 26 27 28 29,300000,0,0.0,0.0,0.0,0
43,Ultra-DSP,W4A2,4,2,30,15,2,activation,0 1 2 3 4 5 6 7 8 9 10 11 12 13 14 15 16 17 18 19 20 21 22 23 24 25 26 27 28 29,300000,0,0.0,0.0,0.0,0
44,Ultra-DSP,W4A2,4,2,30,15,2,activation,0 1 2 3 4 5 6 7 8 9 10 11 12 13 14 15 16 17 18 19 20 21 22 23 24 25 26 27 28 29,300000,0,0.0,0.0,0.0,0
45,Ultra-DSP,W4A2,4,2,30,15,2,activation,0 1 2 3 4 5 6 7 8 9 10 11 12 13 14 15 16 17 18 19 20 21 22 23 24 25 26 27 28 29,300000,0,0.0,0.0,0.0,0
46,Ultra-DSP,W4A2,4,2,30,15,2,activation,0 1 2 3 4 5 6 7 8 9 10 11 12 13 14 15 16 17 18 19 20 21 22 23 24 25 26 27 28 29,300000,0,0.0,0.0,0.0,0
47,Ultra-DSP,W4A2,4,2,30,15,2,activation,0 1 2 3 4 5 6 7 8 9 10 11 12 13 14 15 16 17 18 19 20 21 22 23 24 25 26 27 28 29,300000,0,0.0,0.0,0.0,0
48,Ultra-DSP,W4A2,4,2,30,15,2,activation,0 1 2 3 4 5 6 7 8 9 10 11 12 13 14 15 16 17 18 19 20 21 22 23 24 25 26 27 28 29,300000,0,0.0,0.0,0.0,0
49,Ultra-DSP,W4A2,4,2,30,15,2,activation,0 1 2 3 4 5 6 7 8 9 10 11 12 13 14 15 16 17 18 19 20 21 22 23 24 25 26 27 28 29,300000,0,0.0,0.0,0.0,0
50,Ultra-DSP,W4A2,4,2,30,15,2,activation,0 1 2 3 4 5 6 7 8 9 10 11 12 13 14 15 16 17 18 19 20 21 22 23 24 25 26 27 28 29,300000,0,0.0,0.0,0.0,0
51,Ultra-DSP,W4A2,4,2,30,15,2,activation,0 1 2 3 4 5 6 7 8 9 10 11 12 13 14 15 16 17 18 19 20 21 22 23 24 25 26 27 28 29,300000,0,0.0,0.0,0.0,0
52,Ultra-DSP,W4A2,4,2,30,15,2,activation,0 1 2 3 4 5 6 7 8 9 10 11 12 13 14 15 16 17 18 19 20 21 22 23 24 25 26 27 28 29,300000,0,0.0,0.0,0.0,0
53,Ultra-DSP,W4A2,4,2,30,15,2,activation,0 1 2 3 4 5 6 7 8 9 10 11 12 13 14 15 16 17 18 19 20 21 22 23 24 25 26 27 28 29,300000,0,0.0,0.0,0.0,0
54,Ultra-DSP,W4A2,4,2,30,15,2,activation,0 1 2 3 4 5 6 7 8 9 10 11 12 13 14 15 16 17 18 19 20 21 22 23 24 25 26 27 28 29,300000,0,0.0,0.0,0.0,0
55,Ultra-DSP,W4A2,4,2,30,15,2,activation,0 1 2 3 4 5 6 7 8 9 10 11 12 13 14 15 16 17 18 19 20 21 22 23 24 25 26 27 28 29,300000,0,0.0,0.0,0.0,0
56,Ultra-DSP,W4A2,4,2,30,15,2,activation,0 1 2 3 4 5 6 7 8 9 10 11 12 13 14 15 16 17 18 19 20 21 22 23 24 25 26 27 28 29,300000,0,0.0,0.0,0.0,0
57,Ultra-DSP,W4A2,4,2,30,15,2,activation,0 1 2 3 4 5 6 7 8 9 10 11 12 13 14 15 16 17 18 19 20 21 22 23 24 25 26 27 28 29,300000,0,0.0,0.0,0.0,0
58,Ultra-DSP,W4A2,4,2,30,15,2,activation,0 1 2 3 4 5 6 7 8 9 10 11 12 13 14 15 16 17 18 19 20 21 22 23 24 25 26 27 28 29,300000,0,0.0,0.0,0.0,0
59,Ultra-DSP,W4A2,4,2,30,15,2,activation,0 1 2 3 4 5 6 7 8 9 10 11 12 13 14 15 16 17 18 19 20 21 22 23 24 25 26 27 28 29,300000,0,0.0,0.0,0.0,0
60,Ultra-DSP,W4A2,4,2,30,15,2,activation,0 1 2 3 4 5 6 7 8 9 10 11 12 13 14 15 16 17 18 19 20 21 22 23 24 25 26 27 28 29,300000,0,0.0,0.0,0.0,0
61,Ultra-DSP,W4A2,4,2,30,15,2,activation,0 1 2 3 4 5 6 7 8 9 10 11 12 13 14 15 16 17 18 19 20 21 22 23 24 25 26 27 28 29,300000,0,0.0,0.0,0.0,0
62,Ultra-DSP,W4A2,4,2,30,15,2,activation,0 1 2 3 4 5 6 7 8 9 10 11 12 13 14 15 16 17 18 19 20 21 22 23 24 25 26 27 28 29,300000,0,0.0,0.0,0.0,0
63,Ultra-DSP,W4A2,4,2,30,15,2,activation,0 1 2 3 4 5 6 7 8 9 10 11 12 13 14 15 16 17 18 19 20 21 22 23 24 25 26 27 28 29,300000,0,0.0,0.0,0.0,0
64,Ultra-DSP,W4A2,4,2,30,15,2,activation,0 1 2 3 4 5 6 7 8 9 10 11 12 13 14 15 16 17 18 19 20 21 22 23 24 25 26 27 28 29,300000,0,0.0,0.0,0.0,0
65,Ultra-DSP,W4A2,4,2,30,15,2,activation,0 1 2 3 4 5 6 7 8 9 10 11 12 13 14 15 16 17 18 19 20 21 22 23 24 25 26 27 28 29,300000,0,0.0,0.0,0.0,0
66,Ultra-DSP,W4A2,4,2,30,15,2,activation,0 1 2 3 4 5 6 7 8 9 10 11 12 13 14 15 16 17 18 19 20 21 22 23 24 25 26 27 28 29,300000,0,0.0,0.0,0.0,0
67,Ultra-DSP,W4A2,4,2,30,15,2,activation,0 1 2 3 4 5 6 7 8 9 10 11 12 13 14 15 16 17 18 19 20 21 22 23 24 25 26 27 28 29,300000,0,0.0,0.0,0.0,0
68,Ultra-DSP,W4A2,4,2,30,15,2,activation,0 1 2 3 4 5 6 7 8 9 10 11 12 13 14 15 16 17 18 19 20 21 22 23 24 25 26 27 28 29,300000,0,0.0,0.0,0.0,0
69,Ultra-DSP,W4A2,4,2,30,15,2,activation,0 1 2 3 4 5 6 7 8 9 10 11 12 13 14 15 16 17 18 19 20 21 22 23 24 25 26 27 28 29,300000,0,0.0,0.0,0.0,0
70,Ultra-DSP,W4A2,4,2,30,15,2,activation,0 1 2 3 4 5 6 7 8 9 10 11 12 13 14 15 16 17 18 19 20 21 22 23 24 25 26 27 28 29,300000,0,0.0,0.0,0.0,0
71,Ultra-DSP,W4A2,4,2,30,15,2,activation,0 1 2 3 4 5 6 7 8 9 10 11 12 13 14 15 16 17 18 19 20 21 22 23 24 25 26 27 28 29,300000,0,0.0,0.0,0.0,0
72,Ultra-DSP,W4A2,4,2,30,15,2,activation,0 1 2 3 4 5 6 7 8 9 10 11 12 13 14 15 16 17 18 19 20 21 22 23 24 25 26 27 28 29,300000,0,0.0,0.0,0.0,0
73,Ultra-DSP,W4A2,4,2,30,15,2,activation,0 1 2 3 4 5 6 7 8 9 10 11 12 13 14 15 16 17 18 19 20 21 22 23 24 25 26 27 28 29,300000,0,0.0,0.0,0.0,0
74,Ultra-DSP,W4A2,4,2,30,15,2,activation,0 1 2 3 4 5 6 7 8 9 10 11 12 13 14 15 16 17 18 19 20 21 22 23 24 25 26 27 28 29,300000,0,0.0,0.0,0.0,0
75,Ultra-DSP,W4A2,4,2,30,15,2,activation,0 1 2 3 4 5 6 7 8 9 10 11 12 13 14 15 16 17 18 19 20 21 22 23 24 25 26 27 28 29,300000,0,0.0,0.0,0.0,0
76,Ultra-DSP,W4A2,4,2,30,15,2,activation,0 1 2 3 4 5 6 7 8 9 10 11 12 13 14 15 16 17 18 19 20 21 22 23 24 25 26 27 28 29,300000,0,0.0,0.0,0.0,0
77,Ultra-DSP,W4A2,4,2,30,15,2,activation,0 1 2 3 4 5 6 7 8 9 10 11 12 13 14 15 16 17 18 19 20 21 22 23 24 25 26 27 28 29,300000,0,0.0,0.0,0.0,0
78,Ultra-DSP,W4A2,4,2,30,15,2,activation,0 1 2 3 4 5 6 7 8 9 10 11 12 13 14 15 16 17 18 19 20 21 22 23 24 25 26 27 28 29,300000,0,0.0,0.0,0.0,0
79,Ultra-DSP,W4A2,4,2,30,15,2,activation,0 1 2 3 4 5 6 7 8 9 10 11 12 13 14 15 16 17 18 19 20 21 22 23 24 25 26 27 28 29,300000,0,0.0,0.0,0.0,0
80,Ultra-DSP,W4A2,4,2,30,15,2,activation,0 1 2 3 4 5 6 7 8 9 10 11 12 13 14 15 16 17 18 19 20 21 22 23 24 25 26 27 28 29,300000,0,0.0,0.0,0.0,0
81,Ultra-DSP,W4A2,4,2,30,15,2,activation,0 1 2 3 4 5 6 7 8 9 10 11 12 13 14 15 16 17 18 19 20 21 22 23 24 25 26 27 28 29,300000,0,0.0,0.0,0.0,0
82,Ultra-DSP,W4A2,4,2,30,15,2,activation,0 1 2 3 4 5 6 7 8 9 10 11 12 13 14 15 16 17 18 19 20 21 22 23 24 25 26 27 28 29,300000,0,0.0,0.0,0.0,0
83,Ultra-DSP,W4A2,4,2,30,15,2,activation,0 1 2 3 4 5 6 7 8 9 10 11 12 13 14 15 16 17 18 19 20 21 22 23 24 25 26 27 28 29,300000,0,0.0,0.0,0.0,0
84,Ultra-DSP,W4A2,4,2,30,15,2,activation,0 1 2 3 4 5 6 7 8 9 10 11 12 13 14 15 16 17 18 19 20 21 22 23 24 25 26 27 28 29,300000,0,0.0,0.0,0.0,0
85,Ultra-DSP,W4A2,4,2,30,15,2,activation,0 1 2 3 4 5 6 7 8 9 10 11 12 13 14 15 16 17 18 19 20 21 22 23 24 25 26 27 28 29,300000,0,0.0,0.0,0.0,0
86,Ultra-DSP,W4A2,4,2,30,15,2,activation,0 1 2 3 4 5 6 7 8 9 10 11 12 13 14 15 16 17 18 19 20 21 22 23 24 25 26 27 28 29,300000,0,0.0,0.0,0.0,0
87,Ultra-DSP,W4A2,4,2,30,15,2,activation,0 1 2 3 4 5 6 7 8 9 10 11 12 13 14 15 16 17 18 19 20 21 22 23 24 25 26 27 28 29,300000,0,0.0,0.0,0.0,0
88,Ultra-DSP,W4A2,4,2,30,15,2,activation,0 1 2 3 4 5 6 7 8 9 10 11 12 13 14 15 16 17 18 19 20 21 22 23 24 25 26 27 28 29,300000,0,0.0,0.0,0.0,0
89,Ultra-DSP,W4A2,4,2,30,15,2,activation,0 1 2 3 4 5 6 7 8 9 10 11 12 13 14 15 16 17 18 19 20 21 22 23 24 25 26 27 28 29,300000,0,0.0,0.0,0.0,0
90,Ultra-DSP,W4A2,4,2,30,15,2,activation,0 1 2 3 4 5 6 7 8 9 10 11 12 13 14 15 16 17 18 19 20 21 22 23 24 25 26 27 28 29,300000,0,0.0,0.0,0.0,0
91,Ultra-DSP,W4A2,4,2,30,15,2,activation,0 1 2 3 4 5 6 7 8 9 10 11 12 13 14 15 16 17 18 19 20 21 22 23 24 25 26 27 28 29,300000,0,0.0,0.0,0.0,0
92,Ultra-DSP,W4A2,4,2,30,15,2,activation,0 1 2 3 4 5 6 7 8 9 10 11 12 13 14 15 16 17 18 19 20 21 22 23 24 25 26 27 28 29,300000,0,0.0,0.0,0.0,0
93,Ultra-DSP,W4A2,4,2,30,15,2,activation,0 1 2 3 4 5 6 7 8 9 10 11 12 13 14 15 16 17 18 19 20 21 22 23 24 25 26 27 28 29,300000,0,0.0,0.0,0.0,0
94,Ultra-DSP,W4A2,4,2,30,15,2,activation,0 1 2 3 4 5 6 7 8 9 10 11 12 13 14 15 16 17 18 19 20 21 22 23 24 25 26 27 28 29,300000,0,0.0,0.0,0.0,0
95,Ultra-DSP,W4A2,4,2,30,15,2,activation,0 1 2 3 4 5 6 7 8 9 10 11 12 13 14 15 16 17 18 19 20 21 22 23 24 25 26 27 28 29,300000,0,0.0,0.0,0.0,0
96,Ultra-DSP,W4A2,4,2,30,15,2,activation,0 1 2 3 4 5 6 7 8 9 10 11 12 13 14 15 16 17 18 19 20 21 22 23 24 25 26 27 28 29,300000,0,0.0,0.0,0.0,0
97,Ultra-DSP,W4A2,4,2,30,15,2,activation,0 1 2 3 4 5 6 7 8 9 10 11 12 13 14 15 16 17 18 19 20 21 22 23 24 25 26 27 28 29,300000,0,0.0,0.0,0.0,0
98,Ultra-DSP,W4A2,4,2,30,15,2,activation,0 1 2 3 4 5 6 7 8 9 10 11 12 13 14 15 16 17 18 19 20 21 22 23 24 25 26 27 28 29,300000,0,0.0,0.0,0.0,0
99,Ultra-DSP,W4A2,4,2,30,15,2,activation,0 1 2 3 4 5 6 7 8 9 10 11 12 13 14 15 16 17 18 19 20 21 22 23 24 25 26 27 28 29,300000,0,0.0,0.0,0.0,0
0,Ultra-DSP,W4A3,4,3,14,7,2,activation,0 2 4 6 8 10 13 15 17 19 21 23 25 28,140000,0,0.0,0.0,0.0,0
1,Ultra-DSP,W4A3,4,3,14,7,2,activation,0 2 4 6 8 10 13 15 17 19 21 23 25 28,140000,0,0.0,0.0,0.0,0
2,Ultra-DSP,W4A3,4,3,14,7,2,activation,0 2 4 6 8 10 13 15 17 19 21 23 25 28,140000,0,0.0,0.0,0.0,0
3,Ultra-DSP,W4A3,4,3,14,7,2,activation,0 2 4 6 8 10 13 15 17 19 21 23 25 28,140000,0,0.0,0.0,0.0,0
4,Ultra-DSP,W4A3,4,3,14,7,2,activation,0 2 4 6 8 10 13 15 17 19 21 23 25 28,140000,0,0.0,0.0,0.0,0
5,Ultra-DSP,W4A3,4,3,14,7,2,activation,0 2 4 6 8 10 13 15 17 19 21 23 25 28,140000,0,0.0,0.0,0.0,0
6,Ultra-DSP,W4A3,4,3,14,7,2,activation,0 2 4 6 8 10 13 15 17 19 21 23 25 28,140000,0,0.0,0.0,0.0,0
7,Ultra-DSP,W4A3,4,3,14,7,2,activation,0 2 4 6 8 10 13 15 17 19 21 23 25 28,140000,0,0.0,0.0,0.0,0
8,Ultra-DSP,W4A3,4,3,14,7,2,activation,0 2 4 6 8 10 13 15 17 19 21 23 25 28,140000,0,0.0,0.0,0.0,0
9,Ultra-DSP,W4A3,4,3,14,7,2,activation,0 2 4 6 8 10 13 15 17 19 21 23 25 28,140000,0,0.0,0.0,0.0,0
10,Ultra-DSP,W4A3,4,3,14,7,2,activation,0 2 4 6 8 10 13 15 17 19 21 23 25 28,140000,0,0.0,0.0,0.0,0
11,Ultra-DSP,W4A3,4,3,14,7,2,activation,0 2 4 6 8 10 13 15 17 19 21 23 25 28,140000,0,0.0,0.0,0.0,0
12,Ultra-DSP,W4A3,4,3,14,7,2,activation,0 2 4 6 8 10 13 15 17 19 21 23 25 28,140000,0,0.0,0.0,0.0,0
13,Ultra-DSP,W4A3,4,3,14,7,2,activation,0 2 4 6 8 10 13 15 17 19 21 23 25 28,140000,0,0.0,0.0,0.0,0
14,Ultra-DSP,W4A3,4,3,14,7,2,activation,0 2 4 6 8 10 13 15 17 19 21 23 25 28,140000,0,0.0,0.0,0.0,0
15,Ultra-DSP,W4A3,4,3,14,7,2,activation,0 2 4 6 8 10 13 15 17 19 21 23 25 28,140000,0,0.0,0.0,0.0,0
16,Ultra-DSP,W4A3,4,3,14,7,2,activation,0 2 4 6 8 10 13 15 17 19 21 23 25 28,140000,0,0.0,0.0,0.0,0
17,Ultra-DSP,W4A3,4,3,14,7,2,activation,0 2 4 6 8 10 13 15 17 19 21 23 25 28,140000,0,0.0,0.0,0.0,0
18,Ultra-DSP,W4A3,4,3,14,7,2,activation,0 2 4 6 8 10 13 15 17 19 21 23 25 28,140000,0,0.0,0.0,0.0,0
19,Ultra-DSP,W4A3,4,3,14,7,2,activation,0 2 4 6 8 10 13 15 17 19 21 23 25 28,140000,0,0.0,0.0,0.0,0
20,Ultra-DSP,W4A3,4,3,14,7,2,activation,0 2 4 6 8 10 13 15 17 19 21 23 25 28,140000,0,0.0,0.0,0.0,0
21,Ultra-DSP,W4A3,4,3,14,7,2,activation,0 2 4 6 8 10 13 15 17 19 21 23 25 28,140000,0,0.0,0.0,0.0,0
22,Ultra-DSP,W4A3,4,3,14,7,2,activation,0 2 4 6 8 10 13 15 17 19 21 23 25 28,140000,0,0.0,0.0,0.0,0
23,Ultra-DSP,W4A3,4,3,14,7,2,activation,0 2 4 6 8 10 13 15 17 19 21 23 25 28,140000,0,0.0,0.0,0.0,0
24,Ultra-DSP,W4A3,4,3,14,7,2,activation,0 2 4 6 8 10 13 15 17 19 21 23 25 28,140000,0,0.0,0.0,0.0,0
25,Ultra-DSP,W4A3,4,3,14,7,2,activation,0 2 4 6 8 10 13 15 17 19 21 23 25 28,140000,0,0.0,0.0,0.0,0
26,Ultra-DSP,W4A3,4,3,14,7,2,activation,0 2 4 6 8 10 13 15 17 19 21 23 25 28,140000,0,0.0,0.0,0.0,0
27,Ultra-DSP,W4A3,4,3,14,7,2,activation,0 2 4 6 8 10 13 15 17 19 21 23 25 28,140000,0,0.0,0.0,0.0,0
28,Ultra-DSP,W4A3,4,3,14,7,2,activation,0 2 4 6 8 10 13 15 17 19 21 23 25 28,140000,0,0.0,0.0,0.0,0
29,Ultra-DSP,W4A3,4,3,14,7,2,activation,0 2 4 6 8 10 13 15 17 19 21 23 25 28,140000,0,0.0,0.0,0.0,0
30,Ultra-DSP,W4A3,4,3,14,7,2,activation,0 2 4 6 8 10 13 15 17 19 21 23 25 28,140000,0,0.0,0.0,0.0,0
31,Ultra-DSP,W4A3,4,3,14,7,2,activation,0 2 4 6 8 10 13 15 17 19 21 23 25 28,140000,0,0.0,0.0,0.0,0
32,Ultra-DSP,W4A3,4,3,14,7,2,activation,0 2 4 6 8 10 13 15 17 19 21 23 25 28,140000,0,0.0,0.0,0.0,0
33,Ultra-DSP,W4A3,4,3,14,7,2,activation,0 2 4 6 8 10 13 15 17 19 21 23 25 28,140000,0,0.0,0.0,0.0,0
34,Ultra-DSP,W4A3,4,3,14,7,2,activation,0 2 4 6 8 10 13 15 17 19 21 23 25 28,140000,0,0.0,0.0,0.0,0
35,Ultra-DSP,W4A3,4,3,14,7,2,activation,0 2 4 6 8 10 13 15 17 19 21 23 25 28,140000,0,0.0,0.0,0.0,0
36,Ultra-DSP,W4A3,4,3,14,7,2,activation,0 2 4 6 8 10 13 15 17 19 21 23 25 28,140000,0,0.0,0.0,0.0,0
37,Ultra-DSP,W4A3,4,3,14,7,2,activation,0 2 4 6 8 10 13 15 17 19 21 23 25 28,140000,0,0.0,0.0,0.0,0
38,Ultra-DSP,W4A3,4,3,14,7,2,activation,0 2 4 6 8 10 13 15 17 19 21 23 25 28,140000,0,0.0,0.0,0.0,0
39,Ultra-DSP,W4A3,4,3,14,7,2,activation,0 2 4 6 8 10 13 15 17 19 21 23 25 28,140000,0,0.0,0.0,0.0,0
40,Ultra-DSP,W4A3,4,3,14,7,2,activation,0 2 4 6 8 10 13 15 17 19 21 23 25 28,140000,0,0.0,0.0,0.0,0
41,Ultra-DSP,W4A3,4,3,14,7,2,activation,0 2 4 6 8 10 13 15 17 19 21 23 25 28,140000,0,0.0,0.0,0.0,0
42,Ultra-DSP,W4A3,4,3,14,7,2,activation,0 2 4 6 8 10 13 15 17 19 21 23 25 28,140000,0,0.0,0.0,0.0,0
43,Ultra-DSP,W4A3,4,3,14,7,2,activation,0 2 4 6 8 10 13 15 17 19 21 23 25 28,140000,0,0.0,0.0,0.0,0
44,Ultra-DSP,W4A3,4,3,14,7,2,activation,0 2 4 6 8 10 13 15 17 19 21 23 25 28,140000,0,0.0,0.0,0.0,0
45,Ultra-DSP,W4A3,4,3,14,7,2,activation,0 2 4 6 8 10 13 15 17 19 21 23 25 28,140000,0,0.0,0.0,0.0,0
46,Ultra-DSP,W4A3,4,3,14,7,2,activation,0 2 4 6 8 10 13 15 17 19 21 23 25 28,140000,0,0.0,0.0,0.0,0
47,Ultra-DSP,W4A3,4,3,14,7,2,activation,0 2 4 6 8 10 13 15 17 19 21 23 25 28,140000,0,0.0,0.0,0.0,0
48,Ultra-DSP,W4A3,4,3,14,7,2,activation,0 2 4 6 8 10 13 15 17 19 21 23 25 28,140000,0,0.0,0.0,0.0,0
49,Ultra-DSP,W4A3,4,3,14,7,2,activation,0 2 4 6 8 10 13 15 17 19 21 23 25 28,140000,0,0.0,0.0,0.0,0
50,Ultra-DSP,W4A3,4,3,14,7,2,activation,0 2 4 6 8 10 13 15 17 19 21 23 25 28,140000,0,0.0,0.0,0.0,0
51,Ultra-DSP,W4A3,4,3,14,7,2,activation,0 2 4 6 8 10 13 15 17 19 21 23 25 28,140000,0,0.0,0.0,0.0,0
52,Ultra-DSP,W4A3,4,3,14,7,2,activation,0 2 4 6 8 10 13 15 17 19 21 23 25 28,140000,0,0.0,0.0,0.0,0
53,Ultra-DSP,W4A3,4,3,14,7,2,activation,0 2 4 6 8 10 13 15 17 19 21 23 25 28,140000,0,0.0,0.0,0.0,0
54,Ultra-DSP,W4A3,4,3,14,7,2,activation,0 2 4 6 8 10 13 15 17 19 21 23 25 28,140000,0,0.0,0.0,0.0,0
55,Ultra-DSP,W4A3,4,3,14,7,2,activation,0 2 4 6 8 10 13 15 17 19 21 23 25 28,140000,0,0.0,0.0,0.0,0
56,Ultra-DSP,W4A3,4,3,14,7,2,activation,0 2 4 6 8 10 13 15 17 19 21 23 25 28,140000,0,0.0,0.0,0.0,0
57,Ultra-DSP,W4A3,4,3,14,7,2,activation,0 2 4 6 8 10 13 15 17 19 21 23 25 28,140000,0,0.0,0.0,0.0,0
58,Ultra-DSP,W4A3,4,3,14,7,2,activation,0 2 4 6 8 10 13 15 17 19 21 23 25 28,140000,0,0.0,0.0,0.0,0
59,Ultra-DSP,W4A3,4,3,14,7,2,activation,0 2 4 6 8 10 13 15 17 19 21 23 25 28,140000,0,0.0,0.0,0.0,0
60,Ultra-DSP,W4A3,4,3,14,7,2,activation,0 2 4 6 8 10 13 15 17 19 21 23 25 28,140000,0,0.0,0.0,0.0,0
61,Ultra-DSP,W4A3,4,3,14,7,2,activation,0 2 4 6 8 10 13 15 17 19 21 23 25 28,140000,0,0.0,0.0,0.0,0
62,Ultra-DSP,W4A3,4,3,14,7,2,activation,0 2 4 6 8 10 13 15 17 19 21 23 25 28,140000,0,0.0,0.0,0.0,0
63,Ultra-DSP,W4A3,4,3,14,7,2,activation,0 2 4 6 8 10 13 15 17 19 21 23 25 28,140000,0,0.0,0.0,0.0,0
64,Ultra-DSP,W4A3,4,3,14,7,2,activation,0 2 4 6 8 10 13 15 17 19 21 23 25 28,140000,0,0.0,0.0,0.0,0
65,Ultra-DSP,W4A3,4,3,14,7,2,activation,0 2 4 6 8 10 13 15 17 19 21 23 25 28,140000,0,0.0,0.0,0.0,0
66,Ultra-DSP,W4A3,4,3,14,7,2,activation,0 2 4 6 8 10 13 15 17 19 21 23 25 28,140000,0,0.0,0.0,0.0,0
67,Ultra-DSP,W4A3,4,3,14,7,2,activation,0 2 4 6 8 10 13 15 17 19 21 23 25 28,140000,0,0.0,0.0,0.0,0
68,Ultra-DSP,W4A3,4,3,14,7,2,activation,0 2 4 6 8 10 13 15 17 19 21 23 25 28,140000,0,0.0,0.0,0.0,0
69,Ultra-DSP,W4A3,4,3,14,7,2,activation,0 2 4 6 8 10 13 15 17 19 21 23 25 28,140000,0,0.0,0.0,0.0,0
70,Ultra-DSP,W4A3,4,3,14,7,2,activation,0 2 4 6 8 10 13 15 17 19 21 23 25 28,140000,0,0.0,0.0,0.0,0
71,Ultra-DSP,W4A3,4,3,14,7,2,activation,0 2 4 6 8 10 13 15 17 19 21 23 25 28,140000,0,0.0,0.0,0.0,0
72,Ultra-DSP,W4A3,4,3,14,7,2,activation,0 2 4 6 8 10 13 15 17 19 21 23 25 28,140000,0,0.0,0.0,0.0,0
73,Ultra-DSP,W4A3,4,3,14,7,2,activation,0 2 4 6 8 10 13 15 17 19 21 23 25 28,140000,0,0.0,0.0,0.0,0
74,Ultra-DSP,W4A3,4,3,14,7,2,activation,0 2 4 6 8 10 13 15 17 19 21 23 25 28,140000,0,0.0,0.0,0.0,0
75,Ultra-DSP,W4A3,4,3,14,7,2,activation,0 2 4 6 8 10 13 15 17 19 21 23 25 28,140000,0,0.0,0.0,0.0,0
76,Ultra-DSP,W4A3,4,3,14,7,2,activation,0 2 4 6 8 10 13 15 17 19 21 23 25 28,140000,0,0.0,0.0,0.0,0
77,Ultra-DSP,W4A3,4,3,14,7,2,activation,0 2 4 6 8 10 13 15 17 19 21 23 25 28,140000,0,0.0,0.0,0.0,0
78,Ultra-DSP,W4A3,4,3,14,7,2,activation,0 2 4 6 8 10 13 15 17 19 21 23 25 28,140000,0,0.0,0.0,0.0,0
79,Ultra-DSP,W4A3,4,3,14,7,2,activation,0 2 4 6 8 10 13 15 17 19 21 23 25 28,140000,0,0.0,0.0,0.0,0
80,Ultra-DSP,W4A3,4,3,14,7,2,activation,0 2 4 6 8 10 13 15 17 19 21 23 25 28,140000,0,0.0,0.0,0.0,0
81,Ultra-DSP,W4A3,4,3,14,7,2,activation,0 2 4 6 8 10 13 15 17 19 21 23 25 28,140000,0,0.0,0.0,0.0,0
82,Ultra-DSP,W4A3,4,3,14,7,2,activation,0 2 4 6 8 10 13 15 17 19 21 23 25 28,140000,0,0.0,0.0,0.0,0
83,Ultra-DSP,W4A3,4,3,14,7,2,activation,0 2 4 6 8 10 13 15 17 19 21 23 25 28,140000,0,0.0,0.0,0.0,0
84,Ultra-DSP,W4A3,4,3,14,7,2,activation,0 2 4 6 8 10 13 15 17 19 21 23 25 28,140000,0,0.0,0.0,0.0,0
85,Ultra-DSP,W4A3,4,3,14,7,2,activation,0 2 4 6 8 10 13 15 17 19 21 23 25 28,140000,0,0.0,0.0,0.0,0
86,Ultra-DSP,W4A3,4,3,14,7,2,activation,0 2 4 6 8 10 13 15 17 19 21 23 25 28,140000,0,0.0,0.0,0.0,0
87,Ultra-DSP,W4A3,4,3,14,7,2,activation,0 2 4 6 8 10 13 15 17 19 21 23 25 28,140000,0,0.0,0.0,0.0,0
88,Ultra-DSP,W4A3,4,3,14,7,2,activation,0 2 4 6 8 10 13 15 17 19 21 23 25 28,140000,0,0.0,0.0,0.0,0
89,Ultra-DSP,W4A3,4,3,14,7,2,activation,0 2 4 6 8 10 13 15 17 19 21 23 25 28,140000,0,0.0,0.0,0.0,0
90,Ultra-DSP,W4A3,4,3,14,7,2,activation,0 2 4 6 8 10 13 15 17 19 21 23 25 28,140000,0,0.0,0.0,0.0,0
91,Ultra-DSP,W4A3,4,3,14,7,2,activation,0 2 4 6 8 10 13 15 17 19 21 23 25 28,140000,0,0.0,0.0,0.0,0
92,Ultra-DSP,W4A3,4,3,14,7,2,activation,0 2 4 6 8 10 13 15 17 19 21 23 25 28,140000,0,0.0,0.0,0.0,0
93,Ultra-DSP,W4A3,4,3,14,7,2,activation,0 2 4 6 8 10 13 15 17 19 21 23 25 28,140000,0,0.0,0.0,0.0,0
94,Ultra-DSP,W4A3,4,3,14,7,2,activation,0 2 4 6 8 10 13 15 17 19 21 23 25 28,140000,0,0.0,0.0,0.0,0
95,Ultra-DSP,W4A3,4,3,14,7,2,activation,0 2 4 6 8 10 13 15 17 19 21 23 25 28,140000,0,0.0,0.0,0.0,0
96,Ultra-DSP,W4A3,4,3,14,7,2,activation,0 2 4 6 8 10 13 15 17 19 21 23 25 28,140000,0,0.0,0.0,0.0,0
97,Ultra-DSP,W4A3,4,3,14,7,2,activation,0 2 4 6 8 10 13 15 17 19 21 23 25 28,140000,0,0.0,0.0,0.0,0
98,Ultra-DSP,W4A3,4,3,14,7,2,activation,0 2 4 6 8 10 13 15 17 19 21 23 25 28,140000,0,0.0,0.0,0.0,0
99,Ultra-DSP,W4A3,4,3,14,7,2,activation,0 2 4 6 8 10 13 15 17 19 21 23 25 28,140000,0,0.0,0.0,0.0,0
0,Ultra-DSP,W4A4,4,4,10,5,2,weight,0 3 6 9 12 15 18 21 24 27,100000,0,0.0,0.0,0.0,0
1,Ultra-DSP,W4A4,4,4,10,5,2,weight,0 3 6 9 12 15 18 21 24 27,100000,0,0.0,0.0,0.0,0
2,Ultra-DSP,W4A4,4,4,10,5,2,weight,0 3 6 9 12 15 18 21 24 27,100000,0,0.0,0.0,0.0,0
3,Ultra-DSP,W4A4,4,4,10,5,2,weight,0 3 6 9 12 15 18 21 24 27,100000,0,0.0,0.0,0.0,0
4,Ultra-DSP,W4A4,4,4,10,5,2,weight,0 3 6 9 12 15 18 21 24 27,100000,0,0.0,0.0,0.0,0
5,Ultra-DSP,W4A4,4,4,10,5,2,weight,0 3 6 9 12 15 18 21 24 27,100000,0,0.0,0.0,0.0,0
6,Ultra-DSP,W4A4,4,4,10,5,2,weight,0 3 6 9 12 15 18 21 24 27,100000,0,0.0,0.0,0.0,0
7,Ultra-DSP,W4A4,4,4,10,5,2,weight,0 3 6 9 12 15 18 21 24 27,100000,0,0.0,0.0,0.0,0
8,Ultra-DSP,W4A4,4,4,10,5,2,weight,0 3 6 9 12 15 18 21 24 27,100000,0,0.0,0.0,0.0,0
9,Ultra-DSP,W4A4,4,4,10,5,2,weight,0 3 6 9 12 15 18 21 24 27,100000,0,0.0,0.0,0.0,0
10,Ultra-DSP,W4A4,4,4,10,5,2,weight,0 3 6 9 12 15 18 21 24 27,100000,0,0.0,0.0,0.0,0
11,Ultra-DSP,W4A4,4,4,10,5,2,weight,0 3 6 9 12 15 18 21 24 27,100000,0,0.0,0.0,0.0,0
12,Ultra-DSP,W4A4,4,4,10,5,2,weight,0 3 6 9 12 15 18 21 24 27,100000,0,0.0,0.0,0.0,0
13,Ultra-DSP,W4A4,4,4,10,5,2,weight,0 3 6 9 12 15 18 21 24 27,100000,0,0.0,0.0,0.0,0
14,Ultra-DSP,W4A4,4,4,10,5,2,weight,0 3 6 9 12 15 18 21 24 27,100000,0,0.0,0.0,0.0,0
15,Ultra-DSP,W4A4,4,4,10,5,2,weight,0 3 6 9 12 15 18 21 24 27,100000,0,0.0,0.0,0.0,0
16,Ultra-DSP,W4A4,4,4,10,5,2,weight,0 3 6 9 12 15 18 21 24 27,100000,0,0.0,0.0,0.0,0
17,Ultra-DSP,W4A4,4,4,10,5,2,weight,0 3 6 9 12 15 18 21 24 27,100000,0,0.0,0.0,0.0,0
18,Ultra-DSP,W4A4,4,4,10,5,2,weight,0 3 6 9 12 15 18 21 24 27,100000,0,0.0,0.0,0.0,0
19,Ultra-DSP,W4A4,4,4,10,5,2,weight,0 3 6 9 12 15 18 21 24 27,100000,0,0.0,0.0,0.0,0
20,Ultra-DSP,W4A4,4,4,10,5,2,weight,0 3 6 9 12 15 18 21 24 27,100000,0,0.0,0.0,0.0,0
21,Ultra-DSP,W4A4,4,4,10,5,2,weight,0 3 6 9 12 15 18 21 24 27,100000,0,0.0,0.0,0.0,0
22,Ultra-DSP,W4A4,4,4,10,5,2,weight,0 3 6 9 12 15 18 21 24 27,100000,0,0.0,0.0,0.0,0
23,Ultra-DSP,W4A4,4,4,10,5,2,weight,0 3 6 9 12 15 18 21 24 27,100000,0,0.0,0.0,0.0,0
24,Ultra-DSP,W4A4,4,4,10,5,2,weight,0 3 6 9 12 15 18 21 24 27,100000,0,0.0,0.0,0.0,0
25,Ultra-DSP,W4A4,4,4,10,5,2,weight,0 3 6 9 12 15 18 21 24 27,100000,0,0.0,0.0,0.0,0
26,Ultra-DSP,W4A4,4,4,10,5,2,weight,0 3 6 9 12 15 18 21 24 27,100000,0,0.0,0.0,0.0,0
27,Ultra-DSP,W4A4,4,4,10,5,2,weight,0 3 6 9 12 15 18 21 24 27,100000,0,0.0,0.0,0.0,0
28,Ultra-DSP,W4A4,4,4,10,5,2,weight,0 3 6 9 12 15 18 21 24 27,100000,0,0.0,0.0,0.0,0
29,Ultra-DSP,W4A4,4,4,10,5,2,weight,0 3 6 9 12 15 18 21 24 27,100000,0,0.0,0.0,0.0,0
30,Ultra-DSP,W4A4,4,4,10,5,2,weight,0 3 6 9 12 15 18 21 24 27,100000,0,0.0,0.0,0.0,0
31,Ultra-DSP,W4A4,4,4,10,5,2,weight,0 3 6 9 12 15 18 21 24 27,100000,0,0.0,0.0,0.0,0
32,Ultra-DSP,W4A4,4,4,10,5,2,weight,0 3 6 9 12 15 18 21 24 27,100000,0,0.0,0.0,0.0,0
33,Ultra-DSP,W4A4,4,4,10,5,2,weight,0 3 6 9 12 15 18 21 24 27,100000,0,0.0,0.0,0.0,0
34,Ultra-DSP,W4A4,4,4,10,5,2,weight,0 3 6 9 12 15 18 21 24 27,100000,0,0.0,0.0,0.0,0
35,Ultra-DSP,W4A4,4,4,10,5,2,weight,0 3 6 9 12 15 18 21 24 27,100000,0,0.0,0.0,0.0,0
36,Ultra-DSP,W4A4,4,4,10,5,2,weight,0 3 6 9 12 15 18 21 24 27,100000,0,0.0,0.0,0.0,0
37,Ultra-DSP,W4A4,4,4,10,5,2,weight,0 3 6 9 12 15 18 21 24 27,100000,0,0.0,0.0,0.0,0
38,Ultra-DSP,W4A4,4,4,10,5,2,weight,0 3 6 9 12 15 18 21 24 27,100000,0,0.0,0.0,0.0,0
39,Ultra-DSP,W4A4,4,4,10,5,2,weight,0 3 6 9 12 15 18 21 24 27,100000,0,0.0,0.0,0.0,0
40,Ultra-DSP,W4A4,4,4,10,5,2,weight,0 3 6 9 12 15 18 21 24 27,100000,0,0.0,0.0,0.0,0
41,Ultra-DSP,W4A4,4,4,10,5,2,weight,0 3 6 9 12 15 18 21 24 27,100000,0,0.0,0.0,0.0,0
42,Ultra-DSP,W4A4,4,4,10,5,2,weight,0 3 6 9 12 15 18 21 24 27,100000,0,0.0,0.0,0.0,0
43,Ultra-DSP,W4A4,4,4,10,5,2,weight,0 3 6 9 12 15 18 21 24 27,100000,0,0.0,0.0,0.0,0
44,Ultra-DSP,W4A4,4,4,10,5,2,weight,0 3 6 9 12 15 18 21 24 27,100000,0,0.0,0.0,0.0,0
45,Ultra-DSP,W4A4,4,4,10,5,2,weight,0 3 6 9 12 15 18 21 24 27,100000,0,0.0,0.0,0.0,0
46,Ultra-DSP,W4A4,4,4,10,5,2,weight,0 3 6 9 12 15 18 21 24 27,100000,0,0.0,0.0,0.0,0
47,Ultra-DSP,W4A4,4,4,10,5,2,weight,0 3 6 9 12 15 18 21 24 27,100000,0,0.0,0.0,0.0,0
48,Ultra-DSP,W4A4,4,4,10,5,2,weight,0 3 6 9 12 15 18 21 24 27,100000,0,0.0,0.0,0.0,0
49,Ultra-DSP,W4A4,4,4,10,5,2,weight,0 3 6 9 12 15 18 21 24 27,100000,0,0.0,0.0,0.0,0
50,Ultra-DSP,W4A4,4,4,10,5,2,weight,0 3 6 9 12 15 18 21 24 27,100000,0,0.0,0.0,0.0,0
51,Ultra-DSP,W4A4,4,4,10,5,2,weight,0 3 6 9 12 15 18 21 24 27,100000,0,0.0,0.0,0.0,0
52,Ultra-DSP,W4A4,4,4,10,5,2,weight,0 3 6 9 12 15 18 21 24 27,100000,0,0.0,0.0,0.0,0
53,Ultra-DSP,W4A4,4,4,10,5,2,weight,0 3 6 9 12 15 18 21 24 27,100000,0,0.0,0.0,0.0,0
54,Ultra-DSP,W4A4,4,4,10,5,2,weight,0 3 6 9 12 15 18 21 24 27,100000,0,0.0,0.0,0.0,0
55,Ultra-DSP,W4A4,4,4,10,5,2,weight,0 3 6 9 12 15 18 21 24 27,100000,0,0.0,0.0,0.0,0
56,Ultra-DSP,W4A4,4,4,10,5,2,weight,0 3 6 9 12 15 18 21 24 27,100000,0,0.0,0.0,0.0,0
57,Ultra-DSP,W4A4,4,4,10,5,2,weight,0 3 6 9 12 15 18 21 24 27,100000,0,0.0,0.0,0.0,0
58,Ultra-DSP,W4A4,4,4,10,5,2,weight,0 3 6 9 12 15 18 21 24 27,100000,0,0.0,0.0,0.0,0
59,Ultra-DSP,W4A4,4,4,10,5,2,weight,0 3 6 9 12 15 18 21 24 27,100000,0,0.0,0.0,0.0,0
60,Ultra-DSP,W4A4,4,4,10,5,2,weight,0 3 6 9 12 15 18 21 24 27,100000,0,0.0,0.0,0.0,0
61,Ultra-DSP,W4A4,4,4,10,5,2,weight,0 3 6 9 12 15 18 21 24 27,100000,0,0.0,0.0,0.0,0
62,Ultra-DSP,W4A4,4,4,10,5,2,weight,0 3 6 9 12 15 18 21 24 27,100000,0,0.0,0.0,0.0,0
63,Ultra-DSP,W4A4,4,4,10,5,2,weight,0 3 6 9 12 15 18 21 24 27,100000,0,0.0,0.0,0.0,0
64,Ultra-DSP,W4A4,4,4,10,5,2,weight,0 3 6 9 12 15 18 21 24 27,100000,0,0.0,0.0,0.0,0
65,Ultra-DSP,W4A4,4,4,10,5,2,weight,0 3 6 9 12 15 18 21 24 27,100000,0,0.0,0.0,0.0,0
66,Ultra-DSP,W4A4,4,4,10,5,2,weight,0 3 6 9 12 15 18 21 24 27,100000,0,0.0,0.0,0.0,0
67,Ultra-DSP,W4A4,4,4,10,5,2,weight,0 3 6 9 12 15 18 21 24 27,100000,0,0.0,0.0,0.0,0
68,Ultra-DSP,W4A4,4,4,10,5,2,weight,0 3 6 9 12 15 18 21 24 27,100000,0,0.0,0.0,0.0,0
69,Ultra-DSP,W4A4,4,4,10,5,2,weight,0 3 6 9 12 15 18 21 24 27,100000,0,0.0,0.0,0.0,0
70,Ultra-DSP,W4A4,4,4,10,5,2,weight,0 3 6 9 12 15 18 21 24 27,100000,0,0.0,0.0,0.0,0
71,Ultra-DSP,W4A4,4,4,10,5,2,weight,0 3 6 9 12 15 18 21 24 27,100000,0,0.0,0.0,0.0,0
72,Ultra-DSP,W4A4,4,4,10,5,2,weight,0 3 6 9 12 15 18 21 24 27,100000,0,0.0,0.0,0.0,0
73,Ultra-DSP,W4A4,4,4,10,5,2,weight,0 3 6 9 12 15 18 21 24 27,100000,0,0.0,0.0,0.0,0
74,Ultra-DSP,W4A4,4,4,10,5,2,weight,0 3 6 9 12 15 18 21 24 27,100000,0,0.0,0.0,0.0,0
75,Ultra-DSP,W4A4,4,4,10,5,2,weight,0 3 6 9 12 15 18 21 24 27,100000,0,0.0,0.0,0.0,0
76,Ultra-DSP,W4A4,4,4,10,5,2,weight,0 3 6 9 12 15 18 21 24 27,100000,0,0.0,0.0,0.0,0
77,Ultra-DSP,W4A4,4,4,10,5,2,weight,0 3 6 9 12 15 18 21 24 27,100000,0,0.0,0.0,0.0,0
78,Ultra-DSP,W4A4,4,4,10,5,2,weight,0 3 6 9 12 15 18 21 24 27,100000,0,0.0,0.0,0.0,0
79,Ultra-DSP,W4A4,4,4,10,5,2,weight,0 3 6 9 12 15 18 21 24 27,100000,0,0.0,0.0,0.0,0
80,Ultra-DSP,W4A4,4,4,10,5,2,weight,0 3 6 9 12 15 18 21 24 27,100000,0,0.0,0.0,0.0,0
81,Ultra-DSP,W4A4,4,4,10,5,2,weight,0 3 6 9 12 15 18 21 24 27,100000,0,0.0,0.0,0.0,0
82,Ultra-DSP,W4A4,4,4,10,5,2,weight,0 3 6 9 12 15 18 21 24 27,100000,0,0.0,0.0,0.0,0
83,Ultra-DSP,W4A4,4,4,10,5,2,weight,0 3 6 9 12 15 18 21 24 27,100000,0,0.0,0.0,0.0,0
84,Ultra-DSP,W4A4,4,4,10,5,2,weight,0 3 6 9 12 15 18 21 24 27,100000,0,0.0,0.0,0.0,0
85,Ultra-DSP,W4A4,4,4,10,5,2,weight,0 3 6 9 12 15 18 21 24 27,100000,0,0.0,0.0,0.0,0
86,Ultra-DSP,W4A4,4,4,10,5,2,weight,0 3 6 9 12 15 18 21 24 27,100000,0,0.0,0.0,0.0,0
87,Ultra-DSP,W4A4,4,4,10,5,2,weight,0 3 6 9 12 15 18 21 24 27,100000,0,0.0,0.0,0.0,0
88,Ultra-DSP,W4A4,4,4,10,5,2,weight,0 3 6 9 12 15 18 21 24 27,100000,0,0.0,0.0,0.0,0
89,Ultra-DSP,W4A4,4,4,10,5,2,weight,0 3 6 9 12 15 18 21 24 27,100000,0,0.0,0.0,0.0,0
90,Ultra-DSP,W4A4,4,4,10,5,2,weight,0 3 6 9 12 15 18 21 24 27,100000,0,0.0,0.0,0.0,0
91,Ultra-DSP,W4A4,4,4,10,5,2,weight,0 3 6 9 12 15 18 21 24 27,100000,0,0.0,0.0,0.0,0
92,Ultra-DSP,W4A4,4,4,10,5,2,weight,0 3 6 9 12 15 18 21 24 27,100000,0,0.0,0.0,0.0,0
93,Ultra-DSP,W4A4,4,4,10,5,2,weight,0 3 6 9 12 15 18 21 24 27,100000,0,0.0,0.0,0.0,0
94,Ultra-DSP,W4A4,4,4,10,5,2,weight,0 3 6 9 12 15 18 21 24 27,100000,0,0.0,0.0,0.0,0
95,Ultra-DSP,W4A4,4,4,10,5,2,weight,0 3 6 9 12 15 18 21 24 27,100000,0,0.0,0.0,0.0,0
96,Ultra-DSP,W4A4,4,4,10,5,2,weight,0 3 6 9 12 15 18 21 24 27,100000,0,0.0,0.0,0.0,0
97,Ultra-DSP,W4A4,4,4,10,5,2,weight,0 3 6 9 12 15 18 21 24 27,100000,0,0.0,0.0,0.0,0
98,Ultra-DSP,W4A4,4,4,10,5,2,weight,0 3 6 9 12 15 18 21 24 27,100000,0,0.0,0.0,0.0,0
99,Ultra-DSP,W4A4,4,4,10,5,2,weight,0 3 6 9 12 15 18 21 24 27,100000,0,0.0,0.0,0.0,0
0,Ultra-DSP,W4A5,4,5,7,7,1,weight,0 4 8 12 16 20 24,70000,0,0.0,0.0,0.0,0
1,Ultra-DSP,W4A5,4,5,7,7,1,weight,0 4 8 12 16 20 24,70000,0,0.0,0.0,0.0,0
2,Ultra-DSP,W4A5,4,5,7,7,1,weight,0 4 8 12 16 20 24,70000,0,0.0,0.0,0.0,0
3,Ultra-DSP,W4A5,4,5,7,7,1,weight,0 4 8 12 16 20 24,70000,0,0.0,0.0,0.0,0
4,Ultra-DSP,W4A5,4,5,7,7,1,weight,0 4 8 12 16 20 24,70000,0,0.0,0.0,0.0,0
5,Ultra-DSP,W4A5,4,5,7,7,1,weight,0 4 8 12 16 20 24,70000,0,0.0,0.0,0.0,0
6,Ultra-DSP,W4A5,4,5,7,7,1,weight,0 4 8 12 16 20 24,70000,0,0.0,0.0,0.0,0
7,Ultra-DSP,W4A5,4,5,7,7,1,weight,0 4 8 12 16 20 24,70000,0,0.0,0.0,0.0,0
8,Ultra-DSP,W4A5,4,5,7,7,1,weight,0 4 8 12 16 20 24,70000,0,0.0,0.0,0.0,0
9,Ultra-DSP,W4A5,4,5,7,7,1,weight,0 4 8 12 16 20 24,70000,0,0.0,0.0,0.0,0
10,Ultra-DSP,W4A5,4,5,7,7,1,weight,0 4 8 12 16 20 24,70000,0,0.0,0.0,0.0,0
11,Ultra-DSP,W4A5,4,5,7,7,1,weight,0 4 8 12 16 20 24,70000,0,0.0,0.0,0.0,0
12,Ultra-DSP,W4A5,4,5,7,7,1,weight,0 4 8 12 16 20 24,70000,0,0.0,0.0,0.0,0
13,Ultra-DSP,W4A5,4,5,7,7,1,weight,0 4 8 12 16 20 24,70000,0,0.0,0.0,0.0,0
14,Ultra-DSP,W4A5,4,5,7,7,1,weight,0 4 8 12 16 20 24,70000,0,0.0,0.0,0.0,0
15,Ultra-DSP,W4A5,4,5,7,7,1,weight,0 4 8 12 16 20 24,70000,0,0.0,0.0,0.0,0
16,Ultra-DSP,W4A5,4,5,7,7,1,weight,0 4 8 12 16 20 24,70000,0,0.0,0.0,0.0,0
17,Ultra-DSP,W4A5,4,5,7,7,1,weight,0 4 8 12 16 20 24,70000,0,0.0,0.0,0.0,0
18,Ultra-DSP,W4A5,4,5,7,7,1,weight,0 4 8 12 16 20 24,70000,0,0.0,0.0,0.0,0
19,Ultra-DSP,W4A5,4,5,7,7,1,weight,0 4 8 12 16 20 24,70000,0,0.0,0.0,0.0,0
20,Ultra-DSP,W4A5,4,5,7,7,1,weight,0 4 8 12 16 20 24,70000,0,0.0,0.0,0.0,0
21,Ultra-DSP,W4A5,4,5,7,7,1,weight,0 4 8 12 16 20 24,70000,0,0.0,0.0,0.0,0
22,Ultra-DSP,W4A5,4,5,7,7,1,weight,0 4 8 12 16 20 24,70000,0,0.0,0.0,0.0,0
23,Ultra-DSP,W4A5,4,5,7,7,1,weight,0 4 8 12 16 20 24,70000,0,0.0,0.0,0.0,0
24,Ultra-DSP,W4A5,4,5,7,7,1,weight,0 4 8 12 16 20 24,70000,0,0.0,0.0,0.0,0
25,Ultra-DSP,W4A5,4,5,7,7,1,weight,0 4 8 12 16 20 24,70000,0,0.0,0.0,0.0,0
26,Ultra-DSP,W4A5,4,5,7,7,1,weight,0 4 8 12 16 20 24,70000,0,0.0,0.0,0.0,0
27,Ultra-DSP,W4A5,4,5,7,7,1,weight,0 4 8 12 16 20 24,70000,0,0.0,0.0,0.0,0
28,Ultra-DSP,W4A5,4,5,7,7,1,weight,0 4 8 12 16 20 24,70000,0,0.0,0.0,0.0,0
29,Ultra-DSP,W4A5,4,5,7,7,1,weight,0 4 8 12 16 20 24,70000,0,0.0,0.0,0.0,0
30,Ultra-DSP,W4A5,4,5,7,7,1,weight,0 4 8 12 16 20 24,70000,0,0.0,0.0,0.0,0
31,Ultra-DSP,W4A5,4,5,7,7,1,weight,0 4 8 12 16 20 24,70000,0,0.0,0.0,0.0,0
32,Ultra-DSP,W4A5,4,5,7,7,1,weight,0 4 8 12 16 20 24,70000,0,0.0,0.0,0.0,0
33,Ultra-DSP,W4A5,4,5,7,7,1,weight,0 4 8 12 16 20 24,70000,0,0.0,0.0,0.0,0
34,Ultra-DSP,W4A5,4,5,7,7,1,weight,0 4 8 12 16 20 24,70000,0,0.0,0.0,0.0,0
35,Ultra-DSP,W4A5,4,5,7,7,1,weight,0 4 8 12 16 20 24,70000,0,0.0,0.0,0.0,0
36,Ultra-DSP,W4A5,4,5,7,7,1,weight,0 4 8 12 16 20 24,70000,0,0.0,0.0,0.0,0
37,Ultra-DSP,W4A5,4,5,7,7,1,weight,0 4 8 12 16 20 24,70000,0,0.0,0.0,0.0,0
38,Ultra-DSP,W4A5,4,5,7,7,1,weight,0 4 8 12 16 20 24,70000,0,0.0,0.0,0.0,0
39,Ultra-DSP,W4A5,4,5,7,7,1,weight,0 4 8 12 16 20 24,70000,0,0.0,0.0,0.0,0
40,Ultra-DSP,W4A5,4,5,7,7,1,weight,0 4 8 12 16 20 24,70000,0,0.0,0.0,0.0,0
41,Ultra-DSP,W4A5,4,5,7,7,1,weight,0 4 8 12 16 20 24,70000,0,0.0,0.0,0.0,0
42,Ultra-DSP,W4A5,4,5,7,7,1,weight,0 4 8 12 16 20 24,70000,0,0.0,0.0,0.0,0
43,Ultra-DSP,W4A5,4,5,7,7,1,weight,0 4 8 12 16 20 24,70000,0,0.0,0.0,0.0,0
44,Ultra-DSP,W4A5,4,5,7,7,1,weight,0 4 8 12 16 20 24,70000,0,0.0,0.0,0.0,0
45,Ultra-DSP,W4A5,4,5,7,7,1,weight,0 4 8 12 16 20 24,70000,0,0.0,0.0,0.0,0
46,Ultra-DSP,W4A5,4,5,7,7,1,weight,0 4 8 12 16 20 24,70000,0,0.0,0.0,0.0,0
47,Ultra-DSP,W4A5,4,5,7,7,1,weight,0 4 8 12 16 20 24,70000,0,0.0,0.0,0.0,0
48,Ultra-DSP,W4A5,4,5,7,7,1,weight,0 4 8 12 16 20 24,70000,0,0.0,0.0,0.0,0
49,Ultra-DSP,W4A5,4,5,7,7,1,weight,0 4 8 12 16 20 24,70000,0,0.0,0.0,0.0,0
50,Ultra-DSP,W4A5,4,5,7,7,1,weight,0 4 8 12 16 20 24,70000,0,0.0,0.0,0.0,0
51,Ultra-DSP,W4A5,4,5,7,7,1,weight,0 4 8 12 16 20 24,70000,0,0.0,0.0,0.0,0
52,Ultra-DSP,W4A5,4,5,7,7,1,weight,0 4 8 12 16 20 24,70000,0,0.0,0.0,0.0,0
53,Ultra-DSP,W4A5,4,5,7,7,1,weight,0 4 8 12 16 20 24,70000,0,0.0,0.0,0.0,0
54,Ultra-DSP,W4A5,4,5,7,7,1,weight,0 4 8 12 16 20 24,70000,0,0.0,0.0,0.0,0
55,Ultra-DSP,W4A5,4,5,7,7,1,weight,0 4 8 12 16 20 24,70000,0,0.0,0.0,0.0,0
56,Ultra-DSP,W4A5,4,5,7,7,1,weight,0 4 8 12 16 20 24,70000,0,0.0,0.0,0.0,0
57,Ultra-DSP,W4A5,4,5,7,7,1,weight,0 4 8 12 16 20 24,70000,0,0.0,0.0,0.0,0
58,Ultra-DSP,W4A5,4,5,7,7,1,weight,0 4 8 12 16 20 24,70000,0,0.0,0.0,0.0,0
59,Ultra-DSP,W4A5,4,5,7,7,1,weight,0 4 8 12 16 20 24,70000,0,0.0,0.0,0.0,0
60,Ultra-DSP,W4A5,4,5,7,7,1,weight,0 4 8 12 16 20 24,70000,0,0.0,0.0,0.0,0
61,Ultra-DSP,W4A5,4,5,7,7,1,weight,0 4 8 12 16 20 24,70000,0,0.0,0.0,0.0,0
62,Ultra-DSP,W4A5,4,5,7,7,1,weight,0 4 8 12 16 20 24,70000,0,0.0,0.0,0.0,0
63,Ultra-DSP,W4A5,4,5,7,7,1,weight,0 4 8 12 16 20 24,70000,0,0.0,0.0,0.0,0
64,Ultra-DSP,W4A5,4,5,7,7,1,weight,0 4 8 12 16 20 24,70000,0,0.0,0.0,0.0,0
65,Ultra-DSP,W4A5,4,5,7,7,1,weight,0 4 8 12 16 20 24,70000,0,0.0,0.0,0.0,0
66,Ultra-DSP,W4A5,4,5,7,7,1,weight,0 4 8 12 16 20 24,70000,0,0.0,0.0,0.0,0
67,Ultra-DSP,W4A5,4,5,7,7,1,weight,0 4 8 12 16 20 24,70000,0,0.0,0.0,0.0,0
68,Ultra-DSP,W4A5,4,5,7,7,1,weight,0 4 8 12 16 20 24,70000,0,0.0,0.0,0.0,0
69,Ultra-DSP,W4A5,4,5,7,7,1,weight,0 4 8 12 16 20 24,70000,0,0.0,0.0,0.0,0
70,Ultra-DSP,W4A5,4,5,7,7,1,weight,0 4 8 12 16 20 24,70000,0,0.0,0.0,0.0,0
71,Ultra-DSP,W4A5,4,5,7,7,1,weight,0 4 8 12 16 20 24,70000,0,0.0,0.0,0.0,0
72,Ultra-DSP,W4A5,4,5,7,7,1,weight,0 4 8 12 16 20 24,70000,0,0.0,0.0,0.0,0
73,Ultra-DSP,W4A5,4,5,7,7,1,weight,0 4 8 12 16 20 24,70000,0,0.0,0.0,0.0,0
74,Ultra-DSP,W4A5,4,5,7,7,1,weight,0 4 8 12 16 20 24,70000,0,0.0,0.0,0.0,0
75,Ultra-DSP,W4A5,4,5,7,7,1,weight,0 4 8 12 16 20 24,70000,0,0.0,0.0,0.0,0
76,Ultra-DSP,W4A5,4,5,7,7,1,weight,0 4 8 12 16 20 24,70000,0,0.0,0.0,0.0,0
77,Ultra-DSP,W4A5,4,5,7,7,1,weight,0 4 8 12 16 20 24,70000,0,0.0,0.0,0.0,0
78,Ultra-DSP,W4A5,4,5,7,7,1,weight,0 4 8 12 16 20 24,70000,0,0.0,0.0,0.0,0
79,Ultra-DSP,W4A5,4,5,7,7,1,weight,0 4 8 12 16 20 24,70000,0,0.0,0.0,0.0,0
80,Ultra-DSP,W4A5,4,5,7,7,1,weight,0 4 8 12 16 20 24,70000,0,0.0,0.0,0.0,0
81,Ultra-DSP,W4A5,4,5,7,7,1,weight,0 4 8 12 16 20 24,70000,0,0.0,0.0,0.0,0
82,Ultra-DSP,W4A5,4,5,7,7,1,weight,0 4 8 12 16 20 24,70000,0,0.0,0.0,0.0,0
83,Ultra-DSP,W4A5,4,5,7,7,1,weight,0 4 8 12 16 20 24,70000,0,0.0,0.0,0.0,0
84,Ultra-DSP,W4A5,4,5,7,7,1,weight,0 4 8 12 16 20 24,70000,0,0.0,0.0,0.0,0
85,Ultra-DSP,W4A5,4,5,7,7,1,weight,0 4 8 12 16 20 24,70000,0,0.0,0.0,0.0,0
86,Ultra-DSP,W4A5,4,5,7,7,1,weight,0 4 8 12 16 20 24,70000,0,0.0,0.0,0.0,0
87,Ultra-DSP,W4A5,4,5,7,7,1,weight,0 4 8 12 16 20 24,70000,0,0.0,0.0,0.0,0
88,Ultra-DSP,W4A5,4,5,7,7,1,weight,0 4 8 12 16 20 24,70000,0,0.0,0.0,0.0,0
89,Ultra-DSP,W4A5,4,5,7,7,1,weight,0 4 8 12 16 20 24,70000,0,0.0,0.0,0.0,0
90,Ultra-DSP,W4A5,4,5,7,7,1,weight,0 4 8 12 16 20 24,70000,0,0.0,0.0,0.0,0
91,Ultra-DSP,W4A5,4,5,7,7,1,weight,0 4 8 12 16 20 24,70000,0,0.0,0.0,0.0,0
92,Ultra-DSP,W4A5,4,5,7,7,1,weight,0 4 8 12 16 20 24,70000,0,0.0,0.0,0.0,0
93,Ultra-DSP,W4A5,4,5,7,7,1,weight,0 4 8 12 16 20 24,70000,0,0.0,0.0,0.0,0
94,Ultra-DSP,W4A5,4,5,7,7,1,weight,0 4 8 12 16 20 24,70000,0,0.0,0.0,0.0,0
95,Ultra-DSP,W4A5,4,5,7,7,1,weight,0 4 8 12 16 20 24,70000,0,0.0,0.0,0.0,0
96,Ultra-DSP,W4A5,4,5,7,7,1,weight,0 4 8 12 16 20 24,70000,0,0.0,0.0,0.0,0
97,Ultra-DSP,W4A5,4,5,7,7,1,weight,0 4 8 12 16 20 24,70000,0,0.0,0.0,0.0,0
98,Ultra-DSP,W4A5,4,5,7,7,1,weight,0 4 8 12 16 20 24,70000,0,0.0,0.0,0.0,0
99,Ultra-DSP,W4A5,4,5,7,7,1,weight,0 4 8 12 16 20 24,70000,0,0.0,0.0,0.0,0
0,Ultra-DSP,W4A6,4,6,6,3,2,activation,0 5 10 15 20 25,60000,0,0.0,0.0,0.0,0
1,Ultra-DSP,W4A6,4,6,6,3,2,activation,0 5 10 15 20 25,60000,0,0.0,0.0,0.0,0
2,Ultra-DSP,W4A6,4,6,6,3,2,activation,0 5 10 15 20 25,60000,0,0.0,0.0,0.0,0
3,Ultra-DSP,W4A6,4,6,6,3,2,activation,0 5 10 15 20 25,60000,0,0.0,0.0,0.0,0
4,Ultra-DSP,W4A6,4,6,6,3,2,activation,0 5 10 15 20 25,60000,0,0.0,0.0,0.0,0
5,Ultra-DSP,W4A6,4,6,6,3,2,activation,0 5 10 15 20 25,60000,0,0.0,0.0,0.0,0
6,Ultra-DSP,W4A6,4,6,6,3,2,activation,0 5 10 15 20 25,60000,0,0.0,0.0,0.0,0
7,Ultra-DSP,W4A6,4,6,6,3,2,activation,0 5 10 15 20 25,60000,0,0.0,0.0,0.0,0
8,Ultra-DSP,W4A6,4,6,6,3,2,activation,0 5 10 15 20 25,60000,0,0.0,0.0,0.0,0
9,Ultra-DSP,W4A6,4,6,6,3,2,activation,0 5 10 15 20 25,60000,0,0.0,0.0,0.0,0
10,Ultra-DSP,W4A6,4,6,6,3,2,activation,0 5 10 15 20 25,60000,0,0.0,0.0,0.0,0
11,Ultra-DSP,W4A6,4,6,6,3,2,activation,0 5 10 15 20 25,60000,0,0.0,0.0,0.0,0
12,Ultra-DSP,W4A6,4,6,6,3,2,activation,0 5 10 15 20 25,60000,0,0.0,0.0,0.0,0
13,Ultra-DSP,W4A6,4,6,6,3,2,activation,0 5 10 15 20 25,60000,0,0.0,0.0,0.0,0
14,Ultra-DSP,W4A6,4,6,6,3,2,activation,0 5 10 15 20 25,60000,0,0.0,0.0,0.0,0
15,Ultra-DSP,W4A6,4,6,6,3,2,activation,0 5 10 15 20 25,60000,0,0.0,0.0,0.0,0
16,Ultra-DSP,W4A6,4,6,6,3,2,activation,0 5 10 15 20 25,60000,0,0.0,0.0,0.0,0
17,Ultra-DSP,W4A6,4,6,6,3,2,activation,0 5 10 15 20 25,60000,0,0.0,0.0,0.0,0
18,Ultra-DSP,W4A6,4,6,6,3,2,activation,0 5 10 15 20 25,60000,0,0.0,0.0,0.0,0
19,Ultra-DSP,W4A6,4,6,6,3,2,activation,0 5 10 15 20 25,60000,0,0.0,0.0,0.0,0
20,Ultra-DSP,W4A6,4,6,6,3,2,activation,0 5 10 15 20 25,60000,0,0.0,0.0,0.0,0
21,Ultra-DSP,W4A6,4,6,6,3,2,activation,0 5 10 15 20 25,60000,0,0.0,0.0,0.0,0
22,Ultra-DSP,W4A6,4,6,6,3,2,activation,0 5 10 15 20 25,60000,0,0.0,0.0,0.0,0
23,Ultra-DSP,W4A6,4,6,6,3,2,activation,0 5 10 15 20 25,60000,0,0.0,0.0,0.0,0
24,Ultra-DSP,W4A6,4,6,6,3,2,activation,0 5 10 15 20 25,60000,0,0.0,0.0,0.0,0
25,Ultra-DSP,W4A6,4,6,6,3,2,activation,0 5 10 15 20 25,60000,0,0.0,0.0,0.0,0
26,Ultra-DSP,W4A6,4,6,6,3,2,activation,0 5 10 15 20 25,60000,0,0.0,0.0,0.0,0
27,Ultra-DSP,W4A6,4,6,6,3,2,activation,0 5 10 15 20 25,60000,0,0.0,0.0,0.0,0
28,Ultra-DSP,W4A6,4,6,6,3,2,activation,0 5 10 15 20 25,60000,0,0.0,0.0,0.0,0
29,Ultra-DSP,W4A6,4,6,6,3,2,activation,0 5 10 15 20 25,60000,0,0.0,0.0,0.0,0
30,Ultra-DSP,W4A6,4,6,6,3,2,activation,0 5 10 15 20 25,60000,0,0.0,0.0,0.0,0
31,Ultra-DSP,W4A6,4,6,6,3,2,activation,0 5 10 15 20 25,60000,0,0.0,0.0,0.0,0
32,Ultra-DSP,W4A6,4,6,6,3,2,activation,0 5 10 15 20 25,60000,0,0.0,0.0,0.0,0
33,Ultra-DSP,W4A6,4,6,6,3,2,activation,0 5 10 15 20 25,60000,0,0.0,0.0,0.0,0
34,Ultra-DSP,W4A6,4,6,6,3,2,activation,0 5 10 15 20 25,60000,0,0.0,0.0,0.0,0
35,Ultra-DSP,W4A6,4,6,6,3,2,activation,0 5 10 15 20 25,60000,0,0.0,0.0,0.0,0
36,Ultra-DSP,W4A6,4,6,6,3,2,activation,0 5 10 15 20 25,60000,0,0.0,0.0,0.0,0
37,Ultra-DSP,W4A6,4,6,6,3,2,activation,0 5 10 15 20 25,60000,0,0.0,0.0,0.0,0
38,Ultra-DSP,W4A6,4,6,6,3,2,activation,0 5 10 15 20 25,60000,0,0.0,0.0,0.0,0
39,Ultra-DSP,W4A6,4,6,6,3,2,activation,0 5 10 15 20 25,60000,0,0.0,0.0,0.0,0
40,Ultra-DSP,W4A6,4,6,6,3,2,activation,0 5 10 15 20 25,60000,0,0.0,0.0,0.0,0
41,Ultra-DSP,W4A6,4,6,6,3,2,activation,0 5 10 15 20 25,60000,0,0.0,0.0,0.0,0
42,Ultra-DSP,W4A6,4,6,6,3,2,activation,0 5 10 15 20 25,60000,0,0.0,0.0,0.0,0
43,Ultra-DSP,W4A6,4,6,6,3,2,activation,0 5 10 15 20 25,60000,0,0.0,0.0,0.0,0
44,Ultra-DSP,W4A6,4,6,6,3,2,activation,0 5 10 15 20 25,60000,0,0.0,0.0,0.0,0
45,Ultra-DSP,W4A6,4,6,6,3,2,activation,0 5 10 15 20 25,60000,0,0.0,0.0,0.0,0
46,Ultra-DSP,W4A6,4,6,6,3,2,activation,0 5 10 15 20 25,60000,0,0.0,0.0,0.0,0
47,Ultra-DSP,W4A6,4,6,6,3,2,activation,0 5 10 15 20 25,60000,0,0.0,0.0,0.0,0
48,Ultra-DSP,W4A6,4,6,6,3,2,activation,0 5 10 15 20 25,60000,0,0.0,0.0,0.0,0
49,Ultra-DSP,W4A6,4,6,6,3,2,activation,0 5 10 15 20 25,60000,0,0.0,0.0,0.0,0
50,Ultra-DSP,W4A6,4,6,6,3,2,activation,0 5 10 15 20 25,60000,0,0.0,0.0,0.0,0
51,Ultra-DSP,W4A6,4,6,6,3,2,activation,0 5 10 15 20 25,60000,0,0.0,0.0,0.0,0
52,Ultra-DSP,W4A6,4,6,6,3,2,activation,0 5 10 15 20 25,60000,0,0.0,0.0,0.0,0
53,Ultra-DSP,W4A6,4,6,6,3,2,activation,0 5 10 15 20 25,60000,0,0.0,0.0,0.0,0
54,Ultra-DSP,W4A6,4,6,6,3,2,activation,0 5 10 15 20 25,60000,0,0.0,0.0,0.0,0
55,Ultra-DSP,W4A6,4,6,6,3,2,activation,0 5 10 15 20 25,60000,0,0.0,0.0,0.0,0
56,Ultra-DSP,W4A6,4,6,6,3,2,activation,0 5 10 15 20 25,60000,0,0.0,0.0,0.0,0
57,Ultra-DSP,W4A6,4,6,6,3,2,activation,0 5 10 15 20 25,60000,0,0.0,0.0,0.0,0
58,Ultra-DSP,W4A6,4,6,6,3,2,activation,0 5 10 15 20 25,60000,0,0.0,0.0,0.0,0
59,Ultra-DSP,W4A6,4,6,6,3,2,activation,0 5 10 15 20 25,60000,0,0.0,0.0,0.0,0
60,Ultra-DSP,W4A6,4,6,6,3,2,activation,0 5 10 15 20 25,60000,0,0.0,0.0,0.0,0
61,Ultra-DSP,W4A6,4,6,6,3,2,activation,0 5 10 15 20 25,60000,0,0.0,0.0,0.0,0
62,Ultra-DSP,W4A6,4,6,6,3,2,activation,0 5 10 15 20 25,60000,0,0.0,0.0,0.0,0
63,Ultra-DSP,W4A6,4,6,6,3,2,activation,0 5 10 15 20 25,60000,0,0.0,0.0,0.0,0
64,Ultra-DSP,W4A6,4,6,6,3,2,activation,0 5 10 15 20 25,60000,0,0.0,0.0,0.0,0
65,Ultra-DSP,W4A6,4,6,6,3,2,activation,0 5 10 15 20 25,60000,0,0.0,0.0,0.0,0
66,Ultra-DSP,W4A6,4,6,6,3,2,activation,0 5 10 15 20 25,60000,0,0.0,0.0,0.0,0
67,Ultra-DSP,W4A6,4,6,6,3,2,activation,0 5 10 15 20 25,60000,0,0.0,0.0,0.0,0
68,Ultra-DSP,W4A6,4,6,6,3,2,activation,0 5 10 15 20 25,60000,0,0.0,0.0,0.0,0
69,Ultra-DSP,W4A6,4,6,6,3,2,activation,0 5 10 15 20 25,60000,0,0.0,0.0,0.0,0
70,Ultra-DSP,W4A6,4,6,6,3,2,activation,0 5 10 15 20 25,60000,0,0.0,0.0,0.0,0
71,Ultra-DSP,W4A6,4,6,6,3,2,activation,0 5 10 15 20 25,60000,0,0.0,0.0,0.0,0
72,Ultra-DSP,W4A6,4,6,6,3,2,activation,0 5 10 15 20 25,60000,0,0.0,0.0,0.0,0
73,Ultra-DSP,W4A6,4,6,6,3,2,activation,0 5 10 15 20 25,60000,0,0.0,0.0,0.0,0
74,Ultra-DSP,W4A6,4,6,6,3,2,activation,0 5 10 15 20 25,60000,0,0.0,0.0,0.0,0
75,Ultra-DSP,W4A6,4,6,6,3,2,activation,0 5 10 15 20 25,60000,0,0.0,0.0,0.0,0
76,Ultra-DSP,W4A6,4,6,6,3,2,activation,0 5 10 15 20 25,60000,0,0.0,0.0,0.0,0
77,Ultra-DSP,W4A6,4,6,6,3,2,activation,0 5 10 15 20 25,60000,0,0.0,0.0,0.0,0
78,Ultra-DSP,W4A6,4,6,6,3,2,activation,0 5 10 15 20 25,60000,0,0.0,0.0,0.0,0
79,Ultra-DSP,W4A6,4,6,6,3,2,activation,0 5 10 15 20 25,60000,0,0.0,0.0,0.0,0
80,Ultra-DSP,W4A6,4,6,6,3,2,activation,0 5 10 15 20 25,60000,0,0.0,0.0,0.0,0
81,Ultra-DSP,W4A6,4,6,6,3,2,activation,0 5 10 15 20 25,60000,0,0.0,0.0,0.0,0
82,Ultra-DSP,W4A6,4,6,6,3,2,activation,0 5 10 15 20 25,60000,0,0.0,0.0,0.0,0
83,Ultra-DSP,W4A6,4,6,6,3,2,activation,0 5 10 15 20 25,60000,0,0.0,0.0,0.0,0
84,Ultra-DSP,W4A6,4,6,6,3,2,activation,0 5 10 15 20 25,60000,0,0.0,0.0,0.0,0
85,Ultra-DSP,W4A6,4,6,6,3,2,activation,0 5 10 15 20 25,60000,0,0.0,0.0,0.0,0
86,Ultra-DSP,W4A6,4,6,6,3,2,activation,0 5 10 15 20 25,60000,0,0.0,0.0,0.0,0
87,Ultra-DSP,W4A6,4,6,6,3,2,activation,0 5 10 15 20 25,60000,0,0.0,0.0,0.0,0
88,Ultra-DSP,W4A6,4,6,6,3,2,activation,0 5 10 15 20 25,60000,0,0.0,0.0,0.0,0
89,Ultra-DSP,W4A6,4,6,6,3,2,activation,0 5 10 15 20 25,60000,0,0.0,0.0,0.0,0
90,Ultra-DSP,W4A6,4,6,6,3,2,activation,0 5 10 15 20 25,60000,0,0.0,0.0,0.0,0
91,Ultra-DSP,W4A6,4,6,6,3,2,activation,0 5 10 15 20 25,60000,0,0.0,0.0,0.0,0
92,Ultra-DSP,W4A6,4,6,6,3,2,activation,0 5 10 15 20 25,60000,0,0.0,0.0,0.0,0
93,Ultra-DSP,W4A6,4,6,6,3,2,activation,0 5 10 15 20 25,60000,0,0.0,0.0,0.0,0
94,Ultra-DSP,W4A6,4,6,6,3,2,activation,0 5 10 15 20 25,60000,0,0.0,0.0,0.0,0
95,Ultra-DSP,W4A6,4,6,6,3,2,activation,0 5 10 15 20 25,60000,0,0.0,0.0,0.0,0
96,Ultra-DSP,W4A6,4,6,6,3,2,activation,0 5 10 15 20 25,60000,0,0.0,0.0,0.0,0
97,Ultra-DSP,W4A6,4,6,6,3,2,activation,0 5 10 15 20 25,60000,0,0.0,0.0,0.0,0
98,Ultra-DSP,W4A6,4,6,6,3,2,activation,0 5 10 15 20 25,60000,0,0.0,0.0,0.0,0
99,Ultra-DSP,W4A6,4,6,6,3,2,activation,0 5 10 15 20 25,60000,0,0.0,0.0,0.0,0
0,Ultra-DSP,W4A7,4,7,5,5,1,weight,0 6 12 18 24,50000,0,0.0,0.0,0.0,0
1,Ultra-DSP,W4A7,4,7,5,5,1,weight,0 6 12 18 24,50000,0,0.0,0.0,0.0,0
2,Ultra-DSP,W4A7,4,7,5,5,1,weight,0 6 12 18 24,50000,0,0.0,0.0,0.0,0
3,Ultra-DSP,W4A7,4,7,5,5,1,weight,0 6 12 18 24,50000,0,0.0,0.0,0.0,0
4,Ultra-DSP,W4A7,4,7,5,5,1,weight,0 6 12 18 24,50000,0,0.0,0.0,0.0,0
5,Ultra-DSP,W4A7,4,7,5,5,1,weight,0 6 12 18 24,50000,0,0.0,0.0,0.0,0
6,Ultra-DSP,W4A7,4,7,5,5,1,weight,0 6 12 18 24,50000,0,0.0,0.0,0.0,0
7,Ultra-DSP,W4A7,4,7,5,5,1,weight,0 6 12 18 24,50000,0,0.0,0.0,0.0,0
8,Ultra-DSP,W4A7,4,7,5,5,1,weight,0 6 12 18 24,50000,0,0.0,0.0,0.0,0
9,Ultra-DSP,W4A7,4,7,5,5,1,weight,0 6 12 18 24,50000,0,0.0,0.0,0.0,0
10,Ultra-DSP,W4A7,4,7,5,5,1,weight,0 6 12 18 24,50000,0,0.0,0.0,0.0,0
11,Ultra-DSP,W4A7,4,7,5,5,1,weight,0 6 12 18 24,50000,0,0.0,0.0,0.0,0
12,Ultra-DSP,W4A7,4,7,5,5,1,weight,0 6 12 18 24,50000,0,0.0,0.0,0.0,0
13,Ultra-DSP,W4A7,4,7,5,5,1,weight,0 6 12 18 24,50000,0,0.0,0.0,0.0,0
14,Ultra-DSP,W4A7,4,7,5,5,1,weight,0 6 12 18 24,50000,0,0.0,0.0,0.0,0
15,Ultra-DSP,W4A7,4,7,5,5,1,weight,0 6 12 18 24,50000,0,0.0,0.0,0.0,0
16,Ultra-DSP,W4A7,4,7,5,5,1,weight,0 6 12 18 24,50000,0,0.0,0.0,0.0,0
17,Ultra-DSP,W4A7,4,7,5,5,1,weight,0 6 12 18 24,50000,0,0.0,0.0,0.0,0
18,Ultra-DSP,W4A7,4,7,5,5,1,weight,0 6 12 18 24,50000,0,0.0,0.0,0.0,0
19,Ultra-DSP,W4A7,4,7,5,5,1,weight,0 6 12 18 24,50000,0,0.0,0.0,0.0,0
20,Ultra-DSP,W4A7,4,7,5,5,1,weight,0 6 12 18 24,50000,0,0.0,0.0,0.0,0
21,Ultra-DSP,W4A7,4,7,5,5,1,weight,0 6 12 18 24,50000,0,0.0,0.0,0.0,0
22,Ultra-DSP,W4A7,4,7,5,5,1,weight,0 6 12 18 24,50000,0,0.0,0.0,0.0,0
23,Ultra-DSP,W4A7,4,7,5,5,1,weight,0 6 12 18 24,50000,0,0.0,0.0,0.0,0
24,Ultra-DSP,W4A7,4,7,5,5,1,weight,0 6 12 18 24,50000,0,0.0,0.0,0.0,0
25,Ultra-DSP,W4A7,4,7,5,5,1,weight,0 6 12 18 24,50000,0,0.0,0.0,0.0,0
26,Ultra-DSP,W4A7,4,7,5,5,1,weight,0 6 12 18 24,50000,0,0.0,0.0,0.0,0
27,Ultra-DSP,W4A7,4,7,5,5,1,weight,0 6 12 18 24,50000,0,0.0,0.0,0.0,0
28,Ultra-DSP,W4A7,4,7,5,5,1,weight,0 6 12 18 24,50000,0,0.0,0.0,0.0,0
29,Ultra-DSP,W4A7,4,7,5,5,1,weight,0 6 12 18 24,50000,0,0.0,0.0,0.0,0
30,Ultra-DSP,W4A7,4,7,5,5,1,weight,0 6 12 18 24,50000,0,0.0,0.0,0.0,0
31,Ultra-DSP,W4A7,4,7,5,5,1,weight,0 6 12 18 24,50000,0,0.0,0.0,0.0,0
32,Ultra-DSP,W4A7,4,7,5,5,1,weight,0 6 12 18 24,50000,0,0.0,0.0,0.0,0
33,Ultra-DSP,W4A7,4,7,5,5,1,weight,0 6 12 18 24,50000,0,0.0,0.0,0.0,0
34,Ultra-DSP,W4A7,4,7,5,5,1,weight,0 6 12 18 24,50000,0,0.0,0.0,0.0,0
35,Ultra-DSP,W4A7,4,7,5,5,1,weight,0 6 12 18 24,50000,0,0.0,0.0,0.0,0
36,Ultra-DSP,W4A7,4,7,5,5,1,weight,0 6 12 18 24,50000,0,0.0,0.0,0.0,0
37,Ultra-DSP,W4A7,4,7,5,5,1,weight,0 6 12 18 24,50000,0,0.0,0.0,0.0,0
38,Ultra-DSP,W4A7,4,7,5,5,1,weight,0 6 12 18 24,50000,0,0.0,0.0,0.0,0
39,Ultra-DSP,W4A7,4,7,5,5,1,weight,0 6 12 18 24,50000,0,0.0,0.0,0.0,0
40,Ultra-DSP,W4A7,4,7,5,5,1,weight,0 6 12 18 24,50000,0,0.0,0.0,0.0,0
41,Ultra-DSP,W4A7,4,7,5,5,1,weight,0 6 12 18 24,50000,0,0.0,0.0,0.0,0
42,Ultra-DSP,W4A7,4,7,5,5,1,weight,0 6 12 18 24,50000,0,0.0,0.0,0.0,0
43,Ultra-DSP,W4A7,4,7,5,5,1,weight,0 6 12 18 24,50000,0,0.0,0.0,0.0,0
44,Ultra-DSP,W4A7,4,7,5,5,1,weight,0 6 12 18 24,50000,0,0.0,0.0,0.0,0
45,Ultra-DSP,W4A7,4,7,5,5,1,weight,0 6 12 18 24,50000,0,0.0,0.0,0.0,0
46,Ultra-DSP,W4A7,4,7,5,5,1,weight,0 6 12 18 24,50000,0,0.0,0.0,0.0,0
47,Ultra-DSP,W4A7,4,7,5,5,1,weight,0 6 12 18 24,50000,0,0.0,0.0,0.0,0
48,Ultra-DSP,W4A7,4,7,5,5,1,weight,0 6 12 18 24,50000,0,0.0,0.0,0.0,0
49,Ultra-DSP,W4A7,4,7,5,5,1,weight,0 6 12 18 24,50000,0,0.0,0.0,0.0,0
50,Ultra-DSP,W4A7,4,7,5,5,1,weight,0 6 12 18 24,50000,0,0.0,0.0,0.0,0
51,Ultra-DSP,W4A7,4,7,5,5,1,weight,0 6 12 18 24,50000,0,0.0,0.0,0.0,0
52,Ultra-DSP,W4A7,4,7,5,5,1,weight,0 6 12 18 24,50000,0,0.0,0.0,0.0,0
53,Ultra-DSP,W4A7,4,7,5,5,1,weight,0 6 12 18 24,50000,0,0.0,0.0,0.0,0
54,Ultra-DSP,W4A7,4,7,5,5,1,weight,0 6 12 18 24,50000,0,0.0,0.0,0.0,0
55,Ultra-DSP,W4A7,4,7,5,5,1,weight,0 6 12 18 24,50000,0,0.0,0.0,0.0,0
56,Ultra-DSP,W4A7,4,7,5,5,1,weight,0 6 12 18 24,50000,0,0.0,0.0,0.0,0
57,Ultra-DSP,W4A7,4,7,5,5,1,weight,0 6 12 18 24,50000,0,0.0,0.0,0.0,0
58,Ultra-DSP,W4A7,4,7,5,5,1,weight,0 6 12 18 24,50000,0,0.0,0.0,0.0,0
59,Ultra-DSP,W4A7,4,7,5,5,1,weight,0 6 12 18 24,50000,0,0.0,0.0,0.0,0
60,Ultra-DSP,W4A7,4,7,5,5,1,weight,0 6 12 18 24,50000,0,0.0,0.0,0.0,0
61,Ultra-DSP,W4A7,4,7,5,5,1,weight,0 6 12 18 24,50000,0,0.0,0.0,0.0,0
62,Ultra-DSP,W4A7,4,7,5,5,1,weight,0 6 12 18 24,50000,0,0.0,0.0,0.0,0
63,Ultra-DSP,W4A7,4,7,5,5,1,weight,0 6 12 18 24,50000,0,0.0,0.0,0.0,0
64,Ultra-DSP,W4A7,4,7,5,5,1,weight,0 6 12 18 24,50000,0,0.0,0.0,0.0,0
65,Ultra-DSP,W4A7,4,7,5,5,1,weight,0 6 12 18 24,50000,0,0.0,0.0,0.0,0
66,Ultra-DSP,W4A7,4,7,5,5,1,weight,0 6 12 18 24,50000,0,0.0,0.0,0.0,0
67,Ultra-DSP,W4A7,4,7,5,5,1,weight,0 6 12 18 24,50000,0,0.0,0.0,0.0,0
68,Ultra-DSP,W4A7,4,7,5,5,1,weight,0 6 12 18 24,50000,0,0.0,0.0,0.0,0
69,Ultra-DSP,W4A7,4,7,5,5,1,weight,0 6 12 18 24,50000,0,0.0,0.0,0.0,0
70,Ultra-DSP,W4A7,4,7,5,5,1,weight,0 6 12 18 24,50000,0,0.0,0.0,0.0,0
71,Ultra-DSP,W4A7,4,7,5,5,1,weight,0 6 12 18 24,50000,0,0.0,0.0,0.0,0
72,Ultra-DSP,W4A7,4,7,5,5,1,weight,0 6 12 18 24,50000,0,0.0,0.0,0.0,0
73,Ultra-DSP,W4A7,4,7,5,5,1,weight,0 6 12 18 24,50000,0,0.0,0.0,0.0,0
74,Ultra-DSP,W4A7,4,7,5,5,1,weight,0 6 12 18 24,50000,0,0.0,0.0,0.0,0
75,Ultra-DSP,W4A7,4,7,5,5,1,weight,0 6 12 18 24,50000,0,0.0,0.0,0.0,0
76,Ultra-DSP,W4A7,4,7,5,5,1,weight,0 6 12 18 24,50000,0,0.0,0.0,0.0,0
77,Ultra-DSP,W4A7,4,7,5,5,1,weight,0 6 12 18 24,50000,0,0.0,0.0,0.0,0
78,Ultra-DSP,W4A7,4,7,5,5,1,weight,0 6 12 18 24,50000,0,0.0,0.0,0.0,0
79,Ultra-DSP,W4A7,4,7,5,5,1,weight,0 6 12 18 24,50000,0,0.0,0.0,0.0,0
80,Ultra-DSP,W4A7,4,7,5,5,1,weight,0 6 12 18 24,50000,0,0.0,0.0,0.0,0
81,Ultra-DSP,W4A7,4,7,5,5,1,weight,0 6 12 18 24,50000,0,0.0,0.0,0.0,0
82,Ultra-DSP,W4A7,4,7,5,5,1,weight,0 6 12 18 24,50000,0,0.0,0.0,0.0,0
83,Ultra-DSP,W4A7,4,7,5,5,1,weight,0 6 12 18 24,50000,0,0.0,0.0,0.0,0
84,Ultra-DSP,W4A7,4,7,5,5,1,weight,0 6 12 18 24,50000,0,0.0,0.0,0.0,0
85,Ultra-DSP,W4A7,4,7,5,5,1,weight,0 6 12 18 24,50000,0,0.0,0.0,0.0,0
86,Ultra-DSP,W4A7,4,7,5,5,1,weight,0 6 12 18 24,50000,0,0.0,0.0,0.0,0
87,Ultra-DSP,W4A7,4,7,5,5,1,weight,0 6 12 18 24,50000,0,0.0,0.0,0.0,0
88,Ultra-DSP,W4A7,4,7,5,5,1,weight,0 6 12 18 24,50000,0,0.0,0.0,0.0,0
89,Ultra-DSP,W4A7,4,7,5,5,1,weight,0 6 12 18 24,50000,0,0.0,0.0,0.0,0
90,Ultra-DSP,W4A7,4,7,5,5,1,weight,0 6 12 18 24,50000,0,0.0,0.0,0.0,0
91,Ultra-DSP,W4A7,4,7,5,5,1,weight,0 6 12 18 24,50000,0,0.0,0.0,0.0,0
92,Ultra-DSP,W4A7,4,7,5,5,1,weight,0 6 12 18 24,50000,0,0.0,0.0,0.0,0
93,Ultra-DSP,W4A7,4,7,5,5,1,weight,0 6 12 18 24,50000,0,0.0,0.0,0.0,0
94,Ultra-DSP,W4A7,4,7,5,5,1,weight,0 6 12 18 24,50000,0,0.0,0.0,0.0,0
95,Ultra-DSP,W4A7,4,7,5,5,1,weight,0 6 12 18 24,50000,0,0.0,0.0,0.0,0
96,Ultra-DSP,W4A7,4,7,5,5,1,weight,0 6 12 18 24,50000,0,0.0,0.0,0.0,0
97,Ultra-DSP,W4A7,4,7,5,5,1,weight,0 6 12 18 24,50000,0,0.0,0.0,0.0,0
98,Ultra-DSP,W4A7,4,7,5,5,1,weight,0 6 12 18 24,50000,0,0.0,0.0,0.0,0
99,Ultra-DSP,W4A7,4,7,5,5,1,weight,0 6 12 18 24,50000,0,0.0,0.0,0.0,0
0,Ultra-DSP,W4A8,4,8,4,4,1,weight,0 8 16 24,40000,0,0.0,0.0,0.0,0
1,Ultra-DSP,W4A8,4,8,4,4,1,weight,0 8 16 24,40000,0,0.0,0.0,0.0,0
2,Ultra-DSP,W4A8,4,8,4,4,1,weight,0 8 16 24,40000,0,0.0,0.0,0.0,0
3,Ultra-DSP,W4A8,4,8,4,4,1,weight,0 8 16 24,40000,0,0.0,0.0,0.0,0
4,Ultra-DSP,W4A8,4,8,4,4,1,weight,0 8 16 24,40000,0,0.0,0.0,0.0,0
5,Ultra-DSP,W4A8,4,8,4,4,1,weight,0 8 16 24,40000,0,0.0,0.0,0.0,0
6,Ultra-DSP,W4A8,4,8,4,4,1,weight,0 8 16 24,40000,0,0.0,0.0,0.0,0
7,Ultra-DSP,W4A8,4,8,4,4,1,weight,0 8 16 24,40000,0,0.0,0.0,0.0,0
8,Ultra-DSP,W4A8,4,8,4,4,1,weight,0 8 16 24,40000,0,0.0,0.0,0.0,0
9,Ultra-DSP,W4A8,4,8,4,4,1,weight,0 8 16 24,40000,0,0.0,0.0,0.0,0
10,Ultra-DSP,W4A8,4,8,4,4,1,weight,0 8 16 24,40000,0,0.0,0.0,0.0,0
11,Ultra-DSP,W4A8,4,8,4,4,1,weight,0 8 16 24,40000,0,0.0,0.0,0.0,0
12,Ultra-DSP,W4A8,4,8,4,4,1,weight,0 8 16 24,40000,0,0.0,0.0,0.0,0
13,Ultra-DSP,W4A8,4,8,4,4,1,weight,0 8 16 24,40000,0,0.0,0.0,0.0,0
14,Ultra-DSP,W4A8,4,8,4,4,1,weight,0 8 16 24,40000,0,0.0,0.0,0.0,0
15,Ultra-DSP,W4A8,4,8,4,4,1,weight,0 8 16 24,40000,0,0.0,0.0,0.0,0
16,Ultra-DSP,W4A8,4,8,4,4,1,weight,0 8 16 24,40000,0,0.0,0.0,0.0,0
17,Ultra-DSP,W4A8,4,8,4,4,1,weight,0 8 16 24,40000,0,0.0,0.0,0.0,0
18,Ultra-DSP,W4A8,4,8,4,4,1,weight,0 8 16 24,40000,0,0.0,0.0,0.0,0
19,Ultra-DSP,W4A8,4,8,4,4,1,weight,0 8 16 24,40000,0,0.0,0.0,0.0,0
20,Ultra-DSP,W4A8,4,8,4,4,1,weight,0 8 16 24,40000,0,0.0,0.0,0.0,0
21,Ultra-DSP,W4A8,4,8,4,4,1,weight,0 8 16 24,40000,0,0.0,0.0,0.0,0
22,Ultra-DSP,W4A8,4,8,4,4,1,weight,0 8 16 24,40000,0,0.0,0.0,0.0,0
23,Ultra-DSP,W4A8,4,8,4,4,1,weight,0 8 16 24,40000,0,0.0,0.0,0.0,0
24,Ultra-DSP,W4A8,4,8,4,4,1,weight,0 8 16 24,40000,0,0.0,0.0,0.0,0
25,Ultra-DSP,W4A8,4,8,4,4,1,weight,0 8 16 24,40000,0,0.0,0.0,0.0,0
26,Ultra-DSP,W4A8,4,8,4,4,1,weight,0 8 16 24,40000,0,0.0,0.0,0.0,0
27,Ultra-DSP,W4A8,4,8,4,4,1,weight,0 8 16 24,40000,0,0.0,0.0,0.0,0
28,Ultra-DSP,W4A8,4,8,4,4,1,weight,0 8 16 24,40000,0,0.0,0.0,0.0,0
29,Ultra-DSP,W4A8,4,8,4,4,1,weight,0 8 16 24,40000,0,0.0,0.0,0.0,0
30,Ultra-DSP,W4A8,4,8,4,4,1,weight,0 8 16 24,40000,0,0.0,0.0,0.0,0
31,Ultra-DSP,W4A8,4,8,4,4,1,weight,0 8 16 24,40000,0,0.0,0.0,0.0,0
32,Ultra-DSP,W4A8,4,8,4,4,1,weight,0 8 16 24,40000,0,0.0,0.0,0.0,0
33,Ultra-DSP,W4A8,4,8,4,4,1,weight,0 8 16 24,40000,0,0.0,0.0,0.0,0
34,Ultra-DSP,W4A8,4,8,4,4,1,weight,0 8 16 24,40000,0,0.0,0.0,0.0,0
35,Ultra-DSP,W4A8,4,8,4,4,1,weight,0 8 16 24,40000,0,0.0,0.0,0.0,0
36,Ultra-DSP,W4A8,4,8,4,4,1,weight,0 8 16 24,40000,0,0.0,0.0,0.0,0
37,Ultra-DSP,W4A8,4,8,4,4,1,weight,0 8 16 24,40000,0,0.0,0.0,0.0,0
38,Ultra-DSP,W4A8,4,8,4,4,1,weight,0 8 16 24,40000,0,0.0,0.0,0.0,0
39,Ultra-DSP,W4A8,4,8,4,4,1,weight,0 8 16 24,40000,0,0.0,0.0,0.0,0
40,Ultra-DSP,W4A8,4,8,4,4,1,weight,0 8 16 24,40000,0,0.0,0.0,0.0,0
41,Ultra-DSP,W4A8,4,8,4,4,1,weight,0 8 16 24,40000,0,0.0,0.0,0.0,0
42,Ultra-DSP,W4A8,4,8,4,4,1,weight,0 8 16 24,40000,0,0.0,0.0,0.0,0
43,Ultra-DSP,W4A8,4,8,4,4,1,weight,0 8 16 24,40000,0,0.0,0.0,0.0,0
44,Ultra-DSP,W4A8,4,8,4,4,1,weight,0 8 16 24,40000,0,0.0,0.0,0.0,0
45,Ultra-DSP,W4A8,4,8,4,4,1,weight,0 8 16 24,40000,0,0.0,0.0,0.0,0
46,Ultra-DSP,W4A8,4,8,4,4,1,weight,0 8 16 24,40000,0,0.0,0.0,0.0,0
47,Ultra-DSP,W4A8,4,8,4,4,1,weight,0 8 16 24,40000,0,0.0,0.0,0.0,0
48,Ultra-DSP,W4A8,4,8,4,4,1,weight,0 8 16 24,40000,0,0.0,0.0,0.0,0
49,Ultra-DSP,W4A8,4,8,4,4,1,weight,0 8 16 24,40000,0,0.0,0.0,0.0,0
50,Ultra-DSP,W4A8,4,8,4,4,1,weight,0 8 16 24,40000,0,0.0,0.0,0.0,0
51,Ultra-DSP,W4A8,4,8,4,4,1,weight,0 8 16 24,40000,0,0.0,0.0,0.0,0
52,Ultra-DSP,W4A8,4,8,4,4,1,weight,0 8 16 24,40000,0,0.0,0.0,0.0,0
53,Ultra-DSP,W4A8,4,8,4,4,1,weight,0 8 16 24,40000,0,0.0,0.0,0.0,0
54,Ultra-DSP,W4A8,4,8,4,4,1,weight,0 8 16 24,40000,0,0.0,0.0,0.0,0
55,Ultra-DSP,W4A8,4,8,4,4,1,weight,0 8 16 24,40000,0,0.0,0.0,0.0,0
56,Ultra-DSP,W4A8,4,8,4,4,1,weight,0 8 16 24,40000,0,0.0,0.0,0.0,0
57,Ultra-DSP,W4A8,4,8,4,4,1,weight,0 8 16 24,40000,0,0.0,0.0,0.0,0
58,Ultra-DSP,W4A8,4,8,4,4,1,weight,0 8 16 24,40000,0,0.0,0.0,0.0,0
59,Ultra-DSP,W4A8,4,8,4,4,1,weight,0 8 16 24,40000,0,0.0,0.0,0.0,0
60,Ultra-DSP,W4A8,4,8,4,4,1,weight,0 8 16 24,40000,0,0.0,0.0,0.0,0
61,Ultra-DSP,W4A8,4,8,4,4,1,weight,0 8 16 24,40000,0,0.0,0.0,0.0,0
62,Ultra-DSP,W4A8,4,8,4,4,1,weight,0 8 16 24,40000,0,0.0,0.0,0.0,0
63,Ultra-DSP,W4A8,4,8,4,4,1,weight,0 8 16 24,40000,0,0.0,0.0,0.0,0
64,Ultra-DSP,W4A8,4,8,4,4,1,weight,0 8 16 24,40000,0,0.0,0.0,0.0,0
65,Ultra-DSP,W4A8,4,8,4,4,1,weight,0 8 16 24,40000,0,0.0,0.0,0.0,0
66,Ultra-DSP,W4A8,4,8,4,4,1,weight,0 8 16 24,40000,0,0.0,0.0,0.0,0
67,Ultra-DSP,W4A8,4,8,4,4,1,weight,0 8 16 24,40000,0,0.0,0.0,0.0,0
68,Ultra-DSP,W4A8,4,8,4,4,1,weight,0 8 16 24,40000,0,0.0,0.0,0.0,0
69,Ultra-DSP,W4A8,4,8,4,4,1,weight,0 8 16 24,40000,0,0.0,0.0,0.0,0
70,Ultra-DSP,W4A8,4,8,4,4,1,weight,0 8 16 24,40000,0,0.0,0.0,0.0,0
71,Ultra-DSP,W4A8,4,8,4,4,1,weight,0 8 16 24,40000,0,0.0,0.0,0.0,0
72,Ultra-DSP,W4A8,4,8,4,4,1,weight,0 8 16 24,40000,0,0.0,0.0,0.0,0
73,Ultra-DSP,W4A8,4,8,4,4,1,weight,0 8 16 24,40000,0,0.0,0.0,0.0,0
74,Ultra-DSP,W4A8,4,8,4,4,1,weight,0 8 16 24,40000,0,0.0,0.0,0.0,0
75,Ultra-DSP,W4A8,4,8,4,4,1,weight,0 8 16 24,40000,0,0.0,0.0,0.0,0
76,Ultra-DSP,W4A8,4,8,4,4,1,weight,0 8 16 24,40000,0,0.0,0.0,0.0,0
77,Ultra-DSP,W4A8,4,8,4,4,1,weight,0 8 16 24,40000,0,0.0,0.0,0.0,0
78,Ultra-DSP,W4A8,4,8,4,4,1,weight,0 8 16 24,40000,0,0.0,0.0,0.0,0
79,Ultra-DSP,W4A8,4,8,4,4,1,weight,0 8 16 24,40000,0,0.0,0.0,0.0,0
80,Ultra-DSP,W4A8,4,8,4,4,1,weight,0 8 16 24,40000,0,0.0,0.0,0.0,0
81,Ultra-DSP,W4A8,4,8,4,4,1,weight,0 8 16 24,40000,0,0.0,0.0,0.0,0
82,Ultra-DSP,W4A8,4,8,4,4,1,weight,0 8 16 24,40000,0,0.0,0.0,0.0,0
83,Ultra-DSP,W4A8,4,8,4,4,1,weight,0 8 16 24,40000,0,0.0,0.0,0.0,0
84,Ultra-DSP,W4A8,4,8,4,4,1,weight,0 8 16 24,40000,0,0.0,0.0,0.0,0
85,Ultra-DSP,W4A8,4,8,4,4,1,weight,0 8 16 24,40000,0,0.0,0.0,0.0,0
86,Ultra-DSP,W4A8,4,8,4,4,1,weight,0 8 16 24,40000,0,0.0,0.0,0.0,0
87,Ultra-DSP,W4A8,4,8,4,4,1,weight,0 8 16 24,40000,0,0.0,0.0,0.0,0
88,Ultra-DSP,W4A8,4,8,4,4,1,weight,0 8 16 24,40000,0,0.0,0.0,0.0,0
89,Ultra-DSP,W4A8,4,8,4,4,1,weight,0 8 16 24,40000,0,0.0,0.0,0.0,0
90,Ultra-DSP,W4A8,4,8,4,4,1,weight,0 8 16 24,40000,0,0.0,0.0,0.0,0
91,Ultra-DSP,W4A8,4,8,4,4,1,weight,0 8 16 24,40000,0,0.0,0.0,0.0,0
92,Ultra-DSP,W4A8,4,8,4,4,1,weight,0 8 16 24,40000,0,0.0,0.0,0.0,0
93,Ultra-DSP,W4A8,4,8,4,4,1,weight,0 8 16 24,40000,0,0.0,0.0,0.0,0
94,Ultra-DSP,W4A8,4,8,4,4,1,weight,0 8 16 24,40000,0,0.0,0.0,0.0,0
95,Ultra-DSP,W4A8,4,8,4,4,1,weight,0 8 16 24,40000,0,0.0,0.0,0.0,0
96,Ultra-DSP,W4A8,4,8,4,4,1,weight,0 8 16 24,40000,0,0.0,0.0,0.0,0
97,Ultra-DSP,W4A8,4,8,4,4,1,weight,0 8 16 24,40000,0,0.0,0.0,0.0,0
98,Ultra-DSP,W4A8,4,8,4,4,1,weight,0 8 16 24,40000,0,0.0,0.0,0.0,0
99,Ultra-DSP,W4A8,4,8,4,4,1,weight,0 8 16 24,40000,0,0.0,0.0,0.0,0
0,Ultra-DSP,W5A2,5,2,14,14,1,activation,0 2 4 6 8 10 12 14 16 18 20 22 24 26,140000,0,0.0,0.0,0.0,0
1,Ultra-DSP,W5A2,5,2,14,14,1,activation,0 2 4 6 8 10 12 14 16 18 20 22 24 26,140000,0,0.0,0.0,0.0,0
2,Ultra-DSP,W5A2,5,2,14,14,1,activation,0 2 4 6 8 10 12 14 16 18 20 22 24 26,140000,0,0.0,0.0,0.0,0
3,Ultra-DSP,W5A2,5,2,14,14,1,activation,0 2 4 6 8 10 12 14 16 18 20 22 24 26,140000,0,0.0,0.0,0.0,0
4,Ultra-DSP,W5A2,5,2,14,14,1,activation,0 2 4 6 8 10 12 14 16 18 20 22 24 26,140000,0,0.0,0.0,0.0,0
5,Ultra-DSP,W5A2,5,2,14,14,1,activation,0 2 4 6 8 10 12 14 16 18 20 22 24 26,140000,0,0.0,0.0,0.0,0
6,Ultra-DSP,W5A2,5,2,14,14,1,activation,0 2 4 6 8 10 12 14 16 18 20 22 24 26,140000,0,0.0,0.0,0.0,0
7,Ultra-DSP,W5A2,5,2,14,14,1,activation,0 2 4 6 8 10 12 14 16 18 20 22 24 26,140000,0,0.0,0.0,0.0,0
8,Ultra-DSP,W5A2,5,2,14,14,1,activation,0 2 4 6 8 10 12 14 16 18 20 22 24 26,140000,0,0.0,0.0,0.0,0
9,Ultra-DSP,W5A2,5,2,14,14,1,activation,0 2 4 6 8 10 12 14 16 18 20 22 24 26,140000,0,0.0,0.0,0.0,0
10,Ultra-DSP,W5A2,5,2,14,14,1,activation,0 2 4 6 8 10 12 14 16 18 20 22 24 26,140000,0,0.0,0.0,0.0,0
11,Ultra-DSP,W5A2,5,2,14,14,1,activation,0 2 4 6 8 10 12 14 16 18 20 22 24 26,140000,0,0.0,0.0,0.0,0
12,Ultra-DSP,W5A2,5,2,14,14,1,activation,0 2 4 6 8 10 12 14 16 18 20 22 24 26,140000,0,0.0,0.0,0.0,0
13,Ultra-DSP,W5A2,5,2,14,14,1,activation,0 2 4 6 8 10 12 14 16 18 20 22 24 26,140000,0,0.0,0.0,0.0,0
14,Ultra-DSP,W5A2,5,2,14,14,1,activation,0 2 4 6 8 10 12 14 16 18 20 22 24 26,140000,0,0.0,0.0,0.0,0
15,Ultra-DSP,W5A2,5,2,14,14,1,activation,0 2 4 6 8 10 12 14 16 18 20 22 24 26,140000,0,0.0,0.0,0.0,0
16,Ultra-DSP,W5A2,5,2,14,14,1,activation,0 2 4 6 8 10 12 14 16 18 20 22 24 26,140000,0,0.0,0.0,0.0,0
17,Ultra-DSP,W5A2,5,2,14,14,1,activation,0 2 4 6 8 10 12 14 16 18 20 22 24 26,140000,0,0.0,0.0,0.0,0
18,Ultra-DSP,W5A2,5,2,14,14,1,activation,0 2 4 6 8 10 12 14 16 18 20 22 24 26,140000,0,0.0,0.0,0.0,0
19,Ultra-DSP,W5A2,5,2,14,14,1,activation,0 2 4 6 8 10 12 14 16 18 20 22 24 26,140000,0,0.0,0.0,0.0,0
20,Ultra-DSP,W5A2,5,2,14,14,1,activation,0 2 4 6 8 10 12 14 16 18 20 22 24 26,140000,0,0.0,0.0,0.0,0
21,Ultra-DSP,W5A2,5,2,14,14,1,activation,0 2 4 6 8 10 12 14 16 18 20 22 24 26,140000,0,0.0,0.0,0.0,0
22,Ultra-DSP,W5A2,5,2,14,14,1,activation,0 2 4 6 8 10 12 14 16 18 20 22 24 26,140000,0,0.0,0.0,0.0,0
23,Ultra-DSP,W5A2,5,2,14,14,1,activation,0 2 4 6 8 10 12 14 16 18 20 22 24 26,140000,0,0.0,0.0,0.0,0
24,Ultra-DSP,W5A2,5,2,14,14,1,activation,0 2 4 6 8 10 12 14 16 18 20 22 24 26,140000,0,0.0,0.0,0.0,0
25,Ultra-DSP,W5A2,5,2,14,14,1,activation,0 2 4 6 8 10 12 14 16 18 20 22 24 26,140000,0,0.0,0.0,0.0,0
26,Ultra-DSP,W5A2,5,2,14,14,1,activation,0 2 4 6 8 10 12 14 16 18 20 22 24 26,140000,0,0.0,0.0,0.0,0
27,Ultra-DSP,W5A2,5,2,14,14,1,activation,0 2 4 6 8 10 12 14 16 18 20 22 24 26,140000,0,0.0,0.0,0.0,0
28,Ultra-DSP,W5A2,5,2,14,14,1,activation,0 2 4 6 8 10 12 14 16 18 20 22 24 26,140000,0,0.0,0.0,0.0,0
29,Ultra-DSP,W5A2,5,2,14,14,1,activation,0 2 4 6 8 10 12 14 16 18 20 22 24 26,140000,0,0.0,0.0,0.0,0
30,Ultra-DSP,W5A2,5,2,14,14,1,activation,0 2 4 6 8 10 12 14 16 18 20 22 24 26,140000,0,0.0,0.0,0.0,0
31,Ultra-DSP,W5A2,5,2,14,14,1,activation,0 2 4 6 8 10 12 14 16 18 20 22 24 26,140000,0,0.0,0.0,0.0,0
32,Ultra-DSP,W5A2,5,2,14,14,1,activation,0 2 4 6 8 10 12 14 16 18 20 22 24 26,140000,0,0.0,0.0,0.0,0
33,Ultra-DSP,W5A2,5,2,14,14,1,activation,0 2 4 6 8 10 12 14 16 18 20 22 24 26,140000,0,0.0,0.0,0.0,0
34,Ultra-DSP,W5A2,5,2,14,14,1,activation,0 2 4 6 8 10 12 14 16 18 20 22 24 26,140000,0,0.0,0.0,0.0,0
35,Ultra-DSP,W5A2,5,2,14,14,1,activation,0 2 4 6 8 10 12 14 16 18 20 22 24 26,140000,0,0.0,0.0,0.0,0
36,Ultra-DSP,W5A2,5,2,14,14,1,activation,0 2 4 6 8 10 12 14 16 18 20 22 24 26,140000,0,0.0,0.0,0.0,0
37,Ultra-DSP,W5A2,5,2,14,14,1,activation,0 2 4 6 8 10 12 14 16 18 20 22 24 26,140000,0,0.0,0.0,0.0,0
38,Ultra-DSP,W5A2,5,2,14,14,1,activation,0 2 4 6 8 10 12 14 16 18 20 22 24 26,140000,0,0.0,0.0,0.0,0
39,Ultra-DSP,W5A2,5,2,14,14,1,activation,0 2 4 6 8 10 12 14 16 18 20 22 24 26,140000,0,0.0,0.0,0.0,0
40,Ultra-DSP,W5A2,5,2,14,14,1,activation,0 2 4 6 8 10 12 14 16 18 20 22 24 26,140000,0,0.0,0.0,0.0,0
41,Ultra-DSP,W5A2,5,2,14,14,1,activation,0 2 4 6 8 10 12 14 16 18 20 22 24 26,140000,0,0.0,0.0,0.0,0
42,Ultra-DSP,W5A2,5,2,14,14,1,activation,0 2 4 6 8 10 12 14 16 18 20 22 24 26,140000,0,0.0,0.0,0.0,0
43,Ultra-DSP,W5A2,5,2,14,14,1,activation,0 2 4 6 8 10 12 14 16 18 20 22 24 26,140000,0,0.0,0.0,0.0,0
44,Ultra-DSP,W5A2,5,2,14,14,1,activation,0 2 4 6 8 10 12 14 16 18 20 22 24 26,140000,0,0.0,0.0,0.0,0
45,Ultra-DSP,W5A2,5,2,14,14,1,activation,0 2 4 6 8 10 12 14 16 18 20 22 24 26,140000,0,0.0,0.0,0.0,0
46,Ultra-DSP,W5A2,5,2,14,14,1,activation,0 2 4 6 8 10 12 14 16 18 20 22 24 26,140000,0,0.0,0.0,0.0,0
47,Ultra-DSP,W5A2,5,2,14,14,1,activation,0 2 4 6 8 10 12 14 16 18 20 22 24 26,140000,0,0.0,0.0,0.0,0
48,Ultra-DSP,W5A2,5,2,14,14,1,activation,0 2 4 6 8 10 12 14 16 18 20 22 24 26,140000,0,0.0,0.0,0.0,0
49,Ultra-DSP,W5A2,5,2,14,14,1,activation,0 2 4 6 8 10 12 14 16 18 20 22 24 26,140000,0,0.0,0.0,0.0,0
50,Ultra-DSP,W5A2,5,2,14,14,1,activation,0 2 4 6 8 10 12 14 16 18 20 22 24 26,140000,0,0.0,0.0,0.0,0
51,Ultra-DSP,W5A2,5,2,14,14,1,activation,0 2 4 6 8 10 12 14 16 18 20 22 24 26,140000,0,0.0,0.0,0.0,0
52,Ultra-DSP,W5A2,5,2,14,14,1,activation,0 2 4 6 8 10 12 14 16 18 20 22 24 26,140000,0,0.0,0.0,0.0,0
53,Ultra-DSP,W5A2,5,2,14,14,1,activation,0 2 4 6 8 10 12 14 16 18 20 22 24 26,140000,0,0.0,0.0,0.0,0
54,Ultra-DSP,W5A2,5,2,14,14,1,activation,0 2 4 6 8 10 12 14 16 18 20 22 24 26,140000,0,0.0,0.0,0.0,0
55,Ultra-DSP,W5A2,5,2,14,14,1,activation,0 2 4 6 8 10 12 14 16 18 20 22 24 26,140000,0,0.0,0.0,0.0,0
56,Ultra-DSP,W5A2,5,2,14,14,1,activation,0 2 4 6 8 10 12 14 16 18 20 22 24 26,140000,0,0.0,0.0,0.0,0
57,Ultra-DSP,W5A2,5,2,14,14,1,activation,0 2 4 6 8 10 12 14 16 18 20 22 24 26,140000,0,0.0,0.0,0.0,0
58,Ultra-DSP,W5A2,5,2,14,14,1,activation,0 2 4 6 8 10 12 14 16 18 20 22 24 26,140000,0,0.0,0.0,0.0,0
59,Ultra-DSP,W5A2,5,2,14,14,1,activation,0 2 4 6 8 10 12 14 16 18 20 22 24 26,140000,0,0.0,0.0,0.0,0
60,Ultra-DSP,W5A2,5,2,14,14,1,activation,0 2 4 6 8 10 12 14 16 18 20 22 24 26,140000,0,0.0,0.0,0.0,0
61,Ultra-DSP,W5A2,5,2,14,14,1,activation,0 2 4 6 8 10 12 14 16 18 20 22 24 26,140000,0,0.0,0.0,0.0,0
62,Ultra-DSP,W5A2,5,2,14,14,1,activation,0 2 4 6 8 10 12 14 16 18 20 22 24 26,140000,0,0.0,0.0,0.0,0
63,Ultra-DSP,W5A2,5,2,14,14,1,activation,0 2 4 6 8 10 12 14 16 18 20 22 24 26,140000,0,0.0,0.0,0.0,0
64,Ultra-DSP,W5A2,5,2,14,14,1,activation,0 2 4 6 8 10 12 14 16 18 20 22 24 26,140000,0,0.0,0.0,0.0,0
65,Ultra-DSP,W5A2,5,2,14,14,1,activation,0 2 4 6 8 10 12 14 16 18 20 22 24 26,140000,0,0.0,0.0,0.0,0
66,Ultra-DSP,W5A2,5,2,14,14,1,activation,0 2 4 6 8 10 12 14 16 18 20 22 24 26,140000,0,0.0,0.0,0.0,0
67,Ultra-DSP,W5A2,5,2,14,14,1,activation,0 2 4 6 8 10 12 14 16 18 20 22 24 26,140000,0,0.0,0.0,0.0,0
68,Ultra-DSP,W5A2,5,2,14,14,1,activation,0 2 4 6 8 10 12 14 16 18 20 22 24 26,140000,0,0.0,0.0,0.0,0
69,Ultra-DSP,W5A2,5,2,14,14,1,activation,0 2 4 6 8 10 12 14 16 18 20 22 24 26,140000,0,0.0,0.0,0.0,0
70,Ultra-DSP,W5A2,5,2,14,14,1,activation,0 2 4 6 8 10 12 14 16 18 20 22 24 26,140000,0,0.0,0.0,0.0,0
71,Ultra-DSP,W5A2,5,2,14,14,1,activation,0 2 4 6 8 10 12 14 16 18 20 22 24 26,140000,0,0.0,0.0,0.0,0
72,Ultra-DSP,W5A2,5,2,14,14,1,activation,0 2 4 6 8 10 12 14 16 18 20 22 24 26,140000,0,0.0,0.0,0.0,0
73,Ultra-DSP,W5A2,5,2,14,14,1,activation,0 2 4 6 8 10 12 14 16 18 20 22 24 26,140000,0,0.0,0.0,0.0,0
74,Ultra-DSP,W5A2,5,2,14,14,1,activation,0 2 4 6 8 10 12 14 16 18 20 22 24 26,140000,0,0.0,0.0,0.0,0
75,Ultra-DSP,W5A2,5,2,14,14,1,activation,0 2 4 6 8 10 12 14 16 18 20 22 24 26,140000,0,0.0,0.0,0.0,0
76,Ultra-DSP,W5A2,5,2,14,14,1,activation,0 2 4 6 8 10 12 14 16 18 20 22 24 26,140000,0,0.0,0.0,0.0,0
77,Ultra-DSP,W5A2,5,2,14,14,1,activation,0 2 4 6 8 10 12 14 16 18 20 22 24 26,140000,0,0.0,0.0,0.0,0
78,Ultra-DSP,W5A2,5,2,14,14,1,activation,0 2 4 6 8 10 12 14 16 18 20 22 24 26,140000,0,0.0,0.0,0.0,0
79,Ultra-DSP,W5A2,5,2,14,14,1,activation,0 2 4 6 8 10 12 14 16 18 20 22 24 26,140000,0,0.0,0.0,0.0,0
80,Ultra-DSP,W5A2,5,2,14,14,1,activation,0 2 4 6 8 10 12 14 16 18 20 22 24 26,140000,0,0.0,0.0,0.0,0
81,Ultra-DSP,W5A2,5,2,14,14,1,activation,0 2 4 6 8 10 12 14 16 18 20 22 24 26,140000,0,0.0,0.0,0.0,0
82,Ultra-DSP,W5A2,5,2,14,14,1,activation,0 2 4 6 8 10 12 14 16 18 20 22 24 26,140000,0,0.0,0.0,0.0,0
83,Ultra-DSP,W5A2,5,2,14,14,1,activation,0 2 4 6 8 10 12 14 16 18 20 22 24 26,140000,0,0.0,0.0,0.0,0
84,Ultra-DSP,W5A2,5,2,14,14,1,activation,0 2 4 6 8 10 12 14 16 18 20 22 24 26,140000,0,0.0,0.0,0.0,0
85,Ultra-DSP,W5A2,5,2,14,14,1,activation,0 2 4 6 8 10 12 14 16 18 20 22 24 26,140000,0,0.0,0.0,0.0,0
86,Ultra-DSP,W5A2,5,2,14,14,1,activation,0 2 4 6 8 10 12 14 16 18 20 22 24 26,140000,0,0.0,0.0,0.0,0
87,Ultra-DSP,W5A2,5,2,14,14,1,activation,0 2 4 6 8 10 12 14 16 18 20 22 24 26,140000,0,0.0,0.0,0.0,0
88,Ultra-DSP,W5A2,5,2,14,14,1,activation,0 2 4 6 8 10 12 14 16 18 20 22 24 26,140000,0,0.0,0.0,0.0,0
89,Ultra-DSP,W5A2,5,2,14,14,1,activation,0 2 4 6 8 10 12 14 16 18 20 22 24 26,140000,0,0.0,0.0,0.0,0
90,Ultra-DSP,W5A2,5,2,14,14,1,activation,0 2 4 6 8 10 12 14 16 18 20 22 24 26,140000,0,0.0,0.0,0.0,0
91,Ultra-DSP,W5A2,5,2,14,14,1,activation,0 2 4 6 8 10 12 14 16 18 20 22 24 26,140000,0,0.0,0.0,0.0,0
92,Ultra-DSP,W5A2,5,2,14,14,1,activation,0 2 4 6 8 10 12 14 16 18 20 22 24 26,140000,0,0.0,0.0,0.0,0
93,Ultra-DSP,W5A2,5,2,14,14,1,activation,0 2 4 6 8 10 12 14 16 18 20 22 24 26,140000,0,0.0,0.0,0.0,0
94,Ultra-DSP,W5A2,5,2,14,14,1,activation,0 2 4 6 8 10 12 14 16 18 20 22 24 26,140000,0,0.0,0.0,0.0,0
95,Ultra-DSP,W5A2,5,2,14,14,1,activation,0 2 4 6 8 10 12 14 16 18 20 22 24 26,140000,0,0.0,0.0,0.0,0
96,Ultra-DSP,W5A2,5,2,14,14,1,activation,0 2 4 6 8 10 12 14 16 18 20 22 24 26,140000,0,0.0,0.0,0.0,0
97,Ultra-DSP,W5A2,5,2,14,14,1,activation,0 2 4 6 8 10 12 14 16 18 20 22 24 26,140000,0,0.0,0.0,0.0,0
98,Ultra-DSP,W5A2,5,2,14,14,1,activation,0 2 4 6 8 10 12 14 16 18 20 22 24 26,140000,0,0.0,0.0,0.0,0
99,Ultra-DSP,W5A2,5,2,14,14,1,activation,0 2 4 6 8 10 12 14 16 18 20 22 24 26,140000,0,0.0,0.0,0.0,0
0,Ultra-DSP,W5A3,5,3,9,9,1,activation,0 3 6 9 12 15 18 21 25,90000,0,0.0,0.0,0.0,0
1,Ultra-DSP,W5A3,5,3,9,9,1,activation,0 3 6 9 12 15 18 21 25,90000,0,0.0,0.0,0.0,0
2,Ultra-DSP,W5A3,5,3,9,9,1,activation,0 3 6 9 12 15 18 21 25,90000,0,0.0,0.0,0.0,0
3,Ultra-DSP,W5A3,5,3,9,9,1,activation,0 3 6 9 12 15 18 21 25,90000,0,0.0,0.0,0.0,0
4,Ultra-DSP,W5A3,5,3,9,9,1,activation,0 3 6 9 12 15 18 21 25,90000,0,0.0,0.0,0.0,0
5,Ultra-DSP,W5A3,5,3,9,9,1,activation,0 3 6 9 12 15 18 21 25,90000,0,0.0,0.0,0.0,0
6,Ultra-DSP,W5A3,5,3,9,9,1,activation,0 3 6 9 12 15 18 21 25,90000,0,0.0,0.0,0.0,0
7,Ultra-DSP,W5A3,5,3,9,9,1,activation,0 3 6 9 12 15 18 21 25,90000,0,0.0,0.0,0.0,0
8,Ultra-DSP,W5A3,5,3,9,9,1,activation,0 3 6 9 12 15 18 21 25,90000,0,0.0,0.0,0.0,0
9,Ultra-DSP,W5A3,5,3,9,9,1,activation,0 3 6 9 12 15 18 21 25,90000,0,0.0,0.0,0.0,0
10,Ultra-DSP,W5A3,5,3,9,9,1,activation,0 3 6 9 12 15 18 21 25,90000,0,0.0,0.0,0.0,0
11,Ultra-DSP,W5A3,5,3,9,9,1,activation,0 3 6 9 12 15 18 21 25,90000,0,0.0,0.0,0.0,0
12,Ultra-DSP,W5A3,5,3,9,9,1,activation,0 3 6 9 12 15 18 21 25,90000,0,0.0,0.0,0.0,0
13,Ultra-DSP,W5A3,5,3,9,9,1,activation,0 3 6 9 12 15 18 21 25,90000,0,0.0,0.0,0.0,0
14,Ultra-DSP,W5A3,5,3,9,9,1,activation,0 3 6 9 12 15 18 21 25,90000,0,0.0,0.0,0.0,0
15,Ultra-DSP,W5A3,5,3,9,9,1,activation,0 3 6 9 12 15 18 21 25,90000,0,0.0,0.0,0.0,0
16,Ultra-DSP,W5A3,5,3,9,9,1,activation,0 3 6 9 12 15 18 21 25,90000,0,0.0,0.0,0.0,0
17,Ultra-DSP,W5A3,5,3,9,9,1,activation,0 3 6 9 12 15 18 21 25,90000,0,0.0,0.0,0.0,0
18,Ultra-DSP,W5A3,5,3,9,9,1,activation,0 3 6 9 12 15 18 21 25,90000,0,0.0,0.0,0.0,0
19,Ultra-DSP,W5A3,5,3,9,9,1,activation,0 3 6 9 12 15 18 21 25,90000,0,0.0,0.0,0.0,0
20,Ultra-DSP,W5A3,5,3,9,9,1,activation,0 3 6 9 12 15 18 21 25,90000,0,0.0,0.0,0.0,0
21,Ultra-DSP,W5A3,5,3,9,9,1,activation,0 3 6 9 12 15 18 21 25,90000,0,0.0,0.0,0.0,0
22,Ultra-DSP,W5A3,5,3,9,9,1,activation,0 3 6 9 12 15 18 21 25,90000,0,0.0,0.0,0.0,0
23,Ultra-DSP,W5A3,5,3,9,9,1,activation,0 3 6 9 12 15 18 21 25,90000,0,0.0,0.0,0.0,0
24,Ultra-DSP,W5A3,5,3,9,9,1,activation,0 3 6 9 12 15 18 21 25,90000,0,0.0,0.0,0.0,0
25,Ultra-DSP,W5A3,5,3,9,9,1,activation,0 3 6 9 12 15 18 21 25,90000,0,0.0,0.0,0.0,0
26,Ultra-DSP,W5A3,5,3,9,9,1,activation,0 3 6 9 12 15 18 21 25,90000,0,0.0,0.0,0.0,0
27,Ultra-DSP,W5A3,5,3,9,9,1,activation,0 3 6 9 12 15 18 21 25,90000,0,0.0,0.0,0.0,0
28,Ultra-DSP,W5A3,5,3,9,9,1,activation,0 3 6 9 12 15 18 21 25,90000,0,0.0,0.0,0.0,0
29,Ultra-DSP,W5A3,5,3,9,9,1,activation,0 3 6 9 12 15 18 21 25,90000,0,0.0,0.0,0.0,0
30,Ultra-DSP,W5A3,5,3,9,9,1,activation,0 3 6 9 12 15 18 21 25,90000,0,0.0,0.0,0.0,0
31,Ultra-DSP,W5A3,5,3,9,9,1,activation,0 3 6 9 12 15 18 21 25,90000,0,0.0,0.0,0.0,0
32,Ultra-DSP,W5A3,5,3,9,9,1,activation,0 3 6 9 12 15 18 21 25,90000,0,0.0,0.0,0.0,0
33,Ultra-DSP,W5A3,5,3,9,9,1,activation,0 3 6 9 12 15 18 21 25,90000,0,0.0,0.0,0.0,0
34,Ultra-DSP,W5A3,5,3,9,9,1,activation,0 3 6 9 12 15 18 21 25,90000,0,0.0,0.0,0.0,0
35,Ultra-DSP,W5A3,5,3,9,9,1,activation,0 3 6 9 12 15 18 21 25,90000,0,0.0,0.0,0.0,0
36,Ultra-DSP,W5A3,5,3,9,9,1,activation,0 3 6 9 12 15 18 21 25,90000,0,0.0,0.0,0.0,0
37,Ultra-DSP,W5A3,5,3,9,9,1,activation,0 3 6 9 12 15 18 21 25,90000,0,0.0,0.0,0.0,0
38,Ultra-DSP,W5A3,5,3,9,9,1,activation,0 3 6 9 12 15 18 21 25,90000,0,0.0,0.0,0.0,0
39,Ultra-DSP,W5A3,5,3,9,9,1,activation,0 3 6 9 12 15 18 21 25,90000,0,0.0,0.0,0.0,0
40,Ultra-DSP,W5A3,5,3,9,9,1,activation,0 3 6 9 12 15 18 21 25,90000,0,0.0,0.0,0.0,0
41,Ultra-DSP,W5A3,5,3,9,9,1,activation,0 3 6 9 12 15 18 21 25,90000,0,0.0,0.0,0.0,0
42,Ultra-DSP,W5A3,5,3,9,9,1,activation,0 3 6 9 12 15 18 21 25,90000,0,0.0,0.0,0.0,0
43,Ultra-DSP,W5A3,5,3,9,9,1,activation,0 3 6 9 12 15 18 21 25,90000,0,0.0,0.0,0.0,0
44,Ultra-DSP,W5A3,5,3,9,9,1,activation,0 3 6 9 12 15 18 21 25,90000,0,0.0,0.0,0.0,0
45,Ultra-DSP,W5A3,5,3,9,9,1,activation,0 3 6 9 12 15 18 21 25,90000,0,0.0,0.0,0.0,0
46,Ultra-DSP,W5A3,5,3,9,9,1,activation,0 3 6 9 12 15 18 21 25,90000,0,0.0,0.0,0.0,0
47,Ultra-DSP,W5A3,5,3,9,9,1,activation,0 3 6 9 12 15 18 21 25,90000,0,0.0,0.0,0.0,0
48,Ultra-DSP,W5A3,5,3,9,9,1,activation,0 3 6 9 12 15 18 21 25,90000,0,0.0,0.0,0.0,0
49,Ultra-DSP,W5A3,5,3,9,9,1,activation,0 3 6 9 12 15 18 21 25,90000,0,0.0,0.0,0.0,0
50,Ultra-DSP,W5A3,5,3,9,9,1,activation,0 3 6 9 12 15 18 21 25,90000,0,0.0,0.0,0.0,0
51,Ultra-DSP,W5A3,5,3,9,9,1,activation,0 3 6 9 12 15 18 21 25,90000,0,0.0,0.0,0.0,0
52,Ultra-DSP,W5A3,5,3,9,9,1,activation,0 3 6 9 12 15 18 21 25,90000,0,0.0,0.0,0.0,0
53,Ultra-DSP,W5A3,5,3,9,9,1,activation,0 3 6 9 12 15 18 21 25,90000,0,0.0,0.0,0.0,0
54,Ultra-DSP,W5A3,5,3,9,9,1,activation,0 3 6 9 12 15 18 21 25,90000,0,0.0,0.0,0.0,0
55,Ultra-DSP,W5A3,5,3,9,9,1,activation,0 3 6 9 12 15 18 21 25,90000,0,0.0,0.0,0.0,0
56,Ultra-DSP,W5A3,5,3,9,9,1,activation,0 3 6 9 12 15 18 21 25,90000,0,0.0,0.0,0.0,0
57,Ultra-DSP,W5A3,5,3,9,9,1,activation,0 3 6 9 12 15 18 21 25,90000,0,0.0,0.0,0.0,0
58,Ultra-DSP,W5A3,5,3,9,9,1,activation,0 3 6 9 12 15 18 21 25,90000,0,0.0,0.0,0.0,0
59,Ultra-DSP,W5A3,5,3,9,9,1,activation,0 3 6 9 12 15 18 21 25,90000,0,0.0,0.0,0.0,0
60,Ultra-DSP,W5A3,5,3,9,9,1,activation,0 3 6 9 12 15 18 21 25,90000,0,0.0,0.0,0.0,0
61,Ultra-DSP,W5A3,5,3,9,9,1,activation,0 3 6 9 12 15 18 21 25,90000,0,0.0,0.0,0.0,0
62,Ultra-DSP,W5A3,5,3,9,9,1,activation,0 3 6 9 12 15 18 21 25,90000,0,0.0,0.0,0.0,0
63,Ultra-DSP,W5A3,5,3,9,9,1,activation,0 3 6 9 12 15 18 21 25,90000,0,0.0,0.0,0.0,0
64,Ultra-DSP,W5A3,5,3,9,9,1,activation,0 3 6 9 12 15 18 21 25,90000,0,0.0,0.0,0.0,0
65,Ultra-DSP,W5A3,5,3,9,9,1,activation,0 3 6 9 12 15 18 21 25,90000,0,0.0,0.0,0.0,0
66,Ultra-DSP,W5A3,5,3,9,9,1,activation,0 3 6 9 12 15 18 21 25,90000,0,0.0,0.0,0.0,0
67,Ultra-DSP,W5A3,5,3,9,9,1,activation,0 3 6 9 12 15 18 21 25,90000,0,0.0,0.0,0.0,0
68,Ultra-DSP,W5A3,5,3,9,9,1,activation,0 3 6 9 12 15 18 21 25,90000,0,0.0,0.0,0.0,0
69,Ultra-DSP,W5A3,5,3,9,9,1,activation,0 3 6 9 12 15 18 21 25,90000,0,0.0,0.0,0.0,0
70,Ultra-DSP,W5A3,5,3,9,9,1,activation,0 3 6 9 12 15 18 21 25,90000,0,0.0,0.0,0.0,0
71,Ultra-DSP,W5A3,5,3,9,9,1,activation,0 3 6 9 12 15 18 21 25,90000,0,0.0,0.0,0.0,0
72,Ultra-DSP,W5A3,5,3,9,9,1,activation,0 3 6 9 12 15 18 21 25,90000,0,0.0,0.0,0.0,0
73,Ultra-DSP,W5A3,5,3,9,9,1,activation,0 3 6 9 12 15 18 21 25,90000,0,0.0,0.0,0.0,0
74,Ultra-DSP,W5A3,5,3,9,9,1,activation,0 3 6 9 12 15 18 21 25,90000,0,0.0,0.0,0.0,0
75,Ultra-DSP,W5A3,5,3,9,9,1,activation,0 3 6 9 12 15 18 21 25,90000,0,0.0,0.0,0.0,0
76,Ultra-DSP,W5A3,5,3,9,9,1,activation,0 3 6 9 12 15 18 21 25,90000,0,0.0,0.0,0.0,0
77,Ultra-DSP,W5A3,5,3,9,9,1,activation,0 3 6 9 12 15 18 21 25,90000,0,0.0,0.0,0.0,0
78,Ultra-DSP,W5A3,5,3,9,9,1,activation,0 3 6 9 12 15 18 21 25,90000,0,0.0,0.0,0.0,0
79,Ultra-DSP,W5A3,5,3,9,9,1,activation,0 3 6 9 12 15 18 21 25,90000,0,0.0,0.0,0.0,0
80,Ultra-DSP,W5A3,5,3,9,9,1,activation,0 3 6 9 12 15 18 21 25,90000,0,0.0,0.0,0.0,0
81,Ultra-DSP,W5A3,5,3,9,9,1,activation,0 3 6 9 12 15 18 21 25,90000,0,0.0,0.0,0.0,0
82,Ultra-DSP,W5A3,5,3,9,9,1,activation,0 3 6 9 12 15 18 21 25,90000,0,0.0,0.0,0.0,0
83,Ultra-DSP,W5A3,5,3,9,9,1,activation,0 3 6 9 12 15 18 21 25,90000,0,0.0,0.0,0.0,0
84,Ultra-DSP,W5A3,5,3,9,9,1,activation,0 3 6 9 12 15 18 21 25,90000,0,0.0,0.0,0.0,0
85,Ultra-DSP,W5A3,5,3,9,9,1,activation,0 3 6 9 12 15 18 21 25,90000,0,0.0,0.0,0.0,0
86,Ultra-DSP,W5A3,5,3,9,9,1,activation,0 3 6 9 12 15 18 21 25,90000,0,0.0,0.0,0.0,0
87,Ultra-DSP,W5A3,5,3,9,9,1,activation,0 3 6 9 12 15 18 21 25,90000,0,0.0,0.0,0.0,0
88,Ultra-DSP,W5A3,5,3,9,9,1,activation,0 3 6 9 12 15 18 21 25,90000,0,0.0,0.0,0.0,0
89,Ultra-DSP,W5A3,5,3,9,9,1,activation,0 3 6 9 12 15 18 21 25,90000,0,0.0,0.0,0.0,0
90,Ultra-DSP,W5A3,5,3,9,9,1,activation,0 3 6 9 12 15 18 21 25,90000,0,0.0,0.0,0.0,0
91,Ultra-DSP,W5A3,5,3,9,9,1,activation,0 3 6 9 12 15 18 21 25,90000,0,0.0,0.0,0.0,0
92,Ultra-DSP,W5A3,5,3,9,9,1,activation,0 3 6 9 12 15 18 21 25,90000,0,0.0,0.0,0.0,0
93,Ultra-DSP,W5A3,5,3,9,9,1,activation,0 3 6 9 12 15 18 21 25,90000,0,0.0,0.0,0.0,0
94,Ultra-DSP,W5A3,5,3,9,9,1,activation,0 3 6 9 12 15 18 21 25,90000,0,0.0,0.0,0.0,0
95,Ultra-DSP,W5A3,5,3,9,9,1,activation,0 3 6 9 12 15 18 21 25,90000,0,0.0,0.0,0.0,0
96,Ultra-DSP,W5A3,5,3,9,9,1,activation,0 3 6 9 12 15 18 21 25,90000,0,0.0,0.0,0.0,0
97,Ultra-DSP,W5A3,5,3,9,9,1,activation,0 3 6 9 12 15 18 21 25,90000,0,0.0,0.0,0.0,0
98,Ultra-DSP,W5A3,5,3,9,9,1,activation,0 3 6 9 12 15 18 21 25,90000,0,0.0,0.0,0.0,0
99,Ultra-DSP,W5A3,5,3,9,9,1,activation,0 3 6 9 12 15 18 21 25,90000,0,0.0,0.0,0.0,0
0,Ultra-DSP,W5A4,5,4,7,7,1,activation,0 4 8 12 16 20 24,70000,0,0.0,0.0,0.0,0
1,Ultra-DSP,W5A4,5,4,7,7,1,activation,0 4 8 12 16 20 24,70000,0,0.0,0.0,0.0,0
2,Ultra-DSP,W5A4,5,4,7,7,1,activation,0 4 8 12 16 20 24,70000,0,0.0,0.0,0.0,0
3,Ultra-DSP,W5A4,5,4,7,7,1,activation,0 4 8 12 16 20 24,70000,0,0.0,0.0,0.0,0
4,Ultra-DSP,W5A4,5,4,7,7,1,activation,0 4 8 12 16 20 24,70000,0,0.0,0.0,0.0,0
5,Ultra-DSP,W5A4,5,4,7,7,1,activation,0 4 8 12 16 20 24,70000,0,0.0,0.0,0.0,0
6,Ultra-DSP,W5A4,5,4,7,7,1,activation,0 4 8 12 16 20 24,70000,0,0.0,0.0,0.0,0
7,Ultra-DSP,W5A4,5,4,7,7,1,activation,0 4 8 12 16 20 24,70000,0,0.0,0.0,0.0,0
8,Ultra-DSP,W5A4,5,4,7,7,1,activation,0 4 8 12 16 20 24,70000,0,0.0,0.0,0.0,0
9,Ultra-DSP,W5A4,5,4,7,7,1,activation,0 4 8 12 16 20 24,70000,0,0.0,0.0,0.0,0
10,Ultra-DSP,W5A4,5,4,7,7,1,activation,0 4 8 12 16 20 24,70000,0,0.0,0.0,0.0,0
11,Ultra-DSP,W5A4,5,4,7,7,1,activation,0 4 8 12 16 20 24,70000,0,0.0,0.0,0.0,0
12,Ultra-DSP,W5A4,5,4,7,7,1,activation,0 4 8 12 16 20 24,70000,0,0.0,0.0,0.0,0
13,Ultra-DSP,W5A4,5,4,7,7,1,activation,0 4 8 12 16 20 24,70000,0,0.0,0.0,0.0,0
14,Ultra-DSP,W5A4,5,4,7,7,1,activation,0 4 8 12 16 20 24,70000,0,0.0,0.0,0.0,0
15,Ultra-DSP,W5A4,5,4,7,7,1,activation,0 4 8 12 16 20 24,70000,0,0.0,0.0,0.0,0
16,Ultra-DSP,W5A4,5,4,7,7,1,activation,0 4 8 12 16 20 24,70000,0,0.0,0.0,0.0,0
17,Ultra-DSP,W5A4,5,4,7,7,1,activation,0 4 8 12 16 20 24,70000,0,0.0,0.0,0.0,0
18,Ultra-DSP,W5A4,5,4,7,7,1,activation,0 4 8 12 16 20 24,70000,0,0.0,0.0,0.0,0
19,Ultra-DSP,W5A4,5,4,7,7,1,activation,0 4 8 12 16 20 24,70000,0,0.0,0.0,0.0,0
20,Ultra-DSP,W5A4,5,4,7,7,1,activation,0 4 8 12 16 20 24,70000,0,0.0,0.0,0.0,0
21,Ultra-DSP,W5A4,5,4,7,7,1,activation,0 4 8 12 16 20 24,70000,0,0.0,0.0,0.0,0
22,Ultra-DSP,W5A4,5,4,7,7,1,activation,0 4 8 12 16 20 24,70000,0,0.0,0.0,0.0,0
23,Ultra-DSP,W5A4,5,4,7,7,1,activation,0 4 8 12 16 20 24,70000,0,0.0,0.0,0.0,0
24,Ultra-DSP,W5A4,5,4,7,7,1,activation,0 4 8 12 16 20 24,70000,0,0.0,0.0,0.0,0
25,Ultra-DSP,W5A4,5,4,7,7,1,activation,0 4 8 12 16 20 24,70000,0,0.0,0.0,0.0,0
26,Ultra-DSP,W5A4,5,4,7,7,1,activation,0 4 8 12 16 20 24,70000,0,0.0,0.0,0.0,0
27,Ultra-DSP,W5A4,5,4,7,7,1,activation,0 4 8 12 16 20 24,70000,0,0.0,0.0,0.0,0
28,Ultra-DSP,W5A4,5,4,7,7,1,activation,0 4 8 12 16 20 24,70000,0,0.0,0.0,0.0,0
29,Ultra-DSP,W5A4,5,4,7,7,1,activation,0 4 8 12 16 20 24,70000,0,0.0,0.0,0.0,0
30,Ultra-DSP,W5A4,5,4,7,7,1,activation,0 4 8 12 16 20 24,70000,0,0.0,0.0,0.0,0
31,Ultra-DSP,W5A4,5,4,7,7,1,activation,0 4 8 12 16 20 24,70000,0,0.0,0.0,0.0,0
32,Ultra-DSP,W5A4,5,4,7,7,1,activation,0 4 8 12 16 20 24,70000,0,0.0,0.0,0.0,0
33,Ultra-DSP,W5A4,5,4,7,7,1,activation,0 4 8 12 16 20 24,70000,0,0.0,0.0,0.0,0
34,Ultra-DSP,W5A4,5,4,7,7,1,activation,0 4 8 12 16 20 24,70000,0,0.0,0.0,0.0,0
35,Ultra-DSP,W5A4,5,4,7,7,1,activation,0 4 8 12 16 20 24,70000,0,0.0,0.0,0.0,0
36,Ultra-DSP,W5A4,5,4,7,7,1,activation,0 4 8 12 16 20 24,70000,0,0.0,0.0,0.0,0
37,Ultra-DSP,W5A4,5,4,7,7,1,activation,0 4 8 12 16 20 24,70000,0,0.0,0.0,0.0,0
38,Ultra-DSP,W5A4,5,4,7,7,1,activation,0 4 8 12 16 20 24,70000,0,0.0,0.0,0.0,0
39,Ultra-DSP,W5A4,5,4,7,7,1,activation,0 4 8 12 16 20 24,70000,0,0.0,0.0,0.0,0
40,Ultra-DSP,W5A4,5,4,7,7,1,activation,0 4 8 12 16 20 24,70000,0,0.0,0.0,0.0,0
41,Ultra-DSP,W5A4,5,4,7,7,1,activation,0 4 8 12 16 20 24,70000,0,0.0,0.0,0.0,0
42,Ultra-DSP,W5A4,5,4,7,7,1,activation,0 4 8 12 16 20 24,70000,0,0.0,0.0,0.0,0
43,Ultra-DSP,W5A4,5,4,7,7,1,activation,0 4 8 12 16 20 24,70000,0,0.0,0.0,0.0,0
44,Ultra-DSP,W5A4,5,4,7,7,1,activation,0 4 8 12 16 20 24,70000,0,0.0,0.0,0.0,0
45,Ultra-DSP,W5A4,5,4,7,7,1,activation,0 4 8 12 16 20 24,70000,0,0.0,0.0,0.0,0
46,Ultra-DSP,W5A4,5,4,7,7,1,activation,0 4 8 12 16 20 24,70000,0,0.0,0.0,0.0,0
47,Ultra-DSP,W5A4,5,4,7,7,1,activation,0 4 8 12 16 20 24,70000,0,0.0,0.0,0.0,0
48,Ultra-DSP,W5A4,5,4,7,7,1,activation,0 4 8 12 16 20 24,70000,0,0.0,0.0,0.0,0
49,Ultra-DSP,W5A4,5,4,7,7,1,activation,0 4 8 12 16 20 24,70000,0,0.0,0.0,0.0,0
50,Ultra-DSP,W5A4,5,4,7,7,1,activation,0 4 8 12 16 20 24,70000,0,0.0,0.0,0.0,0
51,Ultra-DSP,W5A4,5,4,7,7,1,activation,0 4 8 12 16 20 24,70000,0,0.0,0.0,0.0,0
52,Ultra-DSP,W5A4,5,4,7,7,1,activation,0 4 8 12 16 20 24,70000,0,0.0,0.0,0.0,0
53,Ultra-DSP,W5A4,5,4,7,7,1,activation,0 4 8 12 16 20 24,70000,0,0.0,0.0,0.0,0
54,Ultra-DSP,W5A4,5,4,7,7,1,activation,0 4 8 12 16 20 24,70000,0,0.0,0.0,0.0,0
55,Ultra-DSP,W5A4,5,4,7,7,1,activation,0 4 8 12 16 20 24,70000,0,0.0,0.0,0.0,0
56,Ultra-DSP,W5A4,5,4,7,7,1,activation,0 4 8 12 16 20 24,70000,0,0.0,0.0,0.0,0
57,Ultra-DSP,W5A4,5,4,7,7,1,activation,0 4 8 12 16 20 24,70000,0,0.0,0.0,0.0,0
58,Ultra-DSP,W5A4,5,4,7,7,1,activation,0 4 8 12 16 20 24,70000,0,0.0,0.0,0.0,0
59,Ultra-DSP,W5A4,5,4,7,7,1,activation,0 4 8 12 16 20 24,70000,0,0.0,0.0,0.0,0
60,Ultra-DSP,W5A4,5,4,7,7,1,activation,0 4 8 12 16 20 24,70000,0,0.0,0.0,0.0,0
61,Ultra-DSP,W5A4,5,4,7,7,1,activation,0 4 8 12 16 20 24,70000,0,0.0,0.0,0.0,0
62,Ultra-DSP,W5A4,5,4,7,7,1,activation,0 4 8 12 16 20 24,70000,0,0.0,0.0,0.0,0
63,Ultra-DSP,W5A4,5,4,7,7,1,activation,0 4 8 12 16 20 24,70000,0,0.0,0.0,0.0,0
64,Ultra-DSP,W5A4,5,4,7,7,1,activation,0 4 8 12 16 20 24,70000,0,0.0,0.0,0.0,0
65,Ultra-DSP,W5A4,5,4,7,7,1,activation,0 4 8 12 16 20 24,70000,0,0.0,0.0,0.0,0
66,Ultra-DSP,W5A4,5,4,7,7,1,activation,0 4 8 12 16 20 24,70000,0,0.0,0.0,0.0,0
67,Ultra-DSP,W5A4,5,4,7,7,1,activation,0 4 8 12 16 20 24,70000,0,0.0,0.0,0.0,0
68,Ultra-DSP,W5A4,5,4,7,7,1,activation,0 4 8 12 16 20 24,70000,0,0.0,0.0,0.0,0
69,Ultra-DSP,W5A4,5,4,7,7,1,activation,0 4 8 12 16 20 24,70000,0,0.0,0.0,0.0,0
70,Ultra-DSP,W5A4,5,4,7,7,1,activation,0 4 8 12 16 20 24,70000,0,0.0,0.0,0.0,0
71,Ultra-DSP,W5A4,5,4,7,7,1,activation,0 4 8 12 16 20 24,70000,0,0.0,0.0,0.0,0
72,Ultra-DSP,W5A4,5,4,7,7,1,activation,0 4 8 12 16 20 24,70000,0,0.0,0.0,0.0,0
73,Ultra-DSP,W5A4,5,4,7,7,1,activation,0 4 8 12 16 20 24,70000,0,0.0,0.0,0.0,0
74,Ultra-DSP,W5A4,5,4,7,7,1,activation,0 4 8 12 16 20 24,70000,0,0.0,0.0,0.0,0
75,Ultra-DSP,W5A4,5,4,7,7,1,activation,0 4 8 12 16 20 24,70000,0,0.0,0.0,0.0,0
76,Ultra-DSP,W5A4,5,4,7,7,1,activation,0 4 8 12 16 20 24,70000,0,0.0,0.0,0.0,0
77,Ultra-DSP,W5A4,5,4,7,7,1,activation,0 4 8 12 16 20 24,70000,0,0.0,0.0,0.0,0
78,Ultra-DSP,W5A4,5,4,7,7,1,activation,0 4 8 12 16 20 24,70000,0,0.0,0.0,0.0,0
79,Ultra-DSP,W5A4,5,4,7,7,1,activation,0 4 8 12 16 20 24,70000,0,0.0,0.0,0.0,0
80,Ultra-DSP,W5A4,5,4,7,7,1,activation,0 4 8 12 16 20 24,70000,0,0.0,0.0,0.0,0
81,Ultra-DSP,W5A4,5,4,7,7,1,activation,0 4 8 12 16 20 24,70000,0,0.0,0.0,0.0,0
82,Ultra-DSP,W5A4,5,4,7,7,1,activation,0 4 8 12 16 20 24,70000,0,0.0,0.0,0.0,0
83,Ultra-DSP,W5A4,5,4,7,7,1,activation,0 4 8 12 16 20 24,70000,0,0.0,0.0,0.0,0
84,Ultra-DSP,W5A4,5,4,7,7,1,activation,0 4 8 12 16 20 24,70000,0,0.0,0.0,0.0,0
85,Ultra-DSP,W5A4,5,4,7,7,1,activation,0 4 8 12 16 20 24,70000,0,0.0,0.0,0.0,0
86,Ultra-DSP,W5A4,5,4,7,7,1,activation,0 4 8 12 16 20 24,70000,0,0.0,0.0,0.0,0
87,Ultra-DSP,W5A4,5,4,7,7,1,activation,0 4 8 12 16 20 24,70000,0,0.0,0.0,0.0,0
88,Ultra-DSP,W5A4,5,4,7,7,1,activation,0 4 8 12 16 20 24,70000,0,0.0,0.0,0.0,0
89,Ultra-DSP,W5A4,5,4,7,7,1,activation,0 4 8 12 16 20 24,70000,0,0.0,0.0,0.0,0
90,Ultra-DSP,W5A4,5,4,7,7,1,activation,0 4 8 12 16 20 24,70000,0,0.0,0.0,0.0,0
91,Ultra-DSP,W5A4,5,4,7,7,1,activation,0 4 8 12 16 20 24,70000,0,0.0,0.0,0.0,0
92,Ultra-DSP,W5A4,5,4,7,7,1,activation,0 4 8 12 16 20 24,70000,0,0.0,0.0,0.0,0
93,Ultra-DSP,W5A4,5,4,7,7,1,activation,0 4 8 12 16 20 24,70000,0,0.0,0.0,0.0,0
94,Ultra-DSP,W5A4,5,4,7,7,1,activation,0 4 8 12 16 20 24,70000,0,0.0,0.0,0.0,0
95,Ultra-DSP,W5A4,5,4,7,7,1,activation,0 4 8 12 16 20 24,70000,0,0.0,0.0,0.0,0
96,Ultra-DSP,W5A4,5,4,7,7,1,activation,0 4 8 12 16 20 24,70000,0,0.0,0.0,0.0,0
97,Ultra-DSP,W5A4,5,4,7,7,1,activation,0 4 8 12 16 20 24,70000,0,0.0,0.0,0.0,0
98,Ultra-DSP,W5A4,5,4,7,7,1,activation,0 4 8 12 16 20 24,70000,0,0.0,0.0,0.0,0
99,Ultra-DSP,W5A4,5,4,7,7,1,activation,0 4 8 12 16 20 24,70000,0,0.0,0.0,0.0,0
0,Ultra-DSP,W5A5,5,5,5,5,1,weight,0 5 11 17 23,50000,0,0.0,0.0,0.0,0
1,Ultra-DSP,W5A5,5,5,5,5,1,weight,0 5 11 17 23,50000,0,0.0,0.0,0.0,0
2,Ultra-DSP,W5A5,5,5,5,5,1,weight,0 5 11 17 23,50000,0,0.0,0.0,0.0,0
3,Ultra-DSP,W5A5,5,5,5,5,1,weight,0 5 11 17 23,50000,0,0.0,0.0,0.0,0
4,Ultra-DSP,W5A5,5,5,5,5,1,weight,0 5 11 17 23,50000,0,0.0,0.0,0.0,0
5,Ultra-DSP,W5A5,5,5,5,5,1,weight,0 5 11 17 23,50000,0,0.0,0.0,0.0,0
6,Ultra-DSP,W5A5,5,5,5,5,1,weight,0 5 11 17 23,50000,0,0.0,0.0,0.0,0
7,Ultra-DSP,W5A5,5,5,5,5,1,weight,0 5 11 17 23,50000,0,0.0,0.0,0.0,0
8,Ultra-DSP,W5A5,5,5,5,5,1,weight,0 5 11 17 23,50000,0,0.0,0.0,0.0,0
9,Ultra-DSP,W5A5,5,5,5,5,1,weight,0 5 11 17 23,50000,0,0.0,0.0,0.0,0
10,Ultra-DSP,W5A5,5,5,5,5,1,weight,0 5 11 17 23,50000,0,0.0,0.0,0.0,0
11,Ultra-DSP,W5A5,5,5,5,5,1,weight,0 5 11 17 23,50000,0,0.0,0.0,0.0,0
12,Ultra-DSP,W5A5,5,5,5,5,1,weight,0 5 11 17 23,50000,0,0.0,0.0,0.0,0
13,Ultra-DSP,W5A5,5,5,5,5,1,weight,0 5 11 17 23,50000,0,0.0,0.0,0.0,0
14,Ultra-DSP,W5A5,5,5,5,5,1,weight,0 5 11 17 23,50000,0,0.0,0.0,0.0,0
15,Ultra-DSP,W5A5,5,5,5,5,1,weight,0 5 11 17 23,50000,0,0.0,0.0,0.0,0
16,Ultra-DSP,W5A5,5,5,5,5,1,weight,0 5 11 17 23,50000,0,0.0,0.0,0.0,0
17,Ultra-DSP,W5A5,5,5,5,5,1,weight,0 5 11 17 23,50000,0,0.0,0.0,0.0,0
18,Ultra-DSP,W5A5,5,5,5,5,1,weight,0 5 11 17 23,50000,0,0.0,0.0,0.0,0
19,Ultra-DSP,W5A5,5,5,5,5,1,weight,0 5 11 17 23,50000,0,0.0,0.0,0.0,0
20,Ultra-DSP,W5A5,5,5,5,5,1,weight,0 5 11 17 23,50000,0,0.0,0.0,0.0,0
21,Ultra-DSP,W5A5,5,5,5,5,1,weight,0 5 11 17 23,50000,0,0.0,0.0,0.0,0
22,Ultra-DSP,W5A5,5,5,5,5,1,weight,0 5 11 17 23,50000,0,0.0,0.0,0.0,0
23,Ultra-DSP,W5A5,5,5,5,5,1,weight,0 5 11 17 23,50000,0,0.0,0.0,0.0,0
24,Ultra-DSP,W5A5,5,5,5,5,1,weight,0 5 11 17 23,50000,0,0.0,0.0,0.0,0
25,Ultra-DSP,W5A5,5,5,5,5,1,weight,0 5 11 17 23,50000,0,0.0,0.0,0.0,0
26,Ultra-DSP,W5A5,5,5,5,5,1,weight,0 5 11 17 23,50000,0,0.0,0.0,0.0,0
27,Ultra-DSP,W5A5,5,5,5,5,1,weight,0 5 11 17 23,50000,0,0.0,0.0,0.0,0
28,Ultra-DSP,W5A5,5,5,5,5,1,weight,0 5 11 17 23,50000,0,0.0,0.0,0.0,0
29,Ultra-DSP,W5A5,5,5,5,5,1,weight,0 5 11 17 23,50000,0,0.0,0.0,0.0,0
30,Ultra-DSP,W5A5,5,5,5,5,1,weight,0 5 11 17 23,50000,0,0.0,0.0,0.0,0
31,Ultra-DSP,W5A5,5,5,5,5,1,weight,0 5 11 17 23,50000,0,0.0,0.0,0.0,0
32,Ultra-DSP,W5A5,5,5,5,5,1,weight,0 5 11 17 23,50000,0,0.0,0.0,0.0,0
33,Ultra-DSP,W5A5,5,5,5,5,1,weight,0 5 11 17 23,50000,0,0.0,0.0,0.0,0
34,Ultra-DSP,W5A5,5,5,5,5,1,weight,0 5 11 17 23,50000,0,0.0,0.0,0.0,0
35,Ultra-DSP,W5A5,5,5,5,5,1,weight,0 5 11 17 23,50000,0,0.0,0.0,0.0,0
36,Ultra-DSP,W5A5,5,5,5,5,1,weight,0 5 11 17 23,50000,0,0.0,0.0,0.0,0
37,Ultra-DSP,W5A5,5,5,5,5,1,weight,0 5 11 17 23,50000,0,0.0,0.0,0.0,0
38,Ultra-DSP,W5A5,5,5,5,5,1,weight,0 5 11 17 23,50000,0,0.0,0.0,0.0,0
39,Ultra-DSP,W5A5,5,5,5,5,1,weight,0 5 11 17 23,50000,0,0.0,0.0,0.0,0
40,Ultra-DSP,W5A5,5,5,5,5,1,weight,0 5 11 17 23,50000,0,0.0,0.0,0.0,0
41,Ultra-DSP,W5A5,5,5,5,5,1,weight,0 5 11 17 23,50000,0,0.0,0.0,0.0,0
42,Ultra-DSP,W5A5,5,5,5,5,1,weight,0 5 11 17 23,50000,0,0.0,0.0,0.0,0
43,Ultra-DSP,W5A5,5,5,5,5,1,weight,0 5 11 17 23,50000,0,0.0,0.0,0.0,0
44,Ultra-DSP,W5A5,5,5,5,5,1,weight,0 5 11 17 23,50000,0,0.0,0.0,0.0,0
45,Ultra-DSP,W5A5,5,5,5,5,1,weight,0 5 11 17 23,50000,0,0.0,0.0,0.0,0
46,Ultra-DSP,W5A5,5,5,5,5,1,weight,0 5 11 17 23,50000,0,0.0,0.0,0.0,0
47,Ultra-DSP,W5A5,5,5,5,5,1,weight,0 5 11 17 23,50000,0,0.0,0.0,0.0,0
48,Ultra-DSP,W5A5,5,5,5,5,1,weight,0 5 11 17 23,50000,0,0.0,0.0,0.0,0
49,Ultra-DSP,W5A5,5,5,5,5,1,weight,0 5 11 17 23,50000,0,0.0,0.0,0.0,0
50,Ultra-DSP,W5A5,5,5,5,5,1,weight,0 5 11 17 23,50000,0,0.0,0.0,0.0,0
51,Ultra-DSP,W5A5,5,5,5,5,1,weight,0 5 11 17 23,50000,0,0.0,0.0,0.0,0
52,Ultra-DSP,W5A5,5,5,5,5,1,weight,0 5 11 17 23,50000,0,0.0,0.0,0.0,0
53,Ultra-DSP,W5A5,5,5,5,5,1,weight,0 5 11 17 23,50000,0,0.0,0.0,0.0,0
54,Ultra-DSP,W5A5,5,5,5,5,1,weight,0 5 11 17 23,50000,0,0.0,0.0,0.0,0
55,Ultra-DSP,W5A5,5,5,5,5,1,weight,0 5 11 17 23,50000,0,0.0,0.0,0.0,0
56,Ultra-DSP,W5A5,5,5,5,5,1,weight,0 5 11 17 23,50000,0,0.0,0.0,0.0,0
57,Ultra-DSP,W5A5,5,5,5,5,1,weight,0 5 11 17 23,50000,0,0.0,0.0,0.0,0
58,Ultra-DSP,W5A5,5,5,5,5,1,weight,0 5 11 17 23,50000,0,0.0,0.0,0.0,0
59,Ultra-DSP,W5A5,5,5,5,5,1,weight,0 5 11 17 23,50000,0,0.0,0.0,0.0,0
60,Ultra-DSP,W5A5,5,5,5,5,1,weight,0 5 11 17 23,50000,0,0.0,0.0,0.0,0
61,Ultra-DSP,W5A5,5,5,5,5,1,weight,0 5 11 17 23,50000,0,0.0,0.0,0.0,0
62,Ultra-DSP,W5A5,5,5,5,5,1,weight,0 5 11 17 23,50000,0,0.0,0.0,0.0,0
63,Ultra-DSP,W5A5,5,5,5,5,1,weight,0 5 11 17 23,50000,0,0.0,0.0,0.0,0
64,Ultra-DSP,W5A5,5,5,5,5,1,weight,0 5 11 17 23,50000,0,0.0,0.0,0.0,0
65,Ultra-DSP,W5A5,5,5,5,5,1,weight,0 5 11 17 23,50000,0,0.0,0.0,0.0,0
66,Ultra-DSP,W5A5,5,5,5,5,1,weight,0 5 11 17 23,50000,0,0.0,0.0,0.0,0
67,Ultra-DSP,W5A5,5,5,5,5,1,weight,0 5 11 17 23,50000,0,0.0,0.0,0.0,0
68,Ultra-DSP,W5A5,5,5,5,5,1,weight,0 5 11 17 23,50000,0,0.0,0.0,0.0,0
69,Ultra-DSP,W5A5,5,5,5,5,1,weight,0 5 11 17 23,50000,0,0.0,0.0,0.0,0
70,Ultra-DSP,W5A5,5,5,5,5,1,weight,0 5 11 17 23,50000,0,0.0,0.0,0.0,0
71,Ultra-DSP,W5A5,5,5,5,5,1,weight,0 5 11 17 23,50000,0,0.0,0.0,0.0,0
72,Ultra-DSP,W5A5,5,5,5,5,1,weight,0 5 11 17 23,50000,0,0.0,0.0,0.0,0
73,Ultra-DSP,W5A5,5,5,5,5,1,weight,0 5 11 17 23,50000,0,0.0,0.0,0.0,0
74,Ultra-DSP,W5A5,5,5,5,5,1,weight,0 5 11 17 23,50000,0,0.0,0.0,0.0,0
75,Ultra-DSP,W5A5,5,5,5,5,1,weight,0 5 11 17 23,50000,0,0.0,0.0,0.0,0
76,Ultra-DSP,W5A5,5,5,5,5,1,weight,0 5 11 17 23,50000,0,0.0,0.0,0.0,0
77,Ultra-DSP,W5A5,5,5,5,5,1,weight,0 5 11 17 23,50000,0,0.0,0.0,0.0,0
78,Ultra-DSP,W5A5,5,5,5,5,1,weight,0 5 11 17 23,50000,0,0.0,0.0,0.0,0
79,Ultra-DSP,W5A5,5,5,5,5,1,weight,0 5 11 17 23,50000,0,0.0,0.0,0.0,0
80,Ultra-DSP,W5A5,5,5,5,5,1,weight,0 5 11 17 23,50000,0,0.0,0.0,0.0,0
81,Ultra-DSP,W5A5,5,5,5,5,1,weight,0 5 11 17 23,50000,0,0.0,0.0,0.0,0
82,Ultra-DSP,W5A5,5,5,5,5,1,weight,0 5 11 17 23,50000,0,0.0,0.0,0.0,0
83,Ultra-DSP,W5A5,5,5,5,5,1,weight,0 5 11 17 23,50000,0,0.0,0.0,0.0,0
84,Ultra-DSP,W5A5,5,5,5,5,1,weight,0 5 11 17 23,50000,0,0.0,0.0,0.0,0
85,Ultra-DSP,W5A5,5,5,5,5,1,weight,0 5 11 17 23,50000,0,0.0,0.0,0.0,0
86,Ultra-DSP,W5A5,5,5,5,5,1,weight,0 5 11 17 23,50000,0,0.0,0.0,0.0,0
87,Ultra-DSP,W5A5,5,5,5,5,1,weight,0 5 11 17 23,50000,0,0.0,0.0,0.0,0
88,Ultra-DSP,W5A5,5,5,5,5,1,weight,0 5 11 17 23,50000,0,0.0,0.0,0.0,0
89,Ultra-DSP,W5A5,5,5,5,5,1,weight,0 5 11 17 23,50000,0,0.0,0.0,0.0,0
90,Ultra-DSP,W5A5,5,5,5,5,1,weight,0 5 11 17 23,50000,0,0.0,0.0,0.0,0
91,Ultra-DSP,W5A5,5,5,5,5,1,weight,0 5 11 17 23,50000,0,0.0,0.0,0.0,0
92,Ultra-DSP,W5A5,5,5,5,5,1,weight,0 5 11 17 23,50000,0,0.0,0.0,0.0,0
93,Ultra-DSP,W5A5,5,5,5,5,1,weight,0 5 11 17 23,50000,0,0.0,0.0,0.0,0
94,Ultra-DSP,W5A5,5,5,5,5,1,weight,0 5 11 17 23,50000,0,0.0,0.0,0.0,0
95,Ultra-DSP,W5A5,5,5,5,5,1,weight,0 5 11 17 23,50000,0,0.0,0.0,0.0,0
96,Ultra-DSP,W5A5,5,5,5,5,1,weight,0 5 11 17 23,50000,0,0.0,0.0,0.0,0
97,Ultra-DSP,W5A5,5,5,5,5,1,weight,0 5 11 17 23,50000,0,0.0,0.0,0.0,0
98,Ultra-DSP,W5A5,5,5,5,5,1,weight,0 5 11 17 23,50000,0,0.0,0.0,0.0,0
99,Ultra-DSP,W5A5,5,5,5,5,1,weight,0 5 11 17 23,50000,0,0.0,0.0,0.0,0
0,Ultra-DSP,W5A6,5,6,4,4,1,weight,0 7 15 23,40000,0,0.0,0.0,0.0,0
1,Ultra-DSP,W5A6,5,6,4,4,1,weight,0 7 15 23,40000,0,0.0,0.0,0.0,0
2,Ultra-DSP,W5A6,5,6,4,4,1,weight,0 7 15 23,40000,0,0.0,0.0,0.0,0
3,Ultra-DSP,W5A6,5,6,4,4,1,weight,0 7 15 23,40000,0,0.0,0.0,0.0,0
4,Ultra-DSP,W5A6,5,6,4,4,1,weight,0 7 15 23,40000,0,0.0,0.0,0.0,0
5,Ultra-DSP,W5A6,5,6,4,4,1,weight,0 7 15 23,40000,0,0.0,0.0,0.0,0
6,Ultra-DSP,W5A6,5,6,4,4,1,weight,0 7 15 23,40000,0,0.0,0.0,0.0,0
7,Ultra-DSP,W5A6,5,6,4,4,1,weight,0 7 15 23,40000,0,0.0,0.0,0.0,0
8,Ultra-DSP,W5A6,5,6,4,4,1,weight,0 7 15 23,40000,0,0.0,0.0,0.0,0
9,Ultra-DSP,W5A6,5,6,4,4,1,weight,0 7 15 23,40000,0,0.0,0.0,0.0,0
10,Ultra-DSP,W5A6,5,6,4,4,1,weight,0 7 15 23,40000,0,0.0,0.0,0.0,0
11,Ultra-DSP,W5A6,5,6,4,4,1,weight,0 7 15 23,40000,0,0.0,0.0,0.0,0
12,Ultra-DSP,W5A6,5,6,4,4,1,weight,0 7 15 23,40000,0,0.0,0.0,0.0,0
13,Ultra-DSP,W5A6,5,6,4,4,1,weight,0 7 15 23,40000,0,0.0,0.0,0.0,0
14,Ultra-DSP,W5A6,5,6,4,4,1,weight,0 7 15 23,40000,0,0.0,0.0,0.0,0
15,Ultra-DSP,W5A6,5,6,4,4,1,weight,0 7 15 23,40000,0,0.0,0.0,0.0,0
16,Ultra-DSP,W5A6,5,6,4,4,1,weight,0 7 15 23,40000,0,0.0,0.0,0.0,0
17,Ultra-DSP,W5A6,5,6,4,4,1,weight,0 7 15 23,40000,0,0.0,0.0,0.0,0
18,Ultra-DSP,W5A6,5,6,4,4,1,weight,0 7 15 23,40000,0,0.0,0.0,0.0,0
19,Ultra-DSP,W5A6,5,6,4,4,1,weight,0 7 15 23,40000,0,0.0,0.0,0.0,0
20,Ultra-DSP,W5A6,5,6,4,4,1,weight,0 7 15 23,40000,0,0.0,0.0,0.0,0
21,Ultra-DSP,W5A6,5,6,4,4,1,weight,0 7 15 23,40000,0,0.0,0.0,0.0,0
22,Ultra-DSP,W5A6,5,6,4,4,1,weight,0 7 15 23,40000,0,0.0,0.0,0.0,0
23,Ultra-DSP,W5A6,5,6,4,4,1,weight,0 7 15 23,40000,0,0.0,0.0,0.0,0
24,Ultra-DSP,W5A6,5,6,4,4,1,weight,0 7 15 23,40000,0,0.0,0.0,0.0,0
25,Ultra-DSP,W5A6,5,6,4,4,1,weight,0 7 15 23,40000,0,0.0,0.0,0.0,0
26,Ultra-DSP,W5A6,5,6,4,4,1,weight,0 7 15 23,40000,0,0.0,0.0,0.0,0
27,Ultra-DSP,W5A6,5,6,4,4,1,weight,0 7 15 23,40000,0,0.0,0.0,0.0,0
28,Ultra-DSP,W5A6,5,6,4,4,1,weight,0 7 15 23,40000,0,0.0,0.0,0.0,0
29,Ultra-DSP,W5A6,5,6,4,4,1,weight,0 7 15 23,40000,0,0.0,0.0,0.0,0
30,Ultra-DSP,W5A6,5,6,4,4,1,weight,0 7 15 23,40000,0,0.0,0.0,0.0,0
31,Ultra-DSP,W5A6,5,6,4,4,1,weight,0 7 15 23,40000,0,0.0,0.0,0.0,0
32,Ultra-DSP,W5A6,5,6,4,4,1,weight,0 7 15 23,40000,0,0.0,0.0,0.0,0
33,Ultra-DSP,W5A6,5,6,4,4,1,weight,0 7 15 23,40000,0,0.0,0.0,0.0,0
34,Ultra-DSP,W5A6,5,6,4,4,1,weight,0 7 15 23,40000,0,0.0,0.0,0.0,0
35,Ultra-DSP,W5A6,5,6,4,4,1,weight,0 7 15 23,40000,0,0.0,0.0,0.0,0
36,Ultra-DSP,W5A6,5,6,4,4,1,weight,0 7 15 23,40000,0,0.0,0.0,0.0,0
37,Ultra-DSP,W5A6,5,6,4,4,1,weight,0 7 15 23,40000,0,0.0,0.0,0.0,0
38,Ultra-DSP,W5A6,5,6,4,4,1,weight,0 7 15 23,40000,0,0.0,0.0,0.0,0
39,Ultra-DSP,W5A6,5,6,4,4,1,weight,0 7 15 23,40000,0,0.0,0.0,0.0,0
40,Ultra-DSP,W5A6,5,6,4,4,1,weight,0 7 15 23,40000,0,0.0,0.0,0.0,0
41,Ultra-DSP,W5A6,5,6,4,4,1,weight,0 7 15 23,40000,0,0.0,0.0,0.0,0
42,Ultra-DSP,W5A6,5,6,4,4,1,weight,0 7 15 23,40000,0,0.0,0.0,0.0,0
43,Ultra-DSP,W5A6,5,6,4,4,1,weight,0 7 15 23,40000,0,0.0,0.0,0.0,0
44,Ultra-DSP,W5A6,5,6,4,4,1,weight,0 7 15 23,40000,0,0.0,0.0,0.0,0
45,Ultra-DSP,W5A6,5,6,4,4,1,weight,0 7 15 23,40000,0,0.0,0.0,0.0,0
46,Ultra-DSP,W5A6,5,6,4,4,1,weight,0 7 15 23,40000,0,0.0,0.0,0.0,0
47,Ultra-DSP,W5A6,5,6,4,4,1,weight,0 7 15 23,40000,0,0.0,0.0,0.0,0
48,Ultra-DSP,W5A6,5,6,4,4,1,weight,0 7 15 23,40000,0,0.0,0.0,0.0,0
49,Ultra-DSP,W5A6,5,6,4,4,1,weight,0 7 15 23,40000,0,0.0,0.0,0.0,0
50,Ultra-DSP,W5A6,5,6,4,4,1,weight,0 7 15 23,40000,0,0.0,0.0,0.0,0
51,Ultra-DSP,W5A6,5,6,4,4,1,weight,0 7 15 23,40000,0,0.0,0.0,0.0,0
52,Ultra-DSP,W5A6,5,6,4,4,1,weight,0 7 15 23,40000,0,0.0,0.0,0.0,0
53,Ultra-DSP,W5A6,5,6,4,4,1,weight,0 7 15 23,40000,0,0.0,0.0,0.0,0
54,Ultra-DSP,W5A6,5,6,4,4,1,weight,0 7 15 23,40000,0,0.0,0.0,0.0,0
55,Ultra-DSP,W5A6,5,6,4,4,1,weight,0 7 15 23,40000,0,0.0,0.0,0.0,0
56,Ultra-DSP,W5A6,5,6,4,4,1,weight,0 7 15 23,40000,0,0.0,0.0,0.0,0
57,Ultra-DSP,W5A6,5,6,4,4,1,weight,0 7 15 23,40000,0,0.0,0.0,0.0,0
58,Ultra-DSP,W5A6,5,6,4,4,1,weight,0 7 15 23,40000,0,0.0,0.0,0.0,0
59,Ultra-DSP,W5A6,5,6,4,4,1,weight,0 7 15 23,40000,0,0.0,0.0,0.0,0
60,Ultra-DSP,W5A6,5,6,4,4,1,weight,0 7 15 23,40000,0,0.0,0.0,0.0,0
61,Ultra-DSP,W5A6,5,6,4,4,1,weight,0 7 15 23,40000,0,0.0,0.0,0.0,0
62,Ultra-DSP,W5A6,5,6,4,4,1,weight,0 7 15 23,40000,0,0.0,0.0,0.0,0
63,Ultra-DSP,W5A6,5,6,4,4,1,weight,0 7 15 23,40000,0,0.0,0.0,0.0,0
64,Ultra-DSP,W5A6,5,6,4,4,1,weight,0 7 15 23,40000,0,0.0,0.0,0.0,0
65,Ultra-DSP,W5A6,5,6,4,4,1,weight,0 7 15 23,40000,0,0.0,0.0,0.0,0
66,Ultra-DSP,W5A6,5,6,4,4,1,weight,0 7 15 23,40000,0,0.0,0.0,0.0,0
67,Ultra-DSP,W5A6,5,6,4,4,1,weight,0 7 15 23,40000,0,0.0,0.0,0.0,0
68,Ultra-DSP,W5A6,5,6,4,4,1,weight,0 7 15 23,40000,0,0.0,0.0,0.0,0
69,Ultra-DSP,W5A6,5,6,4,4,1,weight,0 7 15 23,40000,0,0.0,0.0,0.0,0
70,Ultra-DSP,W5A6,5,6,4,4,1,weight,0 7 15 23,40000,0,0.0,0.0,0.0,0
71,Ultra-DSP,W5A6,5,6,4,4,1,weight,0 7 15 23,40000,0,0.0,0.0,0.0,0
72,Ultra-DSP,W5A6,5,6,4,4,1,weight,0 7 15 23,40000,0,0.0,0.0,0.0,0
73,Ultra-DSP,W5A6,5,6,4,4,1,weight,0 7 15 23,40000,0,0.0,0.0,0.0,0
74,Ultra-DSP,W5A6,5,6,4,4,1,weight,0 7 15 23,40000,0,0.0,0.0,0.0,0
75,Ultra-DSP,W5A6,5,6,4,4,1,weight,0 7 15 23,40000,0,0.0,0.0,0.0,0
76,Ultra-DSP,W5A6,5,6,4,4,1,weight,0 7 15 23,40000,0,0.0,0.0,0.0,0
77,Ultra-DSP,W5A6,5,6,4,4,1,weight,0 7 15 23,40000,0,0.0,0.0,0.0,0
78,Ultra-DSP,W5A6,5,6,4,4,1,weight,0 7 15 23,40000,0,0.0,0.0,0.0,0
79,Ultra-DSP,W5A6,5,6,4,4,1,weight,0 7 15 23,40000,0,0.0,0.0,0.0,0
80,Ultra-DSP,W5A6,5,6,4,4,1,weight,0 7 15 23,40000,0,0.0,0.0,0.0,0
81,Ultra-DSP,W5A6,5,6,4,4,1,weight,0 7 15 23,40000,0,0.0,0.0,0.0,0
82,Ultra-DSP,W5A6,5,6,4,4,1,weight,0 7 15 23,40000,0,0.0,0.0,0.0,0
83,Ultra-DSP,W5A6,5,6,4,4,1,weight,0 7 15 23,40000,0,0.0,0.0,0.0,0
84,Ultra-DSP,W5A6,5,6,4,4,1,weight,0 7 15 23,40000,0,0.0,0.0,0.0,0
85,Ultra-DSP,W5A6,5,6,4,4,1,weight,0 7 15 23,40000,0,0.0,0.0,0.0,0
86,Ultra-DSP,W5A6,5,6,4,4,1,weight,0 7 15 23,40000,0,0.0,0.0,0.0,0
87,Ultra-DSP,W5A6,5,6,4,4,1,weight,0 7 15 23,40000,0,0.0,0.0,0.0,0
88,Ultra-DSP,W5A6,5,6,4,4,1,weight,0 7 15 23,40000,0,0.0,0.0,0.0,0
89,Ultra-DSP,W5A6,5,6,4,4,1,weight,0 7 15 23,40000,0,0.0,0.0,0.0,0
90,Ultra-DSP,W5A6,5,6,4,4,1,weight,0 7 15 23,40000,0,0.0,0.0,0.0,0
91,Ultra-DSP,W5A6,5,6,4,4,1,weight,0 7 15 23,40000,0,0.0,0.0,0.0,0
92,Ultra-DSP,W5A6,5,6,4,4,1,weight,0 7 15 23,40000,0,0.0,0.0,0.0,0
93,Ultra-DSP,W5A6,5,6,4,4,1,weight,0 7 15 23,40000,0,0.0,0.0,0.0,0
94,Ultra-DSP,W5A6,5,6,4,4,1,weight,0 7 15 23,40000,0,0.0,0.0,0.0,0
95,Ultra-DSP,W5A6,5,6,4,4,1,weight,0 7 15 23,40000,0,0.0,0.0,0.0,0
96,Ultra-DSP,W5A6,5,6,4,4,1,weight,0 7 15 23,40000,0,0.0,0.0,0.0,0
97,Ultra-DSP,W5A6,5,6,4,4,1,weight,0 7 15 23,40000,0,0.0,0.0,0.0,0
98,Ultra-DSP,W5A6,5,6,4,4,1,weight,0 7 15 23,40000,0,0.0,0.0,0.0,0
99,Ultra-DSP,W5A6,5,6,4,4,1,weight,0 7 15 23,40000,0,0.0,0.0,0.0,0
0,Ultra-DSP,W5A7,5,7,4,4,1,weight,0 7 15 23,40000,0,0.0,0.0,0.0,0
1,Ultra-DSP,W5A7,5,7,4,4,1,weight,0 7 15 23,40000,0,0.0,0.0,0.0,0
2,Ultra-DSP,W5A7,5,7,4,4,1,weight,0 7 15 23,40000,0,0.0,0.0,0.0,0
3,Ultra-DSP,W5A7,5,7,4,4,1,weight,0 7 15 23,40000,0,0.0,0.0,0.0,0
4,Ultra-DSP,W5A7,5,7,4,4,1,weight,0 7 15 23,40000,0,0.0,0.0,0.0,0
5,Ultra-DSP,W5A7,5,7,4,4,1,weight,0 7 15 23,40000,0,0.0,0.0,0.0,0
6,Ultra-DSP,W5A7,5,7,4,4,1,weight,0 7 15 23,40000,0,0.0,0.0,0.0,0
7,Ultra-DSP,W5A7,5,7,4,4,1,weight,0 7 15 23,40000,0,0.0,0.0,0.0,0
8,Ultra-DSP,W5A7,5,7,4,4,1,weight,0 7 15 23,40000,0,0.0,0.0,0.0,0
9,Ultra-DSP,W5A7,5,7,4,4,1,weight,0 7 15 23,40000,0,0.0,0.0,0.0,0
10,Ultra-DSP,W5A7,5,7,4,4,1,weight,0 7 15 23,40000,0,0.0,0.0,0.0,0
11,Ultra-DSP,W5A7,5,7,4,4,1,weight,0 7 15 23,40000,0,0.0,0.0,0.0,0
12,Ultra-DSP,W5A7,5,7,4,4,1,weight,0 7 15 23,40000,0,0.0,0.0,0.0,0
13,Ultra-DSP,W5A7,5,7,4,4,1,weight,0 7 15 23,40000,0,0.0,0.0,0.0,0
14,Ultra-DSP,W5A7,5,7,4,4,1,weight,0 7 15 23,40000,0,0.0,0.0,0.0,0
15,Ultra-DSP,W5A7,5,7,4,4,1,weight,0 7 15 23,40000,0,0.0,0.0,0.0,0
16,Ultra-DSP,W5A7,5,7,4,4,1,weight,0 7 15 23,40000,0,0.0,0.0,0.0,0
17,Ultra-DSP,W5A7,5,7,4,4,1,weight,0 7 15 23,40000,0,0.0,0.0,0.0,0
18,Ultra-DSP,W5A7,5,7,4,4,1,weight,0 7 15 23,40000,0,0.0,0.0,0.0,0
19,Ultra-DSP,W5A7,5,7,4,4,1,weight,0 7 15 23,40000,0,0.0,0.0,0.0,0
20,Ultra-DSP,W5A7,5,7,4,4,1,weight,0 7 15 23,40000,0,0.0,0.0,0.0,0
21,Ultra-DSP,W5A7,5,7,4,4,1,weight,0 7 15 23,40000,0,0.0,0.0,0.0,0
22,Ultra-DSP,W5A7,5,7,4,4,1,weight,0 7 15 23,40000,0,0.0,0.0,0.0,0
23,Ultra-DSP,W5A7,5,7,4,4,1,weight,0 7 15 23,40000,0,0.0,0.0,0.0,0
24,Ultra-DSP,W5A7,5,7,4,4,1,weight,0 7 15 23,40000,0,0.0,0.0,0.0,0
25,Ultra-DSP,W5A7,5,7,4,4,1,weight,0 7 15 23,40000,0,0.0,0.0,0.0,0
26,Ultra-DSP,W5A7,5,7,4,4,1,weight,0 7 15 23,40000,0,0.0,0.0,0.0,0
27,Ultra-DSP,W5A7,5,7,4,4,1,weight,0 7 15 23,40000,0,0.0,0.0,0.0,0
28,Ultra-DSP,W5A7,5,7,4,4,1,weight,0 7 15 23,40000,0,0.0,0.0,0.0,0
29,Ultra-DSP,W5A7,5,7,4,4,1,weight,0 7 15 23,40000,0,0.0,0.0,0.0,0
30,Ultra-DSP,W5A7,5,7,4,4,1,weight,0 7 15 23,40000,0,0.0,0.0,0.0,0
31,Ultra-DSP,W5A7,5,7,4,4,1,weight,0 7 15 23,40000,0,0.0,0.0,0.0,0
32,Ultra-DSP,W5A7,5,7,4,4,1,weight,0 7 15 23,40000,0,0.0,0.0,0.0,0
33,Ultra-DSP,W5A7,5,7,4,4,1,weight,0 7 15 23,40000,0,0.0,0.0,0.0,0
34,Ultra-DSP,W5A7,5,7,4,4,1,weight,0 7 15 23,40000,0,0.0,0.0,0.0,0
35,Ultra-DSP,W5A7,5,7,4,4,1,weight,0 7 15 23,40000,0,0.0,0.0,0.0,0
36,Ultra-DSP,W5A7,5,7,4,4,1,weight,0 7 15 23,40000,0,0.0,0.0,0.0,0
37,Ultra-DSP,W5A7,5,7,4,4,1,weight,0 7 15 23,40000,0,0.0,0.0,0.0,0
38,Ultra-DSP,W5A7,5,7,4,4,1,weight,0 7 15 23,40000,0,0.0,0.0,0.0,0
39,Ultra-DSP,W5A7,5,7,4,4,1,weight,0 7 15 23,40000,0,0.0,0.0,0.0,0
40,Ultra-DSP,W5A7,5,7,4,4,1,weight,0 7 15 23,40000,0,0.0,0.0,0.0,0
41,Ultra-DSP,W5A7,5,7,4,4,1,weight,0 7 15 23,40000,0,0.0,0.0,0.0,0
42,Ultra-DSP,W5A7,5,7,4,4,1,weight,0 7 15 23,40000,0,0.0,0.0,0.0,0
43,Ultra-DSP,W5A7,5,7,4,4,1,weight,0 7 15 23,40000,0,0.0,0.0,0.0,0
44,Ultra-DSP,W5A7,5,7,4,4,1,weight,0 7 15 23,40000,0,0.0,0.0,0.0,0
45,Ultra-DSP,W5A7,5,7,4,4,1,weight,0 7 15 23,40000,0,0.0,0.0,0.0,0
46,Ultra-DSP,W5A7,5,7,4,4,1,weight,0 7 15 23,40000,0,0.0,0.0,0.0,0
47,Ultra-DSP,W5A7,5,7,4,4,1,weight,0 7 15 23,40000,0,0.0,0.0,0.0,0
48,Ultra-DSP,W5A7,5,7,4,4,1,weight,0 7 15 23,40000,0,0.0,0.0,0.0,0
49,Ultra-DSP,W5A7,5,7,4,4,1,weight,0 7 15 23,40000,0,0.0,0.0,0.0,0
50,Ultra-DSP,W5A7,5,7,4,4,1,weight,0 7 15 23,40000,0,0.0,0.0,0.0,0
51,Ultra-DSP,W5A7,5,7,4,4,1,weight,0 7 15 23,40000,0,0.0,0.0,0.0,0
52,Ultra-DSP,W5A7,5,7,4,4,1,weight,0 7 15 23,40000,0,0.0,0.0,0.0,0
53,Ultra-DSP,W5A7,5,7,4,4,1,weight,0 7 15 23,40000,0,0.0,0.0,0.0,0
54,Ultra-DSP,W5A7,5,7,4,4,1,weight,0 7 15 23,40000,0,0.0,0.0,0.0,0
55,Ultra-DSP,W5A7,5,7,4,4,1,weight,0 7 15 23,40000,0,0.0,0.0,0.0,0
56,Ultra-DSP,W5A7,5,7,4,4,1,weight,0 7 15 23,40000,0,0.0,0.0,0.0,0
57,Ultra-DSP,W5A7,5,7,4,4,1,weight,0 7 15 23,40000,0,0.0,0.0,0.0,0
58,Ultra-DSP,W5A7,5,7,4,4,1,weight,0 7 15 23,40000,0,0.0,0.0,0.0,0
59,Ultra-DSP,W5A7,5,7,4,4,1,weight,0 7 15 23,40000,0,0.0,0.0,0.0,0
60,Ultra-DSP,W5A7,5,7,4,4,1,weight,0 7 15 23,40000,0,0.0,0.0,0.0,0
61,Ultra-DSP,W5A7,5,7,4,4,1,weight,0 7 15 23,40000,0,0.0,0.0,0.0,0
62,Ultra-DSP,W5A7,5,7,4,4,1,weight,0 7 15 23,40000,0,0.0,0.0,0.0,0
63,Ultra-DSP,W5A7,5,7,4,4,1,weight,0 7 15 23,40000,0,0.0,0.0,0.0,0
64,Ultra-DSP,W5A7,5,7,4,4,1,weight,0 7 15 23,40000,0,0.0,0.0,0.0,0
65,Ultra-DSP,W5A7,5,7,4,4,1,weight,0 7 15 23,40000,0,0.0,0.0,0.0,0
66,Ultra-DSP,W5A7,5,7,4,4,1,weight,0 7 15 23,40000,0,0.0,0.0,0.0,0
67,Ultra-DSP,W5A7,5,7,4,4,1,weight,0 7 15 23,40000,0,0.0,0.0,0.0,0
68,Ultra-DSP,W5A7,5,7,4,4,1,weight,0 7 15 23,40000,0,0.0,0.0,0.0,0
69,Ultra-DSP,W5A7,5,7,4,4,1,weight,0 7 15 23,40000,0,0.0,0.0,0.0,0
70,Ultra-DSP,W5A7,5,7,4,4,1,weight,0 7 15 23,40000,0,0.0,0.0,0.0,0
71,Ultra-DSP,W5A7,5,7,4,4,1,weight,0 7 15 23,40000,0,0.0,0.0,0.0,0
72,Ultra-DSP,W5A7,5,7,4,4,1,weight,0 7 15 23,40000,0,0.0,0.0,0.0,0
73,Ultra-DSP,W5A7,5,7,4,4,1,weight,0 7 15 23,40000,0,0.0,0.0,0.0,0
74,Ultra-DSP,W5A7,5,7,4,4,1,weight,0 7 15 23,40000,0,0.0,0.0,0.0,0
75,Ultra-DSP,W5A7,5,7,4,4,1,weight,0 7 15 23,40000,0,0.0,0.0,0.0,0
76,Ultra-DSP,W5A7,5,7,4,4,1,weight,0 7 15 23,40000,0,0.0,0.0,0.0,0
77,Ultra-DSP,W5A7,5,7,4,4,1,weight,0 7 15 23,40000,0,0.0,0.0,0.0,0
78,Ultra-DSP,W5A7,5,7,4,4,1,weight,0 7 15 23,40000,0,0.0,0.0,0.0,0
79,Ultra-DSP,W5A7,5,7,4,4,1,weight,0 7 15 23,40000,0,0.0,0.0,0.0,0
80,Ultra-DSP,W5A7,5,7,4,4,1,weight,0 7 15 23,40000,0,0.0,0.0,0.0,0
81,Ultra-DSP,W5A7,5,7,4,4,1,weight,0 7 15 23,40000,0,0.0,0.0,0.0,0
82,Ultra-DSP,W5A7,5,7,4,4,1,weight,0 7 15 23,40000,0,0.0,0.0,0.0,0
83,Ultra-DSP,W5A7,5,7,4,4,1,weight,0 7 15 23,40000,0,0.0,0.0,0.0,0
84,Ultra-DSP,W5A7,5,7,4,4,1,weight,0 7 15 23,40000,0,0.0,0.0,0.0,0
85,Ultra-DSP,W5A7,5,7,4,4,1,weight,0 7 15 23,40000,0,0.0,0.0,0.0,0
86,Ultra-DSP,W5A7,5,7,4,4,1,weight,0 7 15 23,40000,0,0.0,0.0,0.0,0
87,Ultra-DSP,W5A7,5,7,4,4,1,weight,0 7 15 23,40000,0,0.0,0.0,0.0,0
88,Ultra-DSP,W5A7,5,7,4,4,1,weight,0 7 15 23,40000,0,0.0,0.0,0.0,0
89,Ultra-DSP,W5A7,5,7,4,4,1,weight,0 7 15 23,40000,0,0.0,0.0,0.0,0
90,Ultra-DSP,W5A7,5,7,4,4,1,weight,0 7 15 23,40000,0,0.0,0.0,0.0,0
91,Ultra-DSP,W5A7,5,7,4,4,1,weight,0 7 15 23,40000,0,0.0,0.0,0.0,0
92,Ultra-DSP,W5A7,5,7,4,4,1,weight,0 7 15 23,40000,0,0.0,0.0,0.0,0
93,Ultra-DSP,W5A7,5,7,4,4,1,weight,0 7 15 23,40000,0,0.0,0.0,0.0,0
94,Ultra-DSP,W5A7,5,7,4,4,1,weight,0 7 15 23,40000,0,0.0,0.0,0.0,0
95,Ultra-DSP,W5A7,5,7,4,4,1,weight,0 7 15 23,40000,0,0.0,0.0,0.0,0
96,Ultra-DSP,W5A7,5,7,4,4,1,weight,0 7 15 23,40000,0,0.0,0.0,0.0,0
97,Ultra-DSP,W5A7,5,7,4,4,1,weight,0 7 15 23,40000,0,0.0,0.0,0.0,0
98,Ultra-DSP,W5A7,5,7,4,4,1,weight,0 7 15 23,40000,0,0.0,0.0,0.0,0
99,Ultra-DSP,W5A7,5,7,4,4,1,weight,0 7 15 23,40000,0,0.0,0.0,0.0,0
0,Ultra-DSP,W5A8,5,8,3,3,1,weight,0 11 23,30000,0,0.0,0.0,0.0,0
1,Ultra-DSP,W5A8,5,8,3,3,1,weight,0 11 23,30000,0,0.0,0.0,0.0,0
2,Ultra-DSP,W5A8,5,8,3,3,1,weight,0 11 23,30000,0,0.0,0.0,0.0,0
3,Ultra-DSP,W5A8,5,8,3,3,1,weight,0 11 23,30000,0,0.0,0.0,0.0,0
4,Ultra-DSP,W5A8,5,8,3,3,1,weight,0 11 23,30000,0,0.0,0.0,0.0,0
5,Ultra-DSP,W5A8,5,8,3,3,1,weight,0 11 23,30000,0,0.0,0.0,0.0,0
6,Ultra-DSP,W5A8,5,8,3,3,1,weight,0 11 23,30000,0,0.0,0.0,0.0,0
7,Ultra-DSP,W5A8,5,8,3,3,1,weight,0 11 23,30000,0,0.0,0.0,0.0,0
8,Ultra-DSP,W5A8,5,8,3,3,1,weight,0 11 23,30000,0,0.0,0.0,0.0,0
9,Ultra-DSP,W5A8,5,8,3,3,1,weight,0 11 23,30000,0,0.0,0.0,0.0,0
10,Ultra-DSP,W5A8,5,8,3,3,1,weight,0 11 23,30000,0,0.0,0.0,0.0,0
11,Ultra-DSP,W5A8,5,8,3,3,1,weight,0 11 23,30000,0,0.0,0.0,0.0,0
12,Ultra-DSP,W5A8,5,8,3,3,1,weight,0 11 23,30000,0,0.0,0.0,0.0,0
13,Ultra-DSP,W5A8,5,8,3,3,1,weight,0 11 23,30000,0,0.0,0.0,0.0,0
14,Ultra-DSP,W5A8,5,8,3,3,1,weight,0 11 23,30000,0,0.0,0.0,0.0,0
15,Ultra-DSP,W5A8,5,8,3,3,1,weight,0 11 23,30000,0,0.0,0.0,0.0,0
16,Ultra-DSP,W5A8,5,8,3,3,1,weight,0 11 23,30000,0,0.0,0.0,0.0,0
17,Ultra-DSP,W5A8,5,8,3,3,1,weight,0 11 23,30000,0,0.0,0.0,0.0,0
18,Ultra-DSP,W5A8,5,8,3,3,1,weight,0 11 23,30000,0,0.0,0.0,0.0,0
19,Ultra-DSP,W5A8,5,8,3,3,1,weight,0 11 23,30000,0,0.0,0.0,0.0,0
20,Ultra-DSP,W5A8,5,8,3,3,1,weight,0 11 23,30000,0,0.0,0.0,0.0,0
21,Ultra-DSP,W5A8,5,8,3,3,1,weight,0 11 23,30000,0,0.0,0.0,0.0,0
22,Ultra-DSP,W5A8,5,8,3,3,1,weight,0 11 23,30000,0,0.0,0.0,0.0,0
23,Ultra-DSP,W5A8,5,8,3,3,1,weight,0 11 23,30000,0,0.0,0.0,0.0,0
24,Ultra-DSP,W5A8,5,8,3,3,1,weight,0 11 23,30000,0,0.0,0.0,0.0,0
25,Ultra-DSP,W5A8,5,8,3,3,1,weight,0 11 23,30000,0,0.0,0.0,0.0,0
26,Ultra-DSP,W5A8,5,8,3,3,1,weight,0 11 23,30000,0,0.0,0.0,0.0,0
27,Ultra-DSP,W5A8,5,8,3,3,1,weight,0 11 23,30000,0,0.0,0.0,0.0,0
28,Ultra-DSP,W5A8,5,8,3,3,1,weight,0 11 23,30000,0,0.0,0.0,0.0,0
29,Ultra-DSP,W5A8,5,8,3,3,1,weight,0 11 23,30000,0,0.0,0.0,0.0,0
30,Ultra-DSP,W5A8,5,8,3,3,1,weight,0 11 23,30000,0,0.0,0.0,0.0,0
31,Ultra-DSP,W5A8,5,8,3,3,1,weight,0 11 23,30000,0,0.0,0.0,0.0,0
32,Ultra-DSP,W5A8,5,8,3,3,1,weight,0 11 23,30000,0,0.0,0.0,0.0,0
33,Ultra-DSP,W5A8,5,8,3,3,1,weight,0 11 23,30000,0,0.0,0.0,0.0,0
34,Ultra-DSP,W5A8,5,8,3,3,1,weight,0 11 23,30000,0,0.0,0.0,0.0,0
35,Ultra-DSP,W5A8,5,8,3,3,1,weight,0 11 23,30000,0,0.0,0.0,0.0,0
36,Ultra-DSP,W5A8,5,8,3,3,1,weight,0 11 23,30000,0,0.0,0.0,0.0,0
37,Ultra-DSP,W5A8,5,8,3,3,1,weight,0 11 23,30000,0,0.0,0.0,0.0,0
38,Ultra-DSP,W5A8,5,8,3,3,1,weight,0 11 23,30000,0,0.0,0.0,0.0,0
39,Ultra-DSP,W5A8,5,8,3,3,1,weight,0 11 23,30000,0,0.0,0.0,0.0,0
40,Ultra-DSP,W5A8,5,8,3,3,1,weight,0 11 23,30000,0,0.0,0.0,0.0,0
41,Ultra-DSP,W5A8,5,8,3,3,1,weight,0 11 23,30000,0,0.0,0.0,0.0,0
42,Ultra-DSP,W5A8,5,8,3,3,1,weight,0 11 23,30000,0,0.0,0.0,0.0,0
43,Ultra-DSP,W5A8,5,8,3,3,1,weight,0 11 23,30000,0,0.0,0.0,0.0,0
44,Ultra-DSP,W5A8,5,8,3,3,1,weight,0 11 23,30000,0,0.0,0.0,0.0,0
45,Ultra-DSP,W5A8,5,8,3,3,1,weight,0 11 23,30000,0,0.0,0.0,0.0,0
46,Ultra-DSP,W5A8,5,8,3,3,1,weight,0 11 23,30000,0,0.0,0.0,0.0,0
47,Ultra-DSP,W5A8,5,8,3,3,1,weight,0 11 23,30000,0,0.0,0.0,0.0,0
48,Ultra-DSP,W5A8,5,8,3,3,1,weight,0 11 23,30000,0,0.0,0.0,0.0,0
49,Ultra-DSP,W5A8,5,8,3,3,1,weight,0 11 23,30000,0,0.0,0.0,0.0,0
50,Ultra-DSP,W5A8,5,8,3,3,1,weight,0 11 23,30000,0,0.0,0.0,0.0,0
51,Ultra-DSP,W5A8,5,8,3,3,1,weight,0 11 23,30000,0,0.0,0.0,0.0,0
52,Ultra-DSP,W5A8,5,8,3,3,1,weight,0 11 23,30000,0,0.0,0.0,0.0,0
53,Ultra-DSP,W5A8,5,8,3,3,1,weight,0 11 23,30000,0,0.0,0.0,0.0,0
54,Ultra-DSP,W5A8,5,8,3,3,1,weight,0 11 23,30000,0,0.0,0.0,0.0,0
55,Ultra-DSP,W5A8,5,8,3,3,1,weight,0 11 23,30000,0,0.0,0.0,0.0,0
56,Ultra-DSP,W5A8,5,8,3,3,1,weight,0 11 23,30000,0,0.0,0.0,0.0,0
57,Ultra-DSP,W5A8,5,8,3,3,1,weight,0 11 23,30000,0,0.0,0.0,0.0,0
58,Ultra-DSP,W5A8,5,8,3,3,1,weight,0 11 23,30000,0,0.0,0.0,0.0,0
59,Ultra-DSP,W5A8,5,8,3,3,1,weight,0 11 23,30000,0,0.0,0.0,0.0,0
60,Ultra-DSP,W5A8,5,8,3,3,1,weight,0 11 23,30000,0,0.0,0.0,0.0,0
61,Ultra-DSP,W5A8,5,8,3,3,1,weight,0 11 23,30000,0,0.0,0.0,0.0,0
62,Ultra-DSP,W5A8,5,8,3,3,1,weight,0 11 23,30000,0,0.0,0.0,0.0,0
63,Ultra-DSP,W5A8,5,8,3,3,1,weight,0 11 23,30000,0,0.0,0.0,0.0,0
64,Ultra-DSP,W5A8,5,8,3,3,1,weight,0 11 23,30000,0,0.0,0.0,0.0,0
65,Ultra-DSP,W5A8,5,8,3,3,1,weight,0 11 23,30000,0,0.0,0.0,0.0,0
66,Ultra-DSP,W5A8,5,8,3,3,1,weight,0 11 23,30000,0,0.0,0.0,0.0,0
67,Ultra-DSP,W5A8,5,8,3,3,1,weight,0 11 23,30000,0,0.0,0.0,0.0,0
68,Ultra-DSP,W5A8,5,8,3,3,1,weight,0 11 23,30000,0,0.0,0.0,0.0,0
69,Ultra-DSP,W5A8,5,8,3,3,1,weight,0 11 23,30000,0,0.0,0.0,0.0,0
70,Ultra-DSP,W5A8,5,8,3,3,1,weight,0 11 23,30000,0,0.0,0.0,0.0,0
71,Ultra-DSP,W5A8,5,8,3,3,1,weight,0 11 23,30000,0,0.0,0.0,0.0,0
72,Ultra-DSP,W5A8,5,8,3,3,1,weight,0 11 23,30000,0,0.0,0.0,0.0,0
73,Ultra-DSP,W5A8,5,8,3,3,1,weight,0 11 23,30000,0,0.0,0.0,0.0,0
74,Ultra-DSP,W5A8,5,8,3,3,1,weight,0 11 23,30000,0,0.0,0.0,0.0,0
75,Ultra-DSP,W5A8,5,8,3,3,1,weight,0 11 23,30000,0,0.0,0.0,0.0,0
76,Ultra-DSP,W5A8,5,8,3,3,1,weight,0 11 23,30000,0,0.0,0.0,0.0,0
77,Ultra-DSP,W5A8,5,8,3,3,1,weight,0 11 23,30000,0,0.0,0.0,0.0,0
78,Ultra-DSP,W5A8,5,8,3,3,1,weight,0 11 23,30000,0,0.0,0.0,0.0,0
79,Ultra-DSP,W5A8,5,8,3,3,1,weight,0 11 23,30000,0,0.0,0.0,0.0,0
80,Ultra-DSP,W5A8,5,8,3,3,1,weight,0 11 23,30000,0,0.0,0.0,0.0,0
81,Ultra-DSP,W5A8,5,8,3,3,1,weight,0 11 23,30000,0,0.0,0.0,0.0,0
82,Ultra-DSP,W5A8,5,8,3,3,1,weight,0 11 23,30000,0,0.0,0.0,0.0,0
83,Ultra-DSP,W5A8,5,8,3,3,1,weight,0 11 23,30000,0,0.0,0.0,0.0,0
84,Ultra-DSP,W5A8,5,8,3,3,1,weight,0 11 23,30000,0,0.0,0.0,0.0,0
85,Ultra-DSP,W5A8,5,8,3,3,1,weight,0 11 23,30000,0,0.0,0.0,0.0,0
86,Ultra-DSP,W5A8,5,8,3,3,1,weight,0 11 23,30000,0,0.0,0.0,0.0,0
87,Ultra-DSP,W5A8,5,8,3,3,1,weight,0 11 23,30000,0,0.0,0.0,0.0,0
88,Ultra-DSP,W5A8,5,8,3,3,1,weight,0 11 23,30000,0,0.0,0.0,0.0,0
89,Ultra-DSP,W5A8,5,8,3,3,1,weight,0 11 23,30000,0,0.0,0.0,0.0,0
90,Ultra-DSP,W5A8,5,8,3,3,1,weight,0 11 23,30000,0,0.0,0.0,0.0,0
91,Ultra-DSP,W5A8,5,8,3,3,1,weight,0 11 23,30000,0,0.0,0.0,0.0,0
92,Ultra-DSP,W5A8,5,8,3,3,1,weight,0 11 23,30000,0,0.0,0.0,0.0,0
93,Ultra-DSP,W5A8,5,8,3,3,1,weight,0 11 23,30000,0,0.0,0.0,0.0,0
94,Ultra-DSP,W5A8,5,8,3,3,1,weight,0 11 23,30000,0,0.0,0.0,0.0,0
95,Ultra-DSP,W5A8,5,8,3,3,1,weight,0 11 23,30000,0,0.0,0.0,0.0,0
96,Ultra-DSP,W5A8,5,8,3,3,1,weight,0 11 23,30000,0,0.0,0.0,0.0,0
97,Ultra-DSP,W5A8,5,8,3,3,1,weight,0 11 23,30000,0,0.0,0.0,0.0,0
98,Ultra-DSP,W5A8,5,8,3,3,1,weight,0 11 23,30000,0,0.0,0.0,0.0,0
99,Ultra-DSP,W5A8,5,8,3,3,1,weight,0 11 23,30000,0,0.0,0.0,0.0,0
0,Ultra-DSP,W6A2,6,2,9,9,1,activation,0 3 6 9 12 15 18 22 26,90000,0,0.0,0.0,0.0,0
1,Ultra-DSP,W6A2,6,2,9,9,1,activation,0 3 6 9 12 15 18 22 26,90000,0,0.0,0.0,0.0,0
2,Ultra-DSP,W6A2,6,2,9,9,1,activation,0 3 6 9 12 15 18 22 26,90000,0,0.0,0.0,0.0,0
3,Ultra-DSP,W6A2,6,2,9,9,1,activation,0 3 6 9 12 15 18 22 26,90000,0,0.0,0.0,0.0,0
4,Ultra-DSP,W6A2,6,2,9,9,1,activation,0 3 6 9 12 15 18 22 26,90000,0,0.0,0.0,0.0,0
5,Ultra-DSP,W6A2,6,2,9,9,1,activation,0 3 6 9 12 15 18 22 26,90000,0,0.0,0.0,0.0,0
6,Ultra-DSP,W6A2,6,2,9,9,1,activation,0 3 6 9 12 15 18 22 26,90000,0,0.0,0.0,0.0,0
7,Ultra-DSP,W6A2,6,2,9,9,1,activation,0 3 6 9 12 15 18 22 26,90000,0,0.0,0.0,0.0,0
8,Ultra-DSP,W6A2,6,2,9,9,1,activation,0 3 6 9 12 15 18 22 26,90000,0,0.0,0.0,0.0,0
9,Ultra-DSP,W6A2,6,2,9,9,1,activation,0 3 6 9 12 15 18 22 26,90000,0,0.0,0.0,0.0,0
10,Ultra-DSP,W6A2,6,2,9,9,1,activation,0 3 6 9 12 15 18 22 26,90000,0,0.0,0.0,0.0,0
11,Ultra-DSP,W6A2,6,2,9,9,1,activation,0 3 6 9 12 15 18 22 26,90000,0,0.0,0.0,0.0,0
12,Ultra-DSP,W6A2,6,2,9,9,1,activation,0 3 6 9 12 15 18 22 26,90000,0,0.0,0.0,0.0,0
13,Ultra-DSP,W6A2,6,2,9,9,1,activation,0 3 6 9 12 15 18 22 26,90000,0,0.0,0.0,0.0,0
14,Ultra-DSP,W6A2,6,2,9,9,1,activation,0 3 6 9 12 15 18 22 26,90000,0,0.0,0.0,0.0,0
15,Ultra-DSP,W6A2,6,2,9,9,1,activation,0 3 6 9 12 15 18 22 26,90000,0,0.0,0.0,0.0,0
16,Ultra-DSP,W6A2,6,2,9,9,1,activation,0 3 6 9 12 15 18 22 26,90000,0,0.0,0.0,0.0,0
17,Ultra-DSP,W6A2,6,2,9,9,1,activation,0 3 6 9 12 15 18 22 26,90000,0,0.0,0.0,0.0,0
18,Ultra-DSP,W6A2,6,2,9,9,1,activation,0 3 6 9 12 15 18 22 26,90000,0,0.0,0.0,0.0,0
19,Ultra-DSP,W6A2,6,2,9,9,1,activation,0 3 6 9 12 15 18 22 26,90000,0,0.0,0.0,0.0,0
20,Ultra-DSP,W6A2,6,2,9,9,1,activation,0 3 6 9 12 15 18 22 26,90000,0,0.0,0.0,0.0,0
21,Ultra-DSP,W6A2,6,2,9,9,1,activation,0 3 6 9 12 15 18 22 26,90000,0,0.0,0.0,0.0,0
22,Ultra-DSP,W6A2,6,2,9,9,1,activation,0 3 6 9 12 15 18 22 26,90000,0,0.0,0.0,0.0,0
23,Ultra-DSP,W6A2,6,2,9,9,1,activation,0 3 6 9 12 15 18 22 26,90000,0,0.0,0.0,0.0,0
24,Ultra-DSP,W6A2,6,2,9,9,1,activation,0 3 6 9 12 15 18 22 26,90000,0,0.0,0.0,0.0,0
25,Ultra-DSP,W6A2,6,2,9,9,1,activation,0 3 6 9 12 15 18 22 26,90000,0,0.0,0.0,0.0,0
26,Ultra-DSP,W6A2,6,2,9,9,1,activation,0 3 6 9 12 15 18 22 26,90000,0,0.0,0.0,0.0,0
27,Ultra-DSP,W6A2,6,2,9,9,1,activation,0 3 6 9 12 15 18 22 26,90000,0,0.0,0.0,0.0,0
28,Ultra-DSP,W6A2,6,2,9,9,1,activation,0 3 6 9 12 15 18 22 26,90000,0,0.0,0.0,0.0,0
29,Ultra-DSP,W6A2,6,2,9,9,1,activation,0 3 6 9 12 15 18 22 26,90000,0,0.0,0.0,0.0,0
30,Ultra-DSP,W6A2,6,2,9,9,1,activation,0 3 6 9 12 15 18 22 26,90000,0,0.0,0.0,0.0,0
31,Ultra-DSP,W6A2,6,2,9,9,1,activation,0 3 6 9 12 15 18 22 26,90000,0,0.0,0.0,0.0,0
32,Ultra-DSP,W6A2,6,2,9,9,1,activation,0 3 6 9 12 15 18 22 26,90000,0,0.0,0.0,0.0,0
33,Ultra-DSP,W6A2,6,2,9,9,1,activation,0 3 6 9 12 15 18 22 26,90000,0,0.0,0.0,0.0,0
34,Ultra-DSP,W6A2,6,2,9,9,1,activation,0 3 6 9 12 15 18 22 26,90000,0,0.0,0.0,0.0,0
35,Ultra-DSP,W6A2,6,2,9,9,1,activation,0 3 6 9 12 15 18 22 26,90000,0,0.0,0.0,0.0,0
36,Ultra-DSP,W6A2,6,2,9,9,1,activation,0 3 6 9 12 15 18 22 26,90000,0,0.0,0.0,0.0,0
37,Ultra-DSP,W6A2,6,2,9,9,1,activation,0 3 6 9 12 15 18 22 26,90000,0,0.0,0.0,0.0,0
38,Ultra-DSP,W6A2,6,2,9,9,1,activation,0 3 6 9 12 15 18 22 26,90000,0,0.0,0.0,0.0,0
39,Ultra-DSP,W6A2,6,2,9,9,1,activation,0 3 6 9 12 15 18 22 26,90000,0,0.0,0.0,0.0,0
40,Ultra-DSP,W6A2,6,2,9,9,1,activation,0 3 6 9 12 15 18 22 26,90000,0,0.0,0.0,0.0,0
41,Ultra-DSP,W6A2,6,2,9,9,1,activation,0 3 6 9 12 15 18 22 26,90000,0,0.0,0.0,0.0,0
42,Ultra-DSP,W6A2,6,2,9,9,1,activation,0 3 6 9 12 15 18 22 26,90000,0,0.0,0.0,0.0,0
43,Ultra-DSP,W6A2,6,2,9,9,1,activation,0 3 6 9 12 15 18 22 26,90000,0,0.0,0.0,0.0,0
44,Ultra-DSP,W6A2,6,2,9,9,1,activation,0 3 6 9 12 15 18 22 26,90000,0,0.0,0.0,0.0,0
45,Ultra-DSP,W6A2,6,2,9,9,1,activation,0 3 6 9 12 15 18 22 26,90000,0,0.0,0.0,0.0,0
46,Ultra-DSP,W6A2,6,2,9,9,1,activation,0 3 6 9 12 15 18 22 26,90000,0,0.0,0.0,0.0,0
47,Ultra-DSP,W6A2,6,2,9,9,1,activation,0 3 6 9 12 15 18 22 26,90000,0,0.0,0.0,0.0,0
48,Ultra-DSP,W6A2,6,2,9,9,1,activation,0 3 6 9 12 15 18 22 26,90000,0,0.0,0.0,0.0,0
49,Ultra-DSP,W6A2,6,2,9,9,1,activation,0 3 6 9 12 15 18 22 26,90000,0,0.0,0.0,0.0,0
50,Ultra-DSP,W6A2,6,2,9,9,1,activation,0 3 6 9 12 15 18 22 26,90000,0,0.0,0.0,0.0,0
51,Ultra-DSP,W6A2,6,2,9,9,1,activation,0 3 6 9 12 15 18 22 26,90000,0,0.0,0.0,0.0,0
52,Ultra-DSP,W6A2,6,2,9,9,1,activation,0 3 6 9 12 15 18 22 26,90000,0,0.0,0.0,0.0,0
53,Ultra-DSP,W6A2,6,2,9,9,1,activation,0 3 6 9 12 15 18 22 26,90000,0,0.0,0.0,0.0,0
54,Ultra-DSP,W6A2,6,2,9,9,1,activation,0 3 6 9 12 15 18 22 26,90000,0,0.0,0.0,0.0,0
55,Ultra-DSP,W6A2,6,2,9,9,1,activation,0 3 6 9 12 15 18 22 26,90000,0,0.0,0.0,0.0,0
56,Ultra-DSP,W6A2,6,2,9,9,1,activation,0 3 6 9 12 15 18 22 26,90000,0,0.0,0.0,0.0,0
57,Ultra-DSP,W6A2,6,2,9,9,1,activation,0 3 6 9 12 15 18 22 26,90000,0,0.0,0.0,0.0,0
58,Ultra-DSP,W6A2,6,2,9,9,1,activation,0 3 6 9 12 15 18 22 26,90000,0,0.0,0.0,0.0,0
59,Ultra-DSP,W6A2,6,2,9,9,1,activation,0 3 6 9 12 15 18 22 26,90000,0,0.0,0.0,0.0,0
60,Ultra-DSP,W6A2,6,2,9,9,1,activation,0 3 6 9 12 15 18 22 26,90000,0,0.0,0.0,0.0,0
61,Ultra-DSP,W6A2,6,2,9,9,1,activation,0 3 6 9 12 15 18 22 26,90000,0,0.0,0.0,0.0,0
62,Ultra-DSP,W6A2,6,2,9,9,1,activation,0 3 6 9 12 15 18 22 26,90000,0,0.0,0.0,0.0,0
63,Ultra-DSP,W6A2,6,2,9,9,1,activation,0 3 6 9 12 15 18 22 26,90000,0,0.0,0.0,0.0,0
64,Ultra-DSP,W6A2,6,2,9,9,1,activation,0 3 6 9 12 15 18 22 26,90000,0,0.0,0.0,0.0,0
65,Ultra-DSP,W6A2,6,2,9,9,1,activation,0 3 6 9 12 15 18 22 26,90000,0,0.0,0.0,0.0,0
66,Ultra-DSP,W6A2,6,2,9,9,1,activation,0 3 6 9 12 15 18 22 26,90000,0,0.0,0.0,0.0,0
67,Ultra-DSP,W6A2,6,2,9,9,1,activation,0 3 6 9 12 15 18 22 26,90000,0,0.0,0.0,0.0,0
68,Ultra-DSP,W6A2,6,2,9,9,1,activation,0 3 6 9 12 15 18 22 26,90000,0,0.0,0.0,0.0,0
69,Ultra-DSP,W6A2,6,2,9,9,1,activation,0 3 6 9 12 15 18 22 26,90000,0,0.0,0.0,0.0,0
70,Ultra-DSP,W6A2,6,2,9,9,1,activation,0 3 6 9 12 15 18 22 26,90000,0,0.0,0.0,0.0,0
71,Ultra-DSP,W6A2,6,2,9,9,1,activation,0 3 6 9 12 15 18 22 26,90000,0,0.0,0.0,0.0,0
72,Ultra-DSP,W6A2,6,2,9,9,1,activation,0 3 6 9 12 15 18 22 26,90000,0,0.0,0.0,0.0,0
73,Ultra-DSP,W6A2,6,2,9,9,1,activation,0 3 6 9 12 15 18 22 26,90000,0,0.0,0.0,0.0,0
74,Ultra-DSP,W6A2,6,2,9,9,1,activation,0 3 6 9 12 15 18 22 26,90000,0,0.0,0.0,0.0,0
75,Ultra-DSP,W6A2,6,2,9,9,1,activation,0 3 6 9 12 15 18 22 26,90000,0,0.0,0.0,0.0,0
76,Ultra-DSP,W6A2,6,2,9,9,1,activation,0 3 6 9 12 15 18 22 26,90000,0,0.0,0.0,0.0,0
77,Ultra-DSP,W6A2,6,2,9,9,1,activation,0 3 6 9 12 15 18 22 26,90000,0,0.0,0.0,0.0,0
78,Ultra-DSP,W6A2,6,2,9,9,1,activation,0 3 6 9 12 15 18 22 26,90000,0,0.0,0.0,0.0,0
79,Ultra-DSP,W6A2,6,2,9,9,1,activation,0 3 6 9 12 15 18 22 26,90000,0,0.0,0.0,0.0,0
80,Ultra-DSP,W6A2,6,2,9,9,1,activation,0 3 6 9 12 15 18 22 26,90000,0,0.0,0.0,0.0,0
81,Ultra-DSP,W6A2,6,2,9,9,1,activation,0 3 6 9 12 15 18 22 26,90000,0,0.0,0.0,0.0,0
82,Ultra-DSP,W6A2,6,2,9,9,1,activation,0 3 6 9 12 15 18 22 26,90000,0,0.0,0.0,0.0,0
83,Ultra-DSP,W6A2,6,2,9,9,1,activation,0 3 6 9 12 15 18 22 26,90000,0,0.0,0.0,0.0,0
84,Ultra-DSP,W6A2,6,2,9,9,1,activation,0 3 6 9 12 15 18 22 26,90000,0,0.0,0.0,0.0,0
85,Ultra-DSP,W6A2,6,2,9,9,1,activation,0 3 6 9 12 15 18 22 26,90000,0,0.0,0.0,0.0,0
86,Ultra-DSP,W6A2,6,2,9,9,1,activation,0 3 6 9 12 15 18 22 26,90000,0,0.0,0.0,0.0,0
87,Ultra-DSP,W6A2,6,2,9,9,1,activation,0 3 6 9 12 15 18 22 26,90000,0,0.0,0.0,0.0,0
88,Ultra-DSP,W6A2,6,2,9,9,1,activation,0 3 6 9 12 15 18 22 26,90000,0,0.0,0.0,0.0,0
89,Ultra-DSP,W6A2,6,2,9,9,1,activation,0 3 6 9 12 15 18 22 26,90000,0,0.0,0.0,0.0,0
90,Ultra-DSP,W6A2,6,2,9,9,1,activation,0 3 6 9 12 15 18 22 26,90000,0,0.0,0.0,0.0,0
91,Ultra-DSP,W6A2,6,2,9,9,1,activation,0 3 6 9 12 15 18 22 26,90000,0,0.0,0.0,0.0,0
92,Ultra-DSP,W6A2,6,2,9,9,1,activation,0 3 6 9 12 15 18 22 26,90000,0,0.0,0.0,0.0,0
93,Ultra-DSP,W6A2,6,2,9,9,1,activation,0 3 6 9 12 15 18 22 26,90000,0,0.0,0.0,0.0,0
94,Ultra-DSP,W6A2,6,2,9,9,1,activation,0 3 6 9 12 15 18 22 26,90000,0,0.0,0.0,0.0,0
95,Ultra-DSP,W6A2,6,2,9,9,1,activation,0 3 6 9 12 15 18 22 26,90000,0,0.0,0.0,0.0,0
96,Ultra-DSP,W6A2,6,2,9,9,1,activation,0 3 6 9 12 15 18 22 26,90000,0,0.0,0.0,0.0,0
97,Ultra-DSP,W6A2,6,2,9,9,1,activation,0 3 6 9 12 15 18 22 26,90000,0,0.0,0.0,0.0,0
98,Ultra-DSP,W6A2,6,2,9,9,1,activation,0 3 6 9 12 15 18 22 26,90000,0,0.0,0.0,0.0,0
99,Ultra-DSP,W6A2,6,2,9,9,1,activation,0 3 6 9 12 15 18 22 26,90000,0,0.0,0.0,0.0,0
0,Ultra-DSP,W6A3,6,3,7,7,1,activation,0 4 8 12 16 20 25,70000,0,0.0,0.0,0.0,0
1,Ultra-DSP,W6A3,6,3,7,7,1,activation,0 4 8 12 16 20 25,70000,0,0.0,0.0,0.0,0
2,Ultra-DSP,W6A3,6,3,7,7,1,activation,0 4 8 12 16 20 25,70000,0,0.0,0.0,0.0,0
3,Ultra-DSP,W6A3,6,3,7,7,1,activation,0 4 8 12 16 20 25,70000,0,0.0,0.0,0.0,0
4,Ultra-DSP,W6A3,6,3,7,7,1,activation,0 4 8 12 16 20 25,70000,0,0.0,0.0,0.0,0
5,Ultra-DSP,W6A3,6,3,7,7,1,activation,0 4 8 12 16 20 25,70000,0,0.0,0.0,0.0,0
6,Ultra-DSP,W6A3,6,3,7,7,1,activation,0 4 8 12 16 20 25,70000,0,0.0,0.0,0.0,0
7,Ultra-DSP,W6A3,6,3,7,7,1,activation,0 4 8 12 16 20 25,70000,0,0.0,0.0,0.0,0
8,Ultra-DSP,W6A3,6,3,7,7,1,activation,0 4 8 12 16 20 25,70000,0,0.0,0.0,0.0,0
9,Ultra-DSP,W6A3,6,3,7,7,1,activation,0 4 8 12 16 20 25,70000,0,0.0,0.0,0.0,0
10,Ultra-DSP,W6A3,6,3,7,7,1,activation,0 4 8 12 16 20 25,70000,0,0.0,0.0,0.0,0
11,Ultra-DSP,W6A3,6,3,7,7,1,activation,0 4 8 12 16 20 25,70000,0,0.0,0.0,0.0,0
12,Ultra-DSP,W6A3,6,3,7,7,1,activation,0 4 8 12 16 20 25,70000,0,0.0,0.0,0.0,0
13,Ultra-DSP,W6A3,6,3,7,7,1,activation,0 4 8 12 16 20 25,70000,0,0.0,0.0,0.0,0
14,Ultra-DSP,W6A3,6,3,7,7,1,activation,0 4 8 12 16 20 25,70000,0,0.0,0.0,0.0,0
15,Ultra-DSP,W6A3,6,3,7,7,1,activation,0 4 8 12 16 20 25,70000,0,0.0,0.0,0.0,0
16,Ultra-DSP,W6A3,6,3,7,7,1,activation,0 4 8 12 16 20 25,70000,0,0.0,0.0,0.0,0
17,Ultra-DSP,W6A3,6,3,7,7,1,activation,0 4 8 12 16 20 25,70000,0,0.0,0.0,0.0,0
18,Ultra-DSP,W6A3,6,3,7,7,1,activation,0 4 8 12 16 20 25,70000,0,0.0,0.0,0.0,0
19,Ultra-DSP,W6A3,6,3,7,7,1,activation,0 4 8 12 16 20 25,70000,0,0.0,0.0,0.0,0
20,Ultra-DSP,W6A3,6,3,7,7,1,activation,0 4 8 12 16 20 25,70000,0,0.0,0.0,0.0,0
21,Ultra-DSP,W6A3,6,3,7,7,1,activation,0 4 8 12 16 20 25,70000,0,0.0,0.0,0.0,0
22,Ultra-DSP,W6A3,6,3,7,7,1,activation,0 4 8 12 16 20 25,70000,0,0.0,0.0,0.0,0
23,Ultra-DSP,W6A3,6,3,7,7,1,activation,0 4 8 12 16 20 25,70000,0,0.0,0.0,0.0,0
24,Ultra-DSP,W6A3,6,3,7,7,1,activation,0 4 8 12 16 20 25,70000,0,0.0,0.0,0.0,0
25,Ultra-DSP,W6A3,6,3,7,7,1,activation,0 4 8 12 16 20 25,70000,0,0.0,0.0,0.0,0
26,Ultra-DSP,W6A3,6,3,7,7,1,activation,0 4 8 12 16 20 25,70000,0,0.0,0.0,0.0,0
27,Ultra-DSP,W6A3,6,3,7,7,1,activation,0 4 8 12 16 20 25,70000,0,0.0,0.0,0.0,0
28,Ultra-DSP,W6A3,6,3,7,7,1,activation,0 4 8 12 16 20 25,70000,0,0.0,0.0,0.0,0
29,Ultra-DSP,W6A3,6,3,7,7,1,activation,0 4 8 12 16 20 25,70000,0,0.0,0.0,0.0,0
30,Ultra-DSP,W6A3,6,3,7,7,1,activation,0 4 8 12 16 20 25,70000,0,0.0,0.0,0.0,0
31,Ultra-DSP,W6A3,6,3,7,7,1,activation,0 4 8 12 16 20 25,70000,0,0.0,0.0,0.0,0
32,Ultra-DSP,W6A3,6,3,7,7,1,activation,0 4 8 12 16 20 25,70000,0,0.0,0.0,0.0,0
33,Ultra-DSP,W6A3,6,3,7,7,1,activation,0 4 8 12 16 20 25,70000,0,0.0,0.0,0.0,0
34,Ultra-DSP,W6A3,6,3,7,7,1,activation,0 4 8 12 16 20 25,70000,0,0.0,0.0,0.0,0
35,Ultra-DSP,W6A3,6,3,7,7,1,activation,0 4 8 12 16 20 25,70000,0,0.0,0.0,0.0,0
36,Ultra-DSP,W6A3,6,3,7,7,1,activation,0 4 8 12 16 20 25,70000,0,0.0,0.0,0.0,0
37,Ultra-DSP,W6A3,6,3,7,7,1,activation,0 4 8 12 16 20 25,70000,0,0.0,0.0,0.0,0
38,Ultra-DSP,W6A3,6,3,7,7,1,activation,0 4 8 12 16 20 25,70000,0,0.0,0.0,0.0,0
39,Ultra-DSP,W6A3,6,3,7,7,1,activation,0 4 8 12 16 20 25,70000,0,0.0,0.0,0.0,0
40,Ultra-DSP,W6A3,6,3,7,7,1,activation,0 4 8 12 16 20 25,70000,0,0.0,0.0,0.0,0
41,Ultra-DSP,W6A3,6,3,7,7,1,activation,0 4 8 12 16 20 25,70000,0,0.0,0.0,0.0,0
42,Ultra-DSP,W6A3,6,3,7,7,1,activation,0 4 8 12 16 20 25,70000,0,0.0,0.0,0.0,0
43,Ultra-DSP,W6A3,6,3,7,7,1,activation,0 4 8 12 16 20 25,70000,0,0.0,0.0,0.0,0
44,Ultra-DSP,W6A3,6,3,7,7,1,activation,0 4 8 12 16 20 25,70000,0,0.0,0.0,0.0,0
45,Ultra-DSP,W6A3,6,3,7,7,1,activation,0 4 8 12 16 20 25,70000,0,0.0,0.0,0.0,0
46,Ultra-DSP,W6A3,6,3,7,7,1,activation,0 4 8 12 16 20 25,70000,0,0.0,0.0,0.0,0
47,Ultra-DSP,W6A3,6,3,7,7,1,activation,0 4 8 12 16 20 25,70000,0,0.0,0.0,0.0,0
48,Ultra-DSP,W6A3,6,3,7,7,1,activation,0 4 8 12 16 20 25,70000,0,0.0,0.0,0.0,0
49,Ultra-DSP,W6A3,6,3,7,7,1,activation,0 4 8 12 16 20 25,70000,0,0.0,0.0,0.0,0
50,Ultra-DSP,W6A3,6,3,7,7,1,activation,0 4 8 12 16 20 25,70000,0,0.0,0.0,0.0,0
51,Ultra-DSP,W6A3,6,3,7,7,1,activation,0 4 8 12 16 20 25,70000,0,0.0,0.0,0.0,0
52,Ultra-DSP,W6A3,6,3,7,7,1,activation,0 4 8 12 16 20 25,70000,0,0.0,0.0,0.0,0
53,Ultra-DSP,W6A3,6,3,7,7,1,activation,0 4 8 12 16 20 25,70000,0,0.0,0.0,0.0,0
54,Ultra-DSP,W6A3,6,3,7,7,1,activation,0 4 8 12 16 20 25,70000,0,0.0,0.0,0.0,0
55,Ultra-DSP,W6A3,6,3,7,7,1,activation,0 4 8 12 16 20 25,70000,0,0.0,0.0,0.0,0
56,Ultra-DSP,W6A3,6,3,7,7,1,activation,0 4 8 12 16 20 25,70000,0,0.0,0.0,0.0,0
57,Ultra-DSP,W6A3,6,3,7,7,1,activation,0 4 8 12 16 20 25,70000,0,0.0,0.0,0.0,0
58,Ultra-DSP,W6A3,6,3,7,7,1,activation,0 4 8 12 16 20 25,70000,0,0.0,0.0,0.0,0
59,Ultra-DSP,W6A3,6,3,7,7,1,activation,0 4 8 12 16 20 25,70000,0,0.0,0.0,0.0,0
60,Ultra-DSP,W6A3,6,3,7,7,1,activation,0 4 8 12 16 20 25,70000,0,0.0,0.0,0.0,0
61,Ultra-DSP,W6A3,6,3,7,7,1,activation,0 4 8 12 16 20 25,70000,0,0.0,0.0,0.0,0
62,Ultra-DSP,W6A3,6,3,7,7,1,activation,0 4 8 12 16 20 25,70000,0,0.0,0.0,0.0,0
63,Ultra-DSP,W6A3,6,3,7,7,1,activation,0 4 8 12 16 20 25,70000,0,0.0,0.0,0.0,0
64,Ultra-DSP,W6A3,6,3,7,7,1,activation,0 4 8 12 16 20 25,70000,0,0.0,0.0,0.0,0
65,Ultra-DSP,W6A3,6,3,7,7,1,activation,0 4 8 12 16 20 25,70000,0,0.0,0.0,0.0,0
66,Ultra-DSP,W6A3,6,3,7,7,1,activation,0 4 8 12 16 20 25,70000,0,0.0,0.0,0.0,0
67,Ultra-DSP,W6A3,6,3,7,7,1,activation,0 4 8 12 16 20 25,70000,0,0.0,0.0,0.0,0
68,Ultra-DSP,W6A3,6,3,7,7,1,activation,0 4 8 12 16 20 25,70000,0,0.0,0.0,0.0,0
69,Ultra-DSP,W6A3,6,3,7,7,1,activation,0 4 8 12 16 20 25,70000,0,0.0,0.0,0.0,0
70,Ultra-DSP,W6A3,6,3,7,7,1,activation,0 4 8 12 16 20 25,70000,0,0.0,0.0,0.0,0
71,Ultra-DSP,W6A3,6,3,7,7,1,activation,0 4 8 12 16 20 25,70000,0,0.0,0.0,0.0,0
72,Ultra-DSP,W6A3,6,3,7,7,1,activation,0 4 8 12 16 20 25,70000,0,0.0,0.0,0.0,0
73,Ultra-DSP,W6A3,6,3,7,7,1,activation,0 4 8 12 16 20 25,70000,0,0.0,0.0,0.0,0
74,Ultra-DSP,W6A3,6,3,7,7,1,activation,0 4 8 12 16 20 25,70000,0,0.0,0.0,0.0,0
75,Ultra-DSP,W6A3,6,3,7,7,1,activation,0 4 8 12 16 20 25,70000,0,0.0,0.0,0.0,0
76,Ultra-DSP,W6A3,6,3,7,7,1,activation,0 4 8 12 16 20 25,70000,0,0.0,0.0,0.0,0
77,Ultra-DSP,W6A3,6,3,7,7,1,activation,0 4 8 12 16 20 25,70000,0,0.0,0.0,0.0,0
78,Ultra-DSP,W6A3,6,3,7,7,1,activation,0 4 8 12 16 20 25,70000,0,0.0,0.0,0.0,0
79,Ultra-DSP,W6A3,6,3,7,7,1,activation,0 4 8 12 16 20 25,70000,0,0.0,0.0,0.0,0
80,Ultra-DSP,W6A3,6,3,7,7,1,activation,0 4 8 12 16 20 25,70000,0,0.0,0.0,0.0,0
81,Ultra-DSP,W6A3,6,3,7,7,1,activation,0 4 8 12 16 20 25,70000,0,0.0,0.0,0.0,0
82,Ultra-DSP,W6A3,6,3,7,7,1,activation,0 4 8 12 16 20 25,70000,0,0.0,0.0,0.0,0
83,Ultra-DSP,W6A3,6,3,7,7,1,activation,0 4 8 12 16 20 25,70000,0,0.0,0.0,0.0,0
84,Ultra-DSP,W6A3,6,3,7,7,1,activation,0 4 8 12 16 20 25,70000,0,0.0,0.0,0.0,0
85,Ultra-DSP,W6A3,6,3,7,7,1,activation,0 4 8 12 16 20 25,70000,0,0.0,0.0,0.0,0
86,Ultra-DSP,W6A3,6,3,7,7,1,activation,0 4 8 12 16 20 25,70000,0,0.0,0.0,0.0,0
87,Ultra-DSP,W6A3,6,3,7,7,1,activation,0 4 8 12 16 20 25,70000,0,0.0,0.0,0.0,0
88,Ultra-DSP,W6A3,6,3,7,7,1,activation,0 4 8 12 16 20 25,70000,0,0.0,0.0,0.0,0
89,Ultra-DSP,W6A3,6,3,7,7,1,activation,0 4 8 12 16 20 25,70000,0,0.0,0.0,0.0,0
90,Ultra-DSP,W6A3,6,3,7,7,1,activation,0 4 8 12 16 20 25,70000,0,0.0,0.0,0.0,0
91,Ultra-DSP,W6A3,6,3,7,7,1,activation,0 4 8 12 16 20 25,70000,0,0.0,0.0,0.0,0
92,Ultra-DSP,W6A3,6,3,7,7,1,activation,0 4 8 12 16 20 25,70000,0,0.0,0.0,0.0,0
93,Ultra-DSP,W6A3,6,3,7,7,1,activation,0 4 8 12 16 20 25,70000,0,0.0,0.0,0.0,0
94,Ultra-DSP,W6A3,6,3,7,7,1,activation,0 4 8 12 16 20 25,70000,0,0.0,0.0,0.0,0
95,Ultra-DSP,W6A3,6,3,7,7,1,activation,0 4 8 12 16 20 25,70000,0,0.0,0.0,0.0,0
96,Ultra-DSP,W6A3,6,3,7,7,1,activation,0 4 8 12 16 20 25,70000,0,0.0,0.0,0.0,0
97,Ultra-DSP,W6A3,6,3,7,7,1,activation,0 4 8 12 16 20 25,70000,0,0.0,0.0,0.0,0
98,Ultra-DSP,W6A3,6,3,7,7,1,activation,0 4 8 12 16 20 25,70000,0,0.0,0.0,0.0,0
99,Ultra-DSP,W6A3,6,3,7,7,1,activation,0 4 8 12 16 20 25,70000,0,0.0,0.0,0.0,0
0,Ultra-DSP,W6A4,6,4,6,3,2,weight,0 5 10 15 20 25,60000,0,0.0,0.0,0.0,0
1,Ultra-DSP,W6A4,6,4,6,3,2,weight,0 5 10 15 20 25,60000,0,0.0,0.0,0.0,0
2,Ultra-DSP,W6A4,6,4,6,3,2,weight,0 5 10 15 20 25,60000,0,0.0,0.0,0.0,0
3,Ultra-DSP,W6A4,6,4,6,3,2,weight,0 5 10 15 20 25,60000,0,0.0,0.0,0.0,0
4,Ultra-DSP,W6A4,6,4,6,3,2,weight,0 5 10 15 20 25,60000,0,0.0,0.0,0.0,0
5,Ultra-DSP,W6A4,6,4,6,3,2,weight,0 5 10 15 20 25,60000,0,0.0,0.0,0.0,0
6,Ultra-DSP,W6A4,6,4,6,3,2,weight,0 5 10 15 20 25,60000,0,0.0,0.0,0.0,0
7,Ultra-DSP,W6A4,6,4,6,3,2,weight,0 5 10 15 20 25,60000,0,0.0,0.0,0.0,0
8,Ultra-DSP,W6A4,6,4,6,3,2,weight,0 5 10 15 20 25,60000,0,0.0,0.0,0.0,0
9,Ultra-DSP,W6A4,6,4,6,3,2,weight,0 5 10 15 20 25,60000,0,0.0,0.0,0.0,0
10,Ultra-DSP,W6A4,6,4,6,3,2,weight,0 5 10 15 20 25,60000,0,0.0,0.0,0.0,0
11,Ultra-DSP,W6A4,6,4,6,3,2,weight,0 5 10 15 20 25,60000,0,0.0,0.0,0.0,0
12,Ultra-DSP,W6A4,6,4,6,3,2,weight,0 5 10 15 20 25,60000,0,0.0,0.0,0.0,0
13,Ultra-DSP,W6A4,6,4,6,3,2,weight,0 5 10 15 20 25,60000,0,0.0,0.0,0.0,0
14,Ultra-DSP,W6A4,6,4,6,3,2,weight,0 5 10 15 20 25,60000,0,0.0,0.0,0.0,0
15,Ultra-DSP,W6A4,6,4,6,3,2,weight,0 5 10 15 20 25,60000,0,0.0,0.0,0.0,0
16,Ultra-DSP,W6A4,6,4,6,3,2,weight,0 5 10 15 20 25,60000,0,0.0,0.0,0.0,0
17,Ultra-DSP,W6A4,6,4,6,3,2,weight,0 5 10 15 20 25,60000,0,0.0,0.0,0.0,0
18,Ultra-DSP,W6A4,6,4,6,3,2,weight,0 5 10 15 20 25,60000,0,0.0,0.0,0.0,0
19,Ultra-DSP,W6A4,6,4,6,3,2,weight,0 5 10 15 20 25,60000,0,0.0,0.0,0.0,0
20,Ultra-DSP,W6A4,6,4,6,3,2,weight,0 5 10 15 20 25,60000,0,0.0,0.0,0.0,0
21,Ultra-DSP,W6A4,6,4,6,3,2,weight,0 5 10 15 20 25,60000,0,0.0,0.0,0.0,0
22,Ultra-DSP,W6A4,6,4,6,3,2,weight,0 5 10 15 20 25,60000,0,0.0,0.0,0.0,0
23,Ultra-DSP,W6A4,6,4,6,3,2,weight,0 5 10 15 20 25,60000,0,0.0,0.0,0.0,0
24,Ultra-DSP,W6A4,6,4,6,3,2,weight,0 5 10 15 20 25,60000,0,0.0,0.0,0.0,0
25,Ultra-DSP,W6A4,6,4,6,3,2,weight,0 5 10 15 20 25,60000,0,0.0,0.0,0.0,0
26,Ultra-DSP,W6A4,6,4,6,3,2,weight,0 5 10 15 20 25,60000,0,0.0,0.0,0.0,0
27,Ultra-DSP,W6A4,6,4,6,3,2,weight,0 5 10 15 20 25,60000,0,0.0,0.0,0.0,0
28,Ultra-DSP,W6A4,6,4,6,3,2,weight,0 5 10 15 20 25,60000,0,0.0,0.0,0.0,0
29,Ultra-DSP,W6A4,6,4,6,3,2,weight,0 5 10 15 20 25,60000,0,0.0,0.0,0.0,0
30,Ultra-DSP,W6A4,6,4,6,3,2,weight,0 5 10 15 20 25,60000,0,0.0,0.0,0.0,0
31,Ultra-DSP,W6A4,6,4,6,3,2,weight,0 5 10 15 20 25,60000,0,0.0,0.0,0.0,0
32,Ultra-DSP,W6A4,6,4,6,3,2,weight,0 5 10 15 20 25,60000,0,0.0,0.0,0.0,0
33,Ultra-DSP,W6A4,6,4,6,3,2,weight,0 5 10 15 20 25,60000,0,0.0,0.0,0.0,0
34,Ultra-DSP,W6A4,6,4,6,3,2,weight,0 5 10 15 20 25,60000,0,0.0,0.0,0.0,0
35,Ultra-DSP,W6A4,6,4,6,3,2,weight,0 5 10 15 20 25,60000,0,0.0,0.0,0.0,0
36,Ultra-DSP,W6A4,6,4,6,3,2,weight,0 5 10 15 20 25,60000,0,0.0,0.0,0.0,0
37,Ultra-DSP,W6A4,6,4,6,3,2,weight,0 5 10 15 20 25,60000,0,0.0,0.0,0.0,0
38,Ultra-DSP,W6A4,6,4,6,3,2,weight,0 5 10 15 20 25,60000,0,0.0,0.0,0.0,0
39,Ultra-DSP,W6A4,6,4,6,3,2,weight,0 5 10 15 20 25,60000,0,0.0,0.0,0.0,0
40,Ultra-DSP,W6A4,6,4,6,3,2,weight,0 5 10 15 20 25,60000,0,0.0,0.0,0.0,0
41,Ultra-DSP,W6A4,6,4,6,3,2,weight,0 5 10 15 20 25,60000,0,0.0,0.0,0.0,0
42,Ultra-DSP,W6A4,6,4,6,3,2,weight,0 5 10 15 20 25,60000,0,0.0,0.0,0.0,0
43,Ultra-DSP,W6A4,6,4,6,3,2,weight,0 5 10 15 20 25,60000,0,0.0,0.0,0.0,0
44,Ultra-DSP,W6A4,6,4,6,3,2,weight,0 5 10 15 20 25,60000,0,0.0,0.0,0.0,0
45,Ultra-DSP,W6A4,6,4,6,3,2,weight,0 5 10 15 20 25,60000,0,0.0,0.0,0.0,0
46,Ultra-DSP,W6A4,6,4,6,3,2,weight,0 5 10 15 20 25,60000,0,0.0,0.0,0.0,0
47,Ultra-DSP,W6A4,6,4,6,3,2,weight,0 5 10 15 20 25,60000,0,0.0,0.0,0.0,0
48,Ultra-DSP,W6A4,6,4,6,3,2,weight,0 5 10 15 20 25,60000,0,0.0,0.0,0.0,0
49,Ultra-DSP,W6A4,6,4,6,3,2,weight,0 5 10 15 20 25,60000,0,0.0,0.0,0.0,0
50,Ultra-DSP,W6A4,6,4,6,3,2,weight,0 5 10 15 20 25,60000,0,0.0,0.0,0.0,0
51,Ultra-DSP,W6A4,6,4,6,3,2,weight,0 5 10 15 20 25,60000,0,0.0,0.0,0.0,0
52,Ultra-DSP,W6A4,6,4,6,3,2,weight,0 5 10 15 20 25,60000,0,0.0,0.0,0.0,0
53,Ultra-DSP,W6A4,6,4,6,3,2,weight,0 5 10 15 20 25,60000,0,0.0,0.0,0.0,0
54,Ultra-DSP,W6A4,6,4,6,3,2,weight,0 5 10 15 20 25,60000,0,0.0,0.0,0.0,0
55,Ultra-DSP,W6A4,6,4,6,3,2,weight,0 5 10 15 20 25,60000,0,0.0,0.0,0.0,0
56,Ultra-DSP,W6A4,6,4,6,3,2,weight,0 5 10 15 20 25,60000,0,0.0,0.0,0.0,0
57,Ultra-DSP,W6A4,6,4,6,3,2,weight,0 5 10 15 20 25,60000,0,0.0,0.0,0.0,0
58,Ultra-DSP,W6A4,6,4,6,3,2,weight,0 5 10 15 20 25,60000,0,0.0,0.0,0.0,0
59,Ultra-DSP,W6A4,6,4,6,3,2,weight,0 5 10 15 20 25,60000,0,0.0,0.0,0.0,0
60,Ultra-DSP,W6A4,6,4,6,3,2,weight,0 5 10 15 20 25,60000,0,0.0,0.0,0.0,0
61,Ultra-DSP,W6A4,6,4,6,3,2,weight,0 5 10 15 20 25,60000,0,0.0,0.0,0.0,0
62,Ultra-DSP,W6A4,6,4,6,3,2,weight,0 5 10 15 20 25,60000,0,0.0,0.0,0.0,0
63,Ultra-DSP,W6A4,6,4,6,3,2,weight,0 5 10 15 20 25,60000,0,0.0,0.0,0.0,0
64,Ultra-DSP,W6A4,6,4,6,3,2,weight,0 5 10 15 20 25,60000,0,0.0,0.0,0.0,0
65,Ultra-DSP,W6A4,6,4,6,3,2,weight,0 5 10 15 20 25,60000,0,0.0,0.0,0.0,0
66,Ultra-DSP,W6A4,6,4,6,3,2,weight,0 5 10 15 20 25,60000,0,0.0,0.0,0.0,0
67,Ultra-DSP,W6A4,6,4,6,3,2,weight,0 5 10 15 20 25,60000,0,0.0,0.0,0.0,0
68,Ultra-DSP,W6A4,6,4,6,3,2,weight,0 5 10 15 20 25,60000,0,0.0,0.0,0.0,0
69,Ultra-DSP,W6A4,6,4,6,3,2,weight,0 5 10 15 20 25,60000,0,0.0,0.0,0.0,0
70,Ultra-DSP,W6A4,6,4,6,3,2,weight,0 5 10 15 20 25,60000,0,0.0,0.0,0.0,0
71,Ultra-DSP,W6A4,6,4,6,3,2,weight,0 5 10 15 20 25,60000,0,0.0,0.0,0.0,0
72,Ultra-DSP,W6A4,6,4,6,3,2,weight,0 5 10 15 20 25,60000,0,0.0,0.0,0.0,0
73,Ultra-DSP,W6A4,6,4,6,3,2,weight,0 5 10 15 20 25,60000,0,0.0,0.0,0.0,0
74,Ultra-DSP,W6A4,6,4,6,3,2,weight,0 5 10 15 20 25,60000,0,0.0,0.0,0.0,0
75,Ultra-DSP,W6A4,6,4,6,3,2,weight,0 5 10 15 20 25,60000,0,0.0,0.0,0.0,0
76,Ultra-DSP,W6A4,6,4,6,3,2,weight,0 5 10 15 20 25,60000,0,0.0,0.0,0.0,0
77,Ultra-DSP,W6A4,6,4,6,3,2,weight,0 5 10 15 20 25,60000,0,0.0,0.0,0.0,0
78,Ultra-DSP,W6A4,6,4,6,3,2,weight,0 5 10 15 20 25,60000,0,0.0,0.0,0.0,0
79,Ultra-DSP,W6A4,6,4,6,3,2,weight,0 5 10 15 20 25,60000,0,0.0,0.0,0.0,0
80,Ultra-DSP,W6A4,6,4,6,3,2,weight,0 5 10 15 20 25,60000,0,0.0,0.0,0.0,0
81,Ultra-DSP,W6A4,6,4,6,3,2,weight,0 5 10 15 20 25,60000,0,0.0,0.0,0.0,0
82,Ultra-DSP,W6A4,6,4,6,3,2,weight,0 5 10 15 20 25,60000,0,0.0,0.0,0.0,0
83,Ultra-DSP,W6A4,6,4,6,3,2,weight,0 5 10 15 20 25,60000,0,0.0,0.0,0.0,0
84,Ultra-DSP,W6A4,6,4,6,3,2,weight,0 5 10 15 20 25,60000,0,0.0,0.0,0.0,0
85,Ultra-DSP,W6A4,6,4,6,3,2,weight,0 5 10 15 20 25,60000,0,0.0,0.0,0.0,0
86,Ultra-DSP,W6A4,6,4,6,3,2,weight,0 5 10 15 20 25,60000,0,0.0,0.0,0.0,0
87,Ultra-DSP,W6A4,6,4,6,3,2,weight,0 5 10 15 20 25,60000,0,0.0,0.0,0.0,0
88,Ultra-DSP,W6A4,6,4,6,3,2,weight,0 5 10 15 20 25,60000,0,0.0,0.0,0.0,0
89,Ultra-DSP,W6A4,6,4,6,3,2,weight,0 5 10 15 20 25,60000,0,0.0,0.0,0.0,0
90,Ultra-DSP,W6A4,6,4,6,3,2,weight,0 5 10 15 20 25,60000,0,0.0,0.0,0.0,0
91,Ultra-DSP,W6A4,6,4,6,3,2,weight,0 5 10 15 20 25,60000,0,0.0,0.0,0.0,0
92,Ultra-DSP,W6A4,6,4,6,3,2,weight,0 5 10 15 20 25,60000,0,0.0,0.0,0.0,0
93,Ultra-DSP,W6A4,6,4,6,3,2,weight,0 5 10 15 20 25,60000,0,0.0,0.0,0.0,0
94,Ultra-DSP,W6A4,6,4,6,3,2,weight,0 5 10 15 20 25,60000,0,0.0,0.0,0.0,0
95,Ultra-DSP,W6A4,6,4,6,3,2,weight,0 5 10 15 20 25,60000,0,0.0,0.0,0.0,0
96,Ultra-DSP,W6A4,6,4,6,3,2,weight,0 5 10 15 20 25,60000,0,0.0,0.0,0.0,0
97,Ultra-DSP,W6A4,6,4,6,3,2,weight,0 5 10 15 20 25,60000,0,0.0,0.0,0.0,0
98,Ultra-DSP,W6A4,6,4,6,3,2,weight,0 5 10 15 20 25,60000,0,0.0,0.0,0.0,0
99,Ultra-DSP,W6A4,6,4,6,3,2,weight,0 5 10 15 20 25,60000,0,0.0,0.0,0.0,0
0,Ultra-DSP,W6A5,6,5,4,4,1,weight,0 7 14 22,40000,0,0.0,0.0,0.0,0
1,Ultra-DSP,W6A5,6,5,4,4,1,weight,0 7 14 22,40000,0,0.0,0.0,0.0,0
2,Ultra-DSP,W6A5,6,5,4,4,1,weight,0 7 14 22,40000,0,0.0,0.0,0.0,0
3,Ultra-DSP,W6A5,6,5,4,4,1,weight,0 7 14 22,40000,0,0.0,0.0,0.0,0
4,Ultra-DSP,W6A5,6,5,4,4,1,weight,0 7 14 22,40000,0,0.0,0.0,0.0,0
5,Ultra-DSP,W6A5,6,5,4,4,1,weight,0 7 14 22,40000,0,0.0,0.0,0.0,0
6,Ultra-DSP,W6A5,6,5,4,4,1,weight,0 7 14 22,40000,0,0.0,0.0,0.0,0
7,Ultra-DSP,W6A5,6,5,4,4,1,weight,0 7 14 22,40000,0,0.0,0.0,0.0,0
8,Ultra-DSP,W6A5,6,5,4,4,1,weight,0 7 14 22,40000,0,0.0,0.0,0.0,0
9,Ultra-DSP,W6A5,6,5,4,4,1,weight,0 7 14 22,40000,0,0.0,0.0,0.0,0
10,Ultra-DSP,W6A5,6,5,4,4,1,weight,0 7 14 22,40000,0,0.0,0.0,0.0,0
11,Ultra-DSP,W6A5,6,5,4,4,1,weight,0 7 14 22,40000,0,0.0,0.0,0.0,0
12,Ultra-DSP,W6A5,6,5,4,4,1,weight,0 7 14 22,40000,0,0.0,0.0,0.0,0
13,Ultra-DSP,W6A5,6,5,4,4,1,weight,0 7 14 22,40000,0,0.0,0.0,0.0,0
14,Ultra-DSP,W6A5,6,5,4,4,1,weight,0 7 14 22,40000,0,0.0,0.0,0.0,0
15,Ultra-DSP,W6A5,6,5,4,4,1,weight,0 7 14 22,40000,0,0.0,0.0,0.0,0
16,Ultra-DSP,W6A5,6,5,4,4,1,weight,0 7 14 22,40000,0,0.0,0.0,0.0,0
17,Ultra-DSP,W6A5,6,5,4,4,1,weight,0 7 14 22,40000,0,0.0,0.0,0.0,0
18,Ultra-DSP,W6A5,6,5,4,4,1,weight,0 7 14 22,40000,0,0.0,0.0,0.0,0
19,Ultra-DSP,W6A5,6,5,4,4,1,weight,0 7 14 22,40000,0,0.0,0.0,0.0,0
20,Ultra-DSP,W6A5,6,5,4,4,1,weight,0 7 14 22,40000,0,0.0,0.0,0.0,0
21,Ultra-DSP,W6A5,6,5,4,4,1,weight,0 7 14 22,40000,0,0.0,0.0,0.0,0
22,Ultra-DSP,W6A5,6,5,4,4,1,weight,0 7 14 22,40000,0,0.0,0.0,0.0,0
23,Ultra-DSP,W6A5,6,5,4,4,1,weight,0 7 14 22,40000,0,0.0,0.0,0.0,0
24,Ultra-DSP,W6A5,6,5,4,4,1,weight,0 7 14 22,40000,0,0.0,0.0,0.0,0
25,Ultra-DSP,W6A5,6,5,4,4,1,weight,0 7 14 22,40000,0,0.0,0.0,0.0,0
26,Ultra-DSP,W6A5,6,5,4,4,1,weight,0 7 14 22,40000,0,0.0,0.0,0.0,0
27,Ultra-DSP,W6A5,6,5,4,4,1,weight,0 7 14 22,40000,0,0.0,0.0,0.0,0
28,Ultra-DSP,W6A5,6,5,4,4,1,weight,0 7 14 22,40000,0,0.0,0.0,0.0,0
29,Ultra-DSP,W6A5,6,5,4,4,1,weight,0 7 14 22,40000,0,0.0,0.0,0.0,0
30,Ultra-DSP,W6A5,6,5,4,4,1,weight,0 7 14 22,40000,0,0.0,0.0,0.0,0
31,Ultra-DSP,W6A5,6,5,4,4,1,weight,0 7 14 22,40000,0,0.0,0.0,0.0,0
32,Ultra-DSP,W6A5,6,5,4,4,1,weight,0 7 14 22,40000,0,0.0,0.0,0.0,0
33,Ultra-DSP,W6A5,6,5,4,4,1,weight,0 7 14 22,40000,0,0.0,0.0,0.0,0
34,Ultra-DSP,W6A5,6,5,4,4,1,weight,0 7 14 22,40000,0,0.0,0.0,0.0,0
35,Ultra-DSP,W6A5,6,5,4,4,1,weight,0 7 14 22,40000,0,0.0,0.0,0.0,0
36,Ultra-DSP,W6A5,6,5,4,4,1,weight,0 7 14 22,40000,0,0.0,0.0,0.0,0
37,Ultra-DSP,W6A5,6,5,4,4,1,weight,0 7 14 22,40000,0,0.0,0.0,0.0,0
38,Ultra-DSP,W6A5,6,5,4,4,1,weight,0 7 14 22,40000,0,0.0,0.0,0.0,0
39,Ultra-DSP,W6A5,6,5,4,4,1,weight,0 7 14 22,40000,0,0.0,0.0,0.0,0
40,Ultra-DSP,W6A5,6,5,4,4,1,weight,0 7 14 22,40000,0,0.0,0.0,0.0,0
41,Ultra-DSP,W6A5,6,5,4,4,1,weight,0 7 14 22,40000,0,0.0,0.0,0.0,0
42,Ultra-DSP,W6A5,6,5,4,4,1,weight,0 7 14 22,40000,0,0.0,0.0,0.0,0
43,Ultra-DSP,W6A5,6,5,4,4,1,weight,0 7 14 22,40000,0,0.0,0.0,0.0,0
44,Ultra-DSP,W6A5,6,5,4,4,1,weight,0 7 14 22,40000,0,0.0,0.0,0.0,0
45,Ultra-DSP,W6A5,6,5,4,4,1,weight,0 7 14 22,40000,0,0.0,0.0,0.0,0
46,Ultra-DSP,W6A5,6,5,4,4,1,weight,0 7 14 22,40000,0,0.0,0.0,0.0,0
47,Ultra-DSP,W6A5,6,5,4,4,1,weight,0 7 14 22,40000,0,0.0,0.0,0.0,0
48,Ultra-DSP,W6A5,6,5,4,4,1,weight,0 7 14 22,40000,0,0.0,0.0,0.0,0
49,Ultra-DSP,W6A5,6,5,4,4,1,weight,0 7 14 22,40000,0,0.0,0.0,0.0,0
50,Ultra-DSP,W6A5,6,5,4,4,1,weight,0 7 14 22,40000,0,0.0,0.0,0.0,0
51,Ultra-DSP,W6A5,6,5,4,4,1,weight,0 7 14 22,40000,0,0.0,0.0,0.0,0
52,Ultra-DSP,W6A5,6,5,4,4,1,weight,0 7 14 22,40000,0,0.0,0.0,0.0,0
53,Ultra-DSP,W6A5,6,5,4,4,1,weight,0 7 14 22,40000,0,0.0,0.0,0.0,0
54,Ultra-DSP,W6A5,6,5,4,4,1,weight,0 7 14 22,40000,0,0.0,0.0,0.0,0
55,Ultra-DSP,W6A5,6,5,4,4,1,weight,0 7 14 22,40000,0,0.0,0.0,0.0,0
56,Ultra-DSP,W6A5,6,5,4,4,1,weight,0 7 14 22,40000,0,0.0,0.0,0.0,0
57,Ultra-DSP,W6A5,6,5,4,4,1,weight,0 7 14 22,40000,0,0.0,0.0,0.0,0
58,Ultra-DSP,W6A5,6,5,4,4,1,weight,0 7 14 22,40000,0,0.0,0.0,0.0,0
59,Ultra-DSP,W6A5,6,5,4,4,1,weight,0 7 14 22,40000,0,0.0,0.0,0.0,0
60,Ultra-DSP,W6A5,6,5,4,4,1,weight,0 7 14 22,40000,0,0.0,0.0,0.0,0
61,Ultra-DSP,W6A5,6,5,4,4,1,weight,0 7 14 22,40000,0,0.0,0.0,0.0,0
62,Ultra-DSP,W6A5,6,5,4,4,1,weight,0 7 14 22,40000,0,0.0,0.0,0.0,0
63,Ultra-DSP,W6A5,6,5,4,4,1,weight,0 7 14 22,40000,0,0.0,0.0,0.0,0
64,Ultra-DSP,W6A5,6,5,4,4,1,weight,0 7 14 22,40000,0,0.0,0.0,0.0,0
65,Ultra-DSP,W6A5,6,5,4,4,1,weight,0 7 14 22,40000,0,0.0,0.0,0.0,0
66,Ultra-DSP,W6A5,6,5,4,4,1,weight,0 7 14 22,40000,0,0.0,0.0,0.0,0
67,Ultra-DSP,W6A5,6,5,4,4,1,weight,0 7 14 22,40000,0,0.0,0.0,0.0,0
68,Ultra-DSP,W6A5,6,5,4,4,1,weight,0 7 14 22,40000,0,0.0,0.0,0.0,0
69,Ultra-DSP,W6A5,6,5,4,4,1,weight,0 7 14 22,40000,0,0.0,0.0,0.0,0
70,Ultra-DSP,W6A5,6,5,4,4,1,weight,0 7 14 22,40000,0,0.0,0.0,0.0,0
71,Ultra-DSP,W6A5,6,5,4,4,1,weight,0 7 14 22,40000,0,0.0,0.0,0.0,0
72,Ultra-DSP,W6A5,6,5,4,4,1,weight,0 7 14 22,40000,0,0.0,0.0,0.0,0
73,Ultra-DSP,W6A5,6,5,4,4,1,weight,0 7 14 22,40000,0,0.0,0.0,0.0,0
74,Ultra-DSP,W6A5,6,5,4,4,1,weight,0 7 14 22,40000,0,0.0,0.0,0.0,0
75,Ultra-DSP,W6A5,6,5,4,4,1,weight,0 7 14 22,40000,0,0.0,0.0,0.0,0
76,Ultra-DSP,W6A5,6,5,4,4,1,weight,0 7 14 22,40000,0,0.0,0.0,0.0,0
77,Ultra-DSP,W6A5,6,5,4,4,1,weight,0 7 14 22,40000,0,0.0,0.0,0.0,0
78,Ultra-DSP,W6A5,6,5,4,4,1,weight,0 7 14 22,40000,0,0.0,0.0,0.0,0
79,Ultra-DSP,W6A5,6,5,4,4,1,weight,0 7 14 22,40000,0,0.0,0.0,0.0,0
80,Ultra-DSP,W6A5,6,5,4,4,1,weight,0 7 14 22,40000,0,0.0,0.0,0.0,0
81,Ultra-DSP,W6A5,6,5,4,4,1,weight,0 7 14 22,40000,0,0.0,0.0,0.0,0
82,Ultra-DSP,W6A5,6,5,4,4,1,weight,0 7 14 22,40000,0,0.0,0.0,0.0,0
83,Ultra-DSP,W6A5,6,5,4,4,1,weight,0 7 14 22,40000,0,0.0,0.0,0.0,0
84,Ultra-DSP,W6A5,6,5,4,4,1,weight,0 7 14 22,40000,0,0.0,0.0,0.0,0
85,Ultra-DSP,W6A5,6,5,4,4,1,weight,0 7 14 22,40000,0,0.0,0.0,0.0,0
86,Ultra-DSP,W6A5,6,5,4,4,1,weight,0 7 14 22,40000,0,0.0,0.0,0.0,0
87,Ultra-DSP,W6A5,6,5,4,4,1,weight,0 7 14 22,40000,0,0.0,0.0,0.0,0
88,Ultra-DSP,W6A5,6,5,4,4,1,weight,0 7 14 22,40000,0,0.0,0.0,0.0,0
89,Ultra-DSP,W6A5,6,5,4,4,1,weight,0 7 14 22,40000,0,0.0,0.0,0.0,0
90,Ultra-DSP,W6A5,6,5,4,4,1,weight,0 7 14 22,40000,0,0.0,0.0,0.0,0
91,Ultra-DSP,W6A5,6,5,4,4,1,weight,0 7 14 22,40000,0,0.0,0.0,0.0,0
92,Ultra-DSP,W6A5,6,5,4,4,1,weight,0 7 14 22,40000,0,0.0,0.0,0.0,0
93,Ultra-DSP,W6A5,6,5,4,4,1,weight,0 7 14 22,40000,0,0.0,0.0,0.0,0
94,Ultra-DSP,W6A5,6,5,4,4,1,weight,0 7 14 22,40000,0,0.0,0.0,0.0,0
95,Ultra-DSP,W6A5,6,5,4,4,1,weight,0 7 14 22,40000,0,0.0,0.0,0.0,0
96,Ultra-DSP,W6A5,6,5,4,4,1,weight,0 7 14 22,40000,0,0.0,0.0,0.0,0
97,Ultra-DSP,W6A5,6,5,4,4,1,weight,0 7 14 22,40000,0,0.0,0.0,0.0,0
98,Ultra-DSP,W6A5,6,5,4,4,1,weight,0 7 14 22,40000,0,0.0,0.0,0.0,0
99,Ultra-DSP,W6A5,6,5,4,4,1,weight,0 7 14 22,40000,0,0.0,0.0,0.0,0
0,Ultra-DSP,W6A6,6,6,4,4,1,weight,0 7 14 22,40000,0,0.0,0.0,0.0,0
1,Ultra-DSP,W6A6,6,6,4,4,1,weight,0 7 14 22,40000,0,0.0,0.0,0.0,0
2,Ultra-DSP,W6A6,6,6,4,4,1,weight,0 7 14 22,40000,0,0.0,0.0,0.0,0
3,Ultra-DSP,W6A6,6,6,4,4,1,weight,0 7 14 22,40000,0,0.0,0.0,0.0,0
4,Ultra-DSP,W6A6,6,6,4,4,1,weight,0 7 14 22,40000,0,0.0,0.0,0.0,0
5,Ultra-DSP,W6A6,6,6,4,4,1,weight,0 7 14 22,40000,0,0.0,0.0,0.0,0
6,Ultra-DSP,W6A6,6,6,4,4,1,weight,0 7 14 22,40000,0,0.0,0.0,0.0,0
7,Ultra-DSP,W6A6,6,6,4,4,1,weight,0 7 14 22,40000,0,0.0,0.0,0.0,0
8,Ultra-DSP,W6A6,6,6,4,4,1,weight,0 7 14 22,40000,0,0.0,0.0,0.0,0
9,Ultra-DSP,W6A6,6,6,4,4,1,weight,0 7 14 22,40000,0,0.0,0.0,0.0,0
10,Ultra-DSP,W6A6,6,6,4,4,1,weight,0 7 14 22,40000,0,0.0,0.0,0.0,0
11,Ultra-DSP,W6A6,6,6,4,4,1,weight,0 7 14 22,40000,0,0.0,0.0,0.0,0
12,Ultra-DSP,W6A6,6,6,4,4,1,weight,0 7 14 22,40000,0,0.0,0.0,0.0,0
13,Ultra-DSP,W6A6,6,6,4,4,1,weight,0 7 14 22,40000,0,0.0,0.0,0.0,0
14,Ultra-DSP,W6A6,6,6,4,4,1,weight,0 7 14 22,40000,0,0.0,0.0,0.0,0
15,Ultra-DSP,W6A6,6,6,4,4,1,weight,0 7 14 22,40000,0,0.0,0.0,0.0,0
16,Ultra-DSP,W6A6,6,6,4,4,1,weight,0 7 14 22,40000,0,0.0,0.0,0.0,0
17,Ultra-DSP,W6A6,6,6,4,4,1,weight,0 7 14 22,40000,0,0.0,0.0,0.0,0
18,Ultra-DSP,W6A6,6,6,4,4,1,weight,0 7 14 22,40000,0,0.0,0.0,0.0,0
19,Ultra-DSP,W6A6,6,6,4,4,1,weight,0 7 14 22,40000,0,0.0,0.0,0.0,0
20,Ultra-DSP,W6A6,6,6,4,4,1,weight,0 7 14 22,40000,0,0.0,0.0,0.0,0
21,Ultra-DSP,W6A6,6,6,4,4,1,weight,0 7 14 22,40000,0,0.0,0.0,0.0,0
22,Ultra-DSP,W6A6,6,6,4,4,1,weight,0 7 14 22,40000,0,0.0,0.0,0.0,0
23,Ultra-DSP,W6A6,6,6,4,4,1,weight,0 7 14 22,40000,0,0.0,0.0,0.0,0
24,Ultra-DSP,W6A6,6,6,4,4,1,weight,0 7 14 22,40000,0,0.0,0.0,0.0,0
25,Ultra-DSP,W6A6,6,6,4,4,1,weight,0 7 14 22,40000,0,0.0,0.0,0.0,0
26,Ultra-DSP,W6A6,6,6,4,4,1,weight,0 7 14 22,40000,0,0.0,0.0,0.0,0
27,Ultra-DSP,W6A6,6,6,4,4,1,weight,0 7 14 22,40000,0,0.0,0.0,0.0,0
28,Ultra-DSP,W6A6,6,6,4,4,1,weight,0 7 14 22,40000,0,0.0,0.0,0.0,0
29,Ultra-DSP,W6A6,6,6,4,4,1,weight,0 7 14 22,40000,0,0.0,0.0,0.0,0
30,Ultra-DSP,W6A6,6,6,4,4,1,weight,0 7 14 22,40000,0,0.0,0.0,0.0,0
31,Ultra-DSP,W6A6,6,6,4,4,1,weight,0 7 14 22,40000,0,0.0,0.0,0.0,0
32,Ultra-DSP,W6A6,6,6,4,4,1,weight,0 7 14 22,40000,0,0.0,0.0,0.0,0
33,Ultra-DSP,W6A6,6,6,4,4,1,weight,0 7 14 22,40000,0,0.0,0.0,0.0,0
34,Ultra-DSP,W6A6,6,6,4,4,1,weight,0 7 14 22,40000,0,0.0,0.0,0.0,0
35,Ultra-DSP,W6A6,6,6,4,4,1,weight,0 7 14 22,40000,0,0.0,0.0,0.0,0
36,Ultra-DSP,W6A6,6,6,4,4,1,weight,0 7 14 22,40000,0,0.0,0.0,0.0,0
37,Ultra-DSP,W6A6,6,6,4,4,1,weight,0 7 14 22,40000,0,0.0,0.0,0.0,0
38,Ultra-DSP,W6A6,6,6,4,4,1,weight,0 7 14 22,40000,0,0.0,0.0,0.0,0
39,Ultra-DSP,W6A6,6,6,4,4,1,weight,0 7 14 22,40000,0,0.0,0.0,0.0,0
40,Ultra-DSP,W6A6,6,6,4,4,1,weight,0 7 14 22,40000,0,0.0,0.0,0.0,0
41,Ultra-DSP,W6A6,6,6,4,4,1,weight,0 7 14 22,40000,0,0.0,0.0,0.0,0
42,Ultra-DSP,W6A6,6,6,4,4,1,weight,0 7 14 22,40000,0,0.0,0.0,0.0,0
43,Ultra-DSP,W6A6,6,6,4,4,1,weight,0 7 14 22,40000,0,0.0,0.0,0.0,0
44,Ultra-DSP,W6A6,6,6,4,4,1,weight,0 7 14 22,40000,0,0.0,0.0,0.0,0
45,Ultra-DSP,W6A6,6,6,4,4,1,weight,0 7 14 22,40000,0,0.0,0.0,0.0,0
46,Ultra-DSP,W6A6,6,6,4,4,1,weight,0 7 14 22,40000,0,0.0,0.0,0.0,0
47,Ultra-DSP,W6A6,6,6,4,4,1,weight,0 7 14 22,40000,0,0.0,0.0,0.0,0
48,Ultra-DSP,W6A6,6,6,4,4,1,weight,0 7 14 22,40000,0,0.0,0.0,0.0,0
49,Ultra-DSP,W6A6,6,6,4,4,1,weight,0 7 14 22,40000,0,0.0,0.0,0.0,0
50,Ultra-DSP,W6A6,6,6,4,4,1,weight,0 7 14 22,40000,0,0.0,0.0,0.0,0
51,Ultra-DSP,W6A6,6,6,4,4,1,weight,0 7 14 22,40000,0,0.0,0.0,0.0,0
52,Ultra-DSP,W6A6,6,6,4,4,1,weight,0 7 14 22,40000,0,0.0,0.0,0.0,0
53,Ultra-DSP,W6A6,6,6,4,4,1,weight,0 7 14 22,40000,0,0.0,0.0,0.0,0
54,Ultra-DSP,W6A6,6,6,4,4,1,weight,0 7 14 22,40000,0,0.0,0.0,0.0,0
55,Ultra-DSP,W6A6,6,6,4,4,1,weight,0 7 14 22,40000,0,0.0,0.0,0.0,0
56,Ultra-DSP,W6A6,6,6,4,4,1,weight,0 7 14 22,40000,0,0.0,0.0,0.0,0
57,Ultra-DSP,W6A6,6,6,4,4,1,weight,0 7 14 22,40000,0,0.0,0.0,0.0,0
58,Ultra-DSP,W6A6,6,6,4,4,1,weight,0 7 14 22,40000,0,0.0,0.0,0.0,0
59,Ultra-DSP,W6A6,6,6,4,4,1,weight,0 7 14 22,40000,0,0.0,0.0,0.0,0
60,Ultra-DSP,W6A6,6,6,4,4,1,weight,0 7 14 22,40000,0,0.0,0.0,0.0,0
61,Ultra-DSP,W6A6,6,6,4,4,1,weight,0 7 14 22,40000,0,0.0,0.0,0.0,0
62,Ultra-DSP,W6A6,6,6,4,4,1,weight,0 7 14 22,40000,0,0.0,0.0,0.0,0
63,Ultra-DSP,W6A6,6,6,4,4,1,weight,0 7 14 22,40000,0,0.0,0.0,0.0,0
64,Ultra-DSP,W6A6,6,6,4,4,1,weight,0 7 14 22,40000,0,0.0,0.0,0.0,0
65,Ultra-DSP,W6A6,6,6,4,4,1,weight,0 7 14 22,40000,0,0.0,0.0,0.0,0
66,Ultra-DSP,W6A6,6,6,4,4,1,weight,0 7 14 22,40000,0,0.0,0.0,0.0,0
67,Ultra-DSP,W6A6,6,6,4,4,1,weight,0 7 14 22,40000,0,0.0,0.0,0.0,0
68,Ultra-DSP,W6A6,6,6,4,4,1,weight,0 7 14 22,40000,0,0.0,0.0,0.0,0
69,Ultra-DSP,W6A6,6,6,4,4,1,weight,0 7 14 22,40000,0,0.0,0.0,0.0,0
70,Ultra-DSP,W6A6,6,6,4,4,1,weight,0 7 14 22,40000,0,0.0,0.0,0.0,0
71,Ultra-DSP,W6A6,6,6,4,4,1,weight,0 7 14 22,40000,0,0.0,0.0,0.0,0
72,Ultra-DSP,W6A6,6,6,4,4,1,weight,0 7 14 22,40000,0,0.0,0.0,0.0,0
73,Ultra-DSP,W6A6,6,6,4,4,1,weight,0 7 14 22,40000,0,0.0,0.0,0.0,0
74,Ultra-DSP,W6A6,6,6,4,4,1,weight,0 7 14 22,40000,0,0.0,0.0,0.0,0
75,Ultra-DSP,W6A6,6,6,4,4,1,weight,0 7 14 22,40000,0,0.0,0.0,0.0,0
76,Ultra-DSP,W6A6,6,6,4,4,1,weight,0 7 14 22,40000,0,0.0,0.0,0.0,0
77,Ultra-DSP,W6A6,6,6,4,4,1,weight,0 7 14 22,40000,0,0.0,0.0,0.0,0
78,Ultra-DSP,W6A6,6,6,4,4,1,weight,0 7 14 22,40000,0,0.0,0.0,0.0,0
79,Ultra-DSP,W6A6,6,6,4,4,1,weight,0 7 14 22,40000,0,0.0,0.0,0.0,0
80,Ultra-DSP,W6A6,6,6,4,4,1,weight,0 7 14 22,40000,0,0.0,0.0,0.0,0
81,Ultra-DSP,W6A6,6,6,4,4,1,weight,0 7 14 22,40000,0,0.0,0.0,0.0,0
82,Ultra-DSP,W6A6,6,6,4,4,1,weight,0 7 14 22,40000,0,0.0,0.0,0.0,0
83,Ultra-DSP,W6A6,6,6,4,4,1,weight,0 7 14 22,40000,0,0.0,0.0,0.0,0
84,Ultra-DSP,W6A6,6,6,4,4,1,weight,0 7 14 22,40000,0,0.0,0.0,0.0,0
85,Ultra-DSP,W6A6,6,6,4,4,1,weight,0 7 14 22,40000,0,0.0,0.0,0.0,0
86,Ultra-DSP,W6A6,6,6,4,4,1,weight,0 7 14 22,40000,0,0.0,0.0,0.0,0
87,Ultra-DSP,W6A6,6,6,4,4,1,weight,0 7 14 22,40000,0,0.0,0.0,0.0,0
88,Ultra-DSP,W6A6,6,6,4,4,1,weight,0 7 14 22,40000,0,0.0,0.0,0.0,0
89,Ultra-DSP,W6A6,6,6,4,4,1,weight,0 7 14 22,40000,0,0.0,0.0,0.0,0
90,Ultra-DSP,W6A6,6,6,4,4,1,weight,0 7 14 22,40000,0,0.0,0.0,0.0,0
91,Ultra-DSP,W6A6,6,6,4,4,1,weight,0 7 14 22,40000,0,0.0,0.0,0.0,0
92,Ultra-DSP,W6A6,6,6,4,4,1,weight,0 7 14 22,40000,0,0.0,0.0,0.0,0
93,Ultra-DSP,W6A6,6,6,4,4,1,weight,0 7 14 22,40000,0,0.0,0.0,0.0,0
94,Ultra-DSP,W6A6,6,6,4,4,1,weight,0 7 14 22,40000,0,0.0,0.0,0.0,0
95,Ultra-DSP,W6A6,6,6,4,4,1,weight,0 7 14 22,40000,0,0.0,0.0,0.0,0
96,Ultra-DSP,W6A6,6,6,4,4,1,weight,0 7 14 22,40000,0,0.0,0.0,0.0,0
97,Ultra-DSP,W6A6,6,6,4,4,1,weight,0 7 14 22,40000,0,0.0,0.0,0.0,0
98,Ultra-DSP,W6A6,6,6,4,4,1,weight,0 7 14 22,40000,0,0.0,0.0,0.0,0
99,Ultra-DSP,W6A6,6,6,4,4,1,weight,0 7 14 22,40000,0,0.0,0.0,0.0,0
0,Ultra-DSP,W6A7,6,7,3,3,1,weight,0 11 22,30000,0,0.0,0.0,0.0,0
1,Ultra-DSP,W6A7,6,7,3,3,1,weight,0 11 22,30000,0,0.0,0.0,0.0,0
2,Ultra-DSP,W6A7,6,7,3,3,1,weight,0 11 22,30000,0,0.0,0.0,0.0,0
3,Ultra-DSP,W6A7,6,7,3,3,1,weight,0 11 22,30000,0,0.0,0.0,0.0,0
4,Ultra-DSP,W6A7,6,7,3,3,1,weight,0 11 22,30000,0,0.0,0.0,0.0,0
5,Ultra-DSP,W6A7,6,7,3,3,1,weight,0 11 22,30000,0,0.0,0.0,0.0,0
6,Ultra-DSP,W6A7,6,7,3,3,1,weight,0 11 22,30000,0,0.0,0.0,0.0,0
7,Ultra-DSP,W6A7,6,7,3,3,1,weight,0 11 22,30000,0,0.0,0.0,0.0,0
8,Ultra-DSP,W6A7,6,7,3,3,1,weight,0 11 22,30000,0,0.0,0.0,0.0,0
9,Ultra-DSP,W6A7,6,7,3,3,1,weight,0 11 22,30000,0,0.0,0.0,0.0,0
10,Ultra-DSP,W6A7,6,7,3,3,1,weight,0 11 22,30000,0,0.0,0.0,0.0,0
11,Ultra-DSP,W6A7,6,7,3,3,1,weight,0 11 22,30000,0,0.0,0.0,0.0,0
12,Ultra-DSP,W6A7,6,7,3,3,1,weight,0 11 22,30000,0,0.0,0.0,0.0,0
13,Ultra-DSP,W6A7,6,7,3,3,1,weight,0 11 22,30000,0,0.0,0.0,0.0,0
14,Ultra-DSP,W6A7,6,7,3,3,1,weight,0 11 22,30000,0,0.0,0.0,0.0,0
15,Ultra-DSP,W6A7,6,7,3,3,1,weight,0 11 22,30000,0,0.0,0.0,0.0,0
16,Ultra-DSP,W6A7,6,7,3,3,1,weight,0 11 22,30000,0,0.0,0.0,0.0,0
17,Ultra-DSP,W6A7,6,7,3,3,1,weight,0 11 22,30000,0,0.0,0.0,0.0,0
18,Ultra-DSP,W6A7,6,7,3,3,1,weight,0 11 22,30000,0,0.0,0.0,0.0,0
19,Ultra-DSP,W6A7,6,7,3,3,1,weight,0 11 22,30000,0,0.0,0.0,0.0,0
20,Ultra-DSP,W6A7,6,7,3,3,1,weight,0 11 22,30000,0,0.0,0.0,0.0,0
21,Ultra-DSP,W6A7,6,7,3,3,1,weight,0 11 22,30000,0,0.0,0.0,0.0,0
22,Ultra-DSP,W6A7,6,7,3,3,1,weight,0 11 22,30000,0,0.0,0.0,0.0,0
23,Ultra-DSP,W6A7,6,7,3,3,1,weight,0 11 22,30000,0,0.0,0.0,0.0,0
24,Ultra-DSP,W6A7,6,7,3,3,1,weight,0 11 22,30000,0,0.0,0.0,0.0,0
25,Ultra-DSP,W6A7,6,7,3,3,1,weight,0 11 22,30000,0,0.0,0.0,0.0,0
26,Ultra-DSP,W6A7,6,7,3,3,1,weight,0 11 22,30000,0,0.0,0.0,0.0,0
27,Ultra-DSP,W6A7,6,7,3,3,1,weight,0 11 22,30000,0,0.0,0.0,0.0,0
28,Ultra-DSP,W6A7,6,7,3,3,1,weight,0 11 22,30000,0,0.0,0.0,0.0,0
29,Ultra-DSP,W6A7,6,7,3,3,1,weight,0 11 22,30000,0,0.0,0.0,0.0,0
30,Ultra-DSP,W6A7,6,7,3,3,1,weight,0 11 22,30000,0,0.0,0.0,0.0,0
31,Ultra-DSP,W6A7,6,7,3,3,1,weight,0 11 22,30000,0,0.0,0.0,0.0,0
32,Ultra-DSP,W6A7,6,7,3,3,1,weight,0 11 22,30000,0,0.0,0.0,0.0,0
33,Ultra-DSP,W6A7,6,7,3,3,1,weight,0 11 22,30000,0,0.0,0.0,0.0,0
34,Ultra-DSP,W6A7,6,7,3,3,1,weight,0 11 22,30000,0,0.0,0.0,0.0,0
35,Ultra-DSP,W6A7,6,7,3,3,1,weight,0 11 22,30000,0,0.0,0.0,0.0,0
36,Ultra-DSP,W6A7,6,7,3,3,1,weight,0 11 22,30000,0,0.0,0.0,0.0,0
37,Ultra-DSP,W6A7,6,7,3,3,1,weight,0 11 22,30000,0,0.0,0.0,0.0,0
38,Ultra-DSP,W6A7,6,7,3,3,1,weight,0 11 22,30000,0,0.0,0.0,0.0,0
39,Ultra-DSP,W6A7,6,7,3,3,1,weight,0 11 22,30000,0,0.0,0.0,0.0,0
40,Ultra-DSP,W6A7,6,7,3,3,1,weight,0 11 22,30000,0,0.0,0.0,0.0,0
41,Ultra-DSP,W6A7,6,7,3,3,1,weight,0 11 22,30000,0,0.0,0.0,0.0,0
42,Ultra-DSP,W6A7,6,7,3,3,1,weight,0 11 22,30000,0,0.0,0.0,0.0,0
43,Ultra-DSP,W6A7,6,7,3,3,1,weight,0 11 22,30000,0,0.0,0.0,0.0,0
44,Ultra-DSP,W6A7,6,7,3,3,1,weight,0 11 22,30000,0,0.0,0.0,0.0,0
45,Ultra-DSP,W6A7,6,7,3,3,1,weight,0 11 22,30000,0,0.0,0.0,0.0,0
46,Ultra-DSP,W6A7,6,7,3,3,1,weight,0 11 22,30000,0,0.0,0.0,0.0,0
47,Ultra-DSP,W6A7,6,7,3,3,1,weight,0 11 22,30000,0,0.0,0.0,0.0,0
48,Ultra-DSP,W6A7,6,7,3,3,1,weight,0 11 22,30000,0,0.0,0.0,0.0,0
49,Ultra-DSP,W6A7,6,7,3,3,1,weight,0 11 22,30000,0,0.0,0.0,0.0,0
50,Ultra-DSP,W6A7,6,7,3,3,1,weight,0 11 22,30000,0,0.0,0.0,0.0,0
51,Ultra-DSP,W6A7,6,7,3,3,1,weight,0 11 22,30000,0,0.0,0.0,0.0,0
52,Ultra-DSP,W6A7,6,7,3,3,1,weight,0 11 22,30000,0,0.0,0.0,0.0,0
53,Ultra-DSP,W6A7,6,7,3,3,1,weight,0 11 22,30000,0,0.0,0.0,0.0,0
54,Ultra-DSP,W6A7,6,7,3,3,1,weight,0 11 22,30000,0,0.0,0.0,0.0,0
55,Ultra-DSP,W6A7,6,7,3,3,1,weight,0 11 22,30000,0,0.0,0.0,0.0,0
56,Ultra-DSP,W6A7,6,7,3,3,1,weight,0 11 22,30000,0,0.0,0.0,0.0,0
57,Ultra-DSP,W6A7,6,7,3,3,1,weight,0 11 22,30000,0,0.0,0.0,0.0,0
58,Ultra-DSP,W6A7,6,7,3,3,1,weight,0 11 22,30000,0,0.0,0.0,0.0,0
59,Ultra-DSP,W6A7,6,7,3,3,1,weight,0 11 22,30000,0,0.0,0.0,0.0,0
60,Ultra-DSP,W6A7,6,7,3,3,1,weight,0 11 22,30000,0,0.0,0.0,0.0,0
61,Ultra-DSP,W6A7,6,7,3,3,1,weight,0 11 22,30000,0,0.0,0.0,0.0,0
62,Ultra-DSP,W6A7,6,7,3,3,1,weight,0 11 22,30000,0,0.0,0.0,0.0,0
63,Ultra-DSP,W6A7,6,7,3,3,1,weight,0 11 22,30000,0,0.0,0.0,0.0,0
64,Ultra-DSP,W6A7,6,7,3,3,1,weight,0 11 22,30000,0,0.0,0.0,0.0,0
65,Ultra-DSP,W6A7,6,7,3,3,1,weight,0 11 22,30000,0,0.0,0.0,0.0,0
66,Ultra-DSP,W6A7,6,7,3,3,1,weight,0 11 22,30000,0,0.0,0.0,0.0,0
67,Ultra-DSP,W6A7,6,7,3,3,1,weight,0 11 22,30000,0,0.0,0.0,0.0,0
68,Ultra-DSP,W6A7,6,7,3,3,1,weight,0 11 22,30000,0,0.0,0.0,0.0,0
69,Ultra-DSP,W6A7,6,7,3,3,1,weight,0 11 22,30000,0,0.0,0.0,0.0,0
70,Ultra-DSP,W6A7,6,7,3,3,1,weight,0 11 22,30000,0,0.0,0.0,0.0,0
71,Ultra-DSP,W6A7,6,7,3,3,1,weight,0 11 22,30000,0,0.0,0.0,0.0,0
72,Ultra-DSP,W6A7,6,7,3,3,1,weight,0 11 22,30000,0,0.0,0.0,0.0,0
73,Ultra-DSP,W6A7,6,7,3,3,1,weight,0 11 22,30000,0,0.0,0.0,0.0,0
74,Ultra-DSP,W6A7,6,7,3,3,1,weight,0 11 22,30000,0,0.0,0.0,0.0,0
75,Ultra-DSP,W6A7,6,7,3,3,1,weight,0 11 22,30000,0,0.0,0.0,0.0,0
76,Ultra-DSP,W6A7,6,7,3,3,1,weight,0 11 22,30000,0,0.0,0.0,0.0,0
77,Ultra-DSP,W6A7,6,7,3,3,1,weight,0 11 22,30000,0,0.0,0.0,0.0,0
78,Ultra-DSP,W6A7,6,7,3,3,1,weight,0 11 22,30000,0,0.0,0.0,0.0,0
79,Ultra-DSP,W6A7,6,7,3,3,1,weight,0 11 22,30000,0,0.0,0.0,0.0,0
80,Ultra-DSP,W6A7,6,7,3,3,1,weight,0 11 22,30000,0,0.0,0.0,0.0,0
81,Ultra-DSP,W6A7,6,7,3,3,1,weight,0 11 22,30000,0,0.0,0.0,0.0,0
82,Ultra-DSP,W6A7,6,7,3,3,1,weight,0 11 22,30000,0,0.0,0.0,0.0,0
83,Ultra-DSP,W6A7,6,7,3,3,1,weight,0 11 22,30000,0,0.0,0.0,0.0,0
84,Ultra-DSP,W6A7,6,7,3,3,1,weight,0 11 22,30000,0,0.0,0.0,0.0,0
85,Ultra-DSP,W6A7,6,7,3,3,1,weight,0 11 22,30000,0,0.0,0.0,0.0,0
86,Ultra-DSP,W6A7,6,7,3,3,1,weight,0 11 22,30000,0,0.0,0.0,0.0,0
87,Ultra-DSP,W6A7,6,7,3,3,1,weight,0 11 22,30000,0,0.0,0.0,0.0,0
88,Ultra-DSP,W6A7,6,7,3,3,1,weight,0 11 22,30000,0,0.0,0.0,0.0,0
89,Ultra-DSP,W6A7,6,7,3,3,1,weight,0 11 22,30000,0,0.0,0.0,0.0,0
90,Ultra-DSP,W6A7,6,7,3,3,1,weight,0 11 22,30000,0,0.0,0.0,0.0,0
91,Ultra-DSP,W6A7,6,7,3,3,1,weight,0 11 22,30000,0,0.0,0.0,0.0,0
92,Ultra-DSP,W6A7,6,7,3,3,1,weight,0 11 22,30000,0,0.0,0.0,0.0,0
93,Ultra-DSP,W6A7,6,7,3,3,1,weight,0 11 22,30000,0,0.0,0.0,0.0,0
94,Ultra-DSP,W6A7,6,7,3,3,1,weight,0 11 22,30000,0,0.0,0.0,0.0,0
95,Ultra-DSP,W6A7,6,7,3,3,1,weight,0 11 22,30000,0,0.0,0.0,0.0,0
96,Ultra-DSP,W6A7,6,7,3,3,1,weight,0 11 22,30000,0,0.0,0.0,0.0,0
97,Ultra-DSP,W6A7,6,7,3,3,1,weight,0 11 22,30000,0,0.0,0.0,0.0,0
98,Ultra-DSP,W6A7,6,7,3,3,1,weight,0 11 22,30000,0,0.0,0.0,0.0,0
99,Ultra-DSP,W6A7,6,7,3,3,1,weight,0 11 22,30000,0,0.0,0.0,0.0,0
0,Ultra-DSP,W6A8,6,8,3,3,1,weight,0 11 22,30000,0,0.0,0.0,0.0,0
1,Ultra-DSP,W6A8,6,8,3,3,1,weight,0 11 22,30000,0,0.0,0.0,0.0,0
2,Ultra-DSP,W6A8,6,8,3,3,1,weight,0 11 22,30000,0,0.0,0.0,0.0,0
3,Ultra-DSP,W6A8,6,8,3,3,1,weight,0 11 22,30000,0,0.0,0.0,0.0,0
4,Ultra-DSP,W6A8,6,8,3,3,1,weight,0 11 22,30000,0,0.0,0.0,0.0,0
5,Ultra-DSP,W6A8,6,8,3,3,1,weight,0 11 22,30000,0,0.0,0.0,0.0,0
6,Ultra-DSP,W6A8,6,8,3,3,1,weight,0 11 22,30000,0,0.0,0.0,0.0,0
7,Ultra-DSP,W6A8,6,8,3,3,1,weight,0 11 22,30000,0,0.0,0.0,0.0,0
8,Ultra-DSP,W6A8,6,8,3,3,1,weight,0 11 22,30000,0,0.0,0.0,0.0,0
9,Ultra-DSP,W6A8,6,8,3,3,1,weight,0 11 22,30000,0,0.0,0.0,0.0,0
10,Ultra-DSP,W6A8,6,8,3,3,1,weight,0 11 22,30000,0,0.0,0.0,0.0,0
11,Ultra-DSP,W6A8,6,8,3,3,1,weight,0 11 22,30000,0,0.0,0.0,0.0,0
12,Ultra-DSP,W6A8,6,8,3,3,1,weight,0 11 22,30000,0,0.0,0.0,0.0,0
13,Ultra-DSP,W6A8,6,8,3,3,1,weight,0 11 22,30000,0,0.0,0.0,0.0,0
14,Ultra-DSP,W6A8,6,8,3,3,1,weight,0 11 22,30000,0,0.0,0.0,0.0,0
15,Ultra-DSP,W6A8,6,8,3,3,1,weight,0 11 22,30000,0,0.0,0.0,0.0,0
16,Ultra-DSP,W6A8,6,8,3,3,1,weight,0 11 22,30000,0,0.0,0.0,0.0,0
17,Ultra-DSP,W6A8,6,8,3,3,1,weight,0 11 22,30000,0,0.0,0.0,0.0,0
18,Ultra-DSP,W6A8,6,8,3,3,1,weight,0 11 22,30000,0,0.0,0.0,0.0,0
19,Ultra-DSP,W6A8,6,8,3,3,1,weight,0 11 22,30000,0,0.0,0.0,0.0,0
20,Ultra-DSP,W6A8,6,8,3,3,1,weight,0 11 22,30000,0,0.0,0.0,0.0,0
21,Ultra-DSP,W6A8,6,8,3,3,1,weight,0 11 22,30000,0,0.0,0.0,0.0,0
22,Ultra-DSP,W6A8,6,8,3,3,1,weight,0 11 22,30000,0,0.0,0.0,0.0,0
23,Ultra-DSP,W6A8,6,8,3,3,1,weight,0 11 22,30000,0,0.0,0.0,0.0,0
24,Ultra-DSP,W6A8,6,8,3,3,1,weight,0 11 22,30000,0,0.0,0.0,0.0,0
25,Ultra-DSP,W6A8,6,8,3,3,1,weight,0 11 22,30000,0,0.0,0.0,0.0,0
26,Ultra-DSP,W6A8,6,8,3,3,1,weight,0 11 22,30000,0,0.0,0.0,0.0,0
27,Ultra-DSP,W6A8,6,8,3,3,1,weight,0 11 22,30000,0,0.0,0.0,0.0,0
28,Ultra-DSP,W6A8,6,8,3,3,1,weight,0 11 22,30000,0,0.0,0.0,0.0,0
29,Ultra-DSP,W6A8,6,8,3,3,1,weight,0 11 22,30000,0,0.0,0.0,0.0,0
30,Ultra-DSP,W6A8,6,8,3,3,1,weight,0 11 22,30000,0,0.0,0.0,0.0,0
31,Ultra-DSP,W6A8,6,8,3,3,1,weight,0 11 22,30000,0,0.0,0.0,0.0,0
32,Ultra-DSP,W6A8,6,8,3,3,1,weight,0 11 22,30000,0,0.0,0.0,0.0,0
33,Ultra-DSP,W6A8,6,8,3,3,1,weight,0 11 22,30000,0,0.0,0.0,0.0,0
34,Ultra-DSP,W6A8,6,8,3,3,1,weight,0 11 22,30000,0,0.0,0.0,0.0,0
35,Ultra-DSP,W6A8,6,8,3,3,1,weight,0 11 22,30000,0,0.0,0.0,0.0,0
36,Ultra-DSP,W6A8,6,8,3,3,1,weight,0 11 22,30000,0,0.0,0.0,0.0,0
37,Ultra-DSP,W6A8,6,8,3,3,1,weight,0 11 22,30000,0,0.0,0.0,0.0,0
38,Ultra-DSP,W6A8,6,8,3,3,1,weight,0 11 22,30000,0,0.0,0.0,0.0,0
39,Ultra-DSP,W6A8,6,8,3,3,1,weight,0 11 22,30000,0,0.0,0.0,0.0,0
40,Ultra-DSP,W6A8,6,8,3,3,1,weight,0 11 22,30000,0,0.0,0.0,0.0,0
41,Ultra-DSP,W6A8,6,8,3,3,1,weight,0 11 22,30000,0,0.0,0.0,0.0,0
42,Ultra-DSP,W6A8,6,8,3,3,1,weight,0 11 22,30000,0,0.0,0.0,0.0,0
43,Ultra-DSP,W6A8,6,8,3,3,1,weight,0 11 22,30000,0,0.0,0.0,0.0,0
44,Ultra-DSP,W6A8,6,8,3,3,1,weight,0 11 22,30000,0,0.0,0.0,0.0,0
45,Ultra-DSP,W6A8,6,8,3,3,1,weight,0 11 22,30000,0,0.0,0.0,0.0,0
46,Ultra-DSP,W6A8,6,8,3,3,1,weight,0 11 22,30000,0,0.0,0.0,0.0,0
47,Ultra-DSP,W6A8,6,8,3,3,1,weight,0 11 22,30000,0,0.0,0.0,0.0,0
48,Ultra-DSP,W6A8,6,8,3,3,1,weight,0 11 22,30000,0,0.0,0.0,0.0,0
49,Ultra-DSP,W6A8,6,8,3,3,1,weight,0 11 22,30000,0,0.0,0.0,0.0,0
50,Ultra-DSP,W6A8,6,8,3,3,1,weight,0 11 22,30000,0,0.0,0.0,0.0,0
51,Ultra-DSP,W6A8,6,8,3,3,1,weight,0 11 22,30000,0,0.0,0.0,0.0,0
52,Ultra-DSP,W6A8,6,8,3,3,1,weight,0 11 22,30000,0,0.0,0.0,0.0,0
53,Ultra-DSP,W6A8,6,8,3,3,1,weight,0 11 22,30000,0,0.0,0.0,0.0,0
54,Ultra-DSP,W6A8,6,8,3,3,1,weight,0 11 22,30000,0,0.0,0.0,0.0,0
55,Ultra-DSP,W6A8,6,8,3,3,1,weight,0 11 22,30000,0,0.0,0.0,0.0,0
56,Ultra-DSP,W6A8,6,8,3,3,1,weight,0 11 22,30000,0,0.0,0.0,0.0,0
57,Ultra-DSP,W6A8,6,8,3,3,1,weight,0 11 22,30000,0,0.0,0.0,0.0,0
58,Ultra-DSP,W6A8,6,8,3,3,1,weight,0 11 22,30000,0,0.0,0.0,0.0,0
59,Ultra-DSP,W6A8,6,8,3,3,1,weight,0 11 22,30000,0,0.0,0.0,0.0,0
60,Ultra-DSP,W6A8,6,8,3,3,1,weight,0 11 22,30000,0,0.0,0.0,0.0,0
61,Ultra-DSP,W6A8,6,8,3,3,1,weight,0 11 22,30000,0,0.0,0.0,0.0,0
62,Ultra-DSP,W6A8,6,8,3,3,1,weight,0 11 22,30000,0,0.0,0.0,0.0,0
63,Ultra-DSP,W6A8,6,8,3,3,1,weight,0 11 22,30000,0,0.0,0.0,0.0,0
64,Ultra-DSP,W6A8,6,8,3,3,1,weight,0 11 22,30000,0,0.0,0.0,0.0,0
65,Ultra-DSP,W6A8,6,8,3,3,1,weight,0 11 22,30000,0,0.0,0.0,0.0,0
66,Ultra-DSP,W6A8,6,8,3,3,1,weight,0 11 22,30000,0,0.0,0.0,0.0,0
67,Ultra-DSP,W6A8,6,8,3,3,1,weight,0 11 22,30000,0,0.0,0.0,0.0,0
68,Ultra-DSP,W6A8,6,8,3,3,1,weight,0 11 22,30000,0,0.0,0.0,0.0,0
69,Ultra-DSP,W6A8,6,8,3,3,1,weight,0 11 22,30000,0,0.0,0.0,0.0,0
70,Ultra-DSP,W6A8,6,8,3,3,1,weight,0 11 22,30000,0,0.0,0.0,0.0,0
71,Ultra-DSP,W6A8,6,8,3,3,1,weight,0 11 22,30000,0,0.0,0.0,0.0,0
72,Ultra-DSP,W6A8,6,8,3,3,1,weight,0 11 22,30000,0,0.0,0.0,0.0,0
73,Ultra-DSP,W6A8,6,8,3,3,1,weight,0 11 22,30000,0,0.0,0.0,0.0,0
74,Ultra-DSP,W6A8,6,8,3,3,1,weight,0 11 22,30000,0,0.0,0.0,0.0,0
75,Ultra-DSP,W6A8,6,8,3,3,1,weight,0 11 22,30000,0,0.0,0.0,0.0,0
76,Ultra-DSP,W6A8,6,8,3,3,1,weight,0 11 22,30000,0,0.0,0.0,0.0,0
77,Ultra-DSP,W6A8,6,8,3,3,1,weight,0 11 22,30000,0,0.0,0.0,0.0,0
78,Ultra-DSP,W6A8,6,8,3,3,1,weight,0 11 22,30000,0,0.0,0.0,0.0,0
79,Ultra-DSP,W6A8,6,8,3,3,1,weight,0 11 22,30000,0,0.0,0.0,0.0,0
80,Ultra-DSP,W6A8,6,8,3,3,1,weight,0 11 22,30000,0,0.0,0.0,0.0,0
81,Ultra-DSP,W6A8,6,8,3,3,1,weight,0 11 22,30000,0,0.0,0.0,0.0,0
82,Ultra-DSP,W6A8,6,8,3,3,1,weight,0 11 22,30000,0,0.0,0.0,0.0,0
83,Ultra-DSP,W6A8,6,8,3,3,1,weight,0 11 22,30000,0,0.0,0.0,0.0,0
84,Ultra-DSP,W6A8,6,8,3,3,1,weight,0 11 22,30000,0,0.0,0.0,0.0,0
85,Ultra-DSP,W6A8,6,8,3,3,1,weight,0 11 22,30000,0,0.0,0.0,0.0,0
86,Ultra-DSP,W6A8,6,8,3,3,1,weight,0 11 22,30000,0,0.0,0.0,0.0,0
87,Ultra-DSP,W6A8,6,8,3,3,1,weight,0 11 22,30000,0,0.0,0.0,0.0,0
88,Ultra-DSP,W6A8,6,8,3,3,1,weight,0 11 22,30000,0,0.0,0.0,0.0,0
89,Ultra-DSP,W6A8,6,8,3,3,1,weight,0 11 22,30000,0,0.0,0.0,0.0,0
90,Ultra-DSP,W6A8,6,8,3,3,1,weight,0 11 22,30000,0,0.0,0.0,0.0,0
91,Ultra-DSP,W6A8,6,8,3,3,1,weight,0 11 22,30000,0,0.0,0.0,0.0,0
92,Ultra-DSP,W6A8,6,8,3,3,1,weight,0 11 22,30000,0,0.0,0.0,0.0,0
93,Ultra-DSP,W6A8,6,8,3,3,1,weight,0 11 22,30000,0,0.0,0.0,0.0,0
94,Ultra-DSP,W6A8,6,8,3,3,1,weight,0 11 22,30000,0,0.0,0.0,0.0,0
95,Ultra-DSP,W6A8,6,8,3,3,1,weight,0 11 22,30000,0,0.0,0.0,0.0,0
96,Ultra-DSP,W6A8,6,8,3,3,1,weight,0 11 22,30000,0,0.0,0.0,0.0,0
97,Ultra-DSP,W6A8,6,8,3,3,1,weight,0 11 22,30000,0,0.0,0.0,0.0,0
98,Ultra-DSP,W6A8,6,8,3,3,1,weight,0 11 22,30000,0,0.0,0.0,0.0,0
99,Ultra-DSP,W6A8,6,8,3,3,1,weight,0 11 22,30000,0,0.0,0.0,0.0,0
0,Ultra-DSP,W7A2,7,2,7,7,1,activation,0 4 8 12 16 21 26,70000,0,0.0,0.0,0.0,0
1,Ultra-DSP,W7A2,7,2,7,7,1,activation,0 4 8 12 16 21 26,70000,0,0.0,0.0,0.0,0
2,Ultra-DSP,W7A2,7,2,7,7,1,activation,0 4 8 12 16 21 26,70000,0,0.0,0.0,0.0,0
3,Ultra-DSP,W7A2,7,2,7,7,1,activation,0 4 8 12 16 21 26,70000,0,0.0,0.0,0.0,0
4,Ultra-DSP,W7A2,7,2,7,7,1,activation,0 4 8 12 16 21 26,70000,0,0.0,0.0,0.0,0
5,Ultra-DSP,W7A2,7,2,7,7,1,activation,0 4 8 12 16 21 26,70000,0,0.0,0.0,0.0,0
6,Ultra-DSP,W7A2,7,2,7,7,1,activation,0 4 8 12 16 21 26,70000,0,0.0,0.0,0.0,0
7,Ultra-DSP,W7A2,7,2,7,7,1,activation,0 4 8 12 16 21 26,70000,0,0.0,0.0,0.0,0
8,Ultra-DSP,W7A2,7,2,7,7,1,activation,0 4 8 12 16 21 26,70000,0,0.0,0.0,0.0,0
9,Ultra-DSP,W7A2,7,2,7,7,1,activation,0 4 8 12 16 21 26,70000,0,0.0,0.0,0.0,0
10,Ultra-DSP,W7A2,7,2,7,7,1,activation,0 4 8 12 16 21 26,70000,0,0.0,0.0,0.0,0
11,Ultra-DSP,W7A2,7,2,7,7,1,activation,0 4 8 12 16 21 26,70000,0,0.0,0.0,0.0,0
12,Ultra-DSP,W7A2,7,2,7,7,1,activation,0 4 8 12 16 21 26,70000,0,0.0,0.0,0.0,0
13,Ultra-DSP,W7A2,7,2,7,7,1,activation,0 4 8 12 16 21 26,70000,0,0.0,0.0,0.0,0
14,Ultra-DSP,W7A2,7,2,7,7,1,activation,0 4 8 12 16 21 26,70000,0,0.0,0.0,0.0,0
15,Ultra-DSP,W7A2,7,2,7,7,1,activation,0 4 8 12 16 21 26,70000,0,0.0,0.0,0.0,0
16,Ultra-DSP,W7A2,7,2,7,7,1,activation,0 4 8 12 16 21 26,70000,0,0.0,0.0,0.0,0
17,Ultra-DSP,W7A2,7,2,7,7,1,activation,0 4 8 12 16 21 26,70000,0,0.0,0.0,0.0,0
18,Ultra-DSP,W7A2,7,2,7,7,1,activation,0 4 8 12 16 21 26,70000,0,0.0,0.0,0.0,0
19,Ultra-DSP,W7A2,7,2,7,7,1,activation,0 4 8 12 16 21 26,70000,0,0.0,0.0,0.0,0
20,Ultra-DSP,W7A2,7,2,7,7,1,activation,0 4 8 12 16 21 26,70000,0,0.0,0.0,0.0,0
21,Ultra-DSP,W7A2,7,2,7,7,1,activation,0 4 8 12 16 21 26,70000,0,0.0,0.0,0.0,0
22,Ultra-DSP,W7A2,7,2,7,7,1,activation,0 4 8 12 16 21 26,70000,0,0.0,0.0,0.0,0
23,Ultra-DSP,W7A2,7,2,7,7,1,activation,0 4 8 12 16 21 26,70000,0,0.0,0.0,0.0,0
24,Ultra-DSP,W7A2,7,2,7,7,1,activation,0 4 8 12 16 21 26,70000,0,0.0,0.0,0.0,0
25,Ultra-DSP,W7A2,7,2,7,7,1,activation,0 4 8 12 16 21 26,70000,0,0.0,0.0,0.0,0
26,Ultra-DSP,W7A2,7,2,7,7,1,activation,0 4 8 12 16 21 26,70000,0,0.0,0.0,0.0,0
27,Ultra-DSP,W7A2,7,2,7,7,1,activation,0 4 8 12 16 21 26,70000,0,0.0,0.0,0.0,0
28,Ultra-DSP,W7A2,7,2,7,7,1,activation,0 4 8 12 16 21 26,70000,0,0.0,0.0,0.0,0
29,Ultra-DSP,W7A2,7,2,7,7,1,activation,0 4 8 12 16 21 26,70000,0,0.0,0.0,0.0,0
30,Ultra-DSP,W7A2,7,2,7,7,1,activation,0 4 8 12 16 21 26,70000,0,0.0,0.0,0.0,0
31,Ultra-DSP,W7A2,7,2,7,7,1,activation,0 4 8 12 16 21 26,70000,0,0.0,0.0,0.0,0
32,Ultra-DSP,W7A2,7,2,7,7,1,activation,0 4 8 12 16 21 26,70000,0,0.0,0.0,0.0,0
33,Ultra-DSP,W7A2,7,2,7,7,1,activation,0 4 8 12 16 21 26,70000,0,0.0,0.0,0.0,0
34,Ultra-DSP,W7A2,7,2,7,7,1,activation,0 4 8 12 16 21 26,70000,0,0.0,0.0,0.0,0
35,Ultra-DSP,W7A2,7,2,7,7,1,activation,0 4 8 12 16 21 26,70000,0,0.0,0.0,0.0,0
36,Ultra-DSP,W7A2,7,2,7,7,1,activation,0 4 8 12 16 21 26,70000,0,0.0,0.0,0.0,0
37,Ultra-DSP,W7A2,7,2,7,7,1,activation,0 4 8 12 16 21 26,70000,0,0.0,0.0,0.0,0
38,Ultra-DSP,W7A2,7,2,7,7,1,activation,0 4 8 12 16 21 26,70000,0,0.0,0.0,0.0,0
39,Ultra-DSP,W7A2,7,2,7,7,1,activation,0 4 8 12 16 21 26,70000,0,0.0,0.0,0.0,0
40,Ultra-DSP,W7A2,7,2,7,7,1,activation,0 4 8 12 16 21 26,70000,0,0.0,0.0,0.0,0
41,Ultra-DSP,W7A2,7,2,7,7,1,activation,0 4 8 12 16 21 26,70000,0,0.0,0.0,0.0,0
42,Ultra-DSP,W7A2,7,2,7,7,1,activation,0 4 8 12 16 21 26,70000,0,0.0,0.0,0.0,0
43,Ultra-DSP,W7A2,7,2,7,7,1,activation,0 4 8 12 16 21 26,70000,0,0.0,0.0,0.0,0
44,Ultra-DSP,W7A2,7,2,7,7,1,activation,0 4 8 12 16 21 26,70000,0,0.0,0.0,0.0,0
45,Ultra-DSP,W7A2,7,2,7,7,1,activation,0 4 8 12 16 21 26,70000,0,0.0,0.0,0.0,0
46,Ultra-DSP,W7A2,7,2,7,7,1,activation,0 4 8 12 16 21 26,70000,0,0.0,0.0,0.0,0
47,Ultra-DSP,W7A2,7,2,7,7,1,activation,0 4 8 12 16 21 26,70000,0,0.0,0.0,0.0,0
48,Ultra-DSP,W7A2,7,2,7,7,1,activation,0 4 8 12 16 21 26,70000,0,0.0,0.0,0.0,0
49,Ultra-DSP,W7A2,7,2,7,7,1,activation,0 4 8 12 16 21 26,70000,0,0.0,0.0,0.0,0
50,Ultra-DSP,W7A2,7,2,7,7,1,activation,0 4 8 12 16 21 26,70000,0,0.0,0.0,0.0,0
51,Ultra-DSP,W7A2,7,2,7,7,1,activation,0 4 8 12 16 21 26,70000,0,0.0,0.0,0.0,0
52,Ultra-DSP,W7A2,7,2,7,7,1,activation,0 4 8 12 16 21 26,70000,0,0.0,0.0,0.0,0
53,Ultra-DSP,W7A2,7,2,7,7,1,activation,0 4 8 12 16 21 26,70000,0,0.0,0.0,0.0,0
54,Ultra-DSP,W7A2,7,2,7,7,1,activation,0 4 8 12 16 21 26,70000,0,0.0,0.0,0.0,0
55,Ultra-DSP,W7A2,7,2,7,7,1,activation,0 4 8 12 16 21 26,70000,0,0.0,0.0,0.0,0
56,Ultra-DSP,W7A2,7,2,7,7,1,activation,0 4 8 12 16 21 26,70000,0,0.0,0.0,0.0,0
57,Ultra-DSP,W7A2,7,2,7,7,1,activation,0 4 8 12 16 21 26,70000,0,0.0,0.0,0.0,0
58,Ultra-DSP,W7A2,7,2,7,7,1,activation,0 4 8 12 16 21 26,70000,0,0.0,0.0,0.0,0
59,Ultra-DSP,W7A2,7,2,7,7,1,activation,0 4 8 12 16 21 26,70000,0,0.0,0.0,0.0,0
60,Ultra-DSP,W7A2,7,2,7,7,1,activation,0 4 8 12 16 21 26,70000,0,0.0,0.0,0.0,0
61,Ultra-DSP,W7A2,7,2,7,7,1,activation,0 4 8 12 16 21 26,70000,0,0.0,0.0,0.0,0
62,Ultra-DSP,W7A2,7,2,7,7,1,activation,0 4 8 12 16 21 26,70000,0,0.0,0.0,0.0,0
63,Ultra-DSP,W7A2,7,2,7,7,1,activation,0 4 8 12 16 21 26,70000,0,0.0,0.0,0.0,0
64,Ultra-DSP,W7A2,7,2,7,7,1,activation,0 4 8 12 16 21 26,70000,0,0.0,0.0,0.0,0
65,Ultra-DSP,W7A2,7,2,7,7,1,activation,0 4 8 12 16 21 26,70000,0,0.0,0.0,0.0,0
66,Ultra-DSP,W7A2,7,2,7,7,1,activation,0 4 8 12 16 21 26,70000,0,0.0,0.0,0.0,0
67,Ultra-DSP,W7A2,7,2,7,7,1,activation,0 4 8 12 16 21 26,70000,0,0.0,0.0,0.0,0
68,Ultra-DSP,W7A2,7,2,7,7,1,activation,0 4 8 12 16 21 26,70000,0,0.0,0.0,0.0,0
69,Ultra-DSP,W7A2,7,2,7,7,1,activation,0 4 8 12 16 21 26,70000,0,0.0,0.0,0.0,0
70,Ultra-DSP,W7A2,7,2,7,7,1,activation,0 4 8 12 16 21 26,70000,0,0.0,0.0,0.0,0
71,Ultra-DSP,W7A2,7,2,7,7,1,activation,0 4 8 12 16 21 26,70000,0,0.0,0.0,0.0,0
72,Ultra-DSP,W7A2,7,2,7,7,1,activation,0 4 8 12 16 21 26,70000,0,0.0,0.0,0.0,0
73,Ultra-DSP,W7A2,7,2,7,7,1,activation,0 4 8 12 16 21 26,70000,0,0.0,0.0,0.0,0
74,Ultra-DSP,W7A2,7,2,7,7,1,activation,0 4 8 12 16 21 26,70000,0,0.0,0.0,0.0,0
75,Ultra-DSP,W7A2,7,2,7,7,1,activation,0 4 8 12 16 21 26,70000,0,0.0,0.0,0.0,0
76,Ultra-DSP,W7A2,7,2,7,7,1,activation,0 4 8 12 16 21 26,70000,0,0.0,0.0,0.0,0
77,Ultra-DSP,W7A2,7,2,7,7,1,activation,0 4 8 12 16 21 26,70000,0,0.0,0.0,0.0,0
78,Ultra-DSP,W7A2,7,2,7,7,1,activation,0 4 8 12 16 21 26,70000,0,0.0,0.0,0.0,0
79,Ultra-DSP,W7A2,7,2,7,7,1,activation,0 4 8 12 16 21 26,70000,0,0.0,0.0,0.0,0
80,Ultra-DSP,W7A2,7,2,7,7,1,activation,0 4 8 12 16 21 26,70000,0,0.0,0.0,0.0,0
81,Ultra-DSP,W7A2,7,2,7,7,1,activation,0 4 8 12 16 21 26,70000,0,0.0,0.0,0.0,0
82,Ultra-DSP,W7A2,7,2,7,7,1,activation,0 4 8 12 16 21 26,70000,0,0.0,0.0,0.0,0
83,Ultra-DSP,W7A2,7,2,7,7,1,activation,0 4 8 12 16 21 26,70000,0,0.0,0.0,0.0,0
84,Ultra-DSP,W7A2,7,2,7,7,1,activation,0 4 8 12 16 21 26,70000,0,0.0,0.0,0.0,0
85,Ultra-DSP,W7A2,7,2,7,7,1,activation,0 4 8 12 16 21 26,70000,0,0.0,0.0,0.0,0
86,Ultra-DSP,W7A2,7,2,7,7,1,activation,0 4 8 12 16 21 26,70000,0,0.0,0.0,0.0,0
87,Ultra-DSP,W7A2,7,2,7,7,1,activation,0 4 8 12 16 21 26,70000,0,0.0,0.0,0.0,0
88,Ultra-DSP,W7A2,7,2,7,7,1,activation,0 4 8 12 16 21 26,70000,0,0.0,0.0,0.0,0
89,Ultra-DSP,W7A2,7,2,7,7,1,activation,0 4 8 12 16 21 26,70000,0,0.0,0.0,0.0,0
90,Ultra-DSP,W7A2,7,2,7,7,1,activation,0 4 8 12 16 21 26,70000,0,0.0,0.0,0.0,0
91,Ultra-DSP,W7A2,7,2,7,7,1,activation,0 4 8 12 16 21 26,70000,0,0.0,0.0,0.0,0
92,Ultra-DSP,W7A2,7,2,7,7,1,activation,0 4 8 12 16 21 26,70000,0,0.0,0.0,0.0,0
93,Ultra-DSP,W7A2,7,2,7,7,1,activation,0 4 8 12 16 21 26,70000,0,0.0,0.0,0.0,0
94,Ultra-DSP,W7A2,7,2,7,7,1,activation,0 4 8 12 16 21 26,70000,0,0.0,0.0,0.0,0
95,Ultra-DSP,W7A2,7,2,7,7,1,activation,0 4 8 12 16 21 26,70000,0,0.0,0.0,0.0,0
96,Ultra-DSP,W7A2,7,2,7,7,1,activation,0 4 8 12 16 21 26,70000,0,0.0,0.0,0.0,0
97,Ultra-DSP,W7A2,7,2,7,7,1,activation,0 4 8 12 16 21 26,70000,0,0.0,0.0,0.0,0
98,Ultra-DSP,W7A2,7,2,7,7,1,activation,0 4 8 12 16 21 26,70000,0,0.0,0.0,0.0,0
99,Ultra-DSP,W7A2,7,2,7,7,1,activation,0 4 8 12 16 21 26,70000,0,0.0,0.0,0.0,0
0,Ultra-DSP,W7A3,7,3,6,6,1,activation,0 5 10 15 20 25,60000,0,0.0,0.0,0.0,0
1,Ultra-DSP,W7A3,7,3,6,6,1,activation,0 5 10 15 20 25,60000,0,0.0,0.0,0.0,0
2,Ultra-DSP,W7A3,7,3,6,6,1,activation,0 5 10 15 20 25,60000,0,0.0,0.0,0.0,0
3,Ultra-DSP,W7A3,7,3,6,6,1,activation,0 5 10 15 20 25,60000,0,0.0,0.0,0.0,0
4,Ultra-DSP,W7A3,7,3,6,6,1,activation,0 5 10 15 20 25,60000,0,0.0,0.0,0.0,0
5,Ultra-DSP,W7A3,7,3,6,6,1,activation,0 5 10 15 20 25,60000,0,0.0,0.0,0.0,0
6,Ultra-DSP,W7A3,7,3,6,6,1,activation,0 5 10 15 20 25,60000,0,0.0,0.0,0.0,0
7,Ultra-DSP,W7A3,7,3,6,6,1,activation,0 5 10 15 20 25,60000,0,0.0,0.0,0.0,0
8,Ultra-DSP,W7A3,7,3,6,6,1,activation,0 5 10 15 20 25,60000,0,0.0,0.0,0.0,0
9,Ultra-DSP,W7A3,7,3,6,6,1,activation,0 5 10 15 20 25,60000,0,0.0,0.0,0.0,0
10,Ultra-DSP,W7A3,7,3,6,6,1,activation,0 5 10 15 20 25,60000,0,0.0,0.0,0.0,0
11,Ultra-DSP,W7A3,7,3,6,6,1,activation,0 5 10 15 20 25,60000,0,0.0,0.0,0.0,0
12,Ultra-DSP,W7A3,7,3,6,6,1,activation,0 5 10 15 20 25,60000,0,0.0,0.0,0.0,0
13,Ultra-DSP,W7A3,7,3,6,6,1,activation,0 5 10 15 20 25,60000,0,0.0,0.0,0.0,0
14,Ultra-DSP,W7A3,7,3,6,6,1,activation,0 5 10 15 20 25,60000,0,0.0,0.0,0.0,0
15,Ultra-DSP,W7A3,7,3,6,6,1,activation,0 5 10 15 20 25,60000,0,0.0,0.0,0.0,0
16,Ultra-DSP,W7A3,7,3,6,6,1,activation,0 5 10 15 20 25,60000,0,0.0,0.0,0.0,0
17,Ultra-DSP,W7A3,7,3,6,6,1,activation,0 5 10 15 20 25,60000,0,0.0,0.0,0.0,0
18,Ultra-DSP,W7A3,7,3,6,6,1,activation,0 5 10 15 20 25,60000,0,0.0,0.0,0.0,0
19,Ultra-DSP,W7A3,7,3,6,6,1,activation,0 5 10 15 20 25,60000,0,0.0,0.0,0.0,0
20,Ultra-DSP,W7A3,7,3,6,6,1,activation,0 5 10 15 20 25,60000,0,0.0,0.0,0.0,0
21,Ultra-DSP,W7A3,7,3,6,6,1,activation,0 5 10 15 20 25,60000,0,0.0,0.0,0.0,0
22,Ultra-DSP,W7A3,7,3,6,6,1,activation,0 5 10 15 20 25,60000,0,0.0,0.0,0.0,0
23,Ultra-DSP,W7A3,7,3,6,6,1,activation,0 5 10 15 20 25,60000,0,0.0,0.0,0.0,0
24,Ultra-DSP,W7A3,7,3,6,6,1,activation,0 5 10 15 20 25,60000,0,0.0,0.0,0.0,0
25,Ultra-DSP,W7A3,7,3,6,6,1,activation,0 5 10 15 20 25,60000,0,0.0,0.0,0.0,0
26,Ultra-DSP,W7A3,7,3,6,6,1,activation,0 5 10 15 20 25,60000,0,0.0,0.0,0.0,0
27,Ultra-DSP,W7A3,7,3,6,6,1,activation,0 5 10 15 20 25,60000,0,0.0,0.0,0.0,0
28,Ultra-DSP,W7A3,7,3,6,6,1,activation,0 5 10 15 20 25,60000,0,0.0,0.0,0.0,0
29,Ultra-DSP,W7A3,7,3,6,6,1,activation,0 5 10 15 20 25,60000,0,0.0,0.0,0.0,0
30,Ultra-DSP,W7A3,7,3,6,6,1,activation,0 5 10 15 20 25,60000,0,0.0,0.0,0.0,0
31,Ultra-DSP,W7A3,7,3,6,6,1,activation,0 5 10 15 20 25,60000,0,0.0,0.0,0.0,0
32,Ultra-DSP,W7A3,7,3,6,6,1,activation,0 5 10 15 20 25,60000,0,0.0,0.0,0.0,0
33,Ultra-DSP,W7A3,7,3,6,6,1,activation,0 5 10 15 20 25,60000,0,0.0,0.0,0.0,0
34,Ultra-DSP,W7A3,7,3,6,6,1,activation,0 5 10 15 20 25,60000,0,0.0,0.0,0.0,0
35,Ultra-DSP,W7A3,7,3,6,6,1,activation,0 5 10 15 20 25,60000,0,0.0,0.0,0.0,0
36,Ultra-DSP,W7A3,7,3,6,6,1,activation,0 5 10 15 20 25,60000,0,0.0,0.0,0.0,0
37,Ultra-DSP,W7A3,7,3,6,6,1,activation,0 5 10 15 20 25,60000,0,0.0,0.0,0.0,0
38,Ultra-DSP,W7A3,7,3,6,6,1,activation,0 5 10 15 20 25,60000,0,0.0,0.0,0.0,0
39,Ultra-DSP,W7A3,7,3,6,6,1,activation,0 5 10 15 20 25,60000,0,0.0,0.0,0.0,0
40,Ultra-DSP,W7A3,7,3,6,6,1,activation,0 5 10 15 20 25,60000,0,0.0,0.0,0.0,0
41,Ultra-DSP,W7A3,7,3,6,6,1,activation,0 5 10 15 20 25,60000,0,0.0,0.0,0.0,0
42,Ultra-DSP,W7A3,7,3,6,6,1,activation,0 5 10 15 20 25,60000,0,0.0,0.0,0.0,0
43,Ultra-DSP,W7A3,7,3,6,6,1,activation,0 5 10 15 20 25,60000,0,0.0,0.0,0.0,0
44,Ultra-DSP,W7A3,7,3,6,6,1,activation,0 5 10 15 20 25,60000,0,0.0,0.0,0.0,0
45,Ultra-DSP,W7A3,7,3,6,6,1,activation,0 5 10 15 20 25,60000,0,0.0,0.0,0.0,0
46,Ultra-DSP,W7A3,7,3,6,6,1,activation,0 5 10 15 20 25,60000,0,0.0,0.0,0.0,0
47,Ultra-DSP,W7A3,7,3,6,6,1,activation,0 5 10 15 20 25,60000,0,0.0,0.0,0.0,0
48,Ultra-DSP,W7A3,7,3,6,6,1,activation,0 5 10 15 20 25,60000,0,0.0,0.0,0.0,0
49,Ultra-DSP,W7A3,7,3,6,6,1,activation,0 5 10 15 20 25,60000,0,0.0,0.0,0.0,0
50,Ultra-DSP,W7A3,7,3,6,6,1,activation,0 5 10 15 20 25,60000,0,0.0,0.0,0.0,0
51,Ultra-DSP,W7A3,7,3,6,6,1,activation,0 5 10 15 20 25,60000,0,0.0,0.0,0.0,0
52,Ultra-DSP,W7A3,7,3,6,6,1,activation,0 5 10 15 20 25,60000,0,0.0,0.0,0.0,0
53,Ultra-DSP,W7A3,7,3,6,6,1,activation,0 5 10 15 20 25,60000,0,0.0,0.0,0.0,0
54,Ultra-DSP,W7A3,7,3,6,6,1,activation,0 5 10 15 20 25,60000,0,0.0,0.0,0.0,0
55,Ultra-DSP,W7A3,7,3,6,6,1,activation,0 5 10 15 20 25,60000,0,0.0,0.0,0.0,0
56,Ultra-DSP,W7A3,7,3,6,6,1,activation,0 5 10 15 20 25,60000,0,0.0,0.0,0.0,0
57,Ultra-DSP,W7A3,7,3,6,6,1,activation,0 5 10 15 20 25,60000,0,0.0,0.0,0.0,0
58,Ultra-DSP,W7A3,7,3,6,6,1,activation,0 5 10 15 20 25,60000,0,0.0,0.0,0.0,0
59,Ultra-DSP,W7A3,7,3,6,6,1,activation,0 5 10 15 20 25,60000,0,0.0,0.0,0.0,0
60,Ultra-DSP,W7A3,7,3,6,6,1,activation,0 5 10 15 20 25,60000,0,0.0,0.0,0.0,0
61,Ultra-DSP,W7A3,7,3,6,6,1,activation,0 5 10 15 20 25,60000,0,0.0,0.0,0.0,0
62,Ultra-DSP,W7A3,7,3,6,6,1,activation,0 5 10 15 20 25,60000,0,0.0,0.0,0.0,0
63,Ultra-DSP,W7A3,7,3,6,6,1,activation,0 5 10 15 20 25,60000,0,0.0,0.0,0.0,0
64,Ultra-DSP,W7A3,7,3,6,6,1,activation,0 5 10 15 20 25,60000,0,0.0,0.0,0.0,0
65,Ultra-DSP,W7A3,7,3,6,6,1,activation,0 5 10 15 20 25,60000,0,0.0,0.0,0.0,0
66,Ultra-DSP,W7A3,7,3,6,6,1,activation,0 5 10 15 20 25,60000,0,0.0,0.0,0.0,0
67,Ultra-DSP,W7A3,7,3,6,6,1,activation,0 5 10 15 20 25,60000,0,0.0,0.0,0.0,0
68,Ultra-DSP,W7A3,7,3,6,6,1,activation,0 5 10 15 20 25,60000,0,0.0,0.0,0.0,0
69,Ultra-DSP,W7A3,7,3,6,6,1,activation,0 5 10 15 20 25,60000,0,0.0,0.0,0.0,0
70,Ultra-DSP,W7A3,7,3,6,6,1,activation,0 5 10 15 20 25,60000,0,0.0,0.0,0.0,0
71,Ultra-DSP,W7A3,7,3,6,6,1,activation,0 5 10 15 20 25,60000,0,0.0,0.0,0.0,0
72,Ultra-DSP,W7A3,7,3,6,6,1,activation,0 5 10 15 20 25,60000,0,0.0,0.0,0.0,0
73,Ultra-DSP,W7A3,7,3,6,6,1,activation,0 5 10 15 20 25,60000,0,0.0,0.0,0.0,0
74,Ultra-DSP,W7A3,7,3,6,6,1,activation,0 5 10 15 20 25,60000,0,0.0,0.0,0.0,0
75,Ultra-DSP,W7A3,7,3,6,6,1,activation,0 5 10 15 20 25,60000,0,0.0,0.0,0.0,0
76,Ultra-DSP,W7A3,7,3,6,6,1,activation,0 5 10 15 20 25,60000,0,0.0,0.0,0.0,0
77,Ultra-DSP,W7A3,7,3,6,6,1,activation,0 5 10 15 20 25,60000,0,0.0,0.0,0.0,0
78,Ultra-DSP,W7A3,7,3,6,6,1,activation,0 5 10 15 20 25,60000,0,0.0,0.0,0.0,0
79,Ultra-DSP,W7A3,7,3,6,6,1,activation,0 5 10 15 20 25,60000,0,0.0,0.0,0.0,0
80,Ultra-DSP,W7A3,7,3,6,6,1,activation,0 5 10 15 20 25,60000,0,0.0,0.0,0.0,0
81,Ultra-DSP,W7A3,7,3,6,6,1,activation,0 5 10 15 20 25,60000,0,0.0,0.0,0.0,0
82,Ultra-DSP,W7A3,7,3,6,6,1,activation,0 5 10 15 20 25,60000,0,0.0,0.0,0.0,0
83,Ultra-DSP,W7A3,7,3,6,6,1,activation,0 5 10 15 20 25,60000,0,0.0,0.0,0.0,0
84,Ultra-DSP,W7A3,7,3,6,6,1,activation,0 5 10 15 20 25,60000,0,0.0,0.0,0.0,0
85,Ultra-DSP,W7A3,7,3,6,6,1,activation,0 5 10 15 20 25,60000,0,0.0,0.0,0.0,0
86,Ultra-DSP,W7A3,7,3,6,6,1,activation,0 5 10 15 20 25,60000,0,0.0,0.0,0.0,0
87,Ultra-DSP,W7A3,7,3,6,6,1,activation,0 5 10 15 20 25,60000,0,0.0,0.0,0.0,0
88,Ultra-DSP,W7A3,7,3,6,6,1,activation,0 5 10 15 20 25,60000,0,0.0,0.0,0.0,0
89,Ultra-DSP,W7A3,7,3,6,6,1,activation,0 5 10 15 20 25,60000,0,0.0,0.0,0.0,0
90,Ultra-DSP,W7A3,7,3,6,6,1,activation,0 5 10 15 20 25,60000,0,0.0,0.0,0.0,0
91,Ultra-DSP,W7A3,7,3,6,6,1,activation,0 5 10 15 20 25,60000,0,0.0,0.0,0.0,0
92,Ultra-DSP,W7A3,7,3,6,6,1,activation,0 5 10 15 20 25,60000,0,0.0,0.0,0.0,0
93,Ultra-DSP,W7A3,7,3,6,6,1,activation,0 5 10 15 20 25,60000,0,0.0,0.0,0.0,0
94,Ultra-DSP,W7A3,7,3,6,6,1,activation,0 5 10 15 20 25,60000,0,0.0,0.0,0.0,0
95,Ultra-DSP,W7A3,7,3,6,6,1,activation,0 5 10 15 20 25,60000,0,0.0,0.0,0.0,0
96,Ultra-DSP,W7A3,7,3,6,6,1,activation,0 5 10 15 20 25,60000,0,0.0,0.0,0.0,0
97,Ultra-DSP,W7A3,7,3,6,6,1,activation,0 5 10 15 20 25,60000,0,0.0,0.0,0.0,0
98,Ultra-DSP,W7A3,7,3,6,6,1,activation,0 5 10 15 20 25,60000,0,0.0,0.0,0.0,0
99,Ultra-DSP,W7A3,7,3,6,6,1,activation,0 5 10 15 20 25,60000,0,0.0,0.0,0.0,0
0,Ultra-DSP,W7A4,7,4,5,5,1,activation,0 6 12 18 24,50000,0,0.0,0.0,0.0,0
1,Ultra-DSP,W7A4,7,4,5,5,1,activation,0 6 12 18 24,50000,0,0.0,0.0,0.0,0
2,Ultra-DSP,W7A4,7,4,5,5,1,activation,0 6 12 18 24,50000,0,0.0,0.0,0.0,0
3,Ultra-DSP,W7A4,7,4,5,5,1,activation,0 6 12 18 24,50000,0,0.0,0.0,0.0,0
4,Ultra-DSP,W7A4,7,4,5,5,1,activation,0 6 12 18 24,50000,0,0.0,0.0,0.0,0
5,Ultra-DSP,W7A4,7,4,5,5,1,activation,0 6 12 18 24,50000,0,0.0,0.0,0.0,0
6,Ultra-DSP,W7A4,7,4,5,5,1,activation,0 6 12 18 24,50000,0,0.0,0.0,0.0,0
7,Ultra-DSP,W7A4,7,4,5,5,1,activation,0 6 12 18 24,50000,0,0.0,0.0,0.0,0
8,Ultra-DSP,W7A4,7,4,5,5,1,activation,0 6 12 18 24,50000,0,0.0,0.0,0.0,0
9,Ultra-DSP,W7A4,7,4,5,5,1,activation,0 6 12 18 24,50000,0,0.0,0.0,0.0,0
10,Ultra-DSP,W7A4,7,4,5,5,1,activation,0 6 12 18 24,50000,0,0.0,0.0,0.0,0
11,Ultra-DSP,W7A4,7,4,5,5,1,activation,0 6 12 18 24,50000,0,0.0,0.0,0.0,0
12,Ultra-DSP,W7A4,7,4,5,5,1,activation,0 6 12 18 24,50000,0,0.0,0.0,0.0,0
13,Ultra-DSP,W7A4,7,4,5,5,1,activation,0 6 12 18 24,50000,0,0.0,0.0,0.0,0
14,Ultra-DSP,W7A4,7,4,5,5,1,activation,0 6 12 18 24,50000,0,0.0,0.0,0.0,0
15,Ultra-DSP,W7A4,7,4,5,5,1,activation,0 6 12 18 24,50000,0,0.0,0.0,0.0,0
16,Ultra-DSP,W7A4,7,4,5,5,1,activation,0 6 12 18 24,50000,0,0.0,0.0,0.0,0
17,Ultra-DSP,W7A4,7,4,5,5,1,activation,0 6 12 18 24,50000,0,0.0,0.0,0.0,0
18,Ultra-DSP,W7A4,7,4,5,5,1,activation,0 6 12 18 24,50000,0,0.0,0.0,0.0,0
19,Ultra-DSP,W7A4,7,4,5,5,1,activation,0 6 12 18 24,50000,0,0.0,0.0,0.0,0
20,Ultra-DSP,W7A4,7,4,5,5,1,activation,0 6 12 18 24,50000,0,0.0,0.0,0.0,0
21,Ultra-DSP,W7A4,7,4,5,5,1,activation,0 6 12 18 24,50000,0,0.0,0.0,0.0,0
22,Ultra-DSP,W7A4,7,4,5,5,1,activation,0 6 12 18 24,50000,0,0.0,0.0,0.0,0
23,Ultra-DSP,W7A4,7,4,5,5,1,activation,0 6 12 18 24,50000,0,0.0,0.0,0.0,0
24,Ultra-DSP,W7A4,7,4,5,5,1,activation,0 6 12 18 24,50000,0,0.0,0.0,0.0,0
25,Ultra-DSP,W7A4,7,4,5,5,1,activation,0 6 12 18 24,50000,0,0.0,0.0,0.0,0
26,Ultra-DSP,W7A4,7,4,5,5,1,activation,0 6 12 18 24,50000,0,0.0,0.0,0.0,0
27,Ultra-DSP,W7A4,7,4,5,5,1,activation,0 6 12 18 24,50000,0,0.0,0.0,0.0,0
28,Ultra-DSP,W7A4,7,4,5,5,1,activation,0 6 12 18 24,50000,0,0.0,0.0,0.0,0
29,Ultra-DSP,W7A4,7,4,5,5,1,activation,0 6 12 18 24,50000,0,0.0,0.0,0.0,0
30,Ultra-DSP,W7A4,7,4,5,5,1,activation,0 6 12 18 24,50000,0,0.0,0.0,0.0,0
31,Ultra-DSP,W7A4,7,4,5,5,1,activation,0 6 12 18 24,50000,0,0.0,0.0,0.0,0
32,Ultra-DSP,W7A4,7,4,5,5,1,activation,0 6 12 18 24,50000,0,0.0,0.0,0.0,0
33,Ultra-DSP,W7A4,7,4,5,5,1,activation,0 6 12 18 24,50000,0,0.0,0.0,0.0,0
34,Ultra-DSP,W7A4,7,4,5,5,1,activation,0 6 12 18 24,50000,0,0.0,0.0,0.0,0
35,Ultra-DSP,W7A4,7,4,5,5,1,activation,0 6 12 18 24,50000,0,0.0,0.0,0.0,0
36,Ultra-DSP,W7A4,7,4,5,5,1,activation,0 6 12 18 24,50000,0,0.0,0.0,0.0,0
37,Ultra-DSP,W7A4,7,4,5,5,1,activation,0 6 12 18 24,50000,0,0.0,0.0,0.0,0
38,Ultra-DSP,W7A4,7,4,5,5,1,activation,0 6 12 18 24,50000,0,0.0,0.0,0.0,0
39,Ultra-DSP,W7A4,7,4,5,5,1,activation,0 6 12 18 24,50000,0,0.0,0.0,0.0,0
40,Ultra-DSP,W7A4,7,4,5,5,1,activation,0 6 12 18 24,50000,0,0.0,0.0,0.0,0
41,Ultra-DSP,W7A4,7,4,5,5,1,activation,0 6 12 18 24,50000,0,0.0,0.0,0.0,0
42,Ultra-DSP,W7A4,7,4,5,5,1,activation,0 6 12 18 24,50000,0,0.0,0.0,0.0,0
43,Ultra-DSP,W7A4,7,4,5,5,1,activation,0 6 12 18 24,50000,0,0.0,0.0,0.0,0
44,Ultra-DSP,W7A4,7,4,5,5,1,activation,0 6 12 18 24,50000,0,0.0,0.0,0.0,0
45,Ultra-DSP,W7A4,7,4,5,5,1,activation,0 6 12 18 24,50000,0,0.0,0.0,0.0,0
46,Ultra-DSP,W7A4,7,4,5,5,1,activation,0 6 12 18 24,50000,0,0.0,0.0,0.0,0
47,Ultra-DSP,W7A4,7,4,5,5,1,activation,0 6 12 18 24,50000,0,0.0,0.0,0.0,0
48,Ultra-DSP,W7A4,7,4,5,5,1,activation,0 6 12 18 24,50000,0,0.0,0.0,0.0,0
49,Ultra-DSP,W7A4,7,4,5,5,1,activation,0 6 12 18 24,50000,0,0.0,0.0,0.0,0
50,Ultra-DSP,W7A4,7,4,5,5,1,activation,0 6 12 18 24,50000,0,0.0,0.0,0.0,0
51,Ultra-DSP,W7A4,7,4,5,5,1,activation,0 6 12 18 24,50000,0,0.0,0.0,0.0,0
52,Ultra-DSP,W7A4,7,4,5,5,1,activation,0 6 12 18 24,50000,0,0.0,0.0,0.0,0
53,Ultra-DSP,W7A4,7,4,5,5,1,activation,0 6 12 18 24,50000,0,0.0,0.0,0.0,0
54,Ultra-DSP,W7A4,7,4,5,5,1,activation,0 6 12 18 24,50000,0,0.0,0.0,0.0,0
55,Ultra-DSP,W7A4,7,4,5,5,1,activation,0 6 12 18 24,50000,0,0.0,0.0,0.0,0
56,Ultra-DSP,W7A4,7,4,5,5,1,activation,0 6 12 18 24,50000,0,0.0,0.0,0.0,0
57,Ultra-DSP,W7A4,7,4,5,5,1,activation,0 6 12 18 24,50000,0,0.0,0.0,0.0,0
58,Ultra-DSP,W7A4,7,4,5,5,1,activation,0 6 12 18 24,50000,0,0.0,0.0,0.0,0
59,Ultra-DSP,W7A4,7,4,5,5,1,activation,0 6 12 18 24,50000,0,0.0,0.0,0.0,0
60,Ultra-DSP,W7A4,7,4,5,5,1,activation,0 6 12 18 24,50000,0,0.0,0.0,0.0,0
61,Ultra-DSP,W7A4,7,4,5,5,1,activation,0 6 12 18 24,50000,0,0.0,0.0,0.0,0
62,Ultra-DSP,W7A4,7,4,5,5,1,activation,0 6 12 18 24,50000,0,0.0,0.0,0.0,0
63,Ultra-DSP,W7A4,7,4,5,5,1,activation,0 6 12 18 24,50000,0,0.0,0.0,0.0,0
64,Ultra-DSP,W7A4,7,4,5,5,1,activation,0 6 12 18 24,50000,0,0.0,0.0,0.0,0
65,Ultra-DSP,W7A4,7,4,5,5,1,activation,0 6 12 18 24,50000,0,0.0,0.0,0.0,0
66,Ultra-DSP,W7A4,7,4,5,5,1,activation,0 6 12 18 24,50000,0,0.0,0.0,0.0,0
67,Ultra-DSP,W7A4,7,4,5,5,1,activation,0 6 12 18 24,50000,0,0.0,0.0,0.0,0
68,Ultra-DSP,W7A4,7,4,5,5,1,activation,0 6 12 18 24,50000,0,0.0,0.0,0.0,0
69,Ultra-DSP,W7A4,7,4,5,5,1,activation,0 6 12 18 24,50000,0,0.0,0.0,0.0,0
70,Ultra-DSP,W7A4,7,4,5,5,1,activation,0 6 12 18 24,50000,0,0.0,0.0,0.0,0
71,Ultra-DSP,W7A4,7,4,5,5,1,activation,0 6 12 18 24,50000,0,0.0,0.0,0.0,0
72,Ultra-DSP,W7A4,7,4,5,5,1,activation,0 6 12 18 24,50000,0,0.0,0.0,0.0,0
73,Ultra-DSP,W7A4,7,4,5,5,1,activation,0 6 12 18 24,50000,0,0.0,0.0,0.0,0
74,Ultra-DSP,W7A4,7,4,5,5,1,activation,0 6 12 18 24,50000,0,0.0,0.0,0.0,0
75,Ultra-DSP,W7A4,7,4,5,5,1,activation,0 6 12 18 24,50000,0,0.0,0.0,0.0,0
76,Ultra-DSP,W7A4,7,4,5,5,1,activation,0 6 12 18 24,50000,0,0.0,0.0,0.0,0
77,Ultra-DSP,W7A4,7,4,5,5,1,activation,0 6 12 18 24,50000,0,0.0,0.0,0.0,0
78,Ultra-DSP,W7A4,7,4,5,5,1,activation,0 6 12 18 24,50000,0,0.0,0.0,0.0,0
79,Ultra-DSP,W7A4,7,4,5,5,1,activation,0 6 12 18 24,50000,0,0.0,0.0,0.0,0
80,Ultra-DSP,W7A4,7,4,5,5,1,activation,0 6 12 18 24,50000,0,0.0,0.0,0.0,0
81,Ultra-DSP,W7A4,7,4,5,5,1,activation,0 6 12 18 24,50000,0,0.0,0.0,0.0,0
82,Ultra-DSP,W7A4,7,4,5,5,1,activation,0 6 12 18 24,50000,0,0.0,0.0,0.0,0
83,Ultra-DSP,W7A4,7,4,5,5,1,activation,0 6 12 18 24,50000,0,0.0,0.0,0.0,0
84,Ultra-DSP,W7A4,7,4,5,5,1,activation,0 6 12 18 24,50000,0,0.0,0.0,0.0,0
85,Ultra-DSP,W7A4,7,4,5,5,1,activation,0 6 12 18 24,50000,0,0.0,0.0,0.0,0
86,Ultra-DSP,W7A4,7,4,5,5,1,activation,0 6 12 18 24,50000,0,0.0,0.0,0.0,0
87,Ultra-DSP,W7A4,7,4,5,5,1,activation,0 6 12 18 24,50000,0,0.0,0.0,0.0,0
88,Ultra-DSP,W7A4,7,4,5,5,1,activation,0 6 12 18 24,50000,0,0.0,0.0,0.0,0
89,Ultra-DSP,W7A4,7,4,5,5,1,activation,0 6 12 18 24,50000,0,0.0,0.0,0.0,0
90,Ultra-DSP,W7A4,7,4,5,5,1,activation,0 6 12 18 24,50000,0,0.0,0.0,0.0,0
91,Ultra-DSP,W7A4,7,4,5,5,1,activation,0 6 12 18 24,50000,0,0.0,0.0,0.0,0
92,Ultra-DSP,W7A4,7,4,5,5,1,activation,0 6 12 18 24,50000,0,0.0,0.0,0.0,0
93,Ultra-DSP,W7A4,7,4,5,5,1,activation,0 6 12 18 24,50000,0,0.0,0.0,0.0,0
94,Ultra-DSP,W7A4,7,4,5,5,1,activation,0 6 12 18 24,50000,0,0.0,0.0,0.0,0
95,Ultra-DSP,W7A4,7,4,5,5,1,activation,0 6 12 18 24,50000,0,0.0,0.0,0.0,0
96,Ultra-DSP,W7A4,7,4,5,5,1,activation,0 6 12 18 24,50000,0,0.0,0.0,0.0,0
97,Ultra-DSP,W7A4,7,4,5,5,1,activation,0 6 12 18 24,50000,0,0.0,0.0,0.0,0
98,Ultra-DSP,W7A4,7,4,5,5,1,activation,0 6 12 18 24,50000,0,0.0,0.0,0.0,0
99,Ultra-DSP,W7A4,7,4,5,5,1,activation,0 6 12 18 24,50000,0,0.0,0.0,0.0,0
0,Ultra-DSP,W7A5,7,5,4,4,1,weight,0 7 14 21,40000,0,0.0,0.0,0.0,0
1,Ultra-DSP,W7A5,7,5,4,4,1,weight,0 7 14 21,40000,0,0.0,0.0,0.0,0
2,Ultra-DSP,W7A5,7,5,4,4,1,weight,0 7 14 21,40000,0,0.0,0.0,0.0,0
3,Ultra-DSP,W7A5,7,5,4,4,1,weight,0 7 14 21,40000,0,0.0,0.0,0.0,0
4,Ultra-DSP,W7A5,7,5,4,4,1,weight,0 7 14 21,40000,0,0.0,0.0,0.0,0
5,Ultra-DSP,W7A5,7,5,4,4,1,weight,0 7 14 21,40000,0,0.0,0.0,0.0,0
6,Ultra-DSP,W7A5,7,5,4,4,1,weight,0 7 14 21,40000,0,0.0,0.0,0.0,0
7,Ultra-DSP,W7A5,7,5,4,4,1,weight,0 7 14 21,40000,0,0.0,0.0,0.0,0
8,Ultra-DSP,W7A5,7,5,4,4,1,weight,0 7 14 21,40000,0,0.0,0.0,0.0,0
9,Ultra-DSP,W7A5,7,5,4,4,1,weight,0 7 14 21,40000,0,0.0,0.0,0.0,0
10,Ultra-DSP,W7A5,7,5,4,4,1,weight,0 7 14 21,40000,0,0.0,0.0,0.0,0
11,Ultra-DSP,W7A5,7,5,4,4,1,weight,0 7 14 21,40000,0,0.0,0.0,0.0,0
12,Ultra-DSP,W7A5,7,5,4,4,1,weight,0 7 14 21,40000,0,0.0,0.0,0.0,0
13,Ultra-DSP,W7A5,7,5,4,4,1,weight,0 7 14 21,40000,0,0.0,0.0,0.0,0
14,Ultra-DSP,W7A5,7,5,4,4,1,weight,0 7 14 21,40000,0,0.0,0.0,0.0,0
15,Ultra-DSP,W7A5,7,5,4,4,1,weight,0 7 14 21,40000,0,0.0,0.0,0.0,0
16,Ultra-DSP,W7A5,7,5,4,4,1,weight,0 7 14 21,40000,0,0.0,0.0,0.0,0
17,Ultra-DSP,W7A5,7,5,4,4,1,weight,0 7 14 21,40000,0,0.0,0.0,0.0,0
18,Ultra-DSP,W7A5,7,5,4,4,1,weight,0 7 14 21,40000,0,0.0,0.0,0.0,0
19,Ultra-DSP,W7A5,7,5,4,4,1,weight,0 7 14 21,40000,0,0.0,0.0,0.0,0
20,Ultra-DSP,W7A5,7,5,4,4,1,weight,0 7 14 21,40000,0,0.0,0.0,0.0,0
21,Ultra-DSP,W7A5,7,5,4,4,1,weight,0 7 14 21,40000,0,0.0,0.0,0.0,0
22,Ultra-DSP,W7A5,7,5,4,4,1,weight,0 7 14 21,40000,0,0.0,0.0,0.0,0
23,Ultra-DSP,W7A5,7,5,4,4,1,weight,0 7 14 21,40000,0,0.0,0.0,0.0,0
24,Ultra-DSP,W7A5,7,5,4,4,1,weight,0 7 14 21,40000,0,0.0,0.0,0.0,0
25,Ultra-DSP,W7A5,7,5,4,4,1,weight,0 7 14 21,40000,0,0.0,0.0,0.0,0
26,Ultra-DSP,W7A5,7,5,4,4,1,weight,0 7 14 21,40000,0,0.0,0.0,0.0,0
27,Ultra-DSP,W7A5,7,5,4,4,1,weight,0 7 14 21,40000,0,0.0,0.0,0.0,0
28,Ultra-DSP,W7A5,7,5,4,4,1,weight,0 7 14 21,40000,0,0.0,0.0,0.0,0
29,Ultra-DSP,W7A5,7,5,4,4,1,weight,0 7 14 21,40000,0,0.0,0.0,0.0,0
30,Ultra-DSP,W7A5,7,5,4,4,1,weight,0 7 14 21,40000,0,0.0,0.0,0.0,0
31,Ultra-DSP,W7A5,7,5,4,4,1,weight,0 7 14 21,40000,0,0.0,0.0,0.0,0
32,Ultra-DSP,W7A5,7,5,4,4,1,weight,0 7 14 21,40000,0,0.0,0.0,0.0,0
33,Ultra-DSP,W7A5,7,5,4,4,1,weight,0 7 14 21,40000,0,0.0,0.0,0.0,0
34,Ultra-DSP,W7A5,7,5,4,4,1,weight,0 7 14 21,40000,0,0.0,0.0,0.0,0
35,Ultra-DSP,W7A5,7,5,4,4,1,weight,0 7 14 21,40000,0,0.0,0.0,0.0,0
36,Ultra-DSP,W7A5,7,5,4,4,1,weight,0 7 14 21,40000,0,0.0,0.0,0.0,0
37,Ultra-DSP,W7A5,7,5,4,4,1,weight,0 7 14 21,40000,0,0.0,0.0,0.0,0
38,Ultra-DSP,W7A5,7,5,4,4,1,weight,0 7 14 21,40000,0,0.0,0.0,0.0,0
39,Ultra-DSP,W7A5,7,5,4,4,1,weight,0 7 14 21,40000,0,0.0,0.0,0.0,0
40,Ultra-DSP,W7A5,7,5,4,4,1,weight,0 7 14 21,40000,0,0.0,0.0,0.0,0
41,Ultra-DSP,W7A5,7,5,4,4,1,weight,0 7 14 21,40000,0,0.0,0.0,0.0,0
42,Ultra-DSP,W7A5,7,5,4,4,1,weight,0 7 14 21,40000,0,0.0,0.0,0.0,0
43,Ultra-DSP,W7A5,7,5,4,4,1,weight,0 7 14 21,40000,0,0.0,0.0,0.0,0
44,Ultra-DSP,W7A5,7,5,4,4,1,weight,0 7 14 21,40000,0,0.0,0.0,0.0,0
45,Ultra-DSP,W7A5,7,5,4,4,1,weight,0 7 14 21,40000,0,0.0,0.0,0.0,0
46,Ultra-DSP,W7A5,7,5,4,4,1,weight,0 7 14 21,40000,0,0.0,0.0,0.0,0
47,Ultra-DSP,W7A5,7,5,4,4,1,weight,0 7 14 21,40000,0,0.0,0.0,0.0,0
48,Ultra-DSP,W7A5,7,5,4,4,1,weight,0 7 14 21,40000,0,0.0,0.0,0.0,0
49,Ultra-DSP,W7A5,7,5,4,4,1,weight,0 7 14 21,40000,0,0.0,0.0,0.0,0
50,Ultra-DSP,W7A5,7,5,4,4,1,weight,0 7 14 21,40000,0,0.0,0.0,0.0,0
51,Ultra-DSP,W7A5,7,5,4,4,1,weight,0 7 14 21,40000,0,0.0,0.0,0.0,0
52,Ultra-DSP,W7A5,7,5,4,4,1,weight,0 7 14 21,40000,0,0.0,0.0,0.0,0
53,Ultra-DSP,W7A5,7,5,4,4,1,weight,0 7 14 21,40000,0,0.0,0.0,0.0,0
54,Ultra-DSP,W7A5,7,5,4,4,1,weight,0 7 14 21,40000,0,0.0,0.0,0.0,0
55,Ultra-DSP,W7A5,7,5,4,4,1,weight,0 7 14 21,40000,0,0.0,0.0,0.0,0
56,Ultra-DSP,W7A5,7,5,4,4,1,weight,0 7 14 21,40000,0,0.0,0.0,0.0,0
57,Ultra-DSP,W7A5,7,5,4,4,1,weight,0 7 14 21,40000,0,0.0,0.0,0.0,0
58,Ultra-DSP,W7A5,7,5,4,4,1,weight,0 7 14 21,40000,0,0.0,0.0,0.0,0
59,Ultra-DSP,W7A5,7,5,4,4,1,weight,0 7 14 21,40000,0,0.0,0.0,0.0,0
60,Ultra-DSP,W7A5,7,5,4,4,1,weight,0 7 14 21,40000,0,0.0,0.0,0.0,0
61,Ultra-DSP,W7A5,7,5,4,4,1,weight,0 7 14 21,40000,0,0.0,0.0,0.0,0
62,Ultra-DSP,W7A5,7,5,4,4,1,weight,0 7 14 21,40000,0,0.0,0.0,0.0,0
63,Ultra-DSP,W7A5,7,5,4,4,1,weight,0 7 14 21,40000,0,0.0,0.0,0.0,0
64,Ultra-DSP,W7A5,7,5,4,4,1,weight,0 7 14 21,40000,0,0.0,0.0,0.0,0
65,Ultra-DSP,W7A5,7,5,4,4,1,weight,0 7 14 21,40000,0,0.0,0.0,0.0,0
66,Ultra-DSP,W7A5,7,5,4,4,1,weight,0 7 14 21,40000,0,0.0,0.0,0.0,0
67,Ultra-DSP,W7A5,7,5,4,4,1,weight,0 7 14 21,40000,0,0.0,0.0,0.0,0
68,Ultra-DSP,W7A5,7,5,4,4,1,weight,0 7 14 21,40000,0,0.0,0.0,0.0,0
69,Ultra-DSP,W7A5,7,5,4,4,1,weight,0 7 14 21,40000,0,0.0,0.0,0.0,0
70,Ultra-DSP,W7A5,7,5,4,4,1,weight,0 7 14 21,40000,0,0.0,0.0,0.0,0
71,Ultra-DSP,W7A5,7,5,4,4,1,weight,0 7 14 21,40000,0,0.0,0.0,0.0,0
72,Ultra-DSP,W7A5,7,5,4,4,1,weight,0 7 14 21,40000,0,0.0,0.0,0.0,0
73,Ultra-DSP,W7A5,7,5,4,4,1,weight,0 7 14 21,40000,0,0.0,0.0,0.0,0
74,Ultra-DSP,W7A5,7,5,4,4,1,weight,0 7 14 21,40000,0,0.0,0.0,0.0,0
75,Ultra-DSP,W7A5,7,5,4,4,1,weight,0 7 14 21,40000,0,0.0,0.0,0.0,0
76,Ultra-DSP,W7A5,7,5,4,4,1,weight,0 7 14 21,40000,0,0.0,0.0,0.0,0
77,Ultra-DSP,W7A5,7,5,4,4,1,weight,0 7 14 21,40000,0,0.0,0.0,0.0,0
78,Ultra-DSP,W7A5,7,5,4,4,1,weight,0 7 14 21,40000,0,0.0,0.0,0.0,0
79,Ultra-DSP,W7A5,7,5,4,4,1,weight,0 7 14 21,40000,0,0.0,0.0,0.0,0
80,Ultra-DSP,W7A5,7,5,4,4,1,weight,0 7 14 21,40000,0,0.0,0.0,0.0,0
81,Ultra-DSP,W7A5,7,5,4,4,1,weight,0 7 14 21,40000,0,0.0,0.0,0.0,0
82,Ultra-DSP,W7A5,7,5,4,4,1,weight,0 7 14 21,40000,0,0.0,0.0,0.0,0
83,Ultra-DSP,W7A5,7,5,4,4,1,weight,0 7 14 21,40000,0,0.0,0.0,0.0,0
84,Ultra-DSP,W7A5,7,5,4,4,1,weight,0 7 14 21,40000,0,0.0,0.0,0.0,0
85,Ultra-DSP,W7A5,7,5,4,4,1,weight,0 7 14 21,40000,0,0.0,0.0,0.0,0
86,Ultra-DSP,W7A5,7,5,4,4,1,weight,0 7 14 21,40000,0,0.0,0.0,0.0,0
87,Ultra-DSP,W7A5,7,5,4,4,1,weight,0 7 14 21,40000,0,0.0,0.0,0.0,0
88,Ultra-DSP,W7A5,7,5,4,4,1,weight,0 7 14 21,40000,0,0.0,0.0,0.0,0
89,Ultra-DSP,W7A5,7,5,4,4,1,weight,0 7 14 21,40000,0,0.0,0.0,0.0,0
90,Ultra-DSP,W7A5,7,5,4,4,1,weight,0 7 14 21,40000,0,0.0,0.0,0.0,0
91,Ultra-DSP,W7A5,7,5,4,4,1,weight,0 7 14 21,40000,0,0.0,0.0,0.0,0
92,Ultra-DSP,W7A5,7,5,4,4,1,weight,0 7 14 21,40000,0,0.0,0.0,0.0,0
93,Ultra-DSP,W7A5,7,5,4,4,1,weight,0 7 14 21,40000,0,0.0,0.0,0.0,0
94,Ultra-DSP,W7A5,7,5,4,4,1,weight,0 7 14 21,40000,0,0.0,0.0,0.0,0
95,Ultra-DSP,W7A5,7,5,4,4,1,weight,0 7 14 21,40000,0,0.0,0.0,0.0,0
96,Ultra-DSP,W7A5,7,5,4,4,1,weight,0 7 14 21,40000,0,0.0,0.0,0.0,0
97,Ultra-DSP,W7A5,7,5,4,4,1,weight,0 7 14 21,40000,0,0.0,0.0,0.0,0
98,Ultra-DSP,W7A5,7,5,4,4,1,weight,0 7 14 21,40000,0,0.0,0.0,0.0,0
99,Ultra-DSP,W7A5,7,5,4,4,1,weight,0 7 14 21,40000,0,0.0,0.0,0.0,0
0,Ultra-DSP,W7A6,7,6,3,3,1,weight,0 10 21,30000,0,0.0,0.0,0.0,0
1,Ultra-DSP,W7A6,7,6,3,3,1,weight,0 10 21,30000,0,0.0,0.0,0.0,0
2,Ultra-DSP,W7A6,7,6,3,3,1,weight,0 10 21,30000,0,0.0,0.0,0.0,0
3,Ultra-DSP,W7A6,7,6,3,3,1,weight,0 10 21,30000,0,0.0,0.0,0.0,0
4,Ultra-DSP,W7A6,7,6,3,3,1,weight,0 10 21,30000,0,0.0,0.0,0.0,0
5,Ultra-DSP,W7A6,7,6,3,3,1,weight,0 10 21,30000,0,0.0,0.0,0.0,0
6,Ultra-DSP,W7A6,7,6,3,3,1,weight,0 10 21,30000,0,0.0,0.0,0.0,0
7,Ultra-DSP,W7A6,7,6,3,3,1,weight,0 10 21,30000,0,0.0,0.0,0.0,0
8,Ultra-DSP,W7A6,7,6,3,3,1,weight,0 10 21,30000,0,0.0,0.0,0.0,0
9,Ultra-DSP,W7A6,7,6,3,3,1,weight,0 10 21,30000,0,0.0,0.0,0.0,0
10,Ultra-DSP,W7A6,7,6,3,3,1,weight,0 10 21,30000,0,0.0,0.0,0.0,0
11,Ultra-DSP,W7A6,7,6,3,3,1,weight,0 10 21,30000,0,0.0,0.0,0.0,0
12,Ultra-DSP,W7A6,7,6,3,3,1,weight,0 10 21,30000,0,0.0,0.0,0.0,0
13,Ultra-DSP,W7A6,7,6,3,3,1,weight,0 10 21,30000,0,0.0,0.0,0.0,0
14,Ultra-DSP,W7A6,7,6,3,3,1,weight,0 10 21,30000,0,0.0,0.0,0.0,0
15,Ultra-DSP,W7A6,7,6,3,3,1,weight,0 10 21,30000,0,0.0,0.0,0.0,0
16,Ultra-DSP,W7A6,7,6,3,3,1,weight,0 10 21,30000,0,0.0,0.0,0.0,0
17,Ultra-DSP,W7A6,7,6,3,3,1,weight,0 10 21,30000,0,0.0,0.0,0.0,0
18,Ultra-DSP,W7A6,7,6,3,3,1,weight,0 10 21,30000,0,0.0,0.0,0.0,0
19,Ultra-DSP,W7A6,7,6,3,3,1,weight,0 10 21,30000,0,0.0,0.0,0.0,0
20,Ultra-DSP,W7A6,7,6,3,3,1,weight,0 10 21,30000,0,0.0,0.0,0.0,0
21,Ultra-DSP,W7A6,7,6,3,3,1,weight,0 10 21,30000,0,0.0,0.0,0.0,0
22,Ultra-DSP,W7A6,7,6,3,3,1,weight,0 10 21,30000,0,0.0,0.0,0.0,0
23,Ultra-DSP,W7A6,7,6,3,3,1,weight,0 10 21,30000,0,0.0,0.0,0.0,0
24,Ultra-DSP,W7A6,7,6,3,3,1,weight,0 10 21,30000,0,0.0,0.0,0.0,0
25,Ultra-DSP,W7A6,7,6,3,3,1,weight,0 10 21,30000,0,0.0,0.0,0.0,0
26,Ultra-DSP,W7A6,7,6,3,3,1,weight,0 10 21,30000,0,0.0,0.0,0.0,0
27,Ultra-DSP,W7A6,7,6,3,3,1,weight,0 10 21,30000,0,0.0,0.0,0.0,0
28,Ultra-DSP,W7A6,7,6,3,3,1,weight,0 10 21,30000,0,0.0,0.0,0.0,0
29,Ultra-DSP,W7A6,7,6,3,3,1,weight,0 10 21,30000,0,0.0,0.0,0.0,0
30,Ultra-DSP,W7A6,7,6,3,3,1,weight,0 10 21,30000,0,0.0,0.0,0.0,0
31,Ultra-DSP,W7A6,7,6,3,3,1,weight,0 10 21,30000,0,0.0,0.0,0.0,0
32,Ultra-DSP,W7A6,7,6,3,3,1,weight,0 10 21,30000,0,0.0,0.0,0.0,0
33,Ultra-DSP,W7A6,7,6,3,3,1,weight,0 10 21,30000,0,0.0,0.0,0.0,0
34,Ultra-DSP,W7A6,7,6,3,3,1,weight,0 10 21,30000,0,0.0,0.0,0.0,0
35,Ultra-DSP,W7A6,7,6,3,3,1,weight,0 10 21,30000,0,0.0,0.0,0.0,0
36,Ultra-DSP,W7A6,7,6,3,3,1,weight,0 10 21,30000,0,0.0,0.0,0.0,0
37,Ultra-DSP,W7A6,7,6,3,3,1,weight,0 10 21,30000,0,0.0,0.0,0.0,0
38,Ultra-DSP,W7A6,7,6,3,3,1,weight,0 10 21,30000,0,0.0,0.0,0.0,0
39,Ultra-DSP,W7A6,7,6,3,3,1,weight,0 10 21,30000,0,0.0,0.0,0.0,0
40,Ultra-DSP,W7A6,7,6,3,3,1,weight,0 10 21,30000,0,0.0,0.0,0.0,0
41,Ultra-DSP,W7A6,7,6,3,3,1,weight,0 10 21,30000,0,0.0,0.0,0.0,0
42,Ultra-DSP,W7A6,7,6,3,3,1,weight,0 10 21,30000,0,0.0,0.0,0.0,0
43,Ultra-DSP,W7A6,7,6,3,3,1,weight,0 10 21,30000,0,0.0,0.0,0.0,0
44,Ultra-DSP,W7A6,7,6,3,3,1,weight,0 10 21,30000,0,0.0,0.0,0.0,0
45,Ultra-DSP,W7A6,7,6,3,3,1,weight,0 10 21,30000,0,0.0,0.0,0.0,0
46,Ultra-DSP,W7A6,7,6,3,3,1,weight,0 10 21,30000,0,0.0,0.0,0.0,0
47,Ultra-DSP,W7A6,7,6,3,3,1,weight,0 10 21,30000,0,0.0,0.0,0.0,0
48,Ultra-DSP,W7A6,7,6,3,3,1,weight,0 10 21,30000,0,0.0,0.0,0.0,0
49,Ultra-DSP,W7A6,7,6,3,3,1,weight,0 10 21,30000,0,0.0,0.0,0.0,0
50,Ultra-DSP,W7A6,7,6,3,3,1,weight,0 10 21,30000,0,0.0,0.0,0.0,0
51,Ultra-DSP,W7A6,7,6,3,3,1,weight,0 10 21,30000,0,0.0,0.0,0.0,0
52,Ultra-DSP,W7A6,7,6,3,3,1,weight,0 10 21,30000,0,0.0,0.0,0.0,0
53,Ultra-DSP,W7A6,7,6,3,3,1,weight,0 10 21,30000,0,0.0,0.0,0.0,0
54,Ultra-DSP,W7A6,7,6,3,3,1,weight,0 10 21,30000,0,0.0,0.0,0.0,0
55,Ultra-DSP,W7A6,7,6,3,3,1,weight,0 10 21,30000,0,0.0,0.0,0.0,0
56,Ultra-DSP,W7A6,7,6,3,3,1,weight,0 10 21,30000,0,0.0,0.0,0.0,0
57,Ultra-DSP,W7A6,7,6,3,3,1,weight,0 10 21,30000,0,0.0,0.0,0.0,0
58,Ultra-DSP,W7A6,7,6,3,3,1,weight,0 10 21,30000,0,0.0,0.0,0.0,0
59,Ultra-DSP,W7A6,7,6,3,3,1,weight,0 10 21,30000,0,0.0,0.0,0.0,0
60,Ultra-DSP,W7A6,7,6,3,3,1,weight,0 10 21,30000,0,0.0,0.0,0.0,0
61,Ultra-DSP,W7A6,7,6,3,3,1,weight,0 10 21,30000,0,0.0,0.0,0.0,0
62,Ultra-DSP,W7A6,7,6,3,3,1,weight,0 10 21,30000,0,0.0,0.0,0.0,0
63,Ultra-DSP,W7A6,7,6,3,3,1,weight,0 10 21,30000,0,0.0,0.0,0.0,0
64,Ultra-DSP,W7A6,7,6,3,3,1,weight,0 10 21,30000,0,0.0,0.0,0.0,0
65,Ultra-DSP,W7A6,7,6,3,3,1,weight,0 10 21,30000,0,0.0,0.0,0.0,0
66,Ultra-DSP,W7A6,7,6,3,3,1,weight,0 10 21,30000,0,0.0,0.0,0.0,0
67,Ultra-DSP,W7A6,7,6,3,3,1,weight,0 10 21,30000,0,0.0,0.0,0.0,0
68,Ultra-DSP,W7A6,7,6,3,3,1,weight,0 10 21,30000,0,0.0,0.0,0.0,0
69,Ultra-DSP,W7A6,7,6,3,3,1,weight,0 10 21,30000,0,0.0,0.0,0.0,0
70,Ultra-DSP,W7A6,7,6,3,3,1,weight,0 10 21,30000,0,0.0,0.0,0.0,0
71,Ultra-DSP,W7A6,7,6,3,3,1,weight,0 10 21,30000,0,0.0,0.0,0.0,0
72,Ultra-DSP,W7A6,7,6,3,3,1,weight,0 10 21,30000,0,0.0,0.0,0.0,0
73,Ultra-DSP,W7A6,7,6,3,3,1,weight,0 10 21,30000,0,0.0,0.0,0.0,0
74,Ultra-DSP,W7A6,7,6,3,3,1,weight,0 10 21,30000,0,0.0,0.0,0.0,0
75,Ultra-DSP,W7A6,7,6,3,3,1,weight,0 10 21,30000,0,0.0,0.0,0.0,0
76,Ultra-DSP,W7A6,7,6,3,3,1,weight,0 10 21,30000,0,0.0,0.0,0.0,0
77,Ultra-DSP,W7A6,7,6,3,3,1,weight,0 10 21,30000,0,0.0,0.0,0.0,0
78,Ultra-DSP,W7A6,7,6,3,3,1,weight,0 10 21,30000,0,0.0,0.0,0.0,0
79,Ultra-DSP,W7A6,7,6,3,3,1,weight,0 10 21,30000,0,0.0,0.0,0.0,0
80,Ultra-DSP,W7A6,7,6,3,3,1,weight,0 10 21,30000,0,0.0,0.0,0.0,0
81,Ultra-DSP,W7A6,7,6,3,3,1,weight,0 10 21,30000,0,0.0,0.0,0.0,0
82,Ultra-DSP,W7A6,7,6,3,3,1,weight,0 10 21,30000,0,0.0,0.0,0.0,0
83,Ultra-DSP,W7A6,7,6,3,3,1,weight,0 10 21,30000,0,0.0,0.0,0.0,0
84,Ultra-DSP,W7A6,7,6,3,3,1,weight,0 10 21,30000,0,0.0,0.0,0.0,0
85,Ultra-DSP,W7A6,7,6,3,3,1,weight,0 10 21,30000,0,0.0,0.0,0.0,0
86,Ultra-DSP,W7A6,7,6,3,3,1,weight,0 10 21,30000,0,0.0,0.0,0.0,0
87,Ultra-DSP,W7A6,7,6,3,3,1,weight,0 10 21,30000,0,0.0,0.0,0.0,0
88,Ultra-DSP,W7A6,7,6,3,3,1,weight,0 10 21,30000,0,0.0,0.0,0.0,0
89,Ultra-DSP,W7A6,7,6,3,3,1,weight,0 10 21,30000,0,0.0,0.0,0.0,0
90,Ultra-DSP,W7A6,7,6,3,3,1,weight,0 10 21,30000,0,0.0,0.0,0.0,0
91,Ultra-DSP,W7A6,7,6,3,3,1,weight,0 10 21,30000,0,0.0,0.0,0.0,0
92,Ultra-DSP,W7A6,7,6,3,3,1,weight,0 10 21,30000,0,0.0,0.0,0.0,0
93,Ultra-DSP,W7A6,7,6,3,3,1,weight,0 10 21,30000,0,0.0,0.0,0.0,0
94,Ultra-DSP,W7A6,7,6,3,3,1,weight,0 10 21,30000,0,0.0,0.0,0.0,0
95,Ultra-DSP,W7A6,7,6,3,3,1,weight,0 10 21,30000,0,0.0,0.0,0.0,0
96,Ultra-DSP,W7A6,7,6,3,3,1,weight,0 10 21,30000,0,0.0,0.0,0.0,0
97,Ultra-DSP,W7A6,7,6,3,3,1,weight,0 10 21,30000,0,0.0,0.0,0.0,0
98,Ultra-DSP,W7A6,7,6,3,3,1,weight,0 10 21,30000,0,0.0,0.0,0.0,0
99,Ultra-DSP,W7A6,7,6,3,3,1,weight,0 10 21,30000,0,0.0,0.0,0.0,0
0,Ultra-DSP,W7A7,7,7,3,3,1,weight,0 10 21,30000,0,0.0,0.0,0.0,0
1,Ultra-DSP,W7A7,7,7,3,3,1,weight,0 10 21,30000,0,0.0,0.0,0.0,0
2,Ultra-DSP,W7A7,7,7,3,3,1,weight,0 10 21,30000,0,0.0,0.0,0.0,0
3,Ultra-DSP,W7A7,7,7,3,3,1,weight,0 10 21,30000,0,0.0,0.0,0.0,0
4,Ultra-DSP,W7A7,7,7,3,3,1,weight,0 10 21,30000,0,0.0,0.0,0.0,0
5,Ultra-DSP,W7A7,7,7,3,3,1,weight,0 10 21,30000,0,0.0,0.0,0.0,0
6,Ultra-DSP,W7A7,7,7,3,3,1,weight,0 10 21,30000,0,0.0,0.0,0.0,0
7,Ultra-DSP,W7A7,7,7,3,3,1,weight,0 10 21,30000,0,0.0,0.0,0.0,0
8,Ultra-DSP,W7A7,7,7,3,3,1,weight,0 10 21,30000,0,0.0,0.0,0.0,0
9,Ultra-DSP,W7A7,7,7,3,3,1,weight,0 10 21,30000,0,0.0,0.0,0.0,0
10,Ultra-DSP,W7A7,7,7,3,3,1,weight,0 10 21,30000,0,0.0,0.0,0.0,0
11,Ultra-DSP,W7A7,7,7,3,3,1,weight,0 10 21,30000,0,0.0,0.0,0.0,0
12,Ultra-DSP,W7A7,7,7,3,3,1,weight,0 10 21,30000,0,0.0,0.0,0.0,0
13,Ultra-DSP,W7A7,7,7,3,3,1,weight,0 10 21,30000,0,0.0,0.0,0.0,0
14,Ultra-DSP,W7A7,7,7,3,3,1,weight,0 10 21,30000,0,0.0,0.0,0.0,0
15,Ultra-DSP,W7A7,7,7,3,3,1,weight,0 10 21,30000,0,0.0,0.0,0.0,0
16,Ultra-DSP,W7A7,7,7,3,3,1,weight,0 10 21,30000,0,0.0,0.0,0.0,0
17,Ultra-DSP,W7A7,7,7,3,3,1,weight,0 10 21,30000,0,0.0,0.0,0.0,0
18,Ultra-DSP,W7A7,7,7,3,3,1,weight,0 10 21,30000,0,0.0,0.0,0.0,0
19,Ultra-DSP,W7A7,7,7,3,3,1,weight,0 10 21,30000,0,0.0,0.0,0.0,0
20,Ultra-DSP,W7A7,7,7,3,3,1,weight,0 10 21,30000,0,0.0,0.0,0.0,0
21,Ultra-DSP,W7A7,7,7,3,3,1,weight,0 10 21,30000,0,0.0,0.0,0.0,0
22,Ultra-DSP,W7A7,7,7,3,3,1,weight,0 10 21,30000,0,0.0,0.0,0.0,0
23,Ultra-DSP,W7A7,7,7,3,3,1,weight,0 10 21,30000,0,0.0,0.0,0.0,0
24,Ultra-DSP,W7A7,7,7,3,3,1,weight,0 10 21,30000,0,0.0,0.0,0.0,0
25,Ultra-DSP,W7A7,7,7,3,3,1,weight,0 10 21,30000,0,0.0,0.0,0.0,0
26,Ultra-DSP,W7A7,7,7,3,3,1,weight,0 10 21,30000,0,0.0,0.0,0.0,0
27,Ultra-DSP,W7A7,7,7,3,3,1,weight,0 10 21,30000,0,0.0,0.0,0.0,0
28,Ultra-DSP,W7A7,7,7,3,3,1,weight,0 10 21,30000,0,0.0,0.0,0.0,0
29,Ultra-DSP,W7A7,7,7,3,3,1,weight,0 10 21,30000,0,0.0,0.0,0.0,0
30,Ultra-DSP,W7A7,7,7,3,3,1,weight,0 10 21,30000,0,0.0,0.0,0.0,0
31,Ultra-DSP,W7A7,7,7,3,3,1,weight,0 10 21,30000,0,0.0,0.0,0.0,0
32,Ultra-DSP,W7A7,7,7,3,3,1,weight,0 10 21,30000,0,0.0,0.0,0.0,0
33,Ultra-DSP,W7A7,7,7,3,3,1,weight,0 10 21,30000,0,0.0,0.0,0.0,0
34,Ultra-DSP,W7A7,7,7,3,3,1,weight,0 10 21,30000,0,0.0,0.0,0.0,0
35,Ultra-DSP,W7A7,7,7,3,3,1,weight,0 10 21,30000,0,0.0,0.0,0.0,0
36,Ultra-DSP,W7A7,7,7,3,3,1,weight,0 10 21,30000,0,0.0,0.0,0.0,0
37,Ultra-DSP,W7A7,7,7,3,3,1,weight,0 10 21,30000,0,0.0,0.0,0.0,0
38,Ultra-DSP,W7A7,7,7,3,3,1,weight,0 10 21,30000,0,0.0,0.0,0.0,0
39,Ultra-DSP,W7A7,7,7,3,3,1,weight,0 10 21,30000,0,0.0,0.0,0.0,0
40,Ultra-DSP,W7A7,7,7,3,3,1,weight,0 10 21,30000,0,0.0,0.0,0.0,0
41,Ultra-DSP,W7A7,7,7,3,3,1,weight,0 10 21,30000,0,0.0,0.0,0.0,0
42,Ultra-DSP,W7A7,7,7,3,3,1,weight,0 10 21,30000,0,0.0,0.0,0.0,0
43,Ultra-DSP,W7A7,7,7,3,3,1,weight,0 10 21,30000,0,0.0,0.0,0.0,0
44,Ultra-DSP,W7A7,7,7,3,3,1,weight,0 10 21,30000,0,0.0,0.0,0.0,0
45,Ultra-DSP,W7A7,7,7,3,3,1,weight,0 10 21,30000,0,0.0,0.0,0.0,0
46,Ultra-DSP,W7A7,7,7,3,3,1,weight,0 10 21,30000,0,0.0,0.0,0.0,0
47,Ultra-DSP,W7A7,7,7,3,3,1,weight,0 10 21,30000,0,0.0,0.0,0.0,0
48,Ultra-DSP,W7A7,7,7,3,3,1,weight,0 10 21,30000,0,0.0,0.0,0.0,0
49,Ultra-DSP,W7A7,7,7,3,3,1,weight,0 10 21,30000,0,0.0,0.0,0.0,0
50,Ultra-DSP,W7A7,7,7,3,3,1,weight,0 10 21,30000,0,0.0,0.0,0.0,0
51,Ultra-DSP,W7A7,7,7,3,3,1,weight,0 10 21,30000,0,0.0,0.0,0.0,0
52,Ultra-DSP,W7A7,7,7,3,3,1,weight,0 10 21,30000,0,0.0,0.0,0.0,0
53,Ultra-DSP,W7A7,7,7,3,3,1,weight,0 10 21,30000,0,0.0,0.0,0.0,0
54,Ultra-DSP,W7A7,7,7,3,3,1,weight,0 10 21,30000,0,0.0,0.0,0.0,0
55,Ultra-DSP,W7A7,7,7,3,3,1,weight,0 10 21,30000,0,0.0,0.0,0.0,0
56,Ultra-DSP,W7A7,7,7,3,3,1,weight,0 10 21,30000,0,0.0,0.0,0.0,0
57,Ultra-DSP,W7A7,7,7,3,3,1,weight,0 10 21,30000,0,0.0,0.0,0.0,0
58,Ultra-DSP,W7A7,7,7,3,3,1,weight,0 10 21,30000,0,0.0,0.0,0.0,0
59,Ultra-DSP,W7A7,7,7,3,3,1,weight,0 10 21,30000,0,0.0,0.0,0.0,0
60,Ultra-DSP,W7A7,7,7,3,3,1,weight,0 10 21,30000,0,0.0,0.0,0.0,0
61,Ultra-DSP,W7A7,7,7,3,3,1,weight,0 10 21,30000,0,0.0,0.0,0.0,0
62,Ultra-DSP,W7A7,7,7,3,3,1,weight,0 10 21,30000,0,0.0,0.0,0.0,0
63,Ultra-DSP,W7A7,7,7,3,3,1,weight,0 10 21,30000,0,0.0,0.0,0.0,0
64,Ultra-DSP,W7A7,7,7,3,3,1,weight,0 10 21,30000,0,0.0,0.0,0.0,0
65,Ultra-DSP,W7A7,7,7,3,3,1,weight,0 10 21,30000,0,0.0,0.0,0.0,0
66,Ultra-DSP,W7A7,7,7,3,3,1,weight,0 10 21,30000,0,0.0,0.0,0.0,0
67,Ultra-DSP,W7A7,7,7,3,3,1,weight,0 10 21,30000,0,0.0,0.0,0.0,0
68,Ultra-DSP,W7A7,7,7,3,3,1,weight,0 10 21,30000,0,0.0,0.0,0.0,0
69,Ultra-DSP,W7A7,7,7,3,3,1,weight,0 10 21,30000,0,0.0,0.0,0.0,0
70,Ultra-DSP,W7A7,7,7,3,3,1,weight,0 10 21,30000,0,0.0,0.0,0.0,0
71,Ultra-DSP,W7A7,7,7,3,3,1,weight,0 10 21,30000,0,0.0,0.0,0.0,0
72,Ultra-DSP,W7A7,7,7,3,3,1,weight,0 10 21,30000,0,0.0,0.0,0.0,0
73,Ultra-DSP,W7A7,7,7,3,3,1,weight,0 10 21,30000,0,0.0,0.0,0.0,0
74,Ultra-DSP,W7A7,7,7,3,3,1,weight,0 10 21,30000,0,0.0,0.0,0.0,0
75,Ultra-DSP,W7A7,7,7,3,3,1,weight,0 10 21,30000,0,0.0,0.0,0.0,0
76,Ultra-DSP,W7A7,7,7,3,3,1,weight,0 10 21,30000,0,0.0,0.0,0.0,0
77,Ultra-DSP,W7A7,7,7,3,3,1,weight,0 10 21,30000,0,0.0,0.0,0.0,0
78,Ultra-DSP,W7A7,7,7,3,3,1,weight,0 10 21,30000,0,0.0,0.0,0.0,0
79,Ultra-DSP,W7A7,7,7,3,3,1,weight,0 10 21,30000,0,0.0,0.0,0.0,0
80,Ultra-DSP,W7A7,7,7,3,3,1,weight,0 10 21,30000,0,0.0,0.0,0.0,0
81,Ultra-DSP,W7A7,7,7,3,3,1,weight,0 10 21,30000,0,0.0,0.0,0.0,0
82,Ultra-DSP,W7A7,7,7,3,3,1,weight,0 10 21,30000,0,0.0,0.0,0.0,0
83,Ultra-DSP,W7A7,7,7,3,3,1,weight,0 10 21,30000,0,0.0,0.0,0.0,0
84,Ultra-DSP,W7A7,7,7,3,3,1,weight,0 10 21,30000,0,0.0,0.0,0.0,0
85,Ultra-DSP,W7A7,7,7,3,3,1,weight,0 10 21,30000,0,0.0,0.0,0.0,0
86,Ultra-DSP,W7A7,7,7,3,3,1,weight,0 10 21,30000,0,0.0,0.0,0.0,0
87,Ultra-DSP,W7A7,7,7,3,3,1,weight,0 10 21,30000,0,0.0,0.0,0.0,0
88,Ultra-DSP,W7A7,7,7,3,3,1,weight,0 10 21,30000,0,0.0,0.0,0.0,0
89,Ultra-DSP,W7A7,7,7,3,3,1,weight,0 10 21,30000,0,0.0,0.0,0.0,0
90,Ultra-DSP,W7A7,7,7,3,3,1,weight,0 10 21,30000,0,0.0,0.0,0.0,0
91,Ultra-DSP,W7A7,7,7,3,3,1,weight,0 10 21,30000,0,0.0,0.0,0.0,0
92,Ultra-DSP,W7A7,7,7,3,3,1,weight,0 10 21,30000,0,0.0,0.0,0.0,0
93,Ultra-DSP,W7A7,7,7,3,3,1,weight,0 10 21,30000,0,0.0,0.0,0.0,0
94,Ultra-DSP,W7A7,7,7,3,3,1,weight,0 10 21,30000,0,0.0,0.0,0.0,0
95,Ultra-DSP,W7A7,7,7,3,3,1,weight,0 10 21,30000,0,0.0,0.0,0.0,0
96,Ultra-DSP,W7A7,7,7,3,3,1,weight,0 10 21,30000,0,0.0,0.0,0.0,0
97,Ultra-DSP,W7A7,7,7,3,3,1,weight,0 10 21,30000,0,0.0,0.0,0.0,0
98,Ultra-DSP,W7A7,7,7,3,3,1,weight,0 10 21,30000,0,0.0,0.0,0.0,0
99,Ultra-DSP,W7A7,7,7,3,3,1,weight,0 10 21,30000,0,0.0,0.0,0.0,0
0,Ultra-DSP,W7A8,7,8,3,3,1,weight,0 10 21,30000,0,0.0,0.0,0.0,0
1,Ultra-DSP,W7A8,7,8,3,3,1,weight,0 10 21,30000,0,0.0,0.0,0.0,0
2,Ultra-DSP,W7A8,7,8,3,3,1,weight,0 10 21,30000,0,0.0,0.0,0.0,0
3,Ultra-DSP,W7A8,7,8,3,3,1,weight,0 10 21,30000,0,0.0,0.0,0.0,0
4,Ultra-DSP,W7A8,7,8,3,3,1,weight,0 10 21,30000,0,0.0,0.0,0.0,0
5,Ultra-DSP,W7A8,7,8,3,3,1,weight,0 10 21,30000,0,0.0,0.0,0.0,0
6,Ultra-DSP,W7A8,7,8,3,3,1,weight,0 10 21,30000,0,0.0,0.0,0.0,0
7,Ultra-DSP,W7A8,7,8,3,3,1,weight,0 10 21,30000,0,0.0,0.0,0.0,0
8,Ultra-DSP,W7A8,7,8,3,3,1,weight,0 10 21,30000,0,0.0,0.0,0.0,0
9,Ultra-DSP,W7A8,7,8,3,3,1,weight,0 10 21,30000,0,0.0,0.0,0.0,0
10,Ultra-DSP,W7A8,7,8,3,3,1,weight,0 10 21,30000,0,0.0,0.0,0.0,0
11,Ultra-DSP,W7A8,7,8,3,3,1,weight,0 10 21,30000,0,0.0,0.0,0.0,0
12,Ultra-DSP,W7A8,7,8,3,3,1,weight,0 10 21,30000,0,0.0,0.0,0.0,0
13,Ultra-DSP,W7A8,7,8,3,3,1,weight,0 10 21,30000,0,0.0,0.0,0.0,0
14,Ultra-DSP,W7A8,7,8,3,3,1,weight,0 10 21,30000,0,0.0,0.0,0.0,0
15,Ultra-DSP,W7A8,7,8,3,3,1,weight,0 10 21,30000,0,0.0,0.0,0.0,0
16,Ultra-DSP,W7A8,7,8,3,3,1,weight,0 10 21,30000,0,0.0,0.0,0.0,0
17,Ultra-DSP,W7A8,7,8,3,3,1,weight,0 10 21,30000,0,0.0,0.0,0.0,0
18,Ultra-DSP,W7A8,7,8,3,3,1,weight,0 10 21,30000,0,0.0,0.0,0.0,0
19,Ultra-DSP,W7A8,7,8,3,3,1,weight,0 10 21,30000,0,0.0,0.0,0.0,0
20,Ultra-DSP,W7A8,7,8,3,3,1,weight,0 10 21,30000,0,0.0,0.0,0.0,0
21,Ultra-DSP,W7A8,7,8,3,3,1,weight,0 10 21,30000,0,0.0,0.0,0.0,0
22,Ultra-DSP,W7A8,7,8,3,3,1,weight,0 10 21,30000,0,0.0,0.0,0.0,0
23,Ultra-DSP,W7A8,7,8,3,3,1,weight,0 10 21,30000,0,0.0,0.0,0.0,0
24,Ultra-DSP,W7A8,7,8,3,3,1,weight,0 10 21,30000,0,0.0,0.0,0.0,0
25,Ultra-DSP,W7A8,7,8,3,3,1,weight,0 10 21,30000,0,0.0,0.0,0.0,0
26,Ultra-DSP,W7A8,7,8,3,3,1,weight,0 10 21,30000,0,0.0,0.0,0.0,0
27,Ultra-DSP,W7A8,7,8,3,3,1,weight,0 10 21,30000,0,0.0,0.0,0.0,0
28,Ultra-DSP,W7A8,7,8,3,3,1,weight,0 10 21,30000,0,0.0,0.0,0.0,0
29,Ultra-DSP,W7A8,7,8,3,3,1,weight,0 10 21,30000,0,0.0,0.0,0.0,0
30,Ultra-DSP,W7A8,7,8,3,3,1,weight,0 10 21,30000,0,0.0,0.0,0.0,0
31,Ultra-DSP,W7A8,7,8,3,3,1,weight,0 10 21,30000,0,0.0,0.0,0.0,0
32,Ultra-DSP,W7A8,7,8,3,3,1,weight,0 10 21,30000,0,0.0,0.0,0.0,0
33,Ultra-DSP,W7A8,7,8,3,3,1,weight,0 10 21,30000,0,0.0,0.0,0.0,0
34,Ultra-DSP,W7A8,7,8,3,3,1,weight,0 10 21,30000,0,0.0,0.0,0.0,0
35,Ultra-DSP,W7A8,7,8,3,3,1,weight,0 10 21,30000,0,0.0,0.0,0.0,0
36,Ultra-DSP,W7A8,7,8,3,3,1,weight,0 10 21,30000,0,0.0,0.0,0.0,0
37,Ultra-DSP,W7A8,7,8,3,3,1,weight,0 10 21,30000,0,0.0,0.0,0.0,0
38,Ultra-DSP,W7A8,7,8,3,3,1,weight,0 10 21,30000,0,0.0,0.0,0.0,0
39,Ultra-DSP,W7A8,7,8,3,3,1,weight,0 10 21,30000,0,0.0,0.0,0.0,0
40,Ultra-DSP,W7A8,7,8,3,3,1,weight,0 10 21,30000,0,0.0,0.0,0.0,0
41,Ultra-DSP,W7A8,7,8,3,3,1,weight,0 10 21,30000,0,0.0,0.0,0.0,0
42,Ultra-DSP,W7A8,7,8,3,3,1,weight,0 10 21,30000,0,0.0,0.0,0.0,0
43,Ultra-DSP,W7A8,7,8,3,3,1,weight,0 10 21,30000,0,0.0,0.0,0.0,0
44,Ultra-DSP,W7A8,7,8,3,3,1,weight,0 10 21,30000,0,0.0,0.0,0.0,0
45,Ultra-DSP,W7A8,7,8,3,3,1,weight,0 10 21,30000,0,0.0,0.0,0.0,0
46,Ultra-DSP,W7A8,7,8,3,3,1,weight,0 10 21,30000,0,0.0,0.0,0.0,0
47,Ultra-DSP,W7A8,7,8,3,3,1,weight,0 10 21,30000,0,0.0,0.0,0.0,0
48,Ultra-DSP,W7A8,7,8,3,3,1,weight,0 10 21,30000,0,0.0,0.0,0.0,0
49,Ultra-DSP,W7A8,7,8,3,3,1,weight,0 10 21,30000,0,0.0,0.0,0.0,0
50,Ultra-DSP,W7A8,7,8,3,3,1,weight,0 10 21,30000,0,0.0,0.0,0.0,0
51,Ultra-DSP,W7A8,7,8,3,3,1,weight,0 10 21,30000,0,0.0,0.0,0.0,0
52,Ultra-DSP,W7A8,7,8,3,3,1,weight,0 10 21,30000,0,0.0,0.0,0.0,0
53,Ultra-DSP,W7A8,7,8,3,3,1,weight,0 10 21,30000,0,0.0,0.0,0.0,0
54,Ultra-DSP,W7A8,7,8,3,3,1,weight,0 10 21,30000,0,0.0,0.0,0.0,0
55,Ultra-DSP,W7A8,7,8,3,3,1,weight,0 10 21,30000,0,0.0,0.0,0.0,0
56,Ultra-DSP,W7A8,7,8,3,3,1,weight,0 10 21,30000,0,0.0,0.0,0.0,0
57,Ultra-DSP,W7A8,7,8,3,3,1,weight,0 10 21,30000,0,0.0,0.0,0.0,0
58,Ultra-DSP,W7A8,7,8,3,3,1,weight,0 10 21,30000,0,0.0,0.0,0.0,0
59,Ultra-DSP,W7A8,7,8,3,3,1,weight,0 10 21,30000,0,0.0,0.0,0.0,0
60,Ultra-DSP,W7A8,7,8,3,3,1,weight,0 10 21,30000,0,0.0,0.0,0.0,0
61,Ultra-DSP,W7A8,7,8,3,3,1,weight,0 10 21,30000,0,0.0,0.0,0.0,0
62,Ultra-DSP,W7A8,7,8,3,3,1,weight,0 10 21,30000,0,0.0,0.0,0.0,0
63,Ultra-DSP,W7A8,7,8,3,3,1,weight,0 10 21,30000,0,0.0,0.0,0.0,0
64,Ultra-DSP,W7A8,7,8,3,3,1,weight,0 10 21,30000,0,0.0,0.0,0.0,0
65,Ultra-DSP,W7A8,7,8,3,3,1,weight,0 10 21,30000,0,0.0,0.0,0.0,0
66,Ultra-DSP,W7A8,7,8,3,3,1,weight,0 10 21,30000,0,0.0,0.0,0.0,0
67,Ultra-DSP,W7A8,7,8,3,3,1,weight,0 10 21,30000,0,0.0,0.0,0.0,0
68,Ultra-DSP,W7A8,7,8,3,3,1,weight,0 10 21,30000,0,0.0,0.0,0.0,0
69,Ultra-DSP,W7A8,7,8,3,3,1,weight,0 10 21,30000,0,0.0,0.0,0.0,0
70,Ultra-DSP,W7A8,7,8,3,3,1,weight,0 10 21,30000,0,0.0,0.0,0.0,0
71,Ultra-DSP,W7A8,7,8,3,3,1,weight,0 10 21,30000,0,0.0,0.0,0.0,0
72,Ultra-DSP,W7A8,7,8,3,3,1,weight,0 10 21,30000,0,0.0,0.0,0.0,0
73,Ultra-DSP,W7A8,7,8,3,3,1,weight,0 10 21,30000,0,0.0,0.0,0.0,0
74,Ultra-DSP,W7A8,7,8,3,3,1,weight,0 10 21,30000,0,0.0,0.0,0.0,0
75,Ultra-DSP,W7A8,7,8,3,3,1,weight,0 10 21,30000,0,0.0,0.0,0.0,0
76,Ultra-DSP,W7A8,7,8,3,3,1,weight,0 10 21,30000,0,0.0,0.0,0.0,0
77,Ultra-DSP,W7A8,7,8,3,3,1,weight,0 10 21,30000,0,0.0,0.0,0.0,0
78,Ultra-DSP,W7A8,7,8,3,3,1,weight,0 10 21,30000,0,0.0,0.0,0.0,0
79,Ultra-DSP,W7A8,7,8,3,3,1,weight,0 10 21,30000,0,0.0,0.0,0.0,0
80,Ultra-DSP,W7A8,7,8,3,3,1,weight,0 10 21,30000,0,0.0,0.0,0.0,0
81,Ultra-DSP,W7A8,7,8,3,3,1,weight,0 10 21,30000,0,0.0,0.0,0.0,0
82,Ultra-DSP,W7A8,7,8,3,3,1,weight,0 10 21,30000,0,0.0,0.0,0.0,0
83,Ultra-DSP,W7A8,7,8,3,3,1,weight,0 10 21,30000,0,0.0,0.0,0.0,0
84,Ultra-DSP,W7A8,7,8,3,3,1,weight,0 10 21,30000,0,0.0,0.0,0.0,0
85,Ultra-DSP,W7A8,7,8,3,3,1,weight,0 10 21,30000,0,0.0,0.0,0.0,0
86,Ultra-DSP,W7A8,7,8,3,3,1,weight,0 10 21,30000,0,0.0,0.0,0.0,0
87,Ultra-DSP,W7A8,7,8,3,3,1,weight,0 10 21,30000,0,0.0,0.0,0.0,0
88,Ultra-DSP,W7A8,7,8,3,3,1,weight,0 10 21,30000,0,0.0,0.0,0.0,0
89,Ultra-DSP,W7A8,7,8,3,3,1,weight,0 10 21,30000,0,0.0,0.0,0.0,0
90,Ultra-DSP,W7A8,7,8,3,3,1,weight,0 10 21,30000,0,0.0,0.0,0.0,0
91,Ultra-DSP,W7A8,7,8,3,3,1,weight,0 10 21,30000,0,0.0,0.0,0.0,0
92,Ultra-DSP,W7A8,7,8,3,3,1,weight,0 10 21,30000,0,0.0,0.0,0.0,0
93,Ultra-DSP,W7A8,7,8,3,3,1,weight,0 10 21,30000,0,0.0,0.0,0.0,0
94,Ultra-DSP,W7A8,7,8,3,3,1,weight,0 10 21,30000,0,0.0,0.0,0.0,0
95,Ultra-DSP,W7A8,7,8,3,3,1,weight,0 10 21,30000,0,0.0,0.0,0.0,0
96,Ultra-DSP,W7A8,7,8,3,3,1,weight,0 10 21,30000,0,0.0,0.0,0.0,0
97,Ultra-DSP,W7A8,7,8,3,3,1,weight,0 10 21,30000,0,0.0,0.0,0.0,0
98,Ultra-DSP,W7A8,7,8,3,3,1,weight,0 10 21,30000,0,0.0,0.0,0.0,0
99,Ultra-DSP,W7A8,7,8,3,3,1,weight,0 10 21,30000,0,0.0,0.0,0.0,0
0,Ultra-DSP,W8A2,8,2,6,6,1,activation,0 5 10 15 20 26,60000,0,0.0,0.0,0.0,0
1,Ultra-DSP,W8A2,8,2,6,6,1,activation,0 5 10 15 20 26,60000,0,0.0,0.0,0.0,0
2,Ultra-DSP,W8A2,8,2,6,6,1,activation,0 5 10 15 20 26,60000,0,0.0,0.0,0.0,0
3,Ultra-DSP,W8A2,8,2,6,6,1,activation,0 5 10 15 20 26,60000,0,0.0,0.0,0.0,0
4,Ultra-DSP,W8A2,8,2,6,6,1,activation,0 5 10 15 20 26,60000,0,0.0,0.0,0.0,0
5,Ultra-DSP,W8A2,8,2,6,6,1,activation,0 5 10 15 20 26,60000,0,0.0,0.0,0.0,0
6,Ultra-DSP,W8A2,8,2,6,6,1,activation,0 5 10 15 20 26,60000,0,0.0,0.0,0.0,0
7,Ultra-DSP,W8A2,8,2,6,6,1,activation,0 5 10 15 20 26,60000,0,0.0,0.0,0.0,0
8,Ultra-DSP,W8A2,8,2,6,6,1,activation,0 5 10 15 20 26,60000,0,0.0,0.0,0.0,0
9,Ultra-DSP,W8A2,8,2,6,6,1,activation,0 5 10 15 20 26,60000,0,0.0,0.0,0.0,0
10,Ultra-DSP,W8A2,8,2,6,6,1,activation,0 5 10 15 20 26,60000,0,0.0,0.0,0.0,0
11,Ultra-DSP,W8A2,8,2,6,6,1,activation,0 5 10 15 20 26,60000,0,0.0,0.0,0.0,0
12,Ultra-DSP,W8A2,8,2,6,6,1,activation,0 5 10 15 20 26,60000,0,0.0,0.0,0.0,0
13,Ultra-DSP,W8A2,8,2,6,6,1,activation,0 5 10 15 20 26,60000,0,0.0,0.0,0.0,0
14,Ultra-DSP,W8A2,8,2,6,6,1,activation,0 5 10 15 20 26,60000,0,0.0,0.0,0.0,0
15,Ultra-DSP,W8A2,8,2,6,6,1,activation,0 5 10 15 20 26,60000,0,0.0,0.0,0.0,0
16,Ultra-DSP,W8A2,8,2,6,6,1,activation,0 5 10 15 20 26,60000,0,0.0,0.0,0.0,0
17,Ultra-DSP,W8A2,8,2,6,6,1,activation,0 5 10 15 20 26,60000,0,0.0,0.0,0.0,0
18,Ultra-DSP,W8A2,8,2,6,6,1,activation,0 5 10 15 20 26,60000,0,0.0,0.0,0.0,0
19,Ultra-DSP,W8A2,8,2,6,6,1,activation,0 5 10 15 20 26,60000,0,0.0,0.0,0.0,0
20,Ultra-DSP,W8A2,8,2,6,6,1,activation,0 5 10 15 20 26,60000,0,0.0,0.0,0.0,0
21,Ultra-DSP,W8A2,8,2,6,6,1,activation,0 5 10 15 20 26,60000,0,0.0,0.0,0.0,0
22,Ultra-DSP,W8A2,8,2,6,6,1,activation,0 5 10 15 20 26,60000,0,0.0,0.0,0.0,0
23,Ultra-DSP,W8A2,8,2,6,6,1,activation,0 5 10 15 20 26,60000,0,0.0,0.0,0.0,0
24,Ultra-DSP,W8A2,8,2,6,6,1,activation,0 5 10 15 20 26,60000,0,0.0,0.0,0.0,0
25,Ultra-DSP,W8A2,8,2,6,6,1,activation,0 5 10 15 20 26,60000,0,0.0,0.0,0.0,0
26,Ultra-DSP,W8A2,8,2,6,6,1,activation,0 5 10 15 20 26,60000,0,0.0,0.0,0.0,0
27,Ultra-DSP,W8A2,8,2,6,6,1,activation,0 5 10 15 20 26,60000,0,0.0,0.0,0.0,0
28,Ultra-DSP,W8A2,8,2,6,6,1,activation,0 5 10 15 20 26,60000,0,0.0,0.0,0.0,0
29,Ultra-DSP,W8A2,8,2,6,6,1,activation,0 5 10 15 20 26,60000,0,0.0,0.0,0.0,0
30,Ultra-DSP,W8A2,8,2,6,6,1,activation,0 5 10 15 20 26,60000,0,0.0,0.0,0.0,0
31,Ultra-DSP,W8A2,8,2,6,6,1,activation,0 5 10 15 20 26,60000,0,0.0,0.0,0.0,0
32,Ultra-DSP,W8A2,8,2,6,6,1,activation,0 5 10 15 20 26,60000,0,0.0,0.0,0.0,0
33,Ultra-DSP,W8A2,8,2,6,6,1,activation,0 5 10 15 20 26,60000,0,0.0,0.0,0.0,0
34,Ultra-DSP,W8A2,8,2,6,6,1,activation,0 5 10 15 20 26,60000,0,0.0,0.0,0.0,0
35,Ultra-DSP,W8A2,8,2,6,6,1,activation,0 5 10 15 20 26,60000,0,0.0,0.0,0.0,0
36,Ultra-DSP,W8A2,8,2,6,6,1,activation,0 5 10 15 20 26,60000,0,0.0,0.0,0.0,0
37,Ultra-DSP,W8A2,8,2,6,6,1,activation,0 5 10 15 20 26,60000,0,0.0,0.0,0.0,0
38,Ultra-DSP,W8A2,8,2,6,6,1,activation,0 5 10 15 20 26,60000,0,0.0,0.0,0.0,0
39,Ultra-DSP,W8A2,8,2,6,6,1,activation,0 5 10 15 20 26,60000,0,0.0,0.0,0.0,0
40,Ultra-DSP,W8A2,8,2,6,6,1,activation,0 5 10 15 20 26,60000,0,0.0,0.0,0.0,0
41,Ultra-DSP,W8A2,8,2,6,6,1,activation,0 5 10 15 20 26,60000,0,0.0,0.0,0.0,0
42,Ultra-DSP,W8A2,8,2,6,6,1,activation,0 5 10 15 20 26,60000,0,0.0,0.0,0.0,0
43,Ultra-DSP,W8A2,8,2,6,6,1,activation,0 5 10 15 20 26,60000,0,0.0,0.0,0.0,0
44,Ultra-DSP,W8A2,8,2,6,6,1,activation,0 5 10 15 20 26,60000,0,0.0,0.0,0.0,0
45,Ultra-DSP,W8A2,8,2,6,6,1,activation,0 5 10 15 20 26,60000,0,0.0,0.0,0.0,0
46,Ultra-DSP,W8A2,8,2,6,6,1,activation,0 5 10 15 20 26,60000,0,0.0,0.0,0.0,0
47,Ultra-DSP,W8A2,8,2,6,6,1,activation,0 5 10 15 20 26,60000,0,0.0,0.0,0.0,0
48,Ultra-DSP,W8A2,8,2,6,6,1,activation,0 5 10 15 20 26,60000,0,0.0,0.0,0.0,0
49,Ultra-DSP,W8A2,8,2,6,6,1,activation,0 5 10 15 20 26,60000,0,0.0,0.0,0.0,0
50,Ultra-DSP,W8A2,8,2,6,6,1,activation,0 5 10 15 20 26,60000,0,0.0,0.0,0.0,0
51,Ultra-DSP,W8A2,8,2,6,6,1,activation,0 5 10 15 20 26,60000,0,0.0,0.0,0.0,0
52,Ultra-DSP,W8A2,8,2,6,6,1,activation,0 5 10 15 20 26,60000,0,0.0,0.0,0.0,0
53,Ultra-DSP,W8A2,8,2,6,6,1,activation,0 5 10 15 20 26,60000,0,0.0,0.0,0.0,0
54,Ultra-DSP,W8A2,8,2,6,6,1,activation,0 5 10 15 20 26,60000,0,0.0,0.0,0.0,0
55,Ultra-DSP,W8A2,8,2,6,6,1,activation,0 5 10 15 20 26,60000,0,0.0,0.0,0.0,0
56,Ultra-DSP,W8A2,8,2,6,6,1,activation,0 5 10 15 20 26,60000,0,0.0,0.0,0.0,0
57,Ultra-DSP,W8A2,8,2,6,6,1,activation,0 5 10 15 20 26,60000,0,0.0,0.0,0.0,0
58,Ultra-DSP,W8A2,8,2,6,6,1,activation,0 5 10 15 20 26,60000,0,0.0,0.0,0.0,0
59,Ultra-DSP,W8A2,8,2,6,6,1,activation,0 5 10 15 20 26,60000,0,0.0,0.0,0.0,0
60,Ultra-DSP,W8A2,8,2,6,6,1,activation,0 5 10 15 20 26,60000,0,0.0,0.0,0.0,0
61,Ultra-DSP,W8A2,8,2,6,6,1,activation,0 5 10 15 20 26,60000,0,0.0,0.0,0.0,0
62,Ultra-DSP,W8A2,8,2,6,6,1,activation,0 5 10 15 20 26,60000,0,0.0,0.0,0.0,0
63,Ultra-DSP,W8A2,8,2,6,6,1,activation,0 5 10 15 20 26,60000,0,0.0,0.0,0.0,0
64,Ultra-DSP,W8A2,8,2,6,6,1,activation,0 5 10 15 20 26,60000,0,0.0,0.0,0.0,0
65,Ultra-DSP,W8A2,8,2,6,6,1,activation,0 5 10 15 20 26,60000,0,0.0,0.0,0.0,0
66,Ultra-DSP,W8A2,8,2,6,6,1,activation,0 5 10 15 20 26,60000,0,0.0,0.0,0.0,0
67,Ultra-DSP,W8A2,8,2,6,6,1,activation,0 5 10 15 20 26,60000,0,0.0,0.0,0.0,0
68,Ultra-DSP,W8A2,8,2,6,6,1,activation,0 5 10 15 20 26,60000,0,0.0,0.0,0.0,0
69,Ultra-DSP,W8A2,8,2,6,6,1,activation,0 5 10 15 20 26,60000,0,0.0,0.0,0.0,0
70,Ultra-DSP,W8A2,8,2,6,6,1,activation,0 5 10 15 20 26,60000,0,0.0,0.0,0.0,0
71,Ultra-DSP,W8A2,8,2,6,6,1,activation,0 5 10 15 20 26,60000,0,0.0,0.0,0.0,0
72,Ultra-DSP,W8A2,8,2,6,6,1,activation,0 5 10 15 20 26,60000,0,0.0,0.0,0.0,0
73,Ultra-DSP,W8A2,8,2,6,6,1,activation,0 5 10 15 20 26,60000,0,0.0,0.0,0.0,0
74,Ultra-DSP,W8A2,8,2,6,6,1,activation,0 5 10 15 20 26,60000,0,0.0,0.0,0.0,0
75,Ultra-DSP,W8A2,8,2,6,6,1,activation,0 5 10 15 20 26,60000,0,0.0,0.0,0.0,0
76,Ultra-DSP,W8A2,8,2,6,6,1,activation,0 5 10 15 20 26,60000,0,0.0,0.0,0.0,0
77,Ultra-DSP,W8A2,8,2,6,6,1,activation,0 5 10 15 20 26,60000,0,0.0,0.0,0.0,0
78,Ultra-DSP,W8A2,8,2,6,6,1,activation,0 5 10 15 20 26,60000,0,0.0,0.0,0.0,0
79,Ultra-DSP,W8A2,8,2,6,6,1,activation,0 5 10 15 20 26,60000,0,0.0,0.0,0.0,0
80,Ultra-DSP,W8A2,8,2,6,6,1,activation,0 5 10 15 20 26,60000,0,0.0,0.0,0.0,0
81,Ultra-DSP,W8A2,8,2,6,6,1,activation,0 5 10 15 20 26,60000,0,0.0,0.0,0.0,0
82,Ultra-DSP,W8A2,8,2,6,6,1,activation,0 5 10 15 20 26,60000,0,0.0,0.0,0.0,0
83,Ultra-DSP,W8A2,8,2,6,6,1,activation,0 5 10 15 20 26,60000,0,0.0,0.0,0.0,0
84,Ultra-DSP,W8A2,8,2,6,6,1,activation,0 5 10 15 20 26,60000,0,0.0,0.0,0.0,0
85,Ultra-DSP,W8A2,8,2,6,6,1,activation,0 5 10 15 20 26,60000,0,0.0,0.0,0.0,0
86,Ultra-DSP,W8A2,8,2,6,6,1,activation,0 5 10 15 20 26,60000,0,0.0,0.0,0.0,0
87,Ultra-DSP,W8A2,8,2,6,6,1,activation,0 5 10 15 20 26,60000,0,0.0,0.0,0.0,0
88,Ultra-DSP,W8A2,8,2,6,6,1,activation,0 5 10 15 20 26,60000,0,0.0,0.0,0.0,0
89,Ultra-DSP,W8A2,8,2,6,6,1,activation,0 5 10 15 20 26,60000,0,0.0,0.0,0.0,0
90,Ultra-DSP,W8A2,8,2,6,6,1,activation,0 5 10 15 20 26,60000,0,0.0,0.0,0.0,0
91,Ultra-DSP,W8A2,8,2,6,6,1,activation,0 5 10 15 20 26,60000,0,0.0,0.0,0.0,0
92,Ultra-DSP,W8A2,8,2,6,6,1,activation,0 5 10 15 20 26,60000,0,0.0,0.0,0.0,0
93,Ultra-DSP,W8A2,8,2,6,6,1,activation,0 5 10 15 20 26,60000,0,0.0,0.0,0.0,0
94,Ultra-DSP,W8A2,8,2,6,6,1,activation,0 5 10 15 20 26,60000,0,0.0,0.0,0.0,0
95,Ultra-DSP,W8A2,8,2,6,6,1,activation,0 5 10 15 20 26,60000,0,0.0,0.0,0.0,0
96,Ultra-DSP,W8A2,8,2,6,6,1,activation,0 5 10 15 20 26,60000,0,0.0,0.0,0.0,0
97,Ultra-DSP,W8A2,8,2,6,6,1,activation,0 5 10 15 20 26,60000,0,0.0,0.0,0.0,0
98,Ultra-DSP,W8A2,8,2,6,6,1,activation,0 5 10 15 20 26,60000,0,0.0,0.0,0.0,0
99,Ultra-DSP,W8A2,8,2,6,6,1,activation,0 5 10 15 20 26,60000,0,0.0,0.0,0.0,0
0,Ultra-DSP,W8A3,8,3,5,5,1,activation,0 6 12 18 25,50000,0,0.0,0.0,0.0,0
1,Ultra-DSP,W8A3,8,3,5,5,1,activation,0 6 12 18 25,50000,0,0.0,0.0,0.0,0
2,Ultra-DSP,W8A3,8,3,5,5,1,activation,0 6 12 18 25,50000,0,0.0,0.0,0.0,0
3,Ultra-DSP,W8A3,8,3,5,5,1,activation,0 6 12 18 25,50000,0,0.0,0.0,0.0,0
4,Ultra-DSP,W8A3,8,3,5,5,1,activation,0 6 12 18 25,50000,0,0.0,0.0,0.0,0
5,Ultra-DSP,W8A3,8,3,5,5,1,activation,0 6 12 18 25,50000,0,0.0,0.0,0.0,0
6,Ultra-DSP,W8A3,8,3,5,5,1,activation,0 6 12 18 25,50000,0,0.0,0.0,0.0,0
7,Ultra-DSP,W8A3,8,3,5,5,1,activation,0 6 12 18 25,50000,0,0.0,0.0,0.0,0
8,Ultra-DSP,W8A3,8,3,5,5,1,activation,0 6 12 18 25,50000,0,0.0,0.0,0.0,0
9,Ultra-DSP,W8A3,8,3,5,5,1,activation,0 6 12 18 25,50000,0,0.0,0.0,0.0,0
10,Ultra-DSP,W8A3,8,3,5,5,1,activation,0 6 12 18 25,50000,0,0.0,0.0,0.0,0
11,Ultra-DSP,W8A3,8,3,5,5,1,activation,0 6 12 18 25,50000,0,0.0,0.0,0.0,0
12,Ultra-DSP,W8A3,8,3,5,5,1,activation,0 6 12 18 25,50000,0,0.0,0.0,0.0,0
13,Ultra-DSP,W8A3,8,3,5,5,1,activation,0 6 12 18 25,50000,0,0.0,0.0,0.0,0
14,Ultra-DSP,W8A3,8,3,5,5,1,activation,0 6 12 18 25,50000,0,0.0,0.0,0.0,0
15,Ultra-DSP,W8A3,8,3,5,5,1,activation,0 6 12 18 25,50000,0,0.0,0.0,0.0,0
16,Ultra-DSP,W8A3,8,3,5,5,1,activation,0 6 12 18 25,50000,0,0.0,0.0,0.0,0
17,Ultra-DSP,W8A3,8,3,5,5,1,activation,0 6 12 18 25,50000,0,0.0,0.0,0.0,0
18,Ultra-DSP,W8A3,8,3,5,5,1,activation,0 6 12 18 25,50000,0,0.0,0.0,0.0,0
19,Ultra-DSP,W8A3,8,3,5,5,1,activation,0 6 12 18 25,50000,0,0.0,0.0,0.0,0
20,Ultra-DSP,W8A3,8,3,5,5,1,activation,0 6 12 18 25,50000,0,0.0,0.0,0.0,0
21,Ultra-DSP,W8A3,8,3,5,5,1,activation,0 6 12 18 25,50000,0,0.0,0.0,0.0,0
22,Ultra-DSP,W8A3,8,3,5,5,1,activation,0 6 12 18 25,50000,0,0.0,0.0,0.0,0
23,Ultra-DSP,W8A3,8,3,5,5,1,activation,0 6 12 18 25,50000,0,0.0,0.0,0.0,0
24,Ultra-DSP,W8A3,8,3,5,5,1,activation,0 6 12 18 25,50000,0,0.0,0.0,0.0,0
25,Ultra-DSP,W8A3,8,3,5,5,1,activation,0 6 12 18 25,50000,0,0.0,0.0,0.0,0
26,Ultra-DSP,W8A3,8,3,5,5,1,activation,0 6 12 18 25,50000,0,0.0,0.0,0.0,0
27,Ultra-DSP,W8A3,8,3,5,5,1,activation,0 6 12 18 25,50000,0,0.0,0.0,0.0,0
28,Ultra-DSP,W8A3,8,3,5,5,1,activation,0 6 12 18 25,50000,0,0.0,0.0,0.0,0
29,Ultra-DSP,W8A3,8,3,5,5,1,activation,0 6 12 18 25,50000,0,0.0,0.0,0.0,0
30,Ultra-DSP,W8A3,8,3,5,5,1,activation,0 6 12 18 25,50000,0,0.0,0.0,0.0,0
31,Ultra-DSP,W8A3,8,3,5,5,1,activation,0 6 12 18 25,50000,0,0.0,0.0,0.0,0
32,Ultra-DSP,W8A3,8,3,5,5,1,activation,0 6 12 18 25,50000,0,0.0,0.0,0.0,0
33,Ultra-DSP,W8A3,8,3,5,5,1,activation,0 6 12 18 25,50000,0,0.0,0.0,0.0,0
34,Ultra-DSP,W8A3,8,3,5,5,1,activation,0 6 12 18 25,50000,0,0.0,0.0,0.0,0
35,Ultra-DSP,W8A3,8,3,5,5,1,activation,0 6 12 18 25,50000,0,0.0,0.0,0.0,0
36,Ultra-DSP,W8A3,8,3,5,5,1,activation,0 6 12 18 25,50000,0,0.0,0.0,0.0,0
37,Ultra-DSP,W8A3,8,3,5,5,1,activation,0 6 12 18 25,50000,0,0.0,0.0,0.0,0
38,Ultra-DSP,W8A3,8,3,5,5,1,activation,0 6 12 18 25,50000,0,0.0,0.0,0.0,0
39,Ultra-DSP,W8A3,8,3,5,5,1,activation,0 6 12 18 25,50000,0,0.0,0.0,0.0,0
40,Ultra-DSP,W8A3,8,3,5,5,1,activation,0 6 12 18 25,50000,0,0.0,0.0,0.0,0
41,Ultra-DSP,W8A3,8,3,5,5,1,activation,0 6 12 18 25,50000,0,0.0,0.0,0.0,0
42,Ultra-DSP,W8A3,8,3,5,5,1,activation,0 6 12 18 25,50000,0,0.0,0.0,0.0,0
43,Ultra-DSP,W8A3,8,3,5,5,1,activation,0 6 12 18 25,50000,0,0.0,0.0,0.0,0
44,Ultra-DSP,W8A3,8,3,5,5,1,activation,0 6 12 18 25,50000,0,0.0,0.0,0.0,0
45,Ultra-DSP,W8A3,8,3,5,5,1,activation,0 6 12 18 25,50000,0,0.0,0.0,0.0,0
46,Ultra-DSP,W8A3,8,3,5,5,1,activation,0 6 12 18 25,50000,0,0.0,0.0,0.0,0
47,Ultra-DSP,W8A3,8,3,5,5,1,activation,0 6 12 18 25,50000,0,0.0,0.0,0.0,0
48,Ultra-DSP,W8A3,8,3,5,5,1,activation,0 6 12 18 25,50000,0,0.0,0.0,0.0,0
49,Ultra-DSP,W8A3,8,3,5,5,1,activation,0 6 12 18 25,50000,0,0.0,0.0,0.0,0
50,Ultra-DSP,W8A3,8,3,5,5,1,activation,0 6 12 18 25,50000,0,0.0,0.0,0.0,0
51,Ultra-DSP,W8A3,8,3,5,5,1,activation,0 6 12 18 25,50000,0,0.0,0.0,0.0,0
52,Ultra-DSP,W8A3,8,3,5,5,1,activation,0 6 12 18 25,50000,0,0.0,0.0,0.0,0
53,Ultra-DSP,W8A3,8,3,5,5,1,activation,0 6 12 18 25,50000,0,0.0,0.0,0.0,0
54,Ultra-DSP,W8A3,8,3,5,5,1,activation,0 6 12 18 25,50000,0,0.0,0.0,0.0,0
55,Ultra-DSP,W8A3,8,3,5,5,1,activation,0 6 12 18 25,50000,0,0.0,0.0,0.0,0
56,Ultra-DSP,W8A3,8,3,5,5,1,activation,0 6 12 18 25,50000,0,0.0,0.0,0.0,0
57,Ultra-DSP,W8A3,8,3,5,5,1,activation,0 6 12 18 25,50000,0,0.0,0.0,0.0,0
58,Ultra-DSP,W8A3,8,3,5,5,1,activation,0 6 12 18 25,50000,0,0.0,0.0,0.0,0
59,Ultra-DSP,W8A3,8,3,5,5,1,activation,0 6 12 18 25,50000,0,0.0,0.0,0.0,0
60,Ultra-DSP,W8A3,8,3,5,5,1,activation,0 6 12 18 25,50000,0,0.0,0.0,0.0,0
61,Ultra-DSP,W8A3,8,3,5,5,1,activation,0 6 12 18 25,50000,0,0.0,0.0,0.0,0
62,Ultra-DSP,W8A3,8,3,5,5,1,activation,0 6 12 18 25,50000,0,0.0,0.0,0.0,0
63,Ultra-DSP,W8A3,8,3,5,5,1,activation,0 6 12 18 25,50000,0,0.0,0.0,0.0,0
64,Ultra-DSP,W8A3,8,3,5,5,1,activation,0 6 12 18 25,50000,0,0.0,0.0,0.0,0
65,Ultra-DSP,W8A3,8,3,5,5,1,activation,0 6 12 18 25,50000,0,0.0,0.0,0.0,0
66,Ultra-DSP,W8A3,8,3,5,5,1,activation,0 6 12 18 25,50000,0,0.0,0.0,0.0,0
67,Ultra-DSP,W8A3,8,3,5,5,1,activation,0 6 12 18 25,50000,0,0.0,0.0,0.0,0
68,Ultra-DSP,W8A3,8,3,5,5,1,activation,0 6 12 18 25,50000,0,0.0,0.0,0.0,0
69,Ultra-DSP,W8A3,8,3,5,5,1,activation,0 6 12 18 25,50000,0,0.0,0.0,0.0,0
70,Ultra-DSP,W8A3,8,3,5,5,1,activation,0 6 12 18 25,50000,0,0.0,0.0,0.0,0
71,Ultra-DSP,W8A3,8,3,5,5,1,activation,0 6 12 18 25,50000,0,0.0,0.0,0.0,0
72,Ultra-DSP,W8A3,8,3,5,5,1,activation,0 6 12 18 25,50000,0,0.0,0.0,0.0,0
73,Ultra-DSP,W8A3,8,3,5,5,1,activation,0 6 12 18 25,50000,0,0.0,0.0,0.0,0
74,Ultra-DSP,W8A3,8,3,5,5,1,activation,0 6 12 18 25,50000,0,0.0,0.0,0.0,0
75,Ultra-DSP,W8A3,8,3,5,5,1,activation,0 6 12 18 25,50000,0,0.0,0.0,0.0,0
76,Ultra-DSP,W8A3,8,3,5,5,1,activation,0 6 12 18 25,50000,0,0.0,0.0,0.0,0
77,Ultra-DSP,W8A3,8,3,5,5,1,activation,0 6 12 18 25,50000,0,0.0,0.0,0.0,0
78,Ultra-DSP,W8A3,8,3,5,5,1,activation,0 6 12 18 25,50000,0,0.0,0.0,0.0,0
79,Ultra-DSP,W8A3,8,3,5,5,1,activation,0 6 12 18 25,50000,0,0.0,0.0,0.0,0
80,Ultra-DSP,W8A3,8,3,5,5,1,activation,0 6 12 18 25,50000,0,0.0,0.0,0.0,0
81,Ultra-DSP,W8A3,8,3,5,5,1,activation,0 6 12 18 25,50000,0,0.0,0.0,0.0,0
82,Ultra-DSP,W8A3,8,3,5,5,1,activation,0 6 12 18 25,50000,0,0.0,0.0,0.0,0
83,Ultra-DSP,W8A3,8,3,5,5,1,activation,0 6 12 18 25,50000,0,0.0,0.0,0.0,0
84,Ultra-DSP,W8A3,8,3,5,5,1,activation,0 6 12 18 25,50000,0,0.0,0.0,0.0,0
85,Ultra-DSP,W8A3,8,3,5,5,1,activation,0 6 12 18 25,50000,0,0.0,0.0,0.0,0
86,Ultra-DSP,W8A3,8,3,5,5,1,activation,0 6 12 18 25,50000,0,0.0,0.0,0.0,0
87,Ultra-DSP,W8A3,8,3,5,5,1,activation,0 6 12 18 25,50000,0,0.0,0.0,0.0,0
88,Ultra-DSP,W8A3,8,3,5,5,1,activation,0 6 12 18 25,50000,0,0.0,0.0,0.0,0
89,Ultra-DSP,W8A3,8,3,5,5,1,activation,0 6 12 18 25,50000,0,0.0,0.0,0.0,0
90,Ultra-DSP,W8A3,8,3,5,5,1,activation,0 6 12 18 25,50000,0,0.0,0.0,0.0,0
91,Ultra-DSP,W8A3,8,3,5,5,1,activation,0 6 12 18 25,50000,0,0.0,0.0,0.0,0
92,Ultra-DSP,W8A3,8,3,5,5,1,activation,0 6 12 18 25,50000,0,0.0,0.0,0.0,0
93,Ultra-DSP,W8A3,8,3,5,5,1,activation,0 6 12 18 25,50000,0,0.0,0.0,0.0,0
94,Ultra-DSP,W8A3,8,3,5,5,1,activation,0 6 12 18 25,50000,0,0.0,0.0,0.0,0
95,Ultra-DSP,W8A3,8,3,5,5,1,activation,0 6 12 18 25,50000,0,0.0,0.0,0.0,0
96,Ultra-DSP,W8A3,8,3,5,5,1,activation,0 6 12 18 25,50000,0,0.0,0.0,0.0,0
97,Ultra-DSP,W8A3,8,3,5,5,1,activation,0 6 12 18 25,50000,0,0.0,0.0,0.0,0
98,Ultra-DSP,W8A3,8,3,5,5,1,activation,0 6 12 18 25,50000,0,0.0,0.0,0.0,0
99,Ultra-DSP,W8A3,8,3,5,5,1,activation,0 6 12 18 25,50000,0,0.0,0.0,0.0,0
0,Ultra-DSP,W8A4,8,4,4,4,1,activation,0 8 16 24,40000,0,0.0,0.0,0.0,0
1,Ultra-DSP,W8A4,8,4,4,4,1,activation,0 8 16 24,40000,0,0.0,0.0,0.0,0
2,Ultra-DSP,W8A4,8,4,4,4,1,activation,0 8 16 24,40000,0,0.0,0.0,0.0,0
3,Ultra-DSP,W8A4,8,4,4,4,1,activation,0 8 16 24,40000,0,0.0,0.0,0.0,0
4,Ultra-DSP,W8A4,8,4,4,4,1,activation,0 8 16 24,40000,0,0.0,0.0,0.0,0
5,Ultra-DSP,W8A4,8,4,4,4,1,activation,0 8 16 24,40000,0,0.0,0.0,0.0,0
6,Ultra-DSP,W8A4,8,4,4,4,1,activation,0 8 16 24,40000,0,0.0,0.0,0.0,0
7,Ultra-DSP,W8A4,8,4,4,4,1,activation,0 8 16 24,40000,0,0.0,0.0,0.0,0
8,Ultra-DSP,W8A4,8,4,4,4,1,activation,0 8 16 24,40000,0,0.0,0.0,0.0,0
9,Ultra-DSP,W8A4,8,4,4,4,1,activation,0 8 16 24,40000,0,0.0,0.0,0.0,0
10,Ultra-DSP,W8A4,8,4,4,4,1,activation,0 8 16 24,40000,0,0.0,0.0,0.0,0
11,Ultra-DSP,W8A4,8,4,4,4,1,activation,0 8 16 24,40000,0,0.0,0.0,0.0,0
12,Ultra-DSP,W8A4,8,4,4,4,1,activation,0 8 16 24,40000,0,0.0,0.0,0.0,0
13,Ultra-DSP,W8A4,8,4,4,4,1,activation,0 8 16 24,40000,0,0.0,0.0,0.0,0
14,Ultra-DSP,W8A4,8,4,4,4,1,activation,0 8 16 24,40000,0,0.0,0.0,0.0,0
15,Ultra-DSP,W8A4,8,4,4,4,1,activation,0 8 16 24,40000,0,0.0,0.0,0.0,0
16,Ultra-DSP,W8A4,8,4,4,4,1,activation,0 8 16 24,40000,0,0.0,0.0,0.0,0
17,Ultra-DSP,W8A4,8,4,4,4,1,activation,0 8 16 24,40000,0,0.0,0.0,0.0,0
18,Ultra-DSP,W8A4,8,4,4,4,1,activation,0 8 16 24,40000,0,0.0,0.0,0.0,0
19,Ultra-DSP,W8A4,8,4,4,4,1,activation,0 8 16 24,40000,0,0.0,0.0,0.0,0
20,Ultra-DSP,W8A4,8,4,4,4,1,activation,0 8 16 24,40000,0,0.0,0.0,0.0,0
21,Ultra-DSP,W8A4,8,4,4,4,1,activation,0 8 16 24,40000,0,0.0,0.0,0.0,0
22,Ultra-DSP,W8A4,8,4,4,4,1,activation,0 8 16 24,40000,0,0.0,0.0,0.0,0
23,Ultra-DSP,W8A4,8,4,4,4,1,activation,0 8 16 24,40000,0,0.0,0.0,0.0,0
24,Ultra-DSP,W8A4,8,4,4,4,1,activation,0 8 16 24,40000,0,0.0,0.0,0.0,0
25,Ultra-DSP,W8A4,8,4,4,4,1,activation,0 8 16 24,40000,0,0.0,0.0,0.0,0
26,Ultra-DSP,W8A4,8,4,4,4,1,activation,0 8 16 24,40000,0,0.0,0.0,0.0,0
27,Ultra-DSP,W8A4,8,4,4,4,1,activation,0 8 16 24,40000,0,0.0,0.0,0.0,0
28,Ultra-DSP,W8A4,8,4,4,4,1,activation,0 8 16 24,40000,0,0.0,0.0,0.0,0
29,Ultra-DSP,W8A4,8,4,4,4,1,activation,0 8 16 24,40000,0,0.0,0.0,0.0,0
30,Ultra-DSP,W8A4,8,4,4,4,1,activation,0 8 16 24,40000,0,0.0,0.0,0.0,0
31,Ultra-DSP,W8A4,8,4,4,4,1,activation,0 8 16 24,40000,0,0.0,0.0,0.0,0
32,Ultra-DSP,W8A4,8,4,4,4,1,activation,0 8 16 24,40000,0,0.0,0.0,0.0,0
33,Ultra-DSP,W8A4,8,4,4,4,1,activation,0 8 16 24,40000,0,0.0,0.0,0.0,0
34,Ultra-DSP,W8A4,8,4,4,4,1,activation,0 8 16 24,40000,0,0.0,0.0,0.0,0
35,Ultra-DSP,W8A4,8,4,4,4,1,activation,0 8 16 24,40000,0,0.0,0.0,0.0,0
36,Ultra-DSP,W8A4,8,4,4,4,1,activation,0 8 16 24,40000,0,0.0,0.0,0.0,0
37,Ultra-DSP,W8A4,8,4,4,4,1,activation,0 8 16 24,40000,0,0.0,0.0,0.0,0
38,Ultra-DSP,W8A4,8,4,4,4,1,activation,0 8 16 24,40000,0,0.0,0.0,0.0,0
39,Ultra-DSP,W8A4,8,4,4,4,1,activation,0 8 16 24,40000,0,0.0,0.0,0.0,0
40,Ultra-DSP,W8A4,8,4,4,4,1,activation,0 8 16 24,40000,0,0.0,0.0,0.0,0
41,Ultra-DSP,W8A4,8,4,4,4,1,activation,0 8 16 24,40000,0,0.0,0.0,0.0,0
42,Ultra-DSP,W8A4,8,4,4,4,1,activation,0 8 16 24,40000,0,0.0,0.0,0.0,0
43,Ultra-DSP,W8A4,8,4,4,4,1,activation,0 8 16 24,40000,0,0.0,0.0,0.0,0
44,Ultra-DSP,W8A4,8,4,4,4,1,activation,0 8 16 24,40000,0,0.0,0.0,0.0,0
45,Ultra-DSP,W8A4,8,4,4,4,1,activation,0 8 16 24,40000,0,0.0,0.0,0.0,0
46,Ultra-DSP,W8A4,8,4,4,4,1,activation,0 8 16 24,40000,0,0.0,0.0,0.0,0
47,Ultra-DSP,W8A4,8,4,4,4,1,activation,0 8 16 24,40000,0,0.0,0.0,0.0,0
48,Ultra-DSP,W8A4,8,4,4,4,1,activation,0 8 16 24,40000,0,0.0,0.0,0.0,0
49,Ultra-DSP,W8A4,8,4,4,4,1,activation,0 8 16 24,40000,0,0.0,0.0,0.0,0
50,Ultra-DSP,W8A4,8,4,4,4,1,activation,0 8 16 24,40000,0,0.0,0.0,0.0,0
51,Ultra-DSP,W8A4,8,4,4,4,1,activation,0 8 16 24,40000,0,0.0,0.0,0.0,0
52,Ultra-DSP,W8A4,8,4,4,4,1,activation,0 8 16 24,40000,0,0.0,0.0,0.0,0
53,Ultra-DSP,W8A4,8,4,4,4,1,activation,0 8 16 24,40000,0,0.0,0.0,0.0,0
54,Ultra-DSP,W8A4,8,4,4,4,1,activation,0 8 16 24,40000,0,0.0,0.0,0.0,0
55,Ultra-DSP,W8A4,8,4,4,4,1,activation,0 8 16 24,40000,0,0.0,0.0,0.0,0
56,Ultra-DSP,W8A4,8,4,4,4,1,activation,0 8 16 24,40000,0,0.0,0.0,0.0,0
57,Ultra-DSP,W8A4,8,4,4,4,1,activation,0 8 16 24,40000,0,0.0,0.0,0.0,0
58,Ultra-DSP,W8A4,8,4,4,4,1,activation,0 8 16 24,40000,0,0.0,0.0,0.0,0
59,Ultra-DSP,W8A4,8,4,4,4,1,activation,0 8 16 24,40000,0,0.0,0.0,0.0,0
60,Ultra-DSP,W8A4,8,4,4,4,1,activation,0 8 16 24,40000,0,0.0,0.0,0.0,0
61,Ultra-DSP,W8A4,8,4,4,4,1,activation,0 8 16 24,40000,0,0.0,0.0,0.0,0
62,Ultra-DSP,W8A4,8,4,4,4,1,activation,0 8 16 24,40000,0,0.0,0.0,0.0,0
63,Ultra-DSP,W8A4,8,4,4,4,1,activation,0 8 16 24,40000,0,0.0,0.0,0.0,0
64,Ultra-DSP,W8A4,8,4,4,4,1,activation,0 8 16 24,40000,0,0.0,0.0,0.0,0
65,Ultra-DSP,W8A4,8,4,4,4,1,activation,0 8 16 24,40000,0,0.0,0.0,0.0,0
66,Ultra-DSP,W8A4,8,4,4,4,1,activation,0 8 16 24,40000,0,0.0,0.0,0.0,0
67,Ultra-DSP,W8A4,8,4,4,4,1,activation,0 8 16 24,40000,0,0.0,0.0,0.0,0
68,Ultra-DSP,W8A4,8,4,4,4,1,activation,0 8 16 24,40000,0,0.0,0.0,0.0,0
69,Ultra-DSP,W8A4,8,4,4,4,1,activation,0 8 16 24,40000,0,0.0,0.0,0.0,0
70,Ultra-DSP,W8A4,8,4,4,4,1,activation,0 8 16 24,40000,0,0.0,0.0,0.0,0
71,Ultra-DSP,W8A4,8,4,4,4,1,activation,0 8 16 24,40000,0,0.0,0.0,0.0,0
72,Ultra-DSP,W8A4,8,4,4,4,1,activation,0 8 16 24,40000,0,0.0,0.0,0.0,0
73,Ultra-DSP,W8A4,8,4,4,4,1,activation,0 8 16 24,40000,0,0.0,0.0,0.0,0
74,Ultra-DSP,W8A4,8,4,4,4,1,activation,0 8 16 24,40000,0,0.0,0.0,0.0,0
75,Ultra-DSP,W8A4,8,4,4,4,1,activation,0 8 16 24,40000,0,0.0,0.0,0.0,0
76,Ultra-DSP,W8A4,8,4,4,4,1,activation,0 8 16 24,40000,0,0.0,0.0,0.0,0
77,Ultra-DSP,W8A4,8,4,4,4,1,activation,0 8 16 24,40000,0,0.0,0.0,0.0,0
78,Ultra-DSP,W8A4,8,4,4,4,1,activation,0 8 16 24,40000,0,0.0,0.0,0.0,0
79,Ultra-DSP,W8A4,8,4,4,4,1,activation,0 8 16 24,40000,0,0.0,0.0,0.0,0
80,Ultra-DSP,W8A4,8,4,4,4,1,activation,0 8 16 24,40000,0,0.0,0.0,0.0,0
81,Ultra-DSP,W8A4,8,4,4,4,1,activation,0 8 16 24,40000,0,0.0,0.0,0.0,0
82,Ultra-DSP,W8A4,8,4,4,4,1,activation,0 8 16 24,40000,0,0.0,0.0,0.0,0
83,Ultra-DSP,W8A4,8,4,4,4,1,activation,0 8 16 24,40000,0,0.0,0.0,0.0,0
84,Ultra-DSP,W8A4,8,4,4,4,1,activation,0 8 16 24,40000,0,0.0,0.0,0.0,0
85,Ultra-DSP,W8A4,8,4,4,4,1,activation,0 8 16 24,40000,0,0.0,0.0,0.0,0
86,Ultra-DSP,W8A4,8,4,4,4,1,activation,0 8 16 24,40000,0,0.0,0.0,0.0,0
87,Ultra-DSP,W8A4,8,4,4,4,1,activation,0 8 16 24,40000,0,0.0,0.0,0.0,0
88,Ultra-DSP,W8A4,8,4,4,4,1,activation,0 8 16 24,40000,0,0.0,0.0,0.0,0
89,Ultra-DSP,W8A4,8,4,4,4,1,activation,0 8 16 24,40000,0,0.0,0.0,0.0,0
90,Ultra-DSP,W8A4,8,4,4,4,1,activation,0 8 16 24,40000,0,0.0,0.0,0.0,0
91,Ultra-DSP,W8A4,8,4,4,4,1,activation,0 8 16 24,40000,0,0.0,0.0,0.0,0
92,Ultra-DSP,W8A4,8,4,4,4,1,activation,0 8 16 24,40000,0,0.0,0.0,0.0,0
93,Ultra-DSP,W8A4,8,4,4,4,1,activation,0 8 16 24,40000,0,0.0,0.0,0.0,0
94,Ultra-DSP,W8A4,8,4,4,4,1,activation,0 8 16 24,40000,0,0.0,0.0,0.0,0
95,Ultra-DSP,W8A4,8,4,4,4,1,activation,0 8 16 24,40000,0,0.0,0.0,0.0,0
96,Ultra-DSP,W8A4,8,4,4,4,1,activation,0 8 16 24,40000,0,0.0,0.0,0.0,0
97,Ultra-DSP,W8A4,8,4,4,4,1,activation,0 8 16 24,40000,0,0.0,0.0,0.0,0
98,Ultra-DSP,W8A4,8,4,4,4,1,activation,0 8 16 24,40000,0,0.0,0.0,0.0,0
99,Ultra-DSP,W8A4,8,4,4,4,1,activation,0 8 16 24,40000,0,0.0,0.0,0.0,0
0,Ultra-DSP,W8A5,8,5,3,3,1,weight,0 10 20,30000,0,0.0,0.0,0.0,0
1,Ultra-DSP,W8A5,8,5,3,3,1,weight,0 10 20,30000,0,0.0,0.0,0.0,0
2,Ultra-DSP,W8A5,8,5,3,3,1,weight,0 10 20,30000,0,0.0,0.0,0.0,0
3,Ultra-DSP,W8A5,8,5,3,3,1,weight,0 10 20,30000,0,0.0,0.0,0.0,0
4,Ultra-DSP,W8A5,8,5,3,3,1,weight,0 10 20,30000,0,0.0,0.0,0.0,0
5,Ultra-DSP,W8A5,8,5,3,3,1,weight,0 10 20,30000,0,0.0,0.0,0.0,0
6,Ultra-DSP,W8A5,8,5,3,3,1,weight,0 10 20,30000,0,0.0,0.0,0.0,0
7,Ultra-DSP,W8A5,8,5,3,3,1,weight,0 10 20,30000,0,0.0,0.0,0.0,0
8,Ultra-DSP,W8A5,8,5,3,3,1,weight,0 10 20,30000,0,0.0,0.0,0.0,0
9,Ultra-DSP,W8A5,8,5,3,3,1,weight,0 10 20,30000,0,0.0,0.0,0.0,0
10,Ultra-DSP,W8A5,8,5,3,3,1,weight,0 10 20,30000,0,0.0,0.0,0.0,0
11,Ultra-DSP,W8A5,8,5,3,3,1,weight,0 10 20,30000,0,0.0,0.0,0.0,0
12,Ultra-DSP,W8A5,8,5,3,3,1,weight,0 10 20,30000,0,0.0,0.0,0.0,0
13,Ultra-DSP,W8A5,8,5,3,3,1,weight,0 10 20,30000,0,0.0,0.0,0.0,0
14,Ultra-DSP,W8A5,8,5,3,3,1,weight,0 10 20,30000,0,0.0,0.0,0.0,0
15,Ultra-DSP,W8A5,8,5,3,3,1,weight,0 10 20,30000,0,0.0,0.0,0.0,0
16,Ultra-DSP,W8A5,8,5,3,3,1,weight,0 10 20,30000,0,0.0,0.0,0.0,0
17,Ultra-DSP,W8A5,8,5,3,3,1,weight,0 10 20,30000,0,0.0,0.0,0.0,0
18,Ultra-DSP,W8A5,8,5,3,3,1,weight,0 10 20,30000,0,0.0,0.0,0.0,0
19,Ultra-DSP,W8A5,8,5,3,3,1,weight,0 10 20,30000,0,0.0,0.0,0.0,0
20,Ultra-DSP,W8A5,8,5,3,3,1,weight,0 10 20,30000,0,0.0,0.0,0.0,0
21,Ultra-DSP,W8A5,8,5,3,3,1,weight,0 10 20,30000,0,0.0,0.0,0.0,0
22,Ultra-DSP,W8A5,8,5,3,3,1,weight,0 10 20,30000,0,0.0,0.0,0.0,0
23,Ultra-DSP,W8A5,8,5,3,3,1,weight,0 10 20,30000,0,0.0,0.0,0.0,0
24,Ultra-DSP,W8A5,8,5,3,3,1,weight,0 10 20,30000,0,0.0,0.0,0.0,0
25,Ultra-DSP,W8A5,8,5,3,3,1,weight,0 10 20,30000,0,0.0,0.0,0.0,0
26,Ultra-DSP,W8A5,8,5,3,3,1,weight,0 10 20,30000,0,0.0,0.0,0.0,0
27,Ultra-DSP,W8A5,8,5,3,3,1,weight,0 10 20,30000,0,0.0,0.0,0.0,0
28,Ultra-DSP,W8A5,8,5,3,3,1,weight,0 10 20,30000,0,0.0,0.0,0.0,0
29,Ultra-DSP,W8A5,8,5,3,3,1,weight,0 10 20,30000,0,0.0,0.0,0.0,0
30,Ultra-DSP,W8A5,8,5,3,3,1,weight,0 10 20,30000,0,0.0,0.0,0.0,0
31,Ultra-DSP,W8A5,8,5,3,3,1,weight,0 10 20,30000,0,0.0,0.0,0.0,0
32,Ultra-DSP,W8A5,8,5,3,3,1,weight,0 10 20,30000,0,0.0,0.0,0.0,0
33,Ultra-DSP,W8A5,8,5,3,3,1,weight,0 10 20,30000,0,0.0,0.0,0.0,0
34,Ultra-DSP,W8A5,8,5,3,3,1,weight,0 10 20,30000,0,0.0,0.0,0.0,0
35,Ultra-DSP,W8A5,8,5,3,3,1,weight,0 10 20,30000,0,0.0,0.0,0.0,0
36,Ultra-DSP,W8A5,8,5,3,3,1,weight,0 10 20,30000,0,0.0,0.0,0.0,0
37,Ultra-DSP,W8A5,8,5,3,3,1,weight,0 10 20,30000,0,0.0,0.0,0.0,0
38,Ultra-DSP,W8A5,8,5,3,3,1,weight,0 10 20,30000,0,0.0,0.0,0.0,0
39,Ultra-DSP,W8A5,8,5,3,3,1,weight,0 10 20,30000,0,0.0,0.0,0.0,0
40,Ultra-DSP,W8A5,8,5,3,3,1,weight,0 10 20,30000,0,0.0,0.0,0.0,0
41,Ultra-DSP,W8A5,8,5,3,3,1,weight,0 10 20,30000,0,0.0,0.0,0.0,0
42,Ultra-DSP,W8A5,8,5,3,3,1,weight,0 10 20,30000,0,0.0,0.0,0.0,0
43,Ultra-DSP,W8A5,8,5,3,3,1,weight,0 10 20,30000,0,0.0,0.0,0.0,0
44,Ultra-DSP,W8A5,8,5,3,3,1,weight,0 10 20,30000,0,0.0,0.0,0.0,0
45,Ultra-DSP,W8A5,8,5,3,3,1,weight,0 10 20,30000,0,0.0,0.0,0.0,0
46,Ultra-DSP,W8A5,8,5,3,3,1,weight,0 10 20,30000,0,0.0,0.0,0.0,0
47,Ultra-DSP,W8A5,8,5,3,3,1,weight,0 10 20,30000,0,0.0,0.0,0.0,0
48,Ultra-DSP,W8A5,8,5,3,3,1,weight,0 10 20,30000,0,0.0,0.0,0.0,0
49,Ultra-DSP,W8A5,8,5,3,3,1,weight,0 10 20,30000,0,0.0,0.0,0.0,0
50,Ultra-DSP,W8A5,8,5,3,3,1,weight,0 10 20,30000,0,0.0,0.0,0.0,0
51,Ultra-DSP,W8A5,8,5,3,3,1,weight,0 10 20,30000,0,0.0,0.0,0.0,0
52,Ultra-DSP,W8A5,8,5,3,3,1,weight,0 10 20,30000,0,0.0,0.0,0.0,0
53,Ultra-DSP,W8A5,8,5,3,3,1,weight,0 10 20,30000,0,0.0,0.0,0.0,0
54,Ultra-DSP,W8A5,8,5,3,3,1,weight,0 10 20,30000,0,0.0,0.0,0.0,0
55,Ultra-DSP,W8A5,8,5,3,3,1,weight,0 10 20,30000,0,0.0,0.0,0.0,0
56,Ultra-DSP,W8A5,8,5,3,3,1,weight,0 10 20,30000,0,0.0,0.0,0.0,0
57,Ultra-DSP,W8A5,8,5,3,3,1,weight,0 10 20,30000,0,0.0,0.0,0.0,0
58,Ultra-DSP,W8A5,8,5,3,3,1,weight,0 10 20,30000,0,0.0,0.0,0.0,0
59,Ultra-DSP,W8A5,8,5,3,3,1,weight,0 10 20,30000,0,0.0,0.0,0.0,0
60,Ultra-DSP,W8A5,8,5,3,3,1,weight,0 10 20,30000,0,0.0,0.0,0.0,0
61,Ultra-DSP,W8A5,8,5,3,3,1,weight,0 10 20,30000,0,0.0,0.0,0.0,0
62,Ultra-DSP,W8A5,8,5,3,3,1,weight,0 10 20,30000,0,0.0,0.0,0.0,0
63,Ultra-DSP,W8A5,8,5,3,3,1,weight,0 10 20,30000,0,0.0,0.0,0.0,0
64,Ultra-DSP,W8A5,8,5,3,3,1,weight,0 10 20,30000,0,0.0,0.0,0.0,0
65,Ultra-DSP,W8A5,8,5,3,3,1,weight,0 10 20,30000,0,0.0,0.0,0.0,0
66,Ultra-DSP,W8A5,8,5,3,3,1,weight,0 10 20,30000,0,0.0,0.0,0.0,0
67,Ultra-DSP,W8A5,8,5,3,3,1,weight,0 10 20,30000,0,0.0,0.0,0.0,0
68,Ultra-DSP,W8A5,8,5,3,3,1,weight,0 10 20,30000,0,0.0,0.0,0.0,0
69,Ultra-DSP,W8A5,8,5,3,3,1,weight,0 10 20,30000,0,0.0,0.0,0.0,0
70,Ultra-DSP,W8A5,8,5,3,3,1,weight,0 10 20,30000,0,0.0,0.0,0.0,0
71,Ultra-DSP,W8A5,8,5,3,3,1,weight,0 10 20,30000,0,0.0,0.0,0.0,0
72,Ultra-DSP,W8A5,8,5,3,3,1,weight,0 10 20,30000,0,0.0,0.0,0.0,0
73,Ultra-DSP,W8A5,8,5,3,3,1,weight,0 10 20,30000,0,0.0,0.0,0.0,0
74,Ultra-DSP,W8A5,8,5,3,3,1,weight,0 10 20,30000,0,0.0,0.0,0.0,0
75,Ultra-DSP,W8A5,8,5,3,3,1,weight,0 10 20,30000,0,0.0,0.0,0.0,0
76,Ultra-DSP,W8A5,8,5,3,3,1,weight,0 10 20,30000,0,0.0,0.0,0.0,0
77,Ultra-DSP,W8A5,8,5,3,3,1,weight,0 10 20,30000,0,0.0,0.0,0.0,0
78,Ultra-DSP,W8A5,8,5,3,3,1,weight,0 10 20,30000,0,0.0,0.0,0.0,0
79,Ultra-DSP,W8A5,8,5,3,3,1,weight,0 10 20,30000,0,0.0,0.0,0.0,0
80,Ultra-DSP,W8A5,8,5,3,3,1,weight,0 10 20,30000,0,0.0,0.0,0.0,0
81,Ultra-DSP,W8A5,8,5,3,3,1,weight,0 10 20,30000,0,0.0,0.0,0.0,0
82,Ultra-DSP,W8A5,8,5,3,3,1,weight,0 10 20,30000,0,0.0,0.0,0.0,0
83,Ultra-DSP,W8A5,8,5,3,3,1,weight,0 10 20,30000,0,0.0,0.0,0.0,0
84,Ultra-DSP,W8A5,8,5,3,3,1,weight,0 10 20,30000,0,0.0,0.0,0.0,0
85,Ultra-DSP,W8A5,8,5,3,3,1,weight,0 10 20,30000,0,0.0,0.0,0.0,0
86,Ultra-DSP,W8A5,8,5,3,3,1,weight,0 10 20,30000,0,0.0,0.0,0.0,0
87,Ultra-DSP,W8A5,8,5,3,3,1,weight,0 10 20,30000,0,0.0,0.0,0.0,0
88,Ultra-DSP,W8A5,8,5,3,3,1,weight,0 10 20,30000,0,0.0,0.0,0.0,0
89,Ultra-DSP,W8A5,8,5,3,3,1,weight,0 10 20,30000,0,0.0,0.0,0.0,0
90,Ultra-DSP,W8A5,8,5,3,3,1,weight,0 10 20,30000,0,0.0,0.0,0.0,0
91,Ultra-DSP,W8A5,8,5,3,3,1,weight,0 10 20,30000,0,0.0,0.0,0.0,0
92,Ultra-DSP,W8A5,8,5,3,3,1,weight,0 10 20,30000,0,0.0,0.0,0.0,0
93,Ultra-DSP,W8A5,8,5,3,3,1,weight,0 10 20,30000,0,0.0,0.0,0.0,0
94,Ultra-DSP,W8A5,8,5,3,3,1,weight,0 10 20,30000,0,0.0,0.0,0.0,0
95,Ultra-DSP,W8A5,8,5,3,3,1,weight,0 10 20,30000,0,0.0,0.0,0.0,0
96,Ultra-DSP,W8A5,8,5,3,3,1,weight,0 10 20,30000,0,0.0,0.0,0.0,0
97,Ultra-DSP,W8A5,8,5,3,3,1,weight,0 10 20,30000,0,0.0,0.0,0.0,0
98,Ultra-DSP,W8A5,8,5,3,3,1,weight,0 10 20,30000,0,0.0,0.0,0.0,0
99,Ultra-DSP,W8A5,8,5,3,3,1,weight,0 10 20,30000,0,0.0,0.0,0.0,0
0,Ultra-DSP,W8A6,8,6,3,3,1,weight,0 10 20,30000,0,0.0,0.0,0.0,0
1,Ultra-DSP,W8A6,8,6,3,3,1,weight,0 10 20,30000,0,0.0,0.0,0.0,0
2,Ultra-DSP,W8A6,8,6,3,3,1,weight,0 10 20,30000,0,0.0,0.0,0.0,0
3,Ultra-DSP,W8A6,8,6,3,3,1,weight,0 10 20,30000,0,0.0,0.0,0.0,0
4,Ultra-DSP,W8A6,8,6,3,3,1,weight,0 10 20,30000,0,0.0,0.0,0.0,0
5,Ultra-DSP,W8A6,8,6,3,3,1,weight,0 10 20,30000,0,0.0,0.0,0.0,0
6,Ultra-DSP,W8A6,8,6,3,3,1,weight,0 10 20,30000,0,0.0,0.0,0.0,0
7,Ultra-DSP,W8A6,8,6,3,3,1,weight,0 10 20,30000,0,0.0,0.0,0.0,0
8,Ultra-DSP,W8A6,8,6,3,3,1,weight,0 10 20,30000,0,0.0,0.0,0.0,0
9,Ultra-DSP,W8A6,8,6,3,3,1,weight,0 10 20,30000,0,0.0,0.0,0.0,0
10,Ultra-DSP,W8A6,8,6,3,3,1,weight,0 10 20,30000,0,0.0,0.0,0.0,0
11,Ultra-DSP,W8A6,8,6,3,3,1,weight,0 10 20,30000,0,0.0,0.0,0.0,0
12,Ultra-DSP,W8A6,8,6,3,3,1,weight,0 10 20,30000,0,0.0,0.0,0.0,0
13,Ultra-DSP,W8A6,8,6,3,3,1,weight,0 10 20,30000,0,0.0,0.0,0.0,0
14,Ultra-DSP,W8A6,8,6,3,3,1,weight,0 10 20,30000,0,0.0,0.0,0.0,0
15,Ultra-DSP,W8A6,8,6,3,3,1,weight,0 10 20,30000,0,0.0,0.0,0.0,0
16,Ultra-DSP,W8A6,8,6,3,3,1,weight,0 10 20,30000,0,0.0,0.0,0.0,0
17,Ultra-DSP,W8A6,8,6,3,3,1,weight,0 10 20,30000,0,0.0,0.0,0.0,0
18,Ultra-DSP,W8A6,8,6,3,3,1,weight,0 10 20,30000,0,0.0,0.0,0.0,0
19,Ultra-DSP,W8A6,8,6,3,3,1,weight,0 10 20,30000,0,0.0,0.0,0.0,0
20,Ultra-DSP,W8A6,8,6,3,3,1,weight,0 10 20,30000,0,0.0,0.0,0.0,0
21,Ultra-DSP,W8A6,8,6,3,3,1,weight,0 10 20,30000,0,0.0,0.0,0.0,0
22,Ultra-DSP,W8A6,8,6,3,3,1,weight,0 10 20,30000,0,0.0,0.0,0.0,0
23,Ultra-DSP,W8A6,8,6,3,3,1,weight,0 10 20,30000,0,0.0,0.0,0.0,0
24,Ultra-DSP,W8A6,8,6,3,3,1,weight,0 10 20,30000,0,0.0,0.0,0.0,0
25,Ultra-DSP,W8A6,8,6,3,3,1,weight,0 10 20,30000,0,0.0,0.0,0.0,0
26,Ultra-DSP,W8A6,8,6,3,3,1,weight,0 10 20,30000,0,0.0,0.0,0.0,0
27,Ultra-DSP,W8A6,8,6,3,3,1,weight,0 10 20,30000,0,0.0,0.0,0.0,0
28,Ultra-DSP,W8A6,8,6,3,3,1,weight,0 10 20,30000,0,0.0,0.0,0.0,0
29,Ultra-DSP,W8A6,8,6,3,3,1,weight,0 10 20,30000,0,0.0,0.0,0.0,0
30,Ultra-DSP,W8A6,8,6,3,3,1,weight,0 10 20,30000,0,0.0,0.0,0.0,0
31,Ultra-DSP,W8A6,8,6,3,3,1,weight,0 10 20,30000,0,0.0,0.0,0.0,0
32,Ultra-DSP,W8A6,8,6,3,3,1,weight,0 10 20,30000,0,0.0,0.0,0.0,0
33,Ultra-DSP,W8A6,8,6,3,3,1,weight,0 10 20,30000,0,0.0,0.0,0.0,0
34,Ultra-DSP,W8A6,8,6,3,3,1,weight,0 10 20,30000,0,0.0,0.0,0.0,0
35,Ultra-DSP,W8A6,8,6,3,3,1,weight,0 10 20,30000,0,0.0,0.0,0.0,0
36,Ultra-DSP,W8A6,8,6,3,3,1,weight,0 10 20,30000,0,0.0,0.0,0.0,0
37,Ultra-DSP,W8A6,8,6,3,3,1,weight,0 10 20,30000,0,0.0,0.0,0.0,0
38,Ultra-DSP,W8A6,8,6,3,3,1,weight,0 10 20,30000,0,0.0,0.0,0.0,0
39,Ultra-DSP,W8A6,8,6,3,3,1,weight,0 10 20,30000,0,0.0,0.0,0.0,0
40,Ultra-DSP,W8A6,8,6,3,3,1,weight,0 10 20,30000,0,0.0,0.0,0.0,0
41,Ultra-DSP,W8A6,8,6,3,3,1,weight,0 10 20,30000,0,0.0,0.0,0.0,0
42,Ultra-DSP,W8A6,8,6,3,3,1,weight,0 10 20,30000,0,0.0,0.0,0.0,0
43,Ultra-DSP,W8A6,8,6,3,3,1,weight,0 10 20,30000,0,0.0,0.0,0.0,0
44,Ultra-DSP,W8A6,8,6,3,3,1,weight,0 10 20,30000,0,0.0,0.0,0.0,0
45,Ultra-DSP,W8A6,8,6,3,3,1,weight,0 10 20,30000,0,0.0,0.0,0.0,0
46,Ultra-DSP,W8A6,8,6,3,3,1,weight,0 10 20,30000,0,0.0,0.0,0.0,0
47,Ultra-DSP,W8A6,8,6,3,3,1,weight,0 10 20,30000,0,0.0,0.0,0.0,0
48,Ultra-DSP,W8A6,8,6,3,3,1,weight,0 10 20,30000,0,0.0,0.0,0.0,0
49,Ultra-DSP,W8A6,8,6,3,3,1,weight,0 10 20,30000,0,0.0,0.0,0.0,0
50,Ultra-DSP,W8A6,8,6,3,3,1,weight,0 10 20,30000,0,0.0,0.0,0.0,0
51,Ultra-DSP,W8A6,8,6,3,3,1,weight,0 10 20,30000,0,0.0,0.0,0.0,0
52,Ultra-DSP,W8A6,8,6,3,3,1,weight,0 10 20,30000,0,0.0,0.0,0.0,0
53,Ultra-DSP,W8A6,8,6,3,3,1,weight,0 10 20,30000,0,0.0,0.0,0.0,0
54,Ultra-DSP,W8A6,8,6,3,3,1,weight,0 10 20,30000,0,0.0,0.0,0.0,0
55,Ultra-DSP,W8A6,8,6,3,3,1,weight,0 10 20,30000,0,0.0,0.0,0.0,0
56,Ultra-DSP,W8A6,8,6,3,3,1,weight,0 10 20,30000,0,0.0,0.0,0.0,0
57,Ultra-DSP,W8A6,8,6,3,3,1,weight,0 10 20,30000,0,0.0,0.0,0.0,0
58,Ultra-DSP,W8A6,8,6,3,3,1,weight,0 10 20,30000,0,0.0,0.0,0.0,0
59,Ultra-DSP,W8A6,8,6,3,3,1,weight,0 10 20,30000,0,0.0,0.0,0.0,0
60,Ultra-DSP,W8A6,8,6,3,3,1,weight,0 10 20,30000,0,0.0,0.0,0.0,0
61,Ultra-DSP,W8A6,8,6,3,3,1,weight,0 10 20,30000,0,0.0,0.0,0.0,0
62,Ultra-DSP,W8A6,8,6,3,3,1,weight,0 10 20,30000,0,0.0,0.0,0.0,0
63,Ultra-DSP,W8A6,8,6,3,3,1,weight,0 10 20,30000,0,0.0,0.0,0.0,0
64,Ultra-DSP,W8A6,8,6,3,3,1,weight,0 10 20,30000,0,0.0,0.0,0.0,0
65,Ultra-DSP,W8A6,8,6,3,3,1,weight,0 10 20,30000,0,0.0,0.0,0.0,0
66,Ultra-DSP,W8A6,8,6,3,3,1,weight,0 10 20,30000,0,0.0,0.0,0.0,0
67,Ultra-DSP,W8A6,8,6,3,3,1,weight,0 10 20,30000,0,0.0,0.0,0.0,0
68,Ultra-DSP,W8A6,8,6,3,3,1,weight,0 10 20,30000,0,0.0,0.0,0.0,0
69,Ultra-DSP,W8A6,8,6,3,3,1,weight,0 10 20,30000,0,0.0,0.0,0.0,0
70,Ultra-DSP,W8A6,8,6,3,3,1,weight,0 10 20,30000,0,0.0,0.0,0.0,0
71,Ultra-DSP,W8A6,8,6,3,3,1,weight,0 10 20,30000,0,0.0,0.0,0.0,0
72,Ultra-DSP,W8A6,8,6,3,3,1,weight,0 10 20,30000,0,0.0,0.0,0.0,0
73,Ultra-DSP,W8A6,8,6,3,3,1,weight,0 10 20,30000,0,0.0,0.0,0.0,0
74,Ultra-DSP,W8A6,8,6,3,3,1,weight,0 10 20,30000,0,0.0,0.0,0.0,0
75,Ultra-DSP,W8A6,8,6,3,3,1,weight,0 10 20,30000,0,0.0,0.0,0.0,0
76,Ultra-DSP,W8A6,8,6,3,3,1,weight,0 10 20,30000,0,0.0,0.0,0.0,0
77,Ultra-DSP,W8A6,8,6,3,3,1,weight,0 10 20,30000,0,0.0,0.0,0.0,0
78,Ultra-DSP,W8A6,8,6,3,3,1,weight,0 10 20,30000,0,0.0,0.0,0.0,0
79,Ultra-DSP,W8A6,8,6,3,3,1,weight,0 10 20,30000,0,0.0,0.0,0.0,0
80,Ultra-DSP,W8A6,8,6,3,3,1,weight,0 10 20,30000,0,0.0,0.0,0.0,0
81,Ultra-DSP,W8A6,8,6,3,3,1,weight,0 10 20,30000,0,0.0,0.0,0.0,0
82,Ultra-DSP,W8A6,8,6,3,3,1,weight,0 10 20,30000,0,0.0,0.0,0.0,0
83,Ultra-DSP,W8A6,8,6,3,3,1,weight,0 10 20,30000,0,0.0,0.0,0.0,0
84,Ultra-DSP,W8A6,8,6,3,3,1,weight,0 10 20,30000,0,0.0,0.0,0.0,0
85,Ultra-DSP,W8A6,8,6,3,3,1,weight,0 10 20,30000,0,0.0,0.0,0.0,0
86,Ultra-DSP,W8A6,8,6,3,3,1,weight,0 10 20,30000,0,0.0,0.0,0.0,0
87,Ultra-DSP,W8A6,8,6,3,3,1,weight,0 10 20,30000,0,0.0,0.0,0.0,0
88,Ultra-DSP,W8A6,8,6,3,3,1,weight,0 10 20,30000,0,0.0,0.0,0.0,0
89,Ultra-DSP,W8A6,8,6,3,3,1,weight,0 10 20,30000,0,0.0,0.0,0.0,0
90,Ultra-DSP,W8A6,8,6,3,3,1,weight,0 10 20,30000,0,0.0,0.0,0.0,0
91,Ultra-DSP,W8A6,8,6,3,3,1,weight,0 10 20,30000,0,0.0,0.0,0.0,0
92,Ultra-DSP,W8A6,8,6,3,3,1,weight,0 10 20,30000,0,0.0,0.0,0.0,0
93,Ultra-DSP,W8A6,8,6,3,3,1,weight,0 10 20,30000,0,0.0,0.0,0.0,0
94,Ultra-DSP,W8A6,8,6,3,3,1,weight,0 10 20,30000,0,0.0,0.0,0.0,0
95,Ultra-DSP,W8A6,8,6,3,3,1,weight,0 10 20,30000,0,0.0,0.0,0.0,0
96,Ultra-DSP,W8A6,8,6,3,3,1,weight,0 10 20,30000,0,0.0,0.0,0.0,0
97,Ultra-DSP,W8A6,8,6,3,3,1,weight,0 10 20,30000,0,0.0,0.0,0.0,0
98,Ultra-DSP,W8A6,8,6,3,3,1,weight,0 10 20,30000,0,0.0,0.0,0.0,0
99,Ultra-DSP,W8A6,8,6,3,3,1,weight,0 10 20,30000,0,0.0,0.0,0.0,0
0,Ultra-DSP,W8A7,8,7,3,3,1,weight,0 10 20,30000,0,0.0,0.0,0.0,0
1,Ultra-DSP,W8A7,8,7,3,3,1,weight,0 10 20,30000,0,0.0,0.0,0.0,0
2,Ultra-DSP,W8A7,8,7,3,3,1,weight,0 10 20,30000,0,0.0,0.0,0.0,0
3,Ultra-DSP,W8A7,8,7,3,3,1,weight,0 10 20,30000,0,0.0,0.0,0.0,0
4,Ultra-DSP,W8A7,8,7,3,3,1,weight,0 10 20,30000,0,0.0,0.0,0.0,0
5,Ultra-DSP,W8A7,8,7,3,3,1,weight,0 10 20,30000,0,0.0,0.0,0.0,0
6,Ultra-DSP,W8A7,8,7,3,3,1,weight,0 10 20,30000,0,0.0,0.0,0.0,0
7,Ultra-DSP,W8A7,8,7,3,3,1,weight,0 10 20,30000,0,0.0,0.0,0.0,0
8,Ultra-DSP,W8A7,8,7,3,3,1,weight,0 10 20,30000,0,0.0,0.0,0.0,0
9,Ultra-DSP,W8A7,8,7,3,3,1,weight,0 10 20,30000,0,0.0,0.0,0.0,0
10,Ultra-DSP,W8A7,8,7,3,3,1,weight,0 10 20,30000,0,0.0,0.0,0.0,0
11,Ultra-DSP,W8A7,8,7,3,3,1,weight,0 10 20,30000,0,0.0,0.0,0.0,0
12,Ultra-DSP,W8A7,8,7,3,3,1,weight,0 10 20,30000,0,0.0,0.0,0.0,0
13,Ultra-DSP,W8A7,8,7,3,3,1,weight,0 10 20,30000,0,0.0,0.0,0.0,0
14,Ultra-DSP,W8A7,8,7,3,3,1,weight,0 10 20,30000,0,0.0,0.0,0.0,0
15,Ultra-DSP,W8A7,8,7,3,3,1,weight,0 10 20,30000,0,0.0,0.0,0.0,0
16,Ultra-DSP,W8A7,8,7,3,3,1,weight,0 10 20,30000,0,0.0,0.0,0.0,0
17,Ultra-DSP,W8A7,8,7,3,3,1,weight,0 10 20,30000,0,0.0,0.0,0.0,0
18,Ultra-DSP,W8A7,8,7,3,3,1,weight,0 10 20,30000,0,0.0,0.0,0.0,0
19,Ultra-DSP,W8A7,8,7,3,3,1,weight,0 10 20,30000,0,0.0,0.0,0.0,0
20,Ultra-DSP,W8A7,8,7,3,3,1,weight,0 10 20,30000,0,0.0,0.0,0.0,0
21,Ultra-DSP,W8A7,8,7,3,3,1,weight,0 10 20,30000,0,0.0,0.0,0.0,0
22,Ultra-DSP,W8A7,8,7,3,3,1,weight,0 10 20,30000,0,0.0,0.0,0.0,0
23,Ultra-DSP,W8A7,8,7,3,3,1,weight,0 10 20,30000,0,0.0,0.0,0.0,0
24,Ultra-DSP,W8A7,8,7,3,3,1,weight,0 10 20,30000,0,0.0,0.0,0.0,0
25,Ultra-DSP,W8A7,8,7,3,3,1,weight,0 10 20,30000,0,0.0,0.0,0.0,0
26,Ultra-DSP,W8A7,8,7,3,3,1,weight,0 10 20,30000,0,0.0,0.0,0.0,0
27,Ultra-DSP,W8A7,8,7,3,3,1,weight,0 10 20,30000,0,0.0,0.0,0.0,0
28,Ultra-DSP,W8A7,8,7,3,3,1,weight,0 10 20,30000,0,0.0,0.0,0.0,0
29,Ultra-DSP,W8A7,8,7,3,3,1,weight,0 10 20,30000,0,0.0,0.0,0.0,0
30,Ultra-DSP,W8A7,8,7,3,3,1,weight,0 10 20,30000,0,0.0,0.0,0.0,0
31,Ultra-DSP,W8A7,8,7,3,3,1,weight,0 10 20,30000,0,0.0,0.0,0.0,0
32,Ultra-DSP,W8A7,8,7,3,3,1,weight,0 10 20,30000,0,0.0,0.0,0.0,0
33,Ultra-DSP,W8A7,8,7,3,3,1,weight,0 10 20,30000,0,0.0,0.0,0.0,0
34,Ultra-DSP,W8A7,8,7,3,3,1,weight,0 10 20,30000,0,0.0,0.0,0.0,0
35,Ultra-DSP,W8A7,8,7,3,3,1,weight,0 10 20,30000,0,0.0,0.0,0.0,0
36,Ultra-DSP,W8A7,8,7,3,3,1,weight,0 10 20,30000,0,0.0,0.0,0.0,0
37,Ultra-DSP,W8A7,8,7,3,3,1,weight,0 10 20,30000,0,0.0,0.0,0.0,0
38,Ultra-DSP,W8A7,8,7,3,3,1,weight,0 10 20,30000,0,0.0,0.0,0.0,0
39,Ultra-DSP,W8A7,8,7,3,3,1,weight,0 10 20,30000,0,0.0,0.0,0.0,0
40,Ultra-DSP,W8A7,8,7,3,3,1,weight,0 10 20,30000,0,0.0,0.0,0.0,0
41,Ultra-DSP,W8A7,8,7,3,3,1,weight,0 10 20,30000,0,0.0,0.0,0.0,0
42,Ultra-DSP,W8A7,8,7,3,3,1,weight,0 10 20,30000,0,0.0,0.0,0.0,0
43,Ultra-DSP,W8A7,8,7,3,3,1,weight,0 10 20,30000,0,0.0,0.0,0.0,0
44,Ultra-DSP,W8A7,8,7,3,3,1,weight,0 10 20,30000,0,0.0,0.0,0.0,0
45,Ultra-DSP,W8A7,8,7,3,3,1,weight,0 10 20,30000,0,0.0,0.0,0.0,0
46,Ultra-DSP,W8A7,8,7,3,3,1,weight,0 10 20,30000,0,0.0,0.0,0.0,0
47,Ultra-DSP,W8A7,8,7,3,3,1,weight,0 10 20,30000,0,0.0,0.0,0.0,0
48,Ultra-DSP,W8A7,8,7,3,3,1,weight,0 10 20,30000,0,0.0,0.0,0.0,0
49,Ultra-DSP,W8A7,8,7,3,3,1,weight,0 10 20,30000,0,0.0,0.0,0.0,0
50,Ultra-DSP,W8A7,8,7,3,3,1,weight,0 10 20,30000,0,0.0,0.0,0.0,0
51,Ultra-DSP,W8A7,8,7,3,3,1,weight,0 10 20,30000,0,0.0,0.0,0.0,0
52,Ultra-DSP,W8A7,8,7,3,3,1,weight,0 10 20,30000,0,0.0,0.0,0.0,0
53,Ultra-DSP,W8A7,8,7,3,3,1,weight,0 10 20,30000,0,0.0,0.0,0.0,0
54,Ultra-DSP,W8A7,8,7,3,3,1,weight,0 10 20,30000,0,0.0,0.0,0.0,0
55,Ultra-DSP,W8A7,8,7,3,3,1,weight,0 10 20,30000,0,0.0,0.0,0.0,0
56,Ultra-DSP,W8A7,8,7,3,3,1,weight,0 10 20,30000,0,0.0,0.0,0.0,0
57,Ultra-DSP,W8A7,8,7,3,3,1,weight,0 10 20,30000,0,0.0,0.0,0.0,0
58,Ultra-DSP,W8A7,8,7,3,3,1,weight,0 10 20,30000,0,0.0,0.0,0.0,0
59,Ultra-DSP,W8A7,8,7,3,3,1,weight,0 10 20,30000,0,0.0,0.0,0.0,0
60,Ultra-DSP,W8A7,8,7,3,3,1,weight,0 10 20,30000,0,0.0,0.0,0.0,0
61,Ultra-DSP,W8A7,8,7,3,3,1,weight,0 10 20,30000,0,0.0,0.0,0.0,0
62,Ultra-DSP,W8A7,8,7,3,3,1,weight,0 10 20,30000,0,0.0,0.0,0.0,0
63,Ultra-DSP,W8A7,8,7,3,3,1,weight,0 10 20,30000,0,0.0,0.0,0.0,0
64,Ultra-DSP,W8A7,8,7,3,3,1,weight,0 10 20,30000,0,0.0,0.0,0.0,0
65,Ultra-DSP,W8A7,8,7,3,3,1,weight,0 10 20,30000,0,0.0,0.0,0.0,0
66,Ultra-DSP,W8A7,8,7,3,3,1,weight,0 10 20,30000,0,0.0,0.0,0.0,0
67,Ultra-DSP,W8A7,8,7,3,3,1,weight,0 10 20,30000,0,0.0,0.0,0.0,0
68,Ultra-DSP,W8A7,8,7,3,3,1,weight,0 10 20,30000,0,0.0,0.0,0.0,0
69,Ultra-DSP,W8A7,8,7,3,3,1,weight,0 10 20,30000,0,0.0,0.0,0.0,0
70,Ultra-DSP,W8A7,8,7,3,3,1,weight,0 10 20,30000,0,0.0,0.0,0.0,0
71,Ultra-DSP,W8A7,8,7,3,3,1,weight,0 10 20,30000,0,0.0,0.0,0.0,0
72,Ultra-DSP,W8A7,8,7,3,3,1,weight,0 10 20,30000,0,0.0,0.0,0.0,0
73,Ultra-DSP,W8A7,8,7,3,3,1,weight,0 10 20,30000,0,0.0,0.0,0.0,0
74,Ultra-DSP,W8A7,8,7,3,3,1,weight,0 10 20,30000,0,0.0,0.0,0.0,0
75,Ultra-DSP,W8A7,8,7,3,3,1,weight,0 10 20,30000,0,0.0,0.0,0.0,0
76,Ultra-DSP,W8A7,8,7,3,3,1,weight,0 10 20,30000,0,0.0,0.0,0.0,0
77,Ultra-DSP,W8A7,8,7,3,3,1,weight,0 10 20,30000,0,0.0,0.0,0.0,0
78,Ultra-DSP,W8A7,8,7,3,3,1,weight,0 10 20,30000,0,0.0,0.0,0.0,0
79,Ultra-DSP,W8A7,8,7,3,3,1,weight,0 10 20,30000,0,0.0,0.0,0.0,0
80,Ultra-DSP,W8A7,8,7,3,3,1,weight,0 10 20,30000,0,0.0,0.0,0.0,0
81,Ultra-DSP,W8A7,8,7,3,3,1,weight,0 10 20,30000,0,0.0,0.0,0.0,0
82,Ultra-DSP,W8A7,8,7,3,3,1,weight,0 10 20,30000,0,0.0,0.0,0.0,0
83,Ultra-DSP,W8A7,8,7,3,3,1,weight,0 10 20,30000,0,0.0,0.0,0.0,0
84,Ultra-DSP,W8A7,8,7,3,3,1,weight,0 10 20,30000,0,0.0,0.0,0.0,0
85,Ultra-DSP,W8A7,8,7,3,3,1,weight,0 10 20,30000,0,0.0,0.0,0.0,0
86,Ultra-DSP,W8A7,8,7,3,3,1,weight,0 10 20,30000,0,0.0,0.0,0.0,0
87,Ultra-DSP,W8A7,8,7,3,3,1,weight,0 10 20,30000,0,0.0,0.0,0.0,0
88,Ultra-DSP,W8A7,8,7,3,3,1,weight,0 10 20,30000,0,0.0,0.0,0.0,0
89,Ultra-DSP,W8A7,8,7,3,3,1,weight,0 10 20,30000,0,0.0,0.0,0.0,0
90,Ultra-DSP,W8A7,8,7,3,3,1,weight,0 10 20,30000,0,0.0,0.0,0.0,0
91,Ultra-DSP,W8A7,8,7,3,3,1,weight,0 10 20,30000,0,0.0,0.0,0.0,0
92,Ultra-DSP,W8A7,8,7,3,3,1,weight,0 10 20,30000,0,0.0,0.0,0.0,0
93,Ultra-DSP,W8A7,8,7,3,3,1,weight,0 10 20,30000,0,0.0,0.0,0.0,0
94,Ultra-DSP,W8A7,8,7,3,3,1,weight,0 10 20,30000,0,0.0,0.0,0.0,0
95,Ultra-DSP,W8A7,8,7,3,3,1,weight,0 10 20,30000,0,0.0,0.0,0.0,0
96,Ultra-DSP,W8A7,8,7,3,3,1,weight,0 10 20,30000,0,0.0,0.0,0.0,0
97,Ultra-DSP,W8A7,8,7,3,3,1,weight,0 10 20,30000,0,0.0,0.0,0.0,0
98,Ultra-DSP,W8A7,8,7,3,3,1,weight,0 10 20,30000,0,0.0,0.0,0.0,0
99,Ultra-DSP,W8A7,8,7,3,3,1,weight,0 10 20,30000,0,0.0,0.0,0.0,0
0,Ultra-DSP,W8A8,8,8,2,2,1,weight,0 20,20000,0,0.0,0.0,0.0,0
1,Ultra-DSP,W8A8,8,8,2,2,1,weight,0 20,20000,0,0.0,0.0,0.0,0
2,Ultra-DSP,W8A8,8,8,2,2,1,weight,0 20,20000,0,0.0,0.0,0.0,0
3,Ultra-DSP,W8A8,8,8,2,2,1,weight,0 20,20000,0,0.0,0.0,0.0,0
4,Ultra-DSP,W8A8,8,8,2,2,1,weight,0 20,20000,0,0.0,0.0,0.0,0
5,Ultra-DSP,W8A8,8,8,2,2,1,weight,0 20,20000,0,0.0,0.0,0.0,0
6,Ultra-DSP,W8A8,8,8,2,2,1,weight,0 20,20000,0,0.0,0.0,0.0,0
7,Ultra-DSP,W8A8,8,8,2,2,1,weight,0 20,20000,0,0.0,0.0,0.0,0
8,Ultra-DSP,W8A8,8,8,2,2,1,weight,0 20,20000,0,0.0,0.0,0.0,0
9,Ultra-DSP,W8A8,8,8,2,2,1,weight,0 20,20000,0,0.0,0.0,0.0,0
10,Ultra-DSP,W8A8,8,8,2,2,1,weight,0 20,20000,0,0.0,0.0,0.0,0
11,Ultra-DSP,W8A8,8,8,2,2,1,weight,0 20,20000,0,0.0,0.0,0.0,0
12,Ultra-DSP,W8A8,8,8,2,2,1,weight,0 20,20000,0,0.0,0.0,0.0,0
13,Ultra-DSP,W8A8,8,8,2,2,1,weight,0 20,20000,0,0.0,0.0,0.0,0
14,Ultra-DSP,W8A8,8,8,2,2,1,weight,0 20,20000,0,0.0,0.0,0.0,0
15,Ultra-DSP,W8A8,8,8,2,2,1,weight,0 20,20000,0,0.0,0.0,0.0,0
16,Ultra-DSP,W8A8,8,8,2,2,1,weight,0 20,20000,0,0.0,0.0,0.0,0
17,Ultra-DSP,W8A8,8,8,2,2,1,weight,0 20,20000,0,0.0,0.0,0.0,0
18,Ultra-DSP,W8A8,8,8,2,2,1,weight,0 20,20000,0,0.0,0.0,0.0,0
19,Ultra-DSP,W8A8,8,8,2,2,1,weight,0 20,20000,0,0.0,0.0,0.0,0
20,Ultra-DSP,W8A8,8,8,2,2,1,weight,0 20,20000,0,0.0,0.0,0.0,0
21,Ultra-DSP,W8A8,8,8,2,2,1,weight,0 20,20000,0,0.0,0.0,0.0,0
22,Ultra-DSP,W8A8,8,8,2,2,1,weight,0 20,20000,0,0.0,0.0,0.0,0
23,Ultra-DSP,W8A8,8,8,2,2,1,weight,0 20,20000,0,0.0,0.0,0.0,0
24,Ultra-DSP,W8A8,8,8,2,2,1,weight,0 20,20000,0,0.0,0.0,0.0,0
25,Ultra-DSP,W8A8,8,8,2,2,1,weight,0 20,20000,0,0.0,0.0,0.0,0
26,Ultra-DSP,W8A8,8,8,2,2,1,weight,0 20,20000,0,0.0,0.0,0.0,0
27,Ultra-DSP,W8A8,8,8,2,2,1,weight,0 20,20000,0,0.0,0.0,0.0,0
28,Ultra-DSP,W8A8,8,8,2,2,1,weight,0 20,20000,0,0.0,0.0,0.0,0
29,Ultra-DSP,W8A8,8,8,2,2,1,weight,0 20,20000,0,0.0,0.0,0.0,0
30,Ultra-DSP,W8A8,8,8,2,2,1,weight,0 20,20000,0,0.0,0.0,0.0,0
31,Ultra-DSP,W8A8,8,8,2,2,1,weight,0 20,20000,0,0.0,0.0,0.0,0
32,Ultra-DSP,W8A8,8,8,2,2,1,weight,0 20,20000,0,0.0,0.0,0.0,0
33,Ultra-DSP,W8A8,8,8,2,2,1,weight,0 20,20000,0,0.0,0.0,0.0,0
34,Ultra-DSP,W8A8,8,8,2,2,1,weight,0 20,20000,0,0.0,0.0,0.0,0
35,Ultra-DSP,W8A8,8,8,2,2,1,weight,0 20,20000,0,0.0,0.0,0.0,0
36,Ultra-DSP,W8A8,8,8,2,2,1,weight,0 20,20000,0,0.0,0.0,0.0,0
37,Ultra-DSP,W8A8,8,8,2,2,1,weight,0 20,20000,0,0.0,0.0,0.0,0
38,Ultra-DSP,W8A8,8,8,2,2,1,weight,0 20,20000,0,0.0,0.0,0.0,0
39,Ultra-DSP,W8A8,8,8,2,2,1,weight,0 20,20000,0,0.0,0.0,0.0,0
40,Ultra-DSP,W8A8,8,8,2,2,1,weight,0 20,20000,0,0.0,0.0,0.0,0
41,Ultra-DSP,W8A8,8,8,2,2,1,weight,0 20,20000,0,0.0,0.0,0.0,0
42,Ultra-DSP,W8A8,8,8,2,2,1,weight,0 20,20000,0,0.0,0.0,0.0,0
43,Ultra-DSP,W8A8,8,8,2,2,1,weight,0 20,20000,0,0.0,0.0,0.0,0
44,Ultra-DSP,W8A8,8,8,2,2,1,weight,0 20,20000,0,0.0,0.0,0.0,0
45,Ultra-DSP,W8A8,8,8,2,2,1,weight,0 20,20000,0,0.0,0.0,0.0,0
46,Ultra-DSP,W8A8,8,8,2,2,1,weight,0 20,20000,0,0.0,0.0,0.0,0
47,Ultra-DSP,W8A8,8,8,2,2,1,weight,0 20,20000,0,0.0,0.0,0.0,0
48,Ultra-DSP,W8A8,8,8,2,2,1,weight,0 20,20000,0,0.0,0.0,0.0,0
49,Ultra-DSP,W8A8,8,8,2,2,1,weight,0 20,20000,0,0.0,0.0,0.0,0
50,Ultra-DSP,W8A8,8,8,2,2,1,weight,0 20,20000,0,0.0,0.0,0.0,0
51,Ultra-DSP,W8A8,8,8,2,2,1,weight,0 20,20000,0,0.0,0.0,0.0,0
52,Ultra-DSP,W8A8,8,8,2,2,1,weight,0 20,20000,0,0.0,0.0,0.0,0
53,Ultra-DSP,W8A8,8,8,2,2,1,weight,0 20,20000,0,0.0,0.0,0.0,0
54,Ultra-DSP,W8A8,8,8,2,2,1,weight,0 20,20000,0,0.0,0.0,0.0,0
55,Ultra-DSP,W8A8,8,8,2,2,1,weight,0 20,20000,0,0.0,0.0,0.0,0
56,Ultra-DSP,W8A8,8,8,2,2,1,weight,0 20,20000,0,0.0,0.0,0.0,0
57,Ultra-DSP,W8A8,8,8,2,2,1,weight,0 20,20000,0,0.0,0.0,0.0,0
58,Ultra-DSP,W8A8,8,8,2,2,1,weight,0 20,20000,0,0.0,0.0,0.0,0
59,Ultra-DSP,W8A8,8,8,2,2,1,weight,0 20,20000,0,0.0,0.0,0.0,0
60,Ultra-DSP,W8A8,8,8,2,2,1,weight,0 20,20000,0,0.0,0.0,0.0,0
61,Ultra-DSP,W8A8,8,8,2,2,1,weight,0 20,20000,0,0.0,0.0,0.0,0
62,Ultra-DSP,W8A8,8,8,2,2,1,weight,0 20,20000,0,0.0,0.0,0.0,0
63,Ultra-DSP,W8A8,8,8,2,2,1,weight,0 20,20000,0,0.0,0.0,0.0,0
64,Ultra-DSP,W8A8,8,8,2,2,1,weight,0 20,20000,0,0.0,0.0,0.0,0
65,Ultra-DSP,W8A8,8,8,2,2,1,weight,0 20,20000,0,0.0,0.0,0.0,0
66,Ultra-DSP,W8A8,8,8,2,2,1,weight,0 20,20000,0,0.0,0.0,0.0,0
67,Ultra-DSP,W8A8,8,8,2,2,1,weight,0 20,20000,0,0.0,0.0,0.0,0
68,Ultra-DSP,W8A8,8,8,2,2,1,weight,0 20,20000,0,0.0,0.0,0.0,0
69,Ultra-DSP,W8A8,8,8,2,2,1,weight,0 20,20000,0,0.0,0.0,0.0,0
70,Ultra-DSP,W8A8,8,8,2,2,1,weight,0 20,20000,0,0.0,0.0,0.0,0
71,Ultra-DSP,W8A8,8,8,2,2,1,weight,0 20,20000,0,0.0,0.0,0.0,0
72,Ultra-DSP,W8A8,8,8,2,2,1,weight,0 20,20000,0,0.0,0.0,0.0,0
73,Ultra-DSP,W8A8,8,8,2,2,1,weight,0 20,20000,0,0.0,0.0,0.0,0
74,Ultra-DSP,W8A8,8,8,2,2,1,weight,0 20,20000,0,0.0,0.0,0.0,0
75,Ultra-DSP,W8A8,8,8,2,2,1,weight,0 20,20000,0,0.0,0.0,0.0,0
76,Ultra-DSP,W8A8,8,8,2,2,1,weight,0 20,20000,0,0.0,0.0,0.0,0
77,Ultra-DSP,W8A8,8,8,2,2,1,weight,0 20,20000,0,0.0,0.0,0.0,0
78,Ultra-DSP,W8A8,8,8,2,2,1,weight,0 20,20000,0,0.0,0.0,0.0,0
79,Ultra-DSP,W8A8,8,8,2,2,1,weight,0 20,20000,0,0.0,0.0,0.0,0
80,Ultra-DSP,W8A8,8,8,2,2,1,weight,0 20,20000,0,0.0,0.0,0.0,0
81,Ultra-DSP,W8A8,8,8,2,2,1,weight,0 20,20000,0,0.0,0.0,0.0,0
82,Ultra-DSP,W8A8,8,8,2,2,1,weight,0 20,20000,0,0.0,0.0,0.0,0
83,Ultra-DSP,W8A8,8,8,2,2,1,weight,0 20,20000,0,0.0,0.0,0.0,0
84,Ultra-DSP,W8A8,8,8,2,2,1,weight,0 20,20000,0,0.0,0.0,0.0,0
85,Ultra-DSP,W8A8,8,8,2,2,1,weight,0 20,20000,0,0.0,0.0,0.0,0
86,Ultra-DSP,W8A8,8,8,2,2,1,weight,0 20,20000,0,0.0,0.0,0.0,0
87,Ultra-DSP,W8A8,8,8,2,2,1,weight,0 20,20000,0,0.0,0.0,0.0,0
88,Ultra-DSP,W8A8,8,8,2,2,1,weight,0 20,20000,0,0.0,0.0,0.0,0
89,Ultra-DSP,W8A8,8,8,2,2,1,weight,0 20,20000,0,0.0,0.0,0.0,0
90,Ultra-DSP,W8A8,8,8,2,2,1,weight,0 20,20000,0,0.0,0.0,0.0,0
91,Ultra-DSP,W8A8,8,8,2,2,1,weight,0 20,20000,0,0.0,0.0,0.0,0
92,Ultra-DSP,W8A8,8,8,2,2,1,weight,0 20,20000,0,0.0,0.0,0.0,0
93,Ultra-DSP,W8A8,8,8,2,2,1,weight,0 20,20000,0,0.0,0.0,0.0,0
94,Ultra-DSP,W8A8,8,8,2,2,1,weight,0 20,20000,0,0.0,0.0,0.0,0
95,Ultra-DSP,W8A8,8,8,2,2,1,weight,0 20,20000,0,0.0,0.0,0.0,0
96,Ultra-DSP,W8A8,8,8,2,2,1,weight,0 20,20000,0,0.0,0.0,0.0,0
97,Ultra-DSP,W8A8,8,8,2,2,1,weight,0 20,20000,0,0.0,0.0,0.0,0
98,Ultra-DSP,W8A8,8,8,2,2,1,weight,0 20,20000,0,0.0,0.0,0.0,0
99,Ultra-DSP,W8A8,8,8,2,2,1,weight,0 20,20000,0,0.0,0.0,0.0,0
0,DSP-Packing,W4A4,4,4,6,2,3,paper_baseline,0 6 12 18 24 30,60000,21868,0.36446666666666666,1.1071666666666666,3.3765666666666667,4
1,DSP-Packing,W4A4,4,4,6,2,3,paper_baseline,0 6 12 18 24 30,60000,21837,0.36395,1.1055333333333333,3.3713333333333333,4
2,DSP-Packing,W4A4,4,4,6,2,3,paper_baseline,0 6 12 18 24 30,60000,21856,0.3642666666666667,1.10665,3.37535,4
3,DSP-Packing,W4A4,4,4,6,2,3,paper_baseline,0 6 12 18 24 30,60000,21861,0.36435,1.1061,3.3705,4
4,DSP-Packing,W4A4,4,4,6,2,3,paper_baseline,0 6 12 18 24 30,60000,21895,0.36491666666666667,1.10905,3.38435,4
5,DSP-Packing,W4A4,4,4,6,2,3,paper_baseline,0 6 12 18 24 30,60000,21733,0.3622166666666667,1.1008833333333334,3.359583333333333,4
6,DSP-Packing,W4A4,4,4,6,2,3,paper_baseline,0 6 12 18 24 30,60000,21801,0.36335,1.1038,3.3664,4
7,DSP-Packing,W4A4,4,4,6,2,3,paper_baseline,0 6 12 18 24 30,60000,21926,0.36543333333333333,1.1105666666666667,3.3887666666666667,4
8,DSP-Packing,W4A4,4,4,6,2,3,paper_baseline,0 6 12 18 24 30,60000,21778,0.36296666666666666,1.10245,3.36155,4
9,DSP-Packing,W4A4,4,4,6,2,3,paper_baseline,0 6 12 18 24 30,60000,21826,0.3637666666666667,1.1056666666666666,3.3744666666666667,4
10,DSP-Packing,W4A4,4,4,6,2,3,paper_baseline,0 6 12 18 24 30,60000,21620,0.36033333333333334,1.09475,3.33925,4
11,DSP-Packing,W4A4,4,4,6,2,3,paper_baseline,0 6 12 18 24 30,60000,21658,0.36096666666666666,1.0968,3.346,4
12,DSP-Packing,W4A4,4,4,6,2,3,paper_baseline,0 6 12 18 24 30,60000,21756,0.3626,1.1011333333333333,3.356733333333333,4
13,DSP-Packing,W4A4,4,4,6,2,3,paper_baseline,0 6 12 18 24 30,60000,21877,0.36461666666666664,1.1074666666666666,3.3768666666666665,4
14,DSP-Packing,W4A4,4,4,6,2,3,paper_baseline,0 6 12 18 24 30,60000,21748,0.36246666666666666,1.1022666666666667,3.3662666666666667,4
15,DSP-Packing,W4A4,4,4,6,2,3,paper_baseline,0 6 12 18 24 30,60000,21892,0.3648666666666667,1.1087666666666667,3.3829666666666665,4
16,DSP-Packing,W4A4,4,4,6,2,3,paper_baseline,0 6 12 18 24 30,60000,21910,0.36516666666666664,1.10975,3.38625,4
17,DSP-Packing,W4A4,4,4,6,2,3,paper_baseline,0 6 12 18 24 30,60000,21634,0.36056666666666665,1.0949833333333334,3.3380833333333335,4
18,DSP-Packing,W4A4,4,4,6,2,3,paper_baseline,0 6 12 18 24 30,60000,21726,0.3621,1.1002,3.3562,4
19,DSP-Packing,W4A4,4,4,6,2,3,paper_baseline,0 6 12 18 24 30,60000,21810,0.3635,1.1042666666666667,3.3678666666666666,4
20,DSP-Packing,W4A4,4,4,6,2,3,paper_baseline,0 6 12 18 24 30,60000,21807,0.36345,1.1036166666666667,3.363916666666667,4
21,DSP-Packing,W4A4,4,4,6,2,3,paper_baseline,0 6 12 18 24 30,60000,21853,0.3642166666666667,1.1078166666666667,3.384116666666667,4
22,DSP-Packing,W4A4,4,4,6,2,3,paper_baseline,0 6 12 18 24 30,60000,21798,0.3633,1.1033,3.3635,4
23,DSP-Packing,W4A4,4,4,6,2,3,paper_baseline,0 6 12 18 24 30,60000,21620,0.36033333333333334,1.0958333333333334,3.3468333333333335,4
24,DSP-Packing,W4A4,4,4,6,2,3,paper_baseline,0 6 12 18 24 30,60000,21844,0.36406666666666665,1.1059833333333333,3.373083333333333,4
25,DSP-Packing,W4A4,4,4,6,2,3,paper_baseline,0 6 12 18 24 30,60000,21872,0.3645333333333333,1.1077,3.3795,4
26,DSP-Packing,W4A4,4,4,6,2,3,paper_baseline,0 6 12 18 24 30,60000,21678,0.3613,1.0982666666666667,3.3522666666666665,4
27,DSP-Packing,W4A4,4,4,6,2,3,paper_baseline,0 6 12 18 24 30,60000,21705,0.36175,1.1001166666666666,3.3598166666666667,4
28,DSP-Packing,W4A4,4,4,6,2,3,paper_baseline,0 6 12 18 24 30,60000,21799,0.3633166666666667,1.1037833333333333,3.3666833333333335,4
29,DSP-Packing,W4A4,4,4,6,2,3,paper_baseline,0 6 12 18 24 30,60000,21849,0.36415,1.1066166666666666,3.376516666666667,4
30,DSP-Packing,W4A4,4,4,6,2,3,paper_baseline,0 6 12 18 24 30,60000,21770,0.36283333333333334,1.1028833333333334,3.3661833333333333,4
31,DSP-Packing,W4A4,4,4,6,2,3,paper_baseline,0 6 12 18 24 30,60000,21612,0.3602,1.0942833333333333,3.3375833333333333,4
32,DSP-Packing,W4A4,4,4,6,2,3,paper_baseline,0 6 12 18 24 30,60000,21977,0.36628333333333335,1.1131,3.3963,4
33,DSP-Packing,W4A4,4,4,6,2,3,paper_baseline,0 6 12 18 24 30,60000,21709,0.3618166666666667,1.0997833333333333,3.3566833333333332,4
34,DSP-Packing,W4A4,4,4,6,2,3,paper_baseline,0 6 12 18 24 30,60000,21791,0.36318333333333336,1.1026,3.36,4
35,DSP-Packing,W4A4,4,4,6,2,3,paper_baseline,0 6 12 18 24 30,60000,21711,0.36185,1.0999166666666667,3.3572166666666665,4
36,DSP-Packing,W4A4,4,4,6,2,3,paper_baseline,0 6 12 18 24 30,60000,21761,0.36268333333333336,1.1018333333333334,3.3606333333333334,4
37,DSP-Packing,W4A4,4,4,6,2,3,paper_baseline,0 6 12 18 24 30,60000,21656,0.36093333333333333,1.0971166666666667,3.3486166666666666,4
38,DSP-Packing,W4A4,4,4,6,2,3,paper_baseline,0 6 12 18 24 30,60000,21696,0.3616,1.0989333333333333,3.3533333333333335,4
39,DSP-Packing,W4A4,4,4,6,2,3,paper_baseline,0 6 12 18 24 30,60000,21896,0.36493333333333333,1.1087,3.3817,4
40,DSP-Packing,W4A4,4,4,6,2,3,paper_baseline,0 6 12 18 24 30,60000,21864,0.3644,1.1071333333333333,3.3771333333333335,4
41,DSP-Packing,W4A4,4,4,6,2,3,paper_baseline,0 6 12 18 24 30,60000,21771,0.36285,1.1038,3.3724,4
42,DSP-Packing,W4A4,4,4,6,2,3,paper_baseline,0 6 12 18 24 30,60000,22018,0.36696666666666666,1.11565,3.40595,4
43,DSP-Packing,W4A4,4,4,6,2,3,paper_baseline,0 6 12 18 24 30,60000,21610,0.3601666666666667,1.0939333333333334,3.3355333333333332,4
44,DSP-Packing,W4A4,4,4,6,2,3,paper_baseline,0 6 12 18 24 30,60000,21709,0.3618166666666667,1.0989833333333334,3.3510833333333334,4
45,DSP-Packing,W4A4,4,4,6,2,3,paper_baseline,0 6 12 18 24 30,60000,21750,0.3625,1.1009666666666666,3.3567666666666667,4
46,DSP-Packing,W4A4,4,4,6,2,3,paper_baseline,0 6 12 18 24 30,60000,21634,0.36056666666666665,1.0964,3.348,4
47,DSP-Packing,W4A4,4,4,6,2,3,paper_baseline,0 6 12 18 24 30,60000,21661,0.36101666666666665,1.0965,3.3433,4
48,DSP-Packing,W4A4,4,4,6,2,3,paper_baseline,0 6 12 18 24 30,60000,21856,0.3642666666666667,1.1079333333333334,3.384333333333333,4
49,DSP-Packing,W4A4,4,4,6,2,3,paper_baseline,0 6 12 18 24 30,60000,21774,0.3629,1.1031,3.3669,4
50,DSP-Packing,W4A4,4,4,6,2,3,paper_baseline,0 6 12 18 24 30,60000,21810,0.3635,1.1051666666666666,3.3741666666666665,4
51,DSP-Packing,W4A4,4,4,6,2,3,paper_baseline,0 6 12 18 24 30,60000,21910,0.36516666666666664,1.1097666666666666,3.3863666666666665,4
52,DSP-Packing,W4A4,4,4,6,2,3,paper_baseline,0 6 12 18 24 30,60000,21930,0.3655,1.1110666666666666,3.3914666666666666,4
53,DSP-Packing,W4A4,4,4,6,2,3,paper_baseline,0 6 12 18 24 30,60000,21788,0.3631333333333333,1.1039333333333334,3.3699333333333334,4
54,DSP-Packing,W4A4,4,4,6,2,3,paper_baseline,0 6 12 18 24 30,60000,21730,0.3621666666666667,1.1007166666666666,3.3590166666666668,4
55,DSP-Packing,W4A4,4,4,6,2,3,paper_baseline,0 6 12 18 24 30,60000,21705,0.36175,1.09885,3.35095,4
56,DSP-Packing,W4A4,4,4,6,2,3,paper_baseline,0 6 12 18 24 30,60000,21754,0.36256666666666665,1.10155,3.36005,4
57,DSP-Packing,W4A4,4,4,6,2,3,paper_baseline,0 6 12 18 24 30,60000,21671,0.36118333333333336,1.0978166666666667,3.3505166666666666,4
58,DSP-Packing,W4A4,4,4,6,2,3,paper_baseline,0 6 12 18 24 30,60000,21782,0.3630333333333333,1.1033833333333334,3.3672833333333334,4
59,DSP-Packing,W4A4,4,4,6,2,3,paper_baseline,0 6 12 18 24 30,60000,21489,0.35815,1.0882,3.3196,4
60,DSP-Packing,W4A4,4,4,6,2,3,paper_baseline,0 6 12 18 24 30,60000,21738,0.3623,1.1008833333333334,3.3585833333333333,4
61,DSP-Packing,W4A4,4,4,6,2,3,paper_baseline,0 6 12 18 24 30,60000,21807,0.36345,1.1043166666666666,3.3688166666666666,4
62,DSP-Packing,W4A4,4,4,6,2,3,paper_baseline,0 6 12 18 24 30,60000,21853,0.3642166666666667,1.10725,3.38015,4
63,DSP-Packing,W4A4,4,4,6,2,3,paper_baseline,0 6 12 18 24 30,60000,21695,0.3615833333333333,1.0986166666666666,3.3513166666666665,4
64,DSP-Packing,W4A4,4,4,6,2,3,paper_baseline,0 6 12 18 24 30,60000,21752,0.3625333333333333,1.1028166666666666,3.3693166666666667,4
65,DSP-Packing,W4A4,4,4,6,2,3,paper_baseline,0 6 12 18 24 30,60000,21714,0.3619,1.0992833333333334,3.3521833333333335,4
66,DSP-Packing,W4A4,4,4,6,2,3,paper_baseline,0 6 12 18 24 30,60000,21879,0.36465,1.1084333333333334,3.3832333333333335,4
67,DSP-Packing,W4A4,4,4,6,2,3,paper_baseline,0 6 12 18 24 30,60000,21847,0.36411666666666664,1.10665,3.37715,4
68,DSP-Packing,W4A4,4,4,6,2,3,paper_baseline,0 6 12 18 24 30,60000,21833,0.36388333333333334,1.10525,3.37015,4
69,DSP-Packing,W4A4,4,4,6,2,3,paper_baseline,0 6 12 18 24 30,60000,21587,0.35978333333333334,1.0932833333333334,3.335583333333333,4
70,DSP-Packing,W4A4,4,4,6,2,3,paper_baseline,0 6 12 18 24 30,60000,21937,0.36561666666666665,1.1112333333333333,3.3912333333333335,4
71,DSP-Packing,W4A4,4,4,6,2,3,paper_baseline,0 6 12 18 24 30,60000,21883,0.3647166666666667,1.10875,3.38465,4
72,DSP-Packing,W4A4,4,4,6,2,3,paper_baseline,0 6 12 18 24 30,60000,21588,0.3598,1.09365,3.33795,4
73,DSP-Packing,W4A4,4,4,6,2,3,paper_baseline,0 6 12 18 24 30,60000,21861,0.36435,1.1069,3.3761,4
74,DSP-Packing,W4A4,4,4,6,2,3,paper_baseline,0 6 12 18 24 30,60000,21867,0.36445,1.10745,3.37875,4
75,DSP-Packing,W4A4,4,4,6,2,3,paper_baseline,0 6 12 18 24 30,60000,21909,0.36515,1.1096333333333332,3.3856333333333333,4
76,DSP-Packing,W4A4,4,4,6,2,3,paper_baseline,0 6 12 18 24 30,60000,21864,0.3644,1.1074,3.379,4
77,DSP-Packing,W4A4,4,4,6,2,3,paper_baseline,0 6 12 18 24 30,60000,21641,0.36068333333333336,1.0958666666666668,3.3428666666666667,4
78,DSP-Packing,W4A4,4,4,6,2,3,paper_baseline,0 6 12 18 24 30,60000,21915,0.36525,1.1102666666666667,3.3888666666666665,4
79,DSP-Packing,W4A4,4,4,6,2,3,paper_baseline,0 6 12 18 24 30,60000,21951,0.36585,1.1118666666666666,3.3928666666666665,4
80,DSP-Packing,W4A4,4,4,6,2,3,paper_baseline,0 6 12 18 24 30,60000,21609,0.36015,1.09425,3.33795,4
81,DSP-Packing,W4A4,4,4,6,2,3,paper_baseline,0 6 12 18 24 30,60000,21744,0.3624,1.1005666666666667,3.355166666666667,4
82,DSP-Packing,W4A4,4,4,6,2,3,paper_baseline,0 6 12 18 24 30,60000,21910,0.36516666666666664,1.1096,3.3852,4
83,DSP-Packing,W4A4,4,4,6,2,3,paper_baseline,0 6 12 18 24 30,60000,21614,0.36023333333333335,1.0933333333333333,3.3305333333333333,4
84,DSP-Packing,W4A4,4,4,6,2,3,paper_baseline,0 6 12 18 24 30,60000,21702,0.3617,1.0987666666666667,3.350966666666667,4
85,DSP-Packing,W4A4,4,4,6,2,3,paper_baseline,0 6 12 18 24 30,60000,21830,0.36383333333333334,1.1053,3.3711,4
86,DSP-Packing,W4A4,4,4,6,2,3,paper_baseline,0 6 12 18 24 30,60000,21962,0.3660333333333333,1.11185,3.39055,4
87,DSP-Packing,W4A4,4,4,6,2,3,paper_baseline,0 6 12 18 24 30,60000,21765,0.36275,1.1024166666666666,3.363916666666667,4
88,DSP-Packing,W4A4,4,4,6,2,3,paper_baseline,0 6 12 18 24 30,60000,21690,0.3615,1.0993166666666667,3.3572166666666665,4
89,DSP-Packing,W4A4,4,4,6,2,3,paper_baseline,0 6 12 18 24 30,60000,21717,0.36195,1.0995833333333334,3.353683333333333,4
90,DSP-Packing,W4A4,4,4,6,2,3,paper_baseline,0 6 12 18 24 30,60000,21722,0.3620333333333333,1.0991666666666666,3.3497666666666666,4
91,DSP-Packing,W4A4,4,4,6,2,3,paper_baseline,0 6 12 18 24 30,60000,21810,0.3635,1.1041,3.3667,4
92,DSP-Packing,W4A4,4,4,6,2,3,paper_baseline,0 6 12 18 24 30,60000,21813,0.36355,1.10405,3.36575,4
93,DSP-Packing,W4A4,4,4,6,2,3,paper_baseline,0 6 12 18 24 30,60000,21853,0.3642166666666667,1.1068833333333334,3.3775833333333334,4
94,DSP-Packing,W4A4,4,4,6,2,3,paper_baseline,0 6 12 18 24 30,60000,21696,0.3616,1.0990166666666668,3.3539166666666667,4
95,DSP-Packing,W4A4,4,4,6,2,3,paper_baseline,0 6 12 18 24 30,60000,21831,0.36385,1.1064,3.3786,4
96,DSP-Packing,W4A4,4,4,6,2,3,paper_baseline,0 6 12 18 24 30,60000,21904,0.36506666666666665,1.1091,3.3829,4
97,DSP-Packing,W4A4,4,4,6,2,3,paper_baseline,0 6 12 18 24 30,60000,21583,0.3597166666666667,1.0933166666666667,3.3366166666666666,4
98,DSP-Packing,W4A4,4,4,6,2,3,paper_baseline,0 6 12 18 24 30,60000,21956,0.36593333333333333,1.1122,3.3942,4
99,DSP-Packing,W4A4,4,4,6,2,3,paper_baseline,0 6 12 18 24 30,60000,21813,0.36355,1.10515,3.37345,4
0,DeepBurning-MixQ,W4A4,4,4,6,2,3,paper_baseline,0 7 14 21 28 35,60000,21756,0.3626,0.7252,1.4504,2
1,DeepBurning-MixQ,W4A4,4,4,6,2,3,paper_baseline,0 7 14 21 28 35,60000,21680,0.36133333333333334,0.7226666666666667,1.4453333333333334,2
2,DeepBurning-MixQ,W4A4,4,4,6,2,3,paper_baseline,0 7 14 21 28 35,60000,21728,0.3621333333333333,0.7242666666666666,1.4485333333333332,2
3,DeepBurning-MixQ,W4A4,4,4,6,2,3,paper_baseline,0 7 14 21 28 35,60000,21894,0.3649,0.7298,1.4596,2
4,DeepBurning-MixQ,W4A4,4,4,6,2,3,paper_baseline,0 7 14 21 28 35,60000,21731,0.36218333333333336,0.7243666666666667,1.4487333333333334,2
5,DeepBurning-MixQ,W4A4,4,4,6,2,3,paper_baseline,0 7 14 21 28 35,60000,21982,0.3663666666666667,0.7327333333333333,1.4654666666666667,2
6,DeepBurning-MixQ,W4A4,4,4,6,2,3,paper_baseline,0 7 14 21 28 35,60000,21768,0.3628,0.7256,1.4512,2
7,DeepBurning-MixQ,W4A4,4,4,6,2,3,paper_baseline,0 7 14 21 28 35,60000,21805,0.36341666666666667,0.7268333333333333,1.4536666666666667,2
8,DeepBurning-MixQ,W4A4,4,4,6,2,3,paper_baseline,0 7 14 21 28 35,60000,21986,0.36643333333333333,0.7328666666666667,1.4657333333333333,2
9,DeepBurning-MixQ,W4A4,4,4,6,2,3,paper_baseline,0 7 14 21 28 35,60000,21844,0.36406666666666665,0.7281333333333333,1.4562666666666666,2
10,DeepBurning-MixQ,W4A4,4,4,6,2,3,paper_baseline,0 7 14 21 28 35,60000,21506,0.3584333333333333,0.7168666666666667,1.4337333333333333,2
11,DeepBurning-MixQ,W4A4,4,4,6,2,3,paper_baseline,0 7 14 21 28 35,60000,21959,0.3659833333333333,0.7319666666666667,1.4639333333333333,2
12,DeepBurning-MixQ,W4A4,4,4,6,2,3,paper_baseline,0 7 14 21 28 35,60000,21992,0.3665333333333333,0.7330666666666666,1.4661333333333333,2
13,DeepBurning-MixQ,W4A4,4,4,6,2,3,paper_baseline,0 7 14 21 28 35,60000,21950,0.36583333333333334,0.7316666666666667,1.4633333333333334,2
14,DeepBurning-MixQ,W4A4,4,4,6,2,3,paper_baseline,0 7 14 21 28 35,60000,21719,0.3619833333333333,0.7239666666666666,1.4479333333333333,2
15,DeepBurning-MixQ,W4A4,4,4,6,2,3,paper_baseline,0 7 14 21 28 35,60000,21861,0.36435,0.7287,1.4574,2
16,DeepBurning-MixQ,W4A4,4,4,6,2,3,paper_baseline,0 7 14 21 28 35,60000,21584,0.35973333333333335,0.7194666666666667,1.4389333333333334,2
17,DeepBurning-MixQ,W4A4,4,4,6,2,3,paper_baseline,0 7 14 21 28 35,60000,21715,0.36191666666666666,0.7238333333333333,1.4476666666666667,2
18,DeepBurning-MixQ,W4A4,4,4,6,2,3,paper_baseline,0 7 14 21 28 35,60000,21739,0.3623166666666667,0.7246333333333334,1.4492666666666667,2
19,DeepBurning-MixQ,W4A4,4,4,6,2,3,paper_baseline,0 7 14 21 28 35,60000,21856,0.3642666666666667,0.7285333333333334,1.4570666666666667,2
20,DeepBurning-MixQ,W4A4,4,4,6,2,3,paper_baseline,0 7 14 21 28 35,60000,21939,0.36565,0.7313,1.4626,2
21,DeepBurning-MixQ,W4A4,4,4,6,2,3,paper_baseline,0 7 14 21 28 35,60000,21715,0.36191666666666666,0.7238333333333333,1.4476666666666667,2
22,DeepBurning-MixQ,W4A4,4,4,6,2,3,paper_baseline,0 7 14 21 28 35,60000,21923,0.36538333333333334,0.7307666666666667,1.4615333333333334,2
23,DeepBurning-MixQ,W4A4,4,4,6,2,3,paper_baseline,0 7 14 21 28 35,60000,21966,0.3661,0.7322,1.4644,2
24,DeepBurning-MixQ,W4A4,4,4,6,2,3,paper_baseline,0 7 14 21 28 35,60000,21549,0.35915,0.7183,1.4366,2
25,DeepBurning-MixQ,W4A4,4,4,6,2,3,paper_baseline,0 7 14 21 28 35,60000,21898,0.36496666666666666,0.7299333333333333,1.4598666666666666,2
26,DeepBurning-MixQ,W4A4,4,4,6,2,3,paper_baseline,0 7 14 21 28 35,60000,21714,0.3619,0.7238,1.4476,2
27,DeepBurning-MixQ,W4A4,4,4,6,2,3,paper_baseline,0 7 14 21 28 35,60000,21784,0.36306666666666665,0.7261333333333333,1.4522666666666666,2
28,DeepBurning-MixQ,W4A4,4,4,6,2,3,paper_baseline,0 7 14 21 28 35,60000,21999,0.36665,0.7333,1.4666,2
29,DeepBurning-MixQ,W4A4,4,4,6,2,3,paper_baseline,0 7 14 21 28 35,60000,21977,0.36628333333333335,0.7325666666666667,1.4651333333333334,2
30,DeepBurning-MixQ,W4A4,4,4,6,2,3,paper_baseline,0 7 14 21 28 35,60000,21883,0.3647166666666667,0.7294333333333334,1.4588666666666668,2
31,DeepBurning-MixQ,W4A4,4,4,6,2,3,paper_baseline,0 7 14 21 28 35,60000,21940,0.36566666666666664,0.7313333333333333,1.4626666666666666,2
32,DeepBurning-MixQ,W4A4,4,4,6,2,3,paper_baseline,0 7 14 21 28 35,60000,21763,0.3627166666666667,0.7254333333333334,1.4508666666666667,2
33,DeepBurning-MixQ,W4A4,4,4,6,2,3,paper_baseline,0 7 14 21 28 35,60000,21761,0.36268333333333336,0.7253666666666667,1.4507333333333334,2
34,DeepBurning-MixQ,W4A4,4,4,6,2,3,paper_baseline,0 7 14 21 28 35,60000,21999,0.36665,0.7333,1.4666,2
35,DeepBurning-MixQ,W4A4,4,4,6,2,3,paper_baseline,0 7 14 21 28 35,60000,21918,0.3653,0.7306,1.4612,2
36,DeepBurning-MixQ,W4A4,4,4,6,2,3,paper_baseline,0 7 14 21 28 35,60000,21966,0.3661,0.7322,1.4644,2
37,DeepBurning-MixQ,W4A4,4,4,6,2,3,paper_baseline,0 7 14 21 28 35,60000,21808,0.36346666666666666,0.7269333333333333,1.4538666666666666,2
38,DeepBurning-MixQ,W4A4,4,4,6,2,3,paper_baseline,0 7 14 21 28 35,60000,21848,0.3641333333333333,0.7282666666666666,1.4565333333333332,2
39,DeepBurning-MixQ,W4A4,4,4,6,2,3,paper_baseline,0 7 14 21 28 35,60000,21769,0.3628166666666667,0.7256333333333334,1.4512666666666667,2
40,DeepBurning-MixQ,W4A4,4,4,6,2,3,paper_baseline,0 7 14 21 28 35,60000,21562,0.35936666666666667,0.7187333333333333,1.4374666666666667,2
41,DeepBurning-MixQ,W4A4,4,4,6,2,3,paper_baseline,0 7 14 21 28 35,60000,21844,0.36406666666666665,0.7281333333333333,1.4562666666666666,2
42,DeepBurning-MixQ,W4A4,4,4,6,2,3,paper_baseline,0 7 14 21 28 35,60000,21644,0.36073333333333335,0.7214666666666667,1.4429333333333334,2
43,DeepBurning-MixQ,W4A4,4,4,6,2,3,paper_baseline,0 7 14 21 28 35,60000,21615,0.36025,0.7205,1.441,2
44,DeepBurning-MixQ,W4A4,4,4,6,2,3,paper_baseline,0 7 14 21 28 35,60000,21866,0.36443333333333333,0.7288666666666667,1.4577333333333333,2
45,DeepBurning-MixQ,W4A4,4,4,6,2,3,paper_baseline,0 7 14 21 28 35,60000,21655,0.36091666666666666,0.7218333333333333,1.4436666666666667,2
46,DeepBurning-MixQ,W4A4,4,4,6,2,3,paper_baseline,0 7 14 21 28 35,60000,21656,0.36093333333333333,0.7218666666666667,1.4437333333333333,2
47,DeepBurning-MixQ,W4A4,4,4,6,2,3,paper_baseline,0 7 14 21 28 35,60000,21704,0.36173333333333335,0.7234666666666667,1.4469333333333334,2
48,DeepBurning-MixQ,W4A4,4,4,6,2,3,paper_baseline,0 7 14 21 28 35,60000,21864,0.3644,0.7288,1.4576,2
49,DeepBurning-MixQ,W4A4,4,4,6,2,3,paper_baseline,0 7 14 21 28 35,60000,21647,0.36078333333333334,0.7215666666666667,1.4431333333333334,2
50,DeepBurning-MixQ,W4A4,4,4,6,2,3,paper_baseline,0 7 14 21 28 35,60000,21949,0.3658166666666667,0.7316333333333334,1.4632666666666667,2
51,DeepBurning-MixQ,W4A4,4,4,6,2,3,paper_baseline,0 7 14 21 28 35,60000,21816,0.3636,0.7272,1.4544,2
52,DeepBurning-MixQ,W4A4,4,4,6,2,3,paper_baseline,0 7 14 21 28 35,60000,21873,0.36455,0.7291,1.4582,2
53,DeepBurning-MixQ,W4A4,4,4,6,2,3,paper_baseline,0 7 14 21 28 35,60000,21607,0.36011666666666664,0.7202333333333333,1.4404666666666666,2
54,DeepBurning-MixQ,W4A4,4,4,6,2,3,paper_baseline,0 7 14 21 28 35,60000,21940,0.36566666666666664,0.7313333333333333,1.4626666666666666,2
55,DeepBurning-MixQ,W4A4,4,4,6,2,3,paper_baseline,0 7 14 21 28 35,60000,21812,0.3635333333333333,0.7270666666666666,1.4541333333333333,2
56,DeepBurning-MixQ,W4A4,4,4,6,2,3,paper_baseline,0 7 14 21 28 35,60000,21822,0.3637,0.7274,1.4548,2
57,DeepBurning-MixQ,W4A4,4,4,6,2,3,paper_baseline,0 7 14 21 28 35,60000,21696,0.3616,0.7232,1.4464,2
58,DeepBurning-MixQ,W4A4,4,4,6,2,3,paper_baseline,0 7 14 21 28 35,60000,21998,0.3666333333333333,0.7332666666666666,1.4665333333333332,2
59,DeepBurning-MixQ,W4A4,4,4,6,2,3,paper_baseline,0 7 14 21 28 35,60000,21803,0.36338333333333334,0.7267666666666667,1.4535333333333333,2
60,DeepBurning-MixQ,W4A4,4,4,6,2,3,paper_baseline,0 7 14 21 28 35,60000,21853,0.3642166666666667,0.7284333333333334,1.4568666666666668,2
61,DeepBurning-MixQ,W4A4,4,4,6,2,3,paper_baseline,0 7 14 21 28 35,60000,21661,0.36101666666666665,0.7220333333333333,1.4440666666666666,2
62,DeepBurning-MixQ,W4A4,4,4,6,2,3,paper_baseline,0 7 14 21 28 35,60000,21934,0.36556666666666665,0.7311333333333333,1.4622666666666666,2
63,DeepBurning-MixQ,W4A4,4,4,6,2,3,paper_baseline,0 7 14 21 28 35,60000,21705,0.36175,0.7235,1.447,2
64,DeepBurning-MixQ,W4A4,4,4,6,2,3,paper_baseline,0 7 14 21 28 35,60000,21692,0.3615333333333333,0.7230666666666666,1.4461333333333333,2
65,DeepBurning-MixQ,W4A4,4,4,6,2,3,paper_baseline,0 7 14 21 28 35,60000,22024,0.36706666666666665,0.7341333333333333,1.4682666666666666,2
66,DeepBurning-MixQ,W4A4,4,4,6,2,3,paper_baseline,0 7 14 21 28 35,60000,21757,0.36261666666666664,0.7252333333333333,1.4504666666666666,2
67,DeepBurning-MixQ,W4A4,4,4,6,2,3,paper_baseline,0 7 14 21 28 35,60000,21780,0.363,0.726,1.452,2
68,DeepBurning-MixQ,W4A4,4,4,6,2,3,paper_baseline,0 7 14 21 28 35,60000,21864,0.3644,0.7288,1.4576,2
69,DeepBurning-MixQ,W4A4,4,4,6,2,3,paper_baseline,0 7 14 21 28 35,60000,21784,0.36306666666666665,0.7261333333333333,1.4522666666666666,2
70,DeepBurning-MixQ,W4A4,4,4,6,2,3,paper_baseline,0 7 14 21 28 35,60000,21862,0.36436666666666667,0.7287333333333333,1.4574666666666667,2
71,DeepBurning-MixQ,W4A4,4,4,6,2,3,paper_baseline,0 7 14 21 28 35,60000,21493,0.3582166666666667,0.7164333333333334,1.4328666666666667,2
72,DeepBurning-MixQ,W4A4,4,4,6,2,3,paper_baseline,0 7 14 21 28 35,60000,21737,0.36228333333333335,0.7245666666666667,1.4491333333333334,2
73,DeepBurning-MixQ,W4A4,4,4,6,2,3,paper_baseline,0 7 14 21 28 35,60000,21689,0.3614833333333333,0.7229666666666666,1.4459333333333333,2
74,DeepBurning-MixQ,W4A4,4,4,6,2,3,paper_baseline,0 7 14 21 28 35,60000,21820,0.3636666666666667,0.7273333333333334,1.4546666666666668,2
75,DeepBurning-MixQ,W4A4,4,4,6,2,3,paper_baseline,0 7 14 21 28 35,60000,21861,0.36435,0.7287,1.4574,2
76,DeepBurning-MixQ,W4A4,4,4,6,2,3,paper_baseline,0 7 14 21 28 35,60000,21722,0.3620333333333333,0.7240666666666666,1.4481333333333333,2
77,DeepBurning-MixQ,W4A4,4,4,6,2,3,paper_baseline,0 7 14 21 28 35,60000,21739,0.3623166666666667,0.7246333333333334,1.4492666666666667,2
78,DeepBurning-MixQ,W4A4,4,4,6,2,3,paper_baseline,0 7 14 21 28 35,60000,21756,0.3626,0.7252,1.4504,2
79,DeepBurning-MixQ,W4A4,4,4,6,2,3,paper_baseline,0 7 14 21 28 35,60000,21855,0.36425,0.7285,1.457,2
80,DeepBurning-MixQ,W4A4,4,4,6,2,3,paper_baseline,0 7 14 21 28 35,60000,22024,0.36706666666666665,0.7341333333333333,1.4682666666666666,2
81,DeepBurning-MixQ,W4A4,4,4,6,2,3,paper_baseline,0 7 14 21 28 35,60000,21488,0.35813333333333336,0.7162666666666667,1.4325333333333334,2
82,DeepBurning-MixQ,W4A4,4,4,6,2,3,paper_baseline,0 7 14 21 28 35,60000,21721,0.36201666666666665,0.7240333333333333,1.4480666666666666,2
83,DeepBurning-MixQ,W4A4,4,4,6,2,3,paper_baseline,0 7 14 21 28 35,60000,21677,0.36128333333333335,0.7225666666666667,1.4451333333333334,2
84,DeepBurning-MixQ,W4A4,4,4,6,2,3,paper_baseline,0 7 14 21 28 35,60000,21714,0.3619,0.7238,1.4476,2
85,DeepBurning-MixQ,W4A4,4,4,6,2,3,paper_baseline,0 7 14 21 28 35,60000,21760,0.3626666666666667,0.7253333333333334,1.4506666666666668,2
86,DeepBurning-MixQ,W4A4,4,4,6,2,3,paper_baseline,0 7 14 21 28 35,60000,21883,0.3647166666666667,0.7294333333333334,1.4588666666666668,2
87,DeepBurning-MixQ,W4A4,4,4,6,2,3,paper_baseline,0 7 14 21 28 35,60000,21741,0.36235,0.7247,1.4494,2
88,DeepBurning-MixQ,W4A4,4,4,6,2,3,paper_baseline,0 7 14 21 28 35,60000,21960,0.366,0.732,1.464,2
89,DeepBurning-MixQ,W4A4,4,4,6,2,3,paper_baseline,0 7 14 21 28 35,60000,21554,0.35923333333333335,0.7184666666666667,1.4369333333333334,2
90,DeepBurning-MixQ,W4A4,4,4,6,2,3,paper_baseline,0 7 14 21 28 35,60000,21744,0.3624,0.7248,1.4496,2
91,DeepBurning-MixQ,W4A4,4,4,6,2,3,paper_baseline,0 7 14 21 28 35,60000,21891,0.36485,0.7297,1.4594,2
92,DeepBurning-MixQ,W4A4,4,4,6,2,3,paper_baseline,0 7 14 21 28 35,60000,21741,0.36235,0.7247,1.4494,2
93,DeepBurning-MixQ,W4A4,4,4,6,2,3,paper_baseline,0 7 14 21 28 35,60000,21840,0.364,0.728,1.456,2
94,DeepBurning-MixQ,W4A4,4,4,6,2,3,paper_baseline,0 7 14 21 28 35,60000,21684,0.3614,0.7228,1.4456,2
95,DeepBurning-MixQ,W4A4,4,4,6,2,3,paper_baseline,0 7 14 21 28 35,60000,21604,0.36006666666666665,0.7201333333333333,1.4402666666666666,2
96,DeepBurning-MixQ,W4A4,4,4,6,2,3,paper_baseline,0 7 14 21 28 35,60000,21755,0.3625833333333333,0.7251666666666666,1.4503333333333333,2
97,DeepBurning-MixQ,W4A4,4,4,6,2,3,paper_baseline,0 7 14 21 28 35,60000,21641,0.36068333333333336,0.7213666666666667,1.4427333333333334,2
98,DeepBurning-MixQ,W4A4,4,4,6,2,3,paper_baseline,0 7 14 21 28 35,60000,21849,0.36415,0.7283,1.4566,2
99,DeepBurning-MixQ,W4A4,4,4,6,2,3,paper_baseline,0 7 14 21 28 35,60000,21760,0.3626666666666667,0.7253333333333334,1.4506666666666668,2
