depth,nx,ny,T,decode_T,pointwise_limit,x_pos,y_pos,product_offsets,cost,cost_per_mult,cost_per_decode_mult,max_adjacent_overlap,total_overlap,pointwise_overlap,is_prefill_pareto,is_decode_pareto,source
3,1,2,2,2,2,0,0 23,0 23,-17,-8.500000,-8.500000,0,0,1,1,0,solver
3,1,2,2,2,2,0,0 22,0 22,-16,-8.000000,-8.000000,0,0,1,0,0,solver
3,1,2,2,2,2,0,0 21,0 21,-15,-7.500000,-7.500000,0,0,1,0,0,solver
3,1,2,2,2,2,0,0 20,0 20,-14,-7.000000,-7.000000,0,0,1,0,0,solver
3,1,2,2,2,2,0,0 19,0 19,-13,-6.500000,-6.500000,0,0,1,0,0,solver
3,1,2,2,2,2,0,0 18,0 18,-12,-6.000000,-6.000000,0,0,1,0,0,solver
3,1,2,2,2,2,0,0 17,0 17,-11,-5.500000,-5.500000,0,0,1,0,0,solver
3,1,2,2,2,2,0,0 16,0 16,-10,-5.000000,-5.000000,0,0,1,0,0,solver
3,1,2,2,2,2,0,0 15,0 15,-9,-4.500000,-4.500000,0,0,1,0,0,solver
3,1,2,2,2,2,0,0 14,0 14,-8,-4.000000,-4.000000,0,0,1,0,0,solver
3,1,2,2,2,2,0,0 13,0 13,-7,-3.500000,-3.500000,0,0,1,0,0,solver
3,1,2,2,2,2,0,0 12,0 12,-6,-3.000000,-3.000000,0,0,1,0,0,solver
3,1,2,2,2,2,0,0 11,0 11,-5,-2.500000,-2.500000,0,0,1,0,0,solver
3,1,2,2,2,2,0,0 10,0 10,-4,-2.000000,-2.000000,0,0,1,0,0,solver
3,1,2,2,2,2,0,0 9,0 9,-3,-1.500000,-1.500000,0,0,1,0,0,solver
3,1,2,2,2,2,0,0 8,0 8,-2,-1.000000,-1.000000,0,0,1,0,0,solver
3,1,2,2,2,2,0,0 7,0 7,-1,-0.500000,-0.500000,0,0,1,0,0,solver
3,1,2,2,2,2,0,0 6,0 6,0,0.000000,0.000000,0,0,1,0,0,solver
3,1,2,2,2,2,0,0 5,0 5,1,0.500000,0.500000,1,1,2,0,0,solver
3,1,2,2,2,2,0,0 4,0 4,2,1.000000,1.000000,2,2,2,0,0,solver
3,1,2,2,2,2,0,0 3,0 3,3,1.500000,1.500000,3,3,2,0,0,solver
3,1,3,3,3,2,0,0 11 23,0 11 23,-11,-3.666667,-3.666667,0,0,1,0,1,solver
3,1,3,3,3,2,0,0 11 22,0 11 22,-10,-3.333333,-3.333333,0,0,1,0,0,solver
3,1,3,3,3,2,0,0 10 21,0 10 21,-9,-3.000000,-3.000000,0,0,1,0,0,solver
3,1,3,3,3,2,0,0 10 20,0 10 20,-8,-2.666667,-2.666667,0,0,1,0,0,solver
3,1,3,3,3,2,0,0 9 19,0 9 19,-7,-2.333333,-2.333333,0,0,1,0,0,solver
3,1,3,3,3,2,0,0 9 18,0 9 18,-6,-2.000000,-2.000000,0,0,1,0,0,solver
3,1,3,3,3,2,0,0 8 17,0 8 17,-5,-1.666667,-1.666667,0,0,1,0,0,solver
3,1,3,3,3,2,0,0 8 16,0 8 16,-4,-1.333333,-1.333333,0,0,1,0,0,solver
3,1,3,3,3,2,0,0 7 15,0 7 15,-3,-1.000000,-1.000000,0,0,1,0,0,solver
3,1,3,3,3,2,0,0 7 14,0 7 14,-2,-0.666667,-0.666667,0,0,1,0,0,solver
3,1,3,3,3,2,0,0 6 13,0 6 13,-1,-0.333333,-0.333333,0,0,1,0,0,solver
3,1,3,3,3,2,0,0 6 12,0 6 12,0,0.000000,0.000000,0,0,1,0,0,solver
3,1,3,3,3,2,0,0 5 11,0 5 11,1,0.333333,0.333333,1,1,2,0,0,solver
3,1,3,3,3,2,0,0 5 10,0 5 10,2,0.666667,0.666667,1,2,2,0,0,solver
3,1,3,3,3,2,0,0 4 9,0 4 9,3,1.000000,1.000000,2,3,2,0,0,solver
3,1,3,3,3,2,0,0 4 8,0 4 8,4,1.333333,1.333333,2,4,2,0,0,solver
3,1,3,3,3,2,0,0 3 7,0 3 7,5,1.666667,1.666667,3,5,2,0,0,solver
3,1,3,3,3,2,0,0 3 6,0 3 6,6,2.000000,2.000000,3,6,2,0,0,solver
3,1,4,4,4,2,0,0 7 15 23,0 7 15 23,-5,-1.250000,-1.250000,0,0,1,0,1,solver
3,1,4,4,4,2,0,0 7 14 22,0 7 14 22,-4,-1.000000,-1.000000,0,0,1,0,0,solver
3,1,4,4,4,2,0,0 7 14 21,0 7 14 21,-3,-0.750000,-0.750000,0,0,1,0,0,solver
3,1,4,4,4,2,0,0 6 13 20,0 6 13 20,-2,-0.500000,-0.500000,0,0,1,0,0,solver
3,1,4,4,4,2,0,0 6 12 19,0 6 12 19,-1,-0.250000,-0.250000,0,0,1,0,0,solver
3,1,4,4,4,2,0,0 6 12 18,0 6 12 18,0,0.000000,0.000000,0,0,1,0,0,solver
3,1,4,4,4,2,0,0 5 11 17,0 5 11 17,1,0.250000,0.250000,1,1,2,0,0,solver
3,1,4,4,4,2,0,0 5 10 16,0 5 10 16,2,0.500000,0.500000,1,2,2,0,0,solver
3,1,4,4,4,2,0,0 5 10 15,0 5 10 15,3,0.750000,0.750000,1,3,2,0,0,solver
3,1,4,4,4,2,0,0 4 9 14,0 4 9 14,4,1.000000,1.000000,2,4,2,0,0,solver
3,1,4,4,4,2,0,0 4 8 13,0 4 8 13,5,1.250000,1.250000,2,5,2,0,0,solver
3,1,4,4,4,2,0,0 4 8 12,0 4 8 12,6,1.500000,1.500000,2,6,2,0,0,solver
3,1,4,4,4,2,0,0 3 7 11,0 3 7 11,7,1.750000,1.750000,3,7,2,0,0,solver
3,1,4,4,4,2,0,0 3 6 10,0 3 6 10,8,2.000000,2.000000,3,8,2,0,0,solver
3,1,4,4,4,2,0,0 3 6 9,0 3 6 9,9,2.250000,2.250000,3,9,2,0,0,solver
3,1,5,5,5,2,0,0 5 11 17 23,0 5 11 17 23,1,0.200000,0.200000,1,1,2,0,1,solver
3,1,5,5,5,2,0,0 5 10 16 22,0 5 10 16 22,2,0.400000,0.400000,1,2,2,0,0,solver
3,1,5,5,5,2,0,0 5 10 15 21,0 5 10 15 21,3,0.600000,0.600000,1,3,2,0,0,solver
3,1,5,5,5,2,0,0 5 10 15 20,0 5 10 15 20,4,0.800000,0.800000,1,4,2,0,0,solver
3,1,5,5,5,2,0,0 4 9 14 19,0 4 9 14 19,5,1.000000,1.000000,2,5,2,0,0,solver
3,1,5,5,5,2,0,0 4 8 13 18,0 4 8 13 18,6,1.200000,1.200000,2,6,2,0,0,solver
3,1,5,5,5,2,0,0 4 8 12 17,0 4 8 12 17,7,1.400000,1.400000,2,7,2,0,0,solver
3,1,5,5,5,2,0,0 4 8 12 16,0 4 8 12 16,8,1.600000,1.600000,2,8,2,0,0,solver
3,1,5,5,5,2,0,0 3 7 11 15,0 3 7 11 15,9,1.800000,1.800000,3,9,2,0,0,solver
3,1,5,5,5,2,0,0 3 6 10 14,0 3 6 10 14,10,2.000000,2.000000,3,10,2,0,0,solver
3,1,5,5,5,2,0,0 3 6 9 13,0 3 6 9 13,11,2.200000,2.200000,3,11,2,0,0,solver
3,1,5,5,5,2,0,0 3 6 9 12,0 3 6 9 12,12,2.400000,2.400000,3,12,2,0,0,solver
3,1,6,6,6,2,0,0 4 8 13 18 23,0 4 8 13 18 23,7,1.166667,1.166667,2,7,2,0,1,solver
3,1,6,6,6,2,0,0 4 8 12 17 22,0 4 8 12 17 22,8,1.333333,1.333333,2,8,2,0,0,solver
3,1,6,6,6,2,0,0 4 8 12 16 21,0 4 8 12 16 21,9,1.500000,1.500000,2,9,2,0,0,solver
3,1,6,6,6,2,0,0 4 8 12 16 20,0 4 8 12 16 20,10,1.666667,1.666667,2,10,2,0,0,solver
3,1,6,6,6,2,0,0 3 7 11 15 19,0 3 7 11 15 19,11,1.833333,1.833333,3,11,2,0,0,solver
3,1,6,6,6,2,0,0 3 6 10 14 18,0 3 6 10 14 18,12,2.000000,2.000000,3,12,2,0,0,solver
3,1,6,6,6,2,0,0 3 6 9 13 17,0 3 6 9 13 17,13,2.166667,2.166667,3,13,2,0,0,solver
3,1,6,6,6,2,0,0 3 6 9 12 16,0 3 6 9 12 16,14,2.333333,2.333333,3,14,2,0,0,solver
3,1,6,6,6,2,0,0 3 6 9 12 15,0 3 6 9 12 15,15,2.500000,2.500000,3,15,2,0,0,solver
3,1,7,7,7,2,0,0 3 7 11 15 19 23,0 3 7 11 15 19 23,13,1.857143,1.857143,3,13,2,0,1,solver
3,1,7,7,7,2,0,0 3 6 10 14 18 22,0 3 6 10 14 18 22,14,2.000000,2.000000,3,14,2,0,0,solver
3,1,7,7,7,2,0,0 3 6 9 13 17 21,0 3 6 9 13 17 21,15,2.142857,2.142857,3,15,2,0,0,solver
3,1,7,7,7,2,0,0 3 6 9 12 16 20,0 3 6 9 12 16 20,16,2.285714,2.285714,3,16,2,0,0,solver
3,1,7,7,7,2,0,0 3 6 9 12 15 19,0 3 6 9 12 15 19,17,2.428571,2.428571,3,17,2,0,0,solver
3,1,7,7,7,2,0,0 3 6 9 12 15 18,0 3 6 9 12 15 18,18,2.571429,2.571429,3,18,2,0,0,solver
3,1,8,8,8,2,0,0 3 6 9 12 15 19 23,0 3 6 9 12 15 19 23,19,2.375000,2.375000,3,19,2,0,1,solver
3,1,8,8,8,2,0,0 3 6 9 12 15 18 22,0 3 6 9 12 15 18 22,20,2.500000,2.500000,3,20,2,0,0,solver
3,1,8,8,8,2,0,0 3 6 9 12 15 18 21,0 3 6 9 12 15 18 21,21,2.625000,2.625000,3,21,2,0,0,solver
3,2,1,2,1,2,0 14,0,0 14,-8,-4.000000,-8.000000,0,0,1,0,0,solver
3,2,1,2,1,2,0 13,0,0 13,-7,-3.500000,-7.000000,0,0,1,0,0,solver
3,2,1,2,1,2,0 12,0,0 12,-6,-3.000000,-6.000000,0,0,1,0,0,solver
3,2,1,2,1,2,0 11,0,0 11,-5,-2.500000,-5.000000,0,0,1,0,0,solver
3,2,1,2,1,2,0 10,0,0 10,-4,-2.000000,-4.000000,0,0,1,0,0,solver
3,2,1,2,1,2,0 9,0,0 9,-3,-1.500000,-3.000000,0,0,1,0,0,solver
3,2,1,2,1,2,0 8,0,0 8,-2,-1.000000,-2.000000,0,0,1,0,0,solver
3,2,1,2,1,2,0 7,0,0 7,-1,-0.500000,-1.000000,0,0,1,0,0,solver
3,2,1,2,1,2,0 6,0,0 6,0,0.000000,0.000000,0,0,1,0,0,solver
3,2,1,2,1,2,0 5,0,0 5,1,0.500000,1.000000,1,1,2,0,0,solver
3,2,1,2,1,2,0 4,0,0 4,2,1.000000,2.000000,2,2,2,0,0,solver
3,2,1,2,1,2,0 3,0,0 3,3,1.500000,3.000000,3,3,2,0,0,solver
3,2,2,4,2,2,0 14,0 23,0 14 23 37,-19,-4.750000,-9.500000,0,0,1,1,1,solver
3,2,2,4,2,2,0 14,0 22,0 14 22 36,-18,-4.500000,-9.000000,0,0,1,0,0,solver
3,2,2,4,2,2,0 14,0 21,0 14 21 35,-17,-4.250000,-8.500000,0,0,1,0,0,solver
3,2,2,4,2,2,0 14,0 20,0 14 20 34,-16,-4.000000,-8.000000,0,0,1,0,0,solver
3,2,2,4,2,2,0 14,0 19,0 14 19 33,-15,-3.750000,-7.500000,1,1,2,0,0,solver
3,2,2,4,2,2,0 14,0 18,0 14 18 32,-14,-3.500000,-7.000000,2,2,2,0,0,solver
3,2,2,4,2,2,0 14,0 17,0 14 17 31,-13,-3.250000,-6.500000,3,3,2,0,0,solver
3,2,2,4,2,2,0 14,0 11,0 11 14 25,-7,-1.750000,-3.500000,3,3,2,0,0,solver
3,2,2,4,2,2,0 14,0 10,0 10 14 24,-6,-1.500000,-3.000000,2,2,2,0,0,solver
3,2,2,4,2,2,0 14,0 9,0 9 14 23,-5,-1.250000,-2.500000,1,1,2,0,0,solver
3,2,2,4,2,2,0 14,0 8,0 8 14 22,-4,-1.000000,-2.000000,0,0,1,0,0,solver
3,2,2,4,2,2,0 14,0 7,0 7 14 21,-3,-0.750000,-1.500000,0,0,1,0,0,solver
3,2,2,4,2,2,0 14,0 6,0 6 14 20,-2,-0.500000,-1.000000,0,0,1,0,0,solver
3,2,2,4,2,2,0 14,0 5,0 5 14 19,-1,-0.250000,-0.500000,1,2,2,0,0,solver
3,2,2,4,2,2,0 14,0 4,0 4 14 18,0,0.000000,0.000000,2,4,2,0,0,solver
3,2,2,4,2,2,0 14,0 3,0 3 14 17,1,0.250000,0.500000,3,6,2,0,0,solver
3,2,2,4,2,2,0 13,0 23,0 13 23 36,-18,-4.500000,-9.000000,0,0,1,0,0,solver
3,2,2,4,2,2,0 13,0 22,0 13 22 35,-17,-4.250000,-8.500000,0,0,1,0,0,solver
3,2,2,4,2,2,0 13,0 21,0 13 21 34,-16,-4.000000,-8.000000,0,0,1,0,0,solver
3,2,2,4,2,2,0 13,0 20,0 13 20 33,-15,-3.750000,-7.500000,0,0,1,0,0,solver
3,2,2,4,2,2,0 13,0 19,0 13 19 32,-14,-3.500000,-7.000000,0,0,1,0,0,solver
3,2,2,4,2,2,0 13,0 18,0 13 18 31,-13,-3.250000,-6.500000,1,1,2,0,0,solver
3,2,2,4,2,2,0 13,0 17,0 13 17 30,-12,-3.000000,-6.000000,2,2,2,0,0,solver
3,2,2,4,2,2,0 13,0 16,0 13 16 29,-11,-2.750000,-5.500000,3,3,2,0,0,solver
3,2,2,4,2,2,0 13,0 10,0 10 13 23,-5,-1.250000,-2.500000,3,3,2,0,0,solver
3,2,2,4,2,2,0 13,0 9,0 9 13 22,-4,-1.000000,-2.000000,2,2,2,0,0,solver
3,2,2,4,2,2,0 13,0 8,0 8 13 21,-3,-0.750000,-1.500000,1,1,2,0,0,solver
3,2,2,4,2,2,0 13,0 7,0 7 13 20,-2,-0.500000,-1.000000,0,0,1,0,0,solver
3,2,2,4,2,2,0 13,0 6,0 6 13 19,-1,-0.250000,-0.500000,0,0,1,0,0,solver
3,2,2,4,2,2,0 13,0 5,0 5 13 18,0,0.000000,0.000000,1,2,2,0,0,solver
3,2,2,4,2,2,0 13,0 4,0 4 13 17,1,0.250000,0.500000,2,4,2,0,0,solver
3,2,2,4,2,2,0 13,0 3,0 3 13 16,2,0.500000,1.000000,3,6,2,0,0,solver
3,2,2,4,2,2,0 12,0 23,0 12 23 35,-17,-4.250000,-8.500000,0,0,1,0,0,solver
3,2,2,4,2,2,0 12,0 22,0 12 22 34,-16,-4.000000,-8.000000,0,0,1,0,0,solver
3,2,2,4,2,2,0 12,0 21,0 12 21 33,-15,-3.750000,-7.500000,0,0,1,0,0,solver
3,2,2,4,2,2,0 12,0 20,0 12 20 32,-14,-3.500000,-7.000000,0,0,1,0,0,solver
3,2,2,4,2,2,0 12,0 19,0 12 19 31,-13,-3.250000,-6.500000,0,0,1,0,0,solver
3,2,2,4,2,2,0 12,0 18,0 12 18 30,-12,-3.000000,-6.000000,0,0,1,0,0,solver
3,2,2,4,2,2,0 12,0 17,0 12 17 29,-11,-2.750000,-5.500000,1,1,2,0,0,solver
3,2,2,4,2,2,0 12,0 16,0 12 16 28,-10,-2.500000,-5.000000,2,2,2,0,0,solver
3,2,2,4,2,2,0 12,0 15,0 12 15 27,-9,-2.250000,-4.500000,3,3,2,0,0,solver
3,2,2,4,2,2,0 12,0 9,0 9 12 21,-3,-0.750000,-1.500000,3,3,2,0,0,solver
3,2,2,4,2,2,0 12,0 8,0 8 12 20,-2,-0.500000,-1.000000,2,2,2,0,0,solver
3,2,2,4,2,2,0 12,0 7,0 7 12 19,-1,-0.250000,-0.500000,1,1,2,0,0,solver
3,2,2,4,2,2,0 12,0 6,0 6 12 18,0,0.000000,0.000000,0,0,1,0,0,solver
3,2,2,4,2,2,0 12,0 5,0 5 12 17,1,0.250000,0.500000,1,2,2,0,0,solver
3,2,2,4,2,2,0 12,0 4,0 4 12 16,2,0.500000,1.000000,2,4,2,0,0,solver
3,2,2,4,2,2,0 12,0 3,0 3 12 15,3,0.750000,1.500000,3,6,2,0,0,solver
3,2,2,4,2,2,0 11,0 23,0 11 23 34,-16,-4.000000,-8.000000,0,0,1,0,0,solver
3,2,2,4,2,2,0 11,0 22,0 11 22 33,-15,-3.750000,-7.500000,0,0,1,0,0,solver
3,2,2,4,2,2,0 11,0 21,0 11 21 32,-14,-3.500000,-7.000000,0,0,1,0,0,solver
3,2,2,4,2,2,0 11,0 20,0 11 20 31,-13,-3.250000,-6.500000,0,0,1,0,0,solver
3,2,2,4,2,2,0 11,0 19,0 11 19 30,-12,-3.000000,-6.000000,0,0,1,0,0,solver
3,2,2,4,2,2,0 11,0 18,0 11 18 29,-11,-2.750000,-5.500000,0,0,1,0,0,solver
3,2,2,4,2,2,0 11,0 17,0 11 17 28,-10,-2.500000,-5.000000,0,0,1,0,0,solver
3,2,2,4,2,2,0 11,0 16,0 11 16 27,-9,-2.250000,-4.500000,1,1,2,0,0,solver
3,2,2,4,2,2,0 11,0 15,0 11 15 26,-8,-2.000000,-4.000000,2,2,2,0,0,solver
3,2,2,4,2,2,0 11,0 14,0 11 14 25,-7,-1.750000,-3.500000,3,3,2,0,0,solver
3,2,2,4,2,2,0 11,0 8,0 8 11 19,-1,-0.250000,-0.500000,3,3,2,0,0,solver
3,2,2,4,2,2,0 11,0 7,0 7 11 18,0,0.000000,0.000000,2,2,2,0,0,solver
3,2,2,4,2,2,0 11,0 6,0 6 11 17,1,0.250000,0.500000,1,1,2,0,0,solver
3,2,2,4,2,2,0 11,0 5,0 5 11 16,2,0.500000,1.000000,1,2,2,0,0,solver
3,2,2,4,2,2,0 11,0 4,0 4 11 15,3,0.750000,1.500000,2,4,2,0,0,solver
3,2,2,4,2,2,0 11,0 3,0 3 11 14,4,1.000000,2.000000,3,6,2,0,0,solver
3,2,2,4,2,2,0 10,0 23,0 10 23 33,-15,-3.750000,-7.500000,0,0,1,0,0,solver
3,2,2,4,2,2,0 10,0 22,0 10 22 32,-14,-3.500000,-7.000000,0,0,1,0,0,solver
3,2,2,4,2,2,0 10,0 21,0 10 21 31,-13,-3.250000,-6.500000,0,0,1,0,0,solver
3,2,2,4,2,2,0 10,0 20,0 10 20 30,-12,-3.000000,-6.000000,0,0,1,0,0,solver
3,2,2,4,2,2,0 10,0 19,0 10 19 29,-11,-2.750000,-5.500000,0,0,1,0,0,solver
3,2,2,4,2,2,0 10,0 18,0 10 18 28,-10,-2.500000,-5.000000,0,0,1,0,0,solver
3,2,2,4,2,2,0 10,0 17,0 10 17 27,-9,-2.250000,-4.500000,0,0,1,0,0,solver
3,2,2,4,2,2,0 10,0 16,0 10 16 26,-8,-2.000000,-4.000000,0,0,1,0,0,solver
3,2,2,4,2,2,0 10,0 15,0 10 15 25,-7,-1.750000,-3.500000,1,1,2,0,0,solver
3,2,2,4,2,2,0 10,0 14,0 10 14 24,-6,-1.500000,-3.000000,2,2,2,0,0,solver
3,2,2,4,2,2,0 10,0 13,0 10 13 23,-5,-1.250000,-2.500000,3,3,2,0,0,solver
3,2,2,4,2,2,0 10,0 7,0 7 10 17,1,0.250000,0.500000,3,3,2,0,0,solver
3,2,2,4,2,2,0 10,0 6,0 6 10 16,2,0.500000,1.000000,2,2,2,0,0,solver
3,2,2,4,2,2,0 10,0 5,0 5 10 15,3,0.750000,1.500000,1,3,2,0,0,solver
3,2,2,4,2,2,0 10,0 4,0 4 10 14,4,1.000000,2.000000,2,4,2,0,0,solver
3,2,2,4,2,2,0 10,0 3,0 3 10 13,5,1.250000,2.500000,3,6,2,0,0,solver
3,2,2,4,2,2,0 9,0 23,0 9 23 32,-14,-3.500000,-7.000000,0,0,1,0,0,solver
3,2,2,4,2,2,0 9,0 22,0 9 22 31,-13,-3.250000,-6.500000,0,0,1,0,0,solver
3,2,2,4,2,2,0 9,0 21,0 9 21 30,-12,-3.000000,-6.000000,0,0,1,0,0,solver
3,2,2,4,2,2,0 9,0 20,0 9 20 29,-11,-2.750000,-5.500000,0,0,1,0,0,solver
3,2,2,4,2,2,0 9,0 19,0 9 19 28,-10,-2.500000,-5.000000,0,0,1,0,0,solver
3,2,2,4,2,2,0 9,0 18,0 9 18 27,-9,-2.250000,-4.500000,0,0,1,0,0,solver
3,2,2,4,2,2,0 9,0 17,0 9 17 26,-8,-2.000000,-4.000000,0,0,1,0,0,solver
3,2,2,4,2,2,0 9,0 16,0 9 16 25,-7,-1.750000,-3.500000,0,0,1,0,0,solver
3,2,2,4,2,2,0 9,0 15,0 9 15 24,-6,-1.500000,-3.000000,0,0,1,0,0,solver
3,2,2,4,2,2,0 9,0 14,0 9 14 23,-5,-1.250000,-2.500000,1,1,2,0,0,solver
3,2,2,4,2,2,0 9,0 13,0 9 13 22,-4,-1.000000,-2.000000,2,2,2,0,0,solver
3,2,2,4,2,2,0 9,0 12,0 9 12 21,-3,-0.750000,-1.500000,3,3,2,0,0,solver
3,2,2,4,2,2,0 9,0 6,0 6 9 15,3,0.750000,1.500000,3,3,2,0,0,solver
3,2,2,4,2,2,0 9,0 5,0 5 9 14,4,1.000000,2.000000,2,4,2,0,0,solver
3,2,2,4,2,2,0 9,0 4,0 4 9 13,5,1.250000,2.500000,2,5,2,0,0,solver
3,2,2,4,2,2,0 9,0 3,0 3 9 12,6,1.500000,3.000000,3,6,2,0,0,solver
3,2,2,4,2,2,0 8,0 23,0 8 23 31,-13,-3.250000,-6.500000,0,0,1,0,0,solver
3,2,2,4,2,2,0 8,0 22,0 8 22 30,-12,-3.000000,-6.000000,0,0,1,0,0,solver
3,2,2,4,2,2,0 8,0 21,0 8 21 29,-11,-2.750000,-5.500000,0,0,1,0,0,solver
3,2,2,4,2,2,0 8,0 20,0 8 20 28,-10,-2.500000,-5.000000,0,0,1,0,0,solver
3,2,2,4,2,2,0 8,0 19,0 8 19 27,-9,-2.250000,-4.500000,0,0,1,0,0,solver
3,2,2,4,2,2,0 8,0 18,0 8 18 26,-8,-2.000000,-4.000000,0,0,1,0,0,solver
3,2,2,4,2,2,0 8,0 17,0 8 17 25,-7,-1.750000,-3.500000,0,0,1,0,0,solver
3,2,2,4,2,2,0 8,0 16,0 8 16 24,-6,-1.500000,-3.000000,0,0,1,0,0,solver
3,2,2,4,2,2,0 8,0 15,0 8 15 23,-5,-1.250000,-2.500000,0,0,1,0,0,solver
3,2,2,4,2,2,0 8,0 14,0 8 14 22,-4,-1.000000,-2.000000,0,0,1,0,0,solver
3,2,2,4,2,2,0 8,0 13,0 8 13 21,-3,-0.750000,-1.500000,1,1,2,0,0,solver
3,2,2,4,2,2,0 8,0 12,0 8 12 20,-2,-0.500000,-1.000000,2,2,2,0,0,solver
3,2,2,4,2,2,0 8,0 11,0 8 11 19,-1,-0.250000,-0.500000,3,3,2,0,0,solver
3,2,2,4,2,2,0 8,0 5,0 5 8 13,5,1.250000,2.500000,3,5,2,0,0,solver
3,2,2,4,2,2,0 8,0 4,0 4 8 12,6,1.500000,3.000000,2,6,2,0,0,solver
3,2,2,4,2,2,0 8,0 3,0 3 8 11,7,1.750000,3.500000,3,7,2,0,0,solver
3,2,2,4,2,2,0 7,0 23,0 7 23 30,-12,-3.000000,-6.000000,0,0,1,0,0,solver
3,2,2,4,2,2,0 7,0 22,0 7 22 29,-11,-2.750000,-5.500000,0,0,1,0,0,solver
3,2,2,4,2,2,0 7,0 21,0 7 21 28,-10,-2.500000,-5.000000,0,0,1,0,0,solver
3,2,2,4,2,2,0 7,0 20,0 7 20 27,-9,-2.250000,-4.500000,0,0,1,0,0,solver
3,2,2,4,2,2,0 7,0 19,0 7 19 26,-8,-2.000000,-4.000000,0,0,1,0,0,solver
3,2,2,4,2,2,0 7,0 18,0 7 18 25,-7,-1.750000,-3.500000,0,0,1,0,0,solver
3,2,2,4,2,2,0 7,0 17,0 7 17 24,-6,-1.500000,-3.000000,0,0,1,0,0,solver
3,2,2,4,2,2,0 7,0 16,0 7 16 23,-5,-1.250000,-2.500000,0,0,1,0,0,solver
3,2,2,4,2,2,0 7,0 15,0 7 15 22,-4,-1.000000,-2.000000,0,0,1,0,0,solver
3,2,2,4,2,2,0 7,0 14,0 7 14 21,-3,-0.750000,-1.500000,0,0,1,0,0,solver
3,2,2,4,2,2,0 7,0 13,0 7 13 20,-2,-0.500000,-1.000000,0,0,1,0,0,solver
3,2,2,4,2,2,0 7,0 12,0 7 12 19,-1,-0.250000,-0.500000,1,1,2,0,0,solver
3,2,2,4,2,2,0 7,0 11,0 7 11 18,0,0.000000,0.000000,2,2,2,0,0,solver
3,2,2,4,2,2,0 7,0 10,0 7 10 17,1,0.250000,0.500000,3,3,2,0,0,solver
3,2,2,4,2,2,0 7,0 4,0 4 7 11,7,1.750000,3.500000,3,7,2,0,0,solver
3,2,2,4,2,2,0 7,0 3,0 3 7 10,8,2.000000,4.000000,3,8,2,0,0,solver
3,2,2,4,2,2,0 6,0 23,0 6 23 29,-11,-2.750000,-5.500000,0,0,1,0,0,solver
3,2,2,4,2,2,0 6,0 22,0 6 22 28,-10,-2.500000,-5.000000,0,0,1,0,0,solver
3,2,2,4,2,2,0 6,0 21,0 6 21 27,-9,-2.250000,-4.500000,0,0,1,0,0,solver
3,2,2,4,2,2,0 6,0 20,0 6 20 26,-8,-2.000000,-4.000000,0,0,1,0,0,solver
3,2,2,4,2,2,0 6,0 19,0 6 19 25,-7,-1.750000,-3.500000,0,0,1,0,0,solver
3,2,2,4,2,2,0 6,0 18,0 6 18 24,-6,-1.500000,-3.000000,0,0,1,0,0,solver
3,2,2,4,2,2,0 6,0 17,0 6 17 23,-5,-1.250000,-2.500000,0,0,1,0,0,solver
3,2,2,4,2,2,0 6,0 16,0 6 16 22,-4,-1.000000,-2.000000,0,0,1,0,0,solver
3,2,2,4,2,2,0 6,0 15,0 6 15 21,-3,-0.750000,-1.500000,0,0,1,0,0,solver
3,2,2,4,2,2,0 6,0 14,0 6 14 20,-2,-0.500000,-1.000000,0,0,1,0,0,solver
3,2,2,4,2,2,0 6,0 13,0 6 13 19,-1,-0.250000,-0.500000,0,0,1,0,0,solver
3,2,2,4,2,2,0 6,0 12,0 6 12 18,0,0.000000,0.000000,0,0,1,0,0,solver
3,2,2,4,2,2,0 6,0 11,0 6 11 17,1,0.250000,0.500000,1,1,2,0,0,solver
3,2,2,4,2,2,0 6,0 10,0 6 10 16,2,0.500000,1.000000,2,2,2,0,0,solver
3,2,2,4,2,2,0 6,0 9,0 6 9 15,3,0.750000,1.500000,3,3,2,0,0,solver
3,2,2,4,2,2,0 6,0 3,0 3 6 9,9,2.250000,4.500000,3,9,2,0,0,solver
3,2,2,4,2,2,0 5,0 23,0 5 23 28,-10,-2.500000,-5.000000,1,2,2,0,0,solver
3,2,2,4,2,2,0 5,0 22,0 5 22 27,-9,-2.250000,-4.500000,1,2,2,0,0,solver
3,2,2,4,2,2,0 5,0 21,0 5 21 26,-8,-2.000000,-4.000000,1,2,2,0,0,solver
3,2,2,4,2,2,0 5,0 20,0 5 20 25,-7,-1.750000,-3.500000,1,2,2,0,0,solver
3,2,2,4,2,2,0 5,0 19,0 5 19 24,-6,-1.500000,-3.000000,1,2,2,0,0,solver
3,2,2,4,2,2,0 5,0 18,0 5 18 23,-5,-1.250000,-2.500000,1,2,2,0,0,solver
3,2,2,4,2,2,0 5,0 17,0 5 17 22,-4,-1.000000,-2.000000,1,2,2,0,0,solver
3,2,2,4,2,2,0 5,0 16,0 5 16 21,-3,-0.750000,-1.500000,1,2,2,0,0,solver
3,2,2,4,2,2,0 5,0 15,0 5 15 20,-2,-0.500000,-1.000000,1,2,2,0,0,solver
3,2,2,4,2,2,0 5,0 14,0 5 14 19,-1,-0.250000,-0.500000,1,2,2,0,0,solver
3,2,2,4,2,2,0 5,0 13,0 5 13 18,0,0.000000,0.000000,1,2,2,0,0,solver
3,2,2,4,2,2,0 5,0 12,0 5 12 17,1,0.250000,0.500000,1,2,2,0,0,solver
3,2,2,4,2,2,0 5,0 11,0 5 11 16,2,0.500000,1.000000,1,2,2,0,0,solver
3,2,2,4,2,2,0 5,0 10,0 5 10 15,3,0.750000,1.500000,1,3,2,0,0,solver
3,2,2,4,2,2,0 5,0 9,0 5 9 14,4,1.000000,2.000000,2,4,2,0,0,solver
3,2,2,4,2,2,0 5,0 8,0 5 8 13,5,1.250000,2.500000,3,5,2,0,0,solver
3,2,2,4,2,2,0 4,0 23,0 4 23 27,-9,-2.250000,-4.500000,2,4,2,0,0,solver
3,2,2,4,2,2,0 4,0 22,0 4 22 26,-8,-2.000000,-4.000000,2,4,2,0,0,solver
3,2,2,4,2,2,0 4,0 21,0 4 21 25,-7,-1.750000,-3.500000,2,4,2,0,0,solver
3,2,2,4,2,2,0 4,0 20,0 4 20 24,-6,-1.500000,-3.000000,2,4,2,0,0,solver
3,2,2,4,2,2,0 4,0 19,0 4 19 23,-5,-1.250000,-2.500000,2,4,2,0,0,solver
3,2,2,4,2,2,0 4,0 18,0 4 18 22,-4,-1.000000,-2.000000,2,4,2,0,0,solver
3,2,2,4,2,2,0 4,0 17,0 4 17 21,-3,-0.750000,-1.500000,2,4,2,0,0,solver
3,2,2,4,2,2,0 4,0 16,0 4 16 20,-2,-0.500000,-1.000000,2,4,2,0,0,solver
3,2,2,4,2,2,0 4,0 15,0 4 15 19,-1,-0.250000,-0.500000,2,4,2,0,0,solver
3,2,2,4,2,2,0 4,0 14,0 4 14 18,0,0.000000,0.000000,2,4,2,0,0,solver
3,2,2,4,2,2,0 4,0 13,0 4 13 17,1,0.250000,0.500000,2,4,2,0,0,solver
3,2,2,4,2,2,0 4,0 12,0 4 12 16,2,0.500000,1.000000,2,4,2,0,0,solver
3,2,2,4,2,2,0 4,0 11,0 4 11 15,3,0.750000,1.500000,2,4,2,0,0,solver
3,2,2,4,2,2,0 4,0 10,0 4 10 14,4,1.000000,2.000000,2,4,2,0,0,solver
3,2,2,4,2,2,0 4,0 9,0 4 9 13,5,1.250000,2.500000,2,5,2,0,0,solver
3,2,2,4,2,2,0 4,0 8,0 4 8 12,6,1.500000,3.000000,2,6,2,0,0,solver
3,2,2,4,2,2,0 4,0 7,0 4 7 11,7,1.750000,3.500000,3,7,2,0,0,solver
3,2,2,4,2,2,0 3,0 23,0 3 23 26,-8,-2.000000,-4.000000,3,6,2,0,0,solver
3,2,2,4,2,2,0 3,0 22,0 3 22 25,-7,-1.750000,-3.500000,3,6,2,0,0,solver
3,2,2,4,2,2,0 3,0 21,0 3 21 24,-6,-1.500000,-3.000000,3,6,2,0,0,solver
3,2,2,4,2,2,0 3,0 20,0 3 20 23,-5,-1.250000,-2.500000,3,6,2,0,0,solver
3,2,2,4,2,2,0 3,0 19,0 3 19 22,-4,-1.000000,-2.000000,3,6,2,0,0,solver
3,2,2,4,2,2,0 3,0 18,0 3 18 21,-3,-0.750000,-1.500000,3,6,2,0,0,solver
3,2,2,4,2,2,0 3,0 17,0 3 17 20,-2,-0.500000,-1.000000,3,6,2,0,0,solver
3,2,2,4,2,2,0 3,0 16,0 3 16 19,-1,-0.250000,-0.500000,3,6,2,0,0,solver
3,2,2,4,2,2,0 3,0 15,0 3 15 18,0,0.000000,0.000000,3,6,2,0,0,solver
3,2,2,4,2,2,0 3,0 14,0 3 14 17,1,0.250000,0.500000,3,6,2,0,0,solver
3,2,2,4,2,2,0 3,0 13,0 3 13 16,2,0.500000,1.000000,3,6,2,0,0,solver
3,2,2,4,2,2,0 3,0 12,0 3 12 15,3,0.750000,1.500000,3,6,2,0,0,solver
3,2,2,4,2,2,0 3,0 11,0 3 11 14,4,1.000000,2.000000,3,6,2,0,0,solver
3,2,2,4,2,2,0 3,0 10,0 3 10 13,5,1.250000,2.500000,3,6,2,0,0,solver
3,2,2,4,2,2,0 3,0 9,0 3 9 12,6,1.500000,3.000000,3,6,2,0,0,solver
3,2,2,4,2,2,0 3,0 8,0 3 8 11,7,1.750000,3.500000,3,7,2,0,0,solver
3,2,2,4,2,2,0 3,0 7,0 3 7 10,8,2.000000,4.000000,3,8,2,0,0,solver
3,2,2,4,2,2,0 3,0 6,0 3 6 9,9,2.250000,4.500000,3,9,2,0,0,solver
3,2,3,6,3,2,0 14,0 11 22,0 11 14 22 25 36,-6,-1.000000,-2.000000,3,6,2,0,0,solver
3,2,3,6,3,2,0 14,0 10 21,0 10 14 21 24 35,-5,-0.833333,-1.666667,3,5,2,0,0,solver
3,2,3,6,3,2,0 14,0 10 20,0 10 14 20 24 34,-4,-0.666667,-1.333333,2,4,2,0,0,solver
3,2,3,6,3,2,0 14,0 9 19,0 9 14 19 23 33,-3,-0.500000,-1.000000,2,4,2,0,0,solver
3,2,3,6,3,2,0 14,0 9 18,0 9 14 18 23 32,-2,-0.333333,-0.666667,2,4,2,0,0,solver
3,2,3,6,3,2,0 14,0 8 17,0 8 14 17 22 31,-1,-0.166667,-0.333333,3,4,2,0,0,solver
3,2,3,6,3,2,0 14,0 5 11,0 5 11 14 19 25,5,0.833333,1.666667,3,5,2,0,0,solver
3,2,3,6,3,2,0 14,0 5 10,0 5 10 14 19 24,6,1.000000,2.000000,2,6,2,0,0,solver
3,2,3,6,3,2,0 14,0 4 9,0 4 9 14 18 23,7,1.166667,2.333333,2,7,2,0,0,solver
3,2,3,6,3,2,0 14,0 4 8,0 4 8 14 18 22,8,1.333333,2.666667,2,8,2,0,0,solver
3,2,3,6,3,2,0 14,0 3 7,0 3 7 14 17 21,9,1.500000,3.000000,3,10,2,0,0,solver
3,2,3,6,3,2,0 14,0 3 6,0 3 6 14 17 20,10,1.666667,3.333333,3,12,2,0,0,solver
3,2,3,6,3,2,0 13,0 10 20,0 10 13 20 23 33,-3,-0.500000,-1.000000,3,6,2,0,0,solver
3,2,3,6,3,2,0 13,0 9 19,0 9 13 19 22 32,-2,-0.333333,-0.666667,3,5,2,0,0,solver
3,2,3,6,3,2,0 13,0 9 18,0 9 13 18 22 31,-1,-0.166667,-0.333333,2,5,2,0,0,solver
3,2,3,6,3,2,0 13,0 8 17,0 8 13 17 21 30,0,0.000000,0.000000,2,5,2,0,0,solver
3,2,3,6,3,2,0 13,0 8 16,0 8 13 16 21 29,1,0.166667,0.333333,3,5,2,0,0,solver
3,2,3,6,3,2,0 13,0 5 10,0 5 10 13 18 23,7,1.166667,2.333333,3,7,2,0,0,solver
3,2,3,6,3,2,0 13,0 4 9,0 4 9 13 17 22,8,1.333333,2.666667,2,8,2,0,0,solver
3,2,3,6,3,2,0 13,0 4 8,0 4 8 13 17 21,9,1.500000,3.000000,2,9,2,0,0,solver
3,2,3,6,3,2,0 13,0 3 7,0 3 7 13 16 20,10,1.666667,3.333333,3,10,2,0,0,solver
3,2,3,6,3,2,0 13,0 3 6,0 3 6 13 16 19,11,1.833333,3.666667,3,12,2,0,0,solver
3,2,3,6,3,2,0 12,0 9 18,0 9 12 18 21 30,0,0.000000,0.000000,3,6,2,0,0,solver
3,2,3,6,3,2,0 12,0 8 17,0 8 12 17 20 29,1,0.166667,0.333333,3,6,2,0,0,solver
3,2,3,6,3,2,0 12,0 8 16,0 8 12 16 20 28,2,0.333333,0.666667,2,6,2,0,0,solver
3,2,3,6,3,2,0 12,0 7 15,0 7 12 15 19 27,3,0.500000,1.000000,3,6,2,0,0,solver
3,2,3,6,3,2,0 12,0 4 9,0 4 9 12 16 21,9,1.500000,3.000000,3,9,2,0,0,solver
3,2,3,6,3,2,0 12,0 4 8,0 4 8 12 16 20,10,1.666667,3.333333,2,10,2,0,0,solver
3,2,3,6,3,2,0 12,0 3 7,0 3 7 12 15 19,11,1.833333,3.666667,3,11,2,0,0,solver
3,2,3,6,3,2,0 12,0 3 6,0 3 6 12 15 18,12,2.000000,4.000000,3,12,2,0,0,solver
3,2,3,6,3,2,0 11,0 8 16,0 8 11 16 19 27,3,0.500000,1.000000,3,7,2,0,0,solver
3,2,3,6,3,2,0 11,0 7 15,0 7 11 15 18 26,4,0.666667,1.333333,3,7,2,0,0,solver
3,2,3,6,3,2,0 11,0 7 14,0 7 11 14 18 25,5,0.833333,1.666667,3,7,2,0,0,solver
3,2,3,6,3,2,0 11,0 4 8,0 4 8 11 15 19,11,1.833333,3.666667,3,11,2,0,0,solver
3,2,3,6,3,2,0 11,0 3 7,0 3 7 11 14 18,12,2.000000,4.000000,3,12,2,0,0,solver
3,2,3,6,3,2,0 11,0 3 6,0 3 6 11 14 17,13,2.166667,4.333333,3,13,2,0,0,solver
3,2,3,6,3,2,0 10,0 7 14,0 7 10 14 17 24,6,1.000000,2.000000,3,8,2,0,0,solver
3,2,3,6,3,2,0 10,0 6 13,0 6 10 13 16 23,7,1.166667,2.333333,3,8,2,0,0,solver
3,2,3,6,3,2,0 10,0 3 7,0 3 7 10 13 17,13,2.166667,4.333333,3,13,2,0,0,solver
3,2,3,6,3,2,0 10,0 3 6,0 3 6 10 13 16,14,2.333333,4.666667,3,14,2,0,0,solver
3,2,3,6,3,2,0 9,0 6 12,0 6 9 12 15 21,9,1.500000,3.000000,3,9,2,0,0,solver
3,2,3,6,3,2,0 9,0 3 6,0 3 6 9 12 15,15,2.500000,5.000000,3,15,2,0,0,solver
3,2,3,6,3,2,0 8,0 11 23,0 8 11 19 23 31,-1,-0.166667,-0.333333,3,5,2,0,0,solver
3,2,3,6,3,2,0 8,0 11 22,0 8 11 19 22 30,0,0.000000,0.000000,3,6,2,0,0,solver
3,2,3,6,3,2,0 7,0 11 23,0 7 11 18 23 30,0,0.000000,0.000000,2,3,2,0,0,solver
3,2,3,6,3,2,0 7,0 11 22,0 7 11 18 22 29,1,0.166667,0.333333,2,4,2,0,0,solver
3,2,3,6,3,2,0 7,0 10 21,0 7 10 17 21 28,2,0.333333,0.666667,3,5,2,0,0,solver
3,2,3,6,3,2,0 7,0 10 20,0 7 10 17 20 27,3,0.500000,1.000000,3,6,2,0,0,solver
3,2,3,6,3,2,0 6,0 11 23,0 6 11 17 23 29,1,0.166667,0.333333,1,1,2,0,0,solver
3,2,3,6,3,2,0 6,0 11 22,0 6 11 17 22 28,2,0.333333,0.666667,1,2,2,0,0,solver
3,2,3,6,3,2,0 6,0 10 21,0 6 10 16 21 27,3,0.500000,1.000000,2,3,2,0,0,solver
3,2,3,6,3,2,0 6,0 10 20,0 6 10 16 20 26,4,0.666667,1.333333,2,4,2,0,0,solver
3,2,3,6,3,2,0 6,0 9 19,0 6 9 15 19 25,5,0.833333,1.666667,3,5,2,0,0,solver
3,2,3,6,3,2,0 6,0 9 18,0 6 9 15 18 24,6,1.000000,2.000000,3,6,2,0,0,solver
3,2,3,6,3,2,0 5,0 11 23,0 5 11 16 23 28,2,0.333333,0.666667,1,3,2,0,0,solver
3,2,3,6,3,2,0 5,0 11 22,0 5 11 16 22 27,3,0.500000,1.000000,1,3,2,0,0,solver
3,2,3,6,3,2,0 5,0 10 21,0 5 10 15 21 26,4,0.666667,1.333333,1,4,2,0,0,solver
3,2,3,6,3,2,0 5,0 10 20,0 5 10 15 20 25,5,0.833333,1.666667,1,5,2,0,0,solver
3,2,3,6,3,2,0 5,0 9 19,0 5 9 14 19 24,6,1.000000,2.000000,2,6,2,0,0,solver
3,2,3,6,3,2,0 5,0 9 18,0 5 9 14 18 23,7,1.166667,2.333333,2,7,2,0,0,solver
3,2,3,6,3,2,0 5,0 8 17,0 5 8 13 17 22,8,1.333333,2.666667,3,8,2,0,0,solver
3,2,3,6,3,2,0 5,0 8 16,0 5 8 13 16 21,9,1.500000,3.000000,3,9,2,0,0,solver
3,2,3,6,3,2,0 4,0 11 23,0 4 11 15 23 27,3,0.500000,1.000000,2,6,2,0,0,solver
3,2,3,6,3,2,0 4,0 11 22,0 4 11 15 22 26,4,0.666667,1.333333,2,6,2,0,0,solver
3,2,3,6,3,2,0 4,0 10 21,0 4 10 14 21 25,5,0.833333,1.666667,2,6,2,0,0,solver
3,2,3,6,3,2,0 4,0 10 20,0 4 10 14 20 24,6,1.000000,2.000000,2,6,2,0,0,solver
3,2,3,6,3,2,0 4,0 9 19,0 4 9 13 19 23,7,1.166667,2.333333,2,7,2,0,0,solver
3,2,3,6,3,2,0 4,0 9 18,0 4 9 13 18 22,8,1.333333,2.666667,2,8,2,0,0,solver
3,2,3,6,3,2,0 4,0 8 17,0 4 8 12 17 21,9,1.500000,3.000000,2,9,2,0,0,solver
3,2,3,6,3,2,0 4,0 8 16,0 4 8 12 16 20,10,1.666667,3.333333,2,10,2,0,0,solver
3,2,3,6,3,2,0 4,0 7 15,0 4 7 11 15 19,11,1.833333,3.666667,3,11,2,0,0,solver
3,2,3,6,3,2,0 4,0 7 14,0 4 7 11 14 18,12,2.000000,4.000000,3,12,2,0,0,solver
3,2,3,6,3,2,0 3,0 11 23,0 3 11 14 23 26,4,0.666667,1.333333,3,9,2,0,0,solver
3,2,3,6,3,2,0 3,0 11 22,0 3 11 14 22 25,5,0.833333,1.666667,3,9,2,0,0,solver
3,2,3,6,3,2,0 3,0 10 21,0 3 10 13 21 24,6,1.000000,2.000000,3,9,2,0,0,solver
3,2,3,6,3,2,0 3,0 10 20,0 3 10 13 20 23,7,1.166667,2.333333,3,9,2,0,0,solver
3,2,3,6,3,2,0 3,0 9 19,0 3 9 12 19 22,8,1.333333,2.666667,3,9,2,0,0,solver
3,2,3,6,3,2,0 3,0 9 18,0 3 9 12 18 21,9,1.500000,3.000000,3,9,2,0,0,solver
3,2,3,6,3,2,0 3,0 8 17,0 3 8 11 17 20,10,1.666667,3.333333,3,10,2,0,0,solver
3,2,3,6,3,2,0 3,0 8 16,0 3 8 11 16 19,11,1.833333,3.666667,3,11,2,0,0,solver
3,2,3,6,3,2,0 3,0 7 15,0 3 7 10 15 18,12,2.000000,4.000000,3,12,2,0,0,solver
3,2,3,6,3,2,0 3,0 7 14,0 3 7 10 14 17,13,2.166667,4.333333,3,13,2,0,0,solver
3,2,3,6,3,2,0 3,0 6 13,0 3 6 9 13 16,14,2.333333,4.666667,3,14,2,0,0,solver
3,2,3,6,3,2,0 3,0 6 12,0 3 6 9 12 15,15,2.500000,5.000000,3,15,2,0,0,solver
3,2,4,8,4,2,0 14,0 3 7 11,0 3 7 11 14 17 21 25,17,2.125000,4.250000,3,17,2,0,0,solver
3,2,4,8,4,2,0 14,0 3 6 10,0 3 6 10 14 17 20 24,18,2.250000,4.500000,3,18,2,0,0,solver
3,2,4,8,4,2,0 14,0 3 6 9,0 3 6 9 14 17 20 23,19,2.375000,4.750000,3,19,2,0,0,solver
3,2,4,8,4,2,0 13,0 3 6 10,0 3 6 10 13 16 19 23,19,2.375000,4.750000,3,19,2,0,0,solver
3,2,4,8,4,2,0 13,0 3 6 9,0 3 6 9 13 16 19 22,20,2.500000,5.000000,3,20,2,0,0,solver
3,2,4,8,4,2,0 12,0 7 15 23,0 7 12 15 19 23 27 35,7,0.875000,1.750000,3,10,2,0,0,solver
3,2,4,8,4,2,0 12,0 3 6 9,0 3 6 9 12 15 18 21,21,2.625000,5.250000,3,21,2,0,0,solver
3,2,4,8,4,2,0 11,0 7 15 23,0 7 11 15 18 23 26 34,8,1.000000,2.000000,3,11,2,0,0,solver
3,2,4,8,4,2,0 11,0 7 14 22,0 7 11 14 18 22 25 33,9,1.125000,2.250000,3,12,2,0,0,solver
3,2,4,8,4,2,0 11,0 7 14 21,0 7 11 14 18 21 25 32,10,1.250000,2.500000,3,12,2,0,0,solver
3,2,4,8,4,2,0 10,0 7 14 21,0 7 10 14 17 21 24 31,11,1.375000,2.750000,3,13,2,0,0,solver
3,2,4,8,4,2,0 10,0 6 13 20,0 6 10 13 16 20 23 30,12,1.500000,3.000000,3,13,2,0,0,solver
3,2,4,8,4,2,0 9,0 6 12 18,0 6 9 12 15 18 21 27,15,1.875000,3.750000,3,15,2,0,0,solver
3,2,4,8,4,2,0 4,0 7 15 23,0 4 7 11 15 19 23 27,15,1.875000,3.750000,3,15,2,0,0,solver
3,2,4,8,4,2,0 4,0 7 14 22,0 4 7 11 14 18 22 26,16,2.000000,4.000000,3,16,2,0,0,solver
3,2,4,8,4,2,0 4,0 7 14 21,0 4 7 11 14 18 21 25,17,2.125000,4.250000,3,17,2,0,0,solver
3,2,4,8,4,2,0 3,0 7 15 23,0 3 7 10 15 18 23 26,16,2.000000,4.000000,3,16,2,0,0,solver
3,2,4,8,4,2,0 3,0 7 14 22,0 3 7 10 14 17 22 25,17,2.125000,4.250000,3,17,2,0,0,solver
3,2,4,8,4,2,0 3,0 7 14 21,0 3 7 10 14 17 21 24,18,2.250000,4.500000,3,18,2,0,0,solver
3,2,4,8,4,2,0 3,0 6 13 20,0 3 6 9 13 16 20 23,19,2.375000,4.750000,3,19,2,0,0,solver
3,2,4,8,4,2,0 3,0 6 12 19,0 3 6 9 12 15 19 22,20,2.500000,5.000000,3,20,2,0,0,solver
3,2,4,8,4,2,0 3,0 6 12 18,0 3 6 9 12 15 18 21,21,2.625000,5.250000,3,21,2,0,0,solver
3,3,1,3,1,2,0 7 14,0,0 7 14,-2,-0.666667,-2.000000,0,0,1,0,0,solver
3,3,1,3,1,2,0 6 13,0,0 6 13,-1,-0.333333,-1.000000,0,0,1,0,0,solver
3,3,1,3,1,2,0 6 12,0,0 6 12,0,0.000000,0.000000,0,0,1,0,0,solver
3,3,1,3,1,2,0 5 11,0,0 5 11,1,0.333333,1.000000,1,1,2,0,0,solver
3,3,1,3,1,2,0 5 10,0,0 5 10,2,0.666667,2.000000,1,2,2,0,0,solver
3,3,1,3,1,2,0 4 9,0,0 4 9,3,1.000000,3.000000,2,3,2,0,0,solver
3,3,1,3,1,2,0 4 8,0,0 4 8,4,1.333333,4.000000,2,4,2,0,0,solver
3,3,1,3,1,2,0 3 7,0,0 3 7,5,1.666667,5.000000,3,5,2,0,0,solver
3,3,1,3,1,2,0 3 6,0,0 3 6,6,2.000000,6.000000,3,6,2,0,0,solver
3,3,2,6,2,2,0 7 14,0 23,0 7 14 23 30 37,-7,-1.166667,-3.500000,0,0,1,1,0,solver
3,3,2,6,2,2,0 7 14,0 22,0 7 14 22 29 36,-6,-1.000000,-3.000000,0,0,1,0,0,solver
3,3,2,6,2,2,0 7 14,0 21,0 7 14 21 28 35,-5,-0.833333,-2.500000,0,0,1,0,0,solver
3,3,2,6,2,2,0 7 14,0 20,0 7 14 20 27 34,-4,-0.666667,-2.000000,0,0,1,0,0,solver
3,3,2,6,2,2,0 7 14,0 19,0 7 14 19 26 33,-3,-0.500000,-1.500000,1,1,2,0,0,solver
3,3,2,6,2,2,0 7 14,0 18,0 7 14 18 25 32,-2,-0.333333,-1.000000,2,2,2,0,0,solver
3,3,2,6,2,2,0 7 14,0 17,0 7 14 17 24 31,-1,-0.166667,-0.500000,3,3,2,0,0,solver
3,3,2,6,2,2,0 7 14,0 11,0 7 11 14 18 25,5,0.833333,2.500000,3,7,2,0,0,solver
3,3,2,6,2,2,0 7 14,0 10,0 7 10 14 17 24,6,1.000000,3.000000,3,8,2,0,0,solver
3,3,2,6,2,2,0 7 14,0 4,0 4 7 11 14 18,12,2.000000,6.000000,3,12,2,0,0,solver
3,3,2,6,2,2,0 7 14,0 3,0 3 7 10 14 17,13,2.166667,6.500000,3,13,2,0,0,solver
3,3,2,6,2,2,0 6 13,0 23,0 6 13 23 29 36,-6,-1.000000,-3.000000,0,0,1,0,0,solver
3,3,2,6,2,2,0 6 13,0 22,0 6 13 22 28 35,-5,-0.833333,-2.500000,0,0,1,0,0,solver
3,3,2,6,2,2,0 6 13,0 21,0 6 13 21 27 34,-4,-0.666667,-2.000000,0,0,1,0,0,solver
3,3,2,6,2,2,0 6 13,0 20,0 6 13 20 26 33,-3,-0.500000,-1.500000,0,0,1,0,0,solver
3,3,2,6,2,2,0 6 13,0 19,0 6 13 19 25 32,-2,-0.333333,-1.000000,0,0,1,0,0,solver
3,3,2,6,2,2,0 6 13,0 18,0 6 13 18 24 31,-1,-0.166667,-0.500000,1,1,2,0,0,solver
3,3,2,6,2,2,0 6 13,0 17,0 6 13 17 23 30,0,0.000000,0.000000,2,2,2,0,0,solver
3,3,2,6,2,2,0 6 13,0 16,0 6 13 16 22 29,1,0.166667,0.500000,3,3,2,0,0,solver
3,3,2,6,2,2,0 6 13,0 10,0 6 10 13 16 23,7,1.166667,3.500000,3,8,2,0,0,solver
3,3,2,6,2,2,0 6 13,0 3,0 3 6 9 13 16,14,2.333333,7.000000,3,14,2,0,0,solver
3,3,2,6,2,2,0 6 12,0 23,0 6 12 23 29 35,-5,-0.833333,-2.500000,0,0,1,0,0,solver
3,3,2,6,2,2,0 6 12,0 22,0 6 12 22 28 34,-4,-0.666667,-2.000000,0,0,1,0,0,solver
3,3,2,6,2,2,0 6 12,0 21,0 6 12 21 27 33,-3,-0.500000,-1.500000,0,0,1,0,0,solver
3,3,2,6,2,2,0 6 12,0 20,0 6 12 20 26 32,-2,-0.333333,-1.000000,0,0,1,0,0,solver
3,3,2,6,2,2,0 6 12,0 19,0 6 12 19 25 31,-1,-0.166667,-0.500000,0,0,1,0,0,solver
3,3,2,6,2,2,0 6 12,0 18,0 6 12 18 24 30,0,0.000000,0.000000,0,0,1,0,0,solver
3,3,2,6,2,2,0 6 12,0 17,0 6 12 17 23 29,1,0.166667,0.500000,1,1,2,0,0,solver
3,3,2,6,2,2,0 6 12,0 16,0 6 12 16 22 28,2,0.333333,1.000000,2,2,2,0,0,solver
3,3,2,6,2,2,0 6 12,0 15,0 6 12 15 21 27,3,0.500000,1.500000,3,3,2,0,0,solver
3,3,2,6,2,2,0 6 12,0 9,0 6 9 12 15 21,9,1.500000,4.500000,3,9,2,0,0,solver
3,3,2,6,2,2,0 6 12,0 3,0 3 6 9 12 15,15,2.500000,7.500000,3,15,2,0,0,solver
3,3,2,6,2,2,0 5 11,0 23,0 5 11 23 28 34,-4,-0.666667,-2.000000,1,2,2,0,0,solver
3,3,2,6,2,2,0 5 11,0 22,0 5 11 22 27 33,-3,-0.500000,-1.500000,1,2,2,0,0,solver
3,3,2,6,2,2,0 5 11,0 21,0 5 11 21 26 32,-2,-0.333333,-1.000000,1,2,2,0,0,solver
3,3,2,6,2,2,0 5 11,0 20,0 5 11 20 25 31,-1,-0.166667,-0.500000,1,2,2,0,0,solver
3,3,2,6,2,2,0 5 11,0 19,0 5 11 19 24 30,0,0.000000,0.000000,1,2,2,0,0,solver
3,3,2,6,2,2,0 5 11,0 18,0 5 11 18 23 29,1,0.166667,0.500000,1,2,2,0,0,solver
3,3,2,6,2,2,0 5 11,0 17,0 5 11 17 22 28,2,0.333333,1.000000,1,2,2,0,0,solver
3,3,2,6,2,2,0 5 11,0 16,0 5 11 16 21 27,3,0.500000,1.500000,1,3,2,0,0,solver
3,3,2,6,2,2,0 5 11,0 15,0 5 11 15 20 26,4,0.666667,2.000000,2,4,2,0,0,solver
3,3,2,6,2,2,0 5 11,0 14,0 5 11 14 19 25,5,0.833333,2.500000,3,5,2,0,0,solver
3,3,2,6,2,2,0 5 10,0 23,0 5 10 23 28 33,-3,-0.500000,-1.500000,1,4,2,0,0,solver
3,3,2,6,2,2,0 5 10,0 22,0 5 10 22 27 32,-2,-0.333333,-1.000000,1,4,2,0,0,solver
3,3,2,6,2,2,0 5 10,0 21,0 5 10 21 26 31,-1,-0.166667,-0.500000,1,4,2,0,0,solver
3,3,2,6,2,2,0 5 10,0 20,0 5 10 20 25 30,0,0.000000,0.000000,1,4,2,0,0,solver
3,3,2,6,2,2,0 5 10,0 19,0 5 10 19 24 29,1,0.166667,0.500000,1,4,2,0,0,solver
3,3,2,6,2,2,0 5 10,0 18,0 5 10 18 23 28,2,0.333333,1.000000,1,4,2,0,0,solver
3,3,2,6,2,2,0 5 10,0 17,0 5 10 17 22 27,3,0.500000,1.500000,1,4,2,0,0,solver
3,3,2,6,2,2,0 5 10,0 16,0 5 10 16 21 26,4,0.666667,2.000000,1,4,2,0,0,solver
3,3,2,6,2,2,0 5 10,0 15,0 5 10 15 20 25,5,0.833333,2.500000,1,5,2,0,0,solver
3,3,2,6,2,2,0 5 10,0 14,0 5 10 14 19 24,6,1.000000,3.000000,2,6,2,0,0,solver
3,3,2,6,2,2,0 5 10,0 13,0 5 10 13 18 23,7,1.166667,3.500000,3,7,2,0,0,solver
3,3,2,6,2,2,0 4 9,0 23,0 4 9 23 27 32,-2,-0.333333,-1.000000,2,6,2,0,0,solver
3,3,2,6,2,2,0 4 9,0 22,0 4 9 22 26 31,-1,-0.166667,-0.500000,2,6,2,0,0,solver
3,3,2,6,2,2,0 4 9,0 21,0 4 9 21 25 30,0,0.000000,0.000000,2,6,2,0,0,solver
3,3,2,6,2,2,0 4 9,0 20,0 4 9 20 24 29,1,0.166667,0.500000,2,6,2,0,0,solver
3,3,2,6,2,2,0 4 9,0 19,0 4 9 19 23 28,2,0.333333,1.000000,2,6,2,0,0,solver
3,3,2,6,2,2,0 4 9,0 18,0 4 9 18 22 27,3,0.500000,1.500000,2,6,2,0,0,solver
3,3,2,6,2,2,0 4 9,0 17,0 4 9 17 21 26,4,0.666667,2.000000,2,6,2,0,0,solver
3,3,2,6,2,2,0 4 9,0 16,0 4 9 16 20 25,5,0.833333,2.500000,2,6,2,0,0,solver
3,3,2,6,2,2,0 4 9,0 15,0 4 9 15 19 24,6,1.000000,3.000000,2,6,2,0,0,solver
3,3,2,6,2,2,0 4 9,0 14,0 4 9 14 18 23,7,1.166667,3.500000,2,7,2,0,0,solver
3,3,2,6,2,2,0 4 9,0 13,0 4 9 13 17 22,8,1.333333,4.000000,2,8,2,0,0,solver
3,3,2,6,2,2,0 4 9,0 12,0 4 9 12 16 21,9,1.500000,4.500000,3,9,2,0,0,solver
3,3,2,6,2,2,0 4 8,0 23,0 4 8 23 27 31,-1,-0.166667,-0.500000,2,8,2,0,0,solver
3,3,2,6,2,2,0 4 8,0 22,0 4 8 22 26 30,0,0.000000,0.000000,2,8,2,0,0,solver
3,3,2,6,2,2,0 4 8,0 21,0 4 8 21 25 29,1,0.166667,0.500000,2,8,2,0,0,solver
3,3,2,6,2,2,0 4 8,0 20,0 4 8 20 24 28,2,0.333333,1.000000,2,8,2,0,0,solver
3,3,2,6,2,2,0 4 8,0 19,0 4 8 19 23 27,3,0.500000,1.500000,2,8,2,0,0,solver
3,3,2,6,2,2,0 4 8,0 18,0 4 8 18 22 26,4,0.666667,2.000000,2,8,2,0,0,solver
3,3,2,6,2,2,0 4 8,0 17,0 4 8 17 21 25,5,0.833333,2.500000,2,8,2,0,0,solver
3,3,2,6,2,2,0 4 8,0 16,0 4 8 16 20 24,6,1.000000,3.000000,2,8,2,0,0,solver
3,3,2,6,2,2,0 4 8,0 15,0 4 8 15 19 23,7,1.166667,3.500000,2,8,2,0,0,solver
3,3,2,6,2,2,0 4 8,0 14,0 4 8 14 18 22,8,1.333333,4.000000,2,8,2,0,0,solver
3,3,2,6,2,2,0 4 8,0 13,0 4 8 13 17 21,9,1.500000,4.500000,2,9,2,0,0,solver
3,3,2,6,2,2,0 4 8,0 12,0 4 8 12 16 20,10,1.666667,5.000000,2,10,2,0,0,solver
3,3,2,6,2,2,0 4 8,0 11,0 4 8 11 15 19,11,1.833333,5.500000,3,11,2,0,0,solver
3,3,2,6,2,2,0 3 7,0 23,0 3 7 23 26 30,0,0.000000,0.000000,3,10,2,0,0,solver
3,3,2,6,2,2,0 3 7,0 22,0 3 7 22 25 29,1,0.166667,0.500000,3,10,2,0,0,solver
3,3,2,6,2,2,0 3 7,0 21,0 3 7 21 24 28,2,0.333333,1.000000,3,10,2,0,0,solver
3,3,2,6,2,2,0 3 7,0 20,0 3 7 20 23 27,3,0.500000,1.500000,3,10,2,0,0,solver
3,3,2,6,2,2,0 3 7,0 19,0 3 7 19 22 26,4,0.666667,2.000000,3,10,2,0,0,solver
3,3,2,6,2,2,0 3 7,0 18,0 3 7 18 21 25,5,0.833333,2.500000,3,10,2,0,0,solver
3,3,2,6,2,2,0 3 7,0 17,0 3 7 17 20 24,6,1.000000,3.000000,3,10,2,0,0,solver
3,3,2,6,2,2,0 3 7,0 16,0 3 7 16 19 23,7,1.166667,3.500000,3,10,2,0,0,solver
3,3,2,6,2,2,0 3 7,0 15,0 3 7 15 18 22,8,1.333333,4.000000,3,10,2,0,0,solver
3,3,2,6,2,2,0 3 7,0 14,0 3 7 14 17 21,9,1.500000,4.500000,3,10,2,0,0,solver
3,3,2,6,2,2,0 3 7,0 13,0 3 7 13 16 20,10,1.666667,5.000000,3,10,2,0,0,solver
3,3,2,6,2,2,0 3 7,0 12,0 3 7 12 15 19,11,1.833333,5.500000,3,11,2,0,0,solver
3,3,2,6,2,2,0 3 7,0 11,0 3 7 11 14 18,12,2.000000,6.000000,3,12,2,0,0,solver
3,3,2,6,2,2,0 3 7,0 10,0 3 7 10 13 17,13,2.166667,6.500000,3,13,2,0,0,solver
3,3,2,6,2,2,0 3 6,0 23,0 3 6 23 26 29,1,0.166667,0.500000,3,12,2,0,0,solver
3,3,2,6,2,2,0 3 6,0 22,0 3 6 22 25 28,2,0.333333,1.000000,3,12,2,0,0,solver
3,3,2,6,2,2,0 3 6,0 21,0 3 6 21 24 27,3,0.500000,1.500000,3,12,2,0,0,solver
3,3,2,6,2,2,0 3 6,0 20,0 3 6 20 23 26,4,0.666667,2.000000,3,12,2,0,0,solver
3,3,2,6,2,2,0 3 6,0 19,0 3 6 19 22 25,5,0.833333,2.500000,3,12,2,0,0,solver
3,3,2,6,2,2,0 3 6,0 18,0 3 6 18 21 24,6,1.000000,3.000000,3,12,2,0,0,solver
3,3,2,6,2,2,0 3 6,0 17,0 3 6 17 20 23,7,1.166667,3.500000,3,12,2,0,0,solver
3,3,2,6,2,2,0 3 6,0 16,0 3 6 16 19 22,8,1.333333,4.000000,3,12,2,0,0,solver
3,3,2,6,2,2,0 3 6,0 15,0 3 6 15 18 21,9,1.500000,4.500000,3,12,2,0,0,solver
3,3,2,6,2,2,0 3 6,0 14,0 3 6 14 17 20,10,1.666667,5.000000,3,12,2,0,0,solver
3,3,2,6,2,2,0 3 6,0 13,0 3 6 13 16 19,11,1.833333,5.500000,3,12,2,0,0,solver
3,3,2,6,2,2,0 3 6,0 12,0 3 6 12 15 18,12,2.000000,6.000000,3,12,2,0,0,solver
3,3,2,6,2,2,0 3 6,0 11,0 3 6 11 14 17,13,2.166667,6.500000,3,13,2,0,0,solver
3,3,2,6,2,2,0 3 6,0 10,0 3 6 10 13 16,14,2.333333,7.000000,3,14,2,0,0,solver
3,3,2,6,2,2,0 3 6,0 9,0 3 6 9 12 15,15,2.500000,7.500000,3,15,2,0,0,solver
3,3,3,9,3,2,0 7 14,0 11 22,0 7 11 14 18 22 25 29 36,12,1.333333,4.000000,3,14,2,1,0,solver
3,3,3,9,3,2,0 7 14,0 10 21,0 7 10 14 17 21 24 28 35,13,1.444444,4.333333,3,15,2,0,0,solver
3,3,3,9,3,2,0 7 14,0 10 20,0 7 10 14 17 20 24 27 34,14,1.555556,4.666667,3,16,2,0,0,solver
3,3,3,9,3,2,0 6 13,0 10 20,0 6 10 13 16 20 23 26 33,15,1.666667,5.000000,3,16,2,0,0,solver
3,3,3,9,3,2,0 6 12,0 9 18,0 6 9 12 15 18 21 24 30,18,2.000000,6.000000,3,18,2,0,0,solver
3,3,3,9,3,2,0 4 8,0 11 23,0 4 8 11 15 19 23 27 31,17,1.888889,5.666667,3,17,2,0,0,solver
3,3,3,9,3,2,0 4 8,0 11 22,0 4 8 11 15 19 22 26 30,18,2.000000,6.000000,3,18,2,0,0,solver
3,3,3,9,3,2,0 3 7,0 11 23,0 3 7 11 14 18 23 26 30,18,2.000000,6.000000,3,18,2,0,0,solver
3,3,3,9,3,2,0 3 7,0 11 22,0 3 7 11 14 18 22 25 29,19,2.111111,6.333333,3,19,2,0,0,solver
3,3,3,9,3,2,0 3 7,0 10 21,0 3 7 10 13 17 21 24 28,20,2.222222,6.666667,3,20,2,0,0,solver
3,3,3,9,3,2,0 3 7,0 10 20,0 3 7 10 13 17 20 23 27,21,2.333333,7.000000,3,21,2,0,0,solver
3,3,3,9,3,2,0 3 6,0 11 23,0 3 6 11 14 17 23 26 29,19,2.111111,6.333333,3,19,2,0,0,solver
3,3,3,9,3,2,0 3 6,0 11 22,0 3 6 11 14 17 22 25 28,20,2.222222,6.666667,3,20,2,0,0,solver
3,3,3,9,3,2,0 3 6,0 10 21,0 3 6 10 13 16 21 24 27,21,2.333333,7.000000,3,21,2,0,0,solver
3,3,3,9,3,2,0 3 6,0 10 20,0 3 6 10 13 16 20 23 26,22,2.444444,7.333333,3,22,2,0,0,solver
3,3,3,9,3,2,0 3 6,0 9 19,0 3 6 9 12 15 19 22 25,23,2.555556,7.666667,3,23,2,0,0,solver
3,3,3,9,3,2,0 3 6,0 9 18,0 3 6 9 12 15 18 21 24,24,2.666667,8.000000,3,24,2,0,0,solver
3,4,1,4,1,2,0 4 9 14,0,0 4 9 14,4,1.000000,4.000000,2,4,2,0,0,solver
3,4,1,4,1,2,0 4 8 13,0,0 4 8 13,5,1.250000,5.000000,2,5,2,0,0,solver
3,4,1,4,1,2,0 4 8 12,0,0 4 8 12,6,1.500000,6.000000,2,6,2,0,0,solver
3,4,1,4,1,2,0 3 7 11,0,0 3 7 11,7,1.750000,7.000000,3,7,2,0,0,solver
3,4,1,4,1,2,0 3 6 10,0,0 3 6 10,8,2.000000,8.000000,3,8,2,0,0,solver
3,4,1,4,1,2,0 3 6 9,0,0 3 6 9,9,2.250000,9.000000,3,9,2,0,0,solver
3,4,2,8,2,2,0 4 9 14,0 23,0 4 9 14 23 27 32 37,5,0.625000,2.500000,2,8,2,1,0,solver
3,4,2,8,2,2,0 4 9 14,0 22,0 4 9 14 22 26 31 36,6,0.750000,3.000000,2,8,2,0,0,solver
3,4,2,8,2,2,0 4 9 14,0 21,0 4 9 14 21 25 30 35,7,0.875000,3.500000,2,8,2,0,0,solver
3,4,2,8,2,2,0 4 9 14,0 20,0 4 9 14 20 24 29 34,8,1.000000,4.000000,2,8,2,0,0,solver
3,4,2,8,2,2,0 4 9 14,0 19,0 4 9 14 19 23 28 33,9,1.125000,4.500000,2,9,2,0,0,solver
3,4,2,8,2,2,0 4 9 14,0 18,0 4 9 14 18 22 27 32,10,1.250000,5.000000,2,10,2,0,0,solver
3,4,2,8,2,2,0 4 9 14,0 17,0 4 9 14 17 21 26 31,11,1.375000,5.500000,3,11,2,0,0,solver
3,4,2,8,2,2,0 4 8 13,0 23,0 4 8 13 23 27 31 36,6,0.750000,3.000000,2,10,2,0,0,solver
3,4,2,8,2,2,0 4 8 13,0 22,0 4 8 13 22 26 30 35,7,0.875000,3.500000,2,10,2,0,0,solver
3,4,2,8,2,2,0 4 8 13,0 21,0 4 8 13 21 25 29 34,8,1.000000,4.000000,2,10,2,0,0,solver
3,4,2,8,2,2,0 4 8 13,0 20,0 4 8 13 20 24 28 33,9,1.125000,4.500000,2,10,2,0,0,solver
3,4,2,8,2,2,0 4 8 13,0 19,0 4 8 13 19 23 27 32,10,1.250000,5.000000,2,10,2,0,0,solver
3,4,2,8,2,2,0 4 8 13,0 18,0 4 8 13 18 22 26 31,11,1.375000,5.500000,2,11,2,0,0,solver
3,4,2,8,2,2,0 4 8 13,0 17,0 4 8 13 17 21 25 30,12,1.500000,6.000000,2,12,2,0,0,solver
3,4,2,8,2,2,0 4 8 13,0 16,0 4 8 13 16 20 24 29,13,1.625000,6.500000,3,13,2,0,0,solver
3,4,2,8,2,2,0 4 8 12,0 23,0 4 8 12 23 27 31 35,7,0.875000,3.500000,2,12,2,0,0,solver
3,4,2,8,2,2,0 4 8 12,0 22,0 4 8 12 22 26 30 34,8,1.000000,4.000000,2,12,2,0,0,solver
3,4,2,8,2,2,0 4 8 12,0 21,0 4 8 12 21 25 29 33,9,1.125000,4.500000,2,12,2,0,0,solver
3,4,2,8,2,2,0 4 8 12,0 20,0 4 8 12 20 24 28 32,10,1.250000,5.000000,2,12,2,0,0,solver
3,4,2,8,2,2,0 4 8 12,0 19,0 4 8 12 19 23 27 31,11,1.375000,5.500000,2,12,2,0,0,solver
3,4,2,8,2,2,0 4 8 12,0 18,0 4 8 12 18 22 26 30,12,1.500000,6.000000,2,12,2,0,0,solver
3,4,2,8,2,2,0 4 8 12,0 17,0 4 8 12 17 21 25 29,13,1.625000,6.500000,2,13,2,0,0,solver
3,4,2,8,2,2,0 4 8 12,0 16,0 4 8 12 16 20 24 28,14,1.750000,7.000000,2,14,2,0,0,solver
3,4,2,8,2,2,0 4 8 12,0 15,0 4 8 12 15 19 23 27,15,1.875000,7.500000,3,15,2,0,0,solver
3,4,2,8,2,2,0 3 7 11,0 23,0 3 7 11 23 26 30 34,8,1.000000,4.000000,3,14,2,0,0,solver
3,4,2,8,2,2,0 3 7 11,0 22,0 3 7 11 22 25 29 33,9,1.125000,4.500000,3,14,2,0,0,solver
3,4,2,8,2,2,0 3 7 11,0 21,0 3 7 11 21 24 28 32,10,1.250000,5.000000,3,14,2,0,0,solver
3,4,2,8,2,2,0 3 7 11,0 20,0 3 7 11 20 23 27 31,11,1.375000,5.500000,3,14,2,0,0,solver
3,4,2,8,2,2,0 3 7 11,0 19,0 3 7 11 19 22 26 30,12,1.500000,6.000000,3,14,2,0,0,solver
3,4,2,8,2,2,0 3 7 11,0 18,0 3 7 11 18 21 25 29,13,1.625000,6.500000,3,14,2,0,0,solver
3,4,2,8,2,2,0 3 7 11,0 17,0 3 7 11 17 20 24 28,14,1.750000,7.000000,3,14,2,0,0,solver
3,4,2,8,2,2,0 3 7 11,0 16,0 3 7 11 16 19 23 27,15,1.875000,7.500000,3,15,2,0,0,solver
3,4,2,8,2,2,0 3 7 11,0 15,0 3 7 11 15 18 22 26,16,2.000000,8.000000,3,16,2,0,0,solver
3,4,2,8,2,2,0 3 7 11,0 14,0 3 7 11 14 17 21 25,17,2.125000,8.500000,3,17,2,0,0,solver
3,4,2,8,2,2,0 3 6 10,0 23,0 3 6 10 23 26 29 33,9,1.125000,4.500000,3,16,2,0,0,solver
3,4,2,8,2,2,0 3 6 10,0 22,0 3 6 10 22 25 28 32,10,1.250000,5.000000,3,16,2,0,0,solver
3,4,2,8,2,2,0 3 6 10,0 21,0 3 6 10 21 24 27 31,11,1.375000,5.500000,3,16,2,0,0,solver
3,4,2,8,2,2,0 3 6 10,0 20,0 3 6 10 20 23 26 30,12,1.500000,6.000000,3,16,2,0,0,solver
3,4,2,8,2,2,0 3 6 10,0 19,0 3 6 10 19 22 25 29,13,1.625000,6.500000,3,16,2,0,0,solver
3,4,2,8,2,2,0 3 6 10,0 18,0 3 6 10 18 21 24 28,14,1.750000,7.000000,3,16,2,0,0,solver
3,4,2,8,2,2,0 3 6 10,0 17,0 3 6 10 17 20 23 27,15,1.875000,7.500000,3,16,2,0,0,solver
3,4,2,8,2,2,0 3 6 10,0 16,0 3 6 10 16 19 22 26,16,2.000000,8.000000,3,16,2,0,0,solver
3,4,2,8,2,2,0 3 6 10,0 15,0 3 6 10 15 18 21 25,17,2.125000,8.500000,3,17,2,0,0,solver
3,4,2,8,2,2,0 3 6 10,0 14,0 3 6 10 14 17 20 24,18,2.250000,9.000000,3,18,2,0,0,solver
3,4,2,8,2,2,0 3 6 10,0 13,0 3 6 10 13 16 19 23,19,2.375000,9.500000,3,19,2,0,0,solver
3,4,2,8,2,2,0 3 6 9,0 23,0 3 6 9 23 26 29 32,10,1.250000,5.000000,3,18,2,0,0,solver
3,4,2,8,2,2,0 3 6 9,0 22,0 3 6 9 22 25 28 31,11,1.375000,5.500000,3,18,2,0,0,solver
3,4,2,8,2,2,0 3 6 9,0 21,0 3 6 9 21 24 27 30,12,1.500000,6.000000,3,18,2,0,0,solver
3,4,2,8,2,2,0 3 6 9,0 20,0 3 6 9 20 23 26 29,13,1.625000,6.500000,3,18,2,0,0,solver
3,4,2,8,2,2,0 3 6 9,0 19,0 3 6 9 19 22 25 28,14,1.750000,7.000000,3,18,2,0,0,solver
3,4,2,8,2,2,0 3 6 9,0 18,0 3 6 9 18 21 24 27,15,1.875000,7.500000,3,18,2,0,0,solver
3,4,2,8,2,2,0 3 6 9,0 17,0 3 6 9 17 20 23 26,16,2.000000,8.000000,3,18,2,0,0,solver
3,4,2,8,2,2,0 3 6 9,0 16,0 3 6 9 16 19 22 25,17,2.125000,8.500000,3,18,2,0,0,solver
3,4,2,8,2,2,0 3 6 9,0 15,0 3 6 9 15 18 21 24,18,2.250000,9.000000,3,18,2,0,0,solver
3,4,2,8,2,2,0 3 6 9,0 14,0 3 6 9 14 17 20 23,19,2.375000,9.500000,3,19,2,0,0,solver
3,4,2,8,2,2,0 3 6 9,0 13,0 3 6 9 13 16 19 22,20,2.500000,10.000000,3,20,2,0,0,solver
3,4,2,8,2,2,0 3 6 9,0 12,0 3 6 9 12 15 18 21,21,2.625000,10.500000,3,21,2,0,0,solver
3,5,1,5,1,2,0 3 6 10 14,0,0 3 6 10 14,10,2.000000,10.000000,3,10,2,0,0,solver
3,5,1,5,1,2,0 3 6 9 13,0,0 3 6 9 13,11,2.200000,11.000000,3,11,2,0,0,solver
3,5,1,5,1,2,0 3 6 9 12,0,0 3 6 9 12,12,2.400000,12.000000,3,12,2,0,0,solver
3,5,2,10,2,2,0 3 6 10 14,0 23,0 3 6 10 14 23 26 29 33 37,17,1.700000,8.500000,3,20,2,1,0,solver
3,5,2,10,2,2,0 3 6 10 14,0 22,0 3 6 10 14 22 25 28 32 36,18,1.800000,9.000000,3,20,2,0,0,solver
3,5,2,10,2,2,0 3 6 10 14,0 21,0 3 6 10 14 21 24 27 31 35,19,1.900000,9.500000,3,20,2,0,0,solver
3,5,2,10,2,2,0 3 6 10 14,0 20,0 3 6 10 14 20 23 26 30 34,20,2.000000,10.000000,3,20,2,0,0,solver
3,5,2,10,2,2,0 3 6 10 14,0 19,0 3 6 10 14 19 22 25 29 33,21,2.100000,10.500000,3,21,2,0,0,solver
3,5,2,10,2,2,0 3 6 10 14,0 18,0 3 6 10 14 18 21 24 28 32,22,2.200000,11.000000,3,22,2,0,0,solver
3,5,2,10,2,2,0 3 6 10 14,0 17,0 3 6 10 14 17 20 23 27 31,23,2.300000,11.500000,3,23,2,0,0,solver
3,5,2,10,2,2,0 3 6 9 13,0 23,0 3 6 9 13 23 26 29 32 36,18,1.800000,9.000000,3,22,2,0,0,solver
3,5,2,10,2,2,0 3 6 9 13,0 22,0 3 6 9 13 22 25 28 31 35,19,1.900000,9.500000,3,22,2,0,0,solver
3,5,2,10,2,2,0 3 6 9 13,0 21,0 3 6 9 13 21 24 27 30 34,20,2.000000,10.000000,3,22,2,0,0,solver
3,5,2,10,2,2,0 3 6 9 13,0 20,0 3 6 9 13 20 23 26 29 33,21,2.100000,10.500000,3,22,2,0,0,solver
3,5,2,10,2,2,0 3 6 9 13,0 19,0 3 6 9 13 19 22 25 28 32,22,2.200000,11.000000,3,22,2,0,0,solver
3,5,2,10,2,2,0 3 6 9 13,0 18,0 3 6 9 13 18 21 24 27 31,23,2.300000,11.500000,3,23,2,0,0,solver
3,5,2,10,2,2,0 3 6 9 13,0 17,0 3 6 9 13 17 20 23 26 30,24,2.400000,12.000000,3,24,2,0,0,solver
3,5,2,10,2,2,0 3 6 9 13,0 16,0 3 6 9 13 16 19 22 25 29,25,2.500000,12.500000,3,25,2,0,0,solver
3,5,2,10,2,2,0 3 6 9 12,0 23,0 3 6 9 12 23 26 29 32 35,19,1.900000,9.500000,3,24,2,0,0,solver
3,5,2,10,2,2,0 3 6 9 12,0 22,0 3 6 9 12 22 25 28 31 34,20,2.000000,10.000000,3,24,2,0,0,solver
3,5,2,10,2,2,0 3 6 9 12,0 21,0 3 6 9 12 21 24 27 30 33,21,2.100000,10.500000,3,24,2,0,0,solver
3,5,2,10,2,2,0 3 6 9 12,0 20,0 3 6 9 12 20 23 26 29 32,22,2.200000,11.000000,3,24,2,0,0,solver
3,5,2,10,2,2,0 3 6 9 12,0 19,0 3 6 9 12 19 22 25 28 31,23,2.300000,11.500000,3,24,2,0,0,solver
3,5,2,10,2,2,0 3 6 9 12,0 18,0 3 6 9 12 18 21 24 27 30,24,2.400000,12.000000,3,24,2,0,0,solver
3,5,2,10,2,2,0 3 6 9 12,0 17,0 3 6 9 12 17 20 23 26 29,25,2.500000,12.500000,3,25,2,0,0,solver
3,5,2,10,2,2,0 3 6 9 12,0 16,0 3 6 9 12 16 19 22 25 28,26,2.600000,13.000000,3,26,2,0,0,solver
3,5,2,10,2,2,0 3 6 9 12,0 15,0 3 6 9 12 15 18 21 24 27,27,2.700000,13.500000,3,27,2,0,0,solver
4,1,2,2,2,3,0,0 23,0 23,-17,-8.500000,-8.500000,0,0,1,1,0,solver
4,1,2,2,2,3,0,0 22,0 22,-16,-8.000000,-8.000000,0,0,1,0,0,solver
4,1,2,2,2,3,0,0 21,0 21,-15,-7.500000,-7.500000,0,0,1,0,0,solver
4,1,2,2,2,3,0,0 20,0 20,-14,-7.000000,-7.000000,0,0,1,0,0,solver
4,1,2,2,2,3,0,0 19,0 19,-13,-6.500000,-6.500000,0,0,1,0,0,solver
4,1,2,2,2,3,0,0 18,0 18,-12,-6.000000,-6.000000,0,0,1,0,0,solver
4,1,2,2,2,3,0,0 17,0 17,-11,-5.500000,-5.500000,0,0,1,0,0,solver
4,1,2,2,2,3,0,0 16,0 16,-10,-5.000000,-5.000000,0,0,1,0,0,solver
4,1,2,2,2,3,0,0 15,0 15,-9,-4.500000,-4.500000,0,0,1,0,0,solver
4,1,2,2,2,3,0,0 14,0 14,-8,-4.000000,-4.000000,0,0,1,0,0,solver
4,1,2,2,2,3,0,0 13,0 13,-7,-3.500000,-3.500000,0,0,1,0,0,solver
4,1,2,2,2,3,0,0 12,0 12,-6,-3.000000,-3.000000,0,0,1,0,0,solver
4,1,2,2,2,3,0,0 11,0 11,-5,-2.500000,-2.500000,0,0,1,0,0,solver
4,1,2,2,2,3,0,0 10,0 10,-4,-2.000000,-2.000000,0,0,1,0,0,solver
4,1,2,2,2,3,0,0 9,0 9,-3,-1.500000,-1.500000,0,0,1,0,0,solver
4,1,2,2,2,3,0,0 8,0 8,-2,-1.000000,-1.000000,0,0,1,0,0,solver
4,1,2,2,2,3,0,0 7,0 7,-1,-0.500000,-0.500000,0,0,1,0,0,solver
4,1,2,2,2,3,0,0 6,0 6,0,0.000000,0.000000,0,0,1,0,0,solver
4,1,2,2,2,3,0,0 5,0 5,1,0.500000,0.500000,1,1,2,0,0,solver
4,1,2,2,2,3,0,0 4,0 4,2,1.000000,1.000000,2,2,2,0,0,solver
4,1,2,2,2,3,0,0 3,0 3,3,1.500000,1.500000,3,3,2,0,0,solver
4,1,3,3,3,3,0,0 11 23,0 11 23,-11,-3.666667,-3.666667,0,0,1,0,1,solver
4,1,3,3,3,3,0,0 11 22,0 11 22,-10,-3.333333,-3.333333,0,0,1,0,0,solver
4,1,3,3,3,3,0,0 10 21,0 10 21,-9,-3.000000,-3.000000,0,0,1,0,0,solver
4,1,3,3,3,3,0,0 10 20,0 10 20,-8,-2.666667,-2.666667,0,0,1,0,0,solver
4,1,3,3,3,3,0,0 9 19,0 9 19,-7,-2.333333,-2.333333,0,0,1,0,0,solver
4,1,3,3,3,3,0,0 9 18,0 9 18,-6,-2.000000,-2.000000,0,0,1,0,0,solver
4,1,3,3,3,3,0,0 8 17,0 8 17,-5,-1.666667,-1.666667,0,0,1,0,0,solver
4,1,3,3,3,3,0,0 8 16,0 8 16,-4,-1.333333,-1.333333,0,0,1,0,0,solver
4,1,3,3,3,3,0,0 7 15,0 7 15,-3,-1.000000,-1.000000,0,0,1,0,0,solver
4,1,3,3,3,3,0,0 7 14,0 7 14,-2,-0.666667,-0.666667,0,0,1,0,0,solver
4,1,3,3,3,3,0,0 6 13,0 6 13,-1,-0.333333,-0.333333,0,0,1,0,0,solver
4,1,3,3,3,3,0,0 6 12,0 6 12,0,0.000000,0.000000,0,0,1,0,0,solver
4,1,3,3,3,3,0,0 5 11,0 5 11,1,0.333333,0.333333,1,1,2,0,0,solver
4,1,3,3,3,3,0,0 5 10,0 5 10,2,0.666667,0.666667,1,2,2,0,0,solver
4,1,3,3,3,3,0,0 4 9,0 4 9,3,1.000000,1.000000,2,3,2,0,0,solver
4,1,3,3,3,3,0,0 4 8,0 4 8,4,1.333333,1.333333,2,4,2,0,0,solver
4,1,3,3,3,3,0,0 3 7,0 3 7,5,1.666667,1.666667,3,5,2,0,0,solver
4,1,3,3,3,3,0,0 3 6,0 3 6,6,2.000000,2.000000,3,6,2,0,0,solver
4,1,4,4,4,3,0,0 7 15 23,0 7 15 23,-5,-1.250000,-1.250000,0,0,1,0,1,solver
4,1,4,4,4,3,0,0 7 14 22,0 7 14 22,-4,-1.000000,-1.000000,0,0,1,0,0,solver
4,1,4,4,4,3,0,0 7 14 21,0 7 14 21,-3,-0.750000,-0.750000,0,0,1,0,0,solver
4,1,4,4,4,3,0,0 6 13 20,0 6 13 20,-2,-0.500000,-0.500000,0,0,1,0,0,solver
4,1,4,4,4,3,0,0 6 12 19,0 6 12 19,-1,-0.250000,-0.250000,0,0,1,0,0,solver
4,1,4,4,4,3,0,0 6 12 18,0 6 12 18,0,0.000000,0.000000,0,0,1,0,0,solver
4,1,4,4,4,3,0,0 5 11 17,0 5 11 17,1,0.250000,0.250000,1,1,2,0,0,solver
4,1,4,4,4,3,0,0 5 10 16,0 5 10 16,2,0.500000,0.500000,1,2,2,0,0,solver
4,1,4,4,4,3,0,0 5 10 15,0 5 10 15,3,0.750000,0.750000,1,3,2,0,0,solver
4,1,4,4,4,3,0,0 4 9 14,0 4 9 14,4,1.000000,1.000000,2,4,2,0,0,solver
4,1,4,4,4,3,0,0 4 8 13,0 4 8 13,5,1.250000,1.250000,2,5,2,0,0,solver
4,1,4,4,4,3,0,0 4 8 12,0 4 8 12,6,1.500000,1.500000,2,6,2,0,0,solver
4,1,4,4,4,3,0,0 3 7 11,0 3 7 11,7,1.750000,1.750000,3,7,2,0,0,solver
4,1,4,4,4,3,0,0 3 6 10,0 3 6 10,8,2.000000,2.000000,3,8,2,0,0,solver
4,1,4,4,4,3,0,0 3 6 9,0 3 6 9,9,2.250000,2.250000,3,9,2,0,0,solver
4,1,5,5,5,3,0,0 5 11 17 23,0 5 11 17 23,1,0.200000,0.200000,1,1,2,0,1,solver
4,1,5,5,5,3,0,0 5 10 16 22,0 5 10 16 22,2,0.400000,0.400000,1,2,2,0,0,solver
4,1,5,5,5,3,0,0 5 10 15 21,0 5 10 15 21,3,0.600000,0.600000,1,3,2,0,0,solver
4,1,5,5,5,3,0,0 5 10 15 20,0 5 10 15 20,4,0.800000,0.800000,1,4,2,0,0,solver
4,1,5,5,5,3,0,0 4 9 14 19,0 4 9 14 19,5,1.000000,1.000000,2,5,2,0,0,solver
4,1,5,5,5,3,0,0 4 8 13 18,0 4 8 13 18,6,1.200000,1.200000,2,6,2,0,0,solver
4,1,5,5,5,3,0,0 4 8 12 17,0 4 8 12 17,7,1.400000,1.400000,2,7,2,0,0,solver
4,1,5,5,5,3,0,0 4 8 12 16,0 4 8 12 16,8,1.600000,1.600000,2,8,2,0,0,solver
4,1,5,5,5,3,0,0 3 7 11 15,0 3 7 11 15,9,1.800000,1.800000,3,9,2,0,0,solver
4,1,5,5,5,3,0,0 3 6 10 14,0 3 6 10 14,10,2.000000,2.000000,3,10,2,0,0,solver
4,1,5,5,5,3,0,0 3 6 9 13,0 3 6 9 13,11,2.200000,2.200000,3,11,2,0,0,solver
4,1,5,5,5,3,0,0 3 6 9 12,0 3 6 9 12,12,2.400000,2.400000,3,12,2,0,0,solver
4,1,6,6,6,3,0,0 4 8 13 18 23,0 4 8 13 18 23,7,1.166667,1.166667,2,7,2,0,1,solver
4,1,6,6,6,3,0,0 4 8 12 17 22,0 4 8 12 17 22,8,1.333333,1.333333,2,8,2,0,0,solver
4,1,6,6,6,3,0,0 4 8 12 16 21,0 4 8 12 16 21,9,1.500000,1.500000,2,9,2,0,0,solver
4,1,6,6,6,3,0,0 4 8 12 16 20,0 4 8 12 16 20,10,1.666667,1.666667,2,10,2,0,0,solver
4,1,6,6,6,3,0,0 3 7 11 15 19,0 3 7 11 15 19,11,1.833333,1.833333,3,11,2,0,0,solver
4,1,6,6,6,3,0,0 3 6 10 14 18,0 3 6 10 14 18,12,2.000000,2.000000,3,12,2,0,0,solver
4,1,6,6,6,3,0,0 3 6 9 13 17,0 3 6 9 13 17,13,2.166667,2.166667,3,13,2,0,0,solver
4,1,6,6,6,3,0,0 3 6 9 12 16,0 3 6 9 12 16,14,2.333333,2.333333,3,14,2,0,0,solver
4,1,6,6,6,3,0,0 3 6 9 12 15,0 3 6 9 12 15,15,2.500000,2.500000,3,15,2,0,0,solver
4,1,7,7,7,3,0,0 3 7 11 15 19 23,0 3 7 11 15 19 23,13,1.857143,1.857143,3,13,2,0,1,solver
4,1,7,7,7,3,0,0 3 6 10 14 18 22,0 3 6 10 14 18 22,14,2.000000,2.000000,3,14,2,0,0,solver
4,1,7,7,7,3,0,0 3 6 9 13 17 21,0 3 6 9 13 17 21,15,2.142857,2.142857,3,15,2,0,0,solver
4,1,7,7,7,3,0,0 3 6 9 12 16 20,0 3 6 9 12 16 20,16,2.285714,2.285714,3,16,2,0,0,solver
4,1,7,7,7,3,0,0 3 6 9 12 15 19,0 3 6 9 12 15 19,17,2.428571,2.428571,3,17,2,0,0,solver
4,1,7,7,7,3,0,0 3 6 9 12 15 18,0 3 6 9 12 15 18,18,2.571429,2.571429,3,18,2,0,0,solver
4,1,8,8,8,3,0,0 3 6 9 12 15 19 23,0 3 6 9 12 15 19 23,19,2.375000,2.375000,3,19,2,0,1,solver
4,1,8,8,8,3,0,0 3 6 9 12 15 18 22,0 3 6 9 12 15 18 22,20,2.500000,2.500000,3,20,2,0,0,solver
4,1,8,8,8,3,0,0 3 6 9 12 15 18 21,0 3 6 9 12 15 18 21,21,2.625000,2.625000,3,21,2,0,0,solver
4,2,1,2,1,3,0 14,0,0 14,-8,-4.000000,-8.000000,0,0,1,0,0,solver
4,2,1,2,1,3,0 13,0,0 13,-7,-3.500000,-7.000000,0,0,1,0,0,solver
4,2,1,2,1,3,0 12,0,0 12,-6,-3.000000,-6.000000,0,0,1,0,0,solver
4,2,1,2,1,3,0 11,0,0 11,-5,-2.500000,-5.000000,0,0,1,0,0,solver
4,2,1,2,1,3,0 10,0,0 10,-4,-2.000000,-4.000000,0,0,1,0,0,solver
4,2,1,2,1,3,0 9,0,0 9,-3,-1.500000,-3.000000,0,0,1,0,0,solver
4,2,1,2,1,3,0 8,0,0 8,-2,-1.000000,-2.000000,0,0,1,0,0,solver
4,2,1,2,1,3,0 7,0,0 7,-1,-0.500000,-1.000000,0,0,1,0,0,solver
4,2,1,2,1,3,0 6,0,0 6,0,0.000000,0.000000,0,0,1,0,0,solver
4,2,1,2,1,3,0 5,0,0 5,1,0.500000,1.000000,1,1,2,0,0,solver
4,2,1,2,1,3,0 4,0,0 4,2,1.000000,2.000000,2,2,2,0,0,solver
4,2,1,2,1,3,0 3,0,0 3,3,1.500000,3.000000,3,3,2,0,0,solver
4,2,2,4,2,3,0 14,0 23,0 14 23 37,-19,-4.750000,-9.500000,0,0,1,1,1,solver
4,2,2,4,2,3,0 14,0 22,0 14 22 36,-18,-4.500000,-9.000000,0,0,1,0,0,solver
4,2,2,4,2,3,0 14,0 21,0 14 21 35,-17,-4.250000,-8.500000,0,0,1,0,0,solver
4,2,2,4,2,3,0 14,0 20,0 14 20 34,-16,-4.000000,-8.000000,0,0,1,0,0,solver
4,2,2,4,2,3,0 14,0 19,0 14 19 33,-15,-3.750000,-7.500000,1,1,2,0,0,solver
4,2,2,4,2,3,0 14,0 18,0 14 18 32,-14,-3.500000,-7.000000,2,2,2,0,0,solver
4,2,2,4,2,3,0 14,0 17,0 14 17 31,-13,-3.250000,-6.500000,3,3,2,0,0,solver
4,2,2,4,2,3,0 14,0 16,0 14 16 30,-12,-3.000000,-6.000000,4,4,2,0,0,solver
4,2,2,4,2,3,0 14,0 12,0 12 14 26,-8,-2.000000,-4.000000,4,4,2,0,0,solver
4,2,2,4,2,3,0 14,0 11,0 11 14 25,-7,-1.750000,-3.500000,3,3,2,0,0,solver
4,2,2,4,2,3,0 14,0 10,0 10 14 24,-6,-1.500000,-3.000000,2,2,2,0,0,solver
4,2,2,4,2,3,0 14,0 9,0 9 14 23,-5,-1.250000,-2.500000,1,1,2,0,0,solver
4,2,2,4,2,3,0 14,0 8,0 8 14 22,-4,-1.000000,-2.000000,0,0,1,0,0,solver
4,2,2,4,2,3,0 14,0 7,0 7 14 21,-3,-0.750000,-1.500000,0,0,1,0,0,solver
4,2,2,4,2,3,0 14,0 6,0 6 14 20,-2,-0.500000,-1.000000,0,0,1,0,0,solver
4,2,2,4,2,3,0 14,0 5,0 5 14 19,-1,-0.250000,-0.500000,1,2,2,0,0,solver
4,2,2,4,2,3,0 14,0 4,0 4 14 18,0,0.000000,0.000000,2,4,2,0,0,solver
4,2,2,4,2,3,0 14,0 3,0 3 14 17,1,0.250000,0.500000,3,6,2,0,0,solver
4,2,2,4,2,3,0 13,0 23,0 13 23 36,-18,-4.500000,-9.000000,0,0,1,0,0,solver
4,2,2,4,2,3,0 13,0 22,0 13 22 35,-17,-4.250000,-8.500000,0,0,1,0,0,solver
4,2,2,4,2,3,0 13,0 21,0 13 21 34,-16,-4.000000,-8.000000,0,0,1,0,0,solver
4,2,2,4,2,3,0 13,0 20,0 13 20 33,-15,-3.750000,-7.500000,0,0,1,0,0,solver
4,2,2,4,2,3,0 13,0 19,0 13 19 32,-14,-3.500000,-7.000000,0,0,1,0,0,solver
4,2,2,4,2,3,0 13,0 18,0 13 18 31,-13,-3.250000,-6.500000,1,1,2,0,0,solver
4,2,2,4,2,3,0 13,0 17,0 13 17 30,-12,-3.000000,-6.000000,2,2,2,0,0,solver
4,2,2,4,2,3,0 13,0 16,0 13 16 29,-11,-2.750000,-5.500000,3,3,2,0,0,solver
4,2,2,4,2,3,0 13,0 15,0 13 15 28,-10,-2.500000,-5.000000,4,4,2,0,0,solver
4,2,2,4,2,3,0 13,0 11,0 11 13 24,-6,-1.500000,-3.000000,4,4,2,0,0,solver
4,2,2,4,2,3,0 13,0 10,0 10 13 23,-5,-1.250000,-2.500000,3,3,2,0,0,solver
4,2,2,4,2,3,0 13,0 9,0 9 13 22,-4,-1.000000,-2.000000,2,2,2,0,0,solver
4,2,2,4,2,3,0 13,0 8,0 8 13 21,-3,-0.750000,-1.500000,1,1,2,0,0,solver
4,2,2,4,2,3,0 13,0 7,0 7 13 20,-2,-0.500000,-1.000000,0,0,1,0,0,solver
4,2,2,4,2,3,0 13,0 6,0 6 13 19,-1,-0.250000,-0.500000,0,0,1,0,0,solver
4,2,2,4,2,3,0 13,0 5,0 5 13 18,0,0.000000,0.000000,1,2,2,0,0,solver
4,2,2,4,2,3,0 13,0 4,0 4 13 17,1,0.250000,0.500000,2,4,2,0,0,solver
4,2,2,4,2,3,0 13,0 3,0 3 13 16,2,0.500000,1.000000,3,6,2,0,0,solver
4,2,2,4,2,3,0 12,0 23,0 12 23 35,-17,-4.250000,-8.500000,0,0,1,0,0,solver
4,2,2,4,2,3,0 12,0 22,0 12 22 34,-16,-4.000000,-8.000000,0,0,1,0,0,solver
4,2,2,4,2,3,0 12,0 21,0 12 21 33,-15,-3.750000,-7.500000,0,0,1,0,0,solver
4,2,2,4,2,3,0 12,0 20,0 12 20 32,-14,-3.500000,-7.000000,0,0,1,0,0,solver
4,2,2,4,2,3,0 12,0 19,0 12 19 31,-13,-3.250000,-6.500000,0,0,1,0,0,solver
4,2,2,4,2,3,0 12,0 18,0 12 18 30,-12,-3.000000,-6.000000,0,0,1,0,0,solver
4,2,2,4,2,3,0 12,0 17,0 12 17 29,-11,-2.750000,-5.500000,1,1,2,0,0,solver
4,2,2,4,2,3,0 12,0 16,0 12 16 28,-10,-2.500000,-5.000000,2,2,2,0,0,solver
4,2,2,4,2,3,0 12,0 15,0 12 15 27,-9,-2.250000,-4.500000,3,3,2,0,0,solver
4,2,2,4,2,3,0 12,0 14,0 12 14 26,-8,-2.000000,-4.000000,4,4,2,0,0,solver
4,2,2,4,2,3,0 12,0 10,0 10 12 22,-4,-1.000000,-2.000000,4,4,2,0,0,solver
4,2,2,4,2,3,0 12,0 9,0 9 12 21,-3,-0.750000,-1.500000,3,3,2,0,0,solver
4,2,2,4,2,3,0 12,0 8,0 8 12 20,-2,-0.500000,-1.000000,2,2,2,0,0,solver
4,2,2,4,2,3,0 12,0 7,0 7 12 19,-1,-0.250000,-0.500000,1,1,2,0,0,solver
4,2,2,4,2,3,0 12,0 6,0 6 12 18,0,0.000000,0.000000,0,0,1,0,0,solver
4,2,2,4,2,3,0 12,0 5,0 5 12 17,1,0.250000,0.500000,1,2,2,0,0,solver
4,2,2,4,2,3,0 12,0 4,0 4 12 16,2,0.500000,1.000000,2,4,2,0,0,solver
4,2,2,4,2,3,0 12,0 3,0 3 12 15,3,0.750000,1.500000,3,6,2,0,0,solver
4,2,2,4,2,3,0 11,0 23,0 11 23 34,-16,-4.000000,-8.000000,0,0,1,0,0,solver
4,2,2,4,2,3,0 11,0 22,0 11 22 33,-15,-3.750000,-7.500000,0,0,1,0,0,solver
4,2,2,4,2,3,0 11,0 21,0 11 21 32,-14,-3.500000,-7.000000,0,0,1,0,0,solver
4,2,2,4,2,3,0 11,0 20,0 11 20 31,-13,-3.250000,-6.500000,0,0,1,0,0,solver
4,2,2,4,2,3,0 11,0 19,0 11 19 30,-12,-3.000000,-6.000000,0,0,1,0,0,solver
4,2,2,4,2,3,0 11,0 18,0 11 18 29,-11,-2.750000,-5.500000,0,0,1,0,0,solver
4,2,2,4,2,3,0 11,0 17,0 11 17 28,-10,-2.500000,-5.000000,0,0,1,0,0,solver
4,2,2,4,2,3,0 11,0 16,0 11 16 27,-9,-2.250000,-4.500000,1,1,2,0,0,solver
4,2,2,4,2,3,0 11,0 15,0 11 15 26,-8,-2.000000,-4.000000,2,2,2,0,0,solver
4,2,2,4,2,3,0 11,0 14,0 11 14 25,-7,-1.750000,-3.500000,3,3,2,0,0,solver
4,2,2,4,2,3,0 11,0 13,0 11 13 24,-6,-1.500000,-3.000000,4,4,2,0,0,solver
4,2,2,4,2,3,0 11,0 9,0 9 11 20,-2,-0.500000,-1.000000,4,4,2,0,0,solver
4,2,2,4,2,3,0 11,0 8,0 8 11 19,-1,-0.250000,-0.500000,3,3,2,0,0,solver
4,2,2,4,2,3,0 11,0 7,0 7 11 18,0,0.000000,0.000000,2,2,2,0,0,solver
4,2,2,4,2,3,0 11,0 6,0 6 11 17,1,0.250000,0.500000,1,1,2,0,0,solver
4,2,2,4,2,3,0 11,0 5,0 5 11 16,2,0.500000,1.000000,1,2,2,0,0,solver
4,2,2,4,2,3,0 11,0 4,0 4 11 15,3,0.750000,1.500000,2,4,2,0,0,solver
4,2,2,4,2,3,0 11,0 3,0 3 11 14,4,1.000000,2.000000,3,6,2,0,0,solver
4,2,2,4,2,3,0 10,0 23,0 10 23 33,-15,-3.750000,-7.500000,0,0,1,0,0,solver
4,2,2,4,2,3,0 10,0 22,0 10 22 32,-14,-3.500000,-7.000000,0,0,1,0,0,solver
4,2,2,4,2,3,0 10,0 21,0 10 21 31,-13,-3.250000,-6.500000,0,0,1,0,0,solver
4,2,2,4,2,3,0 10,0 20,0 10 20 30,-12,-3.000000,-6.000000,0,0,1,0,0,solver
4,2,2,4,2,3,0 10,0 19,0 10 19 29,-11,-2.750000,-5.500000,0,0,1,0,0,solver
4,2,2,4,2,3,0 10,0 18,0 10 18 28,-10,-2.500000,-5.000000,0,0,1,0,0,solver
4,2,2,4,2,3,0 10,0 17,0 10 17 27,-9,-2.250000,-4.500000,0,0,1,0,0,solver
4,2,2,4,2,3,0 10,0 16,0 10 16 26,-8,-2.000000,-4.000000,0,0,1,0,0,solver
4,2,2,4,2,3,0 10,0 15,0 10 15 25,-7,-1.750000,-3.500000,1,1,2,0,0,solver
4,2,2,4,2,3,0 10,0 14,0 10 14 24,-6,-1.500000,-3.000000,2,2,2,0,0,solver
4,2,2,4,2,3,0 10,0 13,0 10 13 23,-5,-1.250000,-2.500000,3,3,2,0,0,solver
4,2,2,4,2,3,0 10,0 12,0 10 12 22,-4,-1.000000,-2.000000,4,4,2,0,0,solver
4,2,2,4,2,3,0 10,0 8,0 8 10 18,0,0.000000,0.000000,4,4,2,0,0,solver
4,2,2,4,2,3,0 10,0 7,0 7 10 17,1,0.250000,0.500000,3,3,2,0,0,solver
4,2,2,4,2,3,0 10,0 6,0 6 10 16,2,0.500000,1.000000,2,2,2,0,0,solver
4,2,2,4,2,3,0 10,0 5,0 5 10 15,3,0.750000,1.500000,1,3,2,0,0,solver
4,2,2,4,2,3,0 10,0 4,0 4 10 14,4,1.000000,2.000000,2,4,2,0,0,solver
4,2,2,4,2,3,0 10,0 3,0 3 10 13,5,1.250000,2.500000,3,6,2,0,0,solver
4,2,2,4,2,3,0 9,0 23,0 9 23 32,-14,-3.500000,-7.000000,0,0,1,0,0,solver
4,2,2,4,2,3,0 9,0 22,0 9 22 31,-13,-3.250000,-6.500000,0,0,1,0,0,solver
4,2,2,4,2,3,0 9,0 21,0 9 21 30,-12,-3.000000,-6.000000,0,0,1,0,0,solver
4,2,2,4,2,3,0 9,0 20,0 9 20 29,-11,-2.750000,-5.500000,0,0,1,0,0,solver
4,2,2,4,2,3,0 9,0 19,0 9 19 28,-10,-2.500000,-5.000000,0,0,1,0,0,solver
4,2,2,4,2,3,0 9,0 18,0 9 18 27,-9,-2.250000,-4.500000,0,0,1,0,0,solver
4,2,2,4,2,3,0 9,0 17,0 9 17 26,-8,-2.000000,-4.000000,0,0,1,0,0,solver
4,2,2,4,2,3,0 9,0 16,0 9 16 25,-7,-1.750000,-3.500000,0,0,1,0,0,solver
4,2,2,4,2,3,0 9,0 15,0 9 15 24,-6,-1.500000,-3.000000,0,0,1,0,0,solver
4,2,2,4,2,3,0 9,0 14,0 9 14 23,-5,-1.250000,-2.500000,1,1,2,0,0,solver
4,2,2,4,2,3,0 9,0 13,0 9 13 22,-4,-1.000000,-2.000000,2,2,2,0,0,solver
4,2,2,4,2,3,0 9,0 12,0 9 12 21,-3,-0.750000,-1.500000,3,3,2,0,0,solver
4,2,2,4,2,3,0 9,0 11,0 9 11 20,-2,-0.500000,-1.000000,4,4,2,0,0,solver
4,2,2,4,2,3,0 9,0 7,0 7 9 16,2,0.500000,1.000000,4,4,2,0,0,solver
4,2,2,4,2,3,0 9,0 6,0 6 9 15,3,0.750000,1.500000,3,3,2,0,0,solver
4,2,2,4,2,3,0 9,0 5,0 5 9 14,4,1.000000,2.000000,2,4,2,0,0,solver
4,2,2,4,2,3,0 9,0 4,0 4 9 13,5,1.250000,2.500000,2,5,2,0,0,solver
4,2,2,4,2,3,0 9,0 3,0 3 9 12,6,1.500000,3.000000,3,6,2,0,0,solver
4,2,2,4,2,3,0 8,0 23,0 8 23 31,-13,-3.250000,-6.500000,0,0,1,0,0,solver
4,2,2,4,2,3,0 8,0 22,0 8 22 30,-12,-3.000000,-6.000000,0,0,1,0,0,solver
4,2,2,4,2,3,0 8,0 21,0 8 21 29,-11,-2.750000,-5.500000,0,0,1,0,0,solver
4,2,2,4,2,3,0 8,0 20,0 8 20 28,-10,-2.500000,-5.000000,0,0,1,0,0,solver
4,2,2,4,2,3,0 8,0 19,0 8 19 27,-9,-2.250000,-4.500000,0,0,1,0,0,solver
4,2,2,4,2,3,0 8,0 18,0 8 18 26,-8,-2.000000,-4.000000,0,0,1,0,0,solver
4,2,2,4,2,3,0 8,0 17,0 8 17 25,-7,-1.750000,-3.500000,0,0,1,0,0,solver
4,2,2,4,2,3,0 8,0 16,0 8 16 24,-6,-1.500000,-3.000000,0,0,1,0,0,solver
4,2,2,4,2,3,0 8,0 15,0 8 15 23,-5,-1.250000,-2.500000,0,0,1,0,0,solver
4,2,2,4,2,3,0 8,0 14,0 8 14 22,-4,-1.000000,-2.000000,0,0,1,0,0,solver
4,2,2,4,2,3,0 8,0 13,0 8 13 21,-3,-0.750000,-1.500000,1,1,2,0,0,solver
4,2,2,4,2,3,0 8,0 12,0 8 12 20,-2,-0.500000,-1.000000,2,2,2,0,0,solver
4,2,2,4,2,3,0 8,0 11,0 8 11 19,-1,-0.250000,-0.500000,3,3,2,0,0,solver
4,2,2,4,2,3,0 8,0 10,0 8 10 18,0,0.000000,0.000000,4,4,2,0,0,solver
4,2,2,4,2,3,0 8,0 6,0 6 8 14,4,1.000000,2.000000,4,4,2,0,0,solver
4,2,2,4,2,3,0 8,0 5,0 5 8 13,5,1.250000,2.500000,3,5,2,0,0,solver
4,2,2,4,2,3,0 8,0 4,0 4 8 12,6,1.500000,3.000000,2,6,2,0,0,solver
4,2,2,4,2,3,0 8,0 3,0 3 8 11,7,1.750000,3.500000,3,7,2,0,0,solver
4,2,2,4,2,3,0 7,0 23,0 7 23 30,-12,-3.000000,-6.000000,0,0,1,0,0,solver
4,2,2,4,2,3,0 7,0 22,0 7 22 29,-11,-2.750000,-5.500000,0,0,1,0,0,solver
4,2,2,4,2,3,0 7,0 21,0 7 21 28,-10,-2.500000,-5.000000,0,0,1,0,0,solver
4,2,2,4,2,3,0 7,0 20,0 7 20 27,-9,-2.250000,-4.500000,0,0,1,0,0,solver
4,2,2,4,2,3,0 7,0 19,0 7 19 26,-8,-2.000000,-4.000000,0,0,1,0,0,solver
4,2,2,4,2,3,0 7,0 18,0 7 18 25,-7,-1.750000,-3.500000,0,0,1,0,0,solver
4,2,2,4,2,3,0 7,0 17,0 7 17 24,-6,-1.500000,-3.000000,0,0,1,0,0,solver
4,2,2,4,2,3,0 7,0 16,0 7 16 23,-5,-1.250000,-2.500000,0,0,1,0,0,solver
4,2,2,4,2,3,0 7,0 15,0 7 15 22,-4,-1.000000,-2.000000,0,0,1,0,0,solver
4,2,2,4,2,3,0 7,0 14,0 7 14 21,-3,-0.750000,-1.500000,0,0,1,0,0,solver
4,2,2,4,2,3,0 7,0 13,0 7 13 20,-2,-0.500000,-1.000000,0,0,1,0,0,solver
4,2,2,4,2,3,0 7,0 12,0 7 12 19,-1,-0.250000,-0.500000,1,1,2,0,0,solver
4,2,2,4,2,3,0 7,0 11,0 7 11 18,0,0.000000,0.000000,2,2,2,0,0,solver
4,2,2,4,2,3,0 7,0 10,0 7 10 17,1,0.250000,0.500000,3,3,2,0,0,solver
4,2,2,4,2,3,0 7,0 9,0 7 9 16,2,0.500000,1.000000,4,4,2,0,0,solver
4,2,2,4,2,3,0 7,0 5,0 5 7 12,6,1.500000,3.000000,4,6,2,0,0,solver
4,2,2,4,2,3,0 7,0 4,0 4 7 11,7,1.750000,3.500000,3,7,2,0,0,solver
4,2,2,4,2,3,0 7,0 3,0 3 7 10,8,2.000000,4.000000,3,8,2,0,0,solver
4,2,2,4,2,3,0 6,0 23,0 6 23 29,-11,-2.750000,-5.500000,0,0,1,0,0,solver
4,2,2,4,2,3,0 6,0 22,0 6 22 28,-10,-2.500000,-5.000000,0,0,1,0,0,solver
4,2,2,4,2,3,0 6,0 21,0 6 21 27,-9,-2.250000,-4.500000,0,0,1,0,0,solver
4,2,2,4,2,3,0 6,0 20,0 6 20 26,-8,-2.000000,-4.000000,0,0,1,0,0,solver
4,2,2,4,2,3,0 6,0 19,0 6 19 25,-7,-1.750000,-3.500000,0,0,1,0,0,solver
4,2,2,4,2,3,0 6,0 18,0 6 18 24,-6,-1.500000,-3.000000,0,0,1,0,0,solver
4,2,2,4,2,3,0 6,0 17,0 6 17 23,-5,-1.250000,-2.500000,0,0,1,0,0,solver
4,2,2,4,2,3,0 6,0 16,0 6 16 22,-4,-1.000000,-2.000000,0,0,1,0,0,solver
4,2,2,4,2,3,0 6,0 15,0 6 15 21,-3,-0.750000,-1.500000,0,0,1,0,0,solver
4,2,2,4,2,3,0 6,0 14,0 6 14 20,-2,-0.500000,-1.000000,0,0,1,0,0,solver
4,2,2,4,2,3,0 6,0 13,0 6 13 19,-1,-0.250000,-0.500000,0,0,1,0,0,solver
4,2,2,4,2,3,0 6,0 12,0 6 12 18,0,0.000000,0.000000,0,0,1,0,0,solver
4,2,2,4,2,3,0 6,0 11,0 6 11 17,1,0.250000,0.500000,1,1,2,0,0,solver
4,2,2,4,2,3,0 6,0 10,0 6 10 16,2,0.500000,1.000000,2,2,2,0,0,solver
4,2,2,4,2,3,0 6,0 9,0 6 9 15,3,0.750000,1.500000,3,3,2,0,0,solver
4,2,2,4,2,3,0 6,0 8,0 6 8 14,4,1.000000,2.000000,4,4,2,0,0,solver
4,2,2,4,2,3,0 6,0 4,0 4 6 10,8,2.000000,4.000000,4,8,2,0,0,solver
4,2,2,4,2,3,0 6,0 3,0 3 6 9,9,2.250000,4.500000,3,9,2,0,0,solver
4,2,2,4,2,3,0 5,0 23,0 5 23 28,-10,-2.500000,-5.000000,1,2,2,0,0,solver
4,2,2,4,2,3,0 5,0 22,0 5 22 27,-9,-2.250000,-4.500000,1,2,2,0,0,solver
4,2,2,4,2,3,0 5,0 21,0 5 21 26,-8,-2.000000,-4.000000,1,2,2,0,0,solver
4,2,2,4,2,3,0 5,0 20,0 5 20 25,-7,-1.750000,-3.500000,1,2,2,0,0,solver
4,2,2,4,2,3,0 5,0 19,0 5 19 24,-6,-1.500000,-3.000000,1,2,2,0,0,solver
4,2,2,4,2,3,0 5,0 18,0 5 18 23,-5,-1.250000,-2.500000,1,2,2,0,0,solver
4,2,2,4,2,3,0 5,0 17,0 5 17 22,-4,-1.000000,-2.000000,1,2,2,0,0,solver
4,2,2,4,2,3,0 5,0 16,0 5 16 21,-3,-0.750000,-1.500000,1,2,2,0,0,solver
4,2,2,4,2,3,0 5,0 15,0 5 15 20,-2,-0.500000,-1.000000,1,2,2,0,0,solver
4,2,2,4,2,3,0 5,0 14,0 5 14 19,-1,-0.250000,-0.500000,1,2,2,0,0,solver
4,2,2,4,2,3,0 5,0 13,0 5 13 18,0,0.000000,0.000000,1,2,2,0,0,solver
4,2,2,4,2,3,0 5,0 12,0 5 12 17,1,0.250000,0.500000,1,2,2,0,0,solver
4,2,2,4,2,3,0 5,0 11,0 5 11 16,2,0.500000,1.000000,1,2,2,0,0,solver
4,2,2,4,2,3,0 5,0 10,0 5 10 15,3,0.750000,1.500000,1,3,2,0,0,solver
4,2,2,4,2,3,0 5,0 9,0 5 9 14,4,1.000000,2.000000,2,4,2,0,0,solver
4,2,2,4,2,3,0 5,0 8,0 5 8 13,5,1.250000,2.500000,3,5,2,0,0,solver
4,2,2,4,2,3,0 5,0 7,0 5 7 12,6,1.500000,3.000000,4,6,2,0,0,solver
4,2,2,4,2,3,0 5,0 3,0 3 5 8,10,2.500000,5.000000,4,10,3,0,0,solver
4,2,2,4,2,3,0 4,0 23,0 4 23 27,-9,-2.250000,-4.500000,2,4,2,0,0,solver
4,2,2,4,2,3,0 4,0 22,0 4 22 26,-8,-2.000000,-4.000000,2,4,2,0,0,solver
4,2,2,4,2,3,0 4,0 21,0 4 21 25,-7,-1.750000,-3.500000,2,4,2,0,0,solver
4,2,2,4,2,3,0 4,0 20,0 4 20 24,-6,-1.500000,-3.000000,2,4,2,0,0,solver
4,2,2,4,2,3,0 4,0 19,0 4 19 23,-5,-1.250000,-2.500000,2,4,2,0,0,solver
4,2,2,4,2,3,0 4,0 18,0 4 18 22,-4,-1.000000,-2.000000,2,4,2,0,0,solver
4,2,2,4,2,3,0 4,0 17,0 4 17 21,-3,-0.750000,-1.500000,2,4,2,0,0,solver
4,2,2,4,2,3,0 4,0 16,0 4 16 20,-2,-0.500000,-1.000000,2,4,2,0,0,solver
4,2,2,4,2,3,0 4,0 15,0 4 15 19,-1,-0.250000,-0.500000,2,4,2,0,0,solver
4,2,2,4,2,3,0 4,0 14,0 4 14 18,0,0.000000,0.000000,2,4,2,0,0,solver
4,2,2,4,2,3,0 4,0 13,0 4 13 17,1,0.250000,0.500000,2,4,2,0,0,solver
4,2,2,4,2,3,0 4,0 12,0 4 12 16,2,0.500000,1.000000,2,4,2,0,0,solver
4,2,2,4,2,3,0 4,0 11,0 4 11 15,3,0.750000,1.500000,2,4,2,0,0,solver
4,2,2,4,2,3,0 4,0 10,0 4 10 14,4,1.000000,2.000000,2,4,2,0,0,solver
4,2,2,4,2,3,0 4,0 9,0 4 9 13,5,1.250000,2.500000,2,5,2,0,0,solver
4,2,2,4,2,3,0 4,0 8,0 4 8 12,6,1.500000,3.000000,2,6,2,0,0,solver
4,2,2,4,2,3,0 4,0 7,0 4 7 11,7,1.750000,3.500000,3,7,2,0,0,solver
4,2,2,4,2,3,0 4,0 6,0 4 6 10,8,2.000000,4.000000,4,8,2,0,0,solver
4,2,2,4,2,3,0 3,0 23,0 3 23 26,-8,-2.000000,-4.000000,3,6,2,0,0,solver
4,2,2,4,2,3,0 3,0 22,0 3 22 25,-7,-1.750000,-3.500000,3,6,2,0,0,solver
4,2,2,4,2,3,0 3,0 21,0 3 21 24,-6,-1.500000,-3.000000,3,6,2,0,0,solver
4,2,2,4,2,3,0 3,0 20,0 3 20 23,-5,-1.250000,-2.500000,3,6,2,0,0,solver
4,2,2,4,2,3,0 3,0 19,0 3 19 22,-4,-1.000000,-2.000000,3,6,2,0,0,solver
4,2,2,4,2,3,0 3,0 18,0 3 18 21,-3,-0.750000,-1.500000,3,6,2,0,0,solver
4,2,2,4,2,3,0 3,0 17,0 3 17 20,-2,-0.500000,-1.000000,3,6,2,0,0,solver
4,2,2,4,2,3,0 3,0 16,0 3 16 19,-1,-0.250000,-0.500000,3,6,2,0,0,solver
4,2,2,4,2,3,0 3,0 15,0 3 15 18,0,0.000000,0.000000,3,6,2,0,0,solver
4,2,2,4,2,3,0 3,0 14,0 3 14 17,1,0.250000,0.500000,3,6,2,0,0,solver
4,2,2,4,2,3,0 3,0 13,0 3 13 16,2,0.500000,1.000000,3,6,2,0,0,solver
4,2,2,4,2,3,0 3,0 12,0 3 12 15,3,0.750000,1.500000,3,6,2,0,0,solver
4,2,2,4,2,3,0 3,0 11,0 3 11 14,4,1.000000,2.000000,3,6,2,0,0,solver
4,2,2,4,2,3,0 3,0 10,0 3 10 13,5,1.250000,2.500000,3,6,2,0,0,solver
4,2,2,4,2,3,0 3,0 9,0 3 9 12,6,1.500000,3.000000,3,6,2,0,0,solver
4,2,2,4,2,3,0 3,0 8,0 3 8 11,7,1.750000,3.500000,3,7,2,0,0,solver
4,2,2,4,2,3,0 3,0 7,0 3 7 10,8,2.000000,4.000000,3,8,2,0,0,solver
4,2,2,4,2,3,0 3,0 6,0 3 6 9,9,2.250000,4.500000,3,9,2,0,0,solver
4,2,2,4,2,3,0 3,0 5,0 3 5 8,10,2.500000,5.000000,4,10,3,0,0,solver
4,2,3,6,3,3,0 14,0 11 23,0 11 14 23 25 37,-7,-1.166667,-2.333333,4,7,2,1,0,solver
4,2,3,6,3,3,0 14,0 11 22,0 11 14 22 25 36,-6,-1.000000,-2.000000,3,6,2,0,0,solver
4,2,3,6,3,3,0 14,0 10 21,0 10 14 21 24 35,-5,-0.833333,-1.666667,3,5,2,0,0,solver
4,2,3,6,3,3,0 14,0 10 20,0 10 14 20 24 34,-4,-0.666667,-1.333333,2,4,2,0,0,solver
4,2,3,6,3,3,0 14,0 9 19,0 9 14 19 23 33,-3,-0.500000,-1.000000,2,4,2,0,0,solver
4,2,3,6,3,3,0 14,0 9 18,0 9 14 18 23 32,-2,-0.333333,-0.666667,2,4,2,0,0,solver
4,2,3,6,3,3,0 14,0 8 17,0 8 14 17 22 31,-1,-0.166667,-0.333333,3,4,2,0,0,solver
4,2,3,6,3,3,0 14,0 8 16,0 8 14 16 22 30,0,0.000000,0.000000,4,4,2,0,0,solver
4,2,3,6,3,3,0 14,0 6 12,0 6 12 14 20 26,4,0.666667,1.333333,4,4,2,0,0,solver
4,2,3,6,3,3,0 14,0 5 11,0 5 11 14 19 25,5,0.833333,1.666667,3,5,2,0,0,solver
4,2,3,6,3,3,0 14,0 5 10,0 5 10 14 19 24,6,1.000000,2.000000,2,6,2,0,0,solver
4,2,3,6,3,3,0 14,0 4 9,0 4 9 14 18 23,7,1.166667,2.333333,2,7,2,0,0,solver
4,2,3,6,3,3,0 14,0 4 8,0 4 8 14 18 22,8,1.333333,2.666667,2,8,2,0,0,solver
4,2,3,6,3,3,0 14,0 3 7,0 3 7 14 17 21,9,1.500000,3.000000,3,10,2,0,0,solver
4,2,3,6,3,3,0 14,0 3 6,0 3 6 14 17 20,10,1.666667,3.333333,3,12,2,0,0,solver
4,2,3,6,3,3,0 13,0 11 22,0 11 13 22 24 35,-5,-0.833333,-1.666667,4,8,2,0,0,solver
4,2,3,6,3,3,0 13,0 10 21,0 10 13 21 23 34,-4,-0.666667,-1.333333,4,7,2,0,0,solver
4,2,3,6,3,3,0 13,0 10 20,0 10 13 20 23 33,-3,-0.500000,-1.000000,3,6,2,0,0,solver
4,2,3,6,3,3,0 13,0 9 19,0 9 13 19 22 32,-2,-0.333333,-0.666667,3,5,2,0,0,solver
4,2,3,6,3,3,0 13,0 9 18,0 9 13 18 22 31,-1,-0.166667,-0.333333,2,5,2,0,0,solver
4,2,3,6,3,3,0 13,0 8 17,0 8 13 17 21 30,0,0.000000,0.000000,2,5,2,0,0,solver
4,2,3,6,3,3,0 13,0 8 16,0 8 13 16 21 29,1,0.166667,0.333333,3,5,2,0,0,solver
4,2,3,6,3,3,0 13,0 7 15,0 7 13 15 20 28,2,0.333333,0.666667,4,5,2,0,0,solver
4,2,3,6,3,3,0 13,0 5 11,0 5 11 13 18 24,6,1.000000,2.000000,4,6,2,0,0,solver
4,2,3,6,3,3,0 13,0 5 10,0 5 10 13 18 23,7,1.166667,2.333333,3,7,2,0,0,solver
4,2,3,6,3,3,0 13,0 4 9,0 4 9 13 17 22,8,1.333333,2.666667,2,8,2,0,0,solver
4,2,3,6,3,3,0 13,0 4 8,0 4 8 13 17 21,9,1.500000,3.000000,2,9,2,0,0,solver
4,2,3,6,3,3,0 13,0 3 7,0 3 7 13 16 20,10,1.666667,3.333333,3,10,2,0,0,solver
4,2,3,6,3,3,0 13,0 3 6,0 3 6 13 16 19,11,1.833333,3.666667,3,12,2,0,0,solver
4,2,3,6,3,3,0 12,0 10 20,0 10 12 20 22 32,-2,-0.333333,-0.666667,4,8,2,0,0,solver
4,2,3,6,3,3,0 12,0 9 19,0 9 12 19 21 31,-1,-0.166667,-0.333333,4,7,2,0,0,solver
4,2,3,6,3,3,0 12,0 9 18,0 9 12 18 21 30,0,0.000000,0.000000,3,6,2,0,0,solver
4,2,3,6,3,3,0 12,0 8 17,0 8 12 17 20 29,1,0.166667,0.333333,3,6,2,0,0,solver
4,2,3,6,3,3,0 12,0 8 16,0 8 12 16 20 28,2,0.333333,0.666667,2,6,2,0,0,solver
4,2,3,6,3,3,0 12,0 7 15,0 7 12 15 19 27,3,0.500000,1.000000,3,6,2,0,0,solver
4,2,3,6,3,3,0 12,0 7 14,0 7 12 14 19 26,4,0.666667,1.333333,4,6,2,0,0,solver
4,2,3,6,3,3,0 12,0 5 10,0 5 10 12 17 22,8,1.333333,2.666667,4,8,2,0,0,solver
4,2,3,6,3,3,0 12,0 4 9,0 4 9 12 16 21,9,1.500000,3.000000,3,9,2,0,0,solver
4,2,3,6,3,3,0 12,0 4 8,0 4 8 12 16 20,10,1.666667,3.333333,2,10,2,0,0,solver
4,2,3,6,3,3,0 12,0 3 7,0 3 7 12 15 19,11,1.833333,3.666667,3,11,2,0,0,solver
4,2,3,6,3,3,0 12,0 3 6,0 3 6 12 15 18,12,2.000000,4.000000,3,12,2,0,0,solver
4,2,3,6,3,3,0 11,0 9 18,0 9 11 18 20 29,1,0.166667,0.333333,4,8,2,0,0,solver
4,2,3,6,3,3,0 11,0 8 17,0 8 11 17 19 28,2,0.333333,0.666667,4,7,2,0,0,solver
4,2,3,6,3,3,0 11,0 8 16,0 8 11 16 19 27,3,0.500000,1.000000,3,7,2,0,0,solver
4,2,3,6,3,3,0 11,0 7 15,0 7 11 15 18 26,4,0.666667,1.333333,3,7,2,0,0,solver
4,2,3,6,3,3,0 11,0 7 14,0 7 11 14 18 25,5,0.833333,1.666667,3,7,2,0,0,solver
4,2,3,6,3,3,0 11,0 6 13,0 6 11 13 17 24,6,1.000000,2.000000,4,7,2,0,0,solver
4,2,3,6,3,3,0 11,0 4 9,0 4 9 11 15 20,10,1.666667,3.333333,4,10,2,0,0,solver
4,2,3,6,3,3,0 11,0 4 8,0 4 8 11 15 19,11,1.833333,3.666667,3,11,2,0,0,solver
4,2,3,6,3,3,0 11,0 3 7,0 3 7 11 14 18,12,2.000000,4.000000,3,12,2,0,0,solver
4,2,3,6,3,3,0 11,0 3 6,0 3 6 11 14 17,13,2.166667,4.333333,3,13,2,0,0,solver
4,2,3,6,3,3,0 10,0 8 16,0 8 10 16 18 26,4,0.666667,1.333333,4,8,2,0,0,solver
4,2,3,6,3,3,0 10,0 7 15,0 7 10 15 17 25,5,0.833333,1.666667,4,8,2,0,0,solver
4,2,3,6,3,3,0 10,0 7 14,0 7 10 14 17 24,6,1.000000,2.000000,3,8,2,0,0,solver
4,2,3,6,3,3,0 10,0 6 13,0 6 10 13 16 23,7,1.166667,2.333333,3,8,2,0,0,solver
4,2,3,6,3,3,0 10,0 6 12,0 6 10 12 16 22,8,1.333333,2.666667,4,8,2,0,0,solver
4,2,3,6,3,3,0 10,0 4 8,0 4 8 10 14 18,12,2.000000,4.000000,4,12,2,0,0,solver
4,2,3,6,3,3,0 10,0 3 7,0 3 7 10 13 17,13,2.166667,4.333333,3,13,2,0,0,solver
4,2,3,6,3,3,0 10,0 3 6,0 3 6 10 13 16,14,2.333333,4.666667,3,14,2,0,0,solver
4,2,3,6,3,3,0 9,0 11 23,0 9 11 20 23 32,-2,-0.333333,-0.666667,4,7,2,0,0,solver
4,2,3,6,3,3,0 9,0 11 22,0 9 11 20 22 31,-1,-0.166667,-0.333333,4,8,2,0,0,solver
4,2,3,6,3,3,0 9,0 7 14,0 7 9 14 16 23,7,1.166667,2.333333,4,9,2,0,0,solver
4,2,3,6,3,3,0 9,0 6 13,0 6 9 13 15 22,8,1.333333,2.666667,4,9,2,0,0,solver
4,2,3,6,3,3,0 9,0 6 12,0 6 9 12 15 21,9,1.500000,3.000000,3,9,2,0,0,solver
4,2,3,6,3,3,0 9,0 5 11,0 5 9 11 14 20,10,1.666667,3.333333,4,10,3,0,0,solver
4,2,3,6,3,3,0 9,0 3 7,0 3 7 9 12 16,14,2.333333,4.666667,4,14,3,0,0,solver
4,2,3,6,3,3,0 9,0 3 6,0 3 6 9 12 15,15,2.500000,5.000000,3,15,2,0,0,solver
4,2,3,6,3,3,0 8,0 11 23,0 8 11 19 23 31,-1,-0.166667,-0.333333,3,5,2,0,0,solver
4,2,3,6,3,3,0 8,0 11 22,0 8 11 19 22 30,0,0.000000,0.000000,3,6,2,0,0,solver
4,2,3,6,3,3,0 8,0 10 21,0 8 10 18 21 29,1,0.166667,0.333333,4,7,2,0,0,solver
4,2,3,6,3,3,0 8,0 10 20,0 8 10 18 20 28,2,0.333333,0.666667,4,8,2,0,0,solver
4,2,3,6,3,3,0 8,0 6 12,0 6 8 12 14 20,10,1.666667,3.333333,4,10,2,0,0,solver
4,2,3,6,3,3,0 8,0 5 11,0 5 8 11 13 19,11,1.833333,3.666667,4,11,3,0,0,solver
4,2,3,6,3,3,0 8,0 5 10,0 5 8 10 13 18,12,2.000000,4.000000,4,12,3,0,0,solver
4,2,3,6,3,3,0 8,0 3 6,0 3 6 8 11 14,16,2.666667,5.333333,4,16,3,0,0,solver
4,2,3,6,3,3,0 7,0 11 23,0 7 11 18 23 30,0,0.000000,0.000000,2,3,2,0,0,solver
4,2,3,6,3,3,0 7,0 11 22,0 7 11 18 22 29,1,0.166667,0.333333,2,4,2,0,0,solver
4,2,3,6,3,3,0 7,0 10 21,0 7 10 17 21 28,2,0.333333,0.666667,3,5,2,0,0,solver
4,2,3,6,3,3,0 7,0 10 20,0 7 10 17 20 27,3,0.500000,1.000000,3,6,2,0,0,solver
4,2,3,6,3,3,0 7,0 9 19,0 7 9 16 19 26,4,0.666667,1.333333,4,7,2,0,0,solver
4,2,3,6,3,3,0 7,0 9 18,0 7 9 16 18 25,5,0.833333,1.666667,4,8,2,0,0,solver
4,2,3,6,3,3,0 7,0 5 10,0 5 7 10 12 17,13,2.166667,4.333333,4,13,3,0,0,solver
4,2,3,6,3,3,0 7,0 4 9,0 4 7 9 11 16,14,2.333333,4.666667,4,14,3,0,0,solver
4,2,3,6,3,3,0 6,0 11 23,0 6 11 17 23 29,1,0.166667,0.333333,1,1,2,0,0,solver
4,2,3,6,3,3,0 6,0 11 22,0 6 11 17 22 28,2,0.333333,0.666667,1,2,2,0,0,solver
4,2,3,6,3,3,0 6,0 10 21,0 6 10 16 21 27,3,0.500000,1.000000,2,3,2,0,0,solver
4,2,3,6,3,3,0 6,0 10 20,0 6 10 16 20 26,4,0.666667,1.333333,2,4,2,0,0,solver
4,2,3,6,3,3,0 6,0 9 19,0 6 9 15 19 25,5,0.833333,1.666667,3,5,2,0,0,solver
4,2,3,6,3,3,0 6,0 9 18,0 6 9 15 18 24,6,1.000000,2.000000,3,6,2,0,0,solver
4,2,3,6,3,3,0 6,0 8 17,0 6 8 14 17 23,7,1.166667,2.333333,4,7,2,0,0,solver
4,2,3,6,3,3,0 6,0 8 16,0 6 8 14 16 22,8,1.333333,2.666667,4,8,2,0,0,solver
4,2,3,6,3,3,0 6,0 4 8,0 4 6 8 10 14,16,2.666667,5.333333,4,16,3,0,0,solver
4,2,3,6,3,3,0 5,0 11 23,0 5 11 16 23 28,2,0.333333,0.666667,1,3,2,0,0,solver
4,2,3,6,3,3,0 5,0 11 22,0 5 11 16 22 27,3,0.500000,1.000000,1,3,2,0,0,solver
4,2,3,6,3,3,0 5,0 10 21,0 5 10 15 21 26,4,0.666667,1.333333,1,4,2,0,0,solver
4,2,3,6,3,3,0 5,0 10 20,0 5 10 15 20 25,5,0.833333,1.666667,1,5,2,0,0,solver
4,2,3,6,3,3,0 5,0 9 19,0 5 9 14 19 24,6,1.000000,2.000000,2,6,2,0,0,solver
4,2,3,6,3,3,0 5,0 9 18,0 5 9 14 18 23,7,1.166667,2.333333,2,7,2,0,0,solver
4,2,3,6,3,3,0 5,0 8 17,0 5 8 13 17 22,8,1.333333,2.666667,3,8,2,0,0,solver
4,2,3,6,3,3,0 5,0 8 16,0 5 8 13 16 21,9,1.500000,3.000000,3,9,2,0,0,solver
4,2,3,6,3,3,0 5,0 7 15,0 5 7 12 15 20,10,1.666667,3.333333,4,10,2,0,0,solver
4,2,3,6,3,3,0 5,0 7 14,0 5 7 12 14 19,11,1.833333,3.666667,4,11,2,0,0,solver
4,2,3,6,3,3,0 4,0 11 23,0 4 11 15 23 27,3,0.500000,1.000000,2,6,2,0,0,solver
4,2,3,6,3,3,0 4,0 11 22,0 4 11 15 22 26,4,0.666667,1.333333,2,6,2,0,0,solver
4,2,3,6,3,3,0 4,0 10 21,0 4 10 14 21 25,5,0.833333,1.666667,2,6,2,0,0,solver
4,2,3,6,3,3,0 4,0 10 20,0 4 10 14 20 24,6,1.000000,2.000000,2,6,2,0,0,solver
4,2,3,6,3,3,0 4,0 9 19,0 4 9 13 19 23,7,1.166667,2.333333,2,7,2,0,0,solver
4,2,3,6,3,3,0 4,0 9 18,0 4 9 13 18 22,8,1.333333,2.666667,2,8,2,0,0,solver
4,2,3,6,3,3,0 4,0 8 17,0 4 8 12 17 21,9,1.500000,3.000000,2,9,2,0,0,solver
4,2,3,6,3,3,0 4,0 8 16,0 4 8 12 16 20,10,1.666667,3.333333,2,10,2,0,0,solver
4,2,3,6,3,3,0 4,0 7 15,0 4 7 11 15 19,11,1.833333,3.666667,3,11,2,0,0,solver
4,2,3,6,3,3,0 4,0 7 14,0 4 7 11 14 18,12,2.000000,4.000000,3,12,2,0,0,solver
4,2,3,6,3,3,0 4,0 6 13,0 4 6 10 13 17,13,2.166667,4.333333,4,13,2,0,0,solver
4,2,3,6,3,3,0 4,0 6 12,0 4 6 10 12 16,14,2.333333,4.666667,4,14,2,0,0,solver
4,2,3,6,3,3,0 3,0 11 23,0 3 11 14 23 26,4,0.666667,1.333333,3,9,2,0,0,solver
4,2,3,6,3,3,0 3,0 11 22,0 3 11 14 22 25,5,0.833333,1.666667,3,9,2,0,0,solver
4,2,3,6,3,3,0 3,0 10 21,0 3 10 13 21 24,6,1.000000,2.000000,3,9,2,0,0,solver
4,2,3,6,3,3,0 3,0 10 20,0 3 10 13 20 23,7,1.166667,2.333333,3,9,2,0,0,solver
4,2,3,6,3,3,0 3,0 9 19,0 3 9 12 19 22,8,1.333333,2.666667,3,9,2,0,0,solver
4,2,3,6,3,3,0 3,0 9 18,0 3 9 12 18 21,9,1.500000,3.000000,3,9,2,0,0,solver
4,2,3,6,3,3,0 3,0 8 17,0 3 8 11 17 20,10,1.666667,3.333333,3,10,2,0,0,solver
4,2,3,6,3,3,0 3,0 8 16,0 3 8 11 16 19,11,1.833333,3.666667,3,11,2,0,0,solver
4,2,3,6,3,3,0 3,0 7 15,0 3 7 10 15 18,12,2.000000,4.000000,3,12,2,0,0,solver
4,2,3,6,3,3,0 3,0 7 14,0 3 7 10 14 17,13,2.166667,4.333333,3,13,2,0,0,solver
4,2,3,6,3,3,0 3,0 6 13,0 3 6 9 13 16,14,2.333333,4.666667,3,14,2,0,0,solver
4,2,3,6,3,3,0 3,0 6 12,0 3 6 9 12 15,15,2.500000,5.000000,3,15,2,0,0,solver
4,2,3,6,3,3,0 3,0 5 11,0 3 5 8 11 14,16,2.666667,5.333333,4,16,3,0,0,solver
4,2,3,6,3,3,0 3,0 5 10,0 3 5 8 10 13,17,2.833333,5.666667,4,17,3,0,0,solver
4,2,4,8,4,3,0 14,0 6 12 18,0 6 12 14 18 20 26 32,10,1.250000,2.500000,4,10,2,0,0,solver
4,2,4,8,4,3,0 14,0 5 11 17,0 5 11 14 17 19 25 31,11,1.375000,2.750000,4,11,3,0,0,solver
4,2,4,8,4,3,0 14,0 5 10 16,0 5 10 14 16 19 24 30,12,1.500000,3.000000,4,12,3,0,0,solver
4,2,4,8,4,3,0 14,0 4 8 12,0 4 8 12 14 18 22 26,16,2.000000,4.000000,4,16,2,0,0,solver
4,2,4,8,4,3,0 14,0 3 7 11,0 3 7 11 14 17 21 25,17,2.125000,4.250000,3,17,2,0,0,solver
4,2,4,8,4,3,0 14,0 3 6 10,0 3 6 10 14 17 20 24,18,2.250000,4.500000,3,18,2,0,0,solver
4,2,4,8,4,3,0 14,0 3 6 9,0 3 6 9 14 17 20 23,19,2.375000,4.750000,3,19,2,0,0,solver
4,2,4,8,4,3,0 13,0 7 15 23,0 7 13 15 20 23 28 36,6,0.750000,1.500000,4,9,2,0,0,solver
4,2,4,8,4,3,0 13,0 5 10 16,0 5 10 13 16 18 23 29,13,1.625000,3.250000,4,13,3,0,0,solver
4,2,4,8,4,3,0 13,0 5 10 15,0 5 10 13 15 18 23 28,14,1.750000,3.500000,4,14,3,0,0,solver
4,2,4,8,4,3,0 13,0 3 7 11,0 3 7 11 13 16 20 24,18,2.250000,4.500000,4,18,3,0,0,solver
4,2,4,8,4,3,0 13,0 3 6 10,0 3 6 10 13 16 19 23,19,2.375000,4.750000,3,19,2,0,0,solver
4,2,4,8,4,3,0 13,0 3 6 9,0 3 6 9 13 16 19 22,20,2.500000,5.000000,3,20,2,0,0,solver
4,2,4,8,4,3,0 12,0 7 15 23,0 7 12 15 19 23 27 35,7,0.875000,1.750000,3,10,2,0,0,solver
4,2,4,8,4,3,0 12,0 7 14 22,0 7 12 14 19 22 26 34,8,1.000000,2.000000,4,11,2,0,0,solver
4,2,4,8,4,3,0 12,0 7 14 21,0 7 12 14 19 21 26 33,9,1.125000,2.250000,4,11,2,0,0,solver
4,2,4,8,4,3,0 12,0 5 10 15,0 5 10 12 15 17 22 27,15,1.875000,3.750000,4,15,3,0,0,solver
4,2,4,8,4,3,0 12,0 4 9 14,0 4 9 12 14 16 21 26,16,2.000000,4.000000,4,16,3,0,0,solver
4,2,4,8,4,3,0 12,0 3 6 10,0 3 6 10 12 15 18 22,20,2.500000,5.000000,4,20,3,0,0,solver
4,2,4,8,4,3,0 12,0 3 6 9,0 3 6 9 12 15 18 21,21,2.625000,5.250000,3,21,2,0,0,solver
4,2,4,8,4,3,0 11,0 7 15 23,0 7 11 15 18 23 26 34,8,1.000000,2.000000,3,11,2,0,0,solver
4,2,4,8,4,3,0 11,0 7 14 22,0 7 11 14 18 22 25 33,9,1.125000,2.250000,3,12,2,0,0,solver
4,2,4,8,4,3,0 11,0 7 14 21,0 7 11 14 18 21 25 32,10,1.250000,2.500000,3,12,2,0,0,solver
4,2,4,8,4,3,0 11,0 6 13 20,0 6 11 13 17 20 24 31,11,1.375000,2.750000,4,12,2,0,0,solver
4,2,4,8,4,3,0 11,0 4 8 13,0 4 8 11 13 15 19 24,18,2.250000,4.500000,4,18,3,0,0,solver
4,2,4,8,4,3,0 11,0 3 6 9,0 3 6 9 11 14 17 20,22,2.750000,5.500000,4,22,3,0,0,solver
4,2,4,8,4,3,0 10,0 7 15 23,0 7 10 15 17 23 25 33,9,1.125000,2.250000,4,12,2,0,0,solver
4,2,4,8,4,3,0 10,0 7 14 22,0 7 10 14 17 22 24 32,10,1.250000,2.500000,4,13,2,0,0,solver
4,2,4,8,4,3,0 10,0 7 14 21,0 7 10 14 17 21 24 31,11,1.375000,2.750000,3,13,2,0,0,solver
4,2,4,8,4,3,0 10,0 6 13 20,0 6 10 13 16 20 23 30,12,1.500000,3.000000,3,13,2,0,0,solver
4,2,4,8,4,3,0 10,0 6 12 19,0 6 10 12 16 19 22 29,13,1.625000,3.250000,4,14,2,0,0,solver
4,2,4,8,4,3,0 10,0 6 12 18,0 6 10 12 16 18 22 28,14,1.750000,3.500000,4,14,2,0,0,solver
4,2,4,8,4,3,0 10,0 4 8 12,0 4 8 10 12 14 18 22,20,2.500000,5.000000,4,20,3,0,0,solver
4,2,4,8,4,3,0 9,0 7 14 21,0 7 9 14 16 21 23 30,12,1.500000,3.000000,4,14,2,0,0,solver
4,2,4,8,4,3,0 9,0 6 13 20,0 6 9 13 15 20 22 29,13,1.625000,3.250000,4,14,2,0,0,solver
4,2,4,8,4,3,0 9,0 6 12 19,0 6 9 12 15 19 21 28,14,1.750000,3.500000,4,15,2,0,0,solver
4,2,4,8,4,3,0 9,0 6 12 18,0 6 9 12 15 18 21 27,15,1.875000,3.750000,3,15,2,0,0,solver
4,2,4,8,4,3,0 9,0 5 11 17,0 5 9 11 14 17 20 26,16,2.000000,4.000000,4,16,3,0,0,solver
4,2,4,8,4,3,0 8,0 6 12 18,0 6 8 12 14 18 20 26,16,2.000000,4.000000,4,16,2,0,0,solver
4,2,4,8,4,3,0 8,0 5 11 17,0 5 8 11 13 17 19 25,17,2.125000,4.250000,4,17,3,0,0,solver
4,2,4,8,4,3,0 8,0 5 10 16,0 5 8 10 13 16 18 24,18,2.250000,4.500000,4,18,3,0,0,solver
4,2,4,8,4,3,0 8,0 5 10 15,0 5 8 10 13 15 18 23,19,2.375000,4.750000,4,19,3,0,0,solver
4,2,4,8,4,3,0 7,0 5 10 15,0 5 7 10 12 15 17 22,20,2.500000,5.000000,4,20,3,0,0,solver
4,2,4,8,4,3,0 7,0 4 9 14,0 4 7 9 11 14 16 21,21,2.625000,5.250000,4,21,3,0,0,solver
4,2,4,8,4,3,0 6,0 4 8 12,0 4 6 8 10 12 14 18,24,3.000000,6.000000,4,24,3,0,0,solver
4,2,4,8,4,3,0 5,0 7 15 23,0 5 7 12 15 20 23 28,14,1.750000,3.500000,4,14,2,0,0,solver
4,2,4,8,4,3,0 5,0 7 14 22,0 5 7 12 14 19 22 27,15,1.875000,3.750000,4,15,2,0,0,solver
4,2,4,8,4,3,0 5,0 7 14 21,0 5 7 12 14 19 21 26,16,2.000000,4.000000,4,16,2,0,0,solver
4,2,4,8,4,3,0 4,0 7 15 23,0 4 7 11 15 19 23 27,15,1.875000,3.750000,3,15,2,0,0,solver
4,2,4,8,4,3,0 4,0 7 14 22,0 4 7 11 14 18 22 26,16,2.000000,4.000000,3,16,2,0,0,solver
4,2,4,8,4,3,0 4,0 7 14 21,0 4 7 11 14 18 21 25,17,2.125000,4.250000,3,17,2,0,0,solver
4,2,4,8,4,3,0 4,0 6 13 20,0 4 6 10 13 17 20 24,18,2.250000,4.500000,4,18,2,0,0,solver
4,2,4,8,4,3,0 4,0 6 12 19,0 4 6 10 12 16 19 23,19,2.375000,4.750000,4,19,2,0,0,solver
4,2,4,8,4,3,0 4,0 6 12 18,0 4 6 10 12 16 18 22,20,2.500000,5.000000,4,20,2,0,0,solver
4,2,4,8,4,3,0 3,0 7 15 23,0 3 7 10 15 18 23 26,16,2.000000,4.000000,3,16,2,0,0,solver
4,2,4,8,4,3,0 3,0 7 14 22,0 3 7 10 14 17 22 25,17,2.125000,4.250000,3,17,2,0,0,solver
4,2,4,8,4,3,0 3,0 7 14 21,0 3 7 10 14 17 21 24,18,2.250000,4.500000,3,18,2,0,0,solver
4,2,4,8,4,3,0 3,0 6 13 20,0 3 6 9 13 16 20 23,19,2.375000,4.750000,3,19,2,0,0,solver
4,2,4,8,4,3,0 3,0 6 12 19,0 3 6 9 12 15 19 22,20,2.500000,5.000000,3,20,2,0,0,solver
4,2,4,8,4,3,0 3,0 6 12 18,0 3 6 9 12 15 18 21,21,2.625000,5.250000,3,21,2,0,0,solver
4,2,4,8,4,3,0 3,0 5 11 17,0 3 5 8 11 14 17 20,22,2.750000,5.500000,4,22,3,0,0,solver
4,2,4,8,4,3,0 3,0 5 10 16,0 3 5 8 10 13 16 19,23,2.875000,5.750000,4,23,3,0,0,solver
4,2,4,8,4,3,0 3,0 5 10 15,0 3 5 8 10 13 15 18,24,3.000000,6.000000,4,24,3,0,0,solver
4,2,5,10,5,3,0 14,0 5 11 17 23,0 5 11 14 17 19 23 25 31 37,17,1.700000,3.400000,4,17,3,1,0,solver
4,2,5,10,5,3,0 14,0 5 10 16 22,0 5 10 14 16 19 22 24 30 36,18,1.800000,3.600000,4,18,3,0,0,solver
4,2,5,10,5,3,0 14,0 4 8 12 16,0 4 8 12 14 16 18 22 26 30,24,2.400000,4.800000,4,24,3,0,0,solver
4,2,5,10,5,3,0 14,0 3 6 9 12,0 3 6 9 12 14 17 20 23 26,28,2.800000,5.600000,4,28,3,0,0,solver
4,2,5,10,5,3,0 13,0 5 10 15 21,0 5 10 13 15 18 21 23 28 34,20,2.000000,4.000000,4,20,3,0,0,solver
4,2,5,10,5,3,0 13,0 5 10 15 20,0 5 10 13 15 18 20 23 28 33,21,2.100000,4.200000,4,21,3,0,0,solver
4,2,5,10,5,3,0 12,0 5 10 15 20,0 5 10 12 15 17 20 22 27 32,22,2.200000,4.400000,4,22,3,0,0,solver
4,2,5,10,5,3,0 12,0 4 9 14 19,0 4 9 12 14 16 19 21 26 31,23,2.300000,4.600000,4,23,3,0,0,solver
4,2,5,10,5,3,0 10,0 4 8 12 16,0 4 8 10 12 14 16 18 22 26,28,2.800000,5.600000,4,28,3,0,0,solver
4,2,5,10,5,3,0 9,0 5 11 17 23,0 5 9 11 14 17 20 23 26 32,22,2.200000,4.400000,4,22,3,0,0,solver
4,2,5,10,5,3,0 8,0 5 11 17 23,0 5 8 11 13 17 19 23 25 31,23,2.300000,4.600000,4,23,3,0,0,solver
4,2,5,10,5,3,0 8,0 5 10 16 22,0 5 8 10 13 16 18 22 24 30,24,2.400000,4.800000,4,24,3,0,0,solver
4,2,5,10,5,3,0 8,0 5 10 15 21,0 5 8 10 13 15 18 21 23 29,25,2.500000,5.000000,4,25,3,0,0,solver
4,2,5,10,5,3,0 8,0 5 10 15 20,0 5 8 10 13 15 18 20 23 28,26,2.600000,5.200000,4,26,3,0,0,solver
4,2,5,10,5,3,0 7,0 5 10 15 20,0 5 7 10 12 15 17 20 22 27,27,2.700000,5.400000,4,27,3,0,0,solver
4,2,5,10,5,3,0 7,0 4 9 14 19,0 4 7 9 11 14 16 19 21 26,28,2.800000,5.600000,4,28,3,0,0,solver
4,2,5,10,5,3,0 6,0 4 8 12 16,0 4 6 8 10 12 14 16 18 22,32,3.200000,6.400000,4,32,3,0,0,solver
4,2,5,10,5,3,0 3,0 5 11 17 23,0 3 5 8 11 14 17 20 23 26,28,2.800000,5.600000,4,28,3,0,0,solver
4,2,5,10,5,3,0 3,0 5 10 16 22,0 3 5 8 10 13 16 19 22 25,29,2.900000,5.800000,4,29,3,0,0,solver
4,2,5,10,5,3,0 3,0 5 10 15 21,0 3 5 8 10 13 15 18 21 24,30,3.000000,6.000000,4,30,3,0,0,solver
4,2,5,10,5,3,0 3,0 5 10 15 20,0 3 5 8 10 13 15 18 20 23,31,3.100000,6.200000,4,31,3,0,0,solver
4,2,6,12,6,3,0 14,0 4 8 12 16 20,0 4 8 12 14 16 18 20 22 26 30 34,32,2.666667,5.333333,4,32,3,0,0,solver
4,2,6,12,6,3,0 10,0 4 8 12 16 20,0 4 8 10 12 14 16 18 20 22 26 30,36,3.000000,6.000000,4,36,3,0,0,solver
4,2,6,12,6,3,0 6,0 4 8 12 16 20,0 4 6 8 10 12 14 16 18 20 22 26,40,3.333333,6.666667,4,40,3,0,0,solver
4,3,1,3,1,3,0 7 14,0,0 7 14,-2,-0.666667,-2.000000,0,0,1,0,0,solver
4,3,1,3,1,3,0 6 13,0,0 6 13,-1,-0.333333,-1.000000,0,0,1,0,0,solver
4,3,1,3,1,3,0 6 12,0,0 6 12,0,0.000000,0.000000,0,0,1,0,0,solver
4,3,1,3,1,3,0 5 11,0,0 5 11,1,0.333333,1.000000,1,1,2,0,0,solver
4,3,1,3,1,3,0 5 10,0,0 5 10,2,0.666667,2.000000,1,2,2,0,0,solver
4,3,1,3,1,3,0 4 9,0,0 4 9,3,1.000000,3.000000,2,3,2,0,0,solver
4,3,1,3,1,3,0 4 8,0,0 4 8,4,1.333333,4.000000,2,4,2,0,0,solver
4,3,1,3,1,3,0 3 7,0,0 3 7,5,1.666667,5.000000,3,5,2,0,0,solver
4,3,1,3,1,3,0 3 6,0,0 3 6,6,2.000000,6.000000,3,6,2,0,0,solver
4,3,2,6,2,3,0 7 14,0 23,0 7 14 23 30 37,-7,-1.166667,-3.500000,0,0,1,1,0,solver
4,3,2,6,2,3,0 7 14,0 22,0 7 14 22 29 36,-6,-1.000000,-3.000000,0,0,1,0,0,solver
4,3,2,6,2,3,0 7 14,0 21,0 7 14 21 28 35,-5,-0.833333,-2.500000,0,0,1,0,0,solver
4,3,2,6,2,3,0 7 14,0 20,0 7 14 20 27 34,-4,-0.666667,-2.000000,0,0,1,0,0,solver
4,3,2,6,2,3,0 7 14,0 19,0 7 14 19 26 33,-3,-0.500000,-1.500000,1,1,2,0,0,solver
4,3,2,6,2,3,0 7 14,0 18,0 7 14 18 25 32,-2,-0.333333,-1.000000,2,2,2,0,0,solver
4,3,2,6,2,3,0 7 14,0 17,0 7 14 17 24 31,-1,-0.166667,-0.500000,3,3,2,0,0,solver
4,3,2,6,2,3,0 7 14,0 16,0 7 14 16 23 30,0,0.000000,0.000000,4,4,2,0,0,solver
4,3,2,6,2,3,0 7 14,0 12,0 7 12 14 19 26,4,0.666667,2.000000,4,6,2,0,0,solver
4,3,2,6,2,3,0 7 14,0 11,0 7 11 14 18 25,5,0.833333,2.500000,3,7,2,0,0,solver
4,3,2,6,2,3,0 7 14,0 10,0 7 10 14 17 24,6,1.000000,3.000000,3,8,2,0,0,solver
4,3,2,6,2,3,0 7 14,0 9,0 7 9 14 16 23,7,1.166667,3.500000,4,9,2,0,0,solver
4,3,2,6,2,3,0 7 14,0 5,0 5 7 12 14 19,11,1.833333,5.500000,4,11,2,0,0,solver
4,3,2,6,2,3,0 7 14,0 4,0 4 7 11 14 18,12,2.000000,6.000000,3,12,2,0,0,solver
4,3,2,6,2,3,0 7 14,0 3,0 3 7 10 14 17,13,2.166667,6.500000,3,13,2,0,0,solver
4,3,2,6,2,3,0 6 13,0 23,0 6 13 23 29 36,-6,-1.000000,-3.000000,0,0,1,0,0,solver
4,3,2,6,2,3,0 6 13,0 22,0 6 13 22 28 35,-5,-0.833333,-2.500000,0,0,1,0,0,solver
4,3,2,6,2,3,0 6 13,0 21,0 6 13 21 27 34,-4,-0.666667,-2.000000,0,0,1,0,0,solver
4,3,2,6,2,3,0 6 13,0 20,0 6 13 20 26 33,-3,-0.500000,-1.500000,0,0,1,0,0,solver
4,3,2,6,2,3,0 6 13,0 19,0 6 13 19 25 32,-2,-0.333333,-1.000000,0,0,1,0,0,solver
4,3,2,6,2,3,0 6 13,0 18,0 6 13 18 24 31,-1,-0.166667,-0.500000,1,1,2,0,0,solver
4,3,2,6,2,3,0 6 13,0 17,0 6 13 17 23 30,0,0.000000,0.000000,2,2,2,0,0,solver
4,3,2,6,2,3,0 6 13,0 16,0 6 13 16 22 29,1,0.166667,0.500000,3,3,2,0,0,solver
4,3,2,6,2,3,0 6 13,0 15,0 6 13 15 21 28,2,0.333333,1.000000,4,4,2,0,0,solver
4,3,2,6,2,3,0 6 13,0 11,0 6 11 13 17 24,6,1.000000,3.000000,4,7,2,0,0,solver
4,3,2,6,2,3,0 6 13,0 10,0 6 10 13 16 23,7,1.166667,3.500000,3,8,2,0,0,solver
4,3,2,6,2,3,0 6 13,0 9,0 6 9 13 15 22,8,1.333333,4.000000,4,9,2,0,0,solver
4,3,2,6,2,3,0 6 13,0 4,0 4 6 10 13 17,13,2.166667,6.500000,4,13,2,0,0,solver
4,3,2,6,2,3,0 6 13,0 3,0 3 6 9 13 16,14,2.333333,7.000000,3,14,2,0,0,solver
4,3,2,6,2,3,0 6 12,0 23,0 6 12 23 29 35,-5,-0.833333,-2.500000,0,0,1,0,0,solver
4,3,2,6,2,3,0 6 12,0 22,0 6 12 22 28 34,-4,-0.666667,-2.000000,0,0,1,0,0,solver
4,3,2,6,2,3,0 6 12,0 21,0 6 12 21 27 33,-3,-0.500000,-1.500000,0,0,1,0,0,solver
4,3,2,6,2,3,0 6 12,0 20,0 6 12 20 26 32,-2,-0.333333,-1.000000,0,0,1,0,0,solver
4,3,2,6,2,3,0 6 12,0 19,0 6 12 19 25 31,-1,-0.166667,-0.500000,0,0,1,0,0,solver
4,3,2,6,2,3,0 6 12,0 18,0 6 12 18 24 30,0,0.000000,0.000000,0,0,1,0,0,solver
4,3,2,6,2,3,0 6 12,0 17,0 6 12 17 23 29,1,0.166667,0.500000,1,1,2,0,0,solver
4,3,2,6,2,3,0 6 12,0 16,0 6 12 16 22 28,2,0.333333,1.000000,2,2,2,0,0,solver
4,3,2,6,2,3,0 6 12,0 15,0 6 12 15 21 27,3,0.500000,1.500000,3,3,2,0,0,solver
4,3,2,6,2,3,0 6 12,0 14,0 6 12 14 20 26,4,0.666667,2.000000,4,4,2,0,0,solver
4,3,2,6,2,3,0 6 12,0 10,0 6 10 12 16 22,8,1.333333,4.000000,4,8,2,0,0,solver
4,3,2,6,2,3,0 6 12,0 9,0 6 9 12 15 21,9,1.500000,4.500000,3,9,2,0,0,solver
4,3,2,6,2,3,0 6 12,0 8,0 6 8 12 14 20,10,1.666667,5.000000,4,10,2,0,0,solver
4,3,2,6,2,3,0 6 12,0 4,0 4 6 10 12 16,14,2.333333,7.000000,4,14,2,0,0,solver
4,3,2,6,2,3,0 6 12,0 3,0 3 6 9 12 15,15,2.500000,7.500000,3,15,2,0,0,solver
4,3,2,6,2,3,0 5 11,0 23,0 5 11 23 28 34,-4,-0.666667,-2.000000,1,2,2,0,0,solver
4,3,2,6,2,3,0 5 11,0 22,0 5 11 22 27 33,-3,-0.500000,-1.500000,1,2,2,0,0,solver
4,3,2,6,2,3,0 5 11,0 21,0 5 11 21 26 32,-2,-0.333333,-1.000000,1,2,2,0,0,solver
4,3,2,6,2,3,0 5 11,0 20,0 5 11 20 25 31,-1,-0.166667,-0.500000,1,2,2,0,0,solver
4,3,2,6,2,3,0 5 11,0 19,0 5 11 19 24 30,0,0.000000,0.000000,1,2,2,0,0,solver
4,3,2,6,2,3,0 5 11,0 18,0 5 11 18 23 29,1,0.166667,0.500000,1,2,2,0,0,solver
4,3,2,6,2,3,0 5 11,0 17,0 5 11 17 22 28,2,0.333333,1.000000,1,2,2,0,0,solver
4,3,2,6,2,3,0 5 11,0 16,0 5 11 16 21 27,3,0.500000,1.500000,1,3,2,0,0,solver
4,3,2,6,2,3,0 5 11,0 15,0 5 11 15 20 26,4,0.666667,2.000000,2,4,2,0,0,solver
4,3,2,6,2,3,0 5 11,0 14,0 5 11 14 19 25,5,0.833333,2.500000,3,5,2,0,0,solver
4,3,2,6,2,3,0 5 11,0 13,0 5 11 13 18 24,6,1.000000,3.000000,4,6,2,0,0,solver
4,3,2,6,2,3,0 5 11,0 9,0 5 9 11 14 20,10,1.666667,5.000000,4,10,3,0,0,solver
4,3,2,6,2,3,0 5 11,0 8,0 5 8 11 13 19,11,1.833333,5.500000,4,11,3,0,0,solver
4,3,2,6,2,3,0 5 11,0 3,0 3 5 8 11 14,16,2.666667,8.000000,4,16,3,0,0,solver
4,3,2,6,2,3,0 5 10,0 23,0 5 10 23 28 33,-3,-0.500000,-1.500000,1,4,2,0,0,solver
4,3,2,6,2,3,0 5 10,0 22,0 5 10 22 27 32,-2,-0.333333,-1.000000,1,4,2,0,0,solver
4,3,2,6,2,3,0 5 10,0 21,0 5 10 21 26 31,-1,-0.166667,-0.500000,1,4,2,0,0,solver
4,3,2,6,2,3,0 5 10,0 20,0 5 10 20 25 30,0,0.000000,0.000000,1,4,2,0,0,solver
4,3,2,6,2,3,0 5 10,0 19,0 5 10 19 24 29,1,0.166667,0.500000,1,4,2,0,0,solver
4,3,2,6,2,3,0 5 10,0 18,0 5 10 18 23 28,2,0.333333,1.000000,1,4,2,0,0,solver
4,3,2,6,2,3,0 5 10,0 17,0 5 10 17 22 27,3,0.500000,1.500000,1,4,2,0,0,solver
4,3,2,6,2,3,0 5 10,0 16,0 5 10 16 21 26,4,0.666667,2.000000,1,4,2,0,0,solver
4,3,2,6,2,3,0 5 10,0 15,0 5 10 15 20 25,5,0.833333,2.500000,1,5,2,0,0,solver
4,3,2,6,2,3,0 5 10,0 14,0 5 10 14 19 24,6,1.000000,3.000000,2,6,2,0,0,solver
4,3,2,6,2,3,0 5 10,0 13,0 5 10 13 18 23,7,1.166667,3.500000,3,7,2,0,0,solver
4,3,2,6,2,3,0 5 10,0 12,0 5 10 12 17 22,8,1.333333,4.000000,4,8,2,0,0,solver
4,3,2,6,2,3,0 5 10,0 8,0 5 8 10 13 18,12,2.000000,6.000000,4,12,3,0,0,solver
4,3,2,6,2,3,0 5 10,0 7,0 5 7 10 12 17,13,2.166667,6.500000,4,13,3,0,0,solver
4,3,2,6,2,3,0 5 10,0 3,0 3 5 8 10 13,17,2.833333,8.500000,4,17,3,0,0,solver
4,3,2,6,2,3,0 4 9,0 23,0 4 9 23 27 32,-2,-0.333333,-1.000000,2,6,2,0,0,solver
4,3,2,6,2,3,0 4 9,0 22,0 4 9 22 26 31,-1,-0.166667,-0.500000,2,6,2,0,0,solver
4,3,2,6,2,3,0 4 9,0 21,0 4 9 21 25 30,0,0.000000,0.000000,2,6,2,0,0,solver
4,3,2,6,2,3,0 4 9,0 20,0 4 9 20 24 29,1,0.166667,0.500000,2,6,2,0,0,solver
4,3,2,6,2,3,0 4 9,0 19,0 4 9 19 23 28,2,0.333333,1.000000,2,6,2,0,0,solver
4,3,2,6,2,3,0 4 9,0 18,0 4 9 18 22 27,3,0.500000,1.500000,2,6,2,0,0,solver
4,3,2,6,2,3,0 4 9,0 17,0 4 9 17 21 26,4,0.666667,2.000000,2,6,2,0,0,solver
4,3,2,6,2,3,0 4 9,0 16,0 4 9 16 20 25,5,0.833333,2.500000,2,6,2,0,0,solver
4,3,2,6,2,3,0 4 9,0 15,0 4 9 15 19 24,6,1.000000,3.000000,2,6,2,0,0,solver
4,3,2,6,2,3,0 4 9,0 14,0 4 9 14 18 23,7,1.166667,3.500000,2,7,2,0,0,solver
4,3,2,6,2,3,0 4 9,0 13,0 4 9 13 17 22,8,1.333333,4.000000,2,8,2,0,0,solver
4,3,2,6,2,3,0 4 9,0 12,0 4 9 12 16 21,9,1.500000,4.500000,3,9,2,0,0,solver
4,3,2,6,2,3,0 4 9,0 11,0 4 9 11 15 20,10,1.666667,5.000000,4,10,2,0,0,solver
4,3,2,6,2,3,0 4 9,0 7,0 4 7 9 11 16,14,2.333333,7.000000,4,14,3,0,0,solver
4,3,2,6,2,3,0 4 8,0 23,0 4 8 23 27 31,-1,-0.166667,-0.500000,2,8,2,0,0,solver
4,3,2,6,2,3,0 4 8,0 22,0 4 8 22 26 30,0,0.000000,0.000000,2,8,2,0,0,solver
4,3,2,6,2,3,0 4 8,0 21,0 4 8 21 25 29,1,0.166667,0.500000,2,8,2,0,0,solver
4,3,2,6,2,3,0 4 8,0 20,0 4 8 20 24 28,2,0.333333,1.000000,2,8,2,0,0,solver
4,3,2,6,2,3,0 4 8,0 19,0 4 8 19 23 27,3,0.500000,1.500000,2,8,2,0,0,solver
4,3,2,6,2,3,0 4 8,0 18,0 4 8 18 22 26,4,0.666667,2.000000,2,8,2,0,0,solver
4,3,2,6,2,3,0 4 8,0 17,0 4 8 17 21 25,5,0.833333,2.500000,2,8,2,0,0,solver
4,3,2,6,2,3,0 4 8,0 16,0 4 8 16 20 24,6,1.000000,3.000000,2,8,2,0,0,solver
4,3,2,6,2,3,0 4 8,0 15,0 4 8 15 19 23,7,1.166667,3.500000,2,8,2,0,0,solver
4,3,2,6,2,3,0 4 8,0 14,0 4 8 14 18 22,8,1.333333,4.000000,2,8,2,0,0,solver
4,3,2,6,2,3,0 4 8,0 13,0 4 8 13 17 21,9,1.500000,4.500000,2,9,2,0,0,solver
4,3,2,6,2,3,0 4 8,0 12,0 4 8 12 16 20,10,1.666667,5.000000,2,10,2,0,0,solver
4,3,2,6,2,3,0 4 8,0 11,0 4 8 11 15 19,11,1.833333,5.500000,3,11,2,0,0,solver
4,3,2,6,2,3,0 4 8,0 10,0 4 8 10 14 18,12,2.000000,6.000000,4,12,2,0,0,solver
4,3,2,6,2,3,0 4 8,0 6,0 4 6 8 10 14,16,2.666667,8.000000,4,16,3,0,0,solver
4,3,2,6,2,3,0 3 7,0 23,0 3 7 23 26 30,0,0.000000,0.000000,3,10,2,0,0,solver
4,3,2,6,2,3,0 3 7,0 22,0 3 7 22 25 29,1,0.166667,0.500000,3,10,2,0,0,solver
4,3,2,6,2,3,0 3 7,0 21,0 3 7 21 24 28,2,0.333333,1.000000,3,10,2,0,0,solver
4,3,2,6,2,3,0 3 7,0 20,0 3 7 20 23 27,3,0.500000,1.500000,3,10,2,0,0,solver
4,3,2,6,2,3,0 3 7,0 19,0 3 7 19 22 26,4,0.666667,2.000000,3,10,2,0,0,solver
4,3,2,6,2,3,0 3 7,0 18,0 3 7 18 21 25,5,0.833333,2.500000,3,10,2,0,0,solver
4,3,2,6,2,3,0 3 7,0 17,0 3 7 17 20 24,6,1.000000,3.000000,3,10,2,0,0,solver
4,3,2,6,2,3,0 3 7,0 16,0 3 7 16 19 23,7,1.166667,3.500000,3,10,2,0,0,solver
4,3,2,6,2,3,0 3 7,0 15,0 3 7 15 18 22,8,1.333333,4.000000,3,10,2,0,0,solver
4,3,2,6,2,3,0 3 7,0 14,0 3 7 14 17 21,9,1.500000,4.500000,3,10,2,0,0,solver
4,3,2,6,2,3,0 3 7,0 13,0 3 7 13 16 20,10,1.666667,5.000000,3,10,2,0,0,solver
4,3,2,6,2,3,0 3 7,0 12,0 3 7 12 15 19,11,1.833333,5.500000,3,11,2,0,0,solver
4,3,2,6,2,3,0 3 7,0 11,0 3 7 11 14 18,12,2.000000,6.000000,3,12,2,0,0,solver
4,3,2,6,2,3,0 3 7,0 10,0 3 7 10 13 17,13,2.166667,6.500000,3,13,2,0,0,solver
4,3,2,6,2,3,0 3 7,0 9,0 3 7 9 12 16,14,2.333333,7.000000,4,14,3,0,0,solver
4,3,2,6,2,3,0 3 6,0 23,0 3 6 23 26 29,1,0.166667,0.500000,3,12,2,0,0,solver
4,3,2,6,2,3,0 3 6,0 22,0 3 6 22 25 28,2,0.333333,1.000000,3,12,2,0,0,solver
4,3,2,6,2,3,0 3 6,0 21,0 3 6 21 24 27,3,0.500000,1.500000,3,12,2,0,0,solver
4,3,2,6,2,3,0 3 6,0 20,0 3 6 20 23 26,4,0.666667,2.000000,3,12,2,0,0,solver
4,3,2,6,2,3,0 3 6,0 19,0 3 6 19 22 25,5,0.833333,2.500000,3,12,2,0,0,solver
4,3,2,6,2,3,0 3 6,0 18,0 3 6 18 21 24,6,1.000000,3.000000,3,12,2,0,0,solver
4,3,2,6,2,3,0 3 6,0 17,0 3 6 17 20 23,7,1.166667,3.500000,3,12,2,0,0,solver
4,3,2,6,2,3,0 3 6,0 16,0 3 6 16 19 22,8,1.333333,4.000000,3,12,2,0,0,solver
4,3,2,6,2,3,0 3 6,0 15,0 3 6 15 18 21,9,1.500000,4.500000,3,12,2,0,0,solver
4,3,2,6,2,3,0 3 6,0 14,0 3 6 14 17 20,10,1.666667,5.000000,3,12,2,0,0,solver
4,3,2,6,2,3,0 3 6,0 13,0 3 6 13 16 19,11,1.833333,5.500000,3,12,2,0,0,solver
4,3,2,6,2,3,0 3 6,0 12,0 3 6 12 15 18,12,2.000000,6.000000,3,12,2,0,0,solver
4,3,2,6,2,3,0 3 6,0 11,0 3 6 11 14 17,13,2.166667,6.500000,3,13,2,0,0,solver
4,3,2,6,2,3,0 3 6,0 10,0 3 6 10 13 16,14,2.333333,7.000000,3,14,2,0,0,solver
4,3,2,6,2,3,0 3 6,0 9,0 3 6 9 12 15,15,2.500000,7.500000,3,15,2,0,0,solver
4,3,2,6,2,3,0 3 6,0 8,0 3 6 8 11 14,16,2.666667,8.000000,4,16,3,0,0,solver
4,3,3,9,3,3,0 7 14,0 11 23,0 7 11 14 18 23 25 30 37,11,1.222222,3.666667,4,13,2,1,0,solver
4,3,3,9,3,3,0 7 14,0 11 22,0 7 11 14 18 22 25 29 36,12,1.333333,4.000000,3,14,2,0,0,solver
4,3,3,9,3,3,0 7 14,0 10 21,0 7 10 14 17 21 24 28 35,13,1.444444,4.333333,3,15,2,0,0,solver
4,3,3,9,3,3,0 7 14,0 10 20,0 7 10 14 17 20 24 27 34,14,1.555556,4.666667,3,16,2,0,0,solver
4,3,3,9,3,3,0 7 14,0 9 19,0 7 9 14 16 19 23 26 33,15,1.666667,5.000000,4,17,3,0,0,solver
4,3,3,9,3,3,0 7 14,0 9 18,0 7 9 14 16 18 23 25 32,16,1.777778,5.333333,4,18,3,0,0,solver
4,3,3,9,3,3,0 7 14,0 5 10,0 5 7 10 12 14 17 19 24,24,2.666667,8.000000,4,24,3,0,0,solver
4,3,3,9,3,3,0 7 14,0 4 9,0 4 7 9 11 14 16 18 23,25,2.777778,8.333333,4,25,3,0,0,solver
4,3,3,9,3,3,0 6 13,0 11 22,0 6 11 13 17 22 24 28 35,13,1.444444,4.333333,4,14,2,0,0,solver
4,3,3,9,3,3,0 6 13,0 10 21,0 6 10 13 16 21 23 27 34,14,1.555556,4.666667,4,15,2,0,0,solver
4,3,3,9,3,3,0 6 13,0 10 20,0 6 10 13 16 20 23 26 33,15,1.666667,5.000000,3,16,2,0,0,solver
4,3,3,9,3,3,0 6 13,0 9 19,0 6 9 13 15 19 22 25 32,16,1.777778,5.333333,4,17,2,0,0,solver
4,3,3,9,3,3,0 6 13,0 9 18,0 6 9 13 15 18 22 24 31,17,1.888889,5.666667,4,18,3,0,0,solver
4,3,3,9,3,3,0 6 12,0 10 20,0 6 10 12 16 20 22 26 32,16,1.777778,5.333333,4,16,2,0,0,solver
4,3,3,9,3,3,0 6 12,0 9 19,0 6 9 12 15 19 21 25 31,17,1.888889,5.666667,4,17,2,0,0,solver
4,3,3,9,3,3,0 6 12,0 9 18,0 6 9 12 15 18 21 24 30,18,2.000000,6.000000,3,18,2,0,0,solver
4,3,3,9,3,3,0 6 12,0 8 17,0 6 8 12 14 17 20 23 29,19,2.111111,6.333333,4,19,3,0,0,solver
4,3,3,9,3,3,0 6 12,0 8 16,0 6 8 12 14 16 20 22 28,20,2.222222,6.666667,4,20,3,0,0,solver
4,3,3,9,3,3,0 6 12,0 4 8,0 4 6 8 10 12 14 16 20,28,3.111111,9.333333,4,28,3,0,0,solver
4,3,3,9,3,3,0 5 11,0 9 18,0 5 9 11 14 18 20 23 29,19,2.111111,6.333333,4,19,3,0,0,solver
4,3,3,9,3,3,0 5 11,0 8 17,0 5 8 11 13 17 19 22 28,20,2.222222,6.666667,4,20,3,0,0,solver
4,3,3,9,3,3,0 5 11,0 8 16,0 5 8 11 13 16 19 21 27,21,2.333333,7.000000,4,21,3,0,0,solver
4,3,3,9,3,3,0 5 10,0 8 16,0 5 8 10 13 16 18 21 26,22,2.444444,7.333333,4,22,3,0,0,solver
4,3,3,9,3,3,0 5 10,0 7 15,0 5 7 10 12 15 17 20 25,23,2.555556,7.666667,4,23,3,0,0,solver
4,3,3,9,3,3,0 5 10,0 7 14,0 5 7 10 12 14 17 19 24,24,2.666667,8.000000,4,24,3,0,0,solver
4,3,3,9,3,3,0 4 9,0 11 23,0 4 9 11 15 20 23 27 32,16,1.777778,5.333333,4,16,2,0,0,solver
4,3,3,9,3,3,0 4 9,0 11 22,0 4 9 11 15 20 22 26 31,17,1.888889,5.666667,4,17,2,0,0,solver
4,3,3,9,3,3,0 4 9,0 7 14,0 4 7 9 11 14 16 18 23,25,2.777778,8.333333,4,25,3,0,0,solver
4,3,3,9,3,3,0 4 8,0 11 23,0 4 8 11 15 19 23 27 31,17,1.888889,5.666667,3,17,2,0,0,solver
4,3,3,9,3,3,0 4 8,0 11 22,0 4 8 11 15 19 22 26 30,18,2.000000,6.000000,3,18,2,0,0,solver
4,3,3,9,3,3,0 4 8,0 10 21,0 4 8 10 14 18 21 25 29,19,2.111111,6.333333,4,19,2,0,0,solver
4,3,3,9,3,3,0 4 8,0 10 20,0 4 8 10 14 18 20 24 28,20,2.222222,6.666667,4,20,2,0,0,solver
4,3,3,9,3,3,0 4 8,0 6 12,0 4 6 8 10 12 14 16 20,28,3.111111,9.333333,4,28,3,0,0,solver
4,3,3,9,3,3,0 3 7,0 11 23,0 3 7 11 14 18 23 26 30,18,2.000000,6.000000,3,18,2,0,0,solver
4,3,3,9,3,3,0 3 7,0 11 22,0 3 7 11 14 18 22 25 29,19,2.111111,6.333333,3,19,2,0,0,solver
4,3,3,9,3,3,0 3 7,0 10 21,0 3 7 10 13 17 21 24 28,20,2.222222,6.666667,3,20,2,0,0,solver
4,3,3,9,3,3,0 3 7,0 10 20,0 3 7 10 13 17 20 23 27,21,2.333333,7.000000,3,21,2,0,0,solver
4,3,3,9,3,3,0 3 7,0 9 19,0 3 7 9 12 16 19 22 26,22,2.444444,7.333333,4,22,3,0,0,solver
4,3,3,9,3,3,0 3 7,0 9 18,0 3 7 9 12 16 18 21 25,23,2.555556,7.666667,4,23,3,0,0,solver
4,3,3,9,3,3,0 3 6,0 11 23,0 3 6 11 14 17 23 26 29,19,2.111111,6.333333,3,19,2,0,0,solver
4,3,3,9,3,3,0 3 6,0 11 22,0 3 6 11 14 17 22 25 28,20,2.222222,6.666667,3,20,2,0,0,solver
4,3,3,9,3,3,0 3 6,0 10 21,0 3 6 10 13 16 21 24 27,21,2.333333,7.000000,3,21,2,0,0,solver
4,3,3,9,3,3,0 3 6,0 10 20,0 3 6 10 13 16 20 23 26,22,2.444444,7.333333,3,22,2,0,0,solver
4,3,3,9,3,3,0 3 6,0 9 19,0 3 6 9 12 15 19 22 25,23,2.555556,7.666667,3,23,2,0,0,solver
4,3,3,9,3,3,0 3 6,0 9 18,0 3 6 9 12 15 18 21 24,24,2.666667,8.000000,3,24,2,0,0,solver
4,3,3,9,3,3,0 3 6,0 8 17,0 3 6 8 11 14 17 20 23,25,2.777778,8.333333,4,25,3,0,0,solver
4,3,3,9,3,3,0 3 6,0 8 16,0 3 6 8 11 14 16 19 22,26,2.888889,8.666667,4,26,3,0,0,solver
4,3,4,12,4,3,0 5 10,0 7 15 23,0 5 7 10 12 15 17 20 23 25 28 33,33,2.750000,8.250000,4,33,3,0,0,solver
4,3,4,12,4,3,0 5 10,0 7 14 22,0 5 7 10 12 14 17 19 22 24 27 32,34,2.833333,8.500000,4,34,3,0,0,solver
4,3,4,12,4,3,0 5 10,0 7 14 21,0 5 7 10 12 14 17 19 21 24 26 31,35,2.916667,8.750000,4,35,3,0,0,solver
4,3,4,12,4,3,0 4 9,0 7 14 21,0 4 7 9 11 14 16 18 21 23 25 30,36,3.000000,9.000000,4,36,3,0,0,solver
4,3,4,12,4,3,0 4 8,0 6 12 18,0 4 6 8 10 12 14 16 18 20 22 26,40,3.333333,10.000000,4,40,3,0,0,solver
4,4,1,4,1,3,0 4 9 14,0,0 4 9 14,4,1.000000,4.000000,2,4,2,0,0,solver
4,4,1,4,1,3,0 4 8 13,0,0 4 8 13,5,1.250000,5.000000,2,5,2,0,0,solver
4,4,1,4,1,3,0 4 8 12,0,0 4 8 12,6,1.500000,6.000000,2,6,2,0,0,solver
4,4,1,4,1,3,0 3 7 11,0,0 3 7 11,7,1.750000,7.000000,3,7,2,0,0,solver
4,4,1,4,1,3,0 3 6 10,0,0 3 6 10,8,2.000000,8.000000,3,8,2,0,0,solver
4,4,1,4,1,3,0 3 6 9,0,0 3 6 9,9,2.250000,9.000000,3,9,2,0,0,solver
4,4,2,8,2,3,0 4 9 14,0 23,0 4 9 14 23 27 32 37,5,0.625000,2.500000,2,8,2,1,0,solver
4,4,2,8,2,3,0 4 9 14,0 22,0 4 9 14 22 26 31 36,6,0.750000,3.000000,2,8,2,0,0,solver
4,4,2,8,2,3,0 4 9 14,0 21,0 4 9 14 21 25 30 35,7,0.875000,3.500000,2,8,2,0,0,solver
4,4,2,8,2,3,0 4 9 14,0 20,0 4 9 14 20 24 29 34,8,1.000000,4.000000,2,8,2,0,0,solver
4,4,2,8,2,3,0 4 9 14,0 19,0 4 9 14 19 23 28 33,9,1.125000,4.500000,2,9,2,0,0,solver
4,4,2,8,2,3,0 4 9 14,0 18,0 4 9 14 18 22 27 32,10,1.250000,5.000000,2,10,2,0,0,solver
4,4,2,8,2,3,0 4 9 14,0 17,0 4 9 14 17 21 26 31,11,1.375000,5.500000,3,11,2,0,0,solver
4,4,2,8,2,3,0 4 9 14,0 16,0 4 9 14 16 20 25 30,12,1.500000,6.000000,4,12,2,0,0,solver
4,4,2,8,2,3,0 4 9 14,0 12,0 4 9 12 14 16 21 26,16,2.000000,8.000000,4,16,3,0,0,solver
4,4,2,8,2,3,0 4 9 14,0 7,0 4 7 9 11 14 16 21,21,2.625000,10.500000,4,21,3,0,0,solver
4,4,2,8,2,3,0 4 8 13,0 23,0 4 8 13 23 27 31 36,6,0.750000,3.000000,2,10,2,0,0,solver
4,4,2,8,2,3,0 4 8 13,0 22,0 4 8 13 22 26 30 35,7,0.875000,3.500000,2,10,2,0,0,solver
4,4,2,8,2,3,0 4 8 13,0 21,0 4 8 13 21 25 29 34,8,1.000000,4.000000,2,10,2,0,0,solver
4,4,2,8,2,3,0 4 8 13,0 20,0 4 8 13 20 24 28 33,9,1.125000,4.500000,2,10,2,0,0,solver
4,4,2,8,2,3,0 4 8 13,0 19,0 4 8 13 19 23 27 32,10,1.250000,5.000000,2,10,2,0,0,solver
4,4,2,8,2,3,0 4 8 13,0 18,0 4 8 13 18 22 26 31,11,1.375000,5.500000,2,11,2,0,0,solver
4,4,2,8,2,3,0 4 8 13,0 17,0 4 8 13 17 21 25 30,12,1.500000,6.000000,2,12,2,0,0,solver
4,4,2,8,2,3,0 4 8 13,0 16,0 4 8 13 16 20 24 29,13,1.625000,6.500000,3,13,2,0,0,solver
4,4,2,8,2,3,0 4 8 13,0 15,0 4 8 13 15 19 23 28,14,1.750000,7.000000,4,14,2,0,0,solver
4,4,2,8,2,3,0 4 8 13,0 11,0 4 8 11 13 15 19 24,18,2.250000,9.000000,4,18,3,0,0,solver
4,4,2,8,2,3,0 4 8 12,0 23,0 4 8 12 23 27 31 35,7,0.875000,3.500000,2,12,2,0,0,solver
4,4,2,8,2,3,0 4 8 12,0 22,0 4 8 12 22 26 30 34,8,1.000000,4.000000,2,12,2,0,0,solver
4,4,2,8,2,3,0 4 8 12,0 21,0 4 8 12 21 25 29 33,9,1.125000,4.500000,2,12,2,0,0,solver
4,4,2,8,2,3,0 4 8 12,0 20,0 4 8 12 20 24 28 32,10,1.250000,5.000000,2,12,2,0,0,solver
4,4,2,8,2,3,0 4 8 12,0 19,0 4 8 12 19 23 27 31,11,1.375000,5.500000,2,12,2,0,0,solver
4,4,2,8,2,3,0 4 8 12,0 18,0 4 8 12 18 22 26 30,12,1.500000,6.000000,2,12,2,0,0,solver
4,4,2,8,2,3,0 4 8 12,0 17,0 4 8 12 17 21 25 29,13,1.625000,6.500000,2,13,2,0,0,solver
4,4,2,8,2,3,0 4 8 12,0 16,0 4 8 12 16 20 24 28,14,1.750000,7.000000,2,14,2,0,0,solver
4,4,2,8,2,3,0 4 8 12,0 15,0 4 8 12 15 19 23 27,15,1.875000,7.500000,3,15,2,0,0,solver
4,4,2,8,2,3,0 4 8 12,0 14,0 4 8 12 14 18 22 26,16,2.000000,8.000000,4,16,2,0,0,solver
4,4,2,8,2,3,0 4 8 12,0 10,0 4 8 10 12 14 18 22,20,2.500000,10.000000,4,20,3,0,0,solver
4,4,2,8,2,3,0 4 8 12,0 6,0 4 6 8 10 12 14 18,24,3.000000,12.000000,4,24,3,0,0,solver
4,4,2,8,2,3,0 3 7 11,0 23,0 3 7 11 23 26 30 34,8,1.000000,4.000000,3,14,2,0,0,solver
4,4,2,8,2,3,0 3 7 11,0 22,0 3 7 11 22 25 29 33,9,1.125000,4.500000,3,14,2,0,0,solver
4,4,2,8,2,3,0 3 7 11,0 21,0 3 7 11 21 24 28 32,10,1.250000,5.000000,3,14,2,0,0,solver
4,4,2,8,2,3,0 3 7 11,0 20,0 3 7 11 20 23 27 31,11,1.375000,5.500000,3,14,2,0,0,solver
4,4,2,8,2,3,0 3 7 11,0 19,0 3 7 11 19 22 26 30,12,1.500000,6.000000,3,14,2,0,0,solver
4,4,2,8,2,3,0 3 7 11,0 18,0 3 7 11 18 21 25 29,13,1.625000,6.500000,3,14,2,0,0,solver
4,4,2,8,2,3,0 3 7 11,0 17,0 3 7 11 17 20 24 28,14,1.750000,7.000000,3,14,2,0,0,solver
4,4,2,8,2,3,0 3 7 11,0 16,0 3 7 11 16 19 23 27,15,1.875000,7.500000,3,15,2,0,0,solver
4,4,2,8,2,3,0 3 7 11,0 15,0 3 7 11 15 18 22 26,16,2.000000,8.000000,3,16,2,0,0,solver
4,4,2,8,2,3,0 3 7 11,0 14,0 3 7 11 14 17 21 25,17,2.125000,8.500000,3,17,2,0,0,solver
4,4,2,8,2,3,0 3 7 11,0 13,0 3 7 11 13 16 20 24,18,2.250000,9.000000,4,18,3,0,0,solver
4,4,2,8,2,3,0 3 6 10,0 23,0 3 6 10 23 26 29 33,9,1.125000,4.500000,3,16,2,0,0,solver
4,4,2,8,2,3,0 3 6 10,0 22,0 3 6 10 22 25 28 32,10,1.250000,5.000000,3,16,2,0,0,solver
4,4,2,8,2,3,0 3 6 10,0 21,0 3 6 10 21 24 27 31,11,1.375000,5.500000,3,16,2,0,0,solver
4,4,2,8,2,3,0 3 6 10,0 20,0 3 6 10 20 23 26 30,12,1.500000,6.000000,3,16,2,0,0,solver
4,4,2,8,2,3,0 3 6 10,0 19,0 3 6 10 19 22 25 29,13,1.625000,6.500000,3,16,2,0,0,solver
4,4,2,8,2,3,0 3 6 10,0 18,0 3 6 10 18 21 24 28,14,1.750000,7.000000,3,16,2,0,0,solver
4,4,2,8,2,3,0 3 6 10,0 17,0 3 6 10 17 20 23 27,15,1.875000,7.500000,3,16,2,0,0,solver
4,4,2,8,2,3,0 3 6 10,0 16,0 3 6 10 16 19 22 26,16,2.000000,8.000000,3,16,2,0,0,solver
4,4,2,8,2,3,0 3 6 10,0 15,0 3 6 10 15 18 21 25,17,2.125000,8.500000,3,17,2,0,0,solver
4,4,2,8,2,3,0 3 6 10,0 14,0 3 6 10 14 17 20 24,18,2.250000,9.000000,3,18,2,0,0,solver
4,4,2,8,2,3,0 3 6 10,0 13,0 3 6 10 13 16 19 23,19,2.375000,9.500000,3,19,2,0,0,solver
4,4,2,8,2,3,0 3 6 10,0 12,0 3 6 10 12 15 18 22,20,2.500000,10.000000,4,20,3,0,0,solver
4,4,2,8,2,3,0 3 6 9,0 23,0 3 6 9 23 26 29 32,10,1.250000,5.000000,3,18,2,0,0,solver
4,4,2,8,2,3,0 3 6 9,0 22,0 3 6 9 22 25 28 31,11,1.375000,5.500000,3,18,2,0,0,solver
4,4,2,8,2,3,0 3 6 9,0 21,0 3 6 9 21 24 27 30,12,1.500000,6.000000,3,18,2,0,0,solver
4,4,2,8,2,3,0 3 6 9,0 20,0 3 6 9 20 23 26 29,13,1.625000,6.500000,3,18,2,0,0,solver
4,4,2,8,2,3,0 3 6 9,0 19,0 3 6 9 19 22 25 28,14,1.750000,7.000000,3,18,2,0,0,solver
4,4,2,8,2,3,0 3 6 9,0 18,0 3 6 9 18 21 24 27,15,1.875000,7.500000,3,18,2,0,0,solver
4,4,2,8,2,3,0 3 6 9,0 17,0 3 6 9 17 20 23 26,16,2.000000,8.000000,3,18,2,0,0,solver
4,4,2,8,2,3,0 3 6 9,0 16,0 3 6 9 16 19 22 25,17,2.125000,8.500000,3,18,2,0,0,solver
4,4,2,8,2,3,0 3 6 9,0 15,0 3 6 9 15 18 21 24,18,2.250000,9.000000,3,18,2,0,0,solver
4,4,2,8,2,3,0 3 6 9,0 14,0 3 6 9 14 17 20 23,19,2.375000,9.500000,3,19,2,0,0,solver
4,4,2,8,2,3,0 3 6 9,0 13,0 3 6 9 13 16 19 22,20,2.500000,10.000000,3,20,2,0,0,solver
4,4,2,8,2,3,0 3 6 9,0 12,0 3 6 9 12 15 18 21,21,2.625000,10.500000,3,21,2,0,0,solver
4,4,2,8,2,3,0 3 6 9,0 11,0 3 6 9 11 14 17 20,22,2.750000,11.000000,4,22,3,0,0,solver
4,4,3,12,3,3,0 4 8 13,0 11 22,0 4 8 11 13 15 19 22 24 26 30 35,31,2.583333,10.333333,4,31,3,1,0,solver
4,4,3,12,3,3,0 4 8 12,0 10 20,0 4 8 10 12 14 18 20 22 24 28 32,34,2.833333,11.333333,4,34,3,0,0,solver
4,4,3,12,3,3,0 3 6 9,0 11 23,0 3 6 9 11 14 17 20 23 26 29 32,34,2.833333,11.333333,4,34,3,0,0,solver
4,4,3,12,3,3,0 3 6 9,0 11 22,0 3 6 9 11 14 17 20 22 25 28 31,35,2.916667,11.666667,4,35,3,0,0,solver
4,5,1,5,1,3,0 3 6 10 14,0,0 3 6 10 14,10,2.000000,10.000000,3,10,2,0,0,solver
4,5,1,5,1,3,0 3 6 9 13,0,0 3 6 9 13,11,2.200000,11.000000,3,11,2,0,0,solver
4,5,1,5,1,3,0 3 6 9 12,0,0 3 6 9 12,12,2.400000,12.000000,3,12,2,0,0,solver
4,5,2,10,2,3,0 3 6 10 14,0 23,0 3 6 10 14 23 26 29 33 37,17,1.700000,8.500000,3,20,2,1,0,solver
4,5,2,10,2,3,0 3 6 10 14,0 22,0 3 6 10 14 22 25 28 32 36,18,1.800000,9.000000,3,20,2,0,0,solver
4,5,2,10,2,3,0 3 6 10 14,0 21,0 3 6 10 14 21 24 27 31 35,19,1.900000,9.500000,3,20,2,0,0,solver
4,5,2,10,2,3,0 3 6 10 14,0 20,0 3 6 10 14 20 23 26 30 34,20,2.000000,10.000000,3,20,2,0,0,solver
4,5,2,10,2,3,0 3 6 10 14,0 19,0 3 6 10 14 19 22 25 29 33,21,2.100000,10.500000,3,21,2,0,0,solver
4,5,2,10,2,3,0 3 6 10 14,0 18,0 3 6 10 14 18 21 24 28 32,22,2.200000,11.000000,3,22,2,0,0,solver
4,5,2,10,2,3,0 3 6 10 14,0 17,0 3 6 10 14 17 20 23 27 31,23,2.300000,11.500000,3,23,2,0,0,solver
4,5,2,10,2,3,0 3 6 10 14,0 16,0 3 6 10 14 16 19 22 26 30,24,2.400000,12.000000,4,24,3,0,0,solver
4,5,2,10,2,3,0 3 6 9 13,0 23,0 3 6 9 13 23 26 29 32 36,18,1.800000,9.000000,3,22,2,0,0,solver
4,5,2,10,2,3,0 3 6 9 13,0 22,0 3 6 9 13 22 25 28 31 35,19,1.900000,9.500000,3,22,2,0,0,solver
4,5,2,10,2,3,0 3 6 9 13,0 21,0 3 6 9 13 21 24 27 30 34,20,2.000000,10.000000,3,22,2,0,0,solver
4,5,2,10,2,3,0 3 6 9 13,0 20,0 3 6 9 13 20 23 26 29 33,21,2.100000,10.500000,3,22,2,0,0,solver
4,5,2,10,2,3,0 3 6 9 13,0 19,0 3 6 9 13 19 22 25 28 32,22,2.200000,11.000000,3,22,2,0,0,solver
4,5,2,10,2,3,0 3 6 9 13,0 18,0 3 6 9 13 18 21 24 27 31,23,2.300000,11.500000,3,23,2,0,0,solver
4,5,2,10,2,3,0 3 6 9 13,0 17,0 3 6 9 13 17 20 23 26 30,24,2.400000,12.000000,3,24,2,0,0,solver
4,5,2,10,2,3,0 3 6 9 13,0 16,0 3 6 9 13 16 19 22 25 29,25,2.500000,12.500000,3,25,2,0,0,solver
4,5,2,10,2,3,0 3 6 9 13,0 15,0 3 6 9 13 15 18 21 24 28,26,2.600000,13.000000,4,26,3,0,0,solver
4,5,2,10,2,3,0 3 6 9 12,0 23,0 3 6 9 12 23 26 29 32 35,19,1.900000,9.500000,3,24,2,0,0,solver
4,5,2,10,2,3,0 3 6 9 12,0 22,0 3 6 9 12 22 25 28 31 34,20,2.000000,10.000000,3,24,2,0,0,solver
4,5,2,10,2,3,0 3 6 9 12,0 21,0 3 6 9 12 21 24 27 30 33,21,2.100000,10.500000,3,24,2,0,0,solver
4,5,2,10,2,3,0 3 6 9 12,0 20,0 3 6 9 12 20 23 26 29 32,22,2.200000,11.000000,3,24,2,0,0,solver
4,5,2,10,2,3,0 3 6 9 12,0 19,0 3 6 9 12 19 22 25 28 31,23,2.300000,11.500000,3,24,2,0,0,solver
4,5,2,10,2,3,0 3 6 9 12,0 18,0 3 6 9 12 18 21 24 27 30,24,2.400000,12.000000,3,24,2,0,0,solver
4,5,2,10,2,3,0 3 6 9 12,0 17,0 3 6 9 12 17 20 23 26 29,25,2.500000,12.500000,3,25,2,0,0,solver
4,5,2,10,2,3,0 3 6 9 12,0 16,0 3 6 9 12 16 19 22 25 28,26,2.600000,13.000000,3,26,2,0,0,solver
4,5,2,10,2,3,0 3 6 9 12,0 15,0 3 6 9 12 15 18 21 24 27,27,2.700000,13.500000,3,27,2,0,0,solver
4,5,2,10,2,3,0 3 6 9 12,0 14,0 3 6 9 12 14 17 20 23 26,28,2.800000,14.000000,4,28,3,0,0,solver
5,1,2,2,2,4,0,0 23,0 23,-17,-8.500000,-8.500000,0,0,1,1,0,solver
5,1,2,2,2,4,0,0 22,0 22,-16,-8.000000,-8.000000,0,0,1,0,0,solver
5,1,2,2,2,4,0,0 21,0 21,-15,-7.500000,-7.500000,0,0,1,0,0,solver
5,1,2,2,2,4,0,0 20,0 20,-14,-7.000000,-7.000000,0,0,1,0,0,solver
5,1,2,2,2,4,0,0 19,0 19,-13,-6.500000,-6.500000,0,0,1,0,0,solver
5,1,2,2,2,4,0,0 18,0 18,-12,-6.000000,-6.000000,0,0,1,0,0,solver
5,1,2,2,2,4,0,0 17,0 17,-11,-5.500000,-5.500000,0,0,1,0,0,solver
5,1,2,2,2,4,0,0 16,0 16,-10,-5.000000,-5.000000,0,0,1,0,0,solver
5,1,2,2,2,4,0,0 15,0 15,-9,-4.500000,-4.500000,0,0,1,0,0,solver
5,1,2,2,2,4,0,0 14,0 14,-8,-4.000000,-4.000000,0,0,1,0,0,solver
5,1,2,2,2,4,0,0 13,0 13,-7,-3.500000,-3.500000,0,0,1,0,0,solver
5,1,2,2,2,4,0,0 12,0 12,-6,-3.000000,-3.000000,0,0,1,0,0,solver
5,1,2,2,2,4,0,0 11,0 11,-5,-2.500000,-2.500000,0,0,1,0,0,solver
5,1,2,2,2,4,0,0 10,0 10,-4,-2.000000,-2.000000,0,0,1,0,0,solver
5,1,2,2,2,4,0,0 9,0 9,-3,-1.500000,-1.500000,0,0,1,0,0,solver
5,1,2,2,2,4,0,0 8,0 8,-2,-1.000000,-1.000000,0,0,1,0,0,solver
5,1,2,2,2,4,0,0 7,0 7,-1,-0.500000,-0.500000,0,0,1,0,0,solver
5,1,2,2,2,4,0,0 6,0 6,0,0.000000,0.000000,0,0,1,0,0,solver
5,1,2,2,2,4,0,0 5,0 5,1,0.500000,0.500000,1,1,2,0,0,solver
5,1,2,2,2,4,0,0 4,0 4,2,1.000000,1.000000,2,2,2,0,0,solver
5,1,2,2,2,4,0,0 3,0 3,3,1.500000,1.500000,3,3,2,0,0,solver
5,1,3,3,3,4,0,0 11 23,0 11 23,-11,-3.666667,-3.666667,0,0,1,0,1,solver
5,1,3,3,3,4,0,0 11 22,0 11 22,-10,-3.333333,-3.333333,0,0,1,0,0,solver
5,1,3,3,3,4,0,0 10 21,0 10 21,-9,-3.000000,-3.000000,0,0,1,0,0,solver
5,1,3,3,3,4,0,0 10 20,0 10 20,-8,-2.666667,-2.666667,0,0,1,0,0,solver
5,1,3,3,3,4,0,0 9 19,0 9 19,-7,-2.333333,-2.333333,0,0,1,0,0,solver
5,1,3,3,3,4,0,0 9 18,0 9 18,-6,-2.000000,-2.000000,0,0,1,0,0,solver
5,1,3,3,3,4,0,0 8 17,0 8 17,-5,-1.666667,-1.666667,0,0,1,0,0,solver
5,1,3,3,3,4,0,0 8 16,0 8 16,-4,-1.333333,-1.333333,0,0,1,0,0,solver
5,1,3,3,3,4,0,0 7 15,0 7 15,-3,-1.000000,-1.000000,0,0,1,0,0,solver
5,1,3,3,3,4,0,0 7 14,0 7 14,-2,-0.666667,-0.666667,0,0,1,0,0,solver
5,1,3,3,3,4,0,0 6 13,0 6 13,-1,-0.333333,-0.333333,0,0,1,0,0,solver
5,1,3,3,3,4,0,0 6 12,0 6 12,0,0.000000,0.000000,0,0,1,0,0,solver
5,1,3,3,3,4,0,0 5 11,0 5 11,1,0.333333,0.333333,1,1,2,0,0,solver
5,1,3,3,3,4,0,0 5 10,0 5 10,2,0.666667,0.666667,1,2,2,0,0,solver
5,1,3,3,3,4,0,0 4 9,0 4 9,3,1.000000,1.000000,2,3,2,0,0,solver
5,1,3,3,3,4,0,0 4 8,0 4 8,4,1.333333,1.333333,2,4,2,0,0,solver
5,1,3,3,3,4,0,0 3 7,0 3 7,5,1.666667,1.666667,3,5,2,0,0,solver
5,1,3,3,3,4,0,0 3 6,0 3 6,6,2.000000,2.000000,3,6,2,0,0,solver
5,1,4,4,4,4,0,0 7 15 23,0 7 15 23,-5,-1.250000,-1.250000,0,0,1,0,1,solver
5,1,4,4,4,4,0,0 7 14 22,0 7 14 22,-4,-1.000000,-1.000000,0,0,1,0,0,solver
5,1,4,4,4,4,0,0 7 14 21,0 7 14 21,-3,-0.750000,-0.750000,0,0,1,0,0,solver
5,1,4,4,4,4,0,0 6 13 20,0 6 13 20,-2,-0.500000,-0.500000,0,0,1,0,0,solver
5,1,4,4,4,4,0,0 6 12 19,0 6 12 19,-1,-0.250000,-0.250000,0,0,1,0,0,solver
5,1,4,4,4,4,0,0 6 12 18,0 6 12 18,0,0.000000,0.000000,0,0,1,0,0,solver
5,1,4,4,4,4,0,0 5 11 17,0 5 11 17,1,0.250000,0.250000,1,1,2,0,0,solver
5,1,4,4,4,4,0,0 5 10 16,0 5 10 16,2,0.500000,0.500000,1,2,2,0,0,solver
5,1,4,4,4,4,0,0 5 10 15,0 5 10 15,3,0.750000,0.750000,1,3,2,0,0,solver
5,1,4,4,4,4,0,0 4 9 14,0 4 9 14,4,1.000000,1.000000,2,4,2,0,0,solver
5,1,4,4,4,4,0,0 4 8 13,0 4 8 13,5,1.250000,1.250000,2,5,2,0,0,solver
5,1,4,4,4,4,0,0 4 8 12,0 4 8 12,6,1.500000,1.500000,2,6,2,0,0,solver
5,1,4,4,4,4,0,0 3 7 11,0 3 7 11,7,1.750000,1.750000,3,7,2,0,0,solver
5,1,4,4,4,4,0,0 3 6 10,0 3 6 10,8,2.000000,2.000000,3,8,2,0,0,solver
5,1,4,4,4,4,0,0 3 6 9,0 3 6 9,9,2.250000,2.250000,3,9,2,0,0,solver
5,1,5,5,5,4,0,0 5 11 17 23,0 5 11 17 23,1,0.200000,0.200000,1,1,2,0,1,solver
5,1,5,5,5,4,0,0 5 10 16 22,0 5 10 16 22,2,0.400000,0.400000,1,2,2,0,0,solver
5,1,5,5,5,4,0,0 5 10 15 21,0 5 10 15 21,3,0.600000,0.600000,1,3,2,0,0,solver
5,1,5,5,5,4,0,0 5 10 15 20,0 5 10 15 20,4,0.800000,0.800000,1,4,2,0,0,solver
5,1,5,5,5,4,0,0 4 9 14 19,0 4 9 14 19,5,1.000000,1.000000,2,5,2,0,0,solver
5,1,5,5,5,4,0,0 4 8 13 18,0 4 8 13 18,6,1.200000,1.200000,2,6,2,0,0,solver
5,1,5,5,5,4,0,0 4 8 12 17,0 4 8 12 17,7,1.400000,1.400000,2,7,2,0,0,solver
5,1,5,5,5,4,0,0 4 8 12 16,0 4 8 12 16,8,1.600000,1.600000,2,8,2,0,0,solver
5,1,5,5,5,4,0,0 3 7 11 15,0 3 7 11 15,9,1.800000,1.800000,3,9,2,0,0,solver
5,1,5,5,5,4,0,0 3 6 10 14,0 3 6 10 14,10,2.000000,2.000000,3,10,2,0,0,solver
5,1,5,5,5,4,0,0 3 6 9 13,0 3 6 9 13,11,2.200000,2.200000,3,11,2,0,0,solver
5,1,5,5,5,4,0,0 3 6 9 12,0 3 6 9 12,12,2.400000,2.400000,3,12,2,0,0,solver
5,1,6,6,6,4,0,0 4 8 13 18 23,0 4 8 13 18 23,7,1.166667,1.166667,2,7,2,0,1,solver
5,1,6,6,6,4,0,0 4 8 12 17 22,0 4 8 12 17 22,8,1.333333,1.333333,2,8,2,0,0,solver
5,1,6,6,6,4,0,0 4 8 12 16 21,0 4 8 12 16 21,9,1.500000,1.500000,2,9,2,0,0,solver
5,1,6,6,6,4,0,0 4 8 12 16 20,0 4 8 12 16 20,10,1.666667,1.666667,2,10,2,0,0,solver
5,1,6,6,6,4,0,0 3 7 11 15 19,0 3 7 11 15 19,11,1.833333,1.833333,3,11,2,0,0,solver
5,1,6,6,6,4,0,0 3 6 10 14 18,0 3 6 10 14 18,12,2.000000,2.000000,3,12,2,0,0,solver
5,1,6,6,6,4,0,0 3 6 9 13 17,0 3 6 9 13 17,13,2.166667,2.166667,3,13,2,0,0,solver
5,1,6,6,6,4,0,0 3 6 9 12 16,0 3 6 9 12 16,14,2.333333,2.333333,3,14,2,0,0,solver
5,1,6,6,6,4,0,0 3 6 9 12 15,0 3 6 9 12 15,15,2.500000,2.500000,3,15,2,0,0,solver
5,1,7,7,7,4,0,0 3 7 11 15 19 23,0 3 7 11 15 19 23,13,1.857143,1.857143,3,13,2,0,1,solver
5,1,7,7,7,4,0,0 3 6 10 14 18 22,0 3 6 10 14 18 22,14,2.000000,2.000000,3,14,2,0,0,solver
5,1,7,7,7,4,0,0 3 6 9 13 17 21,0 3 6 9 13 17 21,15,2.142857,2.142857,3,15,2,0,0,solver
5,1,7,7,7,4,0,0 3 6 9 12 16 20,0 3 6 9 12 16 20,16,2.285714,2.285714,3,16,2,0,0,solver
5,1,7,7,7,4,0,0 3 6 9 12 15 19,0 3 6 9 12 15 19,17,2.428571,2.428571,3,17,2,0,0,solver
5,1,7,7,7,4,0,0 3 6 9 12 15 18,0 3 6 9 12 15 18,18,2.571429,2.571429,3,18,2,0,0,solver
5,1,8,8,8,4,0,0 3 6 9 12 15 19 23,0 3 6 9 12 15 19 23,19,2.375000,2.375000,3,19,2,0,1,solver
5,1,8,8,8,4,0,0 3 6 9 12 15 18 22,0 3 6 9 12 15 18 22,20,2.500000,2.500000,3,20,2,0,0,solver
5,1,8,8,8,4,0,0 3 6 9 12 15 18 21,0 3 6 9 12 15 18 21,21,2.625000,2.625000,3,21,2,0,0,solver
5,2,1,2,1,4,0 14,0,0 14,-8,-4.000000,-8.000000,0,0,1,0,0,solver
5,2,1,2,1,4,0 13,0,0 13,-7,-3.500000,-7.000000,0,0,1,0,0,solver
5,2,1,2,1,4,0 12,0,0 12,-6,-3.000000,-6.000000,0,0,1,0,0,solver
5,2,1,2,1,4,0 11,0,0 11,-5,-2.500000,-5.000000,0,0,1,0,0,solver
5,2,1,2,1,4,0 10,0,0 10,-4,-2.000000,-4.000000,0,0,1,0,0,solver
5,2,1,2,1,4,0 9,0,0 9,-3,-1.500000,-3.000000,0,0,1,0,0,solver
5,2,1,2,1,4,0 8,0,0 8,-2,-1.000000,-2.000000,0,0,1,0,0,solver
5,2,1,2,1,4,0 7,0,0 7,-1,-0.500000,-1.000000,0,0,1,0,0,solver
5,2,1,2,1,4,0 6,0,0 6,0,0.000000,0.000000,0,0,1,0,0,solver
5,2,1,2,1,4,0 5,0,0 5,1,0.500000,1.000000,1,1,2,0,0,solver
5,2,1,2,1,4,0 4,0,0 4,2,1.000000,2.000000,2,2,2,0,0,solver
5,2,1,2,1,4,0 3,0,0 3,3,1.500000,3.000000,3,3,2,0,0,solver
5,2,2,4,2,4,0 14,0 23,0 14 23 37,-19,-4.750000,-9.500000,0,0,1,1,1,solver
5,2,2,4,2,4,0 14,0 22,0 14 22 36,-18,-4.500000,-9.000000,0,0,1,0,0,solver
5,2,2,4,2,4,0 14,0 21,0 14 21 35,-17,-4.250000,-8.500000,0,0,1,0,0,solver
5,2,2,4,2,4,0 14,0 20,0 14 20 34,-16,-4.000000,-8.000000,0,0,1,0,0,solver
5,2,2,4,2,4,0 14,0 19,0 14 19 33,-15,-3.750000,-7.500000,1,1,2,0,0,solver
5,2,2,4,2,4,0 14,0 18,0 14 18 32,-14,-3.500000,-7.000000,2,2,2,0,0,solver
5,2,2,4,2,4,0 14,0 17,0 14 17 31,-13,-3.250000,-6.500000,3,3,2,0,0,solver
5,2,2,4,2,4,0 14,0 16,0 14 16 30,-12,-3.000000,-6.000000,4,4,2,0,0,solver
5,2,2,4,2,4,0 14,0 15,0 14 15 29,-11,-2.750000,-5.500000,5,5,2,0,0,solver
5,2,2,4,2,4,0 14,0 13,0 13 14 27,-9,-2.250000,-4.500000,5,5,2,0,0,solver
5,2,2,4,2,4,0 14,0 12,0 12 14 26,-8,-2.000000,-4.000000,4,4,2,0,0,solver
5,2,2,4,2,4,0 14,0 11,0 11 14 25,-7,-1.750000,-3.500000,3,3,2,0,0,solver
5,2,2,4,2,4,0 14,0 10,0 10 14 24,-6,-1.500000,-3.000000,2,2,2,0,0,solver
5,2,2,4,2,4,0 14,0 9,0 9 14 23,-5,-1.250000,-2.500000,1,1,2,0,0,solver
5,2,2,4,2,4,0 14,0 8,0 8 14 22,-4,-1.000000,-2.000000,0,0,1,0,0,solver
5,2,2,4,2,4,0 14,0 7,0 7 14 21,-3,-0.750000,-1.500000,0,0,1,0,0,solver
5,2,2,4,2,4,0 14,0 6,0 6 14 20,-2,-0.500000,-1.000000,0,0,1,0,0,solver
5,2,2,4,2,4,0 14,0 5,0 5 14 19,-1,-0.250000,-0.500000,1,2,2,0,0,solver
5,2,2,4,2,4,0 14,0 4,0 4 14 18,0,0.000000,0.000000,2,4,2,0,0,solver
5,2,2,4,2,4,0 14,0 3,0 3 14 17,1,0.250000,0.500000,3,6,2,0,0,solver
5,2,2,4,2,4,0 13,0 23,0 13 23 36,-18,-4.500000,-9.000000,0,0,1,0,0,solver
5,2,2,4,2,4,0 13,0 22,0 13 22 35,-17,-4.250000,-8.500000,0,0,1,0,0,solver
5,2,2,4,2,4,0 13,0 21,0 13 21 34,-16,-4.000000,-8.000000,0,0,1,0,0,solver
5,2,2,4,2,4,0 13,0 20,0 13 20 33,-15,-3.750000,-7.500000,0,0,1,0,0,solver
5,2,2,4,2,4,0 13,0 19,0 13 19 32,-14,-3.500000,-7.000000,0,0,1,0,0,solver
5,2,2,4,2,4,0 13,0 18,0 13 18 31,-13,-3.250000,-6.500000,1,1,2,0,0,solver
5,2,2,4,2,4,0 13,0 17,0 13 17 30,-12,-3.000000,-6.000000,2,2,2,0,0,solver
5,2,2,4,2,4,0 13,0 16,0 13 16 29,-11,-2.750000,-5.500000,3,3,2,0,0,solver
5,2,2,4,2,4,0 13,0 15,0 13 15 28,-10,-2.500000,-5.000000,4,4,2,0,0,solver
5,2,2,4,2,4,0 13,0 14,0 13 14 27,-9,-2.250000,-4.500000,5,5,2,0,0,solver
5,2,2,4,2,4,0 13,0 12,0 12 13 25,-7,-1.750000,-3.500000,5,5,2,0,0,solver
5,2,2,4,2,4,0 13,0 11,0 11 13 24,-6,-1.500000,-3.000000,4,4,2,0,0,solver
5,2,2,4,2,4,0 13,0 10,0 10 13 23,-5,-1.250000,-2.500000,3,3,2,0,0,solver
5,2,2,4,2,4,0 13,0 9,0 9 13 22,-4,-1.000000,-2.000000,2,2,2,0,0,solver
5,2,2,4,2,4,0 13,0 8,0 8 13 21,-3,-0.750000,-1.500000,1,1,2,0,0,solver
5,2,2,4,2,4,0 13,0 7,0 7 13 20,-2,-0.500000,-1.000000,0,0,1,0,0,solver
5,2,2,4,2,4,0 13,0 6,0 6 13 19,-1,-0.250000,-0.500000,0,0,1,0,0,solver
5,2,2,4,2,4,0 13,0 5,0 5 13 18,0,0.000000,0.000000,1,2,2,0,0,solver
5,2,2,4,2,4,0 13,0 4,0 4 13 17,1,0.250000,0.500000,2,4,2,0,0,solver
5,2,2,4,2,4,0 13,0 3,0 3 13 16,2,0.500000,1.000000,3,6,2,0,0,solver
5,2,2,4,2,4,0 12,0 23,0 12 23 35,-17,-4.250000,-8.500000,0,0,1,0,0,solver
5,2,2,4,2,4,0 12,0 22,0 12 22 34,-16,-4.000000,-8.000000,0,0,1,0,0,solver
5,2,2,4,2,4,0 12,0 21,0 12 21 33,-15,-3.750000,-7.500000,0,0,1,0,0,solver
5,2,2,4,2,4,0 12,0 20,0 12 20 32,-14,-3.500000,-7.000000,0,0,1,0,0,solver
5,2,2,4,2,4,0 12,0 19,0 12 19 31,-13,-3.250000,-6.500000,0,0,1,0,0,solver
5,2,2,4,2,4,0 12,0 18,0 12 18 30,-12,-3.000000,-6.000000,0,0,1,0,0,solver
5,2,2,4,2,4,0 12,0 17,0 12 17 29,-11,-2.750000,-5.500000,1,1,2,0,0,solver
5,2,2,4,2,4,0 12,0 16,0 12 16 28,-10,-2.500000,-5.000000,2,2,2,0,0,solver
5,2,2,4,2,4,0 12,0 15,0 12 15 27,-9,-2.250000,-4.500000,3,3,2,0,0,solver
5,2,2,4,2,4,0 12,0 14,0 12 14 26,-8,-2.000000,-4.000000,4,4,2,0,0,solver
5,2,2,4,2,4,0 12,0 13,0 12 13 25,-7,-1.750000,-3.500000,5,5,2,0,0,solver
5,2,2,4,2,4,0 12,0 11,0 11 12 23,-5,-1.250000,-2.500000,5,5,2,0,0,solver
5,2,2,4,2,4,0 12,0 10,0 10 12 22,-4,-1.000000,-2.000000,4,4,2,0,0,solver
5,2,2,4,2,4,0 12,0 9,0 9 12 21,-3,-0.750000,-1.500000,3,3,2,0,0,solver
5,2,2,4,2,4,0 12,0 8,0 8 12 20,-2,-0.500000,-1.000000,2,2,2,0,0,solver
5,2,2,4,2,4,0 12,0 7,0 7 12 19,-1,-0.250000,-0.500000,1,1,2,0,0,solver
5,2,2,4,2,4,0 12,0 6,0 6 12 18,0,0.000000,0.000000,0,0,1,0,0,solver
5,2,2,4,2,4,0 12,0 5,0 5 12 17,1,0.250000,0.500000,1,2,2,0,0,solver
5,2,2,4,2,4,0 12,0 4,0 4 12 16,2,0.500000,1.000000,2,4,2,0,0,solver
5,2,2,4,2,4,0 12,0 3,0 3 12 15,3,0.750000,1.500000,3,6,2,0,0,solver
5,2,2,4,2,4,0 11,0 23,0 11 23 34,-16,-4.000000,-8.000000,0,0,1,0,0,solver
5,2,2,4,2,4,0 11,0 22,0 11 22 33,-15,-3.750000,-7.500000,0,0,1,0,0,solver
5,2,2,4,2,4,0 11,0 21,0 11 21 32,-14,-3.500000,-7.000000,0,0,1,0,0,solver
5,2,2,4,2,4,0 11,0 20,0 11 20 31,-13,-3.250000,-6.500000,0,0,1,0,0,solver
5,2,2,4,2,4,0 11,0 19,0 11 19 30,-12,-3.000000,-6.000000,0,0,1,0,0,solver
5,2,2,4,2,4,0 11,0 18,0 11 18 29,-11,-2.750000,-5.500000,0,0,1,0,0,solver
5,2,2,4,2,4,0 11,0 17,0 11 17 28,-10,-2.500000,-5.000000,0,0,1,0,0,solver
5,2,2,4,2,4,0 11,0 16,0 11 16 27,-9,-2.250000,-4.500000,1,1,2,0,0,solver
5,2,2,4,2,4,0 11,0 15,0 11 15 26,-8,-2.000000,-4.000000,2,2,2,0,0,solver
5,2,2,4,2,4,0 11,0 14,0 11 14 25,-7,-1.750000,-3.500000,3,3,2,0,0,solver
5,2,2,4,2,4,0 11,0 13,0 11 13 24,-6,-1.500000,-3.000000,4,4,2,0,0,solver
5,2,2,4,2,4,0 11,0 12,0 11 12 23,-5,-1.250000,-2.500000,5,5,2,0,0,solver
5,2,2,4,2,4,0 11,0 10,0 10 11 21,-3,-0.750000,-1.500000,5,5,2,0,0,solver
5,2,2,4,2,4,0 11,0 9,0 9 11 20,-2,-0.500000,-1.000000,4,4,2,0,0,solver
5,2,2,4,2,4,0 11,0 8,0 8 11 19,-1,-0.250000,-0.500000,3,3,2,0,0,solver
5,2,2,4,2,4,0 11,0 7,0 7 11 18,0,0.000000,0.000000,2,2,2,0,0,solver
5,2,2,4,2,4,0 11,0 6,0 6 11 17,1,0.250000,0.500000,1,1,2,0,0,solver
5,2,2,4,2,4,0 11,0 5,0 5 11 16,2,0.500000,1.000000,1,2,2,0,0,solver
5,2,2,4,2,4,0 11,0 4,0 4 11 15,3,0.750000,1.500000,2,4,2,0,0,solver
5,2,2,4,2,4,0 11,0 3,0 3 11 14,4,1.000000,2.000000,3,6,2,0,0,solver
5,2,2,4,2,4,0 10,0 23,0 10 23 33,-15,-3.750000,-7.500000,0,0,1,0,0,solver
5,2,2,4,2,4,0 10,0 22,0 10 22 32,-14,-3.500000,-7.000000,0,0,1,0,0,solver
5,2,2,4,2,4,0 10,0 21,0 10 21 31,-13,-3.250000,-6.500000,0,0,1,0,0,solver
5,2,2,4,2,4,0 10,0 20,0 10 20 30,-12,-3.000000,-6.000000,0,0,1,0,0,solver
5,2,2,4,2,4,0 10,0 19,0 10 19 29,-11,-2.750000,-5.500000,0,0,1,0,0,solver
5,2,2,4,2,4,0 10,0 18,0 10 18 28,-10,-2.500000,-5.000000,0,0,1,0,0,solver
5,2,2,4,2,4,0 10,0 17,0 10 17 27,-9,-2.250000,-4.500000,0,0,1,0,0,solver
5,2,2,4,2,4,0 10,0 16,0 10 16 26,-8,-2.000000,-4.000000,0,0,1,0,0,solver
5,2,2,4,2,4,0 10,0 15,0 10 15 25,-7,-1.750000,-3.500000,1,1,2,0,0,solver
5,2,2,4,2,4,0 10,0 14,0 10 14 24,-6,-1.500000,-3.000000,2,2,2,0,0,solver
5,2,2,4,2,4,0 10,0 13,0 10 13 23,-5,-1.250000,-2.500000,3,3,2,0,0,solver
5,2,2,4,2,4,0 10,0 12,0 10 12 22,-4,-1.000000,-2.000000,4,4,2,0,0,solver
5,2,2,4,2,4,0 10,0 11,0 10 11 21,-3,-0.750000,-1.500000,5,5,2,0,0,solver
5,2,2,4,2,4,0 10,0 9,0 9 10 19,-1,-0.250000,-0.500000,5,5,2,0,0,solver
5,2,2,4,2,4,0 10,0 8,0 8 10 18,0,0.000000,0.000000,4,4,2,0,0,solver
5,2,2,4,2,4,0 10,0 7,0 7 10 17,1,0.250000,0.500000,3,3,2,0,0,solver
5,2,2,4,2,4,0 10,0 6,0 6 10 16,2,0.500000,1.000000,2,2,2,0,0,solver
5,2,2,4,2,4,0 10,0 5,0 5 10 15,3,0.750000,1.500000,1,3,2,0,0,solver
5,2,2,4,2,4,0 10,0 4,0 4 10 14,4,1.000000,2.000000,2,4,2,0,0,solver
5,2,2,4,2,4,0 10,0 3,0 3 10 13,5,1.250000,2.500000,3,6,2,0,0,solver
5,2,2,4,2,4,0 9,0 23,0 9 23 32,-14,-3.500000,-7.000000,0,0,1,0,0,solver
5,2,2,4,2,4,0 9,0 22,0 9 22 31,-13,-3.250000,-6.500000,0,0,1,0,0,solver
5,2,2,4,2,4,0 9,0 21,0 9 21 30,-12,-3.000000,-6.000000,0,0,1,0,0,solver
5,2,2,4,2,4,0 9,0 20,0 9 20 29,-11,-2.750000,-5.500000,0,0,1,0,0,solver
5,2,2,4,2,4,0 9,0 19,0 9 19 28,-10,-2.500000,-5.000000,0,0,1,0,0,solver
5,2,2,4,2,4,0 9,0 18,0 9 18 27,-9,-2.250000,-4.500000,0,0,1,0,0,solver
5,2,2,4,2,4,0 9,0 17,0 9 17 26,-8,-2.000000,-4.000000,0,0,1,0,0,solver
5,2,2,4,2,4,0 9,0 16,0 9 16 25,-7,-1.750000,-3.500000,0,0,1,0,0,solver
5,2,2,4,2,4,0 9,0 15,0 9 15 24,-6,-1.500000,-3.000000,0,0,1,0,0,solver
5,2,2,4,2,4,0 9,0 14,0 9 14 23,-5,-1.250000,-2.500000,1,1,2,0,0,solver
5,2,2,4,2,4,0 9,0 13,0 9 13 22,-4,-1.000000,-2.000000,2,2,2,0,0,solver
5,2,2,4,2,4,0 9,0 12,0 9 12 21,-3,-0.750000,-1.500000,3,3,2,0,0,solver
5,2,2,4,2,4,0 9,0 11,0 9 11 20,-2,-0.500000,-1.000000,4,4,2,0,0,solver
5,2,2,4,2,4,0 9,0 10,0 9 10 19,-1,-0.250000,-0.500000,5,5,2,0,0,solver
5,2,2,4,2,4,0 9,0 8,0 8 9 17,1,0.250000,0.500000,5,5,2,0,0,solver
5,2,2,4,2,4,0 9,0 7,0 7 9 16,2,0.500000,1.000000,4,4,2,0,0,solver
5,2,2,4,2,4,0 9,0 6,0 6 9 15,3,0.750000,1.500000,3,3,2,0,0,solver
5,2,2,4,2,4,0 9,0 5,0 5 9 14,4,1.000000,2.000000,2,4,2,0,0,solver
5,2,2,4,2,4,0 9,0 4,0 4 9 13,5,1.250000,2.500000,2,5,2,0,0,solver
5,2,2,4,2,4,0 9,0 3,0 3 9 12,6,1.500000,3.000000,3,6,2,0,0,solver
5,2,2,4,2,4,0 8,0 23,0 8 23 31,-13,-3.250000,-6.500000,0,0,1,0,0,solver
5,2,2,4,2,4,0 8,0 22,0 8 22 30,-12,-3.000000,-6.000000,0,0,1,0,0,solver
5,2,2,4,2,4,0 8,0 21,0 8 21 29,-11,-2.750000,-5.500000,0,0,1,0,0,solver
5,2,2,4,2,4,0 8,0 20,0 8 20 28,-10,-2.500000,-5.000000,0,0,1,0,0,solver
5,2,2,4,2,4,0 8,0 19,0 8 19 27,-9,-2.250000,-4.500000,0,0,1,0,0,solver
5,2,2,4,2,4,0 8,0 18,0 8 18 26,-8,-2.000000,-4.000000,0,0,1,0,0,solver
5,2,2,4,2,4,0 8,0 17,0 8 17 25,-7,-1.750000,-3.500000,0,0,1,0,0,solver
5,2,2,4,2,4,0 8,0 16,0 8 16 24,-6,-1.500000,-3.000000,0,0,1,0,0,solver
5,2,2,4,2,4,0 8,0 15,0 8 15 23,-5,-1.250000,-2.500000,0,0,1,0,0,solver
5,2,2,4,2,4,0 8,0 14,0 8 14 22,-4,-1.000000,-2.000000,0,0,1,0,0,solver
5,2,2,4,2,4,0 8,0 13,0 8 13 21,-3,-0.750000,-1.500000,1,1,2,0,0,solver
5,2,2,4,2,4,0 8,0 12,0 8 12 20,-2,-0.500000,-1.000000,2,2,2,0,0,solver
5,2,2,4,2,4,0 8,0 11,0 8 11 19,-1,-0.250000,-0.500000,3,3,2,0,0,solver
5,2,2,4,2,4,0 8,0 10,0 8 10 18,0,0.000000,0.000000,4,4,2,0,0,solver
5,2,2,4,2,4,0 8,0 9,0 8 9 17,1,0.250000,0.500000,5,5,2,0,0,solver
5,2,2,4,2,4,0 8,0 7,0 7 8 15,3,0.750000,1.500000,5,5,2,0,0,solver
5,2,2,4,2,4,0 8,0 6,0 6 8 14,4,1.000000,2.000000,4,4,2,0,0,solver
5,2,2,4,2,4,0 8,0 5,0 5 8 13,5,1.250000,2.500000,3,5,2,0,0,solver
5,2,2,4,2,4,0 8,0 4,0 4 8 12,6,1.500000,3.000000,2,6,2,0,0,solver
5,2,2,4,2,4,0 8,0 3,0 3 8 11,7,1.750000,3.500000,3,7,2,0,0,solver
5,2,2,4,2,4,0 7,0 23,0 7 23 30,-12,-3.000000,-6.000000,0,0,1,0,0,solver
5,2,2,4,2,4,0 7,0 22,0 7 22 29,-11,-2.750000,-5.500000,0,0,1,0,0,solver
5,2,2,4,2,4,0 7,0 21,0 7 21 28,-10,-2.500000,-5.000000,0,0,1,0,0,solver
5,2,2,4,2,4,0 7,0 20,0 7 20 27,-9,-2.250000,-4.500000,0,0,1,0,0,solver
5,2,2,4,2,4,0 7,0 19,0 7 19 26,-8,-2.000000,-4.000000,0,0,1,0,0,solver
5,2,2,4,2,4,0 7,0 18,0 7 18 25,-7,-1.750000,-3.500000,0,0,1,0,0,solver
5,2,2,4,2,4,0 7,0 17,0 7 17 24,-6,-1.500000,-3.000000,0,0,1,0,0,solver
5,2,2,4,2,4,0 7,0 16,0 7 16 23,-5,-1.250000,-2.500000,0,0,1,0,0,solver
5,2,2,4,2,4,0 7,0 15,0 7 15 22,-4,-1.000000,-2.000000,0,0,1,0,0,solver
5,2,2,4,2,4,0 7,0 14,0 7 14 21,-3,-0.750000,-1.500000,0,0,1,0,0,solver
5,2,2,4,2,4,0 7,0 13,0 7 13 20,-2,-0.500000,-1.000000,0,0,1,0,0,solver
5,2,2,4,2,4,0 7,0 12,0 7 12 19,-1,-0.250000,-0.500000,1,1,2,0,0,solver
5,2,2,4,2,4,0 7,0 11,0 7 11 18,0,0.000000,0.000000,2,2,2,0,0,solver
5,2,2,4,2,4,0 7,0 10,0 7 10 17,1,0.250000,0.500000,3,3,2,0,0,solver
5,2,2,4,2,4,0 7,0 9,0 7 9 16,2,0.500000,1.000000,4,4,2,0,0,solver
5,2,2,4,2,4,0 7,0 8,0 7 8 15,3,0.750000,1.500000,5,5,2,0,0,solver
5,2,2,4,2,4,0 7,0 6,0 6 7 13,5,1.250000,2.500000,5,5,2,0,0,solver
5,2,2,4,2,4,0 7,0 5,0 5 7 12,6,1.500000,3.000000,4,6,2,0,0,solver
5,2,2,4,2,4,0 7,0 4,0 4 7 11,7,1.750000,3.500000,3,7,2,0,0,solver
5,2,2,4,2,4,0 7,0 3,0 3 7 10,8,2.000000,4.000000,3,8,2,0,0,solver
5,2,2,4,2,4,0 6,0 23,0 6 23 29,-11,-2.750000,-5.500000,0,0,1,0,0,solver
5,2,2,4,2,4,0 6,0 22,0 6 22 28,-10,-2.500000,-5.000000,0,0,1,0,0,solver
5,2,2,4,2,4,0 6,0 21,0 6 21 27,-9,-2.250000,-4.500000,0,0,1,0,0,solver
5,2,2,4,2,4,0 6,0 20,0 6 20 26,-8,-2.000000,-4.000000,0,0,1,0,0,solver
5,2,2,4,2,4,0 6,0 19,0 6 19 25,-7,-1.750000,-3.500000,0,0,1,0,0,solver
5,2,2,4,2,4,0 6,0 18,0 6 18 24,-6,-1.500000,-3.000000,0,0,1,0,0,solver
5,2,2,4,2,4,0 6,0 17,0 6 17 23,-5,-1.250000,-2.500000,0,0,1,0,0,solver
5,2,2,4,2,4,0 6,0 16,0 6 16 22,-4,-1.000000,-2.000000,0,0,1,0,0,solver
5,2,2,4,2,4,0 6,0 15,0 6 15 21,-3,-0.750000,-1.500000,0,0,1,0,0,solver
5,2,2,4,2,4,0 6,0 14,0 6 14 20,-2,-0.500000,-1.000000,0,0,1,0,0,solver
5,2,2,4,2,4,0 6,0 13,0 6 13 19,-1,-0.250000,-0.500000,0,0,1,0,0,solver
5,2,2,4,2,4,0 6,0 12,0 6 12 18,0,0.000000,0.000000,0,0,1,0,0,solver
5,2,2,4,2,4,0 6,0 11,0 6 11 17,1,0.250000,0.500000,1,1,2,0,0,solver
5,2,2,4,2,4,0 6,0 10,0 6 10 16,2,0.500000,1.000000,2,2,2,0,0,solver
5,2,2,4,2,4,0 6,0 9,0 6 9 15,3,0.750000,1.500000,3,3,2,0,0,solver
5,2,2,4,2,4,0 6,0 8,0 6 8 14,4,1.000000,2.000000,4,4,2,0,0,solver
5,2,2,4,2,4,0 6,0 7,0 6 7 13,5,1.250000,2.500000,5,5,2,0,0,solver
5,2,2,4,2,4,0 6,0 5,0 5 6 11,7,1.750000,3.500000,5,7,2,0,0,solver
5,2,2,4,2,4,0 6,0 4,0 4 6 10,8,2.000000,4.000000,4,8,2,0,0,solver
5,2,2,4,2,4,0 6,0 3,0 3 6 9,9,2.250000,4.500000,3,9,2,0,0,solver
5,2,2,4,2,4,0 5,0 23,0 5 23 28,-10,-2.500000,-5.000000,1,2,2,0,0,solver
5,2,2,4,2,4,0 5,0 22,0 5 22 27,-9,-2.250000,-4.500000,1,2,2,0,0,solver
5,2,2,4,2,4,0 5,0 21,0 5 21 26,-8,-2.000000,-4.000000,1,2,2,0,0,solver
5,2,2,4,2,4,0 5,0 20,0 5 20 25,-7,-1.750000,-3.500000,1,2,2,0,0,solver
5,2,2,4,2,4,0 5,0 19,0 5 19 24,-6,-1.500000,-3.000000,1,2,2,0,0,solver
5,2,2,4,2,4,0 5,0 18,0 5 18 23,-5,-1.250000,-2.500000,1,2,2,0,0,solver
5,2,2,4,2,4,0 5,0 17,0 5 17 22,-4,-1.000000,-2.000000,1,2,2,0,0,solver
5,2,2,4,2,4,0 5,0 16,0 5 16 21,-3,-0.750000,-1.500000,1,2,2,0,0,solver
5,2,2,4,2,4,0 5,0 15,0 5 15 20,-2,-0.500000,-1.000000,1,2,2,0,0,solver
5,2,2,4,2,4,0 5,0 14,0 5 14 19,-1,-0.250000,-0.500000,1,2,2,0,0,solver
5,2,2,4,2,4,0 5,0 13,0 5 13 18,0,0.000000,0.000000,1,2,2,0,0,solver
5,2,2,4,2,4,0 5,0 12,0 5 12 17,1,0.250000,0.500000,1,2,2,0,0,solver
5,2,2,4,2,4,0 5,0 11,0 5 11 16,2,0.500000,1.000000,1,2,2,0,0,solver
5,2,2,4,2,4,0 5,0 10,0 5 10 15,3,0.750000,1.500000,1,3,2,0,0,solver
5,2,2,4,2,4,0 5,0 9,0 5 9 14,4,1.000000,2.000000,2,4,2,0,0,solver
5,2,2,4,2,4,0 5,0 8,0 5 8 13,5,1.250000,2.500000,3,5,2,0,0,solver
5,2,2,4,2,4,0 5,0 7,0 5 7 12,6,1.500000,3.000000,4,6,2,0,0,solver
5,2,2,4,2,4,0 5,0 6,0 5 6 11,7,1.750000,3.500000,5,7,2,0,0,solver
5,2,2,4,2,4,0 5,0 4,0 4 5 9,9,2.250000,4.500000,5,9,3,0,0,solver
5,2,2,4,2,4,0 5,0 3,0 3 5 8,10,2.500000,5.000000,4,10,3,0,0,solver
5,2,2,4,2,4,0 4,0 23,0 4 23 27,-9,-2.250000,-4.500000,2,4,2,0,0,solver
5,2,2,4,2,4,0 4,0 22,0 4 22 26,-8,-2.000000,-4.000000,2,4,2,0,0,solver
5,2,2,4,2,4,0 4,0 21,0 4 21 25,-7,-1.750000,-3.500000,2,4,2,0,0,solver
5,2,2,4,2,4,0 4,0 20,0 4 20 24,-6,-1.500000,-3.000000,2,4,2,0,0,solver
5,2,2,4,2,4,0 4,0 19,0 4 19 23,-5,-1.250000,-2.500000,2,4,2,0,0,solver
5,2,2,4,2,4,0 4,0 18,0 4 18 22,-4,-1.000000,-2.000000,2,4,2,0,0,solver
5,2,2,4,2,4,0 4,0 17,0 4 17 21,-3,-0.750000,-1.500000,2,4,2,0,0,solver
5,2,2,4,2,4,0 4,0 16,0 4 16 20,-2,-0.500000,-1.000000,2,4,2,0,0,solver
5,2,2,4,2,4,0 4,0 15,0 4 15 19,-1,-0.250000,-0.500000,2,4,2,0,0,solver
5,2,2,4,2,4,0 4,0 14,0 4 14 18,0,0.000000,0.000000,2,4,2,0,0,solver
5,2,2,4,2,4,0 4,0 13,0 4 13 17,1,0.250000,0.500000,2,4,2,0,0,solver
5,2,2,4,2,4,0 4,0 12,0 4 12 16,2,0.500000,1.000000,2,4,2,0,0,solver
5,2,2,4,2,4,0 4,0 11,0 4 11 15,3,0.750000,1.500000,2,4,2,0,0,solver
5,2,2,4,2,4,0 4,0 10,0 4 10 14,4,1.000000,2.000000,2,4,2,0,0,solver
5,2,2,4,2,4,0 4,0 9,0 4 9 13,5,1.250000,2.500000,2,5,2,0,0,solver
5,2,2,4,2,4,0 4,0 8,0 4 8 12,6,1.500000,3.000000,2,6,2,0,0,solver
5,2,2,4,2,4,0 4,0 7,0 4 7 11,7,1.750000,3.500000,3,7,2,0,0,solver
5,2,2,4,2,4,0 4,0 6,0 4 6 10,8,2.000000,4.000000,4,8,2,0,0,solver
5,2,2,4,2,4,0 4,0 5,0 4 5 9,9,2.250000,4.500000,5,9,3,0,0,solver
5,2,2,4,2,4,0 4,0 3,0 3 4 7,11,2.750000,5.500000,5,11,3,0,0,solver
5,2,2,4,2,4,0 3,0 23,0 3 23 26,-8,-2.000000,-4.000000,3,6,2,0,0,solver
5,2,2,4,2,4,0 3,0 22,0 3 22 25,-7,-1.750000,-3.500000,3,6,2,0,0,solver
5,2,2,4,2,4,0 3,0 21,0 3 21 24,-6,-1.500000,-3.000000,3,6,2,0,0,solver
5,2,2,4,2,4,0 3,0 20,0 3 20 23,-5,-1.250000,-2.500000,3,6,2,0,0,solver
5,2,2,4,2,4,0 3,0 19,0 3 19 22,-4,-1.000000,-2.000000,3,6,2,0,0,solver
5,2,2,4,2,4,0 3,0 18,0 3 18 21,-3,-0.750000,-1.500000,3,6,2,0,0,solver
5,2,2,4,2,4,0 3,0 17,0 3 17 20,-2,-0.500000,-1.000000,3,6,2,0,0,solver
5,2,2,4,2,4,0 3,0 16,0 3 16 19,-1,-0.250000,-0.500000,3,6,2,0,0,solver
5,2,2,4,2,4,0 3,0 15,0 3 15 18,0,0.000000,0.000000,3,6,2,0,0,solver
5,2,2,4,2,4,0 3,0 14,0 3 14 17,1,0.250000,0.500000,3,6,2,0,0,solver
5,2,2,4,2,4,0 3,0 13,0 3 13 16,2,0.500000,1.000000,3,6,2,0,0,solver
5,2,2,4,2,4,0 3,0 12,0 3 12 15,3,0.750000,1.500000,3,6,2,0,0,solver
5,2,2,4,2,4,0 3,0 11,0 3 11 14,4,1.000000,2.000000,3,6,2,0,0,solver
5,2,2,4,2,4,0 3,0 10,0 3 10 13,5,1.250000,2.500000,3,6,2,0,0,solver
5,2,2,4,2,4,0 3,0 9,0 3 9 12,6,1.500000,3.000000,3,6,2,0,0,solver
5,2,2,4,2,4,0 3,0 8,0 3 8 11,7,1.750000,3.500000,3,7,2,0,0,solver
5,2,2,4,2,4,0 3,0 7,0 3 7 10,8,2.000000,4.000000,3,8,2,0,0,solver
5,2,2,4,2,4,0 3,0 6,0 3 6 9,9,2.250000,4.500000,3,9,2,0,0,solver
5,2,2,4,2,4,0 3,0 5,0 3 5 8,10,2.500000,5.000000,4,10,3,0,0,solver
5,2,2,4,2,4,0 3,0 4,0 3 4 7,11,2.750000,5.500000,5,11,3,0,0,solver
5,2,3,6,3,4,0 14,0 11 23,0 11 14 23 25 37,-7,-1.166667,-2.333333,4,7,2,1,0,solver
5,2,3,6,3,4,0 14,0 11 22,0 11 14 22 25 36,-6,-1.000000,-2.000000,3,6,2,0,0,solver
5,2,3,6,3,4,0 14,0 10 21,0 10 14 21 24 35,-5,-0.833333,-1.666667,3,5,2,0,0,solver
5,2,3,6,3,4,0 14,0 10 20,0 10 14 20 24 34,-4,-0.666667,-1.333333,2,4,2,0,0,solver
5,2,3,6,3,4,0 14,0 9 19,0 9 14 19 23 33,-3,-0.500000,-1.000000,2,4,2,0,0,solver
5,2,3,6,3,4,0 14,0 9 18,0 9 14 18 23 32,-2,-0.333333,-0.666667,2,4,2,0,0,solver
5,2,3,6,3,4,0 14,0 8 17,0 8 14 17 22 31,-1,-0.166667,-0.333333,3,4,2,0,0,solver
5,2,3,6,3,4,0 14,0 8 16,0 8 14 16 22 30,0,0.000000,0.000000,4,4,2,0,0,solver
5,2,3,6,3,4,0 14,0 7 15,0 7 14 15 21 29,1,0.166667,0.333333,5,5,2,0,0,solver
5,2,3,6,3,4,0 14,0 6 13,0 6 13 14 20 27,3,0.500000,1.000000,5,5,2,0,0,solver
5,2,3,6,3,4,0 14,0 6 12,0 6 12 14 20 26,4,0.666667,1.333333,4,4,2,0,0,solver
5,2,3,6,3,4,0 14,0 5 11,0 5 11 14 19 25,5,0.833333,1.666667,3,5,2,0,0,solver
5,2,3,6,3,4,0 14,0 5 10,0 5 10 14 19 24,6,1.000000,2.000000,2,6,2,0,0,solver
5,2,3,6,3,4,0 14,0 4 9,0 4 9 14 18 23,7,1.166667,2.333333,2,7,2,0,0,solver
5,2,3,6,3,4,0 14,0 4 8,0 4 8 14 18 22,8,1.333333,2.666667,2,8,2,0,0,solver
5,2,3,6,3,4,0 14,0 3 7,0 3 7 14 17 21,9,1.500000,3.000000,3,10,2,0,0,solver
5,2,3,6,3,4,0 14,0 3 6,0 3 6 14 17 20,10,1.666667,3.333333,3,12,2,0,0,solver
5,2,3,6,3,4,0 13,0 11 23,0 11 13 23 24 36,-6,-1.000000,-2.000000,5,9,2,0,0,solver
5,2,3,6,3,4,0 13,0 11 22,0 11 13 22 24 35,-5,-0.833333,-1.666667,4,8,2,0,0,solver
5,2,3,6,3,4,0 13,0 10 21,0 10 13 21 23 34,-4,-0.666667,-1.333333,4,7,2,0,0,solver
5,2,3,6,3,4,0 13,0 10 20,0 10 13 20 23 33,-3,-0.500000,-1.000000,3,6,2,0,0,solver
5,2,3,6,3,4,0 13,0 9 19,0 9 13 19 22 32,-2,-0.333333,-0.666667,3,5,2,0,0,solver
5,2,3,6,3,4,0 13,0 9 18,0 9 13 18 22 31,-1,-0.166667,-0.333333,2,5,2,0,0,solver
5,2,3,6,3,4,0 13,0 8 17,0 8 13 17 21 30,0,0.000000,0.000000,2,5,2,0,0,solver
5,2,3,6,3,4,0 13,0 8 16,0 8 13 16 21 29,1,0.166667,0.333333,3,5,2,0,0,solver
5,2,3,6,3,4,0 13,0 7 15,0 7 13 15 20 28,2,0.333333,0.666667,4,5,2,0,0,solver
5,2,3,6,3,4,0 13,0 7 14,0 7 13 14 20 27,3,0.500000,1.000000,5,5,2,0,0,solver
5,2,3,6,3,4,0 13,0 6 12,0 6 12 13 19 25,5,0.833333,1.666667,5,5,2,0,0,solver
5,2,3,6,3,4,0 13,0 5 11,0 5 11 13 18 24,6,1.000000,2.000000,4,6,2,0,0,solver
5,2,3,6,3,4,0 13,0 5 10,0 5 10 13 18 23,7,1.166667,2.333333,3,7,2,0,0,solver
5,2,3,6,3,4,0 13,0 4 9,0 4 9 13 17 22,8,1.333333,2.666667,2,8,2,0,0,solver
5,2,3,6,3,4,0 13,0 4 8,0 4 8 13 17 21,9,1.500000,3.000000,2,9,2,0,0,solver
5,2,3,6,3,4,0 13,0 3 7,0 3 7 13 16 20,10,1.666667,3.333333,3,10,2,0,0,solver
5,2,3,6,3,4,0 13,0 3 6,0 3 6 13 16 19,11,1.833333,3.666667,3,12,2,0,0,solver
5,2,3,6,3,4,0 12,0 11 22,0 11 12 22 23 34,-4,-0.666667,-1.333333,5,10,2,0,0,solver
5,2,3,6,3,4,0 12,0 10 21,0 10 12 21 22 33,-3,-0.500000,-1.000000,5,9,2,0,0,solver
5,2,3,6,3,4,0 12,0 10 20,0 10 12 20 22 32,-2,-0.333333,-0.666667,4,8,2,0,0,solver
5,2,3,6,3,4,0 12,0 9 19,0 9 12 19 21 31,-1,-0.166667,-0.333333,4,7,2,0,0,solver
5,2,3,6,3,4,0 12,0 9 18,0 9 12 18 21 30,0,0.000000,0.000000,3,6,2,0,0,solver
5,2,3,6,3,4,0 12,0 8 17,0 8 12 17 20 29,1,0.166667,0.333333,3,6,2,0,0,solver
5,2,3,6,3,4,0 12,0 8 16,0 8 12 16 20 28,2,0.333333,0.666667,2,6,2,0,0,solver
5,2,3,6,3,4,0 12,0 7 15,0 7 12 15 19 27,3,0.500000,1.000000,3,6,2,0,0,solver
5,2,3,6,3,4,0 12,0 7 14,0 7 12 14 19 26,4,0.666667,1.333333,4,6,2,0,0,solver
5,2,3,6,3,4,0 12,0 6 13,0 6 12 13 18 25,5,0.833333,1.666667,5,6,2,0,0,solver
5,2,3,6,3,4,0 12,0 5 11,0 5 11 12 17 23,7,1.166667,2.333333,5,7,2,0,0,solver
5,2,3,6,3,4,0 12,0 5 10,0 5 10 12 17 22,8,1.333333,2.666667,4,8,2,0,0,solver
5,2,3,6,3,4,0 12,0 4 9,0 4 9 12 16 21,9,1.500000,3.000000,3,9,2,0,0,solver
5,2,3,6,3,4,0 12,0 4 8,0 4 8 12 16 20,10,1.666667,3.333333,2,10,2,0,0,solver
5,2,3,6,3,4,0 12,0 3 7,0 3 7 12 15 19,11,1.833333,3.666667,3,11,2,0,0,solver
5,2,3,6,3,4,0 12,0 3 6,0 3 6 12 15 18,12,2.000000,4.000000,3,12,2,0,0,solver
5,2,3,6,3,4,0 11,0 10 20,0 10 11 20 21 31,-1,-0.166667,-0.333333,5,10,2,0,0,solver
5,2,3,6,3,4,0 11,0 9 19,0 9 11 19 20 30,0,0.000000,0.000000,5,9,2,0,0,solver
5,2,3,6,3,4,0 11,0 9 18,0 9 11 18 20 29,1,0.166667,0.333333,4,8,2,0,0,solver
5,2,3,6,3,4,0 11,0 8 17,0 8 11 17 19 28,2,0.333333,0.666667,4,7,2,0,0,solver
5,2,3,6,3,4,0 11,0 8 16,0 8 11 16 19 27,3,0.500000,1.000000,3,7,2,0,0,solver
5,2,3,6,3,4,0 11,0 7 15,0 7 11 15 18 26,4,0.666667,1.333333,3,7,2,0,0,solver
5,2,3,6,3,4,0 11,0 7 14,0 7 11 14 18 25,5,0.833333,1.666667,3,7,2,0,0,solver
5,2,3,6,3,4,0 11,0 6 13,0 6 11 13 17 24,6,1.000000,2.000000,4,7,2,0,0,solver
5,2,3,6,3,4,0 11,0 6 12,0 6 11 12 17 23,7,1.166667,2.333333,5,7,2,0,0,solver
5,2,3,6,3,4,0 11,0 5 10,0 5 10 11 16 21,9,1.500000,3.000000,5,9,2,0,0,solver
5,2,3,6,3,4,0 11,0 4 9,0 4 9 11 15 20,10,1.666667,3.333333,4,10,2,0,0,solver
5,2,3,6,3,4,0 11,0 4 8,0 4 8 11 15 19,11,1.833333,3.666667,3,11,2,0,0,solver
5,2,3,6,3,4,0 11,0 3 7,0 3 7 11 14 18,12,2.000000,4.000000,3,12,2,0,0,solver
5,2,3,6,3,4,0 11,0 3 6,0 3 6 11 14 17,13,2.166667,4.333333,3,13,2,0,0,solver
5,2,3,6,3,4,0 10,0 11 23,0 10 11 21 23 33,-3,-0.500000,-1.000000,5,9,2,0,0,solver
5,2,3,6,3,4,0 10,0 11 22,0 10 11 21 22 32,-2,-0.333333,-0.666667,5,10,2,0,0,solver
5,2,3,6,3,4,0 10,0 9 18,0 9 10 18 19 28,2,0.333333,0.666667,5,10,2,0,0,solver
5,2,3,6,3,4,0 10,0 8 17,0 8 10 17 18 27,3,0.500000,1.000000,5,9,2,0,0,solver
5,2,3,6,3,4,0 10,0 8 16,0 8 10 16 18 26,4,0.666667,1.333333,4,8,2,0,0,solver
5,2,3,6,3,4,0 10,0 7 15,0 7 10 15 17 25,5,0.833333,1.666667,4,8,2,0,0,solver
5,2,3,6,3,4,0 10,0 7 14,0 7 10 14 17 24,6,1.000000,2.000000,3,8,2,0,0,solver
5,2,3,6,3,4,0 10,0 6 13,0 6 10 13 16 23,7,1.166667,2.333333,3,8,2,0,0,solver
5,2,3,6,3,4,0 10,0 6 12,0 6 10 12 16 22,8,1.333333,2.666667,4,8,2,0,0,solver
5,2,3,6,3,4,0 10,0 5 11,0 5 10 11 15 21,9,1.500000,3.000000,5,9,3,0,0,solver
5,2,3,6,3,4,0 10,0 4 9,0 4 9 10 14 19,11,1.833333,3.666667,5,11,3,0,0,solver
5,2,3,6,3,4,0 10,0 4 8,0 4 8 10 14 18,12,2.000000,4.000000,4,12,2,0,0,solver
5,2,3,6,3,4,0 10,0 3 7,0 3 7 10 13 17,13,2.166667,4.333333,3,13,2,0,0,solver
5,2,3,6,3,4,0 10,0 3 6,0 3 6 10 13 16,14,2.333333,4.666667,3,14,2,0,0,solver
5,2,3,6,3,4,0 9,0 11 23,0 9 11 20 23 32,-2,-0.333333,-0.666667,4,7,2,0,0,solver
5,2,3,6,3,4,0 9,0 11 22,0 9 11 20 22 31,-1,-0.166667,-0.333333,4,8,2,0,0,solver
5,2,3,6,3,4,0 9,0 10 21,0 9 10 19 21 30,0,0.000000,0.000000,5,9,2,0,0,solver
5,2,3,6,3,4,0 9,0 10 20,0 9 10 19 20 29,1,0.166667,0.333333,5,10,2,0,0,solver
5,2,3,6,3,4,0 9,0 8 16,0 8 9 16 17 25,5,0.833333,1.666667,5,10,2,0,0,solver
5,2,3,6,3,4,0 9,0 7 15,0 7 9 15 16 24,6,1.000000,2.000000,5,9,2,0,0,solver
5,2,3,6,3,4,0 9,0 7 14,0 7 9 14 16 23,7,1.166667,2.333333,4,9,2,0,0,solver
5,2,3,6,3,4,0 9,0 6 13,0 6 9 13 15 22,8,1.333333,2.666667,4,9,2,0,0,solver
5,2,3,6,3,4,0 9,0 6 12,0 6 9 12 15 21,9,1.500000,3.000000,3,9,2,0,0,solver
5,2,3,6,3,4,0 9,0 5 11,0 5 9 11 14 20,10,1.666667,3.333333,4,10,3,0,0,solver
5,2,3,6,3,4,0 9,0 5 10,0 5 9 10 14 19,11,1.833333,3.666667,5,11,3,0,0,solver
5,2,3,6,3,4,0 9,0 4 8,0 4 8 9 13 17,13,2.166667,4.333333,5,13,3,0,0,solver
5,2,3,6,3,4,0 9,0 3 7,0 3 7 9 12 16,14,2.333333,4.666667,4,14,3,0,0,solver
5,2,3,6,3,4,0 9,0 3 6,0 3 6 9 12 15,15,2.500000,5.000000,3,15,2,0,0,solver
5,2,3,6,3,4,0 8,0 11 23,0 8 11 19 23 31,-1,-0.166667,-0.333333,3,5,2,0,0,solver
5,2,3,6,3,4,0 8,0 11 22,0 8 11 19 22 30,0,0.000000,0.000000,3,6,2,0,0,solver
5,2,3,6,3,4,0 8,0 10 21,0 8 10 18 21 29,1,0.166667,0.333333,4,7,2,0,0,solver
5,2,3,6,3,4,0 8,0 10 20,0 8 10 18 20 28,2,0.333333,0.666667,4,8,2,0,0,solver
5,2,3,6,3,4,0 8,0 9 19,0 8 9 17 19 27,3,0.500000,1.000000,5,9,2,0,0,solver
5,2,3,6,3,4,0 8,0 9 18,0 8 9 17 18 26,4,0.666667,1.333333,5,10,2,0,0,solver
5,2,3,6,3,4,0 8,0 7 14,0 7 8 14 15 22,8,1.333333,2.666667,5,10,2,0,0,solver
5,2,3,6,3,4,0 8,0 6 13,0 6 8 13 14 21,9,1.500000,3.000000,5,10,2,0,0,solver
5,2,3,6,3,4,0 8,0 6 12,0 6 8 12 14 20,10,1.666667,3.333333,4,10,2,0,0,solver
5,2,3,6,3,4,0 8,0 5 11,0 5 8 11 13 19,11,1.833333,3.666667,4,11,3,0,0,solver
5,2,3,6,3,4,0 8,0 5 10,0 5 8 10 13 18,12,2.000000,4.000000,4,12,3,0,0,solver
5,2,3,6,3,4,0 8,0 4 9,0 4 8 9 12 17,13,2.166667,4.333333,5,13,3,0,0,solver
5,2,3,6,3,4,0 8,0 3 7,0 3 7 8 11 15,15,2.500000,5.000000,5,15,3,0,0,solver
5,2,3,6,3,4,0 8,0 3 6,0 3 6 8 11 14,16,2.666667,5.333333,4,16,3,0,0,solver
5,2,3,6,3,4,0 7,0 11 23,0 7 11 18 23 30,0,0.000000,0.000000,2,3,2,0,0,solver
5,2,3,6,3,4,0 7,0 11 22,0 7 11 18 22 29,1,0.166667,0.333333,2,4,2,0,0,solver
5,2,3,6,3,4,0 7,0 10 21,0 7 10 17 21 28,2,0.333333,0.666667,3,5,2,0,0,solver
5,2,3,6,3,4,0 7,0 10 20,0 7 10 17 20 27,3,0.500000,1.000000,3,6,2,0,0,solver
5,2,3,6,3,4,0 7,0 9 19,0 7 9 16 19 26,4,0.666667,1.333333,4,7,2,0,0,solver
5,2,3,6,3,4,0 7,0 9 18,0 7 9 16 18 25,5,0.833333,1.666667,4,8,2,0,0,solver
5,2,3,6,3,4,0 7,0 8 17,0 7 8 15 17 24,6,1.000000,2.000000,5,9,2,0,0,solver
5,2,3,6,3,4,0 7,0 8 16,0 7 8 15 16 23,7,1.166667,2.333333,5,10,2,0,0,solver
5,2,3,6,3,4,0 7,0 6 12,0 6 7 12 13 19,11,1.833333,3.666667,5,11,2,0,0,solver
5,2,3,6,3,4,0 7,0 5 11,0 5 7 11 12 18,12,2.000000,4.000000,5,12,3,0,0,solver
5,2,3,6,3,4,0 7,0 5 10,0 5 7 10 12 17,13,2.166667,4.333333,4,13,3,0,0,solver
5,2,3,6,3,4,0 7,0 4 9,0 4 7 9 11 16,14,2.333333,4.666667,4,14,3,0,0,solver
5,2,3,6,3,4,0 7,0 4 8,0 4 7 8 11 15,15,2.500000,5.000000,5,15,3,0,0,solver
5,2,3,6,3,4,0 7,0 3 6,0 3 6 7 10 13,17,2.833333,5.666667,5,17,3,0,0,solver
5,2,3,6,3,4,0 6,0 11 23,0 6 11 17 23 29,1,0.166667,0.333333,1,1,2,0,0,solver
5,2,3,6,3,4,0 6,0 11 22,0 6 11 17 22 28,2,0.333333,0.666667,1,2,2,0,0,solver
5,2,3,6,3,4,0 6,0 10 21,0 6 10 16 21 27,3,0.500000,1.000000,2,3,2,0,0,solver
5,2,3,6,3,4,0 6,0 10 20,0 6 10 16 20 26,4,0.666667,1.333333,2,4,2,0,0,solver
5,2,3,6,3,4,0 6,0 9 19,0 6 9 15 19 25,5,0.833333,1.666667,3,5,2,0,0,solver
5,2,3,6,3,4,0 6,0 9 18,0 6 9 15 18 24,6,1.000000,2.000000,3,6,2,0,0,solver
5,2,3,6,3,4,0 6,0 8 17,0 6 8 14 17 23,7,1.166667,2.333333,4,7,2,0,0,solver
5,2,3,6,3,4,0 6,0 8 16,0 6 8 14 16 22,8,1.333333,2.666667,4,8,2,0,0,solver
5,2,3,6,3,4,0 6,0 7 15,0 6 7 13 15 21,9,1.500000,3.000000,5,9,2,0,0,solver
5,2,3,6,3,4,0 6,0 7 14,0 6 7 13 14 20,10,1.666667,3.333333,5,10,2,0,0,solver
5,2,3,6,3,4,0 6,0 5 10,0 5 6 10 11 16,14,2.333333,4.666667,5,14,3,0,0,solver
5,2,3,6,3,4,0 6,0 4 9,0 4 6 9 10 15,15,2.500000,5.000000,5,15,3,0,0,solver
5,2,3,6,3,4,0 6,0 4 8,0 4 6 8 10 14,16,2.666667,5.333333,4,16,3,0,0,solver
5,2,3,6,3,4,0 6,0 3 7,0 3 6 7 9 13,17,2.833333,5.666667,5,17,3,0,0,solver
5,2,3,6,3,4,0 5,0 11 23,0 5 11 16 23 28,2,0.333333,0.666667,1,3,2,0,0,solver
5,2,3,6,3,4,0 5,0 11 22,0 5 11 16 22 27,3,0.500000,1.000000,1,3,2,0,0,solver
5,2,3,6,3,4,0 5,0 10 21,0 5 10 15 21 26,4,0.666667,1.333333,1,4,2,0,0,solver
5,2,3,6,3,4,0 5,0 10 20,0 5 10 15 20 25,5,0.833333,1.666667,1,5,2,0,0,solver
5,2,3,6,3,4,0 5,0 9 19,0 5 9 14 19 24,6,1.000000,2.000000,2,6,2,0,0,solver
5,2,3,6,3,4,0 5,0 9 18,0 5 9 14 18 23,7,1.166667,2.333333,2,7,2,0,0,solver
5,2,3,6,3,4,0 5,0 8 17,0 5 8 13 17 22,8,1.333333,2.666667,3,8,2,0,0,solver
5,2,3,6,3,4,0 5,0 8 16,0 5 8 13 16 21,9,1.500000,3.000000,3,9,2,0,0,solver
5,2,3,6,3,4,0 5,0 7 15,0 5 7 12 15 20,10,1.666667,3.333333,4,10,2,0,0,solver
5,2,3,6,3,4,0 5,0 7 14,0 5 7 12 14 19,11,1.833333,3.666667,4,11,2,0,0,solver
5,2,3,6,3,4,0 5,0 6 13,0 5 6 11 13 18,12,2.000000,4.000000,5,12,2,0,0,solver
5,2,3,6,3,4,0 5,0 6 12,0 5 6 11 12 17,13,2.166667,4.333333,5,13,2,0,0,solver
5,2,3,6,3,4,0 5,0 4 8,0 4 5 8 9 13,17,2.833333,5.666667,5,17,4,0,0,solver
5,2,3,6,3,4,0 5,0 3 7,0 3 5 7 8 12,18,3.000000,6.000000,5,18,4,0,0,solver
5,2,3,6,3,4,0 5,0 3 6,0 3 5 6 8 11,19,3.166667,6.333333,5,19,4,0,0,solver
5,2,3,6,3,4,0 4,0 11 23,0 4 11 15 23 27,3,0.500000,1.000000,2,6,2,0,0,solver
5,2,3,6,3,4,0 4,0 11 22,0 4 11 15 22 26,4,0.666667,1.333333,2,6,2,0,0,solver
5,2,3,6,3,4,0 4,0 10 21,0 4 10 14 21 25,5,0.833333,1.666667,2,6,2,0,0,solver
5,2,3,6,3,4,0 4,0 10 20,0 4 10 14 20 24,6,1.000000,2.000000,2,6,2,0,0,solver
5,2,3,6,3,4,0 4,0 9 19,0 4 9 13 19 23,7,1.166667,2.333333,2,7,2,0,0,solver
5,2,3,6,3,4,0 4,0 9 18,0 4 9 13 18 22,8,1.333333,2.666667,2,8,2,0,0,solver
5,2,3,6,3,4,0 4,0 8 17,0 4 8 12 17 21,9,1.500000,3.000000,2,9,2,0,0,solver
5,2,3,6,3,4,0 4,0 8 16,0 4 8 12 16 20,10,1.666667,3.333333,2,10,2,0,0,solver
5,2,3,6,3,4,0 4,0 7 15,0 4 7 11 15 19,11,1.833333,3.666667,3,11,2,0,0,solver
5,2,3,6,3,4,0 4,0 7 14,0 4 7 11 14 18,12,2.000000,4.000000,3,12,2,0,0,solver
5,2,3,6,3,4,0 4,0 6 13,0 4 6 10 13 17,13,2.166667,4.333333,4,13,2,0,0,solver
5,2,3,6,3,4,0 4,0 6 12,0 4 6 10 12 16,14,2.333333,4.666667,4,14,2,0,0,solver
5,2,3,6,3,4,0 4,0 5 11,0 4 5 9 11 15,15,2.500000,5.000000,5,15,3,0,0,solver
5,2,3,6,3,4,0 4,0 5 10,0 4 5 9 10 14,16,2.666667,5.333333,5,16,3,0,0,solver
5,2,3,6,3,4,0 4,0 3 6,0 3 4 6 7 10,20,3.333333,6.666667,5,20,4,0,0,solver
5,2,3,6,3,4,0 3,0 11 23,0 3 11 14 23 26,4,0.666667,1.333333,3,9,2,0,0,solver
5,2,3,6,3,4,0 3,0 11 22,0 3 11 14 22 25,5,0.833333,1.666667,3,9,2,0,0,solver
5,2,3,6,3,4,0 3,0 10 21,0 3 10 13 21 24,6,1.000000,2.000000,3,9,2,0,0,solver
5,2,3,6,3,4,0 3,0 10 20,0 3 10 13 20 23,7,1.166667,2.333333,3,9,2,0,0,solver
5,2,3,6,3,4,0 3,0 9 19,0 3 9 12 19 22,8,1.333333,2.666667,3,9,2,0,0,solver
5,2,3,6,3,4,0 3,0 9 18,0 3 9 12 18 21,9,1.500000,3.000000,3,9,2,0,0,solver
5,2,3,6,3,4,0 3,0 8 17,0 3 8 11 17 20,10,1.666667,3.333333,3,10,2,0,0,solver
5,2,3,6,3,4,0 3,0 8 16,0 3 8 11 16 19,11,1.833333,3.666667,3,11,2,0,0,solver
5,2,3,6,3,4,0 3,0 7 15,0 3 7 10 15 18,12,2.000000,4.000000,3,12,2,0,0,solver
5,2,3,6,3,4,0 3,0 7 14,0 3 7 10 14 17,13,2.166667,4.333333,3,13,2,0,0,solver
5,2,3,6,3,4,0 3,0 6 13,0 3 6 9 13 16,14,2.333333,4.666667,3,14,2,0,0,solver
5,2,3,6,3,4,0 3,0 6 12,0 3 6 9 12 15,15,2.500000,5.000000,3,15,2,0,0,solver
5,2,3,6,3,4,0 3,0 5 11,0 3 5 8 11 14,16,2.666667,5.333333,4,16,3,0,0,solver
5,2,3,6,3,4,0 3,0 5 10,0 3 5 8 10 13,17,2.833333,5.666667,4,17,3,0,0,solver
5,2,3,6,3,4,0 3,0 4 9,0 3 4 7 9 12,18,3.000000,6.000000,5,18,3,0,0,solver
5,2,3,6,3,4,0 3,0 4 8,0 3 4 7 8 11,19,3.166667,6.333333,5,19,4,0,0,solver
5,2,4,8,4,4,0 14,0 7 15 23,0 7 14 15 21 23 29 37,5,0.625000,1.250000,5,9,2,1,0,solver
5,2,4,8,4,4,0 14,0 6 12 19,0 6 12 14 19 20 26 33,9,1.125000,2.250000,5,10,2,0,0,solver
5,2,4,8,4,4,0 14,0 6 12 18,0 6 12 14 18 20 26 32,10,1.250000,2.500000,4,10,2,0,0,solver
5,2,4,8,4,4,0 14,0 5 11 17,0 5 11 14 17 19 25 31,11,1.375000,2.750000,4,11,3,0,0,solver
5,2,4,8,4,4,0 14,0 5 10 16,0 5 10 14 16 19 24 30,12,1.500000,3.000000,4,12,3,0,0,solver
5,2,4,8,4,4,0 14,0 5 10 15,0 5 10 14 15 19 24 29,13,1.625000,3.250000,5,13,3,0,0,solver
5,2,4,8,4,4,0 14,0 4 8 13,0 4 8 13 14 18 22 27,15,1.875000,3.750000,5,15,3,0,0,solver
5,2,4,8,4,4,0 14,0 4 8 12,0 4 8 12 14 18 22 26,16,2.000000,4.000000,4,16,2,0,0,solver
5,2,4,8,4,4,0 14,0 3 7 11,0 3 7 11 14 17 21 25,17,2.125000,4.250000,3,17,2,0,0,solver
5,2,4,8,4,4,0 14,0 3 6 10,0 3 6 10 14 17 20 24,18,2.250000,4.500000,3,18,2,0,0,solver
5,2,4,8,4,4,0 14,0 3 6 9,0 3 6 9 14 17 20 23,19,2.375000,4.750000,3,19,2,0,0,solver
5,2,4,8,4,4,0 13,0 7 15 23,0 7 13 15 20 23 28 36,6,0.750000,1.500000,4,9,2,0,0,solver
5,2,4,8,4,4,0 13,0 7 14 22,0 7 13 14 20 22 27 35,7,0.875000,1.750000,5,10,2,0,0,solver
5,2,4,8,4,4,0 13,0 7 14 21,0 7 13 14 20 21 27 34,8,1.000000,2.000000,5,10,2,0,0,solver
5,2,4,8,4,4,0 13,0 6 12 18,0 6 12 13 18 19 25 31,11,1.375000,2.750000,5,11,2,0,0,solver
5,2,4,8,4,4,0 13,0 5 11 17,0 5 11 13 17 18 24 30,12,1.500000,3.000000,5,12,3,0,0,solver
5,2,4,8,4,4,0 13,0 5 10 16,0 5 10 13 16 18 23 29,13,1.625000,3.250000,4,13,3,0,0,solver
5,2,4,8,4,4,0 13,0 5 10 15,0 5 10 13 15 18 23 28,14,1.750000,3.500000,4,14,3,0,0,solver
5,2,4,8,4,4,0 13,0 4 9 14,0 4 9 13 14 17 22 27,15,1.875000,3.750000,5,15,3,0,0,solver
5,2,4,8,4,4,0 13,0 4 8 12,0 4 8 12 13 17 21 25,17,2.125000,4.250000,5,17,3,0,0,solver
5,2,4,8,4,4,0 13,0 3 7 11,0 3 7 11 13 16 20 24,18,2.250000,4.500000,4,18,3,0,0,solver
5,2,4,8,4,4,0 13,0 3 6 10,0 3 6 10 13 16 19 23,19,2.375000,4.750000,3,19,2,0,0,solver
5,2,4,8,4,4,0 13,0 3 6 9,0 3 6 9 13 16 19 22,20,2.500000,5.000000,3,20,2,0,0,solver
5,2,4,8,4,4,0 12,0 7 15 23,0 7 12 15 19 23 27 35,7,0.875000,1.750000,3,10,2,0,0,solver
5,2,4,8,4,4,0 12,0 7 14 22,0 7 12 14 19 22 26 34,8,1.000000,2.000000,4,11,2,0,0,solver
5,2,4,8,4,4,0 12,0 7 14 21,0 7 12 14 19 21 26 33,9,1.125000,2.250000,4,11,2,0,0,solver
5,2,4,8,4,4,0 12,0 6 13 20,0 6 12 13 18 20 25 32,10,1.250000,2.500000,5,11,2,0,0,solver
5,2,4,8,4,4,0 12,0 5 10 16,0 5 10 12 16 17 22 28,14,1.750000,3.500000,5,14,3,0,0,solver
5,2,4,8,4,4,0 12,0 5 10 15,0 5 10 12 15 17 22 27,15,1.875000,3.750000,4,15,3,0,0,solver
5,2,4,8,4,4,0 12,0 4 9 14,0 4 9 12 14 16 21 26,16,2.000000,4.000000,4,16,3,0,0,solver
5,2,4,8,4,4,0 12,0 4 8 13,0 4 8 12 13 16 20 25,17,2.125000,4.250000,5,17,3,0,0,solver
5,2,4,8,4,4,0 12,0 3 7 11,0 3 7 11 12 15 19 23,19,2.375000,4.750000,5,19,3,0,0,solver
5,2,4,8,4,4,0 12,0 3 6 10,0 3 6 10 12 15 18 22,20,2.500000,5.000000,4,20,3,0,0,solver
5,2,4,8,4,4,0 12,0 3 6 9,0 3 6 9 12 15 18 21,21,2.625000,5.250000,3,21,2,0,0,solver
5,2,4,8,4,4,0 11,0 7 15 23,0 7 11 15 18 23 26 34,8,1.000000,2.000000,3,11,2,0,0,solver
5,2,4,8,4,4,0 11,0 7 14 22,0 7 11 14 18 22 25 33,9,1.125000,2.250000,3,12,2,0,0,solver
5,2,4,8,4,4,0 11,0 7 14 21,0 7 11 14 18 21 25 32,10,1.250000,2.500000,3,12,2,0,0,solver
5,2,4,8,4,4,0 11,0 6 13 20,0 6 11 13 17 20 24 31,11,1.375000,2.750000,4,12,2,0,0,solver
5,2,4,8,4,4,0 11,0 6 12 19,0 6 11 12 17 19 23 30,12,1.500000,3.000000,5,13,2,0,0,solver
5,2,4,8,4,4,0 11,0 6 12 18,0 6 11 12 17 18 23 29,13,1.625000,3.250000,5,13,2,0,0,solver
5,2,4,8,4,4,0 11,0 5 10 15,0 5 10 11 15 16 21 26,16,2.000000,4.000000,5,16,3,0,0,solver
5,2,4,8,4,4,0 11,0 4 9 14,0 4 9 11 14 15 20 25,17,2.125000,4.250000,5,17,3,0,0,solver
5,2,4,8,4,4,0 11,0 4 8 13,0 4 8 11 13 15 19 24,18,2.250000,4.500000,4,18,3,0,0,solver
5,2,4,8,4,4,0 11,0 4 8 12,0 4 8 11 12 15 19 23,19,2.375000,4.750000,5,19,3,0,0,solver
5,2,4,8,4,4,0 11,0 3 6 10,0 3 6 10 11 14 17 21,21,2.625000,5.250000,5,21,3,0,0,solver
5,2,4,8,4,4,0 11,0 3 6 9,0 3 6 9 11 14 17 20,22,2.750000,5.500000,4,22,3,0,0,solver
5,2,4,8,4,4,0 10,0 7 15 23,0 7 10 15 17 23 25 33,9,1.125000,2.250000,4,12,2,0,0,solver
5,2,4,8,4,4,0 10,0 7 14 22,0 7 10 14 17 22 24 32,10,1.250000,2.500000,4,13,2,0,0,solver
5,2,4,8,4,4,0 10,0 7 14 21,0 7 10 14 17 21 24 31,11,1.375000,2.750000,3,13,2,0,0,solver
5,2,4,8,4,4,0 10,0 6 13 20,0 6 10 13 16 20 23 30,12,1.500000,3.000000,3,13,2,0,0,solver
5,2,4,8,4,4,0 10,0 6 12 19,0 6 10 12 16 19 22 29,13,1.625000,3.250000,4,14,2,0,0,solver
5,2,4,8,4,4,0 10,0 6 12 18,0 6 10 12 16 18 22 28,14,1.750000,3.500000,4,14,2,0,0,solver
5,2,4,8,4,4,0 10,0 5 11 17,0 5 10 11 15 17 21 27,15,1.875000,3.750000,5,15,3,0,0,solver
5,2,4,8,4,4,0 10,0 4 8 13,0 4 8 10 13 14 18 23,19,2.375000,4.750000,5,19,3,0,0,solver
5,2,4,8,4,4,0 10,0 4 8 12,0 4 8 10 12 14 18 22,20,2.500000,5.000000,4,20,3,0,0,solver
5,2,4,8,4,4,0 10,0 3 7 11,0 3 7 10 11 13 17 21,21,2.625000,5.250000,5,21,3,0,0,solver
5,2,4,8,4,4,0 10,0 3 6 9,0 3 6 9 10 13 16 19,23,2.875000,5.750000,5,23,3,0,0,solver
5,2,4,8,4,4,0 9,0 7 15 23,0 7 9 15 16 23 24 32,10,1.250000,2.500000,5,14,2,0,0,solver
5,2,4,8,4,4,0 9,0 7 14 22,0 7 9 14 16 22 23 31,11,1.375000,2.750000,5,14,2,0,0,solver
5,2,4,8,4,4,0 9,0 7 14 21,0 7 9 14 16 21 23 30,12,1.500000,3.000000,4,14,2,0,0,solver
5,2,4,8,4,4,0 9,0 6 13 20,0 6 9 13 15 20 22 29,13,1.625000,3.250000,4,14,2,0,0,solver
5,2,4,8,4,4,0 9,0 6 12 19,0 6 9 12 15 19 21 28,14,1.750000,3.500000,4,15,2,0,0,solver
5,2,4,8,4,4,0 9,0 6 12 18,0 6 9 12 15 18 21 27,15,1.875000,3.750000,3,15,2,0,0,solver
5,2,4,8,4,4,0 9,0 5 11 17,0 5 9 11 14 17 20 26,16,2.000000,4.000000,4,16,3,0,0,solver
5,2,4,8,4,4,0 9,0 5 10 16,0 5 9 10 14 16 19 25,17,2.125000,4.250000,5,17,3,0,0,solver
5,2,4,8,4,4,0 9,0 5 10 15,0 5 9 10 14 15 19 24,18,2.250000,4.500000,5,18,3,0,0,solver
5,2,4,8,4,4,0 9,0 4 8 12,0 4 8 9 12 13 17 21,21,2.625000,5.250000,5,21,4,0,0,solver
5,2,4,8,4,4,0 9,0 3 7 11,0 3 7 9 11 12 16 20,22,2.750000,5.500000,5,22,4,0,0,solver
5,2,4,8,4,4,0 9,0 3 6 10,0 3 6 9 10 12 15 19,23,2.875000,5.750000,5,23,3,0,0,solver
5,2,4,8,4,4,0 8,0 7 14 21,0 7 8 14 15 21 22 29,13,1.625000,3.250000,5,15,2,0,0,solver
5,2,4,8,4,4,0 8,0 6 13 20,0 6 8 13 14 20 21 28,14,1.750000,3.500000,5,15,2,0,0,solver
5,2,4,8,4,4,0 8,0 6 12 19,0 6 8 12 14 19 20 27,15,1.875000,3.750000,5,16,2,0,0,solver
5,2,4,8,4,4,0 8,0 6 12 18,0 6 8 12 14 18 20 26,16,2.000000,4.000000,4,16,2,0,0,solver
5,2,4,8,4,4,0 8,0 5 11 17,0 5 8 11 13 17 19 25,17,2.125000,4.250000,4,17,3,0,0,solver
5,2,4,8,4,4,0 8,0 5 10 16,0 5 8 10 13 16 18 24,18,2.250000,4.500000,4,18,3,0,0,solver
5,2,4,8,4,4,0 8,0 5 10 15,0 5 8 10 13 15 18 23,19,2.375000,4.750000,4,19,3,0,0,solver
5,2,4,8,4,4,0 8,0 4 9 14,0 4 8 9 12 14 17 22,20,2.500000,5.000000,5,20,3,0,0,solver
5,2,4,8,4,4,0 8,0 3 6 10,0 3 6 8 10 11 14 18,24,3.000000,6.000000,5,24,4,0,0,solver
5,2,4,8,4,4,0 8,0 3 6 9,0 3 6 8 9 11 14 17,25,3.125000,6.250000,5,25,4,0,0,solver
5,2,4,8,4,4,0 7,0 6 12 18,0 6 7 12 13 18 19 25,17,2.125000,4.250000,5,17,2,0,0,solver
5,2,4,8,4,4,0 7,0 5 11 17,0 5 7 11 12 17 18 24,18,2.250000,4.500000,5,18,3,0,0,solver
5,2,4,8,4,4,0 7,0 5 10 16,0 5 7 10 12 16 17 23,19,2.375000,4.750000,5,19,3,0,0,solver
5,2,4,8,4,4,0 7,0 5 10 15,0 5 7 10 12 15 17 22,20,2.500000,5.000000,4,20,3,0,0,solver
5,2,4,8,4,4,0 7,0 4 9 14,0 4 7 9 11 14 16 21,21,2.625000,5.250000,4,21,3,0,0,solver
5,2,4,8,4,4,0 7,0 4 8 13,0 4 7 8 11 13 15 20,22,2.750000,5.500000,5,22,3,0,0,solver
5,2,4,8,4,4,0 7,0 4 8 12,0 4 7 8 11 12 15 19,23,2.875000,5.750000,5,23,4,0,0,solver
5,2,4,8,4,4,0 7,0 3 6 9,0 3 6 7 9 10 13 16,26,3.250000,6.500000,5,26,4,0,0,solver
5,2,4,8,4,4,0 6,0 7 15 23,0 6 7 13 15 21 23 29,13,1.625000,3.250000,5,13,2,0,0,solver
5,2,4,8,4,4,0 6,0 7 14 22,0 6 7 13 14 20 22 28,14,1.750000,3.500000,5,14,2,0,0,solver
5,2,4,8,4,4,0 6,0 7 14 21,0 6 7 13 14 20 21 27,15,1.875000,3.750000,5,15,2,0,0,solver
5,2,4,8,4,4,0 6,0 5 10 15,0 5 6 10 11 15 16 21,21,2.625000,5.250000,5,21,3,0,0,solver
5,2,4,8,4,4,0 6,0 4 9 14,0 4 6 9 10 14 15 20,22,2.750000,5.500000,5,22,3,0,0,solver
5,2,4,8,4,4,0 6,0 4 8 13,0 4 6 8 10 13 14 19,23,2.875000,5.750000,5,23,3,0,0,solver
5,2,4,8,4,4,0 6,0 4 8 12,0 4 6 8 10 12 14 18,24,3.000000,6.000000,4,24,3,0,0,solver
5,2,4,8,4,4,0 6,0 3 7 11,0 3 6 7 9 11 13 17,25,3.125000,6.250000,5,25,4,0,0,solver
5,2,4,8,4,4,0 5,0 7 15 23,0 5 7 12 15 20 23 28,14,1.750000,3.500000,4,14,2,0,0,solver
5,2,4,8,4,4,0 5,0 7 14 22,0 5 7 12 14 19 22 27,15,1.875000,3.750000,4,15,2,0,0,solver
5,2,4,8,4,4,0 5,0 7 14 21,0 5 7 12 14 19 21 26,16,2.000000,4.000000,4,16,2,0,0,solver
5,2,4,8,4,4,0 5,0 6 13 20,0 5 6 11 13 18 20 25,17,2.125000,4.250000,5,17,2,0,0,solver
5,2,4,8,4,4,0 5,0 6 12 19,0 5 6 11 12 17 19 24,18,2.250000,4.500000,5,18,2,0,0,solver
5,2,4,8,4,4,0 5,0 6 12 18,0 5 6 11 12 17 18 23,19,2.375000,4.750000,5,19,2,0,0,solver
5,2,4,8,4,4,0 5,0 4 8 12,0 4 5 8 9 12 13 17,25,3.125000,6.250000,5,25,4,0,0,solver
5,2,4,8,4,4,0 5,0 3 7 11,0 3 5 7 8 11 12 16,26,3.250000,6.500000,5,26,4,0,0,solver
5,2,4,8,4,4,0 5,0 3 6 10,0 3 5 6 8 10 11 15,27,3.375000,6.750000,5,27,4,0,0,solver
5,2,4,8,4,4,0 5,0 3 6 9,0 3 5 6 8 9 11 14,28,3.500000,7.000000,5,28,4,0,0,solver
5,2,4,8,4,4,0 4,0 7 15 23,0 4 7 11 15 19 23 27,15,1.875000,3.750000,3,15,2,0,0,solver
5,2,4,8,4,4,0 4,0 7 14 22,0 4 7 11 14 18 22 26,16,2.000000,4.000000,3,16,2,0,0,solver
5,2,4,8,4,4,0 4,0 7 14 21,0 4 7 11 14 18 21 25,17,2.125000,4.250000,3,17,2,0,0,solver
5,2,4,8,4,4,0 4,0 6 13 20,0 4 6 10 13 17 20 24,18,2.250000,4.500000,4,18,2,0,0,solver
5,2,4,8,4,4,0 4,0 6 12 19,0 4 6 10 12 16 19 23,19,2.375000,4.750000,4,19,2,0,0,solver
5,2,4,8,4,4,0 4,0 6 12 18,0 4 6 10 12 16 18 22,20,2.500000,5.000000,4,20,2,0,0,solver
5,2,4,8,4,4,0 4,0 5 11 17,0 4 5 9 11 15 17 21,21,2.625000,5.250000,5,21,3,0,0,solver
5,2,4,8,4,4,0 4,0 5 10 16,0 4 5 9 10 14 16 20,22,2.750000,5.500000,5,22,3,0,0,solver
5,2,4,8,4,4,0 4,0 5 10 15,0 4 5 9 10 14 15 19,23,2.875000,5.750000,5,23,3,0,0,solver
5,2,4,8,4,4,0 4,0 3 6 9,0 3 4 6 7 9 10 13,29,3.625000,7.250000,5,29,4,0,0,solver
5,2,4,8,4,4,0 3,0 7 15 23,0 3 7 10 15 18 23 26,16,2.000000,4.000000,3,16,2,0,0,solver
5,2,4,8,4,4,0 3,0 7 14 22,0 3 7 10 14 17 22 25,17,2.125000,4.250000,3,17,2,0,0,solver
5,2,4,8,4,4,0 3,0 7 14 21,0 3 7 10 14 17 21 24,18,2.250000,4.500000,3,18,2,0,0,solver
5,2,4,8,4,4,0 3,0 6 13 20,0 3 6 9 13 16 20 23,19,2.375000,4.750000,3,19,2,0,0,solver
5,2,4,8,4,4,0 3,0 6 12 19,0 3 6 9 12 15 19 22,20,2.500000,5.000000,3,20,2,0,0,solver
5,2,4,8,4,4,0 3,0 6 12 18,0 3 6 9 12 15 18 21,21,2.625000,5.250000,3,21,2,0,0,solver
5,2,4,8,4,4,0 3,0 5 11 17,0 3 5 8 11 14 17 20,22,2.750000,5.500000,4,22,3,0,0,solver
5,2,4,8,4,4,0 3,0 5 10 16,0 3 5 8 10 13 16 19,23,2.875000,5.750000,4,23,3,0,0,solver
5,2,4,8,4,4,0 3,0 5 10 15,0 3 5 8 10 13 15 18,24,3.000000,6.000000,4,24,3,0,0,solver
5,2,4,8,4,4,0 3,0 4 9 14,0 3 4 7 9 12 14 17,25,3.125000,6.250000,5,25,3,0,0,solver
5,2,4,8,4,4,0 3,0 4 8 13,0 3 4 7 8 11 13 16,26,3.250000,6.500000,5,26,4,0,0,solver
5,2,4,8,4,4,0 3,0 4 8 12,0 3 4 7 8 11 12 15,27,3.375000,6.750000,5,27,4,0,0,solver
5,2,5,10,5,4,0 14,0 5 11 17 23,0 5 11 14 17 19 23 25 31 37,17,1.700000,3.400000,4,17,3,1,0,solver
5,2,5,10,5,4,0 14,0 5 10 16 22,0 5 10 14 16 19 22 24 30 36,18,1.800000,3.600000,4,18,3,0,0,solver
5,2,5,10,5,4,0 14,0 5 10 15 21,0 5 10 14 15 19 21 24 29 35,19,1.900000,3.800000,5,19,3,0,0,solver
5,2,5,10,5,4,0 14,0 5 10 15 20,0 5 10 14 15 19 20 24 29 34,20,2.000000,4.000000,5,20,3,0,0,solver
5,2,5,10,5,4,0 14,0 4 8 12 17,0 4 8 12 14 17 18 22 26 31,23,2.300000,4.600000,5,23,3,0,0,solver
5,2,5,10,5,4,0 14,0 4 8 12 16,0 4 8 12 14 16 18 22 26 30,24,2.400000,4.800000,4,24,3,0,0,solver
5,2,5,10,5,4,0 14,0 3 7 11 15,0 3 7 11 14 15 17 21 25 29,25,2.500000,5.000000,5,25,3,0,0,solver
5,2,5,10,5,4,0 14,0 3 6 9 13,0 3 6 9 13 14 17 20 23 27,27,2.700000,5.400000,5,27,3,0,0,solver
5,2,5,10,5,4,0 14,0 3 6 9 12,0 3 6 9 12 14 17 20 23 26,28,2.800000,5.600000,4,28,3,0,0,solver
5,2,5,10,5,4,0 13,0 5 11 17 23,0 5 11 13 17 18 23 24 30 36,18,1.800000,3.600000,5,18,3,0,0,solver
5,2,5,10,5,4,0 13,0 5 10 16 22,0 5 10 13 16 18 22 23 29 35,19,1.900000,3.800000,5,19,3,0,0,solver
5,2,5,10,5,4,0 13,0 5 10 15 21,0 5 10 13 15 18 21 23 28 34,20,2.000000,4.000000,4,20,3,0,0,solver
5,2,5,10,5,4,0 13,0 5 10 15 20,0 5 10 13 15 18 20 23 28 33,21,2.100000,4.200000,4,21,3,0,0,solver
5,2,5,10,5,4,0 13,0 4 9 14 19,0 4 9 13 14 17 19 22 27 32,22,2.200000,4.400000,5,22,3,0,0,solver
5,2,5,10,5,4,0 13,0 4 8 12 16,0 4 8 12 13 16 17 21 25 29,25,2.500000,5.000000,5,25,4,0,0,solver
5,2,5,10,5,4,0 13,0 3 7 11 15,0 3 7 11 13 15 16 20 24 28,26,2.600000,5.200000,5,26,4,0,0,solver
5,2,5,10,5,4,0 13,0 3 6 10 14,0 3 6 10 13 14 16 19 23 27,27,2.700000,5.400000,5,27,3,0,0,solver
5,2,5,10,5,4,0 13,0 3 6 9 12,0 3 6 9 12 13 16 19 22 25,29,2.900000,5.800000,5,29,3,0,0,solver
5,2,5,10,5,4,0 12,0 5 10 15 21,0 5 10 12 15 17 21 22 27 33,21,2.100000,4.200000,5,21,3,0,0,solver
5,2,5,10,5,4,0 12,0 5 10 15 20,0 5 10 12 15 17 20 22 27 32,22,2.200000,4.400000,4,22,3,0,0,solver
5,2,5,10,5,4,0 12,0 4 9 14 19,0 4 9 12 14 16 19 21 26 31,23,2.300000,4.600000,4,23,3,0,0,solver
5,2,5,10,5,4,0 12,0 4 8 13 18,0 4 8 12 13 16 18 20 25 30,24,2.400000,4.800000,5,24,3,0,0,solver
5,2,5,10,5,4,0 12,0 3 6 10 14,0 3 6 10 12 14 15 18 22 26,28,2.800000,5.600000,5,28,4,0,0,solver
5,2,5,10,5,4,0 12,0 3 6 9 13,0 3 6 9 12 13 15 18 21 25,29,2.900000,5.800000,5,29,3,0,0,solver
5,2,5,10,5,4,0 11,0 5 10 15 20,0 5 10 11 15 16 20 21 26 31,23,2.300000,4.600000,5,23,3,0,0,solver
5,2,5,10,5,4,0 11,0 4 9 14 19,0 4 9 11 14 15 19 20 25 30,24,2.400000,4.800000,5,24,3,0,0,solver
5,2,5,10,5,4,0 11,0 4 8 13 18,0 4 8 11 13 15 18 19 24 29,25,2.500000,5.000000,5,25,3,0,0,solver
5,2,5,10,5,4,0 11,0 4 8 12 17,0 4 8 11 12 15 17 19 23 28,26,2.600000,5.200000,5,26,3,0,0,solver
5,2,5,10,5,4,0 11,0 4 8 12 16,0 4 8 11 12 15 16 19 23 27,27,2.700000,5.400000,5,27,4,0,0,solver
5,2,5,10,5,4,0 11,0 3 6 9 13,0 3 6 9 11 13 14 17 20 24,30,3.000000,6.000000,5,30,4,0,0,solver
5,2,5,10,5,4,0 11,0 3 6 9 12,0 3 6 9 11 12 14 17 20 23,31,3.100000,6.200000,5,31,4,0,0,solver
5,2,5,10,5,4,0 10,0 5 11 17 23,0 5 10 11 15 17 21 23 27 33,21,2.100000,4.200000,5,21,3,0,0,solver
5,2,5,10,5,4,0 10,0 4 8 12 17,0 4 8 10 12 14 17 18 22 27,27,2.700000,5.400000,5,27,3,0,0,solver
5,2,5,10,5,4,0 10,0 4 8 12 16,0 4 8 10 12 14 16 18 22 26,28,2.800000,5.600000,4,28,3,0,0,solver
5,2,5,10,5,4,0 10,0 3 7 11 15,0 3 7 10 11 13 15 17 21 25,29,2.900000,5.800000,5,29,4,0,0,solver
5,2,5,10,5,4,0 10,0 3 6 9 12,0 3 6 9 10 12 13 16 19 22,32,3.200000,6.400000,5,32,4,0,0,solver
5,2,5,10,5,4,0 9,0 5 11 17 23,0 5 9 11 14 17 20 23 26 32,22,2.200000,4.400000,4,22,3,0,0,solver
5,2,5,10,5,4,0 9,0 5 10 16 22,0 5 9 10 14 16 19 22 25 31,23,2.300000,4.600000,5,23,3,0,0,solver
5,2,5,10,5,4,0 9,0 5 10 15 21,0 5 9 10 14 15 19 21 24 30,24,2.400000,4.800000,5,24,3,0,0,solver
5,2,5,10,5,4,0 9,0 5 10 15 20,0 5 9 10 14 15 19 20 24 29,25,2.500000,5.000000,5,25,3,0,0,solver
5,2,5,10,5,4,0 9,0 4 8 12 16,0 4 8 9 12 13 16 17 21 25,29,2.900000,5.800000,5,29,4,0,0,solver
5,2,5,10,5,4,0 9,0 3 7 11 15,0 3 7 9 11 12 15 16 20 24,30,3.000000,6.000000,5,30,4,0,0,solver
5,2,5,10,5,4,0 9,0 3 6 10 14,0 3 6 9 10 12 14 15 19 23,31,3.100000,6.200000,5,31,4,0,0,solver
5,2,5,10,5,4,0 8,0 5 11 17 23,0 5 8 11 13 17 19 23 25 31,23,2.300000,4.600000,4,23,3,0,0,solver
5,2,5,10,5,4,0 8,0 5 10 16 22,0 5 8 10 13 16 18 22 24 30,24,2.400000,4.800000,4,24,3,0,0,solver
5,2,5,10,5,4,0 8,0 5 10 15 21,0 5 8 10 13 15 18 21 23 29,25,2.500000,5.000000,4,25,3,0,0,solver
5,2,5,10,5,4,0 8,0 5 10 15 20,0 5 8 10 13 15 18 20 23 28,26,2.600000,5.200000,4,26,3,0,0,solver
5,2,5,10,5,4,0 8,0 4 9 14 19,0 4 8 9 12 14 17 19 22 27,27,2.700000,5.400000,5,27,3,0,0,solver
5,2,5,10,5,4,0 8,0 3 6 9 13,0 3 6 8 9 11 13 14 17 21,33,3.300000,6.600000,5,33,4,0,0,solver
5,2,5,10,5,4,0 8,0 3 6 9 12,0 3 6 8 9 11 12 14 17 20,34,3.400000,6.800000,5,34,4,0,0,solver
5,2,5,10,5,4,0 7,0 5 11 17 23,0 5 7 11 12 17 18 23 24 30,24,2.400000,4.800000,5,24,3,0,0,solver
5,2,5,10,5,4,0 7,0 5 10 16 22,0 5 7 10 12 16 17 22 23 29,25,2.500000,5.000000,5,25,3,0,0,solver
5,2,5,10,5,4,0 7,0 5 10 15 21,0 5 7 10 12 15 17 21 22 28,26,2.600000,5.200000,5,26,3,0,0,solver
5,2,5,10,5,4,0 7,0 5 10 15 20,0 5 7 10 12 15 17 20 22 27,27,2.700000,5.400000,4,27,3,0,0,solver
5,2,5,10,5,4,0 7,0 4 9 14 19,0 4 7 9 11 14 16 19 21 26,28,2.800000,5.600000,4,28,3,0,0,solver
5,2,5,10,5,4,0 7,0 4 8 13 18,0 4 7 8 11 13 15 18 20 25,29,2.900000,5.800000,5,29,3,0,0,solver
5,2,5,10,5,4,0 7,0 4 8 12 17,0 4 7 8 11 12 15 17 19 24,30,3.000000,6.000000,5,30,4,0,0,solver
5,2,5,10,5,4,0 7,0 4 8 12 16,0 4 7 8 11 12 15 16 19 23,31,3.100000,6.200000,5,31,4,0,0,solver
5,2,5,10,5,4,0 7,0 3 6 9 12,0 3 6 7 9 10 12 13 16 19,35,3.500000,7.000000,5,35,4,0,0,solver
5,2,5,10,5,4,0 6,0 5 10 15 20,0 5 6 10 11 15 16 20 21 26,28,2.800000,5.600000,5,28,3,0,0,solver
5,2,5,10,5,4,0 6,0 4 9 14 19,0 4 6 9 10 14 15 19 20 25,29,2.900000,5.800000,5,29,3,0,0,solver
5,2,5,10,5,4,0 6,0 4 8 13 18,0 4 6 8 10 13 14 18 19 24,30,3.000000,6.000000,5,30,3,0,0,solver
5,2,5,10,5,4,0 6,0 4 8 12 17,0 4 6 8 10 12 14 17 18 23,31,3.100000,6.200000,5,31,3,0,0,solver
5,2,5,10,5,4,0 6,0 4 8 12 16,0 4 6 8 10 12 14 16 18 22,32,3.200000,6.400000,4,32,3,0,0,solver
5,2,5,10,5,4,0 6,0 3 7 11 15,0 3 6 7 9 11 13 15 17 21,33,3.300000,6.600000,5,33,4,0,0,solver
5,2,5,10,5,4,0 5,0 4 8 12 16,0 4 5 8 9 12 13 16 17 21,33,3.300000,6.600000,5,33,4,0,0,solver
5,2,5,10,5,4,0 5,0 3 7 11 15,0 3 5 7 8 11 12 15 16 20,34,3.400000,6.800000,5,34,4,0,0,solver
5,2,5,10,5,4,0 5,0 3 6 10 14,0 3 5 6 8 10 11 14 15 19,35,3.500000,7.000000,5,35,4,0,0,solver
5,2,5,10,5,4,0 5,0 3 6 9 13,0 3 5 6 8 9 11 13 14 18,36,3.600000,7.200000,5,36,4,0,0,solver
5,2,5,10,5,4,0 5,0 3 6 9 12,0 3 5 6 8 9 11 12 14 17,37,3.700000,7.400000,5,37,4,0,0,solver
5,2,5,10,5,4,0 4,0 5 11 17 23,0 4 5 9 11 15 17 21 23 27,27,2.700000,5.400000,5,27,3,0,0,solver
5,2,5,10,5,4,0 4,0 5 10 16 22,0 4 5 9 10 14 16 20 22 26,28,2.800000,5.600000,5,28,3,0,0,solver
5,2,5,10,5,4,0 4,0 5 10 15 21,0 4 5 9 10 14 15 19 21 25,29,2.900000,5.800000,5,29,3,0,0,solver
5,2,5,10,5,4,0 4,0 5 10 15 20,0 4 5 9 10 14 15 19 20 24,30,3.000000,6.000000,5,30,3,0,0,solver
5,2,5,10,5,4,0 4,0 3 6 9 12,0 3 4 6 7 9 10 12 13 16,38,3.800000,7.600000,5,38,4,0,0,solver
5,2,5,10,5,4,0 3,0 5 11 17 23,0 3 5 8 11 14 17 20 23 26,28,2.800000,5.600000,4,28,3,0,0,solver
5,2,5,10,5,4,0 3,0 5 10 16 22,0 3 5 8 10 13 16 19 22 25,29,2.900000,5.800000,4,29,3,0,0,solver
5,2,5,10,5,4,0 3,0 5 10 15 21,0 3 5 8 10 13 15 18 21 24,30,3.000000,6.000000,4,30,3,0,0,solver
5,2,5,10,5,4,0 3,0 5 10 15 20,0 3 5 8 10 13 15 18 20 23,31,3.100000,6.200000,4,31,3,0,0,solver
5,2,5,10,5,4,0 3,0 4 9 14 19,0 3 4 7 9 12 14 17 19 22,32,3.200000,6.400000,5,32,3,0,0,solver
5,2,5,10,5,4,0 3,0 4 8 13 18,0 3 4 7 8 11 13 16 18 21,33,3.300000,6.600000,5,33,4,0,0,solver
5,2,5,10,5,4,0 3,0 4 8 12 17,0 3 4 7 8 11 12 15 17 20,34,3.400000,6.800000,5,34,4,0,0,solver
5,2,5,10,5,4,0 3,0 4 8 12 16,0 3 4 7 8 11 12 15 16 19,35,3.500000,7.000000,5,35,4,0,0,solver
5,2,6,12,6,4,0 14,0 4 8 12 16 21,0 4 8 12 14 16 18 21 22 26 30 35,31,2.583333,5.166667,5,31,3,0,0,solver
5,2,6,12,6,4,0 14,0 4 8 12 16 20,0 4 8 12 14 16 18 20 22 26 30 34,32,2.666667,5.333333,4,32,3,0,0,solver
5,2,6,12,6,4,0 14,0 3 7 11 15 19,0 3 7 11 14 15 17 19 21 25 29 33,33,2.750000,5.500000,5,33,4,0,0,solver
5,2,6,12,6,4,0 14,0 3 6 9 12 16,0 3 6 9 12 14 16 17 20 23 26 30,36,3.000000,6.000000,5,36,4,0,0,solver
5,2,6,12,6,4,0 14,0 3 6 9 12 15,0 3 6 9 12 14 15 17 20 23 26 29,37,3.083333,6.166667,5,37,4,0,0,solver
5,2,6,12,6,4,0 13,0 4 8 12 16 20,0 4 8 12 13 16 17 20 21 25 29 33,33,2.750000,5.500000,5,33,4,0,0,solver
5,2,6,12,6,4,0 13,0 3 7 11 15 19,0 3 7 11 13 15 16 19 20 24 28 32,34,2.833333,5.666667,5,34,4,0,0,solver
5,2,6,12,6,4,0 13,0 3 6 10 14 18,0 3 6 10 13 14 16 18 19 23 27 31,35,2.916667,5.833333,5,35,4,0,0,solver
5,2,6,12,6,4,0 13,0 3 6 9 12 15,0 3 6 9 12 13 15 16 19 22 25 28,38,3.166667,6.333333,5,38,4,0,0,solver
5,2,6,12,6,4,0 12,0 4 8 13 18 23,0 4 8 12 13 16 18 20 23 25 30 35,31,2.583333,5.166667,5,31,3,0,0,solver
5,2,6,12,6,4,0 12,0 3 6 9 13 17,0 3 6 9 12 13 15 17 18 21 25 29,37,3.083333,6.166667,5,37,4,0,0,solver
5,2,6,12,6,4,0 11,0 4 8 13 18 23,0 4 8 11 13 15 18 19 23 24 29 34,32,2.666667,5.333333,5,32,3,0,0,solver
5,2,6,12,6,4,0 11,0 4 8 12 17 22,0 4 8 11 12 15 17 19 22 23 28 33,33,2.750000,5.500000,5,33,3,0,0,solver
5,2,6,12,6,4,0 11,0 4 8 12 16 21,0 4 8 11 12 15 16 19 21 23 27 32,34,2.833333,5.666667,5,34,4,0,0,solver
5,2,6,12,6,4,0 11,0 4 8 12 16 20,0 4 8 11 12 15 16 19 20 23 27 31,35,2.916667,5.833333,5,35,4,0,0,solver
5,2,6,12,6,4,0 11,0 3 6 9 12 16,0 3 6 9 11 12 14 16 17 20 23 27,39,3.250000,6.500000,5,39,4,0,0,solver
5,2,6,12,6,4,0 11,0 3 6 9 12 15,0 3 6 9 11 12 14 15 17 20 23 26,40,3.333333,6.666667,5,40,4,0,0,solver
5,2,6,12,6,4,0 10,0 4 8 12 16 21,0 4 8 10 12 14 16 18 21 22 26 31,35,2.916667,5.833333,5,35,3,0,0,solver
5,2,6,12,6,4,0 10,0 4 8 12 16 20,0 4 8 10 12 14 16 18 20 22 26 30,36,3.000000,6.000000,4,36,3,0,0,solver
5,2,6,12,6,4,0 10,0 3 7 11 15 19,0 3 7 10 11 13 15 17 19 21 25 29,37,3.083333,6.166667,5,37,4,0,0,solver
5,2,6,12,6,4,0 10,0 3 6 9 12 15,0 3 6 9 10 12 13 15 16 19 22 25,41,3.416667,6.833333,5,41,4,0,0,solver
5,2,6,12,6,4,0 9,0 4 8 12 16 20,0 4 8 9 12 13 16 17 20 21 25 29,37,3.083333,6.166667,5,37,4,0,0,solver
5,2,6,12,6,4,0 9,0 3 7 11 15 19,0 3 7 9 11 12 15 16 19 20 24 28,38,3.166667,6.333333,5,38,4,0,0,solver
5,2,6,12,6,4,0 9,0 3 6 10 14 18,0 3 6 9 10 12 14 15 18 19 23 27,39,3.250000,6.500000,5,39,4,0,0,solver
5,2,6,12,6,4,0 8,0 3 6 9 12 16,0 3 6 8 9 11 12 14 16 17 20 24,42,3.500000,7.000000,5,42,4,0,0,solver
5,2,6,12,6,4,0 8,0 3 6 9 12 15,0 3 6 8 9 11 12 14 15 17 20 23,43,3.583333,7.166667,5,43,4,0,0,solver
5,2,6,12,6,4,0 7,0 4 8 13 18 23,0 4 7 8 11 13 15 18 20 23 25 30,36,3.000000,6.000000,5,36,3,0,0,solver
5,2,6,12,6,4,0 7,0 4 8 12 17 22,0 4 7 8 11 12 15 17 19 22 24 29,37,3.083333,6.166667,5,37,4,0,0,solver
5,2,6,12,6,4,0 7,0 4 8 12 16 21,0 4 7 8 11 12 15 16 19 21 23 28,38,3.166667,6.333333,5,38,4,0,0,solver
5,2,6,12,6,4,0 7,0 4 8 12 16 20,0 4 7 8 11 12 15 16 19 20 23 27,39,3.250000,6.500000,5,39,4,0,0,solver
5,2,6,12,6,4,0 7,0 3 6 9 12 15,0 3 6 7 9 10 12 13 15 16 19 22,44,3.666667,7.333333,5,44,4,0,0,solver
5,2,6,12,6,4,0 6,0 4 8 13 18 23,0 4 6 8 10 13 14 18 19 23 24 29,37,3.083333,6.166667,5,37,3,0,0,solver
5,2,6,12,6,4,0 6,0 4 8 12 17 22,0 4 6 8 10 12 14 17 18 22 23 28,38,3.166667,6.333333,5,38,3,0,0,solver
5,2,6,12,6,4,0 6,0 4 8 12 16 21,0 4 6 8 10 12 14 16 18 21 22 27,39,3.250000,6.500000,5,39,3,0,0,solver
5,2,6,12,6,4,0 6,0 4 8 12 16 20,0 4 6 8 10 12 14 16 18 20 22 26,40,3.333333,6.666667,4,40,3,0,0,solver
5,2,6,12,6,4,0 6,0 3 7 11 15 19,0 3 6 7 9 11 13 15 17 19 21 25,41,3.416667,6.833333,5,41,4,0,0,solver
5,2,6,12,6,4,0 5,0 4 8 12 16 20,0 4 5 8 9 12 13 16 17 20 21 25,41,3.416667,6.833333,5,41,4,0,0,solver
5,2,6,12,6,4,0 5,0 3 7 11 15 19,0 3 5 7 8 11 12 15 16 19 20 24,42,3.500000,7.000000,5,42,4,0,0,solver
5,2,6,12,6,4,0 5,0 3 6 10 14 18,0 3 5 6 8 10 11 14 15 18 19 23,43,3.583333,7.166667,5,43,4,0,0,solver
5,2,6,12,6,4,0 5,0 3 6 9 13 17,0 3 5 6 8 9 11 13 14 17 18 22,44,3.666667,7.333333,5,44,4,0,0,solver
5,2,6,12,6,4,0 5,0 3 6 9 12 16,0 3 5 6 8 9 11 12 14 16 17 21,45,3.750000,7.500000,5,45,4,0,0,solver
5,2,6,12,6,4,0 5,0 3 6 9 12 15,0 3 5 6 8 9 11 12 14 15 17 20,46,3.833333,7.666667,5,46,4,0,0,solver
5,2,6,12,6,4,0 4,0 3 6 9 12 15,0 3 4 6 7 9 10 12 13 15 16 19,47,3.916667,7.833333,5,47,4,0,0,solver
5,2,6,12,6,4,0 3,0 4 8 13 18 23,0 3 4 7 8 11 13 16 18 21 23 26,40,3.333333,6.666667,5,40,4,0,0,solver
5,2,6,12,6,4,0 3,0 4 8 12 17 22,0 3 4 7 8 11 12 15 17 20 22 25,41,3.416667,6.833333,5,41,4,0,0,solver
5,2,6,12,6,4,0 3,0 4 8 12 16 21,0 3 4 7 8 11 12 15 16 19 21 24,42,3.500000,7.000000,5,42,4,0,0,solver
5,2,6,12,6,4,0 3,0 4 8 12 16 20,0 3 4 7 8 11 12 15 16 19 20 23,43,3.583333,7.166667,5,43,4,0,0,solver
5,2,7,14,7,4,0 14,0 3 7 11 15 19 23,0 3 7 11 14 15 17 19 21 23 25 29 33 37,41,2.928571,5.857143,5,41,4,1,0,solver
5,2,7,14,7,4,0 14,0 3 6 9 12 15 19,0 3 6 9 12 14 15 17 19 20 23 26 29 33,45,3.214286,6.428571,5,45,4,0,0,solver
5,2,7,14,7,4,0 14,0 3 6 9 12 15 18,0 3 6 9 12 14 15 17 18 20 23 26 29 32,46,3.285714,6.571429,5,46,4,0,0,solver
5,2,7,14,7,4,0 13,0 3 7 11 15 19 23,0 3 7 11 13 15 16 19 20 23 24 28 32 36,42,3.000000,6.000000,5,42,4,0,0,solver
5,2,7,14,7,4,0 13,0 3 6 10 14 18 22,0 3 6 10 13 14 16 18 19 22 23 27 31 35,43,3.071429,6.142857,5,43,4,0,0,solver
5,2,7,14,7,4,0 13,0 3 6 9 12 15 18,0 3 6 9 12 13 15 16 18 19 22 25 28 31,47,3.357143,6.714286,5,47,4,0,0,solver
5,2,7,14,7,4,0 11,0 3 6 9 12 15 19,0 3 6 9 11 12 14 15 17 19 20 23 26 30,48,3.428571,6.857143,5,48,4,0,0,solver
5,2,7,14,7,4,0 11,0 3 6 9 12 15 18,0 3 6 9 11 12 14 15 17 18 20 23 26 29,49,3.500000,7.000000,5,49,4,0,0,solver
5,2,7,14,7,4,0 10,0 3 7 11 15 19 23,0 3 7 10 11 13 15 17 19 21 23 25 29 33,45,3.214286,6.428571,5,45,4,0,0,solver
5,2,7,14,7,4,0 10,0 3 6 9 12 15 18,0 3 6 9 10 12 13 15 16 18 19 22 25 28,50,3.571429,7.142857,5,50,4,0,0,solver
5,2,7,14,7,4,0 9,0 3 7 11 15 19 23,0 3 7 9 11 12 15 16 19 20 23 24 28 32,46,3.285714,6.571429,5,46,4,0,0,solver
5,2,7,14,7,4,0 9,0 3 6 10 14 18 22,0 3 6 9 10 12 14 15 18 19 22 23 27 31,47,3.357143,6.714286,5,47,4,0,0,solver
5,2,7,14,7,4,0 8,0 3 6 9 12 15 19,0 3 6 8 9 11 12 14 15 17 19 20 23 27,51,3.642857,7.285714,5,51,4,0,0,solver
5,2,7,14,7,4,0 8,0 3 6 9 12 15 18,0 3 6 8 9 11 12 14 15 17 18 20 23 26,52,3.714286,7.428571,5,52,4,0,0,solver
5,2,7,14,7,4,0 7,0 3 6 9 12 15 18,0 3 6 7 9 10 12 13 15 16 18 19 22 25,53,3.785714,7.571429,5,53,4,0,0,solver
5,2,7,14,7,4,0 6,0 3 7 11 15 19 23,0 3 6 7 9 11 13 15 17 19 21 23 25 29,49,3.500000,7.000000,5,49,4,0,0,solver
5,2,7,14,7,4,0 5,0 3 7 11 15 19 23,0 3 5 7 8 11 12 15 16 19 20 23 24 28,50,3.571429,7.142857,5,50,4,0,0,solver
5,2,7,14,7,4,0 5,0 3 6 10 14 18 22,0 3 5 6 8 10 11 14 15 18 19 22 23 27,51,3.642857,7.285714,5,51,4,0,0,solver
5,2,7,14,7,4,0 5,0 3 6 9 13 17 21,0 3 5 6 8 9 11 13 14 17 18 21 22 26,52,3.714286,7.428571,5,52,4,0,0,solver
5,2,7,14,7,4,0 5,0 3 6 9 12 16 20,0 3 5 6 8 9 11 12 14 16 17 20 21 25,53,3.785714,7.571429,5,53,4,0,0,solver
5,2,7,14,7,4,0 5,0 3 6 9 12 15 19,0 3 5 6 8 9 11 12 14 15 17 19 20 24,54,3.857143,7.714286,5,54,4,0,0,solver
5,2,7,14,7,4,0 5,0 3 6 9 12 15 18,0 3 5 6 8 9 11 12 14 15 17 18 20 23,55,3.928571,7.857143,5,55,4,0,0,solver
5,2,7,14,7,4,0 4,0 3 6 9 12 15 18,0 3 4 6 7 9 10 12 13 15 16 18 19 22,56,4.000000,8.000000,5,56,4,0,0,solver
5,2,8,16,8,4,0 14,0 3 6 9 12 15 18 22,0 3 6 9 12 14 15 17 18 20 22 23 26 29 32 36,54,3.375000,6.750000,5,54,4,0,0,solver
5,2,8,16,8,4,0 14,0 3 6 9 12 15 18 21,0 3 6 9 12 14 15 17 18 20 21 23 26 29 32 35,55,3.437500,6.875000,5,55,4,0,0,solver
5,2,8,16,8,4,0 13,0 3 6 9 12 15 18 21,0 3 6 9 12 13 15 16 18 19 21 22 25 28 31 34,56,3.500000,7.000000,5,56,4,0,0,solver
5,2,8,16,8,4,0 11,0 3 6 9 12 15 18 22,0 3 6 9 11 12 14 15 17 18 20 22 23 26 29 33,57,3.562500,7.125000,5,57,4,0,0,solver
5,2,8,16,8,4,0 11,0 3 6 9 12 15 18 21,0 3 6 9 11 12 14 15 17 18 20 21 23 26 29 32,58,3.625000,7.250000,5,58,4,0,0,solver
5,2,8,16,8,4,0 10,0 3 6 9 12 15 18 21,0 3 6 9 10 12 13 15 16 18 19 21 22 25 28 31,59,3.687500,7.375000,5,59,4,0,0,solver
5,2,8,16,8,4,0 8,0 3 6 9 12 15 18 22,0 3 6 8 9 11 12 14 15 17 18 20 22 23 26 30,60,3.750000,7.500000,5,60,4,0,0,solver
5,2,8,16,8,4,0 8,0 3 6 9 12 15 18 21,0 3 6 8 9 11 12 14 15 17 18 20 21 23 26 29,61,3.812500,7.625000,5,61,4,0,0,solver
5,2,8,16,8,4,0 7,0 3 6 9 12 15 18 21,0 3 6 7 9 10 12 13 15 16 18 19 21 22 25 28,62,3.875000,7.750000,5,62,4,0,0,solver
5,2,8,16,8,4,0 5,0 3 6 9 12 15 19 23,0 3 5 6 8 9 11 12 14 15 17 19 20 23 24 28,62,3.875000,7.750000,5,62,4,0,0,solver
5,2,8,16,8,4,0 5,0 3 6 9 12 15 18 22,0 3 5 6 8 9 11 12 14 15 17 18 20 22 23 27,63,3.937500,7.875000,5,63,4,0,0,solver
5,2,8,16,8,4,0 5,0 3 6 9 12 15 18 21,0 3 5 6 8 9 11 12 14 15 17 18 20 21 23 26,64,4.000000,8.000000,5,64,4,0,0,solver
5,2,8,16,8,4,0 4,0 3 6 9 12 15 18 21,0 3 4 6 7 9 10 12 13 15 16 18 19 21 22 25,65,4.062500,8.125000,5,65,4,0,0,solver
5,3,1,3,1,4,0 7 14,0,0 7 14,-2,-0.666667,-2.000000,0,0,1,0,0,solver
5,3,1,3,1,4,0 6 13,0,0 6 13,-1,-0.333333,-1.000000,0,0,1,0,0,solver
5,3,1,3,1,4,0 6 12,0,0 6 12,0,0.000000,0.000000,0,0,1,0,0,solver
5,3,1,3,1,4,0 5 11,0,0 5 11,1,0.333333,1.000000,1,1,2,0,0,solver
5,3,1,3,1,4,0 5 10,0,0 5 10,2,0.666667,2.000000,1,2,2,0,0,solver
5,3,1,3,1,4,0 4 9,0,0 4 9,3,1.000000,3.000000,2,3,2,0,0,solver
5,3,1,3,1,4,0 4 8,0,0 4 8,4,1.333333,4.000000,2,4,2,0,0,solver
5,3,1,3,1,4,0 3 7,0,0 3 7,5,1.666667,5.000000,3,5,2,0,0,solver
5,3,1,3,1,4,0 3 6,0,0 3 6,6,2.000000,6.000000,3,6,2,0,0,solver
5,3,2,6,2,4,0 7 14,0 23,0 7 14 23 30 37,-7,-1.166667,-3.500000,0,0,1,1,0,solver
5,3,2,6,2,4,0 7 14,0 22,0 7 14 22 29 36,-6,-1.000000,-3.000000,0,0,1,0,0,solver
5,3,2,6,2,4,0 7 14,0 21,0 7 14 21 28 35,-5,-0.833333,-2.500000,0,0,1,0,0,solver
5,3,2,6,2,4,0 7 14,0 20,0 7 14 20 27 34,-4,-0.666667,-2.000000,0,0,1,0,0,solver
5,3,2,6,2,4,0 7 14,0 19,0 7 14 19 26 33,-3,-0.500000,-1.500000,1,1,2,0,0,solver
5,3,2,6,2,4,0 7 14,0 18,0 7 14 18 25 32,-2,-0.333333,-1.000000,2,2,2,0,0,solver
5,3,2,6,2,4,0 7 14,0 17,0 7 14 17 24 31,-1,-0.166667,-0.500000,3,3,2,0,0,solver
5,3,2,6,2,4,0 7 14,0 16,0 7 14 16 23 30,0,0.000000,0.000000,4,4,2,0,0,solver
5,3,2,6,2,4,0 7 14,0 15,0 7 14 15 22 29,1,0.166667,0.500000,5,5,2,0,0,solver
5,3,2,6,2,4,0 7 14,0 13,0 7 13 14 20 27,3,0.500000,1.500000,5,5,2,0,0,solver
5,3,2,6,2,4,0 7 14,0 12,0 7 12 14 19 26,4,0.666667,2.000000,4,6,2,0,0,solver
5,3,2,6,2,4,0 7 14,0 11,0 7 11 14 18 25,5,0.833333,2.500000,3,7,2,0,0,solver
5,3,2,6,2,4,0 7 14,0 10,0 7 10 14 17 24,6,1.000000,3.000000,3,8,2,0,0,solver
5,3,2,6,2,4,0 7 14,0 9,0 7 9 14 16 23,7,1.166667,3.500000,4,9,2,0,0,solver
5,3,2,6,2,4,0 7 14,0 8,0 7 8 14 15 22,8,1.333333,4.000000,5,10,2,0,0,solver
5,3,2,6,2,4,0 7 14,0 6,0 6 7 13 14 20,10,1.666667,5.000000,5,10,2,0,0,solver
5,3,2,6,2,4,0 7 14,0 5,0 5 7 12 14 19,11,1.833333,5.500000,4,11,2,0,0,solver
5,3,2,6,2,4,0 7 14,0 4,0 4 7 11 14 18,12,2.000000,6.000000,3,12,2,0,0,solver
5,3,2,6,2,4,0 7 14,0 3,0 3 7 10 14 17,13,2.166667,6.500000,3,13,2,0,0,solver
5,3,2,6,2,4,0 6 13,0 23,0 6 13 23 29 36,-6,-1.000000,-3.000000,0,0,1,0,0,solver
5,3,2,6,2,4,0 6 13,0 22,0 6 13 22 28 35,-5,-0.833333,-2.500000,0,0,1,0,0,solver
5,3,2,6,2,4,0 6 13,0 21,0 6 13 21 27 34,-4,-0.666667,-2.000000,0,0,1,0,0,solver
5,3,2,6,2,4,0 6 13,0 20,0 6 13 20 26 33,-3,-0.500000,-1.500000,0,0,1,0,0,solver
5,3,2,6,2,4,0 6 13,0 19,0 6 13 19 25 32,-2,-0.333333,-1.000000,0,0,1,0,0,solver
5,3,2,6,2,4,0 6 13,0 18,0 6 13 18 24 31,-1,-0.166667,-0.500000,1,1,2,0,0,solver
5,3,2,6,2,4,0 6 13,0 17,0 6 13 17 23 30,0,0.000000,0.000000,2,2,2,0,0,solver
5,3,2,6,2,4,0 6 13,0 16,0 6 13 16 22 29,1,0.166667,0.500000,3,3,2,0,0,solver
5,3,2,6,2,4,0 6 13,0 15,0 6 13 15 21 28,2,0.333333,1.000000,4,4,2,0,0,solver
5,3,2,6,2,4,0 6 13,0 14,0 6 13 14 20 27,3,0.500000,1.500000,5,5,2,0,0,solver
5,3,2,6,2,4,0 6 13,0 12,0 6 12 13 18 25,5,0.833333,2.500000,5,6,2,0,0,solver
5,3,2,6,2,4,0 6 13,0 11,0 6 11 13 17 24,6,1.000000,3.000000,4,7,2,0,0,solver
5,3,2,6,2,4,0 6 13,0 10,0 6 10 13 16 23,7,1.166667,3.500000,3,8,2,0,0,solver
5,3,2,6,2,4,0 6 13,0 9,0 6 9 13 15 22,8,1.333333,4.000000,4,9,2,0,0,solver
5,3,2,6,2,4,0 6 13,0 8,0 6 8 13 14 21,9,1.500000,4.500000,5,10,2,0,0,solver
5,3,2,6,2,4,0 6 13,0 5,0 5 6 11 13 18,12,2.000000,6.000000,5,12,2,0,0,solver
5,3,2,6,2,4,0 6 13,0 4,0 4 6 10 13 17,13,2.166667,6.500000,4,13,2,0,0,solver
5,3,2,6,2,4,0 6 13,0 3,0 3 6 9 13 16,14,2.333333,7.000000,3,14,2,0,0,solver
5,3,2,6,2,4,0 6 12,0 23,0 6 12 23 29 35,-5,-0.833333,-2.500000,0,0,1,0,0,solver
5,3,2,6,2,4,0 6 12,0 22,0 6 12 22 28 34,-4,-0.666667,-2.000000,0,0,1,0,0,solver
5,3,2,6,2,4,0 6 12,0 21,0 6 12 21 27 33,-3,-0.500000,-1.500000,0,0,1,0,0,solver
5,3,2,6,2,4,0 6 12,0 20,0 6 12 20 26 32,-2,-0.333333,-1.000000,0,0,1,0,0,solver
5,3,2,6,2,4,0 6 12,0 19,0 6 12 19 25 31,-1,-0.166667,-0.500000,0,0,1,0,0,solver
5,3,2,6,2,4,0 6 12,0 18,0 6 12 18 24 30,0,0.000000,0.000000,0,0,1,0,0,solver
5,3,2,6,2,4,0 6 12,0 17,0 6 12 17 23 29,1,0.166667,0.500000,1,1,2,0,0,solver
5,3,2,6,2,4,0 6 12,0 16,0 6 12 16 22 28,2,0.333333,1.000000,2,2,2,0,0,solver
5,3,2,6,2,4,0 6 12,0 15,0 6 12 15 21 27,3,0.500000,1.500000,3,3,2,0,0,solver
5,3,2,6,2,4,0 6 12,0 14,0 6 12 14 20 26,4,0.666667,2.000000,4,4,2,0,0,solver
5,3,2,6,2,4,0 6 12,0 13,0 6 12 13 19 25,5,0.833333,2.500000,5,5,2,0,0,solver
5,3,2,6,2,4,0 6 12,0 11,0 6 11 12 17 23,7,1.166667,3.500000,5,7,2,0,0,solver
5,3,2,6,2,4,0 6 12,0 10,0 6 10 12 16 22,8,1.333333,4.000000,4,8,2,0,0,solver
5,3,2,6,2,4,0 6 12,0 9,0 6 9 12 15 21,9,1.500000,4.500000,3,9,2,0,0,solver
5,3,2,6,2,4,0 6 12,0 8,0 6 8 12 14 20,10,1.666667,5.000000,4,10,2,0,0,solver
5,3,2,6,2,4,0 6 12,0 7,0 6 7 12 13 19,11,1.833333,5.500000,5,11,2,0,0,solver
5,3,2,6,2,4,0 6 12,0 5,0 5 6 11 12 17,13,2.166667,6.500000,5,13,2,0,0,solver
5,3,2,6,2,4,0 6 12,0 4,0 4 6 10 12 16,14,2.333333,7.000000,4,14,2,0,0,solver
5,3,2,6,2,4,0 6 12,0 3,0 3 6 9 12 15,15,2.500000,7.500000,3,15,2,0,0,solver
5,3,2,6,2,4,0 5 11,0 23,0 5 11 23 28 34,-4,-0.666667,-2.000000,1,2,2,0,0,solver
5,3,2,6,2,4,0 5 11,0 22,0 5 11 22 27 33,-3,-0.500000,-1.500000,1,2,2,0,0,solver
5,3,2,6,2,4,0 5 11,0 21,0 5 11 21 26 32,-2,-0.333333,-1.000000,1,2,2,0,0,solver
5,3,2,6,2,4,0 5 11,0 20,0 5 11 20 25 31,-1,-0.166667,-0.500000,1,2,2,0,0,solver
5,3,2,6,2,4,0 5 11,0 19,0 5 11 19 24 30,0,0.000000,0.000000,1,2,2,0,0,solver
5,3,2,6,2,4,0 5 11,0 18,0 5 11 18 23 29,1,0.166667,0.500000,1,2,2,0,0,solver
5,3,2,6,2,4,0 5 11,0 17,0 5 11 17 22 28,2,0.333333,1.000000,1,2,2,0,0,solver
5,3,2,6,2,4,0 5 11,0 16,0 5 11 16 21 27,3,0.500000,1.500000,1,3,2,0,0,solver
5,3,2,6,2,4,0 5 11,0 15,0 5 11 15 20 26,4,0.666667,2.000000,2,4,2,0,0,solver
5,3,2,6,2,4,0 5 11,0 14,0 5 11 14 19 25,5,0.833333,2.500000,3,5,2,0,0,solver
5,3,2,6,2,4,0 5 11,0 13,0 5 11 13 18 24,6,1.000000,3.000000,4,6,2,0,0,solver
5,3,2,6,2,4,0 5 11,0 12,0 5 11 12 17 23,7,1.166667,3.500000,5,7,2,0,0,solver
5,3,2,6,2,4,0 5 11,0 10,0 5 10 11 15 21,9,1.500000,4.500000,5,9,3,0,0,solver
5,3,2,6,2,4,0 5 11,0 9,0 5 9 11 14 20,10,1.666667,5.000000,4,10,3,0,0,solver
5,3,2,6,2,4,0 5 11,0 8,0 5 8 11 13 19,11,1.833333,5.500000,4,11,3,0,0,solver
5,3,2,6,2,4,0 5 11,0 7,0 5 7 11 12 18,12,2.000000,6.000000,5,12,3,0,0,solver
5,3,2,6,2,4,0 5 11,0 4,0 4 5 9 11 15,15,2.500000,7.500000,5,15,3,0,0,solver
5,3,2,6,2,4,0 5 11,0 3,0 3 5 8 11 14,16,2.666667,8.000000,4,16,3,0,0,solver
5,3,2,6,2,4,0 5 10,0 23,0 5 10 23 28 33,-3,-0.500000,-1.500000,1,4,2,0,0,solver
5,3,2,6,2,4,0 5 10,0 22,0 5 10 22 27 32,-2,-0.333333,-1.000000,1,4,2,0,0,solver
5,3,2,6,2,4,0 5 10,0 21,0 5 10 21 26 31,-1,-0.166667,-0.500000,1,4,2,0,0,solver
5,3,2,6,2,4,0 5 10,0 20,0 5 10 20 25 30,0,0.000000,0.000000,1,4,2,0,0,solver
5,3,2,6,2,4,0 5 10,0 19,0 5 10 19 24 29,1,0.166667,0.500000,1,4,2,0,0,solver
5,3,2,6,2,4,0 5 10,0 18,0 5 10 18 23 28,2,0.333333,1.000000,1,4,2,0,0,solver
5,3,2,6,2,4,0 5 10,0 17,0 5 10 17 22 27,3,0.500000,1.500000,1,4,2,0,0,solver
5,3,2,6,2,4,0 5 10,0 16,0 5 10 16 21 26,4,0.666667,2.000000,1,4,2,0,0,solver
5,3,2,6,2,4,0 5 10,0 15,0 5 10 15 20 25,5,0.833333,2.500000,1,5,2,0,0,solver
5,3,2,6,2,4,0 5 10,0 14,0 5 10 14 19 24,6,1.000000,3.000000,2,6,2,0,0,solver
5,3,2,6,2,4,0 5 10,0 13,0 5 10 13 18 23,7,1.166667,3.500000,3,7,2,0,0,solver
5,3,2,6,2,4,0 5 10,0 12,0 5 10 12 17 22,8,1.333333,4.000000,4,8,2,0,0,solver
5,3,2,6,2,4,0 5 10,0 11,0 5 10 11 16 21,9,1.500000,4.500000,5,9,2,0,0,solver
5,3,2,6,2,4,0 5 10,0 9,0 5 9 10 14 19,11,1.833333,5.500000,5,11,3,0,0,solver
5,3,2,6,2,4,0 5 10,0 8,0 5 8 10 13 18,12,2.000000,6.000000,4,12,3,0,0,solver
5,3,2,6,2,4,0 5 10,0 7,0 5 7 10 12 17,13,2.166667,6.500000,4,13,3,0,0,solver
5,3,2,6,2,4,0 5 10,0 6,0 5 6 10 11 16,14,2.333333,7.000000,5,14,3,0,0,solver
5,3,2,6,2,4,0 5 10,0 4,0 4 5 9 10 14,16,2.666667,8.000000,5,16,3,0,0,solver
5,3,2,6,2,4,0 5 10,0 3,0 3 5 8 10 13,17,2.833333,8.500000,4,17,3,0,0,solver
5,3,2,6,2,4,0 4 9,0 23,0 4 9 23 27 32,-2,-0.333333,-1.000000,2,6,2,0,0,solver
5,3,2,6,2,4,0 4 9,0 22,0 4 9 22 26 31,-1,-0.166667,-0.500000,2,6,2,0,0,solver
5,3,2,6,2,4,0 4 9,0 21,0 4 9 21 25 30,0,0.000000,0.000000,2,6,2,0,0,solver
5,3,2,6,2,4,0 4 9,0 20,0 4 9 20 24 29,1,0.166667,0.500000,2,6,2,0,0,solver
5,3,2,6,2,4,0 4 9,0 19,0 4 9 19 23 28,2,0.333333,1.000000,2,6,2,0,0,solver
5,3,2,6,2,4,0 4 9,0 18,0 4 9 18 22 27,3,0.500000,1.500000,2,6,2,0,0,solver
5,3,2,6,2,4,0 4 9,0 17,0 4 9 17 21 26,4,0.666667,2.000000,2,6,2,0,0,solver
5,3,2,6,2,4,0 4 9,0 16,0 4 9 16 20 25,5,0.833333,2.500000,2,6,2,0,0,solver
5,3,2,6,2,4,0 4 9,0 15,0 4 9 15 19 24,6,1.000000,3.000000,2,6,2,0,0,solver
5,3,2,6,2,4,0 4 9,0 14,0 4 9 14 18 23,7,1.166667,3.500000,2,7,2,0,0,solver
5,3,2,6,2,4,0 4 9,0 13,0 4 9 13 17 22,8,1.333333,4.000000,2,8,2,0,0,solver
5,3,2,6,2,4,0 4 9,0 12,0 4 9 12 16 21,9,1.500000,4.500000,3,9,2,0,0,solver
5,3,2,6,2,4,0 4 9,0 11,0 4 9 11 15 20,10,1.666667,5.000000,4,10,2,0,0,solver
5,3,2,6,2,4,0 4 9,0 10,0 4 9 10 14 19,11,1.833333,5.500000,5,11,3,0,0,solver
5,3,2,6,2,4,0 4 9,0 8,0 4 8 9 12 17,13,2.166667,6.500000,5,13,3,0,0,solver
5,3,2,6,2,4,0 4 9,0 7,0 4 7 9 11 16,14,2.333333,7.000000,4,14,3,0,0,solver
5,3,2,6,2,4,0 4 9,0 6,0 4 6 9 10 15,15,2.500000,7.500000,5,15,3,0,0,solver
5,3,2,6,2,4,0 4 9,0 3,0 3 4 7 9 12,18,3.000000,9.000000,5,18,3,0,0,solver
5,3,2,6,2,4,0 4 8,0 23,0 4 8 23 27 31,-1,-0.166667,-0.500000,2,8,2,0,0,solver
5,3,2,6,2,4,0 4 8,0 22,0 4 8 22 26 30,0,0.000000,0.000000,2,8,2,0,0,solver
5,3,2,6,2,4,0 4 8,0 21,0 4 8 21 25 29,1,0.166667,0.500000,2,8,2,0,0,solver
5,3,2,6,2,4,0 4 8,0 20,0 4 8 20 24 28,2,0.333333,1.000000,2,8,2,0,0,solver
5,3,2,6,2,4,0 4 8,0 19,0 4 8 19 23 27,3,0.500000,1.500000,2,8,2,0,0,solver
5,3,2,6,2,4,0 4 8,0 18,0 4 8 18 22 26,4,0.666667,2.000000,2,8,2,0,0,solver
5,3,2,6,2,4,0 4 8,0 17,0 4 8 17 21 25,5,0.833333,2.500000,2,8,2,0,0,solver
5,3,2,6,2,4,0 4 8,0 16,0 4 8 16 20 24,6,1.000000,3.000000,2,8,2,0,0,solver
5,3,2,6,2,4,0 4 8,0 15,0 4 8 15 19 23,7,1.166667,3.500000,2,8,2,0,0,solver
5,3,2,6,2,4,0 4 8,0 14,0 4 8 14 18 22,8,1.333333,4.000000,2,8,2,0,0,solver
5,3,2,6,2,4,0 4 8,0 13,0 4 8 13 17 21,9,1.500000,4.500000,2,9,2,0,0,solver
5,3,2,6,2,4,0 4 8,0 12,0 4 8 12 16 20,10,1.666667,5.000000,2,10,2,0,0,solver
5,3,2,6,2,4,0 4 8,0 11,0 4 8 11 15 19,11,1.833333,5.500000,3,11,2,0,0,solver
5,3,2,6,2,4,0 4 8,0 10,0 4 8 10 14 18,12,2.000000,6.000000,4,12,2,0,0,solver
5,3,2,6,2,4,0 4 8,0 9,0 4 8 9 13 17,13,2.166667,6.500000,5,13,3,0,0,solver
5,3,2,6,2,4,0 4 8,0 7,0 4 7 8 11 15,15,2.500000,7.500000,5,15,3,0,0,solver
5,3,2,6,2,4,0 4 8,0 6,0 4 6 8 10 14,16,2.666667,8.000000,4,16,3,0,0,solver
5,3,2,6,2,4,0 4 8,0 5,0 4 5 8 9 13,17,2.833333,8.500000,5,17,4,0,0,solver
5,3,2,6,2,4,0 4 8,0 3,0 3 4 7 8 11,19,3.166667,9.500000,5,19,4,0,0,solver
5,3,2,6,2,4,0 3 7,0 23,0 3 7 23 26 30,0,0.000000,0.000000,3,10,2,0,0,solver
5,3,2,6,2,4,0 3 7,0 22,0 3 7 22 25 29,1,0.166667,0.500000,3,10,2,0,0,solver
5,3,2,6,2,4,0 3 7,0 21,0 3 7 21 24 28,2,0.333333,1.000000,3,10,2,0,0,solver
5,3,2,6,2,4,0 3 7,0 20,0 3 7 20 23 27,3,0.500000,1.500000,3,10,2,0,0,solver
5,3,2,6,2,4,0 3 7,0 19,0 3 7 19 22 26,4,0.666667,2.000000,3,10,2,0,0,solver
5,3,2,6,2,4,0 3 7,0 18,0 3 7 18 21 25,5,0.833333,2.500000,3,10,2,0,0,solver
5,3,2,6,2,4,0 3 7,0 17,0 3 7 17 20 24,6,1.000000,3.000000,3,10,2,0,0,solver
5,3,2,6,2,4,0 3 7,0 16,0 3 7 16 19 23,7,1.166667,3.500000,3,10,2,0,0,solver
5,3,2,6,2,4,0 3 7,0 15,0 3 7 15 18 22,8,1.333333,4.000000,3,10,2,0,0,solver
5,3,2,6,2,4,0 3 7,0 14,0 3 7 14 17 21,9,1.500000,4.500000,3,10,2,0,0,solver
5,3,2,6,2,4,0 3 7,0 13,0 3 7 13 16 20,10,1.666667,5.000000,3,10,2,0,0,solver
5,3,2,6,2,4,0 3 7,0 12,0 3 7 12 15 19,11,1.833333,5.500000,3,11,2,0,0,solver
5,3,2,6,2,4,0 3 7,0 11,0 3 7 11 14 18,12,2.000000,6.000000,3,12,2,0,0,solver
5,3,2,6,2,4,0 3 7,0 10,0 3 7 10 13 17,13,2.166667,6.500000,3,13,2,0,0,solver
5,3,2,6,2,4,0 3 7,0 9,0 3 7 9 12 16,14,2.333333,7.000000,4,14,3,0,0,solver
5,3,2,6,2,4,0 3 7,0 8,0 3 7 8 11 15,15,2.500000,7.500000,5,15,3,0,0,solver
5,3,2,6,2,4,0 3 7,0 6,0 3 6 7 9 13,17,2.833333,8.500000,5,17,3,0,0,solver
5,3,2,6,2,4,0 3 7,0 5,0 3 5 7 8 12,18,3.000000,9.000000,5,18,4,0,0,solver
5,3,2,6,2,4,0 3 6,0 23,0 3 6 23 26 29,1,0.166667,0.500000,3,12,2,0,0,solver
5,3,2,6,2,4,0 3 6,0 22,0 3 6 22 25 28,2,0.333333,1.000000,3,12,2,0,0,solver
5,3,2,6,2,4,0 3 6,0 21,0 3 6 21 24 27,3,0.500000,1.500000,3,12,2,0,0,solver
5,3,2,6,2,4,0 3 6,0 20,0 3 6 20 23 26,4,0.666667,2.000000,3,12,2,0,0,solver
5,3,2,6,2,4,0 3 6,0 19,0 3 6 19 22 25,5,0.833333,2.500000,3,12,2,0,0,solver
5,3,2,6,2,4,0 3 6,0 18,0 3 6 18 21 24,6,1.000000,3.000000,3,12,2,0,0,solver
5,3,2,6,2,4,0 3 6,0 17,0 3 6 17 20 23,7,1.166667,3.500000,3,12,2,0,0,solver
5,3,2,6,2,4,0 3 6,0 16,0 3 6 16 19 22,8,1.333333,4.000000,3,12,2,0,0,solver
5,3,2,6,2,4,0 3 6,0 15,0 3 6 15 18 21,9,1.500000,4.500000,3,12,2,0,0,solver
5,3,2,6,2,4,0 3 6,0 14,0 3 6 14 17 20,10,1.666667,5.000000,3,12,2,0,0,solver
5,3,2,6,2,4,0 3 6,0 13,0 3 6 13 16 19,11,1.833333,5.500000,3,12,2,0,0,solver
5,3,2,6,2,4,0 3 6,0 12,0 3 6 12 15 18,12,2.000000,6.000000,3,12,2,0,0,solver
5,3,2,6,2,4,0 3 6,0 11,0 3 6 11 14 17,13,2.166667,6.500000,3,13,2,0,0,solver
5,3,2,6,2,4,0 3 6,0 10,0 3 6 10 13 16,14,2.333333,7.000000,3,14,2,0,0,solver
5,3,2,6,2,4,0 3 6,0 9,0 3 6 9 12 15,15,2.500000,7.500000,3,15,2,0,0,solver
5,3,2,6,2,4,0 3 6,0 8,0 3 6 8 11 14,16,2.666667,8.000000,4,16,3,0,0,solver
5,3,2,6,2,4,0 3 6,0 7,0 3 6 7 10 13,17,2.833333,8.500000,5,17,3,0,0,solver
5,3,2,6,2,4,0 3 6,0 5,0 3 5 6 8 11,19,3.166667,9.500000,5,19,4,0,0,solver
5,3,2,6,2,4,0 3 6,0 4,0 3 4 6 7 10,20,3.333333,10.000000,5,20,4,0,0,solver
5,3,3,9,3,4,0 7 14,0 11 23,0 7 11 14 18 23 25 30 37,11,1.222222,3.666667,4,13,2,1,0,solver
5,3,3,9,3,4,0 7 14,0 11 22,0 7 11 14 18 22 25 29 36,12,1.333333,4.000000,3,14,2,0,0,solver
5,3,3,9,3,4,0 7 14,0 10 21,0 7 10 14 17 21 24 28 35,13,1.444444,4.333333,3,15,2,0,0,solver
5,3,3,9,3,4,0 7 14,0 10 20,0 7 10 14 17 20 24 27 34,14,1.555556,4.666667,3,16,2,0,0,solver
5,3,3,9,3,4,0 7 14,0 9 19,0 7 9 14 16 19 23 26 33,15,1.666667,5.000000,4,17,3,0,0,solver
5,3,3,9,3,4,0 7 14,0 9 18,0 7 9 14 16 18 23 25 32,16,1.777778,5.333333,4,18,3,0,0,solver
5,3,3,9,3,4,0 7 14,0 8 17,0 7 8 14 15 17 22 24 31,17,1.888889,5.666667,5,19,3,0,0,solver
5,3,3,9,3,4,0 7 14,0 8 16,0 7 8 14 15 16 22 23 30,18,2.000000,6.000000,5,20,3,0,0,solver
5,3,3,9,3,4,0 7 14,0 6 12,0 6 7 12 13 14 19 20 26,22,2.444444,7.333333,5,22,3,0,0,solver
5,3,3,9,3,4,0 7 14,0 5 11,0 5 7 11 12 14 18 19 25,23,2.555556,7.666667,5,23,3,0,0,solver
5,3,3,9,3,4,0 7 14,0 5 10,0 5 7 10 12 14 17 19 24,24,2.666667,8.000000,4,24,3,0,0,solver
5,3,3,9,3,4,0 7 14,0 4 9,0 4 7 9 11 14 16 18 23,25,2.777778,8.333333,4,25,3,0,0,solver
5,3,3,9,3,4,0 7 14,0 4 8,0 4 7 8 11 14 15 18 22,26,2.888889,8.666667,5,26,3,0,0,solver
5,3,3,9,3,4,0 7 14,0 3 6,0 3 6 7 10 13 14 17 20,28,3.111111,9.333333,5,28,3,0,0,solver
5,3,3,9,3,4,0 6 13,0 11 23,0 6 11 13 17 23 24 29 36,12,1.333333,4.000000,5,13,2,0,0,solver
5,3,3,9,3,4,0 6 13,0 11 22,0 6 11 13 17 22 24 28 35,13,1.444444,4.333333,4,14,2,0,0,solver
5,3,3,9,3,4,0 6 13,0 10 21,0 6 10 13 16 21 23 27 34,14,1.555556,4.666667,4,15,2,0,0,solver
5,3,3,9,3,4,0 6 13,0 10 20,0 6 10 13 16 20 23 26 33,15,1.666667,5.000000,3,16,2,0,0,solver
5,3,3,9,3,4,0 6 13,0 9 19,0 6 9 13 15 19 22 25 32,16,1.777778,5.333333,4,17,2,0,0,solver
5,3,3,9,3,4,0 6 13,0 9 18,0 6 9 13 15 18 22 24 31,17,1.888889,5.666667,4,18,3,0,0,solver
5,3,3,9,3,4,0 6 13,0 8 17,0 6 8 13 14 17 21 23 30,18,2.000000,6.000000,5,19,3,0,0,solver
5,3,3,9,3,4,0 6 13,0 8 16,0 6 8 13 14 16 21 22 29,19,2.111111,6.333333,5,20,3,0,0,solver
5,3,3,9,3,4,0 6 13,0 5 10,0 5 6 10 11 13 16 18 23,25,2.777778,8.333333,5,25,3,0,0,solver
5,3,3,9,3,4,0 6 13,0 4 9,0 4 6 9 10 13 15 17 22,26,2.888889,8.666667,5,26,3,0,0,solver
5,3,3,9,3,4,0 6 13,0 4 8,0 4 6 8 10 13 14 17 21,27,3.000000,9.000000,5,27,3,0,0,solver
5,3,3,9,3,4,0 6 12,0 11 22,0 6 11 12 17 22 23 28 34,14,1.555556,4.666667,5,14,2,0,0,solver
5,3,3,9,3,4,0 6 12,0 10 21,0 6 10 12 16 21 22 27 33,15,1.666667,5.000000,5,15,2,0,0,solver
5,3,3,9,3,4,0 6 12,0 10 20,0 6 10 12 16 20 22 26 32,16,1.777778,5.333333,4,16,2,0,0,solver
5,3,3,9,3,4,0 6 12,0 9 19,0 6 9 12 15 19 21 25 31,17,1.888889,5.666667,4,17,2,0,0,solver
5,3,3,9,3,4,0 6 12,0 9 18,0 6 9 12 15 18 21 24 30,18,2.000000,6.000000,3,18,2,0,0,solver
5,3,3,9,3,4,0 6 12,0 8 17,0 6 8 12 14 17 20 23 29,19,2.111111,6.333333,4,19,3,0,0,solver
5,3,3,9,3,4,0 6 12,0 8 16,0 6 8 12 14 16 20 22 28,20,2.222222,6.666667,4,20,3,0,0,solver
5,3,3,9,3,4,0 6 12,0 7 15,0 6 7 12 13 15 19 21 27,21,2.333333,7.000000,5,21,3,0,0,solver
5,3,3,9,3,4,0 6 12,0 7 14,0 6 7 12 13 14 19 20 26,22,2.444444,7.333333,5,22,3,0,0,solver
5,3,3,9,3,4,0 6 12,0 5 10,0 5 6 10 11 12 16 17 22,26,2.888889,8.666667,5,26,3,0,0,solver
5,3,3,9,3,4,0 6 12,0 4 9,0 4 6 9 10 12 15 16 21,27,3.000000,9.000000,5,27,3,0,0,solver
5,3,3,9,3,4,0 6 12,0 4 8,0 4 6 8 10 12 14 16 20,28,3.111111,9.333333,4,28,3,0,0,solver
5,3,3,9,3,4,0 6 12,0 3 7,0 3 6 7 9 12 13 15 19,29,3.222222,9.666667,5,29,3,0,0,solver
5,3,3,9,3,4,0 5 11,0 10 20,0 5 10 11 15 20 21 25 31,17,1.888889,5.666667,5,17,3,0,0,solver
5,3,3,9,3,4,0 5 11,0 9 19,0 5 9 11 14 19 20 24 30,18,2.000000,6.000000,5,18,3,0,0,solver
5,3,3,9,3,4,0 5 11,0 9 18,0 5 9 11 14 18 20 23 29,19,2.111111,6.333333,4,19,3,0,0,solver
5,3,3,9,3,4,0 5 11,0 8 17,0 5 8 11 13 17 19 22 28,20,2.222222,6.666667,4,20,3,0,0,solver
5,3,3,9,3,4,0 5 11,0 8 16,0 5 8 11 13 16 19 21 27,21,2.333333,7.000000,4,21,3,0,0,solver
5,3,3,9,3,4,0 5 11,0 7 15,0 5 7 11 12 15 18 20 26,22,2.444444,7.333333,5,22,3,0,0,solver
5,3,3,9,3,4,0 5 11,0 7 14,0 5 7 11 12 14 18 19 25,23,2.555556,7.666667,5,23,3,0,0,solver
5,3,3,9,3,4,0 5 11,0 4 8,0 4 5 8 9 11 13 15 19,29,3.222222,9.666667,5,29,4,0,0,solver
5,3,3,9,3,4,0 5 11,0 3 7,0 3 5 7 8 11 12 14 18,30,3.333333,10.000000,5,30,4,0,0,solver
5,3,3,9,3,4,0 5 10,0 11 23,0 5 10 11 16 21 23 28 33,15,1.666667,5.000000,5,15,2,0,0,solver
5,3,3,9,3,4,0 5 10,0 11 22,0 5 10 11 16 21 22 27 32,16,1.777778,5.333333,5,16,2,0,0,solver
5,3,3,9,3,4,0 5 10,0 9 18,0 5 9 10 14 18 19 23 28,20,2.222222,6.666667,5,20,3,0,0,solver
5,3,3,9,3,4,0 5 10,0 8 17,0 5 8 10 13 17 18 22 27,21,2.333333,7.000000,5,21,3,0,0,solver
5,3,3,9,3,4,0 5 10,0 8 16,0 5 8 10 13 16 18 21 26,22,2.444444,7.333333,4,22,3,0,0,solver
5,3,3,9,3,4,0 5 10,0 7 15,0 5 7 10 12 15 17 20 25,23,2.555556,7.666667,4,23,3,0,0,solver
5,3,3,9,3,4,0 5 10,0 7 14,0 5 7 10 12 14 17 19 24,24,2.666667,8.000000,4,24,3,0,0,solver
5,3,3,9,3,4,0 5 10,0 6 13,0 5 6 10 11 13 16 18 23,25,2.777778,8.333333,5,25,3,0,0,solver
5,3,3,9,3,4,0 5 10,0 6 12,0 5 6 10 11 12 16 17 22,26,2.888889,8.666667,5,26,3,0,0,solver
5,3,3,9,3,4,0 5 10,0 4 8,0 4 5 8 9 10 13 14 18,30,3.333333,10.000000,5,30,4,0,0,solver
5,3,3,9,3,4,0 5 10,0 3 7,0 3 5 7 8 10 12 13 17,31,3.444444,10.333333,5,31,4,0,0,solver
5,3,3,9,3,4,0 5 10,0 3 6,0 3 5 6 8 10 11 13 16,32,3.555556,10.666667,5,32,4,0,0,solver
5,3,3,9,3,4,0 4 9,0 11 23,0 4 9 11 15 20 23 27 32,16,1.777778,5.333333,4,16,2,0,0,solver
5,3,3,9,3,4,0 4 9,0 11 22,0 4 9 11 15 20 22 26 31,17,1.888889,5.666667,4,17,2,0,0,solver
5,3,3,9,3,4,0 4 9,0 10 21,0 4 9 10 14 19 21 25 30,18,2.000000,6.000000,5,18,3,0,0,solver
5,3,3,9,3,4,0 4 9,0 10 20,0 4 9 10 14 19 20 24 29,19,2.111111,6.333333,5,19,3,0,0,solver
5,3,3,9,3,4,0 4 9,0 8 16,0 4 8 9 12 16 17 20 25,23,2.555556,7.666667,5,23,3,0,0,solver
5,3,3,9,3,4,0 4 9,0 7 15,0 4 7 9 11 15 16 19 24,24,2.666667,8.000000,5,24,3,0,0,solver
5,3,3,9,3,4,0 4 9,0 7 14,0 4 7 9 11 14 16 18 23,25,2.777778,8.333333,4,25,3,0,0,solver
5,3,3,9,3,4,0 4 9,0 6 13,0 4 6 9 10 13 15 17 22,26,2.888889,8.666667,5,26,3,0,0,solver
5,3,3,9,3,4,0 4 9,0 6 12,0 4 6 9 10 12 15 16 21,27,3.000000,9.000000,5,27,3,0,0,solver
5,3,3,9,3,4,0 4 9,0 3 6,0 3 4 6 7 9 10 12 15,33,3.666667,11.000000,5,33,4,0,0,solver
5,3,3,9,3,4,0 4 8,0 11 23,0 4 8 11 15 19 23 27 31,17,1.888889,5.666667,3,17,2,0,0,solver
5,3,3,9,3,4,0 4 8,0 11 22,0 4 8 11 15 19 22 26 30,18,2.000000,6.000000,3,18,2,0,0,solver
5,3,3,9,3,4,0 4 8,0 10 21,0 4 8 10 14 18 21 25 29,19,2.111111,6.333333,4,19,2,0,0,solver
5,3,3,9,3,4,0 4 8,0 10 20,0 4 8 10 14 18 20 24 28,20,2.222222,6.666667,4,20,2,0,0,solver
5,3,3,9,3,4,0 4 8,0 9 19,0 4 8 9 13 17 19 23 27,21,2.333333,7.000000,5,21,3,0,0,solver
5,3,3,9,3,4,0 4 8,0 9 18,0 4 8 9 13 17 18 22 26,22,2.444444,7.333333,5,22,3,0,0,solver
5,3,3,9,3,4,0 4 8,0 7 14,0 4 7 8 11 14 15 18 22,26,2.888889,8.666667,5,26,3,0,0,solver
5,3,3,9,3,4,0 4 8,0 6 13,0 4 6 8 10 13 14 17 21,27,3.000000,9.000000,5,27,3,0,0,solver
5,3,3,9,3,4,0 4 8,0 6 12,0 4 6 8 10 12 14 16 20,28,3.111111,9.333333,4,28,3,0,0,solver
5,3,3,9,3,4,0 4 8,0 5 11,0 4 5 8 9 11 13 15 19,29,3.222222,9.666667,5,29,4,0,0,solver
5,3,3,9,3,4,0 4 8,0 5 10,0 4 5 8 9 10 13 14 18,30,3.333333,10.000000,5,30,4,0,0,solver
5,3,3,9,3,4,0 3 7,0 11 23,0 3 7 11 14 18 23 26 30,18,2.000000,6.000000,3,18,2,0,0,solver
5,3,3,9,3,4,0 3 7,0 11 22,0 3 7 11 14 18 22 25 29,19,2.111111,6.333333,3,19,2,0,0,solver
5,3,3,9,3,4,0 3 7,0 10 21,0 3 7 10 13 17 21 24 28,20,2.222222,6.666667,3,20,2,0,0,solver
5,3,3,9,3,4,0 3 7,0 10 20,0 3 7 10 13 17 20 23 27,21,2.333333,7.000000,3,21,2,0,0,solver
5,3,3,9,3,4,0 3 7,0 9 19,0 3 7 9 12 16 19 22 26,22,2.444444,7.333333,4,22,3,0,0,solver
5,3,3,9,3,4,0 3 7,0 9 18,0 3 7 9 12 16 18 21 25,23,2.555556,7.666667,4,23,3,0,0,solver
5,3,3,9,3,4,0 3 7,0 8 17,0 3 7 8 11 15 17 20 24,24,2.666667,8.000000,5,24,3,0,0,solver
5,3,3,9,3,4,0 3 7,0 8 16,0 3 7 8 11 15 16 19 23,25,2.777778,8.333333,5,25,3,0,0,solver
5,3,3,9,3,4,0 3 7,0 6 12,0 3 6 7 9 12 13 15 19,29,3.222222,9.666667,5,29,3,0,0,solver
5,3,3,9,3,4,0 3 7,0 5 11,0 3 5 7 8 11 12 14 18,30,3.333333,10.000000,5,30,4,0,0,solver
5,3,3,9,3,4,0 3 7,0 5 10,0 3 5 7 8 10 12 13 17,31,3.444444,10.333333,5,31,4,0,0,solver
5,3,3,9,3,4,0 3 6,0 11 23,0 3 6 11 14 17 23 26 29,19,2.111111,6.333333,3,19,2,0,0,solver
5,3,3,9,3,4,0 3 6,0 11 22,0 3 6 11 14 17 22 25 28,20,2.222222,6.666667,3,20,2,0,0,solver
5,3,3,9,3,4,0 3 6,0 10 21,0 3 6 10 13 16 21 24 27,21,2.333333,7.000000,3,21,2,0,0,solver
5,3,3,9,3,4,0 3 6,0 10 20,0 3 6 10 13 16 20 23 26,22,2.444444,7.333333,3,22,2,0,0,solver
5,3,3,9,3,4,0 3 6,0 9 19,0 3 6 9 12 15 19 22 25,23,2.555556,7.666667,3,23,2,0,0,solver
5,3,3,9,3,4,0 3 6,0 9 18,0 3 6 9 12 15 18 21 24,24,2.666667,8.000000,3,24,2,0,0,solver
5,3,3,9,3,4,0 3 6,0 8 17,0 3 6 8 11 14 17 20 23,25,2.777778,8.333333,4,25,3,0,0,solver
5,3,3,9,3,4,0 3 6,0 8 16,0 3 6 8 11 14 16 19 22,26,2.888889,8.666667,4,26,3,0,0,solver
5,3,3,9,3,4,0 3 6,0 7 15,0 3 6 7 10 13 15 18 21,27,3.000000,9.000000,5,27,3,0,0,solver
5,3,3,9,3,4,0 3 6,0 7 14,0 3 6 7 10 13 14 17 20,28,3.111111,9.333333,5,28,3,0,0,solver
5,3,3,9,3,4,0 3 6,0 5 10,0 3 5 6 8 10 11 13 16,32,3.555556,10.666667,5,32,4,0,0,solver
5,3,3,9,3,4,0 3 6,0 4 9,0 3 4 6 7 9 10 12 15,33,3.666667,11.000000,5,33,4,0,0,solver
5,3,4,12,4,4,0 7 14,0 6 12 18,0 6 7 12 13 14 18 19 20 25 26 32,34,2.833333,8.500000,5,34,3,0,0,solver
5,3,4,12,4,4,0 7 14,0 5 11 17,0 5 7 11 12 14 17 18 19 24 25 31,35,2.916667,8.750000,5,35,4,0,0,solver
5,3,4,12,4,4,0 7 14,0 5 10 16,0 5 7 10 12 14 16 17 19 23 24 30,36,3.000000,9.000000,5,36,4,0,0,solver
5,3,4,12,4,4,0 7 14,0 5 10 15,0 5 7 10 12 14 15 17 19 22 24 29,37,3.083333,9.250000,5,37,4,0,0,solver
5,3,4,12,4,4,0 7 14,0 4 8 13,0 4 7 8 11 13 14 15 18 20 22 27,39,3.250000,9.750000,5,39,4,0,0,solver
5,3,4,12,4,4,0 7 14,0 4 8 12,0 4 7 8 11 12 14 15 18 19 22 26,40,3.333333,10.000000,5,40,4,0,0,solver
5,3,4,12,4,4,0 7 14,0 3 6 9,0 3 6 7 9 10 13 14 16 17 20 23,43,3.583333,10.750000,5,43,4,0,0,solver
5,3,4,12,4,4,0 6 13,0 5 10 15,0 5 6 10 11 13 15 16 18 21 23 28,38,3.166667,9.500000,5,38,4,0,0,solver
5,3,4,12,4,4,0 6 13,0 4 9 14,0 4 6 9 10 13 14 15 17 20 22 27,39,3.250000,9.750000,5,39,4,0,0,solver
5,3,4,12,4,4,0 6 13,0 4 8 12,0 4 6 8 10 12 13 14 17 18 21 25,41,3.416667,10.250000,5,41,4,0,0,solver
5,3,4,12,4,4,0 6 12,0 7 15 23,0 6 7 12 13 15 19 21 23 27 29 35,31,2.583333,7.750000,5,31,3,0,0,solver
5,3,4,12,4,4,0 6 12,0 7 14 22,0 6 7 12 13 14 19 20 22 26 28 34,32,2.666667,8.000000,5,32,3,0,0,solver
5,3,4,12,4,4,0 6 12,0 7 14 21,0 6 7 12 13 14 19 20 21 26 27 33,33,2.750000,8.250000,5,33,3,0,0,solver
5,3,4,12,4,4,0 6 12,0 5 10 15,0 5 6 10 11 12 15 16 17 21 22 27,39,3.250000,9.750000,5,39,4,0,0,solver
5,3,4,12,4,4,0 6 12,0 4 9 14,0 4 6 9 10 12 14 15 16 20 21 26,40,3.333333,10.000000,5,40,4,0,0,solver
5,3,4,12,4,4,0 6 12,0 4 8 13,0 4 6 8 10 12 13 14 16 19 20 25,41,3.416667,10.250000,5,41,4,0,0,solver
5,3,4,12,4,4,0 6 12,0 3 7 11,0 3 6 7 9 11 12 13 15 17 19 23,43,3.583333,10.750000,5,43,4,0,0,solver
5,3,4,12,4,4,0 5 11,0 7 15 23,0 5 7 11 12 15 18 20 23 26 28 34,32,2.666667,8.000000,5,32,3,0,0,solver
5,3,4,12,4,4,0 5 11,0 7 14 22,0 5 7 11 12 14 18 19 22 25 27 33,33,2.750000,8.250000,5,33,3,0,0,solver
5,3,4,12,4,4,0 5 11,0 7 14 21,0 5 7 11 12 14 18 19 21 25 26 32,34,2.833333,8.500000,5,34,3,0,0,solver
5,3,4,12,4,4,0 5 10,0 7 15 23,0 5 7 10 12 15 17 20 23 25 28 33,33,2.750000,8.250000,4,33,3,0,0,solver
5,3,4,12,4,4,0 5 10,0 7 14 22,0 5 7 10 12 14 17 19 22 24 27 32,34,2.833333,8.500000,4,34,3,0,0,solver
5,3,4,12,4,4,0 5 10,0 7 14 21,0 5 7 10 12 14 17 19 21 24 26 31,35,2.916667,8.750000,4,35,3,0,0,solver
5,3,4,12,4,4,0 5 10,0 6 13 20,0 5 6 10 11 13 16 18 20 23 25 30,36,3.000000,9.000000,5,36,3,0,0,solver
5,3,4,12,4,4,0 5 10,0 6 12 19,0 5 6 10 11 12 16 17 19 22 24 29,37,3.083333,9.250000,5,37,3,0,0,solver
5,3,4,12,4,4,0 5 10,0 6 12 18,0 5 6 10 11 12 16 17 18 22 23 28,38,3.166667,9.500000,5,38,3,0,0,solver
5,3,4,12,4,4,0 4 9,0 7 15 23,0 4 7 9 11 15 16 19 23 24 27 32,34,2.833333,8.500000,5,34,3,0,0,solver
5,3,4,12,4,4,0 4 9,0 7 14 22,0 4 7 9 11 14 16 18 22 23 26 31,35,2.916667,8.750000,5,35,3,0,0,solver
5,3,4,12,4,4,0 4 9,0 7 14 21,0 4 7 9 11 14 16 18 21 23 25 30,36,3.000000,9.000000,4,36,3,0,0,solver
5,3,4,12,4,4,0 4 9,0 6 13 20,0 4 6 9 10 13 15 17 20 22 24 29,37,3.083333,9.250000,5,37,3,0,0,solver
5,3,4,12,4,4,0 4 9,0 6 12 19,0 4 6 9 10 12 15 16 19 21 23 28,38,3.166667,9.500000,5,38,3,0,0,solver
5,3,4,12,4,4,0 4 9,0 6 12 18,0 4 6 9 10 12 15 16 18 21 22 27,39,3.250000,9.750000,5,39,3,0,0,solver
5,3,4,12,4,4,0 4 8,0 7 14 21,0 4 7 8 11 14 15 18 21 22 25 29,37,3.083333,9.250000,5,37,3,0,0,solver
5,3,4,12,4,4,0 4 8,0 6 13 20,0 4 6 8 10 13 14 17 20 21 24 28,38,3.166667,9.500000,5,38,3,0,0,solver
5,3,4,12,4,4,0 4 8,0 6 12 19,0 4 6 8 10 12 14 16 19 20 23 27,39,3.250000,9.750000,5,39,3,0,0,solver
5,3,4,12,4,4,0 4 8,0 6 12 18,0 4 6 8 10 12 14 16 18 20 22 26,40,3.333333,10.000000,4,40,3,0,0,solver
5,3,4,12,4,4,0 4 8,0 5 11 17,0 4 5 8 9 11 13 15 17 19 21 25,41,3.416667,10.250000,5,41,4,0,0,solver
5,3,4,12,4,4,0 4 8,0 5 10 16,0 4 5 8 9 10 13 14 16 18 20 24,42,3.500000,10.500000,5,42,4,0,0,solver
5,3,4,12,4,4,0 4 8,0 5 10 15,0 4 5 8 9 10 13 14 15 18 19 23,43,3.583333,10.750000,5,43,4,0,0,solver
5,3,4,12,4,4,0 3 7,0 6 12 18,0 3 6 7 9 12 13 15 18 19 21 25,41,3.416667,10.250000,5,41,3,0,0,solver
5,3,4,12,4,4,0 3 7,0 5 11 17,0 3 5 7 8 11 12 14 17 18 20 24,42,3.500000,10.500000,5,42,4,0,0,solver
5,3,4,12,4,4,0 3 7,0 5 10 16,0 3 5 7 8 10 12 13 16 17 19 23,43,3.583333,10.750000,5,43,4,0,0,solver
5,3,4,12,4,4,0 3 7,0 5 10 15,0 3 5 7 8 10 12 13 15 17 18 22,44,3.666667,11.000000,5,44,4,0,0,solver
5,3,4,12,4,4,0 3 6,0 7 15 23,0 3 6 7 10 13 15 18 21 23 26 29,37,3.083333,9.250000,5,37,3,0,0,solver
5,3,4,12,4,4,0 3 6,0 7 14 22,0 3 6 7 10 13 14 17 20 22 25 28,38,3.166667,9.500000,5,38,3,0,0,solver
5,3,4,12,4,4,0 3 6,0 7 14 21,0 3 6 7 10 13 14 17 20 21 24 27,39,3.250000,9.750000,5,39,3,0,0,solver
5,3,4,12,4,4,0 3 6,0 5 10 15,0 3 5 6 8 10 11 13 15 16 18 21,45,3.750000,11.250000,5,45,4,0,0,solver
5,3,4,12,4,4,0 3 6,0 4 9 14,0 3 4 6 7 9 10 12 14 15 17 20,46,3.833333,11.500000,5,46,4,0,0,solver
5,3,5,15,5,4,0 7 14,0 5 11 17 23,0 5 7 11 12 14 17 18 19 23 24 25 30 31 37,47,3.133333,9.400000,5,47,4,1,0,solver
5,3,5,15,5,4,0 7 14,0 5 10 16 22,0 5 7 10 12 14 16 17 19 22 23 24 29 30 36,48,3.200000,9.600000,5,48,4,0,0,solver
5,3,5,15,5,4,0 7 14,0 5 10 15 21,0 5 7 10 12 14 15 17 19 21 22 24 28 29 35,49,3.266667,9.800000,5,49,4,0,0,solver
5,3,5,15,5,4,0 7 14,0 5 10 15 20,0 5 7 10 12 14 15 17 19 20 22 24 27 29 34,50,3.333333,10.000000,5,50,4,0,0,solver
5,3,5,15,5,4,0 6 13,0 5 10 15 20,0 5 6 10 11 13 15 16 18 20 21 23 26 28 33,51,3.400000,10.200000,5,51,4,0,0,solver
5,3,5,15,5,4,0 6 13,0 4 9 14 19,0 4 6 9 10 13 14 15 17 19 20 22 25 27 32,52,3.466667,10.400000,5,52,4,0,0,solver
5,3,5,15,5,4,0 6 12,0 5 10 15 20,0 5 6 10 11 12 15 16 17 20 21 22 26 27 32,52,3.466667,10.400000,5,52,4,0,0,solver
5,3,5,15,5,4,0 6 12,0 4 9 14 19,0 4 6 9 10 12 14 15 16 19 20 21 25 26 31,53,3.533333,10.600000,5,53,4,0,0,solver
5,3,5,15,5,4,0 6 12,0 4 8 13 18,0 4 6 8 10 12 13 14 16 18 19 20 24 25 30,54,3.600000,10.800000,5,54,4,0,0,solver
5,3,5,15,5,4,0 4 8,0 5 11 17 23,0 4 5 8 9 11 13 15 17 19 21 23 25 27 31,53,3.533333,10.600000,5,53,4,0,0,solver
5,3,5,15,5,4,0 4 8,0 5 10 16 22,0 4 5 8 9 10 13 14 16 18 20 22 24 26 30,54,3.600000,10.800000,5,54,4,0,0,solver
5,3,5,15,5,4,0 4 8,0 5 10 15 21,0 4 5 8 9 10 13 14 15 18 19 21 23 25 29,55,3.666667,11.000000,5,55,4,0,0,solver
5,3,5,15,5,4,0 4 8,0 5 10 15 20,0 4 5 8 9 10 13 14 15 18 19 20 23 24 28,56,3.733333,11.200000,5,56,4,0,0,solver
5,3,5,15,5,4,0 3 7,0 5 11 17 23,0 3 5 7 8 11 12 14 17 18 20 23 24 26 30,54,3.600000,10.800000,5,54,4,0,0,solver
5,3,5,15,5,4,0 3 7,0 5 10 16 22,0 3 5 7 8 10 12 13 16 17 19 22 23 25 29,55,3.666667,11.000000,5,55,4,0,0,solver
5,3,5,15,5,4,0 3 7,0 5 10 15 21,0 3 5 7 8 10 12 13 15 17 18 21 22 24 28,56,3.733333,11.200000,5,56,4,0,0,solver
5,3,5,15,5,4,0 3 7,0 5 10 15 20,0 3 5 7 8 10 12 13 15 17 18 20 22 23 27,57,3.800000,11.400000,5,57,4,0,0,solver
5,3,5,15,5,4,0 3 6,0 5 10 15 20,0 3 5 6 8 10 11 13 15 16 18 20 21 23 26,58,3.866667,11.600000,5,58,4,0,0,solver
5,3,5,15,5,4,0 3 6,0 4 9 14 19,0 3 4 6 7 9 10 12 14 15 17 19 20 22 25,59,3.933333,11.800000,5,59,4,0,0,solver
5,3,6,18,6,4,0 6 12,0 4 8 13 18 23,0 4 6 8 10 12 13 14 16 18 19 20 23 24 25 29 30 35,67,3.722222,11.166667,5,67,4,1,0,solver
5,4,1,4,1,4,0 4 9 14,0,0 4 9 14,4,1.000000,4.000000,2,4,2,0,0,solver
5,4,1,4,1,4,0 4 8 13,0,0 4 8 13,5,1.250000,5.000000,2,5,2,0,0,solver
5,4,1,4,1,4,0 4 8 12,0,0 4 8 12,6,1.500000,6.000000,2,6,2,0,0,solver
5,4,1,4,1,4,0 3 7 11,0,0 3 7 11,7,1.750000,7.000000,3,7,2,0,0,solver
5,4,1,4,1,4,0 3 6 10,0,0 3 6 10,8,2.000000,8.000000,3,8,2,0,0,solver
5,4,1,4,1,4,0 3 6 9,0,0 3 6 9,9,2.250000,9.000000,3,9,2,0,0,solver
5,4,2,8,2,4,0 4 9 14,0 23,0 4 9 14 23 27 32 37,5,0.625000,2.500000,2,8,2,1,0,solver
5,4,2,8,2,4,0 4 9 14,0 22,0 4 9 14 22 26 31 36,6,0.750000,3.000000,2,8,2,0,0,solver
5,4,2,8,2,4,0 4 9 14,0 21,0 4 9 14 21 25 30 35,7,0.875000,3.500000,2,8,2,0,0,solver
5,4,2,8,2,4,0 4 9 14,0 20,0 4 9 14 20 24 29 34,8,1.000000,4.000000,2,8,2,0,0,solver
5,4,2,8,2,4,0 4 9 14,0 19,0 4 9 14 19 23 28 33,9,1.125000,4.500000,2,9,2,0,0,solver
5,4,2,8,2,4,0 4 9 14,0 18,0 4 9 14 18 22 27 32,10,1.250000,5.000000,2,10,2,0,0,solver
5,4,2,8,2,4,0 4 9 14,0 17,0 4 9 14 17 21 26 31,11,1.375000,5.500000,3,11,2,0,0,solver
5,4,2,8,2,4,0 4 9 14,0 16,0 4 9 14 16 20 25 30,12,1.500000,6.000000,4,12,2,0,0,solver
5,4,2,8,2,4,0 4 9 14,0 15,0 4 9 14 15 19 24 29,13,1.625000,6.500000,5,13,3,0,0,solver
5,4,2,8,2,4,0 4 9 14,0 13,0 4 9 13 14 17 22 27,15,1.875000,7.500000,5,15,3,0,0,solver
5,4,2,8,2,4,0 4 9 14,0 12,0 4 9 12 14 16 21 26,16,2.000000,8.000000,4,16,3,0,0,solver
5,4,2,8,2,4,0 4 9 14,0 11,0 4 9 11 14 15 20 25,17,2.125000,8.500000,5,17,3,0,0,solver
5,4,2,8,2,4,0 4 9 14,0 8,0 4 8 9 12 14 17 22,20,2.500000,10.000000,5,20,3,0,0,solver
5,4,2,8,2,4,0 4 9 14,0 7,0 4 7 9 11 14 16 21,21,2.625000,10.500000,4,21,3,0,0,solver
5,4,2,8,2,4,0 4 9 14,0 6,0 4 6 9 10 14 15 20,22,2.750000,11.000000,5,22,3,0,0,solver
5,4,2,8,2,4,0 4 9 14,0 3,0 3 4 7 9 12 14 17,25,3.125000,12.500000,5,25,3,0,0,solver
5,4,2,8,2,4,0 4 8 13,0 23,0 4 8 13 23 27 31 36,6,0.750000,3.000000,2,10,2,0,0,solver
5,4,2,8,2,4,0 4 8 13,0 22,0 4 8 13 22 26 30 35,7,0.875000,3.500000,2,10,2,0,0,solver
5,4,2,8,2,4,0 4 8 13,0 21,0 4 8 13 21 25 29 34,8,1.000000,4.000000,2,10,2,0,0,solver
5,4,2,8,2,4,0 4 8 13,0 20,0 4 8 13 20 24 28 33,9,1.125000,4.500000,2,10,2,0,0,solver
5,4,2,8,2,4,0 4 8 13,0 19,0 4 8 13 19 23 27 32,10,1.250000,5.000000,2,10,2,0,0,solver
5,4,2,8,2,4,0 4 8 13,0 18,0 4 8 13 18 22 26 31,11,1.375000,5.500000,2,11,2,0,0,solver
5,4,2,8,2,4,0 4 8 13,0 17,0 4 8 13 17 21 25 30,12,1.500000,6.000000,2,12,2,0,0,solver
5,4,2,8,2,4,0 4 8 13,0 16,0 4 8 13 16 20 24 29,13,1.625000,6.500000,3,13,2,0,0,solver
5,4,2,8,2,4,0 4 8 13,0 15,0 4 8 13 15 19 23 28,14,1.750000,7.000000,4,14,2,0,0,solver
5,4,2,8,2,4,0 4 8 13,0 14,0 4 8 13 14 18 22 27,15,1.875000,7.500000,5,15,3,0,0,solver
5,4,2,8,2,4,0 4 8 13,0 12,0 4 8 12 13 16 20 25,17,2.125000,8.500000,5,17,3,0,0,solver
5,4,2,8,2,4,0 4 8 13,0 11,0 4 8 11 13 15 19 24,18,2.250000,9.000000,4,18,3,0,0,solver
5,4,2,8,2,4,0 4 8 13,0 10,0 4 8 10 13 14 18 23,19,2.375000,9.500000,5,19,3,0,0,solver
5,4,2,8,2,4,0 4 8 13,0 7,0 4 7 8 11 13 15 20,22,2.750000,11.000000,5,22,3,0,0,solver
5,4,2,8,2,4,0 4 8 13,0 6,0 4 6 8 10 13 14 19,23,2.875000,11.500000,5,23,3,0,0,solver
5,4,2,8,2,4,0 4 8 13,0 3,0 3 4 7 8 11 13 16,26,3.250000,13.000000,5,26,4,0,0,solver
5,4,2,8,2,4,0 4 8 12,0 23,0 4 8 12 23 27 31 35,7,0.875000,3.500000,2,12,2,0,0,solver
5,4,2,8,2,4,0 4 8 12,0 22,0 4 8 12 22 26 30 34,8,1.000000,4.000000,2,12,2,0,0,solver
5,4,2,8,2,4,0 4 8 12,0 21,0 4 8 12 21 25 29 33,9,1.125000,4.500000,2,12,2,0,0,solver
5,4,2,8,2,4,0 4 8 12,0 20,0 4 8 12 20 24 28 32,10,1.250000,5.000000,2,12,2,0,0,solver
5,4,2,8,2,4,0 4 8 12,0 19,0 4 8 12 19 23 27 31,11,1.375000,5.500000,2,12,2,0,0,solver
5,4,2,8,2,4,0 4 8 12,0 18,0 4 8 12 18 22 26 30,12,1.500000,6.000000,2,12,2,0,0,solver
5,4,2,8,2,4,0 4 8 12,0 17,0 4 8 12 17 21 25 29,13,1.625000,6.500000,2,13,2,0,0,solver
5,4,2,8,2,4,0 4 8 12,0 16,0 4 8 12 16 20 24 28,14,1.750000,7.000000,2,14,2,0,0,solver
5,4,2,8,2,4,0 4 8 12,0 15,0 4 8 12 15 19 23 27,15,1.875000,7.500000,3,15,2,0,0,solver
5,4,2,8,2,4,0 4 8 12,0 14,0 4 8 12 14 18 22 26,16,2.000000,8.000000,4,16,2,0,0,solver
5,4,2,8,2,4,0 4 8 12,0 13,0 4 8 12 13 17 21 25,17,2.125000,8.500000,5,17,3,0,0,solver
5,4,2,8,2,4,0 4 8 12,0 11,0 4 8 11 12 15 19 23,19,2.375000,9.500000,5,19,3,0,0,solver
5,4,2,8,2,4,0 4 8 12,0 10,0 4 8 10 12 14 18 22,20,2.500000,10.000000,4,20,3,0,0,solver
5,4,2,8,2,4,0 4 8 12,0 9,0 4 8 9 12 13 17 21,21,2.625000,10.500000,5,21,4,0,0,solver
5,4,2,8,2,4,0 4 8 12,0 7,0 4 7 8 11 12 15 19,23,2.875000,11.500000,5,23,4,0,0,solver
5,4,2,8,2,4,0 4 8 12,0 6,0 4 6 8 10 12 14 18,24,3.000000,12.000000,4,24,3,0,0,solver
5,4,2,8,2,4,0 4 8 12,0 5,0 4 5 8 9 12 13 17,25,3.125000,12.500000,5,25,4,0,0,solver
5,4,2,8,2,4,0 4 8 12,0 3,0 3 4 7 8 11 12 15,27,3.375000,13.500000,5,27,4,0,0,solver
5,4,2,8,2,4,0 3 7 11,0 23,0 3 7 11 23 26 30 34,8,1.000000,4.000000,3,14,2,0,0,solver
5,4,2,8,2,4,0 3 7 11,0 22,0 3 7 11 22 25 29 33,9,1.125000,4.500000,3,14,2,0,0,solver
5,4,2,8,2,4,0 3 7 11,0 21,0 3 7 11 21 24 28 32,10,1.250000,5.000000,3,14,2,0,0,solver
5,4,2,8,2,4,0 3 7 11,0 20,0 3 7 11 20 23 27 31,11,1.375000,5.500000,3,14,2,0,0,solver
5,4,2,8,2,4,0 3 7 11,0 19,0 3 7 11 19 22 26 30,12,1.500000,6.000000,3,14,2,0,0,solver
5,4,2,8,2,4,0 3 7 11,0 18,0 3 7 11 18 21 25 29,13,1.625000,6.500000,3,14,2,0,0,solver
5,4,2,8,2,4,0 3 7 11,0 17,0 3 7 11 17 20 24 28,14,1.750000,7.000000,3,14,2,0,0,solver
5,4,2,8,2,4,0 3 7 11,0 16,0 3 7 11 16 19 23 27,15,1.875000,7.500000,3,15,2,0,0,solver
5,4,2,8,2,4,0 3 7 11,0 15,0 3 7 11 15 18 22 26,16,2.000000,8.000000,3,16,2,0,0,solver
5,4,2,8,2,4,0 3 7 11,0 14,0 3 7 11 14 17 21 25,17,2.125000,8.500000,3,17,2,0,0,solver
5,4,2,8,2,4,0 3 7 11,0 13,0 3 7 11 13 16 20 24,18,2.250000,9.000000,4,18,3,0,0,solver
5,4,2,8,2,4,0 3 7 11,0 12,0 3 7 11 12 15 19 23,19,2.375000,9.500000,5,19,3,0,0,solver
5,4,2,8,2,4,0 3 7 11,0 10,0 3 7 10 11 13 17 21,21,2.625000,10.500000,5,21,3,0,0,solver
5,4,2,8,2,4,0 3 7 11,0 9,0 3 7 9 11 12 16 20,22,2.750000,11.000000,5,22,4,0,0,solver
5,4,2,8,2,4,0 3 7 11,0 6,0 3 6 7 9 11 13 17,25,3.125000,12.500000,5,25,4,0,0,solver
5,4,2,8,2,4,0 3 7 11,0 5,0 3 5 7 8 11 12 16,26,3.250000,13.000000,5,26,4,0,0,solver
5,4,2,8,2,4,0 3 6 10,0 23,0 3 6 10 23 26 29 33,9,1.125000,4.500000,3,16,2,0,0,solver
5,4,2,8,2,4,0 3 6 10,0 22,0 3 6 10 22 25 28 32,10,1.250000,5.000000,3,16,2,0,0,solver
5,4,2,8,2,4,0 3 6 10,0 21,0 3 6 10 21 24 27 31,11,1.375000,5.500000,3,16,2,0,0,solver
5,4,2,8,2,4,0 3 6 10,0 20,0 3 6 10 20 23 26 30,12,1.500000,6.000000,3,16,2,0,0,solver
5,4,2,8,2,4,0 3 6 10,0 19,0 3 6 10 19 22 25 29,13,1.625000,6.500000,3,16,2,0,0,solver
5,4,2,8,2,4,0 3 6 10,0 18,0 3 6 10 18 21 24 28,14,1.750000,7.000000,3,16,2,0,0,solver
5,4,2,8,2,4,0 3 6 10,0 17,0 3 6 10 17 20 23 27,15,1.875000,7.500000,3,16,2,0,0,solver
5,4,2,8,2,4,0 3 6 10,0 16,0 3 6 10 16 19 22 26,16,2.000000,8.000000,3,16,2,0,0,solver
5,4,2,8,2,4,0 3 6 10,0 15,0 3 6 10 15 18 21 25,17,2.125000,8.500000,3,17,2,0,0,solver
5,4,2,8,2,4,0 3 6 10,0 14,0 3 6 10 14 17 20 24,18,2.250000,9.000000,3,18,2,0,0,solver
5,4,2,8,2,4,0 3 6 10,0 13,0 3 6 10 13 16 19 23,19,2.375000,9.500000,3,19,2,0,0,solver
5,4,2,8,2,4,0 3 6 10,0 12,0 3 6 10 12 15 18 22,20,2.500000,10.000000,4,20,3,0,0,solver
5,4,2,8,2,4,0 3 6 10,0 11,0 3 6 10 11 14 17 21,21,2.625000,10.500000,5,21,3,0,0,solver
5,4,2,8,2,4,0 3 6 10,0 9,0 3 6 9 10 12 15 19,23,2.875000,11.500000,5,23,3,0,0,solver
5,4,2,8,2,4,0 3 6 10,0 8,0 3 6 8 10 11 14 18,24,3.000000,12.000000,5,24,4,0,0,solver
5,4,2,8,2,4,0 3 6 10,0 5,0 3 5 6 8 10 11 15,27,3.375000,13.500000,5,27,4,0,0,solver
5,4,2,8,2,4,0 3 6 9,0 23,0 3 6 9 23 26 29 32,10,1.250000,5.000000,3,18,2,0,0,solver
5,4,2,8,2,4,0 3 6 9,0 22,0 3 6 9 22 25 28 31,11,1.375000,5.500000,3,18,2,0,0,solver
5,4,2,8,2,4,0 3 6 9,0 21,0 3 6 9 21 24 27 30,12,1.500000,6.000000,3,18,2,0,0,solver
5,4,2,8,2,4,0 3 6 9,0 20,0 3 6 9 20 23 26 29,13,1.625000,6.500000,3,18,2,0,0,solver
5,4,2,8,2,4,0 3 6 9,0 19,0 3 6 9 19 22 25 28,14,1.750000,7.000000,3,18,2,0,0,solver
5,4,2,8,2,4,0 3 6 9,0 18,0 3 6 9 18 21 24 27,15,1.875000,7.500000,3,18,2,0,0,solver
5,4,2,8,2,4,0 3 6 9,0 17,0 3 6 9 17 20 23 26,16,2.000000,8.000000,3,18,2,0,0,solver
5,4,2,8,2,4,0 3 6 9,0 16,0 3 6 9 16 19 22 25,17,2.125000,8.500000,3,18,2,0,0,solver
5,4,2,8,2,4,0 3 6 9,0 15,0 3 6 9 15 18 21 24,18,2.250000,9.000000,3,18,2,0,0,solver
5,4,2,8,2,4,0 3 6 9,0 14,0 3 6 9 14 17 20 23,19,2.375000,9.500000,3,19,2,0,0,solver
5,4,2,8,2,4,0 3 6 9,0 13,0 3 6 9 13 16 19 22,20,2.500000,10.000000,3,20,2,0,0,solver
5,4,2,8,2,4,0 3 6 9,0 12,0 3 6 9 12 15 18 21,21,2.625000,10.500000,3,21,2,0,0,solver
5,4,2,8,2,4,0 3 6 9,0 11,0 3 6 9 11 14 17 20,22,2.750000,11.000000,4,22,3,0,0,solver
5,4,2,8,2,4,0 3 6 9,0 10,0 3 6 9 10 13 16 19,23,2.875000,11.500000,5,23,3,0,0,solver
5,4,2,8,2,4,0 3 6 9,0 8,0 3 6 8 9 11 14 17,25,3.125000,12.500000,5,25,4,0,0,solver
5,4,2,8,2,4,0 3 6 9,0 7,0 3 6 7 9 10 13 16,26,3.250000,13.000000,5,26,4,0,0,solver
5,4,2,8,2,4,0 3 6 9,0 5,0 3 5 6 8 9 11 14,28,3.500000,14.000000,5,28,4,0,0,solver
5,4,2,8,2,4,0 3 6 9,0 4,0 3 4 6 7 9 10 13,29,3.625000,14.500000,5,29,4,0,0,solver
5,4,3,12,3,4,0 4 9 14,0 11 23,0 4 9 11 14 15 20 23 25 27 32 37,29,2.416667,9.666667,5,29,3,1,0,solver
5,4,3,12,3,4,0 4 9 14,0 11 22,0 4 9 11 14 15 20 22 25 26 31 36,30,2.500000,10.000000,5,30,3,0,0,solver
5,4,3,12,3,4,0 4 9 14,0 8 16,0 4 8 9 12 14 16 17 20 22 25 30,36,3.000000,12.000000,5,36,4,0,0,solver
5,4,3,12,3,4,0 4 9 14,0 7 15,0 4 7 9 11 14 15 16 19 21 24 29,37,3.083333,12.333333,5,37,4,0,0,solver
5,4,3,12,3,4,0 4 9 14,0 6 13,0 4 6 9 10 13 14 15 17 20 22 27,39,3.250000,13.000000,5,39,4,0,0,solver
5,4,3,12,3,4,0 4 9 14,0 6 12,0 4 6 9 10 12 14 15 16 20 21 26,40,3.333333,13.333333,5,40,4,0,0,solver
5,4,3,12,3,4,0 4 9 14,0 3 6,0 3 4 6 7 9 10 12 14 15 17 20,46,3.833333,15.333333,5,46,4,0,0,solver
5,4,3,12,3,4,0 4 8 13,0 11 23,0 4 8 11 13 15 19 23 24 27 31 36,30,2.500000,10.000000,5,30,3,0,0,solver
5,4,3,12,3,4,0 4 8 13,0 11 22,0 4 8 11 13 15 19 22 24 26 30 35,31,2.583333,10.333333,4,31,3,0,0,solver
5,4,3,12,3,4,0 4 8 13,0 10 21,0 4 8 10 13 14 18 21 23 25 29 34,32,2.666667,10.666667,5,32,3,0,0,solver
5,4,3,12,3,4,0 4 8 13,0 10 20,0 4 8 10 13 14 18 20 23 24 28 33,33,2.750000,11.000000,5,33,3,0,0,solver
5,4,3,12,3,4,0 4 8 13,0 7 14,0 4 7 8 11 13 14 15 18 20 22 27,39,3.250000,13.000000,5,39,4,0,0,solver
5,4,3,12,3,4,0 4 8 13,0 6 12,0 4 6 8 10 12 13 14 16 19 20 25,41,3.416667,13.666667,5,41,4,0,0,solver
5,4,3,12,3,4,0 4 8 12,0 11 22,0 4 8 11 12 15 19 22 23 26 30 34,32,2.666667,10.666667,5,32,3,0,0,solver
5,4,3,12,3,4,0 4 8 12,0 10 21,0 4 8 10 12 14 18 21 22 25 29 33,33,2.750000,11.000000,5,33,3,0,0,solver
5,4,3,12,3,4,0 4 8 12,0 10 20,0 4 8 10 12 14 18 20 22 24 28 32,34,2.833333,11.333333,4,34,3,0,0,solver
5,4,3,12,3,4,0 4 8 12,0 9 19,0 4 8 9 12 13 17 19 21 23 27 31,35,2.916667,11.666667,5,35,4,0,0,solver
5,4,3,12,3,4,0 4 8 12,0 9 18,0 4 8 9 12 13 17 18 21 22 26 30,36,3.000000,12.000000,5,36,4,0,0,solver
5,4,3,12,3,4,0 4 8 12,0 7 14,0 4 7 8 11 12 14 15 18 19 22 26,40,3.333333,13.333333,5,40,4,0,0,solver
5,4,3,12,3,4,0 4 8 12,0 6 13,0 4 6 8 10 12 13 14 17 18 21 25,41,3.416667,13.666667,5,41,4,0,0,solver
5,4,3,12,3,4,0 3 7 11,0 10 20,0 3 7 10 11 13 17 20 21 23 27 31,35,2.916667,11.666667,5,35,3,0,0,solver
5,4,3,12,3,4,0 3 7 11,0 9 19,0 3 7 9 11 12 16 19 20 22 26 30,36,3.000000,12.000000,5,36,4,0,0,solver
5,4,3,12,3,4,0 3 7 11,0 9 18,0 3 7 9 11 12 16 18 20 21 25 29,37,3.083333,12.333333,5,37,4,0,0,solver
5,4,3,12,3,4,0 3 7 11,0 6 12,0 3 6 7 9 11 12 13 15 17 19 23,43,3.583333,14.333333,5,43,4,0,0,solver
5,4,3,12,3,4,0 3 6 10,0 11 23,0 3 6 10 11 14 17 21 23 26 29 33,33,2.750000,11.000000,5,33,3,0,0,solver
5,4,3,12,3,4,0 3 6 10,0 11 22,0 3 6 10 11 14 17 21 22 25 28 32,34,2.833333,11.333333,5,34,3,0,0,solver
5,4,3,12,3,4,0 3 6 10,0 9 18,0 3 6 9 10 12 15 18 19 21 24 28,38,3.166667,12.666667,5,38,3,0,0,solver
5,4,3,12,3,4,0 3 6 10,0 8 17,0 3 6 8 10 11 14 17 18 20 23 27,39,3.250000,13.000000,5,39,4,0,0,solver
5,4,3,12,3,4,0 3 6 10,0 8 16,0 3 6 8 10 11 14 16 18 19 22 26,40,3.333333,13.333333,5,40,4,0,0,solver
5,4,3,12,3,4,0 3 6 9,0 11 23,0 3 6 9 11 14 17 20 23 26 29 32,34,2.833333,11.333333,4,34,3,0,0,solver
5,4,3,12,3,4,0 3 6 9,0 11 22,0 3 6 9 11 14 17 20 22 25 28 31,35,2.916667,11.666667,4,35,3,0,0,solver
5,4,3,12,3,4,0 3 6 9,0 10 21,0 3 6 9 10 13 16 19 21 24 27 30,36,3.000000,12.000000,5,36,3,0,0,solver
5,4,3,12,3,4,0 3 6 9,0 10 20,0 3 6 9 10 13 16 19 20 23 26 29,37,3.083333,12.333333,5,37,3,0,0,solver
5,4,3,12,3,4,0 3 6 9,0 8 16,0 3 6 8 9 11 14 16 17 19 22 25,41,3.416667,13.666667,5,41,4,0,0,solver
5,4,3,12,3,4,0 3 6 9,0 7 15,0 3 6 7 9 10 13 15 16 18 21 24,42,3.500000,14.000000,5,42,4,0,0,solver
5,4,3,12,3,4,0 3 6 9,0 7 14,0 3 6 7 9 10 13 14 16 17 20 23,43,3.583333,14.333333,5,43,4,0,0,solver
5,4,4,16,4,4,0 4 9 14,0 7 15 23,0 4 7 9 11 14 15 16 19 21 23 24 27 29 32 37,53,3.312500,13.250000,5,53,4,1,0,solver
5,4,4,16,4,4,0 4 9 14,0 6 12 19,0 4 6 9 10 12 14 15 16 19 20 21 23 26 28 33,57,3.562500,14.250000,5,57,4,0,0,solver
5,4,4,16,4,4,0 4 9 14,0 6 12 18,0 4 6 9 10 12 14 15 16 18 20 21 22 26 27 32,58,3.625000,14.500000,5,58,4,0,0,solver
5,4,4,16,4,4,0 4 8 13,0 7 14 21,0 4 7 8 11 13 14 15 18 20 21 22 25 27 29 34,56,3.500000,14.000000,5,56,4,0,0,solver
5,4,4,16,4,4,0 4 8 13,0 6 12 18,0 4 6 8 10 12 13 14 16 18 19 20 22 25 26 31,59,3.687500,14.750000,5,59,4,0,0,solver
5,4,4,16,4,4,0 4 8 12,0 7 14 21,0 4 7 8 11 12 14 15 18 19 21 22 25 26 29 33,57,3.562500,14.250000,5,57,4,0,0,solver
5,4,4,16,4,4,0 4 8 12,0 6 13 20,0 4 6 8 10 12 13 14 17 18 20 21 24 25 28 32,58,3.625000,14.500000,5,58,4,0,0,solver
5,4,4,16,4,4,0 3 7 11,0 6 12 18,0 3 6 7 9 11 12 13 15 17 18 19 21 23 25 29,61,3.812500,15.250000,5,61,4,0,0,solver
5,4,4,16,4,4,0 3 6 9,0 7 15 23,0 3 6 7 9 10 13 15 16 18 21 23 24 26 29 32,58,3.625000,14.500000,5,58,4,0,0,solver
5,4,4,16,4,4,0 3 6 9,0 7 14 22,0 3 6 7 9 10 13 14 16 17 20 22 23 25 28 31,59,3.687500,14.750000,5,59,4,0,0,solver
5,4,4,16,4,4,0 3 6 9,0 7 14 21,0 3 6 7 9 10 13 14 16 17 20 21 23 24 27 30,60,3.750000,15.000000,5,60,4,0,0,solver
5,5,1,5,1,4,0 3 6 10 14,0,0 3 6 10 14,10,2.000000,10.000000,3,10,2,0,0,solver
5,5,1,5,1,4,0 3 6 9 13,0,0 3 6 9 13,11,2.200000,11.000000,3,11,2,0,0,solver
5,5,1,5,1,4,0 3 6 9 12,0,0 3 6 9 12,12,2.400000,12.000000,3,12,2,0,0,solver
5,5,2,10,2,4,0 3 6 10 14,0 23,0 3 6 10 14 23 26 29 33 37,17,1.700000,8.500000,3,20,2,1,0,solver
5,5,2,10,2,4,0 3 6 10 14,0 22,0 3 6 10 14 22 25 28 32 36,18,1.800000,9.000000,3,20,2,0,0,solver
5,5,2,10,2,4,0 3 6 10 14,0 21,0 3 6 10 14 21 24 27 31 35,19,1.900000,9.500000,3,20,2,0,0,solver
5,5,2,10,2,4,0 3 6 10 14,0 20,0 3 6 10 14 20 23 26 30 34,20,2.000000,10.000000,3,20,2,0,0,solver
5,5,2,10,2,4,0 3 6 10 14,0 19,0 3 6 10 14 19 22 25 29 33,21,2.100000,10.500000,3,21,2,0,0,solver
5,5,2,10,2,4,0 3 6 10 14,0 18,0 3 6 10 14 18 21 24 28 32,22,2.200000,11.000000,3,22,2,0,0,solver
5,5,2,10,2,4,0 3 6 10 14,0 17,0 3 6 10 14 17 20 23 27 31,23,2.300000,11.500000,3,23,2,0,0,solver
5,5,2,10,2,4,0 3 6 10 14,0 16,0 3 6 10 14 16 19 22 26 30,24,2.400000,12.000000,4,24,3,0,0,solver
5,5,2,10,2,4,0 3 6 10 14,0 15,0 3 6 10 14 15 18 21 25 29,25,2.500000,12.500000,5,25,3,0,0,solver
5,5,2,10,2,4,0 3 6 10 14,0 13,0 3 6 10 13 14 16 19 23 27,27,2.700000,13.500000,5,27,3,0,0,solver
5,5,2,10,2,4,0 3 6 10 14,0 12,0 3 6 10 12 14 15 18 22 26,28,2.800000,14.000000,5,28,4,0,0,solver
5,5,2,10,2,4,0 3 6 10 14,0 9,0 3 6 9 10 12 14 15 19 23,31,3.100000,15.500000,5,31,4,0,0,solver
5,5,2,10,2,4,0 3 6 10 14,0 5,0 3 5 6 8 10 11 14 15 19,35,3.500000,17.500000,5,35,4,0,0,solver
5,5,2,10,2,4,0 3 6 9 13,0 23,0 3 6 9 13 23 26 29 32 36,18,1.800000,9.000000,3,22,2,0,0,solver
5,5,2,10,2,4,0 3 6 9 13,0 22,0 3 6 9 13 22 25 28 31 35,19,1.900000,9.500000,3,22,2,0,0,solver
5,5,2,10,2,4,0 3 6 9 13,0 21,0 3 6 9 13 21 24 27 30 34,20,2.000000,10.000000,3,22,2,0,0,solver
5,5,2,10,2,4,0 3 6 9 13,0 20,0 3 6 9 13 20 23 26 29 33,21,2.100000,10.500000,3,22,2,0,0,solver
5,5,2,10,2,4,0 3 6 9 13,0 19,0 3 6 9 13 19 22 25 28 32,22,2.200000,11.000000,3,22,2,0,0,solver
5,5,2,10,2,4,0 3 6 9 13,0 18,0 3 6 9 13 18 21 24 27 31,23,2.300000,11.500000,3,23,2,0,0,solver
5,5,2,10,2,4,0 3 6 9 13,0 17,0 3 6 9 13 17 20 23 26 30,24,2.400000,12.000000,3,24,2,0,0,solver
5,5,2,10,2,4,0 3 6 9 13,0 16,0 3 6 9 13 16 19 22 25 29,25,2.500000,12.500000,3,25,2,0,0,solver
5,5,2,10,2,4,0 3 6 9 13,0 15,0 3 6 9 13 15 18 21 24 28,26,2.600000,13.000000,4,26,3,0,0,solver
5,5,2,10,2,4,0 3 6 9 13,0 14,0 3 6 9 13 14 17 20 23 27,27,2.700000,13.500000,5,27,3,0,0,solver
5,5,2,10,2,4,0 3 6 9 13,0 12,0 3 6 9 12 13 15 18 21 25,29,2.900000,14.500000,5,29,3,0,0,solver
5,5,2,10,2,4,0 3 6 9 13,0 11,0 3 6 9 11 13 14 17 20 24,30,3.000000,15.000000,5,30,4,0,0,solver
5,5,2,10,2,4,0 3 6 9 13,0 8,0 3 6 8 9 11 13 14 17 21,33,3.300000,16.500000,5,33,4,0,0,solver
5,5,2,10,2,4,0 3 6 9 13,0 5,0 3 5 6 8 9 11 13 14 18,36,3.600000,18.000000,5,36,4,0,0,solver
5,5,2,10,2,4,0 3 6 9 12,0 23,0 3 6 9 12 23 26 29 32 35,19,1.900000,9.500000,3,24,2,0,0,solver
5,5,2,10,2,4,0 3 6 9 12,0 22,0 3 6 9 12 22 25 28 31 34,20,2.000000,10.000000,3,24,2,0,0,solver
5,5,2,10,2,4,0 3 6 9 12,0 21,0 3 6 9 12 21 24 27 30 33,21,2.100000,10.500000,3,24,2,0,0,solver
5,5,2,10,2,4,0 3 6 9 12,0 20,0 3 6 9 12 20 23 26 29 32,22,2.200000,11.000000,3,24,2,0,0,solver
5,5,2,10,2,4,0 3 6 9 12,0 19,0 3 6 9 12 19 22 25 28 31,23,2.300000,11.500000,3,24,2,0,0,solver
5,5,2,10,2,4,0 3 6 9 12,0 18,0 3 6 9 12 18 21 24 27 30,24,2.400000,12.000000,3,24,2,0,0,solver
5,5,2,10,2,4,0 3 6 9 12,0 17,0 3 6 9 12 17 20 23 26 29,25,2.500000,12.500000,3,25,2,0,0,solver
5,5,2,10,2,4,0 3 6 9 12,0 16,0 3 6 9 12 16 19 22 25 28,26,2.600000,13.000000,3,26,2,0,0,solver
5,5,2,10,2,4,0 3 6 9 12,0 15,0 3 6 9 12 15 18 21 24 27,27,2.700000,13.500000,3,27,2,0,0,solver
5,5,2,10,2,4,0 3 6 9 12,0 14,0 3 6 9 12 14 17 20 23 26,28,2.800000,14.000000,4,28,3,0,0,solver
5,5,2,10,2,4,0 3 6 9 12,0 13,0 3 6 9 12 13 16 19 22 25,29,2.900000,14.500000,5,29,3,0,0,solver
5,5,2,10,2,4,0 3 6 9 12,0 11,0 3 6 9 11 12 14 17 20 23,31,3.100000,15.500000,5,31,4,0,0,solver
5,5,2,10,2,4,0 3 6 9 12,0 10,0 3 6 9 10 12 13 16 19 22,32,3.200000,16.000000,5,32,4,0,0,solver
5,5,2,10,2,4,0 3 6 9 12,0 8,0 3 6 8 9 11 12 14 17 20,34,3.400000,17.000000,5,34,4,0,0,solver
5,5,2,10,2,4,0 3 6 9 12,0 7,0 3 6 7 9 10 12 13 16 19,35,3.500000,17.500000,5,35,4,0,0,solver
5,5,2,10,2,4,0 3 6 9 12,0 5,0 3 5 6 8 9 11 12 14 17,37,3.700000,18.500000,5,37,4,0,0,solver
5,5,2,10,2,4,0 3 6 9 12,0 4,0 3 4 6 7 9 10 12 13 16,38,3.800000,19.000000,5,38,4,0,0,solver
5,5,3,15,3,4,0 3 6 10 14,0 9 18,0 3 6 9 10 12 14 15 18 19 21 23 24 28 32,52,3.466667,17.333333,5,52,4,0,0,solver
5,5,3,15,3,4,0 3 6 9 13,0 11 23,0 3 6 9 11 13 14 17 20 23 24 26 29 32 36,48,3.200000,16.000000,5,48,4,0,0,solver
5,5,3,15,3,4,0 3 6 9 13,0 11 22,0 3 6 9 11 13 14 17 20 22 24 25 28 31 35,49,3.266667,16.333333,5,49,4,0,0,solver
5,5,3,15,3,4,0 3 6 9 13,0 8 16,0 3 6 8 9 11 13 14 16 17 19 21 22 25 29,55,3.666667,18.333333,5,55,4,0,0,solver
5,5,3,15,3,4,0 3 6 9 12,0 11 22,0 3 6 9 11 12 14 17 20 22 23 25 28 31 34,50,3.333333,16.666667,5,50,4,0,0,solver
5,5,3,15,3,4,0 3 6 9 12,0 10 21,0 3 6 9 10 12 13 16 19 21 22 24 27 30 33,51,3.400000,17.000000,5,51,4,0,0,solver
5,5,3,15,3,4,0 3 6 9 12,0 10 20,0 3 6 9 10 12 13 16 19 20 22 23 26 29 32,52,3.466667,17.333333,5,52,4,0,0,solver
5,5,3,15,3,4,0 3 6 9 12,0 8 16,0 3 6 8 9 11 12 14 16 17 19 20 22 25 28,56,3.733333,18.666667,5,56,4,0,0,solver
5,5,3,15,3,4,0 3 6 9 12,0 7 15,0 3 6 7 9 10 12 13 15 16 18 19 21 24 27,57,3.800000,19.000000,5,57,4,0,0,solver
5,5,4,20,4,4,0 3 6 9 12,0 7 15 23,0 3 6 7 9 10 12 13 15 16 18 19 21 23 24 26 27 29 32 35,79,3.950000,19.750000,5,79,4,1,0,solver
6,1,2,2,2,4,0,0 23,0 23,-17,-8.500000,-8.500000,0,0,1,1,0,solver
6,1,2,2,2,4,0,0 22,0 22,-16,-8.000000,-8.000000,0,0,1,0,0,solver
6,1,2,2,2,4,0,0 21,0 21,-15,-7.500000,-7.500000,0,0,1,0,0,solver
6,1,2,2,2,4,0,0 20,0 20,-14,-7.000000,-7.000000,0,0,1,0,0,solver
6,1,2,2,2,4,0,0 19,0 19,-13,-6.500000,-6.500000,0,0,1,0,0,solver
6,1,2,2,2,4,0,0 18,0 18,-12,-6.000000,-6.000000,0,0,1,0,0,solver
6,1,2,2,2,4,0,0 17,0 17,-11,-5.500000,-5.500000,0,0,1,0,0,solver
6,1,2,2,2,4,0,0 16,0 16,-10,-5.000000,-5.000000,0,0,1,0,0,solver
6,1,2,2,2,4,0,0 15,0 15,-9,-4.500000,-4.500000,0,0,1,0,0,solver
6,1,2,2,2,4,0,0 14,0 14,-8,-4.000000,-4.000000,0,0,1,0,0,solver
6,1,2,2,2,4,0,0 13,0 13,-7,-3.500000,-3.500000,0,0,1,0,0,solver
6,1,2,2,2,4,0,0 12,0 12,-6,-3.000000,-3.000000,0,0,1,0,0,solver
6,1,2,2,2,4,0,0 11,0 11,-5,-2.500000,-2.500000,0,0,1,0,0,solver
6,1,2,2,2,4,0,0 10,0 10,-4,-2.000000,-2.000000,0,0,1,0,0,solver
6,1,2,2,2,4,0,0 9,0 9,-3,-1.500000,-1.500000,0,0,1,0,0,solver
6,1,2,2,2,4,0,0 8,0 8,-2,-1.000000,-1.000000,0,0,1,0,0,solver
6,1,2,2,2,4,0,0 7,0 7,-1,-0.500000,-0.500000,0,0,1,0,0,solver
6,1,2,2,2,4,0,0 6,0 6,0,0.000000,0.000000,0,0,1,0,0,solver
6,1,2,2,2,4,0,0 5,0 5,1,0.500000,0.500000,1,1,2,0,0,solver
6,1,2,2,2,4,0,0 4,0 4,2,1.000000,1.000000,2,2,2,0,0,solver
6,1,2,2,2,4,0,0 3,0 3,3,1.500000,1.500000,3,3,2,0,0,solver
6,1,3,3,3,4,0,0 11 23,0 11 23,-11,-3.666667,-3.666667,0,0,1,0,1,solver
6,1,3,3,3,4,0,0 11 22,0 11 22,-10,-3.333333,-3.333333,0,0,1,0,0,solver
6,1,3,3,3,4,0,0 10 21,0 10 21,-9,-3.000000,-3.000000,0,0,1,0,0,solver
6,1,3,3,3,4,0,0 10 20,0 10 20,-8,-2.666667,-2.666667,0,0,1,0,0,solver
6,1,3,3,3,4,0,0 9 19,0 9 19,-7,-2.333333,-2.333333,0,0,1,0,0,solver
6,1,3,3,3,4,0,0 9 18,0 9 18,-6,-2.000000,-2.000000,0,0,1,0,0,solver
6,1,3,3,3,4,0,0 8 17,0 8 17,-5,-1.666667,-1.666667,0,0,1,0,0,solver
6,1,3,3,3,4,0,0 8 16,0 8 16,-4,-1.333333,-1.333333,0,0,1,0,0,solver
6,1,3,3,3,4,0,0 7 15,0 7 15,-3,-1.000000,-1.000000,0,0,1,0,0,solver
6,1,3,3,3,4,0,0 7 14,0 7 14,-2,-0.666667,-0.666667,0,0,1,0,0,solver
6,1,3,3,3,4,0,0 6 13,0 6 13,-1,-0.333333,-0.333333,0,0,1,0,0,solver
6,1,3,3,3,4,0,0 6 12,0 6 12,0,0.000000,0.000000,0,0,1,0,0,solver
6,1,3,3,3,4,0,0 5 11,0 5 11,1,0.333333,0.333333,1,1,2,0,0,solver
6,1,3,3,3,4,0,0 5 10,0 5 10,2,0.666667,0.666667,1,2,2,0,0,solver
6,1,3,3,3,4,0,0 4 9,0 4 9,3,1.000000,1.000000,2,3,2,0,0,solver
6,1,3,3,3,4,0,0 4 8,0 4 8,4,1.333333,1.333333,2,4,2,0,0,solver
6,1,3,3,3,4,0,0 3 7,0 3 7,5,1.666667,1.666667,3,5,2,0,0,solver
6,1,3,3,3,4,0,0 3 6,0 3 6,6,2.000000,2.000000,3,6,2,0,0,solver
6,1,4,4,4,4,0,0 7 15 23,0 7 15 23,-5,-1.250000,-1.250000,0,0,1,0,1,solver
6,1,4,4,4,4,0,0 7 14 22,0 7 14 22,-4,-1.000000,-1.000000,0,0,1,0,0,solver
6,1,4,4,4,4,0,0 7 14 21,0 7 14 21,-3,-0.750000,-0.750000,0,0,1,0,0,solver
6,1,4,4,4,4,0,0 6 13 20,0 6 13 20,-2,-0.500000,-0.500000,0,0,1,0,0,solver
6,1,4,4,4,4,0,0 6 12 19,0 6 12 19,-1,-0.250000,-0.250000,0,0,1,0,0,solver
6,1,4,4,4,4,0,0 6 12 18,0 6 12 18,0,0.000000,0.000000,0,0,1,0,0,solver
6,1,4,4,4,4,0,0 5 11 17,0 5 11 17,1,0.250000,0.250000,1,1,2,0,0,solver
6,1,4,4,4,4,0,0 5 10 16,0 5 10 16,2,0.500000,0.500000,1,2,2,0,0,solver
6,1,4,4,4,4,0,0 5 10 15,0 5 10 15,3,0.750000,0.750000,1,3,2,0,0,solver
6,1,4,4,4,4,0,0 4 9 14,0 4 9 14,4,1.000000,1.000000,2,4,2,0,0,solver
6,1,4,4,4,4,0,0 4 8 13,0 4 8 13,5,1.250000,1.250000,2,5,2,0,0,solver
6,1,4,4,4,4,0,0 4 8 12,0 4 8 12,6,1.500000,1.500000,2,6,2,0,0,solver
6,1,4,4,4,4,0,0 3 7 11,0 3 7 11,7,1.750000,1.750000,3,7,2,0,0,solver
6,1,4,4,4,4,0,0 3 6 10,0 3 6 10,8,2.000000,2.000000,3,8,2,0,0,solver
6,1,4,4,4,4,0,0 3 6 9,0 3 6 9,9,2.250000,2.250000,3,9,2,0,0,solver
6,1,5,5,5,4,0,0 5 11 17 23,0 5 11 17 23,1,0.200000,0.200000,1,1,2,0,1,solver
6,1,5,5,5,4,0,0 5 10 16 22,0 5 10 16 22,2,0.400000,0.400000,1,2,2,0,0,solver
6,1,5,5,5,4,0,0 5 10 15 21,0 5 10 15 21,3,0.600000,0.600000,1,3,2,0,0,solver
6,1,5,5,5,4,0,0 5 10 15 20,0 5 10 15 20,4,0.800000,0.800000,1,4,2,0,0,solver
6,1,5,5,5,4,0,0 4 9 14 19,0 4 9 14 19,5,1.000000,1.000000,2,5,2,0,0,solver
6,1,5,5,5,4,0,0 4 8 13 18,0 4 8 13 18,6,1.200000,1.200000,2,6,2,0,0,solver
6,1,5,5,5,4,0,0 4 8 12 17,0 4 8 12 17,7,1.400000,1.400000,2,7,2,0,0,solver
6,1,5,5,5,4,0,0 4 8 12 16,0 4 8 12 16,8,1.600000,1.600000,2,8,2,0,0,solver
6,1,5,5,5,4,0,0 3 7 11 15,0 3 7 11 15,9,1.800000,1.800000,3,9,2,0,0,solver
6,1,5,5,5,4,0,0 3 6 10 14,0 3 6 10 14,10,2.000000,2.000000,3,10,2,0,0,solver
6,1,5,5,5,4,0,0 3 6 9 13,0 3 6 9 13,11,2.200000,2.200000,3,11,2,0,0,solver
6,1,5,5,5,4,0,0 3 6 9 12,0 3 6 9 12,12,2.400000,2.400000,3,12,2,0,0,solver
6,1,6,6,6,4,0,0 4 8 13 18 23,0 4 8 13 18 23,7,1.166667,1.166667,2,7,2,0,1,solver
6,1,6,6,6,4,0,0 4 8 12 17 22,0 4 8 12 17 22,8,1.333333,1.333333,2,8,2,0,0,solver
6,1,6,6,6,4,0,0 4 8 12 16 21,0 4 8 12 16 21,9,1.500000,1.500000,2,9,2,0,0,solver
6,1,6,6,6,4,0,0 4 8 12 16 20,0 4 8 12 16 20,10,1.666667,1.666667,2,10,2,0,0,solver
6,1,6,6,6,4,0,0 3 7 11 15 19,0 3 7 11 15 19,11,1.833333,1.833333,3,11,2,0,0,solver
6,1,6,6,6,4,0,0 3 6 10 14 18,0 3 6 10 14 18,12,2.000000,2.000000,3,12,2,0,0,solver
6,1,6,6,6,4,0,0 3 6 9 13 17,0 3 6 9 13 17,13,2.166667,2.166667,3,13,2,0,0,solver
6,1,6,6,6,4,0,0 3 6 9 12 16,0 3 6 9 12 16,14,2.333333,2.333333,3,14,2,0,0,solver
6,1,6,6,6,4,0,0 3 6 9 12 15,0 3 6 9 12 15,15,2.500000,2.500000,3,15,2,0,0,solver
6,1,7,7,7,4,0,0 3 7 11 15 19 23,0 3 7 11 15 19 23,13,1.857143,1.857143,3,13,2,0,1,solver
6,1,7,7,7,4,0,0 3 6 10 14 18 22,0 3 6 10 14 18 22,14,2.000000,2.000000,3,14,2,0,0,solver
6,1,7,7,7,4,0,0 3 6 9 13 17 21,0 3 6 9 13 17 21,15,2.142857,2.142857,3,15,2,0,0,solver
6,1,7,7,7,4,0,0 3 6 9 12 16 20,0 3 6 9 12 16 20,16,2.285714,2.285714,3,16,2,0,0,solver
6,1,7,7,7,4,0,0 3 6 9 12 15 19,0 3 6 9 12 15 19,17,2.428571,2.428571,3,17,2,0,0,solver
6,1,7,7,7,4,0,0 3 6 9 12 15 18,0 3 6 9 12 15 18,18,2.571429,2.571429,3,18,2,0,0,solver
6,1,8,8,8,4,0,0 3 6 9 12 15 19 23,0 3 6 9 12 15 19 23,19,2.375000,2.375000,3,19,2,0,1,solver
6,1,8,8,8,4,0,0 3 6 9 12 15 18 22,0 3 6 9 12 15 18 22,20,2.500000,2.500000,3,20,2,0,0,solver
6,1,8,8,8,4,0,0 3 6 9 12 15 18 21,0 3 6 9 12 15 18 21,21,2.625000,2.625000,3,21,2,0,0,solver
6,2,1,2,1,4,0 14,0,0 14,-8,-4.000000,-8.000000,0,0,1,0,0,solver
6,2,1,2,1,4,0 13,0,0 13,-7,-3.500000,-7.000000,0,0,1,0,0,solver
6,2,1,2,1,4,0 12,0,0 12,-6,-3.000000,-6.000000,0,0,1,0,0,solver
6,2,1,2,1,4,0 11,0,0 11,-5,-2.500000,-5.000000,0,0,1,0,0,solver
6,2,1,2,1,4,0 10,0,0 10,-4,-2.000000,-4.000000,0,0,1,0,0,solver
6,2,1,2,1,4,0 9,0,0 9,-3,-1.500000,-3.000000,0,0,1,0,0,solver
6,2,1,2,1,4,0 8,0,0 8,-2,-1.000000,-2.000000,0,0,1,0,0,solver
6,2,1,2,1,4,0 7,0,0 7,-1,-0.500000,-1.000000,0,0,1,0,0,solver
6,2,1,2,1,4,0 6,0,0 6,0,0.000000,0.000000,0,0,1,0,0,solver
6,2,1,2,1,4,0 5,0,0 5,1,0.500000,1.000000,1,1,2,0,0,solver
6,2,1,2,1,4,0 4,0,0 4,2,1.000000,2.000000,2,2,2,0,0,solver
6,2,1,2,1,4,0 3,0,0 3,3,1.500000,3.000000,3,3,2,0,0,solver
6,2,2,4,2,4,0 14,0 23,0 14 23 37,-19,-4.750000,-9.500000,0,0,1,1,1,solver
6,2,2,4,2,4,0 14,0 22,0 14 22 36,-18,-4.500000,-9.000000,0,0,1,0,0,solver
6,2,2,4,2,4,0 14,0 21,0 14 21 35,-17,-4.250000,-8.500000,0,0,1,0,0,solver
6,2,2,4,2,4,0 14,0 20,0 14 20 34,-16,-4.000000,-8.000000,0,0,1,0,0,solver
6,2,2,4,2,4,0 14,0 19,0 14 19 33,-15,-3.750000,-7.500000,1,1,2,0,0,solver
6,2,2,4,2,4,0 14,0 18,0 14 18 32,-14,-3.500000,-7.000000,2,2,2,0,0,solver
6,2,2,4,2,4,0 14,0 17,0 14 17 31,-13,-3.250000,-6.500000,3,3,2,0,0,solver
6,2,2,4,2,4,0 14,0 16,0 14 16 30,-12,-3.000000,-6.000000,4,4,2,0,0,solver
6,2,2,4,2,4,0 14,0 15,0 14 15 29,-11,-2.750000,-5.500000,5,5,2,0,0,solver
6,2,2,4,2,4,0 14,0 14,0 14 14 28,-10,-2.500000,-5.000000,6,6,2,0,0,solver
6,2,2,4,2,4,0 14,0 13,0 13 14 27,-9,-2.250000,-4.500000,5,5,2,0,0,solver
6,2,2,4,2,4,0 14,0 12,0 12 14 26,-8,-2.000000,-4.000000,4,4,2,0,0,solver
6,2,2,4,2,4,0 14,0 11,0 11 14 25,-7,-1.750000,-3.500000,3,3,2,0,0,solver
6,2,2,4,2,4,0 14,0 10,0 10 14 24,-6,-1.500000,-3.000000,2,2,2,0,0,solver
6,2,2,4,2,4,0 14,0 9,0 9 14 23,-5,-1.250000,-2.500000,1,1,2,0,0,solver
6,2,2,4,2,4,0 14,0 8,0 8 14 22,-4,-1.000000,-2.000000,0,0,1,0,0,solver
6,2,2,4,2,4,0 14,0 7,0 7 14 21,-3,-0.750000,-1.500000,0,0,1,0,0,solver
6,2,2,4,2,4,0 14,0 6,0 6 14 20,-2,-0.500000,-1.000000,0,0,1,0,0,solver
6,2,2,4,2,4,0 14,0 5,0 5 14 19,-1,-0.250000,-0.500000,1,2,2,0,0,solver
6,2,2,4,2,4,0 14,0 4,0 4 14 18,0,0.000000,0.000000,2,4,2,0,0,solver
6,2,2,4,2,4,0 14,0 3,0 3 14 17,1,0.250000,0.500000,3,6,2,0,0,solver
6,2,2,4,2,4,0 13,0 23,0 13 23 36,-18,-4.500000,-9.000000,0,0,1,0,0,solver
6,2,2,4,2,4,0 13,0 22,0 13 22 35,-17,-4.250000,-8.500000,0,0,1,0,0,solver
6,2,2,4,2,4,0 13,0 21,0 13 21 34,-16,-4.000000,-8.000000,0,0,1,0,0,solver
6,2,2,4,2,4,0 13,0 20,0 13 20 33,-15,-3.750000,-7.500000,0,0,1,0,0,solver
6,2,2,4,2,4,0 13,0 19,0 13 19 32,-14,-3.500000,-7.000000,0,0,1,0,0,solver
6,2,2,4,2,4,0 13,0 18,0 13 18 31,-13,-3.250000,-6.500000,1,1,2,0,0,solver
6,2,2,4,2,4,0 13,0 17,0 13 17 30,-12,-3.000000,-6.000000,2,2,2,0,0,solver
6,2,2,4,2,4,0 13,0 16,0 13 16 29,-11,-2.750000,-5.500000,3,3,2,0,0,solver
6,2,2,4,2,4,0 13,0 15,0 13 15 28,-10,-2.500000,-5.000000,4,4,2,0,0,solver
6,2,2,4,2,4,0 13,0 14,0 13 14 27,-9,-2.250000,-4.500000,5,5,2,0,0,solver
6,2,2,4,2,4,0 13,0 13,0 13 13 26,-8,-2.000000,-4.000000,6,6,2,0,0,solver
6,2,2,4,2,4,0 13,0 12,0 12 13 25,-7,-1.750000,-3.500000,5,5,2,0,0,solver
6,2,2,4,2,4,0 13,0 11,0 11 13 24,-6,-1.500000,-3.000000,4,4,2,0,0,solver
6,2,2,4,2,4,0 13,0 10,0 10 13 23,-5,-1.250000,-2.500000,3,3,2,0,0,solver
6,2,2,4,2,4,0 13,0 9,0 9 13 22,-4,-1.000000,-2.000000,2,2,2,0,0,solver
6,2,2,4,2,4,0 13,0 8,0 8 13 21,-3,-0.750000,-1.500000,1,1,2,0,0,solver
6,2,2,4,2,4,0 13,0 7,0 7 13 20,-2,-0.500000,-1.000000,0,0,1,0,0,solver
6,2,2,4,2,4,0 13,0 6,0 6 13 19,-1,-0.250000,-0.500000,0,0,1,0,0,solver
6,2,2,4,2,4,0 13,0 5,0 5 13 18,0,0.000000,0.000000,1,2,2,0,0,solver
6,2,2,4,2,4,0 13,0 4,0 4 13 17,1,0.250000,0.500000,2,4,2,0,0,solver
6,2,2,4,2,4,0 13,0 3,0 3 13 16,2,0.500000,1.000000,3,6,2,0,0,solver
6,2,2,4,2,4,0 12,0 23,0 12 23 35,-17,-4.250000,-8.500000,0,0,1,0,0,solver
6,2,2,4,2,4,0 12,0 22,0 12 22 34,-16,-4.000000,-8.000000,0,0,1,0,0,solver
6,2,2,4,2,4,0 12,0 21,0 12 21 33,-15,-3.750000,-7.500000,0,0,1,0,0,solver
6,2,2,4,2,4,0 12,0 20,0 12 20 32,-14,-3.500000,-7.000000,0,0,1,0,0,solver
6,2,2,4,2,4,0 12,0 19,0 12 19 31,-13,-3.250000,-6.500000,0,0,1,0,0,solver
6,2,2,4,2,4,0 12,0 18,0 12 18 30,-12,-3.000000,-6.000000,0,0,1,0,0,solver
6,2,2,4,2,4,0 12,0 17,0 12 17 29,-11,-2.750000,-5.500000,1,1,2,0,0,solver
6,2,2,4,2,4,0 12,0 16,0 12 16 28,-10,-2.500000,-5.000000,2,2,2,0,0,solver
6,2,2,4,2,4,0 12,0 15,0 12 15 27,-9,-2.250000,-4.500000,3,3,2,0,0,solver
6,2,2,4,2,4,0 12,0 14,0 12 14 26,-8,-2.000000,-4.000000,4,4,2,0,0,solver
6,2,2,4,2,4,0 12,0 13,0 12 13 25,-7,-1.750000,-3.500000,5,5,2,0,0,solver
6,2,2,4,2,4,0 12,0 12,0 12 12 24,-6,-1.500000,-3.000000,6,6,2,0,0,solver
6,2,2,4,2,4,0 12,0 11,0 11 12 23,-5,-1.250000,-2.500000,5,5,2,0,0,solver
6,2,2,4,2,4,0 12,0 10,0 10 12 22,-4,-1.000000,-2.000000,4,4,2,0,0,solver
6,2,2,4,2,4,0 12,0 9,0 9 12 21,-3,-0.750000,-1.500000,3,3,2,0,0,solver
6,2,2,4,2,4,0 12,0 8,0 8 12 20,-2,-0.500000,-1.000000,2,2,2,0,0,solver
6,2,2,4,2,4,0 12,0 7,0 7 12 19,-1,-0.250000,-0.500000,1,1,2,0,0,solver
6,2,2,4,2,4,0 12,0 6,0 6 12 18,0,0.000000,0.000000,0,0,1,0,0,solver
6,2,2,4,2,4,0 12,0 5,0 5 12 17,1,0.250000,0.500000,1,2,2,0,0,solver
6,2,2,4,2,4,0 12,0 4,0 4 12 16,2,0.500000,1.000000,2,4,2,0,0,solver
6,2,2,4,2,4,0 12,0 3,0 3 12 15,3,0.750000,1.500000,3,6,2,0,0,solver
6,2,2,4,2,4,0 11,0 23,0 11 23 34,-16,-4.000000,-8.000000,0,0,1,0,0,solver
6,2,2,4,2,4,0 11,0 22,0 11 22 33,-15,-3.750000,-7.500000,0,0,1,0,0,solver
6,2,2,4,2,4,0 11,0 21,0 11 21 32,-14,-3.500000,-7.000000,0,0,1,0,0,solver
6,2,2,4,2,4,0 11,0 20,0 11 20 31,-13,-3.250000,-6.500000,0,0,1,0,0,solver
6,2,2,4,2,4,0 11,0 19,0 11 19 30,-12,-3.000000,-6.000000,0,0,1,0,0,solver
6,2,2,4,2,4,0 11,0 18,0 11 18 29,-11,-2.750000,-5.500000,0,0,1,0,0,solver
6,2,2,4,2,4,0 11,0 17,0 11 17 28,-10,-2.500000,-5.000000,0,0,1,0,0,solver
6,2,2,4,2,4,0 11,0 16,0 11 16 27,-9,-2.250000,-4.500000,1,1,2,0,0,solver
6,2,2,4,2,4,0 11,0 15,0 11 15 26,-8,-2.000000,-4.000000,2,2,2,0,0,solver
6,2,2,4,2,4,0 11,0 14,0 11 14 25,-7,-1.750000,-3.500000,3,3,2,0,0,solver
6,2,2,4,2,4,0 11,0 13,0 11 13 24,-6,-1.500000,-3.000000,4,4,2,0,0,solver
6,2,2,4,2,4,0 11,0 12,0 11 12 23,-5,-1.250000,-2.500000,5,5,2,0,0,solver
6,2,2,4,2,4,0 11,0 11,0 11 11 22,-4,-1.000000,-2.000000,6,6,2,0,0,solver
6,2,2,4,2,4,0 11,0 10,0 10 11 21,-3,-0.750000,-1.500000,5,5,2,0,0,solver
6,2,2,4,2,4,0 11,0 9,0 9 11 20,-2,-0.500000,-1.000000,4,4,2,0,0,solver
6,2,2,4,2,4,0 11,0 8,0 8 11 19,-1,-0.250000,-0.500000,3,3,2,0,0,solver
6,2,2,4,2,4,0 11,0 7,0 7 11 18,0,0.000000,0.000000,2,2,2,0,0,solver
6,2,2,4,2,4,0 11,0 6,0 6 11 17,1,0.250000,0.500000,1,1,2,0,0,solver
6,2,2,4,2,4,0 11,0 5,0 5 11 16,2,0.500000,1.000000,1,2,2,0,0,solver
6,2,2,4,2,4,0 11,0 4,0 4 11 15,3,0.750000,1.500000,2,4,2,0,0,solver
6,2,2,4,2,4,0 11,0 3,0 3 11 14,4,1.000000,2.000000,3,6,2,0,0,solver
6,2,2,4,2,4,0 10,0 23,0 10 23 33,-15,-3.750000,-7.500000,0,0,1,0,0,solver
6,2,2,4,2,4,0 10,0 22,0 10 22 32,-14,-3.500000,-7.000000,0,0,1,0,0,solver
6,2,2,4,2,4,0 10,0 21,0 10 21 31,-13,-3.250000,-6.500000,0,0,1,0,0,solver
6,2,2,4,2,4,0 10,0 20,0 10 20 30,-12,-3.000000,-6.000000,0,0,1,0,0,solver
6,2,2,4,2,4,0 10,0 19,0 10 19 29,-11,-2.750000,-5.500000,0,0,1,0,0,solver
6,2,2,4,2,4,0 10,0 18,0 10 18 28,-10,-2.500000,-5.000000,0,0,1,0,0,solver
6,2,2,4,2,4,0 10,0 17,0 10 17 27,-9,-2.250000,-4.500000,0,0,1,0,0,solver
6,2,2,4,2,4,0 10,0 16,0 10 16 26,-8,-2.000000,-4.000000,0,0,1,0,0,solver
6,2,2,4,2,4,0 10,0 15,0 10 15 25,-7,-1.750000,-3.500000,1,1,2,0,0,solver
6,2,2,4,2,4,0 10,0 14,0 10 14 24,-6,-1.500000,-3.000000,2,2,2,0,0,solver
6,2,2,4,2,4,0 10,0 13,0 10 13 23,-5,-1.250000,-2.500000,3,3,2,0,0,solver
6,2,2,4,2,4,0 10,0 12,0 10 12 22,-4,-1.000000,-2.000000,4,4,2,0,0,solver
6,2,2,4,2,4,0 10,0 11,0 10 11 21,-3,-0.750000,-1.500000,5,5,2,0,0,solver
6,2,2,4,2,4,0 10,0 10,0 10 10 20,-2,-0.500000,-1.000000,6,6,2,0,0,solver
6,2,2,4,2,4,0 10,0 9,0 9 10 19,-1,-0.250000,-0.500000,5,5,2,0,0,solver
6,2,2,4,2,4,0 10,0 8,0 8 10 18,0,0.000000,0.000000,4,4,2,0,0,solver
6,2,2,4,2,4,0 10,0 7,0 7 10 17,1,0.250000,0.500000,3,3,2,0,0,solver
6,2,2,4,2,4,0 10,0 6,0 6 10 16,2,0.500000,1.000000,2,2,2,0,0,solver
6,2,2,4,2,4,0 10,0 5,0 5 10 15,3,0.750000,1.500000,1,3,2,0,0,solver
6,2,2,4,2,4,0 10,0 4,0 4 10 14,4,1.000000,2.000000,2,4,2,0,0,solver
6,2,2,4,2,4,0 10,0 3,0 3 10 13,5,1.250000,2.500000,3,6,2,0,0,solver
6,2,2,4,2,4,0 9,0 23,0 9 23 32,-14,-3.500000,-7.000000,0,0,1,0,0,solver
6,2,2,4,2,4,0 9,0 22,0 9 22 31,-13,-3.250000,-6.500000,0,0,1,0,0,solver
6,2,2,4,2,4,0 9,0 21,0 9 21 30,-12,-3.000000,-6.000000,0,0,1,0,0,solver
6,2,2,4,2,4,0 9,0 20,0 9 20 29,-11,-2.750000,-5.500000,0,0,1,0,0,solver
6,2,2,4,2,4,0 9,0 19,0 9 19 28,-10,-2.500000,-5.000000,0,0,1,0,0,solver
6,2,2,4,2,4,0 9,0 18,0 9 18 27,-9,-2.250000,-4.500000,0,0,1,0,0,solver
6,2,2,4,2,4,0 9,0 17,0 9 17 26,-8,-2.000000,-4.000000,0,0,1,0,0,solver
6,2,2,4,2,4,0 9,0 16,0 9 16 25,-7,-1.750000,-3.500000,0,0,1,0,0,solver
6,2,2,4,2,4,0 9,0 15,0 9 15 24,-6,-1.500000,-3.000000,0,0,1,0,0,solver
6,2,2,4,2,4,0 9,0 14,0 9 14 23,-5,-1.250000,-2.500000,1,1,2,0,0,solver
6,2,2,4,2,4,0 9,0 13,0 9 13 22,-4,-1.000000,-2.000000,2,2,2,0,0,solver
6,2,2,4,2,4,0 9,0 12,0 9 12 21,-3,-0.750000,-1.500000,3,3,2,0,0,solver
6,2,2,4,2,4,0 9,0 11,0 9 11 20,-2,-0.500000,-1.000000,4,4,2,0,0,solver
6,2,2,4,2,4,0 9,0 10,0 9 10 19,-1,-0.250000,-0.500000,5,5,2,0,0,solver
6,2,2,4,2,4,0 9,0 9,0 9 9 18,0,0.000000,0.000000,6,6,2,0,0,solver
6,2,2,4,2,4,0 9,0 8,0 8 9 17,1,0.250000,0.500000,5,5,2,0,0,solver
6,2,2,4,2,4,0 9,0 7,0 7 9 16,2,0.500000,1.000000,4,4,2,0,0,solver
6,2,2,4,2,4,0 9,0 6,0 6 9 15,3,0.750000,1.500000,3,3,2,0,0,solver
6,2,2,4,2,4,0 9,0 5,0 5 9 14,4,1.000000,2.000000,2,4,2,0,0,solver
6,2,2,4,2,4,0 9,0 4,0 4 9 13,5,1.250000,2.500000,2,5,2,0,0,solver
6,2,2,4,2,4,0 9,0 3,0 3 9 12,6,1.500000,3.000000,3,6,2,0,0,solver
6,2,2,4,2,4,0 8,0 23,0 8 23 31,-13,-3.250000,-6.500000,0,0,1,0,0,solver
6,2,2,4,2,4,0 8,0 22,0 8 22 30,-12,-3.000000,-6.000000,0,0,1,0,0,solver
6,2,2,4,2,4,0 8,0 21,0 8 21 29,-11,-2.750000,-5.500000,0,0,1,0,0,solver
6,2,2,4,2,4,0 8,0 20,0 8 20 28,-10,-2.500000,-5.000000,0,0,1,0,0,solver
6,2,2,4,2,4,0 8,0 19,0 8 19 27,-9,-2.250000,-4.500000,0,0,1,0,0,solver
6,2,2,4,2,4,0 8,0 18,0 8 18 26,-8,-2.000000,-4.000000,0,0,1,0,0,solver
6,2,2,4,2,4,0 8,0 17,0 8 17 25,-7,-1.750000,-3.500000,0,0,1,0,0,solver
6,2,2,4,2,4,0 8,0 16,0 8 16 24,-6,-1.500000,-3.000000,0,0,1,0,0,solver
6,2,2,4,2,4,0 8,0 15,0 8 15 23,-5,-1.250000,-2.500000,0,0,1,0,0,solver
6,2,2,4,2,4,0 8,0 14,0 8 14 22,-4,-1.000000,-2.000000,0,0,1,0,0,solver
6,2,2,4,2,4,0 8,0 13,0 8 13 21,-3,-0.750000,-1.500000,1,1,2,0,0,solver
6,2,2,4,2,4,0 8,0 12,0 8 12 20,-2,-0.500000,-1.000000,2,2,2,0,0,solver
6,2,2,4,2,4,0 8,0 11,0 8 11 19,-1,-0.250000,-0.500000,3,3,2,0,0,solver
6,2,2,4,2,4,0 8,0 10,0 8 10 18,0,0.000000,0.000000,4,4,2,0,0,solver
6,2,2,4,2,4,0 8,0 9,0 8 9 17,1,0.250000,0.500000,5,5,2,0,0,solver
6,2,2,4,2,4,0 8,0 8,0 8 8 16,2,0.500000,1.000000,6,6,2,0,0,solver
6,2,2,4,2,4,0 8,0 7,0 7 8 15,3,0.750000,1.500000,5,5,2,0,0,solver
6,2,2,4,2,4,0 8,0 6,0 6 8 14,4,1.000000,2.000000,4,4,2,0,0,solver
6,2,2,4,2,4,0 8,0 5,0 5 8 13,5,1.250000,2.500000,3,5,2,0,0,solver
6,2,2,4,2,4,0 8,0 4,0 4 8 12,6,1.500000,3.000000,2,6,2,0,0,solver
6,2,2,4,2,4,0 8,0 3,0 3 8 11,7,1.750000,3.500000,3,7,2,0,0,solver
6,2,2,4,2,4,0 7,0 23,0 7 23 30,-12,-3.000000,-6.000000,0,0,1,0,0,solver
6,2,2,4,2,4,0 7,0 22,0 7 22 29,-11,-2.750000,-5.500000,0,0,1,0,0,solver
6,2,2,4,2,4,0 7,0 21,0 7 21 28,-10,-2.500000,-5.000000,0,0,1,0,0,solver
6,2,2,4,2,4,0 7,0 20,0 7 20 27,-9,-2.250000,-4.500000,0,0,1,0,0,solver
6,2,2,4,2,4,0 7,0 19,0 7 19 26,-8,-2.000000,-4.000000,0,0,1,0,0,solver
6,2,2,4,2,4,0 7,0 18,0 7 18 25,-7,-1.750000,-3.500000,0,0,1,0,0,solver
6,2,2,4,2,4,0 7,0 17,0 7 17 24,-6,-1.500000,-3.000000,0,0,1,0,0,solver
6,2,2,4,2,4,0 7,0 16,0 7 16 23,-5,-1.250000,-2.500000,0,0,1,0,0,solver
6,2,2,4,2,4,0 7,0 15,0 7 15 22,-4,-1.000000,-2.000000,0,0,1,0,0,solver
6,2,2,4,2,4,0 7,0 14,0 7 14 21,-3,-0.750000,-1.500000,0,0,1,0,0,solver
6,2,2,4,2,4,0 7,0 13,0 7 13 20,-2,-0.500000,-1.000000,0,0,1,0,0,solver
6,2,2,4,2,4,0 7,0 12,0 7 12 19,-1,-0.250000,-0.500000,1,1,2,0,0,solver
6,2,2,4,2,4,0 7,0 11,0 7 11 18,0,0.000000,0.000000,2,2,2,0,0,solver
6,2,2,4,2,4,0 7,0 10,0 7 10 17,1,0.250000,0.500000,3,3,2,0,0,solver
6,2,2,4,2,4,0 7,0 9,0 7 9 16,2,0.500000,1.000000,4,4,2,0,0,solver
6,2,2,4,2,4,0 7,0 8,0 7 8 15,3,0.750000,1.500000,5,5,2,0,0,solver
6,2,2,4,2,4,0 7,0 7,0 7 7 14,4,1.000000,2.000000,6,6,2,0,0,solver
6,2,2,4,2,4,0 7,0 6,0 6 7 13,5,1.250000,2.500000,5,5,2,0,0,solver
6,2,2,4,2,4,0 7,0 5,0 5 7 12,6,1.500000,3.000000,4,6,2,0,0,solver
6,2,2,4,2,4,0 7,0 4,0 4 7 11,7,1.750000,3.500000,3,7,2,0,0,solver
6,2,2,4,2,4,0 7,0 3,0 3 7 10,8,2.000000,4.000000,3,8,2,0,0,solver
6,2,2,4,2,4,0 6,0 23,0 6 23 29,-11,-2.750000,-5.500000,0,0,1,0,0,solver
6,2,2,4,2,4,0 6,0 22,0 6 22 28,-10,-2.500000,-5.000000,0,0,1,0,0,solver
6,2,2,4,2,4,0 6,0 21,0 6 21 27,-9,-2.250000,-4.500000,0,0,1,0,0,solver
6,2,2,4,2,4,0 6,0 20,0 6 20 26,-8,-2.000000,-4.000000,0,0,1,0,0,solver
6,2,2,4,2,4,0 6,0 19,0 6 19 25,-7,-1.750000,-3.500000,0,0,1,0,0,solver
6,2,2,4,2,4,0 6,0 18,0 6 18 24,-6,-1.500000,-3.000000,0,0,1,0,0,solver
6,2,2,4,2,4,0 6,0 17,0 6 17 23,-5,-1.250000,-2.500000,0,0,1,0,0,solver
6,2,2,4,2,4,0 6,0 16,0 6 16 22,-4,-1.000000,-2.000000,0,0,1,0,0,solver
6,2,2,4,2,4,0 6,0 15,0 6 15 21,-3,-0.750000,-1.500000,0,0,1,0,0,solver
6,2,2,4,2,4,0 6,0 14,0 6 14 20,-2,-0.500000,-1.000000,0,0,1,0,0,solver
6,2,2,4,2,4,0 6,0 13,0 6 13 19,-1,-0.250000,-0.500000,0,0,1,0,0,solver
6,2,2,4,2,4,0 6,0 12,0 6 12 18,0,0.000000,0.000000,0,0,1,0,0,solver
6,2,2,4,2,4,0 6,0 11,0 6 11 17,1,0.250000,0.500000,1,1,2,0,0,solver
6,2,2,4,2,4,0 6,0 10,0 6 10 16,2,0.500000,1.000000,2,2,2,0,0,solver
6,2,2,4,2,4,0 6,0 9,0 6 9 15,3,0.750000,1.500000,3,3,2,0,0,solver
6,2,2,4,2,4,0 6,0 8,0 6 8 14,4,1.000000,2.000000,4,4,2,0,0,solver
6,2,2,4,2,4,0 6,0 7,0 6 7 13,5,1.250000,2.500000,5,5,2,0,0,solver
6,2,2,4,2,4,0 6,0 6,0 6 6 12,6,1.500000,3.000000,6,6,2,0,0,solver
6,2,2,4,2,4,0 6,0 5,0 5 6 11,7,1.750000,3.500000,5,7,2,0,0,solver
6,2,2,4,2,4,0 6,0 4,0 4 6 10,8,2.000000,4.000000,4,8,2,0,0,solver
6,2,2,4,2,4,0 6,0 3,0 3 6 9,9,2.250000,4.500000,3,9,2,0,0,solver
6,2,2,4,2,4,0 5,0 23,0 5 23 28,-10,-2.500000,-5.000000,1,2,2,0,0,solver
6,2,2,4,2,4,0 5,0 22,0 5 22 27,-9,-2.250000,-4.500000,1,2,2,0,0,solver
6,2,2,4,2,4,0 5,0 21,0 5 21 26,-8,-2.000000,-4.000000,1,2,2,0,0,solver
6,2,2,4,2,4,0 5,0 20,0 5 20 25,-7,-1.750000,-3.500000,1,2,2,0,0,solver
6,2,2,4,2,4,0 5,0 19,0 5 19 24,-6,-1.500000,-3.000000,1,2,2,0,0,solver
6,2,2,4,2,4,0 5,0 18,0 5 18 23,-5,-1.250000,-2.500000,1,2,2,0,0,solver
6,2,2,4,2,4,0 5,0 17,0 5 17 22,-4,-1.000000,-2.000000,1,2,2,0,0,solver
6,2,2,4,2,4,0 5,0 16,0 5 16 21,-3,-0.750000,-1.500000,1,2,2,0,0,solver
6,2,2,4,2,4,0 5,0 15,0 5 15 20,-2,-0.500000,-1.000000,1,2,2,0,0,solver
6,2,2,4,2,4,0 5,0 14,0 5 14 19,-1,-0.250000,-0.500000,1,2,2,0,0,solver
6,2,2,4,2,4,0 5,0 13,0 5 13 18,0,0.000000,0.000000,1,2,2,0,0,solver
6,2,2,4,2,4,0 5,0 12,0 5 12 17,1,0.250000,0.500000,1,2,2,0,0,solver
6,2,2,4,2,4,0 5,0 11,0 5 11 16,2,0.500000,1.000000,1,2,2,0,0,solver
6,2,2,4,2,4,0 5,0 10,0 5 10 15,3,0.750000,1.500000,1,3,2,0,0,solver
6,2,2,4,2,4,0 5,0 9,0 5 9 14,4,1.000000,2.000000,2,4,2,0,0,solver
6,2,2,4,2,4,0 5,0 8,0 5 8 13,5,1.250000,2.500000,3,5,2,0,0,solver
6,2,2,4,2,4,0 5,0 7,0 5 7 12,6,1.500000,3.000000,4,6,2,0,0,solver
6,2,2,4,2,4,0 5,0 6,0 5 6 11,7,1.750000,3.500000,5,7,2,0,0,solver
6,2,2,4,2,4,0 5,0 5,0 5 5 10,8,2.000000,4.000000,6,8,3,0,0,solver
6,2,2,4,2,4,0 5,0 4,0 4 5 9,9,2.250000,4.500000,5,9,3,0,0,solver
6,2,2,4,2,4,0 5,0 3,0 3 5 8,10,2.500000,5.000000,4,10,3,0,0,solver
6,2,2,4,2,4,0 4,0 23,0 4 23 27,-9,-2.250000,-4.500000,2,4,2,0,0,solver
6,2,2,4,2,4,0 4,0 22,0 4 22 26,-8,-2.000000,-4.000000,2,4,2,0,0,solver
6,2,2,4,2,4,0 4,0 21,0 4 21 25,-7,-1.750000,-3.500000,2,4,2,0,0,solver
6,2,2,4,2,4,0 4,0 20,0 4 20 24,-6,-1.500000,-3.000000,2,4,2,0,0,solver
6,2,2,4,2,4,0 4,0 19,0 4 19 23,-5,-1.250000,-2.500000,2,4,2,0,0,solver
6,2,2,4,2,4,0 4,0 18,0 4 18 22,-4,-1.000000,-2.000000,2,4,2,0,0,solver
6,2,2,4,2,4,0 4,0 17,0 4 17 21,-3,-0.750000,-1.500000,2,4,2,0,0,solver
6,2,2,4,2,4,0 4,0 16,0 4 16 20,-2,-0.500000,-1.000000,2,4,2,0,0,solver
6,2,2,4,2,4,0 4,0 15,0 4 15 19,-1,-0.250000,-0.500000,2,4,2,0,0,solver
6,2,2,4,2,4,0 4,0 14,0 4 14 18,0,0.000000,0.000000,2,4,2,0,0,solver
6,2,2,4,2,4,0 4,0 13,0 4 13 17,1,0.250000,0.500000,2,4,2,0,0,solver
6,2,2,4,2,4,0 4,0 12,0 4 12 16,2,0.500000,1.000000,2,4,2,0,0,solver
6,2,2,4,2,4,0 4,0 11,0 4 11 15,3,0.750000,1.500000,2,4,2,0,0,solver
6,2,2,4,2,4,0 4,0 10,0 4 10 14,4,1.000000,2.000000,2,4,2,0,0,solver
6,2,2,4,2,4,0 4,0 9,0 4 9 13,5,1.250000,2.500000,2,5,2,0,0,solver
6,2,2,4,2,4,0 4,0 8,0 4 8 12,6,1.500000,3.000000,2,6,2,0,0,solver
6,2,2,4,2,4,0 4,0 7,0 4 7 11,7,1.750000,3.500000,3,7,2,0,0,solver
6,2,2,4,2,4,0 4,0 6,0 4 6 10,8,2.000000,4.000000,4,8,2,0,0,solver
6,2,2,4,2,4,0 4,0 5,0 4 5 9,9,2.250000,4.500000,5,9,3,0,0,solver
6,2,2,4,2,4,0 4,0 4,0 4 4 8,10,2.500000,5.000000,6,10,3,0,0,solver
6,2,2,4,2,4,0 4,0 3,0 3 4 7,11,2.750000,5.500000,5,11,3,0,0,solver
6,2,2,4,2,4,0 3,0 23,0 3 23 26,-8,-2.000000,-4.000000,3,6,2,0,0,solver
6,2,2,4,2,4,0 3,0 22,0 3 22 25,-7,-1.750000,-3.500000,3,6,2,0,0,solver
6,2,2,4,2,4,0 3,0 21,0 3 21 24,-6,-1.500000,-3.000000,3,6,2,0,0,solver
6,2,2,4,2,4,0 3,0 20,0 3 20 23,-5,-1.250000,-2.500000,3,6,2,0,0,solver
6,2,2,4,2,4,0 3,0 19,0 3 19 22,-4,-1.000000,-2.000000,3,6,2,0,0,solver
6,2,2,4,2,4,0 3,0 18,0 3 18 21,-3,-0.750000,-1.500000,3,6,2,0,0,solver
6,2,2,4,2,4,0 3,0 17,0 3 17 20,-2,-0.500000,-1.000000,3,6,2,0,0,solver
6,2,2,4,2,4,0 3,0 16,0 3 16 19,-1,-0.250000,-0.500000,3,6,2,0,0,solver
6,2,2,4,2,4,0 3,0 15,0 3 15 18,0,0.000000,0.000000,3,6,2,0,0,solver
6,2,2,4,2,4,0 3,0 14,0 3 14 17,1,0.250000,0.500000,3,6,2,0,0,solver
6,2,2,4,2,4,0 3,0 13,0 3 13 16,2,0.500000,1.000000,3,6,2,0,0,solver
6,2,2,4,2,4,0 3,0 12,0 3 12 15,3,0.750000,1.500000,3,6,2,0,0,solver
6,2,2,4,2,4,0 3,0 11,0 3 11 14,4,1.000000,2.000000,3,6,2,0,0,solver
6,2,2,4,2,4,0 3,0 10,0 3 10 13,5,1.250000,2.500000,3,6,2,0,0,solver
6,2,2,4,2,4,0 3,0 9,0 3 9 12,6,1.500000,3.000000,3,6,2,0,0,solver
6,2,2,4,2,4,0 3,0 8,0 3 8 11,7,1.750000,3.500000,3,7,2,0,0,solver
6,2,2,4,2,4,0 3,0 7,0 3 7 10,8,2.000000,4.000000,3,8,2,0,0,solver
6,2,2,4,2,4,0 3,0 6,0 3 6 9,9,2.250000,4.500000,3,9,2,0,0,solver
6,2,2,4,2,4,0 3,0 5,0 3 5 8,10,2.500000,5.000000,4,10,3,0,0,solver
6,2,2,4,2,4,0 3,0 4,0 3 4 7,11,2.750000,5.500000,5,11,3,0,0,solver
6,2,2,4,2,4,0 3,0 3,0 3 3 6,12,3.000000,6.000000,6,12,3,0,0,solver
6,2,3,6,3,4,0 14,0 11 23,0 11 14 23 25 37,-7,-1.166667,-2.333333,4,7,2,1,0,solver
6,2,3,6,3,4,0 14,0 11 22,0 11 14 22 25 36,-6,-1.000000,-2.000000,3,6,2,0,0,solver
6,2,3,6,3,4,0 14,0 10 21,0 10 14 21 24 35,-5,-0.833333,-1.666667,3,5,2,0,0,solver
6,2,3,6,3,4,0 14,0 10 20,0 10 14 20 24 34,-4,-0.666667,-1.333333,2,4,2,0,0,solver
6,2,3,6,3,4,0 14,0 9 19,0 9 14 19 23 33,-3,-0.500000,-1.000000,2,4,2,0,0,solver
6,2,3,6,3,4,0 14,0 9 18,0 9 14 18 23 32,-2,-0.333333,-0.666667,2,4,2,0,0,solver
6,2,3,6,3,4,0 14,0 8 17,0 8 14 17 22 31,-1,-0.166667,-0.333333,3,4,2,0,0,solver
6,2,3,6,3,4,0 14,0 8 16,0 8 14 16 22 30,0,0.000000,0.000000,4,4,2,0,0,solver
6,2,3,6,3,4,0 14,0 7 15,0 7 14 15 21 29,1,0.166667,0.333333,5,5,2,0,0,solver
6,2,3,6,3,4,0 14,0 7 14,0 7 14 14 21 28,2,0.333333,0.666667,6,6,2,0,0,solver
6,2,3,6,3,4,0 14,0 6 13,0 6 13 14 20 27,3,0.500000,1.000000,5,5,2,0,0,solver
6,2,3,6,3,4,0 14,0 6 12,0 6 12 14 20 26,4,0.666667,1.333333,4,4,2,0,0,solver
6,2,3,6,3,4,0 14,0 5 11,0 5 11 14 19 25,5,0.833333,1.666667,3,5,2,0,0,solver
6,2,3,6,3,4,0 14,0 5 10,0 5 10 14 19 24,6,1.000000,2.000000,2,6,2,0,0,solver
6,2,3,6,3,4,0 14,0 4 9,0 4 9 14 18 23,7,1.166667,2.333333,2,7,2,0,0,solver
6,2,3,6,3,4,0 14,0 4 8,0 4 8 14 18 22,8,1.333333,2.666667,2,8,2,0,0,solver
6,2,3,6,3,4,0 14,0 3 7,0 3 7 14 17 21,9,1.500000,3.000000,3,10,2,0,0,solver
6,2,3,6,3,4,0 14,0 3 6,0 3 6 14 17 20,10,1.666667,3.333333,3,12,2,0,0,solver
6,2,3,6,3,4,0 13,0 11 23,0 11 13 23 24 36,-6,-1.000000,-2.000000,5,9,2,0,0,solver
6,2,3,6,3,4,0 13,0 11 22,0 11 13 22 24 35,-5,-0.833333,-1.666667,4,8,2,0,0,solver
6,2,3,6,3,4,0 13,0 10 21,0 10 13 21 23 34,-4,-0.666667,-1.333333,4,7,2,0,0,solver
6,2,3,6,3,4,0 13,0 10 20,0 10 13 20 23 33,-3,-0.500000,-1.000000,3,6,2,0,0,solver
6,2,3,6,3,4,0 13,0 9 19,0 9 13 19 22 32,-2,-0.333333,-0.666667,3,5,2,0,0,solver
6,2,3,6,3,4,0 13,0 9 18,0 9 13 18 22 31,-1,-0.166667,-0.333333,2,5,2,0,0,solver
6,2,3,6,3,4,0 13,0 8 17,0 8 13 17 21 30,0,0.000000,0.000000,2,5,2,0,0,solver
6,2,3,6,3,4,0 13,0 8 16,0 8 13 16 21 29,1,0.166667,0.333333,3,5,2,0,0,solver
6,2,3,6,3,4,0 13,0 7 15,0 7 13 15 20 28,2,0.333333,0.666667,4,5,2,0,0,solver
6,2,3,6,3,4,0 13,0 7 14,0 7 13 14 20 27,3,0.500000,1.000000,5,5,2,0,0,solver
6,2,3,6,3,4,0 13,0 6 13,0 6 13 13 19 26,4,0.666667,1.333333,6,6,2,0,0,solver
6,2,3,6,3,4,0 13,0 6 12,0 6 12 13 19 25,5,0.833333,1.666667,5,5,2,0,0,solver
6,2,3,6,3,4,0 13,0 5 11,0 5 11 13 18 24,6,1.000000,2.000000,4,6,2,0,0,solver
6,2,3,6,3,4,0 13,0 5 10,0 5 10 13 18 23,7,1.166667,2.333333,3,7,2,0,0,solver
6,2,3,6,3,4,0 13,0 4 9,0 4 9 13 17 22,8,1.333333,2.666667,2,8,2,0,0,solver
6,2,3,6,3,4,0 13,0 4 8,0 4 8 13 17 21,9,1.500000,3.000000,2,9,2,0,0,solver
6,2,3,6,3,4,0 13,0 3 7,0 3 7 13 16 20,10,1.666667,3.333333,3,10,2,0,0,solver
6,2,3,6,3,4,0 13,0 3 6,0 3 6 13 16 19,11,1.833333,3.666667,3,12,2,0,0,solver
6,2,3,6,3,4,0 12,0 11 23,0 11 12 23 23 35,-5,-0.833333,-1.666667,6,11,2,0,0,solver
6,2,3,6,3,4,0 12,0 11 22,0 11 12 22 23 34,-4,-0.666667,-1.333333,5,10,2,0,0,solver
6,2,3,6,3,4,0 12,0 10 21,0 10 12 21 22 33,-3,-0.500000,-1.000000,5,9,2,0,0,solver
6,2,3,6,3,4,0 12,0 10 20,0 10 12 20 22 32,-2,-0.333333,-0.666667,4,8,2,0,0,solver
6,2,3,6,3,4,0 12,0 9 19,0 9 12 19 21 31,-1,-0.166667,-0.333333,4,7,2,0,0,solver
6,2,3,6,3,4,0 12,0 9 18,0 9 12 18 21 30,0,0.000000,0.000000,3,6,2,0,0,solver
6,2,3,6,3,4,0 12,0 8 17,0 8 12 17 20 29,1,0.166667,0.333333,3,6,2,0,0,solver
6,2,3,6,3,4,0 12,0 8 16,0 8 12 16 20 28,2,0.333333,0.666667,2,6,2,0,0,solver
6,2,3,6,3,4,0 12,0 7 15,0 7 12 15 19 27,3,0.500000,1.000000,3,6,2,0,0,solver
6,2,3,6,3,4,0 12,0 7 14,0 7 12 14 19 26,4,0.666667,1.333333,4,6,2,0,0,solver
6,2,3,6,3,4,0 12,0 6 13,0 6 12 13 18 25,5,0.833333,1.666667,5,6,2,0,0,solver
6,2,3,6,3,4,0 12,0 6 12,0 6 12 12 18 24,6,1.000000,2.000000,6,6,2,0,0,solver
6,2,3,6,3,4,0 12,0 5 11,0 5 11 12 17 23,7,1.166667,2.333333,5,7,2,0,0,solver
6,2,3,6,3,4,0 12,0 5 10,0 5 10 12 17 22,8,1.333333,2.666667,4,8,2,0,0,solver
6,2,3,6,3,4,0 12,0 4 9,0 4 9 12 16 21,9,1.500000,3.000000,3,9,2,0,0,solver
6,2,3,6,3,4,0 12,0 4 8,0 4 8 12 16 20,10,1.666667,3.333333,2,10,2,0,0,solver
6,2,3,6,3,4,0 12,0 3 7,0 3 7 12 15 19,11,1.833333,3.666667,3,11,2,0,0,solver
6,2,3,6,3,4,0 12,0 3 6,0 3 6 12 15 18,12,2.000000,4.000000,3,12,2,0,0,solver
6,2,3,6,3,4,0 11,0 11 23,0 11 11 22 23 34,-4,-0.666667,-1.333333,6,11,2,0,0,solver
6,2,3,6,3,4,0 11,0 11 22,0 11 11 22 22 33,-3,-0.500000,-1.000000,6,12,2,0,0,solver
6,2,3,6,3,4,0 11,0 10 21,0 10 11 21 21 32,-2,-0.333333,-0.666667,6,11,2,0,0,solver
6,2,3,6,3,4,0 11,0 10 20,0 10 11 20 21 31,-1,-0.166667,-0.333333,5,10,2,0,0,solver
6,2,3,6,3,4,0 11,0 9 19,0 9 11 19 20 30,0,0.000000,0.000000,5,9,2,0,0,solver
6,2,3,6,3,4,0 11,0 9 18,0 9 11 18 20 29,1,0.166667,0.333333,4,8,2,0,0,solver
6,2,3,6,3,4,0 11,0 8 17,0 8 11 17 19 28,2,0.333333,0.666667,4,7,2,0,0,solver
6,2,3,6,3,4,0 11,0 8 16,0 8 11 16 19 27,3,0.500000,1.000000,3,7,2,0,0,solver
6,2,3,6,3,4,0 11,0 7 15,0 7 11 15 18 26,4,0.666667,1.333333,3,7,2,0,0,solver
6,2,3,6,3,4,0 11,0 7 14,0 7 11 14 18 25,5,0.833333,1.666667,3,7,2,0,0,solver
6,2,3,6,3,4,0 11,0 6 13,0 6 11 13 17 24,6,1.000000,2.000000,4,7,2,0,0,solver
6,2,3,6,3,4,0 11,0 6 12,0 6 11 12 17 23,7,1.166667,2.333333,5,7,2,0,0,solver
6,2,3,6,3,4,0 11,0 5 11,0 5 11 11 16 22,8,1.333333,2.666667,6,8,3,0,0,solver
6,2,3,6,3,4,0 11,0 5 10,0 5 10 11 16 21,9,1.500000,3.000000,5,9,2,0,0,solver
6,2,3,6,3,4,0 11,0 4 9,0 4 9 11 15 20,10,1.666667,3.333333,4,10,2,0,0,solver
6,2,3,6,3,4,0 11,0 4 8,0 4 8 11 15 19,11,1.833333,3.666667,3,11,2,0,0,solver
6,2,3,6,3,4,0 11,0 3 7,0 3 7 11 14 18,12,2.000000,4.000000,3,12,2,0,0,solver
6,2,3,6,3,4,0 11,0 3 6,0 3 6 11 14 17,13,2.166667,4.333333,3,13,2,0,0,solver
6,2,3,6,3,4,0 10,0 11 23,0 10 11 21 23 33,-3,-0.500000,-1.000000,5,9,2,0,0,solver
6,2,3,6,3,4,0 10,0 11 22,0 10 11 21 22 32,-2,-0.333333,-0.666667,5,10,2,0,0,solver
6,2,3,6,3,4,0 10,0 10 21,0 10 10 20 21 31,-1,-0.166667,-0.333333,6,11,2,0,0,solver
6,2,3,6,3,4,0 10,0 10 20,0 10 10 20 20 30,0,0.000000,0.000000,6,12,2,0,0,solver
6,2,3,6,3,4,0 10,0 9 19,0 9 10 19 19 29,1,0.166667,0.333333,6,11,2,0,0,solver
6,2,3,6,3,4,0 10,0 9 18,0 9 10 18 19 28,2,0.333333,0.666667,5,10,2,0,0,solver
6,2,3,6,3,4,0 10,0 8 17,0 8 10 17 18 27,3,0.500000,1.000000,5,9,2,0,0,solver
6,2,3,6,3,4,0 10,0 8 16,0 8 10 16 18 26,4,0.666667,1.333333,4,8,2,0,0,solver
6,2,3,6,3,4,0 10,0 7 15,0 7 10 15 17 25,5,0.833333,1.666667,4,8,2,0,0,solver
6,2,3,6,3,4,0 10,0 7 14,0 7 10 14 17 24,6,1.000000,2.000000,3,8,2,0,0,solver
6,2,3,6,3,4,0 10,0 6 13,0 6 10 13 16 23,7,1.166667,2.333333,3,8,2,0,0,solver
6,2,3,6,3,4,0 10,0 6 12,0 6 10 12 16 22,8,1.333333,2.666667,4,8,2,0,0,solver
6,2,3,6,3,4,0 10,0 5 11,0 5 10 11 15 21,9,1.500000,3.000000,5,9,3,0,0,solver
6,2,3,6,3,4,0 10,0 5 10,0 5 10 10 15 20,10,1.666667,3.333333,6,10,3,0,0,solver
6,2,3,6,3,4,0 10,0 4 9,0 4 9 10 14 19,11,1.833333,3.666667,5,11,3,0,0,solver
6,2,3,6,3,4,0 10,0 4 8,0 4 8 10 14 18,12,2.000000,4.000000,4,12,2,0,0,solver
6,2,3,6,3,4,0 10,0 3 7,0 3 7 10 13 17,13,2.166667,4.333333,3,13,2,0,0,solver
6,2,3,6,3,4,0 10,0 3 6,0 3 6 10 13 16,14,2.333333,4.666667,3,14,2,0,0,solver
6,2,3,6,3,4,0 9,0 11 23,0 9 11 20 23 32,-2,-0.333333,-0.666667,4,7,2,0,0,solver
6,2,3,6,3,4,0 9,0 11 22,0 9 11 20 22 31,-1,-0.166667,-0.333333,4,8,2,0,0,solver
6,2,3,6,3,4,0 9,0 10 21,0 9 10 19 21 30,0,0.000000,0.000000,5,9,2,0,0,solver
6,2,3,6,3,4,0 9,0 10 20,0 9 10 19 20 29,1,0.166667,0.333333,5,10,2,0,0,solver
6,2,3,6,3,4,0 9,0 9 19,0 9 9 18 19 28,2,0.333333,0.666667,6,11,2,0,0,solver
6,2,3,6,3,4,0 9,0 9 18,0 9 9 18 18 27,3,0.500000,1.000000,6,12,2,0,0,solver
6,2,3,6,3,4,0 9,0 8 17,0 8 9 17 17 26,4,0.666667,1.333333,6,11,2,0,0,solver
6,2,3,6,3,4,0 9,0 8 16,0 8 9 16 17 25,5,0.833333,1.666667,5,10,2,0,0,solver
6,2,3,6,3,4,0 9,0 7 15,0 7 9 15 16 24,6,1.000000,2.000000,5,9,2,0,0,solver
6,2,3,6,3,4,0 9,0 7 14,0 7 9 14 16 23,7,1.166667,2.333333,4,9,2,0,0,solver
6,2,3,6,3,4,0 9,0 6 13,0 6 9 13 15 22,8,1.333333,2.666667,4,9,2,0,0,solver
6,2,3,6,3,4,0 9,0 6 12,0 6 9 12 15 21,9,1.500000,3.000000,3,9,2,0,0,solver
6,2,3,6,3,4,0 9,0 5 11,0 5 9 11 14 20,10,1.666667,3.333333,4,10,3,0,0,solver
6,2,3,6,3,4,0 9,0 5 10,0 5 9 10 14 19,11,1.833333,3.666667,5,11,3,0,0,solver
6,2,3,6,3,4,0 9,0 4 9,0 4 9 9 13 18,12,2.000000,4.000000,6,12,3,0,0,solver
6,2,3,6,3,4,0 9,0 4 8,0 4 8 9 13 17,13,2.166667,4.333333,5,13,3,0,0,solver
6,2,3,6,3,4,0 9,0 3 7,0 3 7 9 12 16,14,2.333333,4.666667,4,14,3,0,0,solver
6,2,3,6,3,4,0 9,0 3 6,0 3 6 9 12 15,15,2.500000,5.000000,3,15,2,0,0,solver
6,2,3,6,3,4,0 8,0 11 23,0 8 11 19 23 31,-1,-0.166667,-0.333333,3,5,2,0,0,solver
6,2,3,6,3,4,0 8,0 11 22,0 8 11 19 22 30,0,0.000000,0.000000,3,6,2,0,0,solver
6,2,3,6,3,4,0 8,0 10 21,0 8 10 18 21 29,1,0.166667,0.333333,4,7,2,0,0,solver
6,2,3,6,3,4,0 8,0 10 20,0 8 10 18 20 28,2,0.333333,0.666667,4,8,2,0,0,solver
6,2,3,6,3,4,0 8,0 9 19,0 8 9 17 19 27,3,0.500000,1.000000,5,9,2,0,0,solver
6,2,3,6,3,4,0 8,0 9 18,0 8 9 17 18 26,4,0.666667,1.333333,5,10,2,0,0,solver
6,2,3,6,3,4,0 8,0 8 17,0 8 8 16 17 25,5,0.833333,1.666667,6,11,2,0,0,solver
6,2,3,6,3,4,0 8,0 8 16,0 8 8 16 16 24,6,1.000000,2.000000,6,12,2,0,0,solver
6,2,3,6,3,4,0 8,0 7 15,0 7 8 15 15 23,7,1.166667,2.333333,6,11,2,0,0,solver
6,2,3,6,3,4,0 8,0 7 14,0 7 8 14 15 22,8,1.333333,2.666667,5,10,2,0,0,solver
6,2,3,6,3,4,0 8,0 6 13,0 6 8 13 14 21,9,1.500000,3.000000,5,10,2,0,0,solver
6,2,3,6,3,4,0 8,0 6 12,0 6 8 12 14 20,10,1.666667,3.333333,4,10,2,0,0,solver
6,2,3,6,3,4,0 8,0 5 11,0 5 8 11 13 19,11,1.833333,3.666667,4,11,3,0,0,solver
6,2,3,6,3,4,0 8,0 5 10,0 5 8 10 13 18,12,2.000000,4.000000,4,12,3,0,0,solver
6,2,3,6,3,4,0 8,0 4 9,0 4 8 9 12 17,13,2.166667,4.333333,5,13,3,0,0,solver
6,2,3,6,3,4,0 8,0 4 8,0 4 8 8 12 16,14,2.333333,4.666667,6,14,3,0,0,solver
6,2,3,6,3,4,0 8,0 3 7,0 3 7 8 11 15,15,2.500000,5.000000,5,15,3,0,0,solver
6,2,3,6,3,4,0 8,0 3 6,0 3 6 8 11 14,16,2.666667,5.333333,4,16,3,0,0,solver
6,2,3,6,3,4,0 7,0 11 23,0 7 11 18 23 30,0,0.000000,0.000000,2,3,2,0,0,solver
6,2,3,6,3,4,0 7,0 11 22,0 7 11 18 22 29,1,0.166667,0.333333,2,4,2,0,0,solver
6,2,3,6,3,4,0 7,0 10 21,0 7 10 17 21 28,2,0.333333,0.666667,3,5,2,0,0,solver
6,2,3,6,3,4,0 7,0 10 20,0 7 10 17 20 27,3,0.500000,1.000000,3,6,2,0,0,solver
6,2,3,6,3,4,0 7,0 9 19,0 7 9 16 19 26,4,0.666667,1.333333,4,7,2,0,0,solver
6,2,3,6,3,4,0 7,0 9 18,0 7 9 16 18 25,5,0.833333,1.666667,4,8,2,0,0,solver
6,2,3,6,3,4,0 7,0 8 17,0 7 8 15 17 24,6,1.000000,2.000000,5,9,2,0,0,solver
6,2,3,6,3,4,0 7,0 8 16,0 7 8 15 16 23,7,1.166667,2.333333,5,10,2,0,0,solver
6,2,3,6,3,4,0 7,0 7 15,0 7 7 14 15 22,8,1.333333,2.666667,6,11,2,0,0,solver
6,2,3,6,3,4,0 7,0 7 14,0 7 7 14 14 21,9,1.500000,3.000000,6,12,2,0,0,solver
6,2,3,6,3,4,0 7,0 6 13,0 6 7 13 13 20,10,1.666667,3.333333,6,11,2,0,0,solver
6,2,3,6,3,4,0 7,0 6 12,0 6 7 12 13 19,11,1.833333,3.666667,5,11,2,0,0,solver
6,2,3,6,3,4,0 7,0 5 11,0 5 7 11 12 18,12,2.000000,4.000000,5,12,3,0,0,solver
6,2,3,6,3,4,0 7,0 5 10,0 5 7 10 12 17,13,2.166667,4.333333,4,13,3,0,0,solver
6,2,3,6,3,4,0 7,0 4 9,0 4 7 9 11 16,14,2.333333,4.666667,4,14,3,0,0,solver
6,2,3,6,3,4,0 7,0 4 8,0 4 7 8 11 15,15,2.500000,5.000000,5,15,3,0,0,solver
6,2,3,6,3,4,0 7,0 3 7,0 3 7 7 10 14,16,2.666667,5.333333,6,16,3,0,0,solver
6,2,3,6,3,4,0 7,0 3 6,0 3 6 7 10 13,17,2.833333,5.666667,5,17,3,0,0,solver
6,2,3,6,3,4,0 6,0 11 23,0 6 11 17 23 29,1,0.166667,0.333333,1,1,2,0,0,solver
6,2,3,6,3,4,0 6,0 11 22,0 6 11 17 22 28,2,0.333333,0.666667,1,2,2,0,0,solver
6,2,3,6,3,4,0 6,0 10 21,0 6 10 16 21 27,3,0.500000,1.000000,2,3,2,0,0,solver
6,2,3,6,3,4,0 6,0 10 20,0 6 10 16 20 26,4,0.666667,1.333333,2,4,2,0,0,solver
6,2,3,6,3,4,0 6,0 9 19,0 6 9 15 19 25,5,0.833333,1.666667,3,5,2,0,0,solver
6,2,3,6,3,4,0 6,0 9 18,0 6 9 15 18 24,6,1.000000,2.000000,3,6,2,0,0,solver
6,2,3,6,3,4,0 6,0 8 17,0 6 8 14 17 23,7,1.166667,2.333333,4,7,2,0,0,solver
6,2,3,6,3,4,0 6,0 8 16,0 6 8 14 16 22,8,1.333333,2.666667,4,8,2,0,0,solver
6,2,3,6,3,4,0 6,0 7 15,0 6 7 13 15 21,9,1.500000,3.000000,5,9,2,0,0,solver
6,2,3,6,3,4,0 6,0 7 14,0 6 7 13 14 20,10,1.666667,3.333333,5,10,2,0,0,solver
6,2,3,6,3,4,0 6,0 6 13,0 6 6 12 13 19,11,1.833333,3.666667,6,11,2,0,0,solver
6,2,3,6,3,4,0 6,0 6 12,0 6 6 12 12 18,12,2.000000,4.000000,6,12,2,0,0,solver
6,2,3,6,3,4,0 6,0 5 11,0 5 6 11 11 17,13,2.166667,4.333333,6,13,3,0,0,solver
6,2,3,6,3,4,0 6,0 5 10,0 5 6 10 11 16,14,2.333333,4.666667,5,14,3,0,0,solver
6,2,3,6,3,4,0 6,0 4 9,0 4 6 9 10 15,15,2.500000,5.000000,5,15,3,0,0,solver
6,2,3,6,3,4,0 6,0 4 8,0 4 6 8 10 14,16,2.666667,5.333333,4,16,3,0,0,solver
6,2,3,6,3,4,0 6,0 3 7,0 3 6 7 9 13,17,2.833333,5.666667,5,17,3,0,0,solver
6,2,3,6,3,4,0 6,0 3 6,0 3 6 6 9 12,18,3.000000,6.000000,6,18,3,0,0,solver
6,2,3,6,3,4,0 5,0 11 23,0 5 11 16 23 28,2,0.333333,0.666667,1,3,2,0,0,solver
6,2,3,6,3,4,0 5,0 11 22,0 5 11 16 22 27,3,0.500000,1.000000,1,3,2,0,0,solver
6,2,3,6,3,4,0 5,0 10 21,0 5 10 15 21 26,4,0.666667,1.333333,1,4,2,0,0,solver
6,2,3,6,3,4,0 5,0 10 20,0 5 10 15 20 25,5,0.833333,1.666667,1,5,2,0,0,solver
6,2,3,6,3,4,0 5,0 9 19,0 5 9 14 19 24,6,1.000000,2.000000,2,6,2,0,0,solver
6,2,3,6,3,4,0 5,0 9 18,0 5 9 14 18 23,7,1.166667,2.333333,2,7,2,0,0,solver
6,2,3,6,3,4,0 5,0 8 17,0 5 8 13 17 22,8,1.333333,2.666667,3,8,2,0,0,solver
6,2,3,6,3,4,0 5,0 8 16,0 5 8 13 16 21,9,1.500000,3.000000,3,9,2,0,0,solver
6,2,3,6,3,4,0 5,0 7 15,0 5 7 12 15 20,10,1.666667,3.333333,4,10,2,0,0,solver
6,2,3,6,3,4,0 5,0 7 14,0 5 7 12 14 19,11,1.833333,3.666667,4,11,2,0,0,solver
6,2,3,6,3,4,0 5,0 6 13,0 5 6 11 13 18,12,2.000000,4.000000,5,12,2,0,0,solver
6,2,3,6,3,4,0 5,0 6 12,0 5 6 11 12 17,13,2.166667,4.333333,5,13,2,0,0,solver
6,2,3,6,3,4,0 5,0 5 11,0 5 5 10 11 16,14,2.333333,4.666667,6,14,3,0,0,solver
6,2,3,6,3,4,0 5,0 5 10,0 5 5 10 10 15,15,2.500000,5.000000,6,15,4,0,0,solver
6,2,3,6,3,4,0 5,0 4 9,0 4 5 9 9 14,16,2.666667,5.333333,6,16,4,0,0,solver
6,2,3,6,3,4,0 5,0 4 8,0 4 5 8 9 13,17,2.833333,5.666667,5,17,4,0,0,solver
6,2,3,6,3,4,0 5,0 3 7,0 3 5 7 8 12,18,3.000000,6.000000,5,18,4,0,0,solver
6,2,3,6,3,4,0 5,0 3 6,0 3 5 6 8 11,19,3.166667,6.333333,5,19,4,0,0,solver
6,2,3,6,3,4,0 4,0 11 23,0 4 11 15 23 27,3,0.500000,1.000000,2,6,2,0,0,solver
6,2,3,6,3,4,0 4,0 11 22,0 4 11 15 22 26,4,0.666667,1.333333,2,6,2,0,0,solver
6,2,3,6,3,4,0 4,0 10 21,0 4 10 14 21 25,5,0.833333,1.666667,2,6,2,0,0,solver
6,2,3,6,3,4,0 4,0 10 20,0 4 10 14 20 24,6,1.000000,2.000000,2,6,2,0,0,solver
6,2,3,6,3,4,0 4,0 9 19,0 4 9 13 19 23,7,1.166667,2.333333,2,7,2,0,0,solver
6,2,3,6,3,4,0 4,0 9 18,0 4 9 13 18 22,8,1.333333,2.666667,2,8,2,0,0,solver
6,2,3,6,3,4,0 4,0 8 17,0 4 8 12 17 21,9,1.500000,3.000000,2,9,2,0,0,solver
6,2,3,6,3,4,0 4,0 8 16,0 4 8 12 16 20,10,1.666667,3.333333,2,10,2,0,0,solver
6,2,3,6,3,4,0 4,0 7 15,0 4 7 11 15 19,11,1.833333,3.666667,3,11,2,0,0,solver
6,2,3,6,3,4,0 4,0 7 14,0 4 7 11 14 18,12,2.000000,4.000000,3,12,2,0,0,solver
6,2,3,6,3,4,0 4,0 6 13,0 4 6 10 13 17,13,2.166667,4.333333,4,13,2,0,0,solver
6,2,3,6,3,4,0 4,0 6 12,0 4 6 10 12 16,14,2.333333,4.666667,4,14,2,0,0,solver
6,2,3,6,3,4,0 4,0 5 11,0 4 5 9 11 15,15,2.500000,5.000000,5,15,3,0,0,solver
6,2,3,6,3,4,0 4,0 5 10,0 4 5 9 10 14,16,2.666667,5.333333,5,16,3,0,0,solver
6,2,3,6,3,4,0 4,0 4 9,0 4 4 8 9 13,17,2.833333,5.666667,6,17,4,0,0,solver
6,2,3,6,3,4,0 4,0 4 8,0 4 4 8 8 12,18,3.000000,6.000000,6,18,4,0,0,solver
6,2,3,6,3,4,0 4,0 3 7,0 3 4 7 7 11,19,3.166667,6.333333,6,19,4,0,0,solver
6,2,3,6,3,4,0 4,0 3 6,0 3 4 6 7 10,20,3.333333,6.666667,5,20,4,0,0,solver
6,2,3,6,3,4,0 3,0 11 23,0 3 11 14 23 26,4,0.666667,1.333333,3,9,2,0,0,solver
6,2,3,6,3,4,0 3,0 11 22,0 3 11 14 22 25,5,0.833333,1.666667,3,9,2,0,0,solver
6,2,3,6,3,4,0 3,0 10 21,0 3 10 13 21 24,6,1.000000,2.000000,3,9,2,0,0,solver
6,2,3,6,3,4,0 3,0 10 20,0 3 10 13 20 23,7,1.166667,2.333333,3,9,2,0,0,solver
6,2,3,6,3,4,0 3,0 9 19,0 3 9 12 19 22,8,1.333333,2.666667,3,9,2,0,0,solver
6,2,3,6,3,4,0 3,0 9 18,0 3 9 12 18 21,9,1.500000,3.000000,3,9,2,0,0,solver
6,2,3,6,3,4,0 3,0 8 17,0 3 8 11 17 20,10,1.666667,3.333333,3,10,2,0,0,solver
6,2,3,6,3,4,0 3,0 8 16,0 3 8 11 16 19,11,1.833333,3.666667,3,11,2,0,0,solver
6,2,3,6,3,4,0 3,0 7 15,0 3 7 10 15 18,12,2.000000,4.000000,3,12,2,0,0,solver
6,2,3,6,3,4,0 3,0 7 14,0 3 7 10 14 17,13,2.166667,4.333333,3,13,2,0,0,solver
6,2,3,6,3,4,0 3,0 6 13,0 3 6 9 13 16,14,2.333333,4.666667,3,14,2,0,0,solver
6,2,3,6,3,4,0 3,0 6 12,0 3 6 9 12 15,15,2.500000,5.000000,3,15,2,0,0,solver
6,2,3,6,3,4,0 3,0 5 11,0 3 5 8 11 14,16,2.666667,5.333333,4,16,3,0,0,solver
6,2,3,6,3,4,0 3,0 5 10,0 3 5 8 10 13,17,2.833333,5.666667,4,17,3,0,0,solver
6,2,3,6,3,4,0 3,0 4 9,0 3 4 7 9 12,18,3.000000,6.000000,5,18,3,0,0,solver
6,2,3,6,3,4,0 3,0 4 8,0 3 4 7 8 11,19,3.166667,6.333333,5,19,4,0,0,solver
6,2,3,6,3,4,0 3,0 3 7,0 3 3 6 7 10,20,3.333333,6.666667,6,20,4,0,0,solver
6,2,3,6,3,4,0 3,0 3 6,0 3 3 6 6 9,21,3.500000,7.000000,6,21,4,0,0,solver
6,2,4,8,4,4,0 14,0 7 15 23,0 7 14 15 21 23 29 37,5,0.625000,1.250000,5,9,2,1,0,solver
6,2,4,8,4,4,0 14,0 7 14 22,0 7 14 14 21 22 28 36,6,0.750000,1.500000,6,11,2,0,0,solver
6,2,4,8,4,4,0 14,0 7 14 21,0 7 14 14 21 21 28 35,7,0.875000,1.750000,6,12,2,0,0,solver
6,2,4,8,4,4,0 14,0 6 13 20,0 6 13 14 20 20 27 34,8,1.000000,2.000000,6,11,2,0,0,solver
6,2,4,8,4,4,0 14,0 6 12 19,0 6 12 14 19 20 26 33,9,1.125000,2.250000,5,10,2,0,0,solver
6,2,4,8,4,4,0 14,0 6 12 18,0 6 12 14 18 20 26 32,10,1.250000,2.500000,4,10,2,0,0,solver
6,2,4,8,4,4,0 14,0 5 11 17,0 5 11 14 17 19 25 31,11,1.375000,2.750000,4,11,3,0,0,solver
6,2,4,8,4,4,0 14,0 5 10 16,0 5 10 14 16 19 24 30,12,1.500000,3.000000,4,12,3,0,0,solver
6,2,4,8,4,4,0 14,0 5 10 15,0 5 10 14 15 19 24 29,13,1.625000,3.250000,5,13,3,0,0,solver
6,2,4,8,4,4,0 14,0 4 9 14,0 4 9 14 14 18 23 28,14,1.750000,3.500000,6,14,3,0,0,solver
6,2,4,8,4,4,0 14,0 4 8 13,0 4 8 13 14 18 22 27,15,1.875000,3.750000,5,15,3,0,0,solver
6,2,4,8,4,4,0 14,0 4 8 12,0 4 8 12 14 18 22 26,16,2.000000,4.000000,4,16,2,0,0,solver
6,2,4,8,4,4,0 14,0 3 7 11,0 3 7 11 14 17 21 25,17,2.125000,4.250000,3,17,2,0,0,solver
6,2,4,8,4,4,0 14,0 3 6 10,0 3 6 10 14 17 20 24,18,2.250000,4.500000,3,18,2,0,0,solver
6,2,4,8,4,4,0 14,0 3 6 9,0 3 6 9 14 17 20 23,19,2.375000,4.750000,3,19,2,0,0,solver
6,2,4,8,4,4,0 13,0 7 15 23,0 7 13 15 20 23 28 36,6,0.750000,1.500000,4,9,2,0,0,solver
6,2,4,8,4,4,0 13,0 7 14 22,0 7 13 14 20 22 27 35,7,0.875000,1.750000,5,10,2,0,0,solver
6,2,4,8,4,4,0 13,0 7 14 21,0 7 13 14 20 21 27 34,8,1.000000,2.000000,5,10,2,0,0,solver
6,2,4,8,4,4,0 13,0 6 13 20,0 6 13 13 19 20 26 33,9,1.125000,2.250000,6,11,2,0,0,solver
6,2,4,8,4,4,0 13,0 6 12 19,0 6 12 13 19 19 25 32,10,1.250000,2.500000,6,11,2,0,0,solver
6,2,4,8,4,4,0 13,0 6 12 18,0 6 12 13 18 19 25 31,11,1.375000,2.750000,5,11,2,0,0,solver
6,2,4,8,4,4,0 13,0 5 11 17,0 5 11 13 17 18 24 30,12,1.500000,3.000000,5,12,3,0,0,solver
6,2,4,8,4,4,0 13,0 5 10 16,0 5 10 13 16 18 23 29,13,1.625000,3.250000,4,13,3,0,0,solver
6,2,4,8,4,4,0 13,0 5 10 15,0 5 10 13 15 18 23 28,14,1.750000,3.500000,4,14,3,0,0,solver
6,2,4,8,4,4,0 13,0 4 9 14,0 4 9 13 14 17 22 27,15,1.875000,3.750000,5,15,3,0,0,solver
6,2,4,8,4,4,0 13,0 4 8 13,0 4 8 13 13 17 21 26,16,2.000000,4.000000,6,16,3,0,0,solver
6,2,4,8,4,4,0 13,0 4 8 12,0 4 8 12 13 17 21 25,17,2.125000,4.250000,5,17,3,0,0,solver
6,2,4,8,4,4,0 13,0 3 7 11,0 3 7 11 13 16 20 24,18,2.250000,4.500000,4,18,3,0,0,solver
6,2,4,8,4,4,0 13,0 3 6 10,0 3 6 10 13 16 19 23,19,2.375000,4.750000,3,19,2,0,0,solver
6,2,4,8,4,4,0 13,0 3 6 9,0 3 6 9 13 16 19 22,20,2.500000,5.000000,3,20,2,0,0,solver
6,2,4,8,4,4,0 12,0 7 15 23,0 7 12 15 19 23 27 35,7,0.875000,1.750000,3,10,2,0,0,solver
6,2,4,8,4,4,0 12,0 7 14 22,0 7 12 14 19 22 26 34,8,1.000000,2.000000,4,11,2,0,0,solver
6,2,4,8,4,4,0 12,0 7 14 21,0 7 12 14 19 21 26 33,9,1.125000,2.250000,4,11,2,0,0,solver
6,2,4,8,4,4,0 12,0 6 13 20,0 6 12 13 18 20 25 32,10,1.250000,2.500000,5,11,2,0,0,solver
6,2,4,8,4,4,0 12,0 6 12 19,0 6 12 12 18 19 24 31,11,1.375000,2.750000,6,12,2,0,0,solver
6,2,4,8,4,4,0 12,0 6 12 18,0 6 12 12 18 18 24 30,12,1.500000,3.000000,6,12,2,0,0,solver
6,2,4,8,4,4,0 12,0 5 11 17,0 5 11 12 17 17 23 29,13,1.625000,3.250000,6,13,3,0,0,solver
6,2,4,8,4,4,0 12,0 5 10 16,0 5 10 12 16 17 22 28,14,1.750000,3.500000,5,14,3,0,0,solver
6,2,4,8,4,4,0 12,0 5 10 15,0 5 10 12 15 17 22 27,15,1.875000,3.750000,4,15,3,0,0,solver
6,2,4,8,4,4,0 12,0 4 9 14,0 4 9 12 14 16 21 26,16,2.000000,4.000000,4,16,3,0,0,solver
6,2,4,8,4,4,0 12,0 4 8 13,0 4 8 12 13 16 20 25,17,2.125000,4.250000,5,17,3,0,0,solver
6,2,4,8,4,4,0 12,0 4 8 12,0 4 8 12 12 16 20 24,18,2.250000,4.500000,6,18,3,0,0,solver
6,2,4,8,4,4,0 12,0 3 7 11,0 3 7 11 12 15 19 23,19,2.375000,4.750000,5,19,3,0,0,solver
6,2,4,8,4,4,0 12,0 3 6 10,0 3 6 10 12 15 18 22,20,2.500000,5.000000,4,20,3,0,0,solver
6,2,4,8,4,4,0 12,0 3 6 9,0 3 6 9 12 15 18 21,21,2.625000,5.250000,3,21,2,0,0,solver
6,2,4,8,4,4,0 11,0 7 15 23,0 7 11 15 18 23 26 34,8,1.000000,2.000000,3,11,2,0,0,solver
6,2,4,8,4,4,0 11,0 7 14 22,0 7 11 14 18 22 25 33,9,1.125000,2.250000,3,12,2,0,0,solver
6,2,4,8,4,4,0 11,0 7 14 21,0 7 11 14 18 21 25 32,10,1.250000,2.500000,3,12,2,0,0,solver
6,2,4,8,4,4,0 11,0 6 13 20,0 6 11 13 17 20 24 31,11,1.375000,2.750000,4,12,2,0,0,solver
6,2,4,8,4,4,0 11,0 6 12 19,0 6 11 12 17 19 23 30,12,1.500000,3.000000,5,13,2,0,0,solver
6,2,4,8,4,4,0 11,0 6 12 18,0 6 11 12 17 18 23 29,13,1.625000,3.250000,5,13,2,0,0,solver
6,2,4,8,4,4,0 11,0 5 11 17,0 5 11 11 16 17 22 28,14,1.750000,3.500000,6,14,3,0,0,solver
6,2,4,8,4,4,0 11,0 5 10 16,0 5 10 11 16 16 21 27,15,1.875000,3.750000,6,15,3,0,0,solver
6,2,4,8,4,4,0 11,0 5 10 15,0 5 10 11 15 16 21 26,16,2.000000,4.000000,5,16,3,0,0,solver
6,2,4,8,4,4,0 11,0 4 9 14,0 4 9 11 14 15 20 25,17,2.125000,4.250000,5,17,3,0,0,solver
6,2,4,8,4,4,0 11,0 4 8 13,0 4 8 11 13 15 19 24,18,2.250000,4.500000,4,18,3,0,0,solver
6,2,4,8,4,4,0 11,0 4 8 12,0 4 8 11 12 15 19 23,19,2.375000,4.750000,5,19,3,0,0,solver
6,2,4,8,4,4,0 11,0 3 7 11,0 3 7 11 11 14 18 22,20,2.500000,5.000000,6,20,3,0,0,solver
6,2,4,8,4,4,0 11,0 3 6 10,0 3 6 10 11 14 17 21,21,2.625000,5.250000,5,21,3,0,0,solver
6,2,4,8,4,4,0 11,0 3 6 9,0 3 6 9 11 14 17 20,22,2.750000,5.500000,4,22,3,0,0,solver
6,2,4,8,4,4,0 10,0 7 15 23,0 7 10 15 17 23 25 33,9,1.125000,2.250000,4,12,2,0,0,solver
6,2,4,8,4,4,0 10,0 7 14 22,0 7 10 14 17 22 24 32,10,1.250000,2.500000,4,13,2,0,0,solver
6,2,4,8,4,4,0 10,0 7 14 21,0 7 10 14 17 21 24 31,11,1.375000,2.750000,3,13,2,0,0,solver
6,2,4,8,4,4,0 10,0 6 13 20,0 6 10 13 16 20 23 30,12,1.500000,3.000000,3,13,2,0,0,solver
6,2,4,8,4,4,0 10,0 6 12 19,0 6 10 12 16 19 22 29,13,1.625000,3.250000,4,14,2,0,0,solver
6,2,4,8,4,4,0 10,0 6 12 18,0 6 10 12 16 18 22 28,14,1.750000,3.500000,4,14,2,0,0,solver
6,2,4,8,4,4,0 10,0 5 11 17,0 5 10 11 15 17 21 27,15,1.875000,3.750000,5,15,3,0,0,solver
6,2,4,8,4,4,0 10,0 5 10 16,0 5 10 10 15 16 20 26,16,2.000000,4.000000,6,16,3,0,0,solver
6,2,4,8,4,4,0 10,0 5 10 15,0 5 10 10 15 15 20 25,17,2.125000,4.250000,6,17,4,0,0,solver
6,2,4,8,4,4,0 10,0 4 9 14,0 4 9 10 14 14 19 24,18,2.250000,4.500000,6,18,4,0,0,solver
6,2,4,8,4,4,0 10,0 4 8 13,0 4 8 10 13 14 18 23,19,2.375000,4.750000,5,19,3,0,0,solver
6,2,4,8,4,4,0 10,0 4 8 12,0 4 8 10 12 14 18 22,20,2.500000,5.000000,4,20,3,0,0,solver
6,2,4,8,4,4,0 10,0 3 7 11,0 3 7 10 11 13 17 21,21,2.625000,5.250000,5,21,3,0,0,solver
6,2,4,8,4,4,0 10,0 3 6 10,0 3 6 10 10 13 16 20,22,2.750000,5.500000,6,22,3,0,0,solver
6,2,4,8,4,4,0 10,0 3 6 9,0 3 6 9 10 13 16 19,23,2.875000,5.750000,5,23,3,0,0,solver
6,2,4,8,4,4,0 9,0 7 15 23,0 7 9 15 16 23 24 32,10,1.250000,2.500000,5,14,2,0,0,solver
6,2,4,8,4,4,0 9,0 7 14 22,0 7 9 14 16 22 23 31,11,1.375000,2.750000,5,14,2,0,0,solver
6,2,4,8,4,4,0 9,0 7 14 21,0 7 9 14 16 21 23 30,12,1.500000,3.000000,4,14,2,0,0,solver
6,2,4,8,4,4,0 9,0 6 13 20,0 6 9 13 15 20 22 29,13,1.625000,3.250000,4,14,2,0,0,solver
6,2,4,8,4,4,0 9,0 6 12 19,0 6 9 12 15 19 21 28,14,1.750000,3.500000,4,15,2,0,0,solver
6,2,4,8,4,4,0 9,0 6 12 18,0 6 9 12 15 18 21 27,15,1.875000,3.750000,3,15,2,0,0,solver
6,2,4,8,4,4,0 9,0 5 11 17,0 5 9 11 14 17 20 26,16,2.000000,4.000000,4,16,3,0,0,solver
6,2,4,8,4,4,0 9,0 5 10 16,0 5 9 10 14 16 19 25,17,2.125000,4.250000,5,17,3,0,0,solver
6,2,4,8,4,4,0 9,0 5 10 15,0 5 9 10 14 15 19 24,18,2.250000,4.500000,5,18,3,0,0,solver
6,2,4,8,4,4,0 9,0 4 9 14,0 4 9 9 13 14 18 23,19,2.375000,4.750000,6,19,4,0,0,solver
6,2,4,8,4,4,0 9,0 4 8 13,0 4 8 9 13 13 17 22,20,2.500000,5.000000,6,20,4,0,0,solver
6,2,4,8,4,4,0 9,0 4 8 12,0 4 8 9 12 13 17 21,21,2.625000,5.250000,5,21,4,0,0,solver
6,2,4,8,4,4,0 9,0 3 7 11,0 3 7 9 11 12 16 20,22,2.750000,5.500000,5,22,4,0,0,solver
6,2,4,8,4,4,0 9,0 3 6 10,0 3 6 9 10 12 15 19,23,2.875000,5.750000,5,23,3,0,0,solver
6,2,4,8,4,4,0 9,0 3 6 9,0 3 6 9 9 12 15 18,24,3.000000,6.000000,6,24,3,0,0,solver
6,2,4,8,4,4,0 8,0 7 15 23,0 7 8 15 15 23 23 31,11,1.375000,2.750000,6,17,2,0,0,solver
6,2,4,8,4,4,0 8,0 7 14 22,0 7 8 14 15 22 22 30,12,1.500000,3.000000,6,16,2,0,0,solver
6,2,4,8,4,4,0 8,0 7 14 21,0 7 8 14 15 21 22 29,13,1.625000,3.250000,5,15,2,0,0,solver
6,2,4,8,4,4,0 8,0 6 13 20,0 6 8 13 14 20 21 28,14,1.750000,3.500000,5,15,2,0,0,solver
6,2,4,8,4,4,0 8,0 6 12 19,0 6 8 12 14 19 20 27,15,1.875000,3.750000,5,16,2,0,0,solver
6,2,4,8,4,4,0 8,0 6 12 18,0 6 8 12 14 18 20 26,16,2.000000,4.000000,4,16,2,0,0,solver
6,2,4,8,4,4,0 8,0 5 11 17,0 5 8 11 13 17 19 25,17,2.125000,4.250000,4,17,3,0,0,solver
6,2,4,8,4,4,0 8,0 5 10 16,0 5 8 10 13 16 18 24,18,2.250000,4.500000,4,18,3,0,0,solver
6,2,4,8,4,4,0 8,0 5 10 15,0 5 8 10 13 15 18 23,19,2.375000,4.750000,4,19,3,0,0,solver
6,2,4,8,4,4,0 8,0 4 9 14,0 4 8 9 12 14 17 22,20,2.500000,5.000000,5,20,3,0,0,solver
6,2,4,8,4,4,0 8,0 4 8 13,0 4 8 8 12 13 16 21,21,2.625000,5.250000,6,21,4,0,0,solver
6,2,4,8,4,4,0 8,0 4 8 12,0 4 8 8 12 12 16 20,22,2.750000,5.500000,6,22,4,0,0,solver
6,2,4,8,4,4,0 8,0 3 7 11,0 3 7 8 11 11 15 19,23,2.875000,5.750000,6,23,4,0,0,solver
6,2,4,8,4,4,0 8,0 3 6 10,0 3 6 8 10 11 14 18,24,3.000000,6.000000,5,24,4,0,0,solver
6,2,4,8,4,4,0 8,0 3 6 9,0 3 6 8 9 11 14 17,25,3.125000,6.250000,5,25,4,0,0,solver
6,2,4,8,4,4,0 7,0 7 15 23,0 7 7 14 15 22 23 30,12,1.500000,3.000000,6,16,2,0,0,solver
6,2,4,8,4,4,0 7,0 7 14 22,0 7 7 14 14 21 22 29,13,1.625000,3.250000,6,17,2,0,0,solver
6,2,4,8,4,4,0 7,0 7 14 21,0 7 7 14 14 21 21 28,14,1.750000,3.500000,6,18,2,0,0,solver
6,2,4,8,4,4,0 7,0 6 13 20,0 6 7 13 13 20 20 27,15,1.875000,3.750000,6,17,2,0,0,solver
6,2,4,8,4,4,0 7,0 6 12 19,0 6 7 12 13 19 19 26,16,2.000000,4.000000,6,17,2,0,0,solver
6,2,4,8,4,4,0 7,0 6 12 18,0 6 7 12 13 18 19 25,17,2.125000,4.250000,5,17,2,0,0,solver
6,2,4,8,4,4,0 7,0 5 11 17,0 5 7 11 12 17 18 24,18,2.250000,4.500000,5,18,3,0,0,solver
6,2,4,8,4,4,0 7,0 5 10 16,0 5 7 10 12 16 17 23,19,2.375000,4.750000,5,19,3,0,0,solver
6,2,4,8,4,4,0 7,0 5 10 15,0 5 7 10 12 15 17 22,20,2.500000,5.000000,4,20,3,0,0,solver
6,2,4,8,4,4,0 7,0 4 9 14,0 4 7 9 11 14 16 21,21,2.625000,5.250000,4,21,3,0,0,solver
6,2,4,8,4,4,0 7,0 4 8 13,0 4 7 8 11 13 15 20,22,2.750000,5.500000,5,22,3,0,0,solver
6,2,4,8,4,4,0 7,0 4 8 12,0 4 7 8 11 12 15 19,23,2.875000,5.750000,5,23,4,0,0,solver
6,2,4,8,4,4,0 7,0 3 7 11,0 3 7 7 10 11 14 18,24,3.000000,6.000000,6,24,4,0,0,solver
6,2,4,8,4,4,0 7,0 3 6 10,0 3 6 7 10 10 13 17,25,3.125000,6.250000,6,25,4,0,0,solver
6,2,4,8,4,4,0 7,0 3 6 9,0 3 6 7 9 10 13 16,26,3.250000,6.500000,5,26,4,0,0,solver
6,2,4,8,4,4,0 6,0 7 15 23,0 6 7 13 15 21 23 29,13,1.625000,3.250000,5,13,2,0,0,solver
6,2,4,8,4,4,0 6,0 7 14 22,0 6 7 13 14 20 22 28,14,1.750000,3.500000,5,14,2,0,0,solver
6,2,4,8,4,4,0 6,0 7 14 21,0 6 7 13 14 20 21 27,15,1.875000,3.750000,5,15,2,0,0,solver
6,2,4,8,4,4,0 6,0 6 13 20,0 6 6 12 13 19 20 26,16,2.000000,4.000000,6,16,2,0,0,solver
6,2,4,8,4,4,0 6,0 6 12 19,0 6 6 12 12 18 19 25,17,2.125000,4.250000,6,17,2,0,0,solver
6,2,4,8,4,4,0 6,0 6 12 18,0 6 6 12 12 18 18 24,18,2.250000,4.500000,6,18,2,0,0,solver
6,2,4,8,4,4,0 6,0 5 11 17,0 5 6 11 11 17 17 23,19,2.375000,4.750000,6,19,3,0,0,solver
6,2,4,8,4,4,0 6,0 5 10 16,0 5 6 10 11 16 16 22,20,2.500000,5.000000,6,20,3,0,0,solver
6,2,4,8,4,4,0 6,0 5 10 15,0 5 6 10 11 15 16 21,21,2.625000,5.250000,5,21,3,0,0,solver
6,2,4,8,4,4,0 6,0 4 9 14,0 4 6 9 10 14 15 20,22,2.750000,5.500000,5,22,3,0,0,solver
6,2,4,8,4,4,0 6,0 4 8 13,0 4 6 8 10 13 14 19,23,2.875000,5.750000,5,23,3,0,0,solver
6,2,4,8,4,4,0 6,0 4 8 12,0 4 6 8 10 12 14 18,24,3.000000,6.000000,4,24,3,0,0,solver
6,2,4,8,4,4,0 6,0 3 7 11,0 3 6 7 9 11 13 17,25,3.125000,6.250000,5,25,4,0,0,solver
6,2,4,8,4,4,0 6,0 3 6 10,0 3 6 6 9 10 12 16,26,3.250000,6.500000,6,26,4,0,0,solver
6,2,4,8,4,4,0 6,0 3 6 9,0 3 6 6 9 9 12 15,27,3.375000,6.750000,6,27,4,0,0,solver
6,2,4,8,4,4,0 5,0 7 15 23,0 5 7 12 15 20 23 28,14,1.750000,3.500000,4,14,2,0,0,solver
6,2,4,8,4,4,0 5,0 7 14 22,0 5 7 12 14 19 22 27,15,1.875000,3.750000,4,15,2,0,0,solver
6,2,4,8,4,4,0 5,0 7 14 21,0 5 7 12 14 19 21 26,16,2.000000,4.000000,4,16,2,0,0,solver
6,2,4,8,4,4,0 5,0 6 13 20,0 5 6 11 13 18 20 25,17,2.125000,4.250000,5,17,2,0,0,solver
6,2,4,8,4,4,0 5,0 6 12 19,0 5 6 11 12 17 19 24,18,2.250000,4.500000,5,18,2,0,0,solver
6,2,4,8,4,4,0 5,0 6 12 18,0 5 6 11 12 17 18 23,19,2.375000,4.750000,5,19,2,0,0,solver
6,2,4,8,4,4,0 5,0 5 11 17,0 5 5 10 11 16 17 22,20,2.500000,5.000000,6,20,3,0,0,solver
6,2,4,8,4,4,0 5,0 5 10 16,0 5 5 10 10 15 16 21,21,2.625000,5.250000,6,21,4,0,0,solver
6,2,4,8,4,4,0 5,0 5 10 15,0 5 5 10 10 15 15 20,22,2.750000,5.500000,6,22,4,0,0,solver
6,2,4,8,4,4,0 5,0 4 9 14,0 4 5 9 9 14 14 19,23,2.875000,5.750000,6,23,4,0,0,solver
6,2,4,8,4,4,0 5,0 4 8 13,0 4 5 8 9 13 13 18,24,3.000000,6.000000,6,24,4,0,0,solver
6,2,4,8,4,4,0 5,0 4 8 12,0 4 5 8 9 12 13 17,25,3.125000,6.250000,5,25,4,0,0,solver
6,2,4,8,4,4,0 5,0 3 7 11,0 3 5 7 8 11 12 16,26,3.250000,6.500000,5,26,4,0,0,solver
6,2,4,8,4,4,0 5,0 3 6 10,0 3 5 6 8 10 11 15,27,3.375000,6.750000,5,27,4,0,0,solver
6,2,4,8,4,4,0 5,0 3 6 9,0 3 5 6 8 9 11 14,28,3.500000,7.000000,5,28,4,0,0,solver
6,2,4,8,4,4,0 4,0 7 15 23,0 4 7 11 15 19 23 27,15,1.875000,3.750000,3,15,2,0,0,solver
6,2,4,8,4,4,0 4,0 7 14 22,0 4 7 11 14 18 22 26,16,2.000000,4.000000,3,16,2,0,0,solver
6,2,4,8,4,4,0 4,0 7 14 21,0 4 7 11 14 18 21 25,17,2.125000,4.250000,3,17,2,0,0,solver
6,2,4,8,4,4,0 4,0 6 13 20,0 4 6 10 13 17 20 24,18,2.250000,4.500000,4,18,2,0,0,solver
6,2,4,8,4,4,0 4,0 6 12 19,0 4 6 10 12 16 19 23,19,2.375000,4.750000,4,19,2,0,0,solver
6,2,4,8,4,4,0 4,0 6 12 18,0 4 6 10 12 16 18 22,20,2.500000,5.000000,4,20,2,0,0,solver
6,2,4,8,4,4,0 4,0 5 11 17,0 4 5 9 11 15 17 21,21,2.625000,5.250000,5,21,3,0,0,solver
6,2,4,8,4,4,0 4,0 5 10 16,0 4 5 9 10 14 16 20,22,2.750000,5.500000,5,22,3,0,0,solver
6,2,4,8,4,4,0 4,0 5 10 15,0 4 5 9 10 14 15 19,23,2.875000,5.750000,5,23,3,0,0,solver
6,2,4,8,4,4,0 4,0 4 9 14,0 4 4 8 9 13 14 18,24,3.000000,6.000000,6,24,4,0,0,solver
6,2,4,8,4,4,0 4,0 4 8 13,0 4 4 8 8 12 13 17,25,3.125000,6.250000,6,25,4,0,0,solver
6,2,4,8,4,4,0 4,0 4 8 12,0 4 4 8 8 12 12 16,26,3.250000,6.500000,6,26,4,0,0,solver
6,2,4,8,4,4,0 4,0 3 7 11,0 3 4 7 7 11 11 15,27,3.375000,6.750000,6,27,4,0,0,solver
6,2,4,8,4,4,0 4,0 3 6 10,0 3 4 6 7 10 10 14,28,3.500000,7.000000,6,28,4,0,0,solver
6,2,4,8,4,4,0 4,0 3 6 9,0 3 4 6 7 9 10 13,29,3.625000,7.250000,5,29,4,0,0,solver
6,2,4,8,4,4,0 3,0 7 15 23,0 3 7 10 15 18 23 26,16,2.000000,4.000000,3,16,2,0,0,solver
6,2,4,8,4,4,0 3,0 7 14 22,0 3 7 10 14 17 22 25,17,2.125000,4.250000,3,17,2,0,0,solver
6,2,4,8,4,4,0 3,0 7 14 21,0 3 7 10 14 17 21 24,18,2.250000,4.500000,3,18,2,0,0,solver
6,2,4,8,4,4,0 3,0 6 13 20,0 3 6 9 13 16 20 23,19,2.375000,4.750000,3,19,2,0,0,solver
6,2,4,8,4,4,0 3,0 6 12 19,0 3 6 9 12 15 19 22,20,2.500000,5.000000,3,20,2,0,0,solver
6,2,4,8,4,4,0 3,0 6 12 18,0 3 6 9 12 15 18 21,21,2.625000,5.250000,3,21,2,0,0,solver
6,2,4,8,4,4,0 3,0 5 11 17,0 3 5 8 11 14 17 20,22,2.750000,5.500000,4,22,3,0,0,solver
6,2,4,8,4,4,0 3,0 5 10 16,0 3 5 8 10 13 16 19,23,2.875000,5.750000,4,23,3,0,0,solver
6,2,4,8,4,4,0 3,0 5 10 15,0 3 5 8 10 13 15 18,24,3.000000,6.000000,4,24,3,0,0,solver
6,2,4,8,4,4,0 3,0 4 9 14,0 3 4 7 9 12 14 17,25,3.125000,6.250000,5,25,3,0,0,solver
6,2,4,8,4,4,0 3,0 4 8 13,0 3 4 7 8 11 13 16,26,3.250000,6.500000,5,26,4,0,0,solver
6,2,4,8,4,4,0 3,0 4 8 12,0 3 4 7 8 11 12 15,27,3.375000,6.750000,5,27,4,0,0,solver
6,2,4,8,4,4,0 3,0 3 7 11,0 3 3 6 7 10 11 14,28,3.500000,7.000000,6,28,4,0,0,solver
6,2,4,8,4,4,0 3,0 3 6 10,0 3 3 6 6 9 10 13,29,3.625000,7.250000,6,29,4,0,0,solver
6,2,4,8,4,4,0 3,0 3 6 9,0 3 3 6 6 9 9 12,30,3.750000,7.500000,6,30,4,0,0,solver
6,2,5,10,5,4,0 14,0 5 11 17 23,0 5 11 14 17 19 23 25 31 37,17,1.700000,3.400000,4,17,3,1,0,solver
6,2,5,10,5,4,0 14,0 5 10 16 22,0 5 10 14 16 19 22 24 30 36,18,1.800000,3.600000,4,18,3,0,0,solver
6,2,5,10,5,4,0 14,0 5 10 15 21,0 5 10 14 15 19 21 24 29 35,19,1.900000,3.800000,5,19,3,0,0,solver
6,2,5,10,5,4,0 14,0 5 10 15 20,0 5 10 14 15 19 20 24 29 34,20,2.000000,4.000000,5,20,3,0,0,solver
6,2,5,10,5,4,0 14,0 4 9 14 19,0 4 9 14 14 18 19 23 28 33,21,2.100000,4.200000,6,21,4,0,0,solver
6,2,5,10,5,4,0 14,0 4 8 13 18,0 4 8 13 14 18 18 22 27 32,22,2.200000,4.400000,6,22,4,0,0,solver
6,2,5,10,5,4,0 14,0 4 8 12 17,0 4 8 12 14 17 18 22 26 31,23,2.300000,4.600000,5,23,3,0,0,solver
6,2,5,10,5,4,0 14,0 4 8 12 16,0 4 8 12 14 16 18 22 26 30,24,2.400000,4.800000,4,24,3,0,0,solver
6,2,5,10,5,4,0 14,0 3 7 11 15,0 3 7 11 14 15 17 21 25 29,25,2.500000,5.000000,5,25,3,0,0,solver
6,2,5,10,5,4,0 14,0 3 6 10 14,0 3 6 10 14 14 17 20 24 28,26,2.600000,5.200000,6,26,3,0,0,solver
6,2,5,10,5,4,0 14,0 3 6 9 13,0 3 6 9 13 14 17 20 23 27,27,2.700000,5.400000,5,27,3,0,0,solver
6,2,5,10,5,4,0 14,0 3 6 9 12,0 3 6 9 12 14 17 20 23 26,28,2.800000,5.600000,4,28,3,0,0,solver
6,2,5,10,5,4,0 13,0 5 11 17 23,0 5 11 13 17 18 23 24 30 36,18,1.800000,3.600000,5,18,3,0,0,solver
6,2,5,10,5,4,0 13,0 5 10 16 22,0 5 10 13 16 18 22 23 29 35,19,1.900000,3.800000,5,19,3,0,0,solver
6,2,5,10,5,4,0 13,0 5 10 15 21,0 5 10 13 15 18 21 23 28 34,20,2.000000,4.000000,4,20,3,0,0,solver
6,2,5,10,5,4,0 13,0 5 10 15 20,0 5 10 13 15 18 20 23 28 33,21,2.100000,4.200000,4,21,3,0,0,solver
6,2,5,10,5,4,0 13,0 4 9 14 19,0 4 9 13 14 17 19 22 27 32,22,2.200000,4.400000,5,22,3,0,0,solver
6,2,5,10,5,4,0 13,0 4 8 13 18,0 4 8 13 13 17 18 21 26 31,23,2.300000,4.600000,6,23,4,0,0,solver
6,2,5,10,5,4,0 13,0 4 8 12 17,0 4 8 12 13 17 17 21 25 30,24,2.400000,4.800000,6,24,4,0,0,solver
6,2,5,10,5,4,0 13,0 4 8 12 16,0 4 8 12 13 16 17 21 25 29,25,2.500000,5.000000,5,25,4,0,0,solver
6,2,5,10,5,4,0 13,0 3 7 11 15,0 3 7 11 13 15 16 20 24 28,26,2.600000,5.200000,5,26,4,0,0,solver
6,2,5,10,5,4,0 13,0 3 6 10 14,0 3 6 10 13 14 16 19 23 27,27,2.700000,5.400000,5,27,3,0,0,solver
6,2,5,10,5,4,0 13,0 3 6 9 13,0 3 6 9 13 13 16 19 22 26,28,2.800000,5.600000,6,28,3,0,0,solver
6,2,5,10,5,4,0 13,0 3 6 9 12,0 3 6 9 12 13 16 19 22 25,29,2.900000,5.800000,5,29,3,0,0,solver
6,2,5,10,5,4,0 12,0 5 11 17 23,0 5 11 12 17 17 23 23 29 35,19,1.900000,3.800000,6,19,3,0,0,solver
6,2,5,10,5,4,0 12,0 5 10 16 22,0 5 10 12 16 17 22 22 28 34,20,2.000000,4.000000,6,20,3,0,0,solver
6,2,5,10,5,4,0 12,0 5 10 15 21,0 5 10 12 15 17 21 22 27 33,21,2.100000,4.200000,5,21,3,0,0,solver
6,2,5,10,5,4,0 12,0 5 10 15 20,0 5 10 12 15 17 20 22 27 32,22,2.200000,4.400000,4,22,3,0,0,solver
6,2,5,10,5,4,0 12,0 4 9 14 19,0 4 9 12 14 16 19 21 26 31,23,2.300000,4.600000,4,23,3,0,0,solver
6,2,5,10,5,4,0 12,0 4 8 13 18,0 4 8 12 13 16 18 20 25 30,24,2.400000,4.800000,5,24,3,0,0,solver
6,2,5,10,5,4,0 12,0 4 8 12 17,0 4 8 12 12 16 17 20 24 29,25,2.500000,5.000000,6,25,4,0,0,solver
6,2,5,10,5,4,0 12,0 4 8 12 16,0 4 8 12 12 16 16 20 24 28,26,2.600000,5.200000,6,26,4,0,0,solver
6,2,5,10,5,4,0 12,0 3 7 11 15,0 3 7 11 12 15 15 19 23 27,27,2.700000,5.400000,6,27,4,0,0,solver
6,2,5,10,5,4,0 12,0 3 6 10 14,0 3 6 10 12 14 15 18 22 26,28,2.800000,5.600000,5,28,4,0,0,solver
6,2,5,10,5,4,0 12,0 3 6 9 13,0 3 6 9 12 13 15 18 21 25,29,2.900000,5.800000,5,29,3,0,0,solver
6,2,5,10,5,4,0 12,0 3 6 9 12,0 3 6 9 12 12 15 18 21 24,30,3.000000,6.000000,6,30,3,0,0,solver
6,2,5,10,5,4,0 11,0 5 11 17 23,0 5 11 11 16 17 22 23 28 34,20,2.000000,4.000000,6,20,3,0,0,solver
6,2,5,10,5,4,0 11,0 5 10 16 22,0 5 10 11 16 16 21 22 27 33,21,2.100000,4.200000,6,21,3,0,0,solver
6,2,5,10,5,4,0 11,0 5 10 15 21,0 5 10 11 15 16 21 21 26 32,22,2.200000,4.400000,6,22,3,0,0,solver
6,2,5,10,5,4,0 11,0 5 10 15 20,0 5 10 11 15 16 20 21 26 31,23,2.300000,4.600000,5,23,3,0,0,solver
6,2,5,10,5,4,0 11,0 4 9 14 19,0 4 9 11 14 15 19 20 25 30,24,2.400000,4.800000,5,24,3,0,0,solver
6,2,5,10,5,4,0 11,0 4 8 13 18,0 4 8 11 13 15 18 19 24 29,25,2.500000,5.000000,5,25,3,0,0,solver
6,2,5,10,5,4,0 11,0 4 8 12 17,0 4 8 11 12 15 17 19 23 28,26,2.600000,5.200000,5,26,3,0,0,solver
6,2,5,10,5,4,0 11,0 4 8 12 16,0 4 8 11 12 15 16 19 23 27,27,2.700000,5.400000,5,27,4,0,0,solver
6,2,5,10,5,4,0 11,0 3 7 11 15,0 3 7 11 11 14 15 18 22 26,28,2.800000,5.600000,6,28,4,0,0,solver
6,2,5,10,5,4,0 11,0 3 6 10 14,0 3 6 10 11 14 14 17 21 25,29,2.900000,5.800000,6,29,4,0,0,solver
6,2,5,10,5,4,0 11,0 3 6 9 13,0 3 6 9 11 13 14 17 20 24,30,3.000000,6.000000,5,30,4,0,0,solver
6,2,5,10,5,4,0 11,0 3 6 9 12,0 3 6 9 11 12 14 17 20 23,31,3.100000,6.200000,5,31,4,0,0,solver
6,2,5,10,5,4,0 10,0 5 11 17 23,0 5 10 11 15 17 21 23 27 33,21,2.100000,4.200000,5,21,3,0,0,solver
6,2,5,10,5,4,0 10,0 5 10 16 22,0 5 10 10 15 16 20 22 26 32,22,2.200000,4.400000,6,22,3,0,0,solver
6,2,5,10,5,4,0 10,0 5 10 15 21,0 5 10 10 15 15 20 21 25 31,23,2.300000,4.600000,6,23,4,0,0,solver
6,2,5,10,5,4,0 10,0 5 10 15 20,0 5 10 10 15 15 20 20 25 30,24,2.400000,4.800000,6,24,4,0,0,solver
6,2,5,10,5,4,0 10,0 4 9 14 19,0 4 9 10 14 14 19 19 24 29,25,2.500000,5.000000,6,25,4,0,0,solver
6,2,5,10,5,4,0 10,0 4 8 13 18,0 4 8 10 13 14 18 18 23 28,26,2.600000,5.200000,6,26,4,0,0,solver
6,2,5,10,5,4,0 10,0 4 8 12 17,0 4 8 10 12 14 17 18 22 27,27,2.700000,5.400000,5,27,3,0,0,solver
6,2,5,10,5,4,0 10,0 4 8 12 16,0 4 8 10 12 14 16 18 22 26,28,2.800000,5.600000,4,28,3,0,0,solver
6,2,5,10,5,4,0 10,0 3 7 11 15,0 3 7 10 11 13 15 17 21 25,29,2.900000,5.800000,5,29,4,0,0,solver
6,2,5,10,5,4,0 10,0 3 6 10 14,0 3 6 10 10 13 14 16 20 24,30,3.000000,6.000000,6,30,4,0,0,solver
6,2,5,10,5,4,0 10,0 3 6 9 13,0 3 6 9 10 13 13 16 19 23,31,3.100000,6.200000,6,31,4,0,0,solver
6,2,5,10,5,4,0 10,0 3 6 9 12,0 3 6 9 10 12 13 16 19 22,32,3.200000,6.400000,5,32,4,0,0,solver
6,2,5,10,5,4,0 9,0 5 11 17 23,0 5 9 11 14 17 20 23 26 32,22,2.200000,4.400000,4,22,3,0,0,solver
6,2,5,10,5,4,0 9,0 5 10 16 22,0 5 9 10 14 16 19 22 25 31,23,2.300000,4.600000,5,23,3,0,0,solver
6,2,5,10,5,4,0 9,0 5 10 15 21,0 5 9 10 14 15 19 21 24 30,24,2.400000,4.800000,5,24,3,0,0,solver
6,2,5,10,5,4,0 9,0 5 10 15 20,0 5 9 10 14 15 19 20 24 29,25,2.500000,5.000000,5,25,3,0,0,solver
6,2,5,10,5,4,0 9,0 4 9 14 19,0 4 9 9 13 14 18 19 23 28,26,2.600000,5.200000,6,26,4,0,0,solver
6,2,5,10,5,4,0 9,0 4 8 13 18,0 4 8 9 13 13 17 18 22 27,27,2.700000,5.400000,6,27,4,0,0,solver
6,2,5,10,5,4,0 9,0 4 8 12 17,0 4 8 9 12 13 17 17 21 26,28,2.800000,5.600000,6,28,4,0,0,solver
6,2,5,10,5,4,0 9,0 4 8 12 16,0 4 8 9 12 13 16 17 21 25,29,2.900000,5.800000,5,29,4,0,0,solver
6,2,5,10,5,4,0 9,0 3 7 11 15,0 3 7 9 11 12 15 16 20 24,30,3.000000,6.000000,5,30,4,0,0,solver
6,2,5,10,5,4,0 9,0 3 6 10 14,0 3 6 9 10 12 14 15 19 23,31,3.100000,6.200000,5,31,4,0,0,solver
6,2,5,10,5,4,0 9,0 3 6 9 13,0 3 6 9 9 12 13 15 18 22,32,3.200000,6.400000,6,32,4,0,0,solver
6,2,5,10,5,4,0 9,0 3 6 9 12,0 3 6 9 9 12 12 15 18 21,33,3.300000,6.600000,6,33,4,0,0,solver
6,2,5,10,5,4,0 8,0 5 11 17 23,0 5 8 11 13 17 19 23 25 31,23,2.300000,4.600000,4,23,3,0,0,solver
6,2,5,10,5,4,0 8,0 5 10 16 22,0 5 8 10 13 16 18 22 24 30,24,2.400000,4.800000,4,24,3,0,0,solver
6,2,5,10,5,4,0 8,0 5 10 15 21,0 5 8 10 13 15 18 21 23 29,25,2.500000,5.000000,4,25,3,0,0,solver
6,2,5,10,5,4,0 8,0 5 10 15 20,0 5 8 10 13 15 18 20 23 28,26,2.600000,5.200000,4,26,3,0,0,solver
6,2,5,10,5,4,0 8,0 4 9 14 19,0 4 8 9 12 14 17 19 22 27,27,2.700000,5.400000,5,27,3,0,0,solver
6,2,5,10,5,4,0 8,0 4 8 13 18,0 4 8 8 12 13 16 18 21 26,28,2.800000,5.600000,6,28,4,0,0,solver
6,2,5,10,5,4,0 8,0 4 8 12 17,0 4 8 8 12 12 16 17 20 25,29,2.900000,5.800000,6,29,4,0,0,solver
6,2,5,10,5,4,0 8,0 4 8 12 16,0 4 8 8 12 12 16 16 20 24,30,3.000000,6.000000,6,30,4,0,0,solver
6,2,5,10,5,4,0 8,0 3 7 11 15,0 3 7 8 11 11 15 15 19 23,31,3.100000,6.200000,6,31,4,0,0,solver
6,2,5,10,5,4,0 8,0 3 6 10 14,0 3 6 8 10 11 14 14 18 22,32,3.200000,6.400000,6,32,4,0,0,solver
6,2,5,10,5,4,0 8,0 3 6 9 13,0 3 6 8 9 11 13 14 17 21,33,3.300000,6.600000,5,33,4,0,0,solver
6,2,5,10,5,4,0 8,0 3 6 9 12,0 3 6 8 9 11 12 14 17 20,34,3.400000,6.800000,5,34,4,0,0,solver
6,2,5,10,5,4,0 7,0 5 11 17 23,0 5 7 11 12 17 18 23 24 30,24,2.400000,4.800000,5,24,3,0,0,solver
6,2,5,10,5,4,0 7,0 5 10 16 22,0 5 7 10 12 16 17 22 23 29,25,2.500000,5.000000,5,25,3,0,0,solver
6,2,5,10,5,4,0 7,0 5 10 15 21,0 5 7 10 12 15 17 21 22 28,26,2.600000,5.200000,5,26,3,0,0,solver
6,2,5,10,5,4,0 7,0 5 10 15 20,0 5 7 10 12 15 17 20 22 27,27,2.700000,5.400000,4,27,3,0,0,solver
6,2,5,10,5,4,0 7,0 4 9 14 19,0 4 7 9 11 14 16 19 21 26,28,2.800000,5.600000,4,28,3,0,0,solver
6,2,5,10,5,4,0 7,0 4 8 13 18,0 4 7 8 11 13 15 18 20 25,29,2.900000,5.800000,5,29,3,0,0,solver
6,2,5,10,5,4,0 7,0 4 8 12 17,0 4 7 8 11 12 15 17 19 24,30,3.000000,6.000000,5,30,4,0,0,solver
6,2,5,10,5,4,0 7,0 4 8 12 16,0 4 7 8 11 12 15 16 19 23,31,3.100000,6.200000,5,31,4,0,0,solver
6,2,5,10,5,4,0 7,0 3 7 11 15,0 3 7 7 10 11 14 15 18 22,32,3.200000,6.400000,6,32,4,0,0,solver
6,2,5,10,5,4,0 7,0 3 6 10 14,0 3 6 7 10 10 13 14 17 21,33,3.300000,6.600000,6,33,4,0,0,solver
6,2,5,10,5,4,0 7,0 3 6 9 13,0 3 6 7 9 10 13 13 16 20,34,3.400000,6.800000,6,34,4,0,0,solver
6,2,5,10,5,4,0 7,0 3 6 9 12,0 3 6 7 9 10 12 13 16 19,35,3.500000,7.000000,5,35,4,0,0,solver
6,2,5,10,5,4,0 6,0 5 11 17 23,0 5 6 11 11 17 17 23 23 29,25,2.500000,5.000000,6,25,3,0,0,solver
6,2,5,10,5,4,0 6,0 5 10 16 22,0 5 6 10 11 16 16 22 22 28,26,2.600000,5.200000,6,26,3,0,0,solver
6,2,5,10,5,4,0 6,0 5 10 15 21,0 5 6 10 11 15 16 21 21 27,27,2.700000,5.400000,6,27,3,0,0,solver
6,2,5,10,5,4,0 6,0 5 10 15 20,0 5 6 10 11 15 16 20 21 26,28,2.800000,5.600000,5,28,3,0,0,solver
6,2,5,10,5,4,0 6,0 4 9 14 19,0 4 6 9 10 14 15 19 20 25,29,2.900000,5.800000,5,29,3,0,0,solver
6,2,5,10,5,4,0 6,0 4 8 13 18,0 4 6 8 10 13 14 18 19 24,30,3.000000,6.000000,5,30,3,0,0,solver
6,2,5,10,5,4,0 6,0 4 8 12 17,0 4 6 8 10 12 14 17 18 23,31,3.100000,6.200000,5,31,3,0,0,solver
6,2,5,10,5,4,0 6,0 4 8 12 16,0 4 6 8 10 12 14 16 18 22,32,3.200000,6.400000,4,32,3,0,0,solver
6,2,5,10,5,4,0 6,0 3 7 11 15,0 3 6 7 9 11 13 15 17 21,33,3.300000,6.600000,5,33,4,0,0,solver
6,2,5,10,5,4,0 6,0 3 6 10 14,0 3 6 6 9 10 12 14 16 20,34,3.400000,6.800000,6,34,4,0,0,solver
6,2,5,10,5,4,0 6,0 3 6 9 13,0 3 6 6 9 9 12 13 15 19,35,3.500000,7.000000,6,35,4,0,0,solver
6,2,5,10,5,4,0 6,0 3 6 9 12,0 3 6 6 9 9 12 12 15 18,36,3.600000,7.200000,6,36,4,0,0,solver
6,2,5,10,5,4,0 5,0 5 11 17 23,0 5 5 10 11 16 17 22 23 28,26,2.600000,5.200000,6,26,3,0,0,solver
6,2,5,10,5,4,0 5,0 5 10 16 22,0 5 5 10 10 15 16 21 22 27,27,2.700000,5.400000,6,27,4,0,0,solver
6,2,5,10,5,4,0 5,0 5 10 15 21,0 5 5 10 10 15 15 20 21 26,28,2.800000,5.600000,6,28,4,0,0,solver
6,2,5,10,5,4,0 5,0 5 10 15 20,0 5 5 10 10 15 15 20 20 25,29,2.900000,5.800000,6,29,4,0,0,solver
6,2,5,10,5,4,0 5,0 4 9 14 19,0 4 5 9 9 14 14 19 19 24,30,3.000000,6.000000,6,30,4,0,0,solver
6,2,5,10,5,4,0 5,0 4 8 13 18,0 4 5 8 9 13 13 18 18 23,31,3.100000,6.200000,6,31,4,0,0,solver
6,2,5,10,5,4,0 5,0 4 8 12 17,0 4 5 8 9 12 13 17 17 22,32,3.200000,6.400000,6,32,4,0,0,solver
6,2,5,10,5,4,0 5,0 4 8 12 16,0 4 5 8 9 12 13 16 17 21,33,3.300000,6.600000,5,33,4,0,0,solver
6,2,5,10,5,4,0 5,0 3 7 11 15,0 3 5 7 8 11 12 15 16 20,34,3.400000,6.800000,5,34,4,0,0,solver
6,2,5,10,5,4,0 5,0 3 6 10 14,0 3 5 6 8 10 11 14 15 19,35,3.500000,7.000000,5,35,4,0,0,solver
6,2,5,10,5,4,0 5,0 3 6 9 13,0 3 5 6 8 9 11 13 14 18,36,3.600000,7.200000,5,36,4,0,0,solver
6,2,5,10,5,4,0 5,0 3 6 9 12,0 3 5 6 8 9 11 12 14 17,37,3.700000,7.400000,5,37,4,0,0,solver
6,2,5,10,5,4,0 4,0 5 11 17 23,0 4 5 9 11 15 17 21 23 27,27,2.700000,5.400000,5,27,3,0,0,solver
6,2,5,10,5,4,0 4,0 5 10 16 22,0 4 5 9 10 14 16 20 22 26,28,2.800000,5.600000,5,28,3,0,0,solver
6,2,5,10,5,4,0 4,0 5 10 15 21,0 4 5 9 10 14 15 19 21 25,29,2.900000,5.800000,5,29,3,0,0,solver
6,2,5,10,5,4,0 4,0 5 10 15 20,0 4 5 9 10 14 15 19 20 24,30,3.000000,6.000000,5,30,3,0,0,solver
6,2,5,10,5,4,0 4,0 4 9 14 19,0 4 4 8 9 13 14 18 19 23,31,3.100000,6.200000,6,31,4,0,0,solver
6,2,5,10,5,4,0 4,0 4 8 13 18,0 4 4 8 8 12 13 17 18 22,32,3.200000,6.400000,6,32,4,0,0,solver
6,2,5,10,5,4,0 4,0 4 8 12 17,0 4 4 8 8 12 12 16 17 21,33,3.300000,6.600000,6,33,4,0,0,solver
6,2,5,10,5,4,0 4,0 4 8 12 16,0 4 4 8 8 12 12 16 16 20,34,3.400000,6.800000,6,34,4,0,0,solver
6,2,5,10,5,4,0 4,0 3 7 11 15,0 3 4 7 7 11 11 15 15 19,35,3.500000,7.000000,6,35,4,0,0,solver
6,2,5,10,5,4,0 4,0 3 6 10 14,0 3 4 6 7 10 10 14 14 18,36,3.600000,7.200000,6,36,4,0,0,solver
6,2,5,10,5,4,0 4,0 3 6 9 13,0 3 4 6 7 9 10 13 13 17,37,3.700000,7.400000,6,37,4,0,0,solver
6,2,5,10,5,4,0 4,0 3 6 9 12,0 3 4 6 7 9 10 12 13 16,38,3.800000,7.600000,5,38,4,0,0,solver
6,2,5,10,5,4,0 3,0 5 11 17 23,0 3 5 8 11 14 17 20 23 26,28,2.800000,5.600000,4,28,3,0,0,solver
6,2,5,10,5,4,0 3,0 5 10 16 22,0 3 5 8 10 13 16 19 22 25,29,2.900000,5.800000,4,29,3,0,0,solver
6,2,5,10,5,4,0 3,0 5 10 15 21,0 3 5 8 10 13 15 18 21 24,30,3.000000,6.000000,4,30,3,0,0,solver
6,2,5,10,5,4,0 3,0 5 10 15 20,0 3 5 8 10 13 15 18 20 23,31,3.100000,6.200000,4,31,3,0,0,solver
6,2,5,10,5,4,0 3,0 4 9 14 19,0 3 4 7 9 12 14 17 19 22,32,3.200000,6.400000,5,32,3,0,0,solver
6,2,5,10,5,4,0 3,0 4 8 13 18,0 3 4 7 8 11 13 16 18 21,33,3.300000,6.600000,5,33,4,0,0,solver
6,2,5,10,5,4,0 3,0 4 8 12 17,0 3 4 7 8 11 12 15 17 20,34,3.400000,6.800000,5,34,4,0,0,solver
6,2,5,10,5,4,0 3,0 4 8 12 16,0 3 4 7 8 11 12 15 16 19,35,3.500000,7.000000,5,35,4,0,0,solver
6,2,5,10,5,4,0 3,0 3 7 11 15,0 3 3 6 7 10 11 14 15 18,36,3.600000,7.200000,6,36,4,0,0,solver
6,2,5,10,5,4,0 3,0 3 6 10 14,0 3 3 6 6 9 10 13 14 17,37,3.700000,7.400000,6,37,4,0,0,solver
6,2,5,10,5,4,0 3,0 3 6 9 13,0 3 3 6 6 9 9 12 13 16,38,3.800000,7.600000,6,38,4,0,0,solver
6,2,5,10,5,4,0 3,0 3 6 9 12,0 3 3 6 6 9 9 12 12 15,39,3.900000,7.800000,6,39,4,0,0,solver
6,2,6,12,6,4,0 14,0 4 8 13 18 23,0 4 8 13 14 18 18 22 23 27 32 37,29,2.416667,4.833333,6,29,4,1,0,solver
6,2,6,12,6,4,0 14,0 4 8 12 17 22,0 4 8 12 14 17 18 22 22 26 31 36,30,2.500000,5.000000,6,30,4,0,0,solver
6,2,6,12,6,4,0 14,0 4 8 12 16 21,0 4 8 12 14 16 18 21 22 26 30 35,31,2.583333,5.166667,5,31,3,0,0,solver
6,2,6,12,6,4,0 14,0 4 8 12 16 20,0 4 8 12 14 16 18 20 22 26 30 34,32,2.666667,5.333333,4,32,3,0,0,solver
6,2,6,12,6,4,0 14,0 3 7 11 15 19,0 3 7 11 14 15 17 19 21 25 29 33,33,2.750000,5.500000,5,33,4,0,0,solver
6,2,6,12,6,4,0 14,0 3 6 10 14 18,0 3 6 10 14 14 17 18 20 24 28 32,34,2.833333,5.666667,6,34,4,0,0,solver
6,2,6,12,6,4,0 14,0 3 6 9 13 17,0 3 6 9 13 14 17 17 20 23 27 31,35,2.916667,5.833333,6,35,4,0,0,solver
6,2,6,12,6,4,0 14,0 3 6 9 12 16,0 3 6 9 12 14 16 17 20 23 26 30,36,3.000000,6.000000,5,36,4,0,0,solver
6,2,6,12,6,4,0 14,0 3 6 9 12 15,0 3 6 9 12 14 15 17 20 23 26 29,37,3.083333,6.166667,5,37,4,0,0,solver
6,2,6,12,6,4,0 13,0 4 8 13 18 23,0 4 8 13 13 17 18 21 23 26 31 36,30,2.500000,5.000000,6,30,4,0,0,solver
6,2,6,12,6,4,0 13,0 4 8 12 17 22,0 4 8 12 13 17 17 21 22 25 30 35,31,2.583333,5.166667,6,31,4,0,0,solver
6,2,6,12,6,4,0 13,0 4 8 12 16 21,0 4 8 12 13 16 17 21 21 25 29 34,32,2.666667,5.333333,6,32,4,0,0,solver
6,2,6,12,6,4,0 13,0 4 8 12 16 20,0 4 8 12 13 16 17 20 21 25 29 33,33,2.750000,5.500000,5,33,4,0,0,solver
6,2,6,12,6,4,0 13,0 3 7 11 15 19,0 3 7 11 13 15 16 19 20 24 28 32,34,2.833333,5.666667,5,34,4,0,0,solver
6,2,6,12,6,4,0 13,0 3 6 10 14 18,0 3 6 10 13 14 16 18 19 23 27 31,35,2.916667,5.833333,5,35,4,0,0,solver
6,2,6,12,6,4,0 13,0 3 6 9 13 17,0 3 6 9 13 13 16 17 19 22 26 30,36,3.000000,6.000000,6,36,4,0,0,solver
6,2,6,12,6,4,0 13,0 3 6 9 12 16,0 3 6 9 12 13 16 16 19 22 25 29,37,3.083333,6.166667,6,37,4,0,0,solver
6,2,6,12,6,4,0 13,0 3 6 9 12 15,0 3 6 9 12 13 15 16 19 22 25 28,38,3.166667,6.333333,5,38,4,0,0,solver
6,2,6,12,6,4,0 12,0 4 8 13 18 23,0 4 8 12 13 16 18 20 23 25 30 35,31,2.583333,5.166667,5,31,3,0,0,solver
6,2,6,12,6,4,0 12,0 4 8 12 17 22,0 4 8 12 12 16 17 20 22 24 29 34,32,2.666667,5.333333,6,32,4,0,0,solver
6,2,6,12,6,4,0 12,0 4 8 12 16 21,0 4 8 12 12 16 16 20 21 24 28 33,33,2.750000,5.500000,6,33,4,0,0,solver
6,2,6,12,6,4,0 12,0 4 8 12 16 20,0 4 8 12 12 16 16 20 20 24 28 32,34,2.833333,5.666667,6,34,4,0,0,solver
6,2,6,12,6,4,0 12,0 3 7 11 15 19,0 3 7 11 12 15 15 19 19 23 27 31,35,2.916667,5.833333,6,35,4,0,0,solver
6,2,6,12,6,4,0 12,0 3 6 10 14 18,0 3 6 10 12 14 15 18 18 22 26 30,36,3.000000,6.000000,6,36,4,0,0,solver
6,2,6,12,6,4,0 12,0 3 6 9 13 17,0 3 6 9 12 13 15 17 18 21 25 29,37,3.083333,6.166667,5,37,4,0,0,solver
6,2,6,12,6,4,0 12,0 3 6 9 12 16,0 3 6 9 12 12 15 16 18 21 24 28,38,3.166667,6.333333,6,38,4,0,0,solver
6,2,6,12,6,4,0 12,0 3 6 9 12 15,0 3 6 9 12 12 15 15 18 21 24 27,39,3.250000,6.500000,6,39,4,0,0,solver
6,2,6,12,6,4,0 11,0 4 8 13 18 23,0 4 8 11 13 15 18 19 23 24 29 34,32,2.666667,5.333333,5,32,3,0,0,solver
6,2,6,12,6,4,0 11,0 4 8 12 17 22,0 4 8 11 12 15 17 19 22 23 28 33,33,2.750000,5.500000,5,33,3,0,0,solver
6,2,6,12,6,4,0 11,0 4 8 12 16 21,0 4 8 11 12 15 16 19 21 23 27 32,34,2.833333,5.666667,5,34,4,0,0,solver
6,2,6,12,6,4,0 11,0 4 8 12 16 20,0 4 8 11 12 15 16 19 20 23 27 31,35,2.916667,5.833333,5,35,4,0,0,solver
6,2,6,12,6,4,0 11,0 3 7 11 15 19,0 3 7 11 11 14 15 18 19 22 26 30,36,3.000000,6.000000,6,36,4,0,0,solver
6,2,6,12,6,4,0 11,0 3 6 10 14 18,0 3 6 10 11 14 14 17 18 21 25 29,37,3.083333,6.166667,6,37,4,0,0,solver
6,2,6,12,6,4,0 11,0 3 6 9 13 17,0 3 6 9 11 13 14 17 17 20 24 28,38,3.166667,6.333333,6,38,4,0,0,solver
6,2,6,12,6,4,0 11,0 3 6 9 12 16,0 3 6 9 11 12 14 16 17 20 23 27,39,3.250000,6.500000,5,39,4,0,0,solver
6,2,6,12,6,4,0 11,0 3 6 9 12 15,0 3 6 9 11 12 14 15 17 20 23 26,40,3.333333,6.666667,5,40,4,0,0,solver
6,2,6,12,6,4,0 10,0 4 8 13 18 23,0 4 8 10 13 14 18 18 23 23 28 33,33,2.750000,5.500000,6,33,4,0,0,solver
6,2,6,12,6,4,0 10,0 4 8 12 17 22,0 4 8 10 12 14 17 18 22 22 27 32,34,2.833333,5.666667,6,34,4,0,0,solver
6,2,6,12,6,4,0 10,0 4 8 12 16 21,0 4 8 10 12 14 16 18 21 22 26 31,35,2.916667,5.833333,5,35,3,0,0,solver
6,2,6,12,6,4,0 10,0 4 8 12 16 20,0 4 8 10 12 14 16 18 20 22 26 30,36,3.000000,6.000000,4,36,3,0,0,solver
6,2,6,12,6,4,0 10,0 3 7 11 15 19,0 3 7 10 11 13 15 17 19 21 25 29,37,3.083333,6.166667,5,37,4,0,0,solver
6,2,6,12,6,4,0 10,0 3 6 10 14 18,0 3 6 10 10 13 14 16 18 20 24 28,38,3.166667,6.333333,6,38,4,0,0,solver
6,2,6,12,6,4,0 10,0 3 6 9 13 17,0 3 6 9 10 13 13 16 17 19 23 27,39,3.250000,6.500000,6,39,4,0,0,solver
6,2,6,12,6,4,0 10,0 3 6 9 12 16,0 3 6 9 10 12 13 16 16 19 22 26,40,3.333333,6.666667,6,40,4,0,0,solver
6,2,6,12,6,4,0 10,0 3 6 9 12 15,0 3 6 9 10 12 13 15 16 19 22 25,41,3.416667,6.833333,5,41,4,0,0,solver
6,2,6,12,6,4,0 9,0 4 8 13 18 23,0 4 8 9 13 13 17 18 22 23 27 32,34,2.833333,5.666667,6,34,4,0,0,solver
6,2,6,12,6,4,0 9,0 4 8 12 17 22,0 4 8 9 12 13 17 17 21 22 26 31,35,2.916667,5.833333,6,35,4,0,0,solver
6,2,6,12,6,4,0 9,0 4 8 12 16 21,0 4 8 9 12 13 16 17 21 21 25 30,36,3.000000,6.000000,6,36,4,0,0,solver
6,2,6,12,6,4,0 9,0 4 8 12 16 20,0 4 8 9 12 13 16 17 20 21 25 29,37,3.083333,6.166667,5,37,4,0,0,solver
6,2,6,12,6,4,0 9,0 3 7 11 15 19,0 3 7 9 11 12 15 16 19 20 24 28,38,3.166667,6.333333,5,38,4,0,0,solver
6,2,6,12,6,4,0 9,0 3 6 10 14 18,0 3 6 9 10 12 14 15 18 19 23 27,39,3.250000,6.500000,5,39,4,0,0,solver
6,2,6,12,6,4,0 9,0 3 6 9 13 17,0 3 6 9 9 12 13 15 17 18 22 26,40,3.333333,6.666667,6,40,4,0,0,solver
6,2,6,12,6,4,0 9,0 3 6 9 12 16,0 3 6 9 9 12 12 15 16 18 21 25,41,3.416667,6.833333,6,41,4,0,0,solver
6,2,6,12,6,4,0 9,0 3 6 9 12 15,0 3 6 9 9 12 12 15 15 18 21 24,42,3.500000,7.000000,6,42,4,0,0,solver
6,2,6,12,6,4,0 8,0 4 8 13 18 23,0 4 8 8 12 13 16 18 21 23 26 31,35,2.916667,5.833333,6,35,4,0,0,solver
6,2,6,12,6,4,0 8,0 4 8 12 17 22,0 4 8 8 12 12 16 17 20 22 25 30,36,3.000000,6.000000,6,36,4,0,0,solver
6,2,6,12,6,4,0 8,0 4 8 12 16 21,0 4 8 8 12 12 16 16 20 21 24 29,37,3.083333,6.166667,6,37,4,0,0,solver
6,2,6,12,6,4,0 8,0 4 8 12 16 20,0 4 8 8 12 12 16 16 20 20 24 28,38,3.166667,6.333333,6,38,4,0,0,solver
6,2,6,12,6,4,0 8,0 3 7 11 15 19,0 3 7 8 11 11 15 15 19 19 23 27,39,3.250000,6.500000,6,39,4,0,0,solver
6,2,6,12,6,4,0 8,0 3 6 10 14 18,0 3 6 8 10 11 14 14 18 18 22 26,40,3.333333,6.666667,6,40,4,0,0,solver
6,2,6,12,6,4,0 8,0 3 6 9 13 17,0 3 6 8 9 11 13 14 17 17 21 25,41,3.416667,6.833333,6,41,4,0,0,solver
6,2,6,12,6,4,0 8,0 3 6 9 12 16,0 3 6 8 9 11 12 14 16 17 20 24,42,3.500000,7.000000,5,42,4,0,0,solver
6,2,6,12,6,4,0 8,0 3 6 9 12 15,0 3 6 8 9 11 12 14 15 17 20 23,43,3.583333,7.166667,5,43,4,0,0,solver
6,2,6,12,6,4,0 7,0 4 8 13 18 23,0 4 7 8 11 13 15 18 20 23 25 30,36,3.000000,6.000000,5,36,3,0,0,solver
6,2,6,12,6,4,0 7,0 4 8 12 17 22,0 4 7 8 11 12 15 17 19 22 24 29,37,3.083333,6.166667,5,37,4,0,0,solver
6,2,6,12,6,4,0 7,0 4 8 12 16 21,0 4 7 8 11 12 15 16 19 21 23 28,38,3.166667,6.333333,5,38,4,0,0,solver
6,2,6,12,6,4,0 7,0 4 8 12 16 20,0 4 7 8 11 12 15 16 19 20 23 27,39,3.250000,6.500000,5,39,4,0,0,solver
6,2,6,12,6,4,0 7,0 3 7 11 15 19,0 3 7 7 10 11 14 15 18 19 22 26,40,3.333333,6.666667,6,40,4,0,0,solver
6,2,6,12,6,4,0 7,0 3 6 10 14 18,0 3 6 7 10 10 13 14 17 18 21 25,41,3.416667,6.833333,6,41,4,0,0,solver
6,2,6,12,6,4,0 7,0 3 6 9 13 17,0 3 6 7 9 10 13 13 16 17 20 24,42,3.500000,7.000000,6,42,4,0,0,solver
6,2,6,12,6,4,0 7,0 3 6 9 12 16,0 3 6 7 9 10 12 13 16 16 19 23,43,3.583333,7.166667,6,43,4,0,0,solver
6,2,6,12,6,4,0 7,0 3 6 9 12 15,0 3 6 7 9 10 12 13 15 16 19 22,44,3.666667,7.333333,5,44,4,0,0,solver
6,2,6,12,6,4,0 6,0 4 8 13 18 23,0 4 6 8 10 13 14 18 19 23 24 29,37,3.083333,6.166667,5,37,3,0,0,solver
6,2,6,12,6,4,0 6,0 4 8 12 17 22,0 4 6 8 10 12 14 17 18 22 23 28,38,3.166667,6.333333,5,38,3,0,0,solver
6,2,6,12,6,4,0 6,0 4 8 12 16 21,0 4 6 8 10 12 14 16 18 21 22 27,39,3.250000,6.500000,5,39,3,0,0,solver
6,2,6,12,6,4,0 6,0 4 8 12 16 20,0 4 6 8 10 12 14 16 18 20 22 26,40,3.333333,6.666667,4,40,3,0,0,solver
6,2,6,12,6,4,0 6,0 3 7 11 15 19,0 3 6 7 9 11 13 15 17 19 21 25,41,3.416667,6.833333,5,41,4,0,0,solver
6,2,6,12,6,4,0 6,0 3 6 10 14 18,0 3 6 6 9 10 12 14 16 18 20 24,42,3.500000,7.000000,6,42,4,0,0,solver
6,2,6,12,6,4,0 6,0 3 6 9 13 17,0 3 6 6 9 9 12 13 15 17 19 23,43,3.583333,7.166667,6,43,4,0,0,solver
6,2,6,12,6,4,0 6,0 3 6 9 12 16,0 3 6 6 9 9 12 12 15 16 18 22,44,3.666667,7.333333,6,44,4,0,0,solver
6,2,6,12,6,4,0 6,0 3 6 9 12 15,0 3 6 6 9 9 12 12 15 15 18 21,45,3.750000,7.500000,6,45,4,0,0,solver
6,2,6,12,6,4,0 5,0 4 8 13 18 23,0 4 5 8 9 13 13 18 18 23 23 28,38,3.166667,6.333333,6,38,4,0,0,solver
6,2,6,12,6,4,0 5,0 4 8 12 17 22,0 4 5 8 9 12 13 17 17 22 22 27,39,3.250000,6.500000,6,39,4,0,0,solver
6,2,6,12,6,4,0 5,0 4 8 12 16 21,0 4 5 8 9 12 13 16 17 21 21 26,40,3.333333,6.666667,6,40,4,0,0,solver
6,2,6,12,6,4,0 5,0 4 8 12 16 20,0 4 5 8 9 12 13 16 17 20 21 25,41,3.416667,6.833333,5,41,4,0,0,solver
6,2,6,12,6,4,0 5,0 3 7 11 15 19,0 3 5 7 8 11 12 15 16 19 20 24,42,3.500000,7.000000,5,42,4,0,0,solver
6,2,6,12,6,4,0 5,0 3 6 10 14 18,0 3 5 6 8 10 11 14 15 18 19 23,43,3.583333,7.166667,5,43,4,0,0,solver
6,2,6,12,6,4,0 5,0 3 6 9 13 17,0 3 5 6 8 9 11 13 14 17 18 22,44,3.666667,7.333333,5,44,4,0,0,solver
6,2,6,12,6,4,0 5,0 3 6 9 12 16,0 3 5 6 8 9 11 12 14 16 17 21,45,3.750000,7.500000,5,45,4,0,0,solver
6,2,6,12,6,4,0 5,0 3 6 9 12 15,0 3 5 6 8 9 11 12 14 15 17 20,46,3.833333,7.666667,5,46,4,0,0,solver
6,2,6,12,6,4,0 4,0 4 8 13 18 23,0 4 4 8 8 12 13 17 18 22 23 27,39,3.250000,6.500000,6,39,4,0,0,solver
6,2,6,12,6,4,0 4,0 4 8 12 17 22,0 4 4 8 8 12 12 16 17 21 22 26,40,3.333333,6.666667,6,40,4,0,0,solver
6,2,6,12,6,4,0 4,0 4 8 12 16 21,0 4 4 8 8 12 12 16 16 20 21 25,41,3.416667,6.833333,6,41,4,0,0,solver
6,2,6,12,6,4,0 4,0 4 8 12 16 20,0 4 4 8 8 12 12 16 16 20 20 24,42,3.500000,7.000000,6,42,4,0,0,solver
6,2,6,12,6,4,0 4,0 3 7 11 15 19,0 3 4 7 7 11 11 15 15 19 19 23,43,3.583333,7.166667,6,43,4,0,0,solver
6,2,6,12,6,4,0 4,0 3 6 10 14 18,0 3 4 6 7 10 10 14 14 18 18 22,44,3.666667,7.333333,6,44,4,0,0,solver
6,2,6,12,6,4,0 4,0 3 6 9 13 17,0 3 4 6 7 9 10 13 13 17 17 21,45,3.750000,7.500000,6,45,4,0,0,solver
6,2,6,12,6,4,0 4,0 3 6 9 12 16,0 3 4 6 7 9 10 12 13 16 16 20,46,3.833333,7.666667,6,46,4,0,0,solver
6,2,6,12,6,4,0 4,0 3 6 9 12 15,0 3 4 6 7 9 10 12 13 15 16 19,47,3.916667,7.833333,5,47,4,0,0,solver
6,2,6,12,6,4,0 3,0 4 8 13 18 23,0 3 4 7 8 11 13 16 18 21 23 26,40,3.333333,6.666667,5,40,4,0,0,solver
6,2,6,12,6,4,0 3,0 4 8 12 17 22,0 3 4 7 8 11 12 15 17 20 22 25,41,3.416667,6.833333,5,41,4,0,0,solver
6,2,6,12,6,4,0 3,0 4 8 12 16 21,0 3 4 7 8 11 12 15 16 19 21 24,42,3.500000,7.000000,5,42,4,0,0,solver
6,2,6,12,6,4,0 3,0 4 8 12 16 20,0 3 4 7 8 11 12 15 16 19 20 23,43,3.583333,7.166667,5,43,4,0,0,solver
6,2,6,12,6,4,0 3,0 3 7 11 15 19,0 3 3 6 7 10 11 14 15 18 19 22,44,3.666667,7.333333,6,44,4,0,0,solver
6,2,6,12,6,4,0 3,0 3 6 10 14 18,0 3 3 6 6 9 10 13 14 17 18 21,45,3.750000,7.500000,6,45,4,0,0,solver
6,2,6,12,6,4,0 3,0 3 6 9 13 17,0 3 3 6 6 9 9 12 13 16 17 20,46,3.833333,7.666667,6,46,4,0,0,solver
6,2,6,12,6,4,0 3,0 3 6 9 12 16,0 3 3 6 6 9 9 12 12 15 16 19,47,3.916667,7.833333,6,47,4,0,0,solver
6,2,6,12,6,4,0 3,0 3 6 9 12 15,0 3 3 6 6 9 9 12 12 15 15 18,48,4.000000,8.000000,6,48,4,0,0,solver
6,2,7,14,7,4,0 14,0 3 7 11 15 19 23,0 3 7 11 14 15 17 19 21 23 25 29 33 37,41,2.928571,5.857143,5,41,4,1,0,solver
6,2,7,14,7,4,0 14,0 3 6 10 14 18 22,0 3 6 10 14 14 17 18 20 22 24 28 32 36,42,3.000000,6.000000,6,42,4,0,0,solver
6,2,7,14,7,4,0 14,0 3 6 9 13 17 21,0 3 6 9 13 14 17 17 20 21 23 27 31 35,43,3.071429,6.142857,6,43,4,0,0,solver
6,2,7,14,7,4,0 14,0 3 6 9 12 16 20,0 3 6 9 12 14 16 17 20 20 23 26 30 34,44,3.142857,6.285714,6,44,4,0,0,solver
6,2,7,14,7,4,0 14,0 3 6 9 12 15 19,0 3 6 9 12 14 15 17 19 20 23 26 29 33,45,3.214286,6.428571,5,45,4,0,0,solver
6,2,7,14,7,4,0 14,0 3 6 9 12 15 18,0 3 6 9 12 14 15 17 18 20 23 26 29 32,46,3.285714,6.571429,5,46,4,0,0,solver
6,2,7,14,7,4,0 13,0 3 7 11 15 19 23,0 3 7 11 13 15 16 19 20 23 24 28 32 36,42,3.000000,6.000000,5,42,4,0,0,solver
6,2,7,14,7,4,0 13,0 3 6 10 14 18 22,0 3 6 10 13 14 16 18 19 22 23 27 31 35,43,3.071429,6.142857,5,43,4,0,0,solver
6,2,7,14,7,4,0 13,0 3 6 9 13 17 21,0 3 6 9 13 13 16 17 19 21 22 26 30 34,44,3.142857,6.285714,6,44,4,0,0,solver
6,2,7,14,7,4,0 13,0 3 6 9 12 16 20,0 3 6 9 12 13 16 16 19 20 22 25 29 33,45,3.214286,6.428571,6,45,4,0,0,solver
6,2,7,14,7,4,0 13,0 3 6 9 12 15 19,0 3 6 9 12 13 15 16 19 19 22 25 28 32,46,3.285714,6.571429,6,46,4,0,0,solver
6,2,7,14,7,4,0 13,0 3 6 9 12 15 18,0 3 6 9 12 13 15 16 18 19 22 25 28 31,47,3.357143,6.714286,5,47,4,0,0,solver
6,2,7,14,7,4,0 12,0 3 7 11 15 19 23,0 3 7 11 12 15 15 19 19 23 23 27 31 35,43,3.071429,6.142857,6,43,4,0,0,solver
6,2,7,14,7,4,0 12,0 3 6 10 14 18 22,0 3 6 10 12 14 15 18 18 22 22 26 30 34,44,3.142857,6.285714,6,44,4,0,0,solver
6,2,7,14,7,4,0 12,0 3 6 9 13 17 21,0 3 6 9 12 13 15 17 18 21 21 25 29 33,45,3.214286,6.428571,6,45,4,0,0,solver
6,2,7,14,7,4,0 12,0 3 6 9 12 16 20,0 3 6 9 12 12 15 16 18 20 21 24 28 32,46,3.285714,6.571429,6,46,4,0,0,solver
6,2,7,14,7,4,0 12,0 3 6 9 12 15 19,0 3 6 9 12 12 15 15 18 19 21 24 27 31,47,3.357143,6.714286,6,47,4,0,0,solver
6,2,7,14,7,4,0 12,0 3 6 9 12 15 18,0 3 6 9 12 12 15 15 18 18 21 24 27 30,48,3.428571,6.857143,6,48,4,0,0,solver
6,2,7,14,7,4,0 11,0 3 7 11 15 19 23,0 3 7 11 11 14 15 18 19 22 23 26 30 34,44,3.142857,6.285714,6,44,4,0,0,solver
6,2,7,14,7,4,0 11,0 3 6 10 14 18 22,0 3 6 10 11 14 14 17 18 21 22 25 29 33,45,3.214286,6.428571,6,45,4,0,0,solver
6,2,7,14,7,4,0 11,0 3 6 9 13 17 21,0 3 6 9 11 13 14 17 17 20 21 24 28 32,46,3.285714,6.571429,6,46,4,0,0,solver
6,2,7,14,7,4,0 11,0 3 6 9 12 16 20,0 3 6 9 11 12 14 16 17 20 20 23 27 31,47,3.357143,6.714286,6,47,4,0,0,solver
6,2,7,14,7,4,0 11,0 3 6 9 12 15 19,0 3 6 9 11 12 14 15 17 19 20 23 26 30,48,3.428571,6.857143,5,48,4,0,0,solver
6,2,7,14,7,4,0 11,0 3 6 9 12 15 18,0 3 6 9 11 12 14 15 17 18 20 23 26 29,49,3.500000,7.000000,5,49,4,0,0,solver
6,2,7,14,7,4,0 10,0 3 7 11 15 19 23,0 3 7 10 11 13 15 17 19 21 23 25 29 33,45,3.214286,6.428571,5,45,4,0,0,solver
6,2,7,14,7,4,0 10,0 3 6 10 14 18 22,0 3 6 10 10 13 14 16 18 20 22 24 28 32,46,3.285714,6.571429,6,46,4,0,0,solver
6,2,7,14,7,4,0 10,0 3 6 9 13 17 21,0 3 6 9 10 13 13 16 17 19 21 23 27 31,47,3.357143,6.714286,6,47,4,0,0,solver
6,2,7,14,7,4,0 10,0 3 6 9 12 16 20,0 3 6 9 10 12 13 16 16 19 20 22 26 30,48,3.428571,6.857143,6,48,4,0,0,solver
6,2,7,14,7,4,0 10,0 3 6 9 12 15 19,0 3 6 9 10 12 13 15 16 19 19 22 25 29,49,3.500000,7.000000,6,49,4,0,0,solver
6,2,7,14,7,4,0 10,0 3 6 9 12 15 18,0 3 6 9 10 12 13 15 16 18 19 22 25 28,50,3.571429,7.142857,5,50,4,0,0,solver
6,2,7,14,7,4,0 9,0 3 7 11 15 19 23,0 3 7 9 11 12 15 16 19 20 23 24 28 32,46,3.285714,6.571429,5,46,4,0,0,solver
6,2,7,14,7,4,0 9,0 3 6 10 14 18 22,0 3 6 9 10 12 14 15 18 19 22 23 27 31,47,3.357143,6.714286,5,47,4,0,0,solver
6,2,7,14,7,4,0 9,0 3 6 9 13 17 21,0 3 6 9 9 12 13 15 17 18 21 22 26 30,48,3.428571,6.857143,6,48,4,0,0,solver
6,2,7,14,7,4,0 9,0 3 6 9 12 16 20,0 3 6 9 9 12 12 15 16 18 20 21 25 29,49,3.500000,7.000000,6,49,4,0,0,solver
6,2,7,14,7,4,0 9,0 3 6 9 12 15 19,0 3 6 9 9 12 12 15 15 18 19 21 24 28,50,3.571429,7.142857,6,50,4,0,0,solver
6,2,7,14,7,4,0 9,0 3 6 9 12 15 18,0 3 6 9 9 12 12 15 15 18 18 21 24 27,51,3.642857,7.285714,6,51,4,0,0,solver
6,2,7,14,7,4,0 8,0 3 7 11 15 19 23,0 3 7 8 11 11 15 15 19 19 23 23 27 31,47,3.357143,6.714286,6,47,4,0,0,solver
6,2,7,14,7,4,0 8,0 3 6 10 14 18 22,0 3 6 8 10 11 14 14 18 18 22 22 26 30,48,3.428571,6.857143,6,48,4,0,0,solver
6,2,7,14,7,4,0 8,0 3 6 9 13 17 21,0 3 6 8 9 11 13 14 17 17 21 21 25 29,49,3.500000,7.000000,6,49,4,0,0,solver
6,2,7,14,7,4,0 8,0 3 6 9 12 16 20,0 3 6 8 9 11 12 14 16 17 20 20 24 28,50,3.571429,7.142857,6,50,4,0,0,solver
6,2,7,14,7,4,0 8,0 3 6 9 12 15 19,0 3 6 8 9 11 12 14 15 17 19 20 23 27,51,3.642857,7.285714,5,51,4,0,0,solver
6,2,7,14,7,4,0 8,0 3 6 9 12 15 18,0 3 6 8 9 11 12 14 15 17 18 20 23 26,52,3.714286,7.428571,5,52,4,0,0,solver
6,2,7,14,7,4,0 7,0 3 7 11 15 19 23,0 3 7 7 10 11 14 15 18 19 22 23 26 30,48,3.428571,6.857143,6,48,4,0,0,solver
6,2,7,14,7,4,0 7,0 3 6 10 14 18 22,0 3 6 7 10 10 13 14 17 18 21 22 25 29,49,3.500000,7.000000,6,49,4,0,0,solver
6,2,7,14,7,4,0 7,0 3 6 9 13 17 21,0 3 6 7 9 10 13 13 16 17 20 21 24 28,50,3.571429,7.142857,6,50,4,0,0,solver
6,2,7,14,7,4,0 7,0 3 6 9 12 16 20,0 3 6 7 9 10 12 13 16 16 19 20 23 27,51,3.642857,7.285714,6,51,4,0,0,solver
6,2,7,14,7,4,0 7,0 3 6 9 12 15 19,0 3 6 7 9 10 12 13 15 16 19 19 22 26,52,3.714286,7.428571,6,52,4,0,0,solver
6,2,7,14,7,4,0 7,0 3 6 9 12 15 18,0 3 6 7 9 10 12 13 15 16 18 19 22 25,53,3.785714,7.571429,5,53,4,0,0,solver
6,2,7,14,7,4,0 6,0 3 7 11 15 19 23,0 3 6 7 9 11 13 15 17 19 21 23 25 29,49,3.500000,7.000000,5,49,4,0,0,solver
6,2,7,14,7,4,0 6,0 3 6 10 14 18 22,0 3 6 6 9 10 12 14 16 18 20 22 24 28,50,3.571429,7.142857,6,50,4,0,0,solver
6,2,7,14,7,4,0 6,0 3 6 9 13 17 21,0 3 6 6 9 9 12 13 15 17 19 21 23 27,51,3.642857,7.285714,6,51,4,0,0,solver
6,2,7,14,7,4,0 6,0 3 6 9 12 16 20,0 3 6 6 9 9 12 12 15 16 18 20 22 26,52,3.714286,7.428571,6,52,4,0,0,solver
6,2,7,14,7,4,0 6,0 3 6 9 12 15 19,0 3 6 6 9 9 12 12 15 15 18 19 21 25,53,3.785714,7.571429,6,53,4,0,0,solver
6,2,7,14,7,4,0 6,0 3 6 9 12 15 18,0 3 6 6 9 9 12 12 15 15 18 18 21 24,54,3.857143,7.714286,6,54,4,0,0,solver
6,2,7,14,7,4,0 5,0 3 7 11 15 19 23,0 3 5 7 8 11 12 15 16 19 20 23 24 28,50,3.571429,7.142857,5,50,4,0,0,solver
6,2,7,14,7,4,0 5,0 3 6 10 14 18 22,0 3 5 6 8 10 11 14 15 18 19 22 23 27,51,3.642857,7.285714,5,51,4,0,0,solver
6,2,7,14,7,4,0 5,0 3 6 9 13 17 21,0 3 5 6 8 9 11 13 14 17 18 21 22 26,52,3.714286,7.428571,5,52,4,0,0,solver
6,2,7,14,7,4,0 5,0 3 6 9 12 16 20,0 3 5 6 8 9 11 12 14 16 17 20 21 25,53,3.785714,7.571429,5,53,4,0,0,solver
6,2,7,14,7,4,0 5,0 3 6 9 12 15 19,0 3 5 6 8 9 11 12 14 15 17 19 20 24,54,3.857143,7.714286,5,54,4,0,0,solver
6,2,7,14,7,4,0 5,0 3 6 9 12 15 18,0 3 5 6 8 9 11 12 14 15 17 18 20 23,55,3.928571,7.857143,5,55,4,0,0,solver
6,2,7,14,7,4,0 4,0 3 7 11 15 19 23,0 3 4 7 7 11 11 15 15 19 19 23 23 27,51,3.642857,7.285714,6,51,4,0,0,solver
6,2,7,14,7,4,0 4,0 3 6 10 14 18 22,0 3 4 6 7 10 10 14 14 18 18 22 22 26,52,3.714286,7.428571,6,52,4,0,0,solver
6,2,7,14,7,4,0 4,0 3 6 9 13 17 21,0 3 4 6 7 9 10 13 13 17 17 21 21 25,53,3.785714,7.571429,6,53,4,0,0,solver
6,2,7,14,7,4,0 4,0 3 6 9 12 16 20,0 3 4 6 7 9 10 12 13 16 16 20 20 24,54,3.857143,7.714286,6,54,4,0,0,solver
6,2,7,14,7,4,0 4,0 3 6 9 12 15 19,0 3 4 6 7 9 10 12 13 15 16 19 19 23,55,3.928571,7.857143,6,55,4,0,0,solver
6,2,7,14,7,4,0 4,0 3 6 9 12 15 18,0 3 4 6 7 9 10 12 13 15 16 18 19 22,56,4.000000,8.000000,5,56,4,0,0,solver
6,2,7,14,7,4,0 3,0 3 7 11 15 19 23,0 3 3 6 7 10 11 14 15 18 19 22 23 26,52,3.714286,7.428571,6,52,4,0,0,solver
6,2,7,14,7,4,0 3,0 3 6 10 14 18 22,0 3 3 6 6 9 10 13 14 17 18 21 22 25,53,3.785714,7.571429,6,53,4,0,0,solver
6,2,7,14,7,4,0 3,0 3 6 9 13 17 21,0 3 3 6 6 9 9 12 13 16 17 20 21 24,54,3.857143,7.714286,6,54,4,0,0,solver
6,2,7,14,7,4,0 3,0 3 6 9 12 16 20,0 3 3 6 6 9 9 12 12 15 16 19 20 23,55,3.928571,7.857143,6,55,4,0,0,solver
6,2,7,14,7,4,0 3,0 3 6 9 12 15 19,0 3 3 6 6 9 9 12 12 15 15 18 19 22,56,4.000000,8.000000,6,56,4,0,0,solver
6,2,7,14,7,4,0 3,0 3 6 9 12 15 18,0 3 3 6 6 9 9 12 12 15 15 18 18 21,57,4.071429,8.142857,6,57,4,0,0,solver
6,2,8,16,8,4,0 14,0 3 6 9 12 15 19 23,0 3 6 9 12 14 15 17 19 20 23 23 26 29 33 37,53,3.312500,6.625000,6,53,4,1,0,solver
6,2,8,16,8,4,0 14,0 3 6 9 12 15 18 22,0 3 6 9 12 14 15 17 18 20 22 23 26 29 32 36,54,3.375000,6.750000,5,54,4,0,0,solver
6,2,8,16,8,4,0 14,0 3 6 9 12 15 18 21,0 3 6 9 12 14 15 17 18 20 21 23 26 29 32 35,55,3.437500,6.875000,5,55,4,0,0,solver
6,2,8,16,8,4,0 13,0 3 6 9 12 15 19 23,0 3 6 9 12 13 15 16 19 19 22 23 25 28 32 36,54,3.375000,6.750000,6,54,4,0,0,solver
6,2,8,16,8,4,0 13,0 3 6 9 12 15 18 22,0 3 6 9 12 13 15 16 18 19 22 22 25 28 31 35,55,3.437500,6.875000,6,55,4,0,0,solver
6,2,8,16,8,4,0 13,0 3 6 9 12 15 18 21,0 3 6 9 12 13 15 16 18 19 21 22 25 28 31 34,56,3.500000,7.000000,5,56,4,0,0,solver
6,2,8,16,8,4,0 12,0 3 6 9 12 15 19 23,0 3 6 9 12 12 15 15 18 19 21 23 24 27 31 35,55,3.437500,6.875000,6,55,4,0,0,solver
6,2,8,16,8,4,0 12,0 3 6 9 12 15 18 22,0 3 6 9 12 12 15 15 18 18 21 22 24 27 30 34,56,3.500000,7.000000,6,56,4,0,0,solver
6,2,8,16,8,4,0 12,0 3 6 9 12 15 18 21,0 3 6 9 12 12 15 15 18 18 21 21 24 27 30 33,57,3.562500,7.125000,6,57,4,0,0,solver
6,2,8,16,8,4,0 11,0 3 6 9 12 15 19 23,0 3 6 9 11 12 14 15 17 19 20 23 23 26 30 34,56,3.500000,7.000000,6,56,4,0,0,solver
6,2,8,16,8,4,0 11,0 3 6 9 12 15 18 22,0 3 6 9 11 12 14 15 17 18 20 22 23 26 29 33,57,3.562500,7.125000,5,57,4,0,0,solver
6,2,8,16,8,4,0 11,0 3 6 9 12 15 18 21,0 3 6 9 11 12 14 15 17 18 20 21 23 26 29 32,58,3.625000,7.250000,5,58,4,0,0,solver
6,2,8,16,8,4,0 10,0 3 6 9 12 15 19 23,0 3 6 9 10 12 13 15 16 19 19 22 23 25 29 33,57,3.562500,7.125000,6,57,4,0,0,solver
6,2,8,16,8,4,0 10,0 3 6 9 12 15 18 22,0 3 6 9 10 12 13 15 16 18 19 22 22 25 28 32,58,3.625000,7.250000,6,58,4,0,0,solver
6,2,8,16,8,4,0 10,0 3 6 9 12 15 18 21,0 3 6 9 10 12 13 15 16 18 19 21 22 25 28 31,59,3.687500,7.375000,5,59,4,0,0,solver
6,2,8,16,8,4,0 9,0 3 6 9 12 15 19 23,0 3 6 9 9 12 12 15 15 18 19 21 23 24 28 32,58,3.625000,7.250000,6,58,4,0,0,solver
6,2,8,16,8,4,0 9,0 3 6 9 12 15 18 22,0 3 6 9 9 12 12 15 15 18 18 21 22 24 27 31,59,3.687500,7.375000,6,59,4,0,0,solver
6,2,8,16,8,4,0 9,0 3 6 9 12 15 18 21,0 3 6 9 9 12 12 15 15 18 18 21 21 24 27 30,60,3.750000,7.500000,6,60,4,0,0,solver
6,2,8,16,8,4,0 8,0 3 6 9 12 15 19 23,0 3 6 8 9 11 12 14 15 17 19 20 23 23 27 31,59,3.687500,7.375000,6,59,4,0,0,solver
6,2,8,16,8,4,0 8,0 3 6 9 12 15 18 22,0 3 6 8 9 11 12 14 15 17 18 20 22 23 26 30,60,3.750000,7.500000,5,60,4,0,0,solver
6,2,8,16,8,4,0 8,0 3 6 9 12 15 18 21,0 3 6 8 9 11 12 14 15 17 18 20 21 23 26 29,61,3.812500,7.625000,5,61,4,0,0,solver
6,2,8,16,8,4,0 7,0 3 6 9 12 15 19 23,0 3 6 7 9 10 12 13 15 16 19 19 22 23 26 30,60,3.750000,7.500000,6,60,4,0,0,solver
6,2,8,16,8,4,0 7,0 3 6 9 12 15 18 22,0 3 6 7 9 10 12 13 15 16 18 19 22 22 25 29,61,3.812500,7.625000,6,61,4,0,0,solver
6,2,8,16,8,4,0 7,0 3 6 9 12 15 18 21,0 3 6 7 9 10 12 13 15 16 18 19 21 22 25 28,62,3.875000,7.750000,5,62,4,0,0,solver
6,2,8,16,8,4,0 6,0 3 6 9 12 15 19 23,0 3 6 6 9 9 12 12 15 15 18 19 21 23 25 29,61,3.812500,7.625000,6,61,4,0,0,solver
6,2,8,16,8,4,0 6,0 3 6 9 12 15 18 22,0 3 6 6 9 9 12 12 15 15 18 18 21 22 24 28,62,3.875000,7.750000,6,62,4,0,0,solver
6,2,8,16,8,4,0 6,0 3 6 9 12 15 18 21,0 3 6 6 9 9 12 12 15 15 18 18 21 21 24 27,63,3.937500,7.875000,6,63,4,0,0,solver
6,2,8,16,8,4,0 5,0 3 6 9 12 15 19 23,0 3 5 6 8 9 11 12 14 15 17 19 20 23 24 28,62,3.875000,7.750000,5,62,4,0,0,solver
6,2,8,16,8,4,0 5,0 3 6 9 12 15 18 22,0 3 5 6 8 9 11 12 14 15 17 18 20 22 23 27,63,3.937500,7.875000,5,63,4,0,0,solver
6,2,8,16,8,4,0 5,0 3 6 9 12 15 18 21,0 3 5 6 8 9 11 12 14 15 17 18 20 21 23 26,64,4.000000,8.000000,5,64,4,0,0,solver
6,2,8,16,8,4,0 4,0 3 6 9 12 15 19 23,0 3 4 6 7 9 10 12 13 15 16 19 19 23 23 27,63,3.937500,7.875000,6,63,4,0,0,solver
6,2,8,16,8,4,0 4,0 3 6 9 12 15 18 22,0 3 4 6 7 9 10 12 13 15 16 18 19 22 22 26,64,4.000000,8.000000,6,64,4,0,0,solver
6,2,8,16,8,4,0 4,0 3 6 9 12 15 18 21,0 3 4 6 7 9 10 12 13 15 16 18 19 21 22 25,65,4.062500,8.125000,5,65,4,0,0,solver
6,2,8,16,8,4,0 3,0 3 6 9 12 15 19 23,0 3 3 6 6 9 9 12 12 15 15 18 19 22 23 26,64,4.000000,8.000000,6,64,4,0,0,solver
6,2,8,16,8,4,0 3,0 3 6 9 12 15 18 22,0 3 3 6 6 9 9 12 12 15 15 18 18 21 22 25,65,4.062500,8.125000,6,65,4,0,0,solver
6,2,8,16,8,4,0 3,0 3 6 9 12 15 18 21,0 3 3 6 6 9 9 12 12 15 15 18 18 21 21 24,66,4.125000,8.250000,6,66,4,0,0,solver
6,3,1,3,1,4,0 7 14,0,0 7 14,-2,-0.666667,-2.000000,0,0,1,0,0,solver
6,3,1,3,1,4,0 6 13,0,0 6 13,-1,-0.333333,-1.000000,0,0,1,0,0,solver
6,3,1,3,1,4,0 6 12,0,0 6 12,0,0.000000,0.000000,0,0,1,0,0,solver
6,3,1,3,1,4,0 5 11,0,0 5 11,1,0.333333,1.000000,1,1,2,0,0,solver
6,3,1,3,1,4,0 5 10,0,0 5 10,2,0.666667,2.000000,1,2,2,0,0,solver
6,3,1,3,1,4,0 4 9,0,0 4 9,3,1.000000,3.000000,2,3,2,0,0,solver
6,3,1,3,1,4,0 4 8,0,0 4 8,4,1.333333,4.000000,2,4,2,0,0,solver
6,3,1,3,1,4,0 3 7,0,0 3 7,5,1.666667,5.000000,3,5,2,0,0,solver
6,3,1,3,1,4,0 3 6,0,0 3 6,6,2.000000,6.000000,3,6,2,0,0,solver
6,3,2,6,2,4,0 7 14,0 23,0 7 14 23 30 37,-7,-1.166667,-3.500000,0,0,1,1,0,solver
6,3,2,6,2,4,0 7 14,0 22,0 7 14 22 29 36,-6,-1.000000,-3.000000,0,0,1,0,0,solver
6,3,2,6,2,4,0 7 14,0 21,0 7 14 21 28 35,-5,-0.833333,-2.500000,0,0,1,0,0,solver
6,3,2,6,2,4,0 7 14,0 20,0 7 14 20 27 34,-4,-0.666667,-2.000000,0,0,1,0,0,solver
6,3,2,6,2,4,0 7 14,0 19,0 7 14 19 26 33,-3,-0.500000,-1.500000,1,1,2,0,0,solver
6,3,2,6,2,4,0 7 14,0 18,0 7 14 18 25 32,-2,-0.333333,-1.000000,2,2,2,0,0,solver
6,3,2,6,2,4,0 7 14,0 17,0 7 14 17 24 31,-1,-0.166667,-0.500000,3,3,2,0,0,solver
6,3,2,6,2,4,0 7 14,0 16,0 7 14 16 23 30,0,0.000000,0.000000,4,4,2,0,0,solver
6,3,2,6,2,4,0 7 14,0 15,0 7 14 15 22 29,1,0.166667,0.500000,5,5,2,0,0,solver
6,3,2,6,2,4,0 7 14,0 14,0 7 14 14 21 28,2,0.333333,1.000000,6,6,2,0,0,solver
6,3,2,6,2,4,0 7 14,0 13,0 7 13 14 20 27,3,0.500000,1.500000,5,5,2,0,0,solver
6,3,2,6,2,4,0 7 14,0 12,0 7 12 14 19 26,4,0.666667,2.000000,4,6,2,0,0,solver
6,3,2,6,2,4,0 7 14,0 11,0 7 11 14 18 25,5,0.833333,2.500000,3,7,2,0,0,solver
6,3,2,6,2,4,0 7 14,0 10,0 7 10 14 17 24,6,1.000000,3.000000,3,8,2,0,0,solver
6,3,2,6,2,4,0 7 14,0 9,0 7 9 14 16 23,7,1.166667,3.500000,4,9,2,0,0,solver
6,3,2,6,2,4,0 7 14,0 8,0 7 8 14 15 22,8,1.333333,4.000000,5,10,2,0,0,solver
6,3,2,6,2,4,0 7 14,0 7,0 7 7 14 14 21,9,1.500000,4.500000,6,12,2,0,0,solver
6,3,2,6,2,4,0 7 14,0 6,0 6 7 13 14 20,10,1.666667,5.000000,5,10,2,0,0,solver
6,3,2,6,2,4,0 7 14,0 5,0 5 7 12 14 19,11,1.833333,5.500000,4,11,2,0,0,solver
6,3,2,6,2,4,0 7 14,0 4,0 4 7 11 14 18,12,2.000000,6.000000,3,12,2,0,0,solver
6,3,2,6,2,4,0 7 14,0 3,0 3 7 10 14 17,13,2.166667,6.500000,3,13,2,0,0,solver
6,3,2,6,2,4,0 6 13,0 23,0 6 13 23 29 36,-6,-1.000000,-3.000000,0,0,1,0,0,solver
6,3,2,6,2,4,0 6 13,0 22,0 6 13 22 28 35,-5,-0.833333,-2.500000,0,0,1,0,0,solver
6,3,2,6,2,4,0 6 13,0 21,0 6 13 21 27 34,-4,-0.666667,-2.000000,0,0,1,0,0,solver
6,3,2,6,2,4,0 6 13,0 20,0 6 13 20 26 33,-3,-0.500000,-1.500000,0,0,1,0,0,solver
6,3,2,6,2,4,0 6 13,0 19,0 6 13 19 25 32,-2,-0.333333,-1.000000,0,0,1,0,0,solver
6,3,2,6,2,4,0 6 13,0 18,0 6 13 18 24 31,-1,-0.166667,-0.500000,1,1,2,0,0,solver
6,3,2,6,2,4,0 6 13,0 17,0 6 13 17 23 30,0,0.000000,0.000000,2,2,2,0,0,solver
6,3,2,6,2,4,0 6 13,0 16,0 6 13 16 22 29,1,0.166667,0.500000,3,3,2,0,0,solver
6,3,2,6,2,4,0 6 13,0 15,0 6 13 15 21 28,2,0.333333,1.000000,4,4,2,0,0,solver
6,3,2,6,2,4,0 6 13,0 14,0 6 13 14 20 27,3,0.500000,1.500000,5,5,2,0,0,solver
6,3,2,6,2,4,0 6 13,0 13,0 6 13 13 19 26,4,0.666667,2.000000,6,6,2,0,0,solver
6,3,2,6,2,4,0 6 13,0 12,0 6 12 13 18 25,5,0.833333,2.500000,5,6,2,0,0,solver
6,3,2,6,2,4,0 6 13,0 11,0 6 11 13 17 24,6,1.000000,3.000000,4,7,2,0,0,solver
6,3,2,6,2,4,0 6 13,0 10,0 6 10 13 16 23,7,1.166667,3.500000,3,8,2,0,0,solver
6,3,2,6,2,4,0 6 13,0 9,0 6 9 13 15 22,8,1.333333,4.000000,4,9,2,0,0,solver
6,3,2,6,2,4,0 6 13,0 8,0 6 8 13 14 21,9,1.500000,4.500000,5,10,2,0,0,solver
6,3,2,6,2,4,0 6 13,0 7,0 6 7 13 13 20,10,1.666667,5.000000,6,11,2,0,0,solver
6,3,2,6,2,4,0 6 13,0 6,0 6 6 12 13 19,11,1.833333,5.500000,6,11,2,0,0,solver
6,3,2,6,2,4,0 6 13,0 5,0 5 6 11 13 18,12,2.000000,6.000000,5,12,2,0,0,solver
6,3,2,6,2,4,0 6 13,0 4,0 4 6 10 13 17,13,2.166667,6.500000,4,13,2,0,0,solver
6,3,2,6,2,4,0 6 13,0 3,0 3 6 9 13 16,14,2.333333,7.000000,3,14,2,0,0,solver
6,3,2,6,2,4,0 6 12,0 23,0 6 12 23 29 35,-5,-0.833333,-2.500000,0,0,1,0,0,solver
6,3,2,6,2,4,0 6 12,0 22,0 6 12 22 28 34,-4,-0.666667,-2.000000,0,0,1,0,0,solver
6,3,2,6,2,4,0 6 12,0 21,0 6 12 21 27 33,-3,-0.500000,-1.500000,0,0,1,0,0,solver
6,3,2,6,2,4,0 6 12,0 20,0 6 12 20 26 32,-2,-0.333333,-1.000000,0,0,1,0,0,solver
6,3,2,6,2,4,0 6 12,0 19,0 6 12 19 25 31,-1,-0.166667,-0.500000,0,0,1,0,0,solver
6,3,2,6,2,4,0 6 12,0 18,0 6 12 18 24 30,0,0.000000,0.000000,0,0,1,0,0,solver
6,3,2,6,2,4,0 6 12,0 17,0 6 12 17 23 29,1,0.166667,0.500000,1,1,2,0,0,solver
6,3,2,6,2,4,0 6 12,0 16,0 6 12 16 22 28,2,0.333333,1.000000,2,2,2,0,0,solver
6,3,2,6,2,4,0 6 12,0 15,0 6 12 15 21 27,3,0.500000,1.500000,3,3,2,0,0,solver
6,3,2,6,2,4,0 6 12,0 14,0 6 12 14 20 26,4,0.666667,2.000000,4,4,2,0,0,solver
6,3,2,6,2,4,0 6 12,0 13,0 6 12 13 19 25,5,0.833333,2.500000,5,5,2,0,0,solver
6,3,2,6,2,4,0 6 12,0 12,0 6 12 12 18 24,6,1.000000,3.000000,6,6,2,0,0,solver
6,3,2,6,2,4,0 6 12,0 11,0 6 11 12 17 23,7,1.166667,3.500000,5,7,2,0,0,solver
6,3,2,6,2,4,0 6 12,0 10,0 6 10 12 16 22,8,1.333333,4.000000,4,8,2,0,0,solver
6,3,2,6,2,4,0 6 12,0 9,0 6 9 12 15 21,9,1.500000,4.500000,3,9,2,0,0,solver
6,3,2,6,2,4,0 6 12,0 8,0 6 8 12 14 20,10,1.666667,5.000000,4,10,2,0,0,solver
6,3,2,6,2,4,0 6 12,0 7,0 6 7 12 13 19,11,1.833333,5.500000,5,11,2,0,0,solver
6,3,2,6,2,4,0 6 12,0 6,0 6 6 12 12 18,12,2.000000,6.000000,6,12,2,0,0,solver
6,3,2,6,2,4,0 6 12,0 5,0 5 6 11 12 17,13,2.166667,6.500000,5,13,2,0,0,solver
6,3,2,6,2,4,0 6 12,0 4,0 4 6 10 12 16,14,2.333333,7.000000,4,14,2,0,0,solver
6,3,2,6,2,4,0 6 12,0 3,0 3 6 9 12 15,15,2.500000,7.500000,3,15,2,0,0,solver
6,3,2,6,2,4,0 5 11,0 23,0 5 11 23 28 34,-4,-0.666667,-2.000000,1,2,2,0,0,solver
6,3,2,6,2,4,0 5 11,0 22,0 5 11 22 27 33,-3,-0.500000,-1.500000,1,2,2,0,0,solver
6,3,2,6,2,4,0 5 11,0 21,0 5 11 21 26 32,-2,-0.333333,-1.000000,1,2,2,0,0,solver
6,3,2,6,2,4,0 5 11,0 20,0 5 11 20 25 31,-1,-0.166667,-0.500000,1,2,2,0,0,solver
6,3,2,6,2,4,0 5 11,0 19,0 5 11 19 24 30,0,0.000000,0.000000,1,2,2,0,0,solver
6,3,2,6,2,4,0 5 11,0 18,0 5 11 18 23 29,1,0.166667,0.500000,1,2,2,0,0,solver
6,3,2,6,2,4,0 5 11,0 17,0 5 11 17 22 28,2,0.333333,1.000000,1,2,2,0,0,solver
6,3,2,6,2,4,0 5 11,0 16,0 5 11 16 21 27,3,0.500000,1.500000,1,3,2,0,0,solver
6,3,2,6,2,4,0 5 11,0 15,0 5 11 15 20 26,4,0.666667,2.000000,2,4,2,0,0,solver
6,3,2,6,2,4,0 5 11,0 14,0 5 11 14 19 25,5,0.833333,2.500000,3,5,2,0,0,solver
6,3,2,6,2,4,0 5 11,0 13,0 5 11 13 18 24,6,1.000000,3.000000,4,6,2,0,0,solver
6,3,2,6,2,4,0 5 11,0 12,0 5 11 12 17 23,7,1.166667,3.500000,5,7,2,0,0,solver
6,3,2,6,2,4,0 5 11,0 11,0 5 11 11 16 22,8,1.333333,4.000000,6,8,3,0,0,solver
6,3,2,6,2,4,0 5 11,0 10,0 5 10 11 15 21,9,1.500000,4.500000,5,9,3,0,0,solver
6,3,2,6,2,4,0 5 11,0 9,0 5 9 11 14 20,10,1.666667,5.000000,4,10,3,0,0,solver
6,3,2,6,2,4,0 5 11,0 8,0 5 8 11 13 19,11,1.833333,5.500000,4,11,3,0,0,solver
6,3,2,6,2,4,0 5 11,0 7,0 5 7 11 12 18,12,2.000000,6.000000,5,12,3,0,0,solver
6,3,2,6,2,4,0 5 11,0 6,0 5 6 11 11 17,13,2.166667,6.500000,6,13,3,0,0,solver
6,3,2,6,2,4,0 5 11,0 5,0 5 5 10 11 16,14,2.333333,7.000000,6,14,3,0,0,solver
6,3,2,6,2,4,0 5 11,0 4,0 4 5 9 11 15,15,2.500000,7.500000,5,15,3,0,0,solver
6,3,2,6,2,4,0 5 11,0 3,0 3 5 8 11 14,16,2.666667,8.000000,4,16,3,0,0,solver
6,3,2,6,2,4,0 5 10,0 23,0 5 10 23 28 33,-3,-0.500000,-1.500000,1,4,2,0,0,solver
6,3,2,6,2,4,0 5 10,0 22,0 5 10 22 27 32,-2,-0.333333,-1.000000,1,4,2,0,0,solver
6,3,2,6,2,4,0 5 10,0 21,0 5 10 21 26 31,-1,-0.166667,-0.500000,1,4,2,0,0,solver
6,3,2,6,2,4,0 5 10,0 20,0 5 10 20 25 30,0,0.000000,0.000000,1,4,2,0,0,solver
6,3,2,6,2,4,0 5 10,0 19,0 5 10 19 24 29,1,0.166667,0.500000,1,4,2,0,0,solver
6,3,2,6,2,4,0 5 10,0 18,0 5 10 18 23 28,2,0.333333,1.000000,1,4,2,0,0,solver
6,3,2,6,2,4,0 5 10,0 17,0 5 10 17 22 27,3,0.500000,1.500000,1,4,2,0,0,solver
6,3,2,6,2,4,0 5 10,0 16,0 5 10 16 21 26,4,0.666667,2.000000,1,4,2,0,0,solver
6,3,2,6,2,4,0 5 10,0 15,0 5 10 15 20 25,5,0.833333,2.500000,1,5,2,0,0,solver
6,3,2,6,2,4,0 5 10,0 14,0 5 10 14 19 24,6,1.000000,3.000000,2,6,2,0,0,solver
6,3,2,6,2,4,0 5 10,0 13,0 5 10 13 18 23,7,1.166667,3.500000,3,7,2,0,0,solver
6,3,2,6,2,4,0 5 10,0 12,0 5 10 12 17 22,8,1.333333,4.000000,4,8,2,0,0,solver
6,3,2,6,2,4,0 5 10,0 11,0 5 10 11 16 21,9,1.500000,4.500000,5,9,2,0,0,solver
6,3,2,6,2,4,0 5 10,0 10,0 5 10 10 15 20,10,1.666667,5.000000,6,10,3,0,0,solver
6,3,2,6,2,4,0 5 10,0 9,0 5 9 10 14 19,11,1.833333,5.500000,5,11,3,0,0,solver
6,3,2,6,2,4,0 5 10,0 8,0 5 8 10 13 18,12,2.000000,6.000000,4,12,3,0,0,solver
6,3,2,6,2,4,0 5 10,0 7,0 5 7 10 12 17,13,2.166667,6.500000,4,13,3,0,0,solver
6,3,2,6,2,4,0 5 10,0 6,0 5 6 10 11 16,14,2.333333,7.000000,5,14,3,0,0,solver
6,3,2,6,2,4,0 5 10,0 5,0 5 5 10 10 15,15,2.500000,7.500000,6,15,4,0,0,solver
6,3,2,6,2,4,0 5 10,0 4,0 4 5 9 10 14,16,2.666667,8.000000,5,16,3,0,0,solver
6,3,2,6,2,4,0 5 10,0 3,0 3 5 8 10 13,17,2.833333,8.500000,4,17,3,0,0,solver
6,3,2,6,2,4,0 4 9,0 23,0 4 9 23 27 32,-2,-0.333333,-1.000000,2,6,2,0,0,solver
6,3,2,6,2,4,0 4 9,0 22,0 4 9 22 26 31,-1,-0.166667,-0.500000,2,6,2,0,0,solver
6,3,2,6,2,4,0 4 9,0 21,0 4 9 21 25 30,0,0.000000,0.000000,2,6,2,0,0,solver
6,3,2,6,2,4,0 4 9,0 20,0 4 9 20 24 29,1,0.166667,0.500000,2,6,2,0,0,solver
6,3,2,6,2,4,0 4 9,0 19,0 4 9 19 23 28,2,0.333333,1.000000,2,6,2,0,0,solver
6,3,2,6,2,4,0 4 9,0 18,0 4 9 18 22 27,3,0.500000,1.500000,2,6,2,0,0,solver
6,3,2,6,2,4,0 4 9,0 17,0 4 9 17 21 26,4,0.666667,2.000000,2,6,2,0,0,solver
6,3,2,6,2,4,0 4 9,0 16,0 4 9 16 20 25,5,0.833333,2.500000,2,6,2,0,0,solver
6,3,2,6,2,4,0 4 9,0 15,0 4 9 15 19 24,6,1.000000,3.000000,2,6,2,0,0,solver
6,3,2,6,2,4,0 4 9,0 14,0 4 9 14 18 23,7,1.166667,3.500000,2,7,2,0,0,solver
6,3,2,6,2,4,0 4 9,0 13,0 4 9 13 17 22,8,1.333333,4.000000,2,8,2,0,0,solver
6,3,2,6,2,4,0 4 9,0 12,0 4 9 12 16 21,9,1.500000,4.500000,3,9,2,0,0,solver
6,3,2,6,2,4,0 4 9,0 11,0 4 9 11 15 20,10,1.666667,5.000000,4,10,2,0,0,solver
6,3,2,6,2,4,0 4 9,0 10,0 4 9 10 14 19,11,1.833333,5.500000,5,11,3,0,0,solver
6,3,2,6,2,4,0 4 9,0 9,0 4 9 9 13 18,12,2.000000,6.000000,6,12,3,0,0,solver
6,3,2,6,2,4,0 4 9,0 8,0 4 8 9 12 17,13,2.166667,6.500000,5,13,3,0,0,solver
6,3,2,6,2,4,0 4 9,0 7,0 4 7 9 11 16,14,2.333333,7.000000,4,14,3,0,0,solver
6,3,2,6,2,4,0 4 9,0 6,0 4 6 9 10 15,15,2.500000,7.500000,5,15,3,0,0,solver
6,3,2,6,2,4,0 4 9,0 5,0 4 5 9 9 14,16,2.666667,8.000000,6,16,4,0,0,solver
6,3,2,6,2,4,0 4 9,0 4,0 4 4 8 9 13,17,2.833333,8.500000,6,17,4,0,0,solver
6,3,2,6,2,4,0 4 9,0 3,0 3 4 7 9 12,18,3.000000,9.000000,5,18,3,0,0,solver
6,3,2,6,2,4,0 4 8,0 23,0 4 8 23 27 31,-1,-0.166667,-0.500000,2,8,2,0,0,solver
6,3,2,6,2,4,0 4 8,0 22,0 4 8 22 26 30,0,0.000000,0.000000,2,8,2,0,0,solver
6,3,2,6,2,4,0 4 8,0 21,0 4 8 21 25 29,1,0.166667,0.500000,2,8,2,0,0,solver
6,3,2,6,2,4,0 4 8,0 20,0 4 8 20 24 28,2,0.333333,1.000000,2,8,2,0,0,solver
6,3,2,6,2,4,0 4 8,0 19,0 4 8 19 23 27,3,0.500000,1.500000,2,8,2,0,0,solver
6,3,2,6,2,4,0 4 8,0 18,0 4 8 18 22 26,4,0.666667,2.000000,2,8,2,0,0,solver
6,3,2,6,2,4,0 4 8,0 17,0 4 8 17 21 25,5,0.833333,2.500000,2,8,2,0,0,solver
6,3,2,6,2,4,0 4 8,0 16,0 4 8 16 20 24,6,1.000000,3.000000,2,8,2,0,0,solver
6,3,2,6,2,4,0 4 8,0 15,0 4 8 15 19 23,7,1.166667,3.500000,2,8,2,0,0,solver
6,3,2,6,2,4,0 4 8,0 14,0 4 8 14 18 22,8,1.333333,4.000000,2,8,2,0,0,solver
6,3,2,6,2,4,0 4 8,0 13,0 4 8 13 17 21,9,1.500000,4.500000,2,9,2,0,0,solver
6,3,2,6,2,4,0 4 8,0 12,0 4 8 12 16 20,10,1.666667,5.000000,2,10,2,0,0,solver
6,3,2,6,2,4,0 4 8,0 11,0 4 8 11 15 19,11,1.833333,5.500000,3,11,2,0,0,solver
6,3,2,6,2,4,0 4 8,0 10,0 4 8 10 14 18,12,2.000000,6.000000,4,12,2,0,0,solver
6,3,2,6,2,4,0 4 8,0 9,0 4 8 9 13 17,13,2.166667,6.500000,5,13,3,0,0,solver
6,3,2,6,2,4,0 4 8,0 8,0 4 8 8 12 16,14,2.333333,7.000000,6,14,3,0,0,solver
6,3,2,6,2,4,0 4 8,0 7,0 4 7 8 11 15,15,2.500000,7.500000,5,15,3,0,0,solver
6,3,2,6,2,4,0 4 8,0 6,0 4 6 8 10 14,16,2.666667,8.000000,4,16,3,0,0,solver
6,3,2,6,2,4,0 4 8,0 5,0 4 5 8 9 13,17,2.833333,8.500000,5,17,4,0,0,solver
6,3,2,6,2,4,0 4 8,0 4,0 4 4 8 8 12,18,3.000000,9.000000,6,18,4,0,0,solver
6,3,2,6,2,4,0 4 8,0 3,0 3 4 7 8 11,19,3.166667,9.500000,5,19,4,0,0,solver
6,3,2,6,2,4,0 3 7,0 23,0 3 7 23 26 30,0,0.000000,0.000000,3,10,2,0,0,solver
6,3,2,6,2,4,0 3 7,0 22,0 3 7 22 25 29,1,0.166667,0.500000,3,10,2,0,0,solver
6,3,2,6,2,4,0 3 7,0 21,0 3 7 21 24 28,2,0.333333,1.000000,3,10,2,0,0,solver
6,3,2,6,2,4,0 3 7,0 20,0 3 7 20 23 27,3,0.500000,1.500000,3,10,2,0,0,solver
6,3,2,6,2,4,0 3 7,0 19,0 3 7 19 22 26,4,0.666667,2.000000,3,10,2,0,0,solver
6,3,2,6,2,4,0 3 7,0 18,0 3 7 18 21 25,5,0.833333,2.500000,3,10,2,0,0,solver
6,3,2,6,2,4,0 3 7,0 17,0 3 7 17 20 24,6,1.000000,3.000000,3,10,2,0,0,solver
6,3,2,6,2,4,0 3 7,0 16,0 3 7 16 19 23,7,1.166667,3.500000,3,10,2,0,0,solver
6,3,2,6,2,4,0 3 7,0 15,0 3 7 15 18 22,8,1.333333,4.000000,3,10,2,0,0,solver
6,3,2,6,2,4,0 3 7,0 14,0 3 7 14 17 21,9,1.500000,4.500000,3,10,2,0,0,solver
6,3,2,6,2,4,0 3 7,0 13,0 3 7 13 16 20,10,1.666667,5.000000,3,10,2,0,0,solver
6,3,2,6,2,4,0 3 7,0 12,0 3 7 12 15 19,11,1.833333,5.500000,3,11,2,0,0,solver
6,3,2,6,2,4,0 3 7,0 11,0 3 7 11 14 18,12,2.000000,6.000000,3,12,2,0,0,solver
6,3,2,6,2,4,0 3 7,0 10,0 3 7 10 13 17,13,2.166667,6.500000,3,13,2,0,0,solver
6,3,2,6,2,4,0 3 7,0 9,0 3 7 9 12 16,14,2.333333,7.000000,4,14,3,0,0,solver
6,3,2,6,2,4,0 3 7,0 8,0 3 7 8 11 15,15,2.500000,7.500000,5,15,3,0,0,solver
6,3,2,6,2,4,0 3 7,0 7,0 3 7 7 10 14,16,2.666667,8.000000,6,16,3,0,0,solver
6,3,2,6,2,4,0 3 7,0 6,0 3 6 7 9 13,17,2.833333,8.500000,5,17,3,0,0,solver
6,3,2,6,2,4,0 3 7,0 5,0 3 5 7 8 12,18,3.000000,9.000000,5,18,4,0,0,solver
6,3,2,6,2,4,0 3 7,0 4,0 3 4 7 7 11,19,3.166667,9.500000,6,19,4,0,0,solver
6,3,2,6,2,4,0 3 7,0 3,0 3 3 6 7 10,20,3.333333,10.000000,6,20,4,0,0,solver
6,3,2,6,2,4,0 3 6,0 23,0 3 6 23 26 29,1,0.166667,0.500000,3,12,2,0,0,solver
6,3,2,6,2,4,0 3 6,0 22,0 3 6 22 25 28,2,0.333333,1.000000,3,12,2,0,0,solver
6,3,2,6,2,4,0 3 6,0 21,0 3 6 21 24 27,3,0.500000,1.500000,3,12,2,0,0,solver
6,3,2,6,2,4,0 3 6,0 20,0 3 6 20 23 26,4,0.666667,2.000000,3,12,2,0,0,solver
6,3,2,6,2,4,0 3 6,0 19,0 3 6 19 22 25,5,0.833333,2.500000,3,12,2,0,0,solver
6,3,2,6,2,4,0 3 6,0 18,0 3 6 18 21 24,6,1.000000,3.000000,3,12,2,0,0,solver
6,3,2,6,2,4,0 3 6,0 17,0 3 6 17 20 23,7,1.166667,3.500000,3,12,2,0,0,solver
6,3,2,6,2,4,0 3 6,0 16,0 3 6 16 19 22,8,1.333333,4.000000,3,12,2,0,0,solver
6,3,2,6,2,4,0 3 6,0 15,0 3 6 15 18 21,9,1.500000,4.500000,3,12,2,0,0,solver
6,3,2,6,2,4,0 3 6,0 14,0 3 6 14 17 20,10,1.666667,5.000000,3,12,2,0,0,solver
6,3,2,6,2,4,0 3 6,0 13,0 3 6 13 16 19,11,1.833333,5.500000,3,12,2,0,0,solver
6,3,2,6,2,4,0 3 6,0 12,0 3 6 12 15 18,12,2.000000,6.000000,3,12,2,0,0,solver
6,3,2,6,2,4,0 3 6,0 11,0 3 6 11 14 17,13,2.166667,6.500000,3,13,2,0,0,solver
6,3,2,6,2,4,0 3 6,0 10,0 3 6 10 13 16,14,2.333333,7.000000,3,14,2,0,0,solver
6,3,2,6,2,4,0 3 6,0 9,0 3 6 9 12 15,15,2.500000,7.500000,3,15,2,0,0,solver
6,3,2,6,2,4,0 3 6,0 8,0 3 6 8 11 14,16,2.666667,8.000000,4,16,3,0,0,solver
6,3,2,6,2,4,0 3 6,0 7,0 3 6 7 10 13,17,2.833333,8.500000,5,17,3,0,0,solver
6,3,2,6,2,4,0 3 6,0 6,0 3 6 6 9 12,18,3.000000,9.000000,6,18,3,0,0,solver
6,3,2,6,2,4,0 3 6,0 5,0 3 5 6 8 11,19,3.166667,9.500000,5,19,4,0,0,solver
6,3,2,6,2,4,0 3 6,0 4,0 3 4 6 7 10,20,3.333333,10.000000,5,20,4,0,0,solver
6,3,2,6,2,4,0 3 6,0 3,0 3 3 6 6 9,21,3.500000,10.500000,6,21,4,0,0,solver
6,3,3,9,3,4,0 7 14,0 11 23,0 7 11 14 18 23 25 30 37,11,1.222222,3.666667,4,13,2,1,0,solver
6,3,3,9,3,4,0 7 14,0 11 22,0 7 11 14 18 22 25 29 36,12,1.333333,4.000000,3,14,2,0,0,solver
6,3,3,9,3,4,0 7 14,0 10 21,0 7 10 14 17 21 24 28 35,13,1.444444,4.333333,3,15,2,0,0,solver
6,3,3,9,3,4,0 7 14,0 10 20,0 7 10 14 17 20 24 27 34,14,1.555556,4.666667,3,16,2,0,0,solver
6,3,3,9,3,4,0 7 14,0 9 19,0 7 9 14 16 19 23 26 33,15,1.666667,5.000000,4,17,3,0,0,solver
6,3,3,9,3,4,0 7 14,0 9 18,0 7 9 14 16 18 23 25 32,16,1.777778,5.333333,4,18,3,0,0,solver
6,3,3,9,3,4,0 7 14,0 8 17,0 7 8 14 15 17 22 24 31,17,1.888889,5.666667,5,19,3,0,0,solver
6,3,3,9,3,4,0 7 14,0 8 16,0 7 8 14 15 16 22 23 30,18,2.000000,6.000000,5,20,3,0,0,solver
6,3,3,9,3,4,0 7 14,0 7 15,0 7 7 14 14 15 21 22 29,19,2.111111,6.333333,6,22,3,0,0,solver
6,3,3,9,3,4,0 7 14,0 7 14,0 7 7 14 14 14 21 21 28,20,2.222222,6.666667,6,24,3,0,0,solver
6,3,3,9,3,4,0 7 14,0 6 13,0 6 7 13 13 14 20 20 27,21,2.333333,7.000000,6,22,3,0,0,solver
6,3,3,9,3,4,0 7 14,0 6 12,0 6 7 12 13 14 19 20 26,22,2.444444,7.333333,5,22,3,0,0,solver
6,3,3,9,3,4,0 7 14,0 5 11,0 5 7 11 12 14 18 19 25,23,2.555556,7.666667,5,23,3,0,0,solver
6,3,3,9,3,4,0 7 14,0 5 10,0 5 7 10 12 14 17 19 24,24,2.666667,8.000000,4,24,3,0,0,solver
6,3,3,9,3,4,0 7 14,0 4 9,0 4 7 9 11 14 16 18 23,25,2.777778,8.333333,4,25,3,0,0,solver
6,3,3,9,3,4,0 7 14,0 4 8,0 4 7 8 11 14 15 18 22,26,2.888889,8.666667,5,26,3,0,0,solver
6,3,3,9,3,4,0 7 14,0 3 7,0 3 7 7 10 14 14 17 21,27,3.000000,9.000000,6,27,3,0,0,solver
6,3,3,9,3,4,0 7 14,0 3 6,0 3 6 7 10 13 14 17 20,28,3.111111,9.333333,5,28,3,0,0,solver
6,3,3,9,3,4,0 6 13,0 11 23,0 6 11 13 17 23 24 29 36,12,1.333333,4.000000,5,13,2,0,0,solver
6,3,3,9,3,4,0 6 13,0 11 22,0 6 11 13 17 22 24 28 35,13,1.444444,4.333333,4,14,2,0,0,solver
6,3,3,9,3,4,0 6 13,0 10 21,0 6 10 13 16 21 23 27 34,14,1.555556,4.666667,4,15,2,0,0,solver
6,3,3,9,3,4,0 6 13,0 10 20,0 6 10 13 16 20 23 26 33,15,1.666667,5.000000,3,16,2,0,0,solver
6,3,3,9,3,4,0 6 13,0 9 19,0 6 9 13 15 19 22 25 32,16,1.777778,5.333333,4,17,2,0,0,solver
6,3,3,9,3,4,0 6 13,0 9 18,0 6 9 13 15 18 22 24 31,17,1.888889,5.666667,4,18,3,0,0,solver
6,3,3,9,3,4,0 6 13,0 8 17,0 6 8 13 14 17 21 23 30,18,2.000000,6.000000,5,19,3,0,0,solver
6,3,3,9,3,4,0 6 13,0 8 16,0 6 8 13 14 16 21 22 29,19,2.111111,6.333333,5,20,3,0,0,solver
6,3,3,9,3,4,0 6 13,0 7 15,0 6 7 13 13 15 20 21 28,20,2.222222,6.666667,6,21,3,0,0,solver
6,3,3,9,3,4,0 6 13,0 7 14,0 6 7 13 13 14 20 20 27,21,2.333333,7.000000,6,22,3,0,0,solver
6,3,3,9,3,4,0 6 13,0 6 13,0 6 6 12 13 13 19 19 26,22,2.444444,7.333333,6,23,3,0,0,solver
6,3,3,9,3,4,0 6 13,0 6 12,0 6 6 12 12 13 18 19 25,23,2.555556,7.666667,6,23,3,0,0,solver
6,3,3,9,3,4,0 6 13,0 5 11,0 5 6 11 11 13 17 18 24,24,2.666667,8.000000,6,24,3,0,0,solver
6,3,3,9,3,4,0 6 13,0 5 10,0 5 6 10 11 13 16 18 23,25,2.777778,8.333333,5,25,3,0,0,solver
6,3,3,9,3,4,0 6 13,0 4 9,0 4 6 9 10 13 15 17 22,26,2.888889,8.666667,5,26,3,0,0,solver
6,3,3,9,3,4,0 6 13,0 4 8,0 4 6 8 10 13 14 17 21,27,3.000000,9.000000,5,27,3,0,0,solver
6,3,3,9,3,4,0 6 13,0 3 7,0 3 6 7 9 13 13 16 20,28,3.111111,9.333333,6,28,3,0,0,solver
6,3,3,9,3,4,0 6 13,0 3 6,0 3 6 6 9 12 13 16 19,29,3.222222,9.666667,6,29,3,0,0,solver
6,3,3,9,3,4,0 6 12,0 11 23,0 6 11 12 17 23 23 29 35,13,1.444444,4.333333,6,13,2,0,0,solver
6,3,3,9,3,4,0 6 12,0 11 22,0 6 11 12 17 22 23 28 34,14,1.555556,4.666667,5,14,2,0,0,solver
6,3,3,9,3,4,0 6 12,0 10 21,0 6 10 12 16 21 22 27 33,15,1.666667,5.000000,5,15,2,0,0,solver
6,3,3,9,3,4,0 6 12,0 10 20,0 6 10 12 16 20 22 26 32,16,1.777778,5.333333,4,16,2,0,0,solver
6,3,3,9,3,4,0 6 12,0 9 19,0 6 9 12 15 19 21 25 31,17,1.888889,5.666667,4,17,2,0,0,solver
6,3,3,9,3,4,0 6 12,0 9 18,0 6 9 12 15 18 21 24 30,18,2.000000,6.000000,3,18,2,0,0,solver
6,3,3,9,3,4,0 6 12,0 8 17,0 6 8 12 14 17 20 23 29,19,2.111111,6.333333,4,19,3,0,0,solver
6,3,3,9,3,4,0 6 12,0 8 16,0 6 8 12 14 16 20 22 28,20,2.222222,6.666667,4,20,3,0,0,solver
6,3,3,9,3,4,0 6 12,0 7 15,0 6 7 12 13 15 19 21 27,21,2.333333,7.000000,5,21,3,0,0,solver
6,3,3,9,3,4,0 6 12,0 7 14,0 6 7 12 13 14 19 20 26,22,2.444444,7.333333,5,22,3,0,0,solver
6,3,3,9,3,4,0 6 12,0 6 13,0 6 6 12 12 13 18 19 25,23,2.555556,7.666667,6,23,3,0,0,solver
6,3,3,9,3,4,0 6 12,0 6 12,0 6 6 12 12 12 18 18 24,24,2.666667,8.000000,6,24,3,0,0,solver
6,3,3,9,3,4,0 6 12,0 5 11,0 5 6 11 11 12 17 17 23,25,2.777778,8.333333,6,25,3,0,0,solver
6,3,3,9,3,4,0 6 12,0 5 10,0 5 6 10 11 12 16 17 22,26,2.888889,8.666667,5,26,3,0,0,solver
6,3,3,9,3,4,0 6 12,0 4 9,0 4 6 9 10 12 15 16 21,27,3.000000,9.000000,5,27,3,0,0,solver
6,3,3,9,3,4,0 6 12,0 4 8,0 4 6 8 10 12 14 16 20,28,3.111111,9.333333,4,28,3,0,0,solver
6,3,3,9,3,4,0 6 12,0 3 7,0 3 6 7 9 12 13 15 19,29,3.222222,9.666667,5,29,3,0,0,solver
6,3,3,9,3,4,0 6 12,0 3 6,0 3 6 6 9 12 12 15 18,30,3.333333,10.000000,6,30,3,0,0,solver
6,3,3,9,3,4,0 5 11,0 11 23,0 5 11 11 16 22 23 28 34,14,1.555556,4.666667,6,14,3,0,0,solver
6,3,3,9,3,4,0 5 11,0 11 22,0 5 11 11 16 22 22 27 33,15,1.666667,5.000000,6,15,3,0,0,solver
6,3,3,9,3,4,0 5 11,0 10 21,0 5 10 11 15 21 21 26 32,16,1.777778,5.333333,6,16,3,0,0,solver
6,3,3,9,3,4,0 5 11,0 10 20,0 5 10 11 15 20 21 25 31,17,1.888889,5.666667,5,17,3,0,0,solver
6,3,3,9,3,4,0 5 11,0 9 19,0 5 9 11 14 19 20 24 30,18,2.000000,6.000000,5,18,3,0,0,solver
6,3,3,9,3,4,0 5 11,0 9 18,0 5 9 11 14 18 20 23 29,19,2.111111,6.333333,4,19,3,0,0,solver
6,3,3,9,3,4,0 5 11,0 8 17,0 5 8 11 13 17 19 22 28,20,2.222222,6.666667,4,20,3,0,0,solver
6,3,3,9,3,4,0 5 11,0 8 16,0 5 8 11 13 16 19 21 27,21,2.333333,7.000000,4,21,3,0,0,solver
6,3,3,9,3,4,0 5 11,0 7 15,0 5 7 11 12 15 18 20 26,22,2.444444,7.333333,5,22,3,0,0,solver
6,3,3,9,3,4,0 5 11,0 7 14,0 5 7 11 12 14 18 19 25,23,2.555556,7.666667,5,23,3,0,0,solver
6,3,3,9,3,4,0 5 11,0 6 13,0 5 6 11 11 13 17 18 24,24,2.666667,8.000000,6,24,3,0,0,solver
6,3,3,9,3,4,0 5 11,0 6 12,0 5 6 11 11 12 17 17 23,25,2.777778,8.333333,6,25,3,0,0,solver
6,3,3,9,3,4,0 5 11,0 5 11,0 5 5 10 11 11 16 16 22,26,2.888889,8.666667,6,26,4,0,0,solver
6,3,3,9,3,4,0 5 11,0 5 10,0 5 5 10 10 11 15 16 21,27,3.000000,9.000000,6,27,4,0,0,solver
6,3,3,9,3,4,0 5 11,0 4 9,0 4 5 9 9 11 14 15 20,28,3.111111,9.333333,6,28,4,0,0,solver
6,3,3,9,3,4,0 5 11,0 4 8,0 4 5 8 9 11 13 15 19,29,3.222222,9.666667,5,29,4,0,0,solver
6,3,3,9,3,4,0 5 11,0 3 7,0 3 5 7 8 11 12 14 18,30,3.333333,10.000000,5,30,4,0,0,solver
6,3,3,9,3,4,0 5 11,0 3 6,0 3 5 6 8 11 11 14 17,31,3.444444,10.333333,6,31,4,0,0,solver
6,3,3,9,3,4,0 5 10,0 11 23,0 5 10 11 16 21 23 28 33,15,1.666667,5.000000,5,15,2,0,0,solver
6,3,3,9,3,4,0 5 10,0 11 22,0 5 10 11 16 21 22 27 32,16,1.777778,5.333333,5,16,2,0,0,solver
6,3,3,9,3,4,0 5 10,0 10 21,0 5 10 10 15 20 21 26 31,17,1.888889,5.666667,6,17,3,0,0,solver
6,3,3,9,3,4,0 5 10,0 10 20,0 5 10 10 15 20 20 25 30,18,2.000000,6.000000,6,18,3,0,0,solver
6,3,3,9,3,4,0 5 10,0 9 19,0 5 9 10 14 19 19 24 29,19,2.111111,6.333333,6,19,3,0,0,solver
6,3,3,9,3,4,0 5 10,0 9 18,0 5 9 10 14 18 19 23 28,20,2.222222,6.666667,5,20,3,0,0,solver
6,3,3,9,3,4,0 5 10,0 8 17,0 5 8 10 13 17 18 22 27,21,2.333333,7.000000,5,21,3,0,0,solver
6,3,3,9,3,4,0 5 10,0 8 16,0 5 8 10 13 16 18 21 26,22,2.444444,7.333333,4,22,3,0,0,solver
6,3,3,9,3,4,0 5 10,0 7 15,0 5 7 10 12 15 17 20 25,23,2.555556,7.666667,4,23,3,0,0,solver
6,3,3,9,3,4,0 5 10,0 7 14,0 5 7 10 12 14 17 19 24,24,2.666667,8.000000,4,24,3,0,0,solver
6,3,3,9,3,4,0 5 10,0 6 13,0 5 6 10 11 13 16 18 23,25,2.777778,8.333333,5,25,3,0,0,solver
6,3,3,9,3,4,0 5 10,0 6 12,0 5 6 10 11 12 16 17 22,26,2.888889,8.666667,5,26,3,0,0,solver
6,3,3,9,3,4,0 5 10,0 5 11,0 5 5 10 10 11 15 16 21,27,3.000000,9.000000,6,27,4,0,0,solver
6,3,3,9,3,4,0 5 10,0 4 8,0 4 5 8 9 10 13 14 18,30,3.333333,10.000000,5,30,4,0,0,solver
6,3,3,9,3,4,0 5 10,0 3 7,0 3 5 7 8 10 12 13 17,31,3.444444,10.333333,5,31,4,0,0,solver
6,3,3,9,3,4,0 5 10,0 3 6,0 3 5 6 8 10 11 13 16,32,3.555556,10.666667,5,32,4,0,0,solver
6,3,3,9,3,4,0 4 9,0 11 23,0 4 9 11 15 20 23 27 32,16,1.777778,5.333333,4,16,2,0,0,solver
6,3,3,9,3,4,0 4 9,0 11 22,0 4 9 11 15 20 22 26 31,17,1.888889,5.666667,4,17,2,0,0,solver
6,3,3,9,3,4,0 4 9,0 10 21,0 4 9 10 14 19 21 25 30,18,2.000000,6.000000,5,18,3,0,0,solver
6,3,3,9,3,4,0 4 9,0 10 20,0 4 9 10 14 19 20 24 29,19,2.111111,6.333333,5,19,3,0,0,solver
6,3,3,9,3,4,0 4 9,0 9 19,0 4 9 9 13 18 19 23 28,20,2.222222,6.666667,6,20,3,0,0,solver
6,3,3,9,3,4,0 4 9,0 9 18,0 4 9 9 13 18 18 22 27,21,2.333333,7.000000,6,21,3,0,0,solver
6,3,3,9,3,4,0 4 9,0 8 17,0 4 8 9 12 17 17 21 26,22,2.444444,7.333333,6,22,3,0,0,solver
6,3,3,9,3,4,0 4 9,0 8 16,0 4 8 9 12 16 17 20 25,23,2.555556,7.666667,5,23,3,0,0,solver
6,3,3,9,3,4,0 4 9,0 7 15,0 4 7 9 11 15 16 19 24,24,2.666667,8.000000,5,24,3,0,0,solver
6,3,3,9,3,4,0 4 9,0 7 14,0 4 7 9 11 14 16 18 23,25,2.777778,8.333333,4,25,3,0,0,solver
6,3,3,9,3,4,0 4 9,0 6 13,0 4 6 9 10 13 15 17 22,26,2.888889,8.666667,5,26,3,0,0,solver
6,3,3,9,3,4,0 4 9,0 6 12,0 4 6 9 10 12 15 16 21,27,3.000000,9.000000,5,27,3,0,0,solver
6,3,3,9,3,4,0 4 9,0 5 11,0 4 5 9 9 11 14 15 20,28,3.111111,9.333333,6,28,4,0,0,solver
6,3,3,9,3,4,0 4 9,0 3 6,0 3 4 6 7 9 10 12 15,33,3.666667,11.000000,5,33,4,0,0,solver
6,3,3,9,3,4,0 4 8,0 11 23,0 4 8 11 15 19 23 27 31,17,1.888889,5.666667,3,17,2,0,0,solver
6,3,3,9,3,4,0 4 8,0 11 22,0 4 8 11 15 19 22 26 30,18,2.000000,6.000000,3,18,2,0,0,solver
6,3,3,9,3,4,0 4 8,0 10 21,0 4 8 10 14 18 21 25 29,19,2.111111,6.333333,4,19,2,0,0,solver
6,3,3,9,3,4,0 4 8,0 10 20,0 4 8 10 14 18 20 24 28,20,2.222222,6.666667,4,20,2,0,0,solver
6,3,3,9,3,4,0 4 8,0 9 19,0 4 8 9 13 17 19 23 27,21,2.333333,7.000000,5,21,3,0,0,solver
6,3,3,9,3,4,0 4 8,0 9 18,0 4 8 9 13 17 18 22 26,22,2.444444,7.333333,5,22,3,0,0,solver
6,3,3,9,3,4,0 4 8,0 8 17,0 4 8 8 12 16 17 21 25,23,2.555556,7.666667,6,23,3,0,0,solver
6,3,3,9,3,4,0 4 8,0 8 16,0 4 8 8 12 16 16 20 24,24,2.666667,8.000000,6,24,3,0,0,solver
6,3,3,9,3,4,0 4 8,0 7 15,0 4 7 8 11 15 15 19 23,25,2.777778,8.333333,6,25,3,0,0,solver
6,3,3,9,3,4,0 4 8,0 7 14,0 4 7 8 11 14 15 18 22,26,2.888889,8.666667,5,26,3,0,0,solver
6,3,3,9,3,4,0 4 8,0 6 13,0 4 6 8 10 13 14 17 21,27,3.000000,9.000000,5,27,3,0,0,solver
6,3,3,9,3,4,0 4 8,0 6 12,0 4 6 8 10 12 14 16 20,28,3.111111,9.333333,4,28,3,0,0,solver
6,3,3,9,3,4,0 4 8,0 5 11,0 4 5 8 9 11 13 15 19,29,3.222222,9.666667,5,29,4,0,0,solver
6,3,3,9,3,4,0 4 8,0 5 10,0 4 5 8 9 10 13 14 18,30,3.333333,10.000000,5,30,4,0,0,solver
6,3,3,9,3,4,0 3 7,0 11 23,0 3 7 11 14 18 23 26 30,18,2.000000,6.000000,3,18,2,0,0,solver
6,3,3,9,3,4,0 3 7,0 11 22,0 3 7 11 14 18 22 25 29,19,2.111111,6.333333,3,19,2,0,0,solver
6,3,3,9,3,4,0 3 7,0 10 21,0 3 7 10 13 17 21 24 28,20,2.222222,6.666667,3,20,2,0,0,solver
6,3,3,9,3,4,0 3 7,0 10 20,0 3 7 10 13 17 20 23 27,21,2.333333,7.000000,3,21,2,0,0,solver
6,3,3,9,3,4,0 3 7,0 9 19,0 3 7 9 12 16 19 22 26,22,2.444444,7.333333,4,22,3,0,0,solver
6,3,3,9,3,4,0 3 7,0 9 18,0 3 7 9 12 16 18 21 25,23,2.555556,7.666667,4,23,3,0,0,solver
6,3,3,9,3,4,0 3 7,0 8 17,0 3 7 8 11 15 17 20 24,24,2.666667,8.000000,5,24,3,0,0,solver
6,3,3,9,3,4,0 3 7,0 8 16,0 3 7 8 11 15 16 19 23,25,2.777778,8.333333,5,25,3,0,0,solver
6,3,3,9,3,4,0 3 7,0 7 15,0 3 7 7 10 14 15 18 22,26,2.888889,8.666667,6,26,3,0,0,solver
6,3,3,9,3,4,0 3 7,0 7 14,0 3 7 7 10 14 14 17 21,27,3.000000,9.000000,6,27,3,0,0,solver
6,3,3,9,3,4,0 3 7,0 6 13,0 3 6 7 9 13 13 16 20,28,3.111111,9.333333,6,28,3,0,0,solver
6,3,3,9,3,4,0 3 7,0 6 12,0 3 6 7 9 12 13 15 19,29,3.222222,9.666667,5,29,3,0,0,solver
6,3,3,9,3,4,0 3 7,0 5 11,0 3 5 7 8 11 12 14 18,30,3.333333,10.000000,5,30,4,0,0,solver
6,3,3,9,3,4,0 3 7,0 5 10,0 3 5 7 8 10 12 13 17,31,3.444444,10.333333,5,31,4,0,0,solver
6,3,3,9,3,4,0 3 6,0 11 23,0 3 6 11 14 17 23 26 29,19,2.111111,6.333333,3,19,2,0,0,solver
6,3,3,9,3,4,0 3 6,0 11 22,0 3 6 11 14 17 22 25 28,20,2.222222,6.666667,3,20,2,0,0,solver
6,3,3,9,3,4,0 3 6,0 10 21,0 3 6 10 13 16 21 24 27,21,2.333333,7.000000,3,21,2,0,0,solver
6,3,3,9,3,4,0 3 6,0 10 20,0 3 6 10 13 16 20 23 26,22,2.444444,7.333333,3,22,2,0,0,solver
6,3,3,9,3,4,0 3 6,0 9 19,0 3 6 9 12 15 19 22 25,23,2.555556,7.666667,3,23,2,0,0,solver
6,3,3,9,3,4,0 3 6,0 9 18,0 3 6 9 12 15 18 21 24,24,2.666667,8.000000,3,24,2,0,0,solver
6,3,3,9,3,4,0 3 6,0 8 17,0 3 6 8 11 14 17 20 23,25,2.777778,8.333333,4,25,3,0,0,solver
6,3,3,9,3,4,0 3 6,0 8 16,0 3 6 8 11 14 16 19 22,26,2.888889,8.666667,4,26,3,0,0,solver
6,3,3,9,3,4,0 3 6,0 7 15,0 3 6 7 10 13 15 18 21,27,3.000000,9.000000,5,27,3,0,0,solver
6,3,3,9,3,4,0 3 6,0 7 14,0 3 6 7 10 13 14 17 20,28,3.111111,9.333333,5,28,3,0,0,solver
6,3,3,9,3,4,0 3 6,0 6 13,0 3 6 6 9 12 13 16 19,29,3.222222,9.666667,6,29,3,0,0,solver
6,3,3,9,3,4,0 3 6,0 6 12,0 3 6 6 9 12 12 15 18,30,3.333333,10.000000,6,30,3,0,0,solver
6,3,3,9,3,4,0 3 6,0 5 11,0 3 5 6 8 11 11 14 17,31,3.444444,10.333333,6,31,4,0,0,solver
6,3,3,9,3,4,0 3 6,0 5 10,0 3 5 6 8 10 11 13 16,32,3.555556,10.666667,5,32,4,0,0,solver
6,3,3,9,3,4,0 3 6,0 4 9,0 3 4 6 7 9 10 12 15,33,3.666667,11.000000,5,33,4,0,0,solver
6,3,4,12,4,4,0 7 14,0 7 15 23,0 7 7 14 14 15 21 22 23 29 30 37,29,2.416667,7.250000,6,32,3,1,0,solver
6,3,4,12,4,4,0 7 14,0 7 14 22,0 7 7 14 14 14 21 21 22 28 29 36,30,2.500000,7.500000,6,34,3,0,0,solver
6,3,4,12,4,4,0 7 14,0 7 14 21,0 7 7 14 14 14 21 21 21 28 28 35,31,2.583333,7.750000,6,36,3,0,0,solver
6,3,4,12,4,4,0 7 14,0 6 13 20,0 6 7 13 13 14 20 20 20 27 27 34,32,2.666667,8.000000,6,34,3,0,0,solver
6,3,4,12,4,4,0 7 14,0 6 12 19,0 6 7 12 13 14 19 19 20 26 26 33,33,2.750000,8.250000,6,34,3,0,0,solver
6,3,4,12,4,4,0 7 14,0 6 12 18,0 6 7 12 13 14 18 19 20 25 26 32,34,2.833333,8.500000,5,34,3,0,0,solver
6,3,4,12,4,4,0 7 14,0 5 11 17,0 5 7 11 12 14 17 18 19 24 25 31,35,2.916667,8.750000,5,35,4,0,0,solver
6,3,4,12,4,4,0 7 14,0 5 10 16,0 5 7 10 12 14 16 17 19 23 24 30,36,3.000000,9.000000,5,36,4,0,0,solver
6,3,4,12,4,4,0 7 14,0 5 10 15,0 5 7 10 12 14 15 17 19 22 24 29,37,3.083333,9.250000,5,37,4,0,0,solver
6,3,4,12,4,4,0 7 14,0 4 9 14,0 4 7 9 11 14 14 16 18 21 23 28,38,3.166667,9.500000,6,38,4,0,0,solver
6,3,4,12,4,4,0 7 14,0 4 8 13,0 4 7 8 11 13 14 15 18 20 22 27,39,3.250000,9.750000,5,39,4,0,0,solver
6,3,4,12,4,4,0 7 14,0 4 8 12,0 4 7 8 11 12 14 15 18 19 22 26,40,3.333333,10.000000,5,40,4,0,0,solver
6,3,4,12,4,4,0 7 14,0 3 7 11,0 3 7 7 10 11 14 14 17 18 21 25,41,3.416667,10.250000,6,41,4,0,0,solver
6,3,4,12,4,4,0 7 14,0 3 6 10,0 3 6 7 10 10 13 14 17 17 20 24,42,3.500000,10.500000,6,42,4,0,0,solver
6,3,4,12,4,4,0 7 14,0 3 6 9,0 3 6 7 9 10 13 14 16 17 20 23,43,3.583333,10.750000,5,43,4,0,0,solver
6,3,4,12,4,4,0 6 13,0 7 15 23,0 6 7 13 13 15 20 21 23 28 29 36,30,2.500000,7.500000,6,31,3,0,0,solver
6,3,4,12,4,4,0 6 13,0 7 14 22,0 6 7 13 13 14 20 20 22 27 28 35,31,2.583333,7.750000,6,32,3,0,0,solver
6,3,4,12,4,4,0 6 13,0 7 14 21,0 6 7 13 13 14 20 20 21 27 27 34,32,2.666667,8.000000,6,33,3,0,0,solver
6,3,4,12,4,4,0 6 13,0 6 13 20,0 6 6 12 13 13 19 19 20 26 26 33,33,2.750000,8.250000,6,34,3,0,0,solver
6,3,4,12,4,4,0 6 13,0 6 12 19,0 6 6 12 12 13 18 19 19 25 25 32,34,2.833333,8.500000,6,35,3,0,0,solver
6,3,4,12,4,4,0 6 13,0 6 12 18,0 6 6 12 12 13 18 18 19 24 25 31,35,2.916667,8.750000,6,35,3,0,0,solver
6,3,4,12,4,4,0 6 13,0 5 11 17,0 5 6 11 11 13 17 17 18 23 24 30,36,3.000000,9.000000,6,36,4,0,0,solver
6,3,4,12,4,4,0 6 13,0 5 10 16,0 5 6 10 11 13 16 16 18 22 23 29,37,3.083333,9.250000,6,37,4,0,0,solver
6,3,4,12,4,4,0 6 13,0 5 10 15,0 5 6 10 11 13 15 16 18 21 23 28,38,3.166667,9.500000,5,38,4,0,0,solver
6,3,4,12,4,4,0 6 13,0 4 9 14,0 4 6 9 10 13 14 15 17 20 22 27,39,3.250000,9.750000,5,39,4,0,0,solver
6,3,4,12,4,4,0 6 13,0 4 8 13,0 4 6 8 10 13 13 14 17 19 21 26,40,3.333333,10.000000,6,40,4,0,0,solver
6,3,4,12,4,4,0 6 13,0 4 8 12,0 4 6 8 10 12 13 14 17 18 21 25,41,3.416667,10.250000,5,41,4,0,0,solver
6,3,4,12,4,4,0 6 13,0 3 7 11,0 3 6 7 9 11 13 13 16 17 20 24,42,3.500000,10.500000,6,42,4,0,0,solver
6,3,4,12,4,4,0 6 13,0 3 6 10,0 3 6 6 9 10 12 13 16 16 19 23,43,3.583333,10.750000,6,43,4,0,0,solver
6,3,4,12,4,4,0 6 13,0 3 6 9,0 3 6 6 9 9 12 13 15 16 19 22,44,3.666667,11.000000,6,44,4,0,0,solver
6,3,4,12,4,4,0 6 12,0 7 15 23,0 6 7 12 13 15 19 21 23 27 29 35,31,2.583333,7.750000,5,31,3,0,0,solver
6,3,4,12,4,4,0 6 12,0 7 14 22,0 6 7 12 13 14 19 20 22 26 28 34,32,2.666667,8.000000,5,32,3,0,0,solver
6,3,4,12,4,4,0 6 12,0 7 14 21,0 6 7 12 13 14 19 20 21 26 27 33,33,2.750000,8.250000,5,33,3,0,0,solver
6,3,4,12,4,4,0 6 12,0 6 13 20,0 6 6 12 12 13 18 19 20 25 26 32,34,2.833333,8.500000,6,34,3,0,0,solver
6,3,4,12,4,4,0 6 12,0 6 12 19,0 6 6 12 12 12 18 18 19 24 25 31,35,2.916667,8.750000,6,35,3,0,0,solver
6,3,4,12,4,4,0 6 12,0 6 12 18,0 6 6 12 12 12 18 18 18 24 24 30,36,3.000000,9.000000,6,36,3,0,0,solver
6,3,4,12,4,4,0 6 12,0 5 11 17,0 5 6 11 11 12 17 17 17 23 23 29,37,3.083333,9.250000,6,37,4,0,0,solver
6,3,4,12,4,4,0 6 12,0 5 10 16,0 5 6 10 11 12 16 16 17 22 22 28,38,3.166667,9.500000,6,38,4,0,0,solver
6,3,4,12,4,4,0 6 12,0 5 10 15,0 5 6 10 11 12 15 16 17 21 22 27,39,3.250000,9.750000,5,39,4,0,0,solver
6,3,4,12,4,4,0 6 12,0 4 9 14,0 4 6 9 10 12 14 15 16 20 21 26,40,3.333333,10.000000,5,40,4,0,0,solver
6,3,4,12,4,4,0 6 12,0 4 8 13,0 4 6 8 10 12 13 14 16 19 20 25,41,3.416667,10.250000,5,41,4,0,0,solver
6,3,4,12,4,4,0 6 12,0 4 8 12,0 4 6 8 10 12 12 14 16 18 20 24,42,3.500000,10.500000,6,42,4,0,0,solver
6,3,4,12,4,4,0 6 12,0 3 7 11,0 3 6 7 9 11 12 13 15 17 19 23,43,3.583333,10.750000,5,43,4,0,0,solver
6,3,4,12,4,4,0 6 12,0 3 6 10,0 3 6 6 9 10 12 12 15 16 18 22,44,3.666667,11.000000,6,44,4,0,0,solver
6,3,4,12,4,4,0 6 12,0 3 6 9,0 3 6 6 9 9 12 12 15 15 18 21,45,3.750000,11.250000,6,45,4,0,0,solver
6,3,4,12,4,4,0 5 11,0 7 15 23,0 5 7 11 12 15 18 20 23 26 28 34,32,2.666667,8.000000,5,32,3,0,0,solver
6,3,4,12,4,4,0 5 11,0 7 14 22,0 5 7 11 12 14 18 19 22 25 27 33,33,2.750000,8.250000,5,33,3,0,0,solver
6,3,4,12,4,4,0 5 11,0 7 14 21,0 5 7 11 12 14 18 19 21 25 26 32,34,2.833333,8.500000,5,34,3,0,0,solver
6,3,4,12,4,4,0 5 11,0 6 13 20,0 5 6 11 11 13 17 18 20 24 25 31,35,2.916667,8.750000,6,35,3,0,0,solver
6,3,4,12,4,4,0 5 11,0 6 12 19,0 5 6 11 11 12 17 17 19 23 24 30,36,3.000000,9.000000,6,36,3,0,0,solver
6,3,4,12,4,4,0 5 11,0 6 12 18,0 5 6 11 11 12 17 17 18 23 23 29,37,3.083333,9.250000,6,37,3,0,0,solver
6,3,4,12,4,4,0 5 11,0 5 11 17,0 5 5 10 11 11 16 16 17 22 22 28,38,3.166667,9.500000,6,38,4,0,0,solver
6,3,4,12,4,4,0 5 11,0 5 10 16,0 5 5 10 10 11 15 16 16 21 21 27,39,3.250000,9.750000,6,39,4,0,0,solver
6,3,4,12,4,4,0 5 10,0 7 15 23,0 5 7 10 12 15 17 20 23 25 28 33,33,2.750000,8.250000,4,33,3,0,0,solver
6,3,4,12,4,4,0 5 10,0 7 14 22,0 5 7 10 12 14 17 19 22 24 27 32,34,2.833333,8.500000,4,34,3,0,0,solver
6,3,4,12,4,4,0 5 10,0 7 14 21,0 5 7 10 12 14 17 19 21 24 26 31,35,2.916667,8.750000,4,35,3,0,0,solver
6,3,4,12,4,4,0 5 10,0 6 13 20,0 5 6 10 11 13 16 18 20 23 25 30,36,3.000000,9.000000,5,36,3,0,0,solver
6,3,4,12,4,4,0 5 10,0 6 12 19,0 5 6 10 11 12 16 17 19 22 24 29,37,3.083333,9.250000,5,37,3,0,0,solver
6,3,4,12,4,4,0 5 10,0 6 12 18,0 5 6 10 11 12 16 17 18 22 23 28,38,3.166667,9.500000,5,38,3,0,0,solver
6,3,4,12,4,4,0 5 10,0 5 11 17,0 5 5 10 10 11 15 16 17 21 22 27,39,3.250000,9.750000,6,39,4,0,0,solver
6,3,4,12,4,4,0 4 9,0 7 15 23,0 4 7 9 11 15 16 19 23 24 27 32,34,2.833333,8.500000,5,34,3,0,0,solver
6,3,4,12,4,4,0 4 9,0 7 14 22,0 4 7 9 11 14 16 18 22 23 26 31,35,2.916667,8.750000,5,35,3,0,0,solver
6,3,4,12,4,4,0 4 9,0 7 14 21,0 4 7 9 11 14 16 18 21 23 25 30,36,3.000000,9.000000,4,36,3,0,0,solver
6,3,4,12,4,4,0 4 9,0 6 13 20,0 4 6 9 10 13 15 17 20 22 24 29,37,3.083333,9.250000,5,37,3,0,0,solver
6,3,4,12,4,4,0 4 9,0 6 12 19,0 4 6 9 10 12 15 16 19 21 23 28,38,3.166667,9.500000,5,38,3,0,0,solver
6,3,4,12,4,4,0 4 9,0 6 12 18,0 4 6 9 10 12 15 16 18 21 22 27,39,3.250000,9.750000,5,39,3,0,0,solver
6,3,4,12,4,4,0 4 9,0 5 11 17,0 4 5 9 9 11 14 15 17 20 21 26,40,3.333333,10.000000,6,40,4,0,0,solver
6,3,4,12,4,4,0 4 8,0 7 15 23,0 4 7 8 11 15 15 19 23 23 27 31,35,2.916667,8.750000,6,35,3,0,0,solver
6,3,4,12,4,4,0 4 8,0 7 14 22,0 4 7 8 11 14 15 18 22 22 26 30,36,3.000000,9.000000,6,36,3,0,0,solver
6,3,4,12,4,4,0 4 8,0 7 14 21,0 4 7 8 11 14 15 18 21 22 25 29,37,3.083333,9.250000,5,37,3,0,0,solver
6,3,4,12,4,4,0 4 8,0 6 13 20,0 4 6 8 10 13 14 17 20 21 24 28,38,3.166667,9.500000,5,38,3,0,0,solver
6,3,4,12,4,4,0 4 8,0 6 12 19,0 4 6 8 10 12 14 16 19 20 23 27,39,3.250000,9.750000,5,39,3,0,0,solver
6,3,4,12,4,4,0 4 8,0 6 12 18,0 4 6 8 10 12 14 16 18 20 22 26,40,3.333333,10.000000,4,40,3,0,0,solver
6,3,4,12,4,4,0 4 8,0 5 11 17,0 4 5 8 9 11 13 15 17 19 21 25,41,3.416667,10.250000,5,41,4,0,0,solver
6,3,4,12,4,4,0 4 8,0 5 10 16,0 4 5 8 9 10 13 14 16 18 20 24,42,3.500000,10.500000,5,42,4,0,0,solver
6,3,4,12,4,4,0 4 8,0 5 10 15,0 4 5 8 9 10 13 14 15 18 19 23,43,3.583333,10.750000,5,43,4,0,0,solver
6,3,4,12,4,4,0 3 7,0 7 15 23,0 3 7 7 10 14 15 18 22 23 26 30,36,3.000000,9.000000,6,36,3,0,0,solver
6,3,4,12,4,4,0 3 7,0 7 14 22,0 3 7 7 10 14 14 17 21 22 25 29,37,3.083333,9.250000,6,37,3,0,0,solver
6,3,4,12,4,4,0 3 7,0 7 14 21,0 3 7 7 10 14 14 17 21 21 24 28,38,3.166667,9.500000,6,38,3,0,0,solver
6,3,4,12,4,4,0 3 7,0 6 13 20,0 3 6 7 9 13 13 16 20 20 23 27,39,3.250000,9.750000,6,39,3,0,0,solver
6,3,4,12,4,4,0 3 7,0 6 12 19,0 3 6 7 9 12 13 15 19 19 22 26,40,3.333333,10.000000,6,40,3,0,0,solver
6,3,4,12,4,4,0 3 7,0 6 12 18,0 3 6 7 9 12 13 15 18 19 21 25,41,3.416667,10.250000,5,41,3,0,0,solver
6,3,4,12,4,4,0 3 7,0 5 11 17,0 3 5 7 8 11 12 14 17 18 20 24,42,3.500000,10.500000,5,42,4,0,0,solver
6,3,4,12,4,4,0 3 7,0 5 10 16,0 3 5 7 8 10 12 13 16 17 19 23,43,3.583333,10.750000,5,43,4,0,0,solver
6,3,4,12,4,4,0 3 7,0 5 10 15,0 3 5 7 8 10 12 13 15 17 18 22,44,3.666667,11.000000,5,44,4,0,0,solver
6,3,4,12,4,4,0 3 6,0 7 15 23,0 3 6 7 10 13 15 18 21 23 26 29,37,3.083333,9.250000,5,37,3,0,0,solver
6,3,4,12,4,4,0 3 6,0 7 14 22,0 3 6 7 10 13 14 17 20 22 25 28,38,3.166667,9.500000,5,38,3,0,0,solver
6,3,4,12,4,4,0 3 6,0 7 14 21,0 3 6 7 10 13 14 17 20 21 24 27,39,3.250000,9.750000,5,39,3,0,0,solver
6,3,4,12,4,4,0 3 6,0 6 13 20,0 3 6 6 9 12 13 16 19 20 23 26,40,3.333333,10.000000,6,40,3,0,0,solver
6,3,4,12,4,4,0 3 6,0 6 12 19,0 3 6 6 9 12 12 15 18 19 22 25,41,3.416667,10.250000,6,41,3,0,0,solver
6,3,4,12,4,4,0 3 6,0 6 12 18,0 3 6 6 9 12 12 15 18 18 21 24,42,3.500000,10.500000,6,42,3,0,0,solver
6,3,4,12,4,4,0 3 6,0 5 11 17,0 3 5 6 8 11 11 14 17 17 20 23,43,3.583333,10.750000,6,43,4,0,0,solver
6,3,4,12,4,4,0 3 6,0 5 10 16,0 3 5 6 8 10 11 13 16 16 19 22,44,3.666667,11.000000,6,44,4,0,0,solver
6,3,4,12,4,4,0 3 6,0 5 10 15,0 3 5 6 8 10 11 13 15 16 18 21,45,3.750000,11.250000,5,45,4,0,0,solver
6,3,4,12,4,4,0 3 6,0 4 9 14,0 3 4 6 7 9 10 12 14 15 17 20,46,3.833333,11.500000,5,46,4,0,0,solver
6,3,5,15,5,4,0 7 14,0 5 11 17 23,0 5 7 11 12 14 17 18 19 23 24 25 30 31 37,47,3.133333,9.400000,5,47,4,1,0,solver
6,3,5,15,5,4,0 7 14,0 5 10 16 22,0 5 7 10 12 14 16 17 19 22 23 24 29 30 36,48,3.200000,9.600000,5,48,4,0,0,solver
6,3,5,15,5,4,0 7 14,0 5 10 15 21,0 5 7 10 12 14 15 17 19 21 22 24 28 29 35,49,3.266667,9.800000,5,49,4,0,0,solver
6,3,5,15,5,4,0 7 14,0 5 10 15 20,0 5 7 10 12 14 15 17 19 20 22 24 27 29 34,50,3.333333,10.000000,5,50,4,0,0,solver
6,3,5,15,5,4,0 6 13,0 5 11 17 23,0 5 6 11 11 13 17 17 18 23 23 24 29 30 36,48,3.200000,9.600000,6,48,4,0,0,solver
6,3,5,15,5,4,0 6 13,0 5 10 16 22,0 5 6 10 11 13 16 16 18 22 22 23 28 29 35,49,3.266667,9.800000,6,49,4,0,0,solver
6,3,5,15,5,4,0 6 13,0 5 10 15 21,0 5 6 10 11 13 15 16 18 21 21 23 27 28 34,50,3.333333,10.000000,6,50,4,0,0,solver
6,3,5,15,5,4,0 6 13,0 5 10 15 20,0 5 6 10 11 13 15 16 18 20 21 23 26 28 33,51,3.400000,10.200000,5,51,4,0,0,solver
6,3,5,15,5,4,0 6 13,0 4 9 14 19,0 4 6 9 10 13 14 15 17 19 20 22 25 27 32,52,3.466667,10.400000,5,52,4,0,0,solver
6,3,5,15,5,4,0 6 12,0 5 11 17 23,0 5 6 11 11 12 17 17 17 23 23 23 29 29 35,49,3.266667,9.800000,6,49,4,0,0,solver
6,3,5,15,5,4,0 6 12,0 5 10 16 22,0 5 6 10 11 12 16 16 17 22 22 22 28 28 34,50,3.333333,10.000000,6,50,4,0,0,solver
6,3,5,15,5,4,0 6 12,0 5 10 15 21,0 5 6 10 11 12 15 16 17 21 21 22 27 27 33,51,3.400000,10.200000,6,51,4,0,0,solver
6,3,5,15,5,4,0 6 12,0 5 10 15 20,0 5 6 10 11 12 15 16 17 20 21 22 26 27 32,52,3.466667,10.400000,5,52,4,0,0,solver
6,3,5,15,5,4,0 6 12,0 4 9 14 19,0 4 6 9 10 12 14 15 16 19 20 21 25 26 31,53,3.533333,10.600000,5,53,4,0,0,solver
6,3,5,15,5,4,0 6 12,0 4 8 13 18,0 4 6 8 10 12 13 14 16 18 19 20 24 25 30,54,3.600000,10.800000,5,54,4,0,0,solver
6,3,5,15,5,4,0 5 11,0 5 11 17 23,0 5 5 10 11 11 16 16 17 22 22 23 28 28 34,50,3.333333,10.000000,6,50,4,0,0,solver
6,3,5,15,5,4,0 5 11,0 5 10 16 22,0 5 5 10 10 11 15 16 16 21 21 22 27 27 33,51,3.400000,10.200000,6,51,4,0,0,solver
6,3,5,15,5,4,0 5 10,0 5 11 17 23,0 5 5 10 10 11 15 16 17 21 22 23 27 28 33,51,3.400000,10.200000,6,51,4,0,0,solver
6,3,5,15,5,4,0 4 9,0 5 11 17 23,0 4 5 9 9 11 14 15 17 20 21 23 26 27 32,52,3.466667,10.400000,6,52,4,0,0,solver
6,3,5,15,5,4,0 4 8,0 5 11 17 23,0 4 5 8 9 11 13 15 17 19 21 23 25 27 31,53,3.533333,10.600000,5,53,4,0,0,solver
6,3,5,15,5,4,0 4 8,0 5 10 16 22,0 4 5 8 9 10 13 14 16 18 20 22 24 26 30,54,3.600000,10.800000,5,54,4,0,0,solver
6,3,5,15,5,4,0 4 8,0 5 10 15 21,0 4 5 8 9 10 13 14 15 18 19 21 23 25 29,55,3.666667,11.000000,5,55,4,0,0,solver
6,3,5,15,5,4,0 4 8,0 5 10 15 20,0 4 5 8 9 10 13 14 15 18 19 20 23 24 28,56,3.733333,11.200000,5,56,4,0,0,solver
6,3,5,15,5,4,0 3 7,0 5 11 17 23,0 3 5 7 8 11 12 14 17 18 20 23 24 26 30,54,3.600000,10.800000,5,54,4,0,0,solver
6,3,5,15,5,4,0 3 7,0 5 10 16 22,0 3 5 7 8 10 12 13 16 17 19 22 23 25 29,55,3.666667,11.000000,5,55,4,0,0,solver
6,3,5,15,5,4,0 3 7,0 5 10 15 21,0 3 5 7 8 10 12 13 15 17 18 21 22 24 28,56,3.733333,11.200000,5,56,4,0,0,solver
6,3,5,15,5,4,0 3 7,0 5 10 15 20,0 3 5 7 8 10 12 13 15 17 18 20 22 23 27,57,3.800000,11.400000,5,57,4,0,0,solver
6,3,5,15,5,4,0 3 6,0 5 11 17 23,0 3 5 6 8 11 11 14 17 17 20 23 23 26 29,55,3.666667,11.000000,6,55,4,0,0,solver
6,3,5,15,5,4,0 3 6,0 5 10 16 22,0 3 5 6 8 10 11 13 16 16 19 22 22 25 28,56,3.733333,11.200000,6,56,4,0,0,solver
6,3,5,15,5,4,0 3 6,0 5 10 15 21,0 3 5 6 8 10 11 13 15 16 18 21 21 24 27,57,3.800000,11.400000,6,57,4,0,0,solver
6,3,5,15,5,4,0 3 6,0 5 10 15 20,0 3 5 6 8 10 11 13 15 16 18 20 21 23 26,58,3.866667,11.600000,5,58,4,0,0,solver
6,3,5,15,5,4,0 3 6,0 4 9 14 19,0 3 4 6 7 9 10 12 14 15 17 19 20 22 25,59,3.933333,11.800000,5,59,4,0,0,solver
6,3,6,18,6,4,0 6 12,0 4 8 13 18 23,0 4 6 8 10 12 13 14 16 18 19 20 23 24 25 29 30 35,67,3.722222,11.166667,5,67,4,1,0,solver
6,4,1,4,1,4,0 4 9 14,0,0 4 9 14,4,1.000000,4.000000,2,4,2,0,0,solver
6,4,1,4,1,4,0 4 8 13,0,0 4 8 13,5,1.250000,5.000000,2,5,2,0,0,solver
6,4,1,4,1,4,0 4 8 12,0,0 4 8 12,6,1.500000,6.000000,2,6,2,0,0,solver
6,4,1,4,1,4,0 3 7 11,0,0 3 7 11,7,1.750000,7.000000,3,7,2,0,0,solver
6,4,1,4,1,4,0 3 6 10,0,0 3 6 10,8,2.000000,8.000000,3,8,2,0,0,solver
6,4,1,4,1,4,0 3 6 9,0,0 3 6 9,9,2.250000,9.000000,3,9,2,0,0,solver
6,4,2,8,2,4,0 4 9 14,0 23,0 4 9 14 23 27 32 37,5,0.625000,2.500000,2,8,2,1,0,solver
6,4,2,8,2,4,0 4 9 14,0 22,0 4 9 14 22 26 31 36,6,0.750000,3.000000,2,8,2,0,0,solver
6,4,2,8,2,4,0 4 9 14,0 21,0 4 9 14 21 25 30 35,7,0.875000,3.500000,2,8,2,0,0,solver
6,4,2,8,2,4,0 4 9 14,0 20,0 4 9 14 20 24 29 34,8,1.000000,4.000000,2,8,2,0,0,solver
6,4,2,8,2,4,0 4 9 14,0 19,0 4 9 14 19 23 28 33,9,1.125000,4.500000,2,9,2,0,0,solver
6,4,2,8,2,4,0 4 9 14,0 18,0 4 9 14 18 22 27 32,10,1.250000,5.000000,2,10,2,0,0,solver
6,4,2,8,2,4,0 4 9 14,0 17,0 4 9 14 17 21 26 31,11,1.375000,5.500000,3,11,2,0,0,solver
6,4,2,8,2,4,0 4 9 14,0 16,0 4 9 14 16 20 25 30,12,1.500000,6.000000,4,12,2,0,0,solver
6,4,2,8,2,4,0 4 9 14,0 15,0 4 9 14 15 19 24 29,13,1.625000,6.500000,5,13,3,0,0,solver
6,4,2,8,2,4,0 4 9 14,0 14,0 4 9 14 14 18 23 28,14,1.750000,7.000000,6,14,3,0,0,solver
6,4,2,8,2,4,0 4 9 14,0 13,0 4 9 13 14 17 22 27,15,1.875000,7.500000,5,15,3,0,0,solver
6,4,2,8,2,4,0 4 9 14,0 12,0 4 9 12 14 16 21 26,16,2.000000,8.000000,4,16,3,0,0,solver
6,4,2,8,2,4,0 4 9 14,0 11,0 4 9 11 14 15 20 25,17,2.125000,8.500000,5,17,3,0,0,solver
6,4,2,8,2,4,0 4 9 14,0 10,0 4 9 10 14 14 19 24,18,2.250000,9.000000,6,18,4,0,0,solver
6,4,2,8,2,4,0 4 9 14,0 9,0 4 9 9 13 14 18 23,19,2.375000,9.500000,6,19,4,0,0,solver
6,4,2,8,2,4,0 4 9 14,0 8,0 4 8 9 12 14 17 22,20,2.500000,10.000000,5,20,3,0,0,solver
6,4,2,8,2,4,0 4 9 14,0 7,0 4 7 9 11 14 16 21,21,2.625000,10.500000,4,21,3,0,0,solver
6,4,2,8,2,4,0 4 9 14,0 6,0 4 6 9 10 14 15 20,22,2.750000,11.000000,5,22,3,0,0,solver
6,4,2,8,2,4,0 4 9 14,0 5,0 4 5 9 9 14 14 19,23,2.875000,11.500000,6,23,4,0,0,solver
6,4,2,8,2,4,0 4 9 14,0 4,0 4 4 8 9 13 14 18,24,3.000000,12.000000,6,24,4,0,0,solver
6,4,2,8,2,4,0 4 9 14,0 3,0 3 4 7 9 12 14 17,25,3.125000,12.500000,5,25,3,0,0,solver
6,4,2,8,2,4,0 4 8 13,0 23,0 4 8 13 23 27 31 36,6,0.750000,3.000000,2,10,2,0,0,solver
6,4,2,8,2,4,0 4 8 13,0 22,0 4 8 13 22 26 30 35,7,0.875000,3.500000,2,10,2,0,0,solver
6,4,2,8,2,4,0 4 8 13,0 21,0 4 8 13 21 25 29 34,8,1.000000,4.000000,2,10,2,0,0,solver
6,4,2,8,2,4,0 4 8 13,0 20,0 4 8 13 20 24 28 33,9,1.125000,4.500000,2,10,2,0,0,solver
6,4,2,8,2,4,0 4 8 13,0 19,0 4 8 13 19 23 27 32,10,1.250000,5.000000,2,10,2,0,0,solver
6,4,2,8,2,4,0 4 8 13,0 18,0 4 8 13 18 22 26 31,11,1.375000,5.500000,2,11,2,0,0,solver
6,4,2,8,2,4,0 4 8 13,0 17,0 4 8 13 17 21 25 30,12,1.500000,6.000000,2,12,2,0,0,solver
6,4,2,8,2,4,0 4 8 13,0 16,0 4 8 13 16 20 24 29,13,1.625000,6.500000,3,13,2,0,0,solver
6,4,2,8,2,4,0 4 8 13,0 15,0 4 8 13 15 19 23 28,14,1.750000,7.000000,4,14,2,0,0,solver
6,4,2,8,2,4,0 4 8 13,0 14,0 4 8 13 14 18 22 27,15,1.875000,7.500000,5,15,3,0,0,solver
6,4,2,8,2,4,0 4 8 13,0 13,0 4 8 13 13 17 21 26,16,2.000000,8.000000,6,16,3,0,0,solver
6,4,2,8,2,4,0 4 8 13,0 12,0 4 8 12 13 16 20 25,17,2.125000,8.500000,5,17,3,0,0,solver
6,4,2,8,2,4,0 4 8 13,0 11,0 4 8 11 13 15 19 24,18,2.250000,9.000000,4,18,3,0,0,solver
6,4,2,8,2,4,0 4 8 13,0 10,0 4 8 10 13 14 18 23,19,2.375000,9.500000,5,19,3,0,0,solver
6,4,2,8,2,4,0 4 8 13,0 9,0 4 8 9 13 13 17 22,20,2.500000,10.000000,6,20,4,0,0,solver
6,4,2,8,2,4,0 4 8 13,0 8,0 4 8 8 12 13 16 21,21,2.625000,10.500000,6,21,4,0,0,solver
6,4,2,8,2,4,0 4 8 13,0 7,0 4 7 8 11 13 15 20,22,2.750000,11.000000,5,22,3,0,0,solver
6,4,2,8,2,4,0 4 8 13,0 6,0 4 6 8 10 13 14 19,23,2.875000,11.500000,5,23,3,0,0,solver
6,4,2,8,2,4,0 4 8 13,0 5,0 4 5 8 9 13 13 18,24,3.000000,12.000000,6,24,4,0,0,solver
6,4,2,8,2,4,0 4 8 13,0 4,0 4 4 8 8 12 13 17,25,3.125000,12.500000,6,25,4,0,0,solver
6,4,2,8,2,4,0 4 8 13,0 3,0 3 4 7 8 11 13 16,26,3.250000,13.000000,5,26,4,0,0,solver
6,4,2,8,2,4,0 4 8 12,0 23,0 4 8 12 23 27 31 35,7,0.875000,3.500000,2,12,2,0,0,solver
6,4,2,8,2,4,0 4 8 12,0 22,0 4 8 12 22 26 30 34,8,1.000000,4.000000,2,12,2,0,0,solver
6,4,2,8,2,4,0 4 8 12,0 21,0 4 8 12 21 25 29 33,9,1.125000,4.500000,2,12,2,0,0,solver
6,4,2,8,2,4,0 4 8 12,0 20,0 4 8 12 20 24 28 32,10,1.250000,5.000000,2,12,2,0,0,solver
6,4,2,8,2,4,0 4 8 12,0 19,0 4 8 12 19 23 27 31,11,1.375000,5.500000,2,12,2,0,0,solver
6,4,2,8,2,4,0 4 8 12,0 18,0 4 8 12 18 22 26 30,12,1.500000,6.000000,2,12,2,0,0,solver
6,4,2,8,2,4,0 4 8 12,0 17,0 4 8 12 17 21 25 29,13,1.625000,6.500000,2,13,2,0,0,solver
6,4,2,8,2,4,0 4 8 12,0 16,0 4 8 12 16 20 24 28,14,1.750000,7.000000,2,14,2,0,0,solver
6,4,2,8,2,4,0 4 8 12,0 15,0 4 8 12 15 19 23 27,15,1.875000,7.500000,3,15,2,0,0,solver
6,4,2,8,2,4,0 4 8 12,0 14,0 4 8 12 14 18 22 26,16,2.000000,8.000000,4,16,2,0,0,solver
6,4,2,8,2,4,0 4 8 12,0 13,0 4 8 12 13 17 21 25,17,2.125000,8.500000,5,17,3,0,0,solver
6,4,2,8,2,4,0 4 8 12,0 12,0 4 8 12 12 16 20 24,18,2.250000,9.000000,6,18,3,0,0,solver
6,4,2,8,2,4,0 4 8 12,0 11,0 4 8 11 12 15 19 23,19,2.375000,9.500000,5,19,3,0,0,solver
6,4,2,8,2,4,0 4 8 12,0 10,0 4 8 10 12 14 18 22,20,2.500000,10.000000,4,20,3,0,0,solver
6,4,2,8,2,4,0 4 8 12,0 9,0 4 8 9 12 13 17 21,21,2.625000,10.500000,5,21,4,0,0,solver
6,4,2,8,2,4,0 4 8 12,0 8,0 4 8 8 12 12 16 20,22,2.750000,11.000000,6,22,4,0,0,solver
6,4,2,8,2,4,0 4 8 12,0 7,0 4 7 8 11 12 15 19,23,2.875000,11.500000,5,23,4,0,0,solver
6,4,2,8,2,4,0 4 8 12,0 6,0 4 6 8 10 12 14 18,24,3.000000,12.000000,4,24,3,0,0,solver
6,4,2,8,2,4,0 4 8 12,0 5,0 4 5 8 9 12 13 17,25,3.125000,12.500000,5,25,4,0,0,solver
6,4,2,8,2,4,0 4 8 12,0 4,0 4 4 8 8 12 12 16,26,3.250000,13.000000,6,26,4,0,0,solver
6,4,2,8,2,4,0 4 8 12,0 3,0 3 4 7 8 11 12 15,27,3.375000,13.500000,5,27,4,0,0,solver
6,4,2,8,2,4,0 3 7 11,0 23,0 3 7 11 23 26 30 34,8,1.000000,4.000000,3,14,2,0,0,solver
6,4,2,8,2,4,0 3 7 11,0 22,0 3 7 11 22 25 29 33,9,1.125000,4.500000,3,14,2,0,0,solver
6,4,2,8,2,4,0 3 7 11,0 21,0 3 7 11 21 24 28 32,10,1.250000,5.000000,3,14,2,0,0,solver
6,4,2,8,2,4,0 3 7 11,0 20,0 3 7 11 20 23 27 31,11,1.375000,5.500000,3,14,2,0,0,solver
6,4,2,8,2,4,0 3 7 11,0 19,0 3 7 11 19 22 26 30,12,1.500000,6.000000,3,14,2,0,0,solver
6,4,2,8,2,4,0 3 7 11,0 18,0 3 7 11 18 21 25 29,13,1.625000,6.500000,3,14,2,0,0,solver
6,4,2,8,2,4,0 3 7 11,0 17,0 3 7 11 17 20 24 28,14,1.750000,7.000000,3,14,2,0,0,solver
6,4,2,8,2,4,0 3 7 11,0 16,0 3 7 11 16 19 23 27,15,1.875000,7.500000,3,15,2,0,0,solver
6,4,2,8,2,4,0 3 7 11,0 15,0 3 7 11 15 18 22 26,16,2.000000,8.000000,3,16,2,0,0,solver
6,4,2,8,2,4,0 3 7 11,0 14,0 3 7 11 14 17 21 25,17,2.125000,8.500000,3,17,2,0,0,solver
6,4,2,8,2,4,0 3 7 11,0 13,0 3 7 11 13 16 20 24,18,2.250000,9.000000,4,18,3,0,0,solver
6,4,2,8,2,4,0 3 7 11,0 12,0 3 7 11 12 15 19 23,19,2.375000,9.500000,5,19,3,0,0,solver
6,4,2,8,2,4,0 3 7 11,0 11,0 3 7 11 11 14 18 22,20,2.500000,10.000000,6,20,3,0,0,solver
6,4,2,8,2,4,0 3 7 11,0 10,0 3 7 10 11 13 17 21,21,2.625000,10.500000,5,21,3,0,0,solver
6,4,2,8,2,4,0 3 7 11,0 9,0 3 7 9 11 12 16 20,22,2.750000,11.000000,5,22,4,0,0,solver
6,4,2,8,2,4,0 3 7 11,0 8,0 3 7 8 11 11 15 19,23,2.875000,11.500000,6,23,4,0,0,solver
6,4,2,8,2,4,0 3 7 11,0 7,0 3 7 7 10 11 14 18,24,3.000000,12.000000,6,24,4,0,0,solver
6,4,2,8,2,4,0 3 7 11,0 6,0 3 6 7 9 11 13 17,25,3.125000,12.500000,5,25,4,0,0,solver
6,4,2,8,2,4,0 3 7 11,0 5,0 3 5 7 8 11 12 16,26,3.250000,13.000000,5,26,4,0,0,solver
6,4,2,8,2,4,0 3 7 11,0 4,0 3 4 7 7 11 11 15,27,3.375000,13.500000,6,27,4,0,0,solver
6,4,2,8,2,4,0 3 7 11,0 3,0 3 3 6 7 10 11 14,28,3.500000,14.000000,6,28,4,0,0,solver
6,4,2,8,2,4,0 3 6 10,0 23,0 3 6 10 23 26 29 33,9,1.125000,4.500000,3,16,2,0,0,solver
6,4,2,8,2,4,0 3 6 10,0 22,0 3 6 10 22 25 28 32,10,1.250000,5.000000,3,16,2,0,0,solver
6,4,2,8,2,4,0 3 6 10,0 21,0 3 6 10 21 24 27 31,11,1.375000,5.500000,3,16,2,0,0,solver
6,4,2,8,2,4,0 3 6 10,0 20,0 3 6 10 20 23 26 30,12,1.500000,6.000000,3,16,2,0,0,solver
6,4,2,8,2,4,0 3 6 10,0 19,0 3 6 10 19 22 25 29,13,1.625000,6.500000,3,16,2,0,0,solver
6,4,2,8,2,4,0 3 6 10,0 18,0 3 6 10 18 21 24 28,14,1.750000,7.000000,3,16,2,0,0,solver
6,4,2,8,2,4,0 3 6 10,0 17,0 3 6 10 17 20 23 27,15,1.875000,7.500000,3,16,2,0,0,solver
6,4,2,8,2,4,0 3 6 10,0 16,0 3 6 10 16 19 22 26,16,2.000000,8.000000,3,16,2,0,0,solver
6,4,2,8,2,4,0 3 6 10,0 15,0 3 6 10 15 18 21 25,17,2.125000,8.500000,3,17,2,0,0,solver
6,4,2,8,2,4,0 3 6 10,0 14,0 3 6 10 14 17 20 24,18,2.250000,9.000000,3,18,2,0,0,solver
6,4,2,8,2,4,0 3 6 10,0 13,0 3 6 10 13 16 19 23,19,2.375000,9.500000,3,19,2,0,0,solver
6,4,2,8,2,4,0 3 6 10,0 12,0 3 6 10 12 15 18 22,20,2.500000,10.000000,4,20,3,0,0,solver
6,4,2,8,2,4,0 3 6 10,0 11,0 3 6 10 11 14 17 21,21,2.625000,10.500000,5,21,3,0,0,solver
6,4,2,8,2,4,0 3 6 10,0 10,0 3 6 10 10 13 16 20,22,2.750000,11.000000,6,22,3,0,0,solver
6,4,2,8,2,4,0 3 6 10,0 9,0 3 6 9 10 12 15 19,23,2.875000,11.500000,5,23,3,0,0,solver
6,4,2,8,2,4,0 3 6 10,0 8,0 3 6 8 10 11 14 18,24,3.000000,12.000000,5,24,4,0,0,solver
6,4,2,8,2,4,0 3 6 10,0 7,0 3 6 7 10 10 13 17,25,3.125000,12.500000,6,25,4,0,0,solver
6,4,2,8,2,4,0 3 6 10,0 6,0 3 6 6 9 10 12 16,26,3.250000,13.000000,6,26,4,0,0,solver
6,4,2,8,2,4,0 3 6 10,0 5,0 3 5 6 8 10 11 15,27,3.375000,13.500000,5,27,4,0,0,solver
6,4,2,8,2,4,0 3 6 10,0 4,0 3 4 6 7 10 10 14,28,3.500000,14.000000,6,28,4,0,0,solver
6,4,2,8,2,4,0 3 6 10,0 3,0 3 3 6 6 9 10 13,29,3.625000,14.500000,6,29,4,0,0,solver
6,4,2,8,2,4,0 3 6 9,0 23,0 3 6 9 23 26 29 32,10,1.250000,5.000000,3,18,2,0,0,solver
6,4,2,8,2,4,0 3 6 9,0 22,0 3 6 9 22 25 28 31,11,1.375000,5.500000,3,18,2,0,0,solver
6,4,2,8,2,4,0 3 6 9,0 21,0 3 6 9 21 24 27 30,12,1.500000,6.000000,3,18,2,0,0,solver
6,4,2,8,2,4,0 3 6 9,0 20,0 3 6 9 20 23 26 29,13,1.625000,6.500000,3,18,2,0,0,solver
6,4,2,8,2,4,0 3 6 9,0 19,0 3 6 9 19 22 25 28,14,1.750000,7.000000,3,18,2,0,0,solver
6,4,2,8,2,4,0 3 6 9,0 18,0 3 6 9 18 21 24 27,15,1.875000,7.500000,3,18,2,0,0,solver
6,4,2,8,2,4,0 3 6 9,0 17,0 3 6 9 17 20 23 26,16,2.000000,8.000000,3,18,2,0,0,solver
6,4,2,8,2,4,0 3 6 9,0 16,0 3 6 9 16 19 22 25,17,2.125000,8.500000,3,18,2,0,0,solver
6,4,2,8,2,4,0 3 6 9,0 15,0 3 6 9 15 18 21 24,18,2.250000,9.000000,3,18,2,0,0,solver
6,4,2,8,2,4,0 3 6 9,0 14,0 3 6 9 14 17 20 23,19,2.375000,9.500000,3,19,2,0,0,solver
6,4,2,8,2,4,0 3 6 9,0 13,0 3 6 9 13 16 19 22,20,2.500000,10.000000,3,20,2,0,0,solver
6,4,2,8,2,4,0 3 6 9,0 12,0 3 6 9 12 15 18 21,21,2.625000,10.500000,3,21,2,0,0,solver
6,4,2,8,2,4,0 3 6 9,0 11,0 3 6 9 11 14 17 20,22,2.750000,11.000000,4,22,3,0,0,solver
6,4,2,8,2,4,0 3 6 9,0 10,0 3 6 9 10 13 16 19,23,2.875000,11.500000,5,23,3,0,0,solver
6,4,2,8,2,4,0 3 6 9,0 9,0 3 6 9 9 12 15 18,24,3.000000,12.000000,6,24,3,0,0,solver
6,4,2,8,2,4,0 3 6 9,0 8,0 3 6 8 9 11 14 17,25,3.125000,12.500000,5,25,4,0,0,solver
6,4,2,8,2,4,0 3 6 9,0 7,0 3 6 7 9 10 13 16,26,3.250000,13.000000,5,26,4,0,0,solver
6,4,2,8,2,4,0 3 6 9,0 6,0 3 6 6 9 9 12 15,27,3.375000,13.500000,6,27,4,0,0,solver
6,4,2,8,2,4,0 3 6 9,0 5,0 3 5 6 8 9 11 14,28,3.500000,14.000000,5,28,4,0,0,solver
6,4,2,8,2,4,0 3 6 9,0 4,0 3 4 6 7 9 10 13,29,3.625000,14.500000,5,29,4,0,0,solver
6,4,2,8,2,4,0 3 6 9,0 3,0 3 3 6 6 9 9 12,30,3.750000,15.000000,6,30,4,0,0,solver
6,4,3,12,3,4,0 4 9 14,0 11 23,0 4 9 11 14 15 20 23 25 27 32 37,29,2.416667,9.666667,5,29,3,1,0,solver
6,4,3,12,3,4,0 4 9 14,0 11 22,0 4 9 11 14 15 20 22 25 26 31 36,30,2.500000,10.000000,5,30,3,0,0,solver
6,4,3,12,3,4,0 4 9 14,0 10 21,0 4 9 10 14 14 19 21 24 25 30 35,31,2.583333,10.333333,6,31,4,0,0,solver
6,4,3,12,3,4,0 4 9 14,0 10 20,0 4 9 10 14 14 19 20 24 24 29 34,32,2.666667,10.666667,6,32,4,0,0,solver
6,4,3,12,3,4,0 4 9 14,0 9 19,0 4 9 9 13 14 18 19 23 23 28 33,33,2.750000,11.000000,6,33,4,0,0,solver
6,4,3,12,3,4,0 4 9 14,0 9 18,0 4 9 9 13 14 18 18 22 23 27 32,34,2.833333,11.333333,6,34,4,0,0,solver
6,4,3,12,3,4,0 4 9 14,0 8 17,0 4 8 9 12 14 17 17 21 22 26 31,35,2.916667,11.666667,6,35,4,0,0,solver
6,4,3,12,3,4,0 4 9 14,0 8 16,0 4 8 9 12 14 16 17 20 22 25 30,36,3.000000,12.000000,5,36,4,0,0,solver
6,4,3,12,3,4,0 4 9 14,0 7 15,0 4 7 9 11 14 15 16 19 21 24 29,37,3.083333,12.333333,5,37,4,0,0,solver
6,4,3,12,3,4,0 4 9 14,0 7 14,0 4 7 9 11 14 14 16 18 21 23 28,38,3.166667,12.666667,6,38,4,0,0,solver
6,4,3,12,3,4,0 4 9 14,0 6 13,0 4 6 9 10 13 14 15 17 20 22 27,39,3.250000,13.000000,5,39,4,0,0,solver
6,4,3,12,3,4,0 4 9 14,0 6 12,0 4 6 9 10 12 14 15 16 20 21 26,40,3.333333,13.333333,5,40,4,0,0,solver
6,4,3,12,3,4,0 4 9 14,0 3 6,0 3 4 6 7 9 10 12 14 15 17 20,46,3.833333,15.333333,5,46,4,0,0,solver
6,4,3,12,3,4,0 4 8 13,0 11 23,0 4 8 11 13 15 19 23 24 27 31 36,30,2.500000,10.000000,5,30,3,0,0,solver
6,4,3,12,3,4,0 4 8 13,0 11 22,0 4 8 11 13 15 19 22 24 26 30 35,31,2.583333,10.333333,4,31,3,0,0,solver
6,4,3,12,3,4,0 4 8 13,0 10 21,0 4 8 10 13 14 18 21 23 25 29 34,32,2.666667,10.666667,5,32,3,0,0,solver
6,4,3,12,3,4,0 4 8 13,0 10 20,0 4 8 10 13 14 18 20 23 24 28 33,33,2.750000,11.000000,5,33,3,0,0,solver
6,4,3,12,3,4,0 4 8 13,0 9 19,0 4 8 9 13 13 17 19 22 23 27 32,34,2.833333,11.333333,6,34,4,0,0,solver
6,4,3,12,3,4,0 4 8 13,0 9 18,0 4 8 9 13 13 17 18 22 22 26 31,35,2.916667,11.666667,6,35,4,0,0,solver
6,4,3,12,3,4,0 4 8 13,0 8 17,0 4 8 8 12 13 16 17 21 21 25 30,36,3.000000,12.000000,6,36,4,0,0,solver
6,4,3,12,3,4,0 4 8 13,0 8 16,0 4 8 8 12 13 16 16 20 21 24 29,37,3.083333,12.333333,6,37,4,0,0,solver
6,4,3,12,3,4,0 4 8 13,0 7 15,0 4 7 8 11 13 15 15 19 20 23 28,38,3.166667,12.666667,6,38,4,0,0,solver
6,4,3,12,3,4,0 4 8 13,0 7 14,0 4 7 8 11 13 14 15 18 20 22 27,39,3.250000,13.000000,5,39,4,0,0,solver
6,4,3,12,3,4,0 4 8 13,0 6 13,0 4 6 8 10 13 13 14 17 19 21 26,40,3.333333,13.333333,6,40,4,0,0,solver
6,4,3,12,3,4,0 4 8 13,0 6 12,0 4 6 8 10 12 13 14 16 19 20 25,41,3.416667,13.666667,5,41,4,0,0,solver
6,4,3,12,3,4,0 4 8 12,0 11 23,0 4 8 11 12 15 19 23 23 27 31 35,31,2.583333,10.333333,6,31,3,0,0,solver
6,4,3,12,3,4,0 4 8 12,0 11 22,0 4 8 11 12 15 19 22 23 26 30 34,32,2.666667,10.666667,5,32,3,0,0,solver
6,4,3,12,3,4,0 4 8 12,0 10 21,0 4 8 10 12 14 18 21 22 25 29 33,33,2.750000,11.000000,5,33,3,0,0,solver
6,4,3,12,3,4,0 4 8 12,0 10 20,0 4 8 10 12 14 18 20 22 24 28 32,34,2.833333,11.333333,4,34,3,0,0,solver
6,4,3,12,3,4,0 4 8 12,0 9 19,0 4 8 9 12 13 17 19 21 23 27 31,35,2.916667,11.666667,5,35,4,0,0,solver
6,4,3,12,3,4,0 4 8 12,0 9 18,0 4 8 9 12 13 17 18 21 22 26 30,36,3.000000,12.000000,5,36,4,0,0,solver
6,4,3,12,3,4,0 4 8 12,0 8 17,0 4 8 8 12 12 16 17 20 21 25 29,37,3.083333,12.333333,6,37,4,0,0,solver
6,4,3,12,3,4,0 4 8 12,0 8 16,0 4 8 8 12 12 16 16 20 20 24 28,38,3.166667,12.666667,6,38,4,0,0,solver
6,4,3,12,3,4,0 4 8 12,0 7 15,0 4 7 8 11 12 15 15 19 19 23 27,39,3.250000,13.000000,6,39,4,0,0,solver
6,4,3,12,3,4,0 4 8 12,0 7 14,0 4 7 8 11 12 14 15 18 19 22 26,40,3.333333,13.333333,5,40,4,0,0,solver
6,4,3,12,3,4,0 4 8 12,0 6 13,0 4 6 8 10 12 13 14 17 18 21 25,41,3.416667,13.666667,5,41,4,0,0,solver
6,4,3,12,3,4,0 4 8 12,0 6 12,0 4 6 8 10 12 12 14 16 18 20 24,42,3.500000,14.000000,6,42,4,0,0,solver
6,4,3,12,3,4,0 3 7 11,0 11 23,0 3 7 11 11 14 18 22 23 26 30 34,32,2.666667,10.666667,6,32,3,0,0,solver
6,4,3,12,3,4,0 3 7 11,0 11 22,0 3 7 11 11 14 18 22 22 25 29 33,33,2.750000,11.000000,6,33,3,0,0,solver
6,4,3,12,3,4,0 3 7 11,0 10 21,0 3 7 10 11 13 17 21 21 24 28 32,34,2.833333,11.333333,6,34,3,0,0,solver
6,4,3,12,3,4,0 3 7 11,0 10 20,0 3 7 10 11 13 17 20 21 23 27 31,35,2.916667,11.666667,5,35,3,0,0,solver
6,4,3,12,3,4,0 3 7 11,0 9 19,0 3 7 9 11 12 16 19 20 22 26 30,36,3.000000,12.000000,5,36,4,0,0,solver
6,4,3,12,3,4,0 3 7 11,0 9 18,0 3 7 9 11 12 16 18 20 21 25 29,37,3.083333,12.333333,5,37,4,0,0,solver
6,4,3,12,3,4,0 3 7 11,0 8 17,0 3 7 8 11 11 15 17 19 20 24 28,38,3.166667,12.666667,6,38,4,0,0,solver
6,4,3,12,3,4,0 3 7 11,0 8 16,0 3 7 8 11 11 15 16 19 19 23 27,39,3.250000,13.000000,6,39,4,0,0,solver
6,4,3,12,3,4,0 3 7 11,0 7 15,0 3 7 7 10 11 14 15 18 18 22 26,40,3.333333,13.333333,6,40,4,0,0,solver
6,4,3,12,3,4,0 3 7 11,0 7 14,0 3 7 7 10 11 14 14 17 18 21 25,41,3.416667,13.666667,6,41,4,0,0,solver
6,4,3,12,3,4,0 3 7 11,0 6 13,0 3 6 7 9 11 13 13 16 17 20 24,42,3.500000,14.000000,6,42,4,0,0,solver
6,4,3,12,3,4,0 3 7 11,0 6 12,0 3 6 7 9 11 12 13 15 17 19 23,43,3.583333,14.333333,5,43,4,0,0,solver
6,4,3,12,3,4,0 3 6 10,0 11 23,0 3 6 10 11 14 17 21 23 26 29 33,33,2.750000,11.000000,5,33,3,0,0,solver
6,4,3,12,3,4,0 3 6 10,0 11 22,0 3 6 10 11 14 17 21 22 25 28 32,34,2.833333,11.333333,5,34,3,0,0,solver
6,4,3,12,3,4,0 3 6 10,0 10 21,0 3 6 10 10 13 16 20 21 24 27 31,35,2.916667,11.666667,6,35,3,0,0,solver
6,4,3,12,3,4,0 3 6 10,0 10 20,0 3 6 10 10 13 16 20 20 23 26 30,36,3.000000,12.000000,6,36,3,0,0,solver
6,4,3,12,3,4,0 3 6 10,0 9 19,0 3 6 9 10 12 15 19 19 22 25 29,37,3.083333,12.333333,6,37,3,0,0,solver
6,4,3,12,3,4,0 3 6 10,0 9 18,0 3 6 9 10 12 15 18 19 21 24 28,38,3.166667,12.666667,5,38,3,0,0,solver
6,4,3,12,3,4,0 3 6 10,0 8 17,0 3 6 8 10 11 14 17 18 20 23 27,39,3.250000,13.000000,5,39,4,0,0,solver
6,4,3,12,3,4,0 3 6 10,0 8 16,0 3 6 8 10 11 14 16 18 19 22 26,40,3.333333,13.333333,5,40,4,0,0,solver
6,4,3,12,3,4,0 3 6 10,0 7 15,0 3 6 7 10 10 13 15 17 18 21 25,41,3.416667,13.666667,6,41,4,0,0,solver
6,4,3,12,3,4,0 3 6 10,0 7 14,0 3 6 7 10 10 13 14 17 17 20 24,42,3.500000,14.000000,6,42,4,0,0,solver
6,4,3,12,3,4,0 3 6 10,0 6 13,0 3 6 6 9 10 12 13 16 16 19 23,43,3.583333,14.333333,6,43,4,0,0,solver
6,4,3,12,3,4,0 3 6 10,0 6 12,0 3 6 6 9 10 12 12 15 16 18 22,44,3.666667,14.666667,6,44,4,0,0,solver
6,4,3,12,3,4,0 3 6 9,0 11 23,0 3 6 9 11 14 17 20 23 26 29 32,34,2.833333,11.333333,4,34,3,0,0,solver
6,4,3,12,3,4,0 3 6 9,0 11 22,0 3 6 9 11 14 17 20 22 25 28 31,35,2.916667,11.666667,4,35,3,0,0,solver
6,4,3,12,3,4,0 3 6 9,0 10 21,0 3 6 9 10 13 16 19 21 24 27 30,36,3.000000,12.000000,5,36,3,0,0,solver
6,4,3,12,3,4,0 3 6 9,0 10 20,0 3 6 9 10 13 16 19 20 23 26 29,37,3.083333,12.333333,5,37,3,0,0,solver
6,4,3,12,3,4,0 3 6 9,0 9 19,0 3 6 9 9 12 15 18 19 22 25 28,38,3.166667,12.666667,6,38,3,0,0,solver
6,4,3,12,3,4,0 3 6 9,0 9 18,0 3 6 9 9 12 15 18 18 21 24 27,39,3.250000,13.000000,6,39,3,0,0,solver
6,4,3,12,3,4,0 3 6 9,0 8 17,0 3 6 8 9 11 14 17 17 20 23 26,40,3.333333,13.333333,6,40,4,0,0,solver
6,4,3,12,3,4,0 3 6 9,0 8 16,0 3 6 8 9 11 14 16 17 19 22 25,41,3.416667,13.666667,5,41,4,0,0,solver
6,4,3,12,3,4,0 3 6 9,0 7 15,0 3 6 7 9 10 13 15 16 18 21 24,42,3.500000,14.000000,5,42,4,0,0,solver
6,4,3,12,3,4,0 3 6 9,0 7 14,0 3 6 7 9 10 13 14 16 17 20 23,43,3.583333,14.333333,5,43,4,0,0,solver
6,4,3,12,3,4,0 3 6 9,0 6 13,0 3 6 6 9 9 12 13 15 16 19 22,44,3.666667,14.666667,6,44,4,0,0,solver
6,4,3,12,3,4,0 3 6 9,0 6 12,0 3 6 6 9 9 12 12 15 15 18 21,45,3.750000,15.000000,6,45,4,0,0,solver
6,4,4,16,4,4,0 4 9 14,0 7 15 23,0 4 7 9 11 14 15 16 19 21 23 24 27 29 32 37,53,3.312500,13.250000,5,53,4,1,0,solver
6,4,4,16,4,4,0 4 9 14,0 7 14 22,0 4 7 9 11 14 14 16 18 21 22 23 26 28 31 36,54,3.375000,13.500000,6,54,4,0,0,solver
6,4,4,16,4,4,0 4 9 14,0 7 14 21,0 4 7 9 11 14 14 16 18 21 21 23 25 28 30 35,55,3.437500,13.750000,6,55,4,0,0,solver
6,4,4,16,4,4,0 4 9 14,0 6 13 20,0 4 6 9 10 13 14 15 17 20 20 22 24 27 29 34,56,3.500000,14.000000,6,56,4,0,0,solver
6,4,4,16,4,4,0 4 9 14,0 6 12 19,0 4 6 9 10 12 14 15 16 19 20 21 23 26 28 33,57,3.562500,14.250000,5,57,4,0,0,solver
6,4,4,16,4,4,0 4 9 14,0 6 12 18,0 4 6 9 10 12 14 15 16 18 20 21 22 26 27 32,58,3.625000,14.500000,5,58,4,0,0,solver
6,4,4,16,4,4,0 4 8 13,0 7 15 23,0 4 7 8 11 13 15 15 19 20 23 23 27 28 31 36,54,3.375000,13.500000,6,54,4,0,0,solver
6,4,4,16,4,4,0 4 8 13,0 7 14 22,0 4 7 8 11 13 14 15 18 20 22 22 26 27 30 35,55,3.437500,13.750000,6,55,4,0,0,solver
6,4,4,16,4,4,0 4 8 13,0 7 14 21,0 4 7 8 11 13 14 15 18 20 21 22 25 27 29 34,56,3.500000,14.000000,5,56,4,0,0,solver
6,4,4,16,4,4,0 4 8 13,0 6 13 20,0 4 6 8 10 13 13 14 17 19 20 21 24 26 28 33,57,3.562500,14.250000,6,57,4,0,0,solver
6,4,4,16,4,4,0 4 8 13,0 6 12 19,0 4 6 8 10 12 13 14 16 19 19 20 23 25 27 32,58,3.625000,14.500000,6,58,4,0,0,solver
6,4,4,16,4,4,0 4 8 13,0 6 12 18,0 4 6 8 10 12 13 14 16 18 19 20 22 25 26 31,59,3.687500,14.750000,5,59,4,0,0,solver
6,4,4,16,4,4,0 4 8 12,0 7 15 23,0 4 7 8 11 12 15 15 19 19 23 23 27 27 31 35,55,3.437500,13.750000,6,55,4,0,0,solver
6,4,4,16,4,4,0 4 8 12,0 7 14 22,0 4 7 8 11 12 14 15 18 19 22 22 26 26 30 34,56,3.500000,14.000000,6,56,4,0,0,solver
6,4,4,16,4,4,0 4 8 12,0 7 14 21,0 4 7 8 11 12 14 15 18 19 21 22 25 26 29 33,57,3.562500,14.250000,5,57,4,0,0,solver
6,4,4,16,4,4,0 4 8 12,0 6 13 20,0 4 6 8 10 12 13 14 17 18 20 21 24 25 28 32,58,3.625000,14.500000,5,58,4,0,0,solver
6,4,4,16,4,4,0 4 8 12,0 6 12 19,0 4 6 8 10 12 12 14 16 18 19 20 23 24 27 31,59,3.687500,14.750000,6,59,4,0,0,solver
6,4,4,16,4,4,0 4 8 12,0 6 12 18,0 4 6 8 10 12 12 14 16 18 18 20 22 24 26 30,60,3.750000,15.000000,6,60,4,0,0,solver
6,4,4,16,4,4,0 3 7 11,0 7 15 23,0 3 7 7 10 11 14 15 18 18 22 23 26 26 30 34,56,3.500000,14.000000,6,56,4,0,0,solver
6,4,4,16,4,4,0 3 7 11,0 7 14 22,0 3 7 7 10 11 14 14 17 18 21 22 25 25 29 33,57,3.562500,14.250000,6,57,4,0,0,solver
6,4,4,16,4,4,0 3 7 11,0 7 14 21,0 3 7 7 10 11 14 14 17 18 21 21 24 25 28 32,58,3.625000,14.500000,6,58,4,0,0,solver
6,4,4,16,4,4,0 3 7 11,0 6 13 20,0 3 6 7 9 11 13 13 16 17 20 20 23 24 27 31,59,3.687500,14.750000,6,59,4,0,0,solver
6,4,4,16,4,4,0 3 7 11,0 6 12 19,0 3 6 7 9 11 12 13 15 17 19 19 22 23 26 30,60,3.750000,15.000000,6,60,4,0,0,solver
6,4,4,16,4,4,0 3 7 11,0 6 12 18,0 3 6 7 9 11 12 13 15 17 18 19 21 23 25 29,61,3.812500,15.250000,5,61,4,0,0,solver
6,4,4,16,4,4,0 3 6 10,0 7 15 23,0 3 6 7 10 10 13 15 17 18 21 23 25 26 29 33,57,3.562500,14.250000,6,57,4,0,0,solver
6,4,4,16,4,4,0 3 6 10,0 7 14 22,0 3 6 7 10 10 13 14 17 17 20 22 24 25 28 32,58,3.625000,14.500000,6,58,4,0,0,solver
6,4,4,16,4,4,0 3 6 10,0 7 14 21,0 3 6 7 10 10 13 14 17 17 20 21 24 24 27 31,59,3.687500,14.750000,6,59,4,0,0,solver
6,4,4,16,4,4,0 3 6 10,0 6 13 20,0 3 6 6 9 10 12 13 16 16 19 20 23 23 26 30,60,3.750000,15.000000,6,60,4,0,0,solver
6,4,4,16,4,4,0 3 6 10,0 6 12 19,0 3 6 6 9 10 12 12 15 16 18 19 22 22 25 29,61,3.812500,15.250000,6,61,4,0,0,solver
6,4,4,16,4,4,0 3 6 10,0 6 12 18,0 3 6 6 9 10 12 12 15 16 18 18 21 22 24 28,62,3.875000,15.500000,6,62,4,0,0,solver
6,4,4,16,4,4,0 3 6 9,0 7 15 23,0 3 6 7 9 10 13 15 16 18 21 23 24 26 29 32,58,3.625000,14.500000,5,58,4,0,0,solver
6,4,4,16,4,4,0 3 6 9,0 7 14 22,0 3 6 7 9 10 13 14 16 17 20 22 23 25 28 31,59,3.687500,14.750000,5,59,4,0,0,solver
6,4,4,16,4,4,0 3 6 9,0 7 14 21,0 3 6 7 9 10 13 14 16 17 20 21 23 24 27 30,60,3.750000,15.000000,5,60,4,0,0,solver
6,4,4,16,4,4,0 3 6 9,0 6 13 20,0 3 6 6 9 9 12 13 15 16 19 20 22 23 26 29,61,3.812500,15.250000,6,61,4,0,0,solver
6,4,4,16,4,4,0 3 6 9,0 6 12 19,0 3 6 6 9 9 12 12 15 15 18 19 21 22 25 28,62,3.875000,15.500000,6,62,4,0,0,solver
6,4,4,16,4,4,0 3 6 9,0 6 12 18,0 3 6 6 9 9 12 12 15 15 18 18 21 21 24 27,63,3.937500,15.750000,6,63,4,0,0,solver
6,5,1,5,1,4,0 3 6 10 14,0,0 3 6 10 14,10,2.000000,10.000000,3,10,2,0,0,solver
6,5,1,5,1,4,0 3 6 9 13,0,0 3 6 9 13,11,2.200000,11.000000,3,11,2,0,0,solver
6,5,1,5,1,4,0 3 6 9 12,0,0 3 6 9 12,12,2.400000,12.000000,3,12,2,0,0,solver
6,5,2,10,2,4,0 3 6 10 14,0 23,0 3 6 10 14 23 26 29 33 37,17,1.700000,8.500000,3,20,2,1,0,solver
6,5,2,10,2,4,0 3 6 10 14,0 22,0 3 6 10 14 22 25 28 32 36,18,1.800000,9.000000,3,20,2,0,0,solver
6,5,2,10,2,4,0 3 6 10 14,0 21,0 3 6 10 14 21 24 27 31 35,19,1.900000,9.500000,3,20,2,0,0,solver
6,5,2,10,2,4,0 3 6 10 14,0 20,0 3 6 10 14 20 23 26 30 34,20,2.000000,10.000000,3,20,2,0,0,solver
6,5,2,10,2,4,0 3 6 10 14,0 19,0 3 6 10 14 19 22 25 29 33,21,2.100000,10.500000,3,21,2,0,0,solver
6,5,2,10,2,4,0 3 6 10 14,0 18,0 3 6 10 14 18 21 24 28 32,22,2.200000,11.000000,3,22,2,0,0,solver
6,5,2,10,2,4,0 3 6 10 14,0 17,0 3 6 10 14 17 20 23 27 31,23,2.300000,11.500000,3,23,2,0,0,solver
6,5,2,10,2,4,0 3 6 10 14,0 16,0 3 6 10 14 16 19 22 26 30,24,2.400000,12.000000,4,24,3,0,0,solver
6,5,2,10,2,4,0 3 6 10 14,0 15,0 3 6 10 14 15 18 21 25 29,25,2.500000,12.500000,5,25,3,0,0,solver
6,5,2,10,2,4,0 3 6 10 14,0 14,0 3 6 10 14 14 17 20 24 28,26,2.600000,13.000000,6,26,3,0,0,solver
6,5,2,10,2,4,0 3 6 10 14,0 13,0 3 6 10 13 14 16 19 23 27,27,2.700000,13.500000,5,27,3,0,0,solver
6,5,2,10,2,4,0 3 6 10 14,0 12,0 3 6 10 12 14 15 18 22 26,28,2.800000,14.000000,5,28,4,0,0,solver
6,5,2,10,2,4,0 3 6 10 14,0 11,0 3 6 10 11 14 14 17 21 25,29,2.900000,14.500000,6,29,4,0,0,solver
6,5,2,10,2,4,0 3 6 10 14,0 10,0 3 6 10 10 13 14 16 20 24,30,3.000000,15.000000,6,30,4,0,0,solver
6,5,2,10,2,4,0 3 6 10 14,0 9,0 3 6 9 10 12 14 15 19 23,31,3.100000,15.500000,5,31,4,0,0,solver
6,5,2,10,2,4,0 3 6 10 14,0 8,0 3 6 8 10 11 14 14 18 22,32,3.200000,16.000000,6,32,4,0,0,solver
6,5,2,10,2,4,0 3 6 10 14,0 7,0 3 6 7 10 10 13 14 17 21,33,3.300000,16.500000,6,33,4,0,0,solver
6,5,2,10,2,4,0 3 6 10 14,0 6,0 3 6 6 9 10 12 14 16 20,34,3.400000,17.000000,6,34,4,0,0,solver
6,5,2,10,2,4,0 3 6 10 14,0 5,0 3 5 6 8 10 11 14 15 19,35,3.500000,17.500000,5,35,4,0,0,solver
6,5,2,10,2,4,0 3 6 10 14,0 4,0 3 4 6 7 10 10 14 14 18,36,3.600000,18.000000,6,36,4,0,0,solver
6,5,2,10,2,4,0 3 6 10 14,0 3,0 3 3 6 6 9 10 13 14 17,37,3.700000,18.500000,6,37,4,0,0,solver
6,5,2,10,2,4,0 3 6 9 13,0 23,0 3 6 9 13 23 26 29 32 36,18,1.800000,9.000000,3,22,2,0,0,solver
6,5,2,10,2,4,0 3 6 9 13,0 22,0 3 6 9 13 22 25 28 31 35,19,1.900000,9.500000,3,22,2,0,0,solver
6,5,2,10,2,4,0 3 6 9 13,0 21,0 3 6 9 13 21 24 27 30 34,20,2.000000,10.000000,3,22,2,0,0,solver
6,5,2,10,2,4,0 3 6 9 13,0 20,0 3 6 9 13 20 23 26 29 33,21,2.100000,10.500000,3,22,2,0,0,solver
6,5,2,10,2,4,0 3 6 9 13,0 19,0 3 6 9 13 19 22 25 28 32,22,2.200000,11.000000,3,22,2,0,0,solver
6,5,2,10,2,4,0 3 6 9 13,0 18,0 3 6 9 13 18 21 24 27 31,23,2.300000,11.500000,3,23,2,0,0,solver
6,5,2,10,2,4,0 3 6 9 13,0 17,0 3 6 9 13 17 20 23 26 30,24,2.400000,12.000000,3,24,2,0,0,solver
6,5,2,10,2,4,0 3 6 9 13,0 16,0 3 6 9 13 16 19 22 25 29,25,2.500000,12.500000,3,25,2,0,0,solver
6,5,2,10,2,4,0 3 6 9 13,0 15,0 3 6 9 13 15 18 21 24 28,26,2.600000,13.000000,4,26,3,0,0,solver
6,5,2,10,2,4,0 3 6 9 13,0 14,0 3 6 9 13 14 17 20 23 27,27,2.700000,13.500000,5,27,3,0,0,solver
6,5,2,10,2,4,0 3 6 9 13,0 13,0 3 6 9 13 13 16 19 22 26,28,2.800000,14.000000,6,28,3,0,0,solver
6,5,2,10,2,4,0 3 6 9 13,0 12,0 3 6 9 12 13 15 18 21 25,29,2.900000,14.500000,5,29,3,0,0,solver
6,5,2,10,2,4,0 3 6 9 13,0 11,0 3 6 9 11 13 14 17 20 24,30,3.000000,15.000000,5,30,4,0,0,solver
6,5,2,10,2,4,0 3 6 9 13,0 10,0 3 6 9 10 13 13 16 19 23,31,3.100000,15.500000,6,31,4,0,0,solver
6,5,2,10,2,4,0 3 6 9 13,0 9,0 3 6 9 9 12 13 15 18 22,32,3.200000,16.000000,6,32,4,0,0,solver
6,5,2,10,2,4,0 3 6 9 13,0 8,0 3 6 8 9 11 13 14 17 21,33,3.300000,16.500000,5,33,4,0,0,solver
6,5,2,10,2,4,0 3 6 9 13,0 7,0 3 6 7 9 10 13 13 16 20,34,3.400000,17.000000,6,34,4,0,0,solver
6,5,2,10,2,4,0 3 6 9 13,0 6,0 3 6 6 9 9 12 13 15 19,35,3.500000,17.500000,6,35,4,0,0,solver
6,5,2,10,2,4,0 3 6 9 13,0 5,0 3 5 6 8 9 11 13 14 18,36,3.600000,18.000000,5,36,4,0,0,solver
6,5,2,10,2,4,0 3 6 9 13,0 4,0 3 4 6 7 9 10 13 13 17,37,3.700000,18.500000,6,37,4,0,0,solver
6,5,2,10,2,4,0 3 6 9 13,0 3,0 3 3 6 6 9 9 12 13 16,38,3.800000,19.000000,6,38,4,0,0,solver
6,5,2,10,2,4,0 3 6 9 12,0 23,0 3 6 9 12 23 26 29 32 35,19,1.900000,9.500000,3,24,2,0,0,solver
6,5,2,10,2,4,0 3 6 9 12,0 22,0 3 6 9 12 22 25 28 31 34,20,2.000000,10.000000,3,24,2,0,0,solver
6,5,2,10,2,4,0 3 6 9 12,0 21,0 3 6 9 12 21 24 27 30 33,21,2.100000,10.500000,3,24,2,0,0,solver
6,5,2,10,2,4,0 3 6 9 12,0 20,0 3 6 9 12 20 23 26 29 32,22,2.200000,11.000000,3,24,2,0,0,solver
6,5,2,10,2,4,0 3 6 9 12,0 19,0 3 6 9 12 19 22 25 28 31,23,2.300000,11.500000,3,24,2,0,0,solver
6,5,2,10,2,4,0 3 6 9 12,0 18,0 3 6 9 12 18 21 24 27 30,24,2.400000,12.000000,3,24,2,0,0,solver
6,5,2,10,2,4,0 3 6 9 12,0 17,0 3 6 9 12 17 20 23 26 29,25,2.500000,12.500000,3,25,2,0,0,solver
6,5,2,10,2,4,0 3 6 9 12,0 16,0 3 6 9 12 16 19 22 25 28,26,2.600000,13.000000,3,26,2,0,0,solver
6,5,2,10,2,4,0 3 6 9 12,0 15,0 3 6 9 12 15 18 21 24 27,27,2.700000,13.500000,3,27,2,0,0,solver
6,5,2,10,2,4,0 3 6 9 12,0 14,0 3 6 9 12 14 17 20 23 26,28,2.800000,14.000000,4,28,3,0,0,solver
6,5,2,10,2,4,0 3 6 9 12,0 13,0 3 6 9 12 13 16 19 22 25,29,2.900000,14.500000,5,29,3,0,0,solver
6,5,2,10,2,4,0 3 6 9 12,0 12,0 3 6 9 12 12 15 18 21 24,30,3.000000,15.000000,6,30,3,0,0,solver
6,5,2,10,2,4,0 3 6 9 12,0 11,0 3 6 9 11 12 14 17 20 23,31,3.100000,15.500000,5,31,4,0,0,solver
6,5,2,10,2,4,0 3 6 9 12,0 10,0 3 6 9 10 12 13 16 19 22,32,3.200000,16.000000,5,32,4,0,0,solver
6,5,2,10,2,4,0 3 6 9 12,0 9,0 3 6 9 9 12 12 15 18 21,33,3.300000,16.500000,6,33,4,0,0,solver
6,5,2,10,2,4,0 3 6 9 12,0 8,0 3 6 8 9 11 12 14 17 20,34,3.400000,17.000000,5,34,4,0,0,solver
6,5,2,10,2,4,0 3 6 9 12,0 7,0 3 6 7 9 10 12 13 16 19,35,3.500000,17.500000,5,35,4,0,0,solver
6,5,2,10,2,4,0 3 6 9 12,0 6,0 3 6 6 9 9 12 12 15 18,36,3.600000,18.000000,6,36,4,0,0,solver
6,5,2,10,2,4,0 3 6 9 12,0 5,0 3 5 6 8 9 11 12 14 17,37,3.700000,18.500000,5,37,4,0,0,solver
6,5,2,10,2,4,0 3 6 9 12,0 4,0 3 4 6 7 9 10 12 13 16,38,3.800000,19.000000,5,38,4,0,0,solver
6,5,2,10,2,4,0 3 6 9 12,0 3,0 3 3 6 6 9 9 12 12 15,39,3.900000,19.500000,6,39,4,0,0,solver
6,5,3,15,3,4,0 3 6 10 14,0 11 23,0 3 6 10 11 14 14 17 21 23 25 26 29 33 37,47,3.133333,15.666667,6,47,4,1,0,solver
6,5,3,15,3,4,0 3 6 10 14,0 11 22,0 3 6 10 11 14 14 17 21 22 25 25 28 32 36,48,3.200000,16.000000,6,48,4,0,0,solver
6,5,3,15,3,4,0 3 6 10 14,0 10 21,0 3 6 10 10 13 14 16 20 21 24 24 27 31 35,49,3.266667,16.333333,6,49,4,0,0,solver
6,5,3,15,3,4,0 3 6 10 14,0 10 20,0 3 6 10 10 13 14 16 20 20 23 24 26 30 34,50,3.333333,16.666667,6,50,4,0,0,solver
6,5,3,15,3,4,0 3 6 10 14,0 9 19,0 3 6 9 10 12 14 15 19 19 22 23 25 29 33,51,3.400000,17.000000,6,51,4,0,0,solver
6,5,3,15,3,4,0 3 6 10 14,0 9 18,0 3 6 9 10 12 14 15 18 19 21 23 24 28 32,52,3.466667,17.333333,5,52,4,0,0,solver
6,5,3,15,3,4,0 3 6 10 14,0 8 17,0 3 6 8 10 11 14 14 17 18 20 22 23 27 31,53,3.533333,17.666667,6,53,4,0,0,solver
6,5,3,15,3,4,0 3 6 9 13,0 11 23,0 3 6 9 11 13 14 17 20 23 24 26 29 32 36,48,3.200000,16.000000,5,48,4,0,0,solver
6,5,3,15,3,4,0 3 6 9 13,0 11 22,0 3 6 9 11 13 14 17 20 22 24 25 28 31 35,49,3.266667,16.333333,5,49,4,0,0,solver
6,5,3,15,3,4,0 3 6 9 13,0 10 21,0 3 6 9 10 13 13 16 19 21 23 24 27 30 34,50,3.333333,16.666667,6,50,4,0,0,solver
6,5,3,15,3,4,0 3 6 9 13,0 10 20,0 3 6 9 10 13 13 16 19 20 23 23 26 29 33,51,3.400000,17.000000,6,51,4,0,0,solver
6,5,3,15,3,4,0 3 6 9 13,0 9 19,0 3 6 9 9 12 13 15 18 19 22 22 25 28 32,52,3.466667,17.333333,6,52,4,0,0,solver
6,5,3,15,3,4,0 3 6 9 13,0 9 18,0 3 6 9 9 12 13 15 18 18 21 22 24 27 31,53,3.533333,17.666667,6,53,4,0,0,solver
6,5,3,15,3,4,0 3 6 9 13,0 8 17,0 3 6 8 9 11 13 14 17 17 20 21 23 26 30,54,3.600000,18.000000,6,54,4,0,0,solver
6,5,3,15,3,4,0 3 6 9 13,0 8 16,0 3 6 8 9 11 13 14 16 17 19 21 22 25 29,55,3.666667,18.333333,5,55,4,0,0,solver
6,5,3,15,3,4,0 3 6 9 12,0 11 23,0 3 6 9 11 12 14 17 20 23 23 26 29 32 35,49,3.266667,16.333333,6,49,4,0,0,solver
6,5,3,15,3,4,0 3 6 9 12,0 11 22,0 3 6 9 11 12 14 17 20 22 23 25 28 31 34,50,3.333333,16.666667,5,50,4,0,0,solver
6,5,3,15,3,4,0 3 6 9 12,0 10 21,0 3 6 9 10 12 13 16 19 21 22 24 27 30 33,51,3.400000,17.000000,5,51,4,0,0,solver
6,5,3,15,3,4,0 3 6 9 12,0 10 20,0 3 6 9 10 12 13 16 19 20 22 23 26 29 32,52,3.466667,17.333333,5,52,4,0,0,solver
6,5,3,15,3,4,0 3 6 9 12,0 9 19,0 3 6 9 9 12 12 15 18 19 21 22 25 28 31,53,3.533333,17.666667,6,53,4,0,0,solver
6,5,3,15,3,4,0 3 6 9 12,0 9 18,0 3 6 9 9 12 12 15 18 18 21 21 24 27 30,54,3.600000,18.000000,6,54,4,0,0,solver
6,5,3,15,3,4,0 3 6 9 12,0 8 17,0 3 6 8 9 11 12 14 17 17 20 20 23 26 29,55,3.666667,18.333333,6,55,4,0,0,solver
6,5,3,15,3,4,0 3 6 9 12,0 8 16,0 3 6 8 9 11 12 14 16 17 19 20 22 25 28,56,3.733333,18.666667,5,56,4,0,0,solver
6,5,3,15,3,4,0 3 6 9 12,0 7 15,0 3 6 7 9 10 12 13 15 16 18 19 21 24 27,57,3.800000,19.000000,5,57,4,0,0,solver
6,5,4,20,4,4,0 3 6 9 12,0 7 15 23,0 3 6 7 9 10 12 13 15 16 18 19 21 23 24 26 27 29 32 35,79,3.950000,19.750000,5,79,4,1,0,solver
