Copyright 1986-2022 Xilinx, Inc. All Rights Reserved. Copyright 2022-2023 Advanced Micro Devices, Inc. All Rights Reserved.
--------------------------------------------------------------------------------------------------------------------------------------------------------------------------------------------------------------------------------------
| Tool Version      : Vivado v.2023.2 (lin64) Build 4029153 Fri Oct 13 20:13:54 MDT 2023
| Date              : Tue Mar 17 17:50:02 2026
| Host              : <REDACTED_HOST> running 64-bit Ubuntu 22.04.5 LTS
| Command           : report_timing_summary -max_paths 10 -report_unconstrained -file bd_0_wrapper_timing_summary_routed.rpt -pb bd_0_wrapper_timing_summary_routed.pb -rpx bd_0_wrapper_timing_summary_routed.rpx -warn_on_violation
| Design            : bd_0_wrapper
| Device            : xcu55c-fsvh2892
| Speed File        : -2L  PRODUCTION 1.30 05-01-2022
| Design State      : Routed
| Temperature Grade : E
--------------------------------------------------------------------------------------------------------------------------------------------------------------------------------------------------------------------------------------

Timing Summary Report

------------------------------------------------------------------------------------------------
| Timer Settings
| --------------
------------------------------------------------------------------------------------------------

  Enable Multi Corner Analysis               :  Yes
  Enable Pessimism Removal                   :  Yes
  Pessimism Removal Resolution               :  Nearest Common Node
  Enable Input Delay Default Clock           :  No
  Enable Preset / Clear Arcs                 :  No
  Disable Flight Delays                      :  No
  Ignore I/O Paths                           :  No
  Timing Early Launch at Borrowing Latches   :  No
  Borrow Time for Max Delay Exceptions       :  Yes
  Merge Timing Exceptions                    :  Yes
  Inter-SLR Compensation                     :  Conservative

  Corner  Analyze    Analyze    
  Name    Max Paths  Min Paths  
  ------  ---------  ---------  
  Slow    Yes        Yes        
  Fast    Yes        Yes        


------------------------------------------------------------------------------------------------
| Report Methodology
| ------------------
------------------------------------------------------------------------------------------------

Rule       Severity  Description                    Violations  
---------  --------  -----------------------------  ----------  
TIMING-18  Warning   Missing input or output delay  913         

Note: This report is based on the most recent report_methodology run and may not be up-to-date. Run report_methodology on the current design for the latest report.



check_timing report

Table of Contents
-----------------
1. checking no_clock (0)
2. checking constant_clock (0)
3. checking pulse_width_clock (0)
4. checking unconstrained_internal_endpoints (0)
5. checking no_input_delay (360)
6. checking no_output_delay (529)
7. checking multiple_clock (0)
8. checking generated_clocks (0)
9. checking loops (0)
10. checking partial_input_delay (0)
11. checking partial_output_delay (0)
12. checking latch_loops (0)

1. checking no_clock (0)
------------------------
 There are 0 register/latch pins with no clock.


2. checking constant_clock (0)
------------------------------
 There are 0 register/latch pins with constant_clock.


3. checking pulse_width_clock (0)
---------------------------------
 There are 0 register/latch pins which need pulse_width check


4. checking unconstrained_internal_endpoints (0)
------------------------------------------------
 There are 0 pins that are not constrained for maximum delay.

 There are 0 pins that are not constrained for maximum delay due to constant clock.


5. checking no_input_delay (360)
--------------------------------
 There are 360 input ports with no input delay specified. (HIGH)

 There are 0 input ports with no input delay but user has a false path constraint.


6. checking no_output_delay (529)
---------------------------------
 There are 529 ports with no output delay specified. (HIGH)

 There are 0 ports with no output delay but user has a false path constraint

 There are 0 ports with no output delay but with a timing clock defined on it or propagating through it


7. checking multiple_clock (0)
------------------------------
 There are 0 register/latch pins with multiple clocks.


8. checking generated_clocks (0)
--------------------------------
 There are 0 generated clocks that are not connected to a clock source.


9. checking loops (0)
---------------------
 There are 0 combinational loops in the design.


10. checking partial_input_delay (0)
------------------------------------
 There are 0 input ports with partial input delay specified.


11. checking partial_output_delay (0)
-------------------------------------
 There are 0 ports with partial output delay specified.


12. checking latch_loops (0)
----------------------------
 There are 0 combinational latch loops in the design through latch input



------------------------------------------------------------------------------------------------
| Design Timing Summary
| ---------------------
------------------------------------------------------------------------------------------------

    WNS(ns)      TNS(ns)  TNS Failing Endpoints  TNS Total Endpoints      WHS(ns)      THS(ns)  THS Failing Endpoints  THS Total Endpoints     WPWS(ns)     TPWS(ns)  TPWS Failing Endpoints  TPWS Total Endpoints  
    -------      -------  ---------------------  -------------------      -------      -------  ---------------------  -------------------     --------     --------  ----------------------  --------------------  
     -0.177       -2.510                     51                39274        0.026        0.000                      0                39274        0.373        0.000                       0                 15199  


Timing constraints are not met.


------------------------------------------------------------------------------------------------
| Clock Summary
| -------------
------------------------------------------------------------------------------------------------

Clock   Waveform(ns)         Period(ns)      Frequency(MHz)
-----   ------------         ----------      --------------
ap_clk  {0.000 0.971}        1.942           514.933         


------------------------------------------------------------------------------------------------
| Intra Clock Table
| -----------------
------------------------------------------------------------------------------------------------

Clock             WNS(ns)      TNS(ns)  TNS Failing Endpoints  TNS Total Endpoints      WHS(ns)      THS(ns)  THS Failing Endpoints  THS Total Endpoints     WPWS(ns)     TPWS(ns)  TPWS Failing Endpoints  TPWS Total Endpoints  
-----             -------      -------  ---------------------  -------------------      -------      -------  ---------------------  -------------------     --------     --------  ----------------------  --------------------  
ap_clk             -0.177       -2.510                     51                39274        0.026        0.000                      0                39274        0.373        0.000                       0                 15199  


------------------------------------------------------------------------------------------------
| Inter Clock Table
| -----------------
------------------------------------------------------------------------------------------------

From Clock    To Clock          WNS(ns)      TNS(ns)  TNS Failing Endpoints  TNS Total Endpoints      WHS(ns)      THS(ns)  THS Failing Endpoints  THS Total Endpoints  
----------    --------          -------      -------  ---------------------  -------------------      -------      -------  ---------------------  -------------------  


------------------------------------------------------------------------------------------------
| Other Path Groups Table
| -----------------------
------------------------------------------------------------------------------------------------

Path Group    From Clock    To Clock          WNS(ns)      TNS(ns)  TNS Failing Endpoints  TNS Total Endpoints      WHS(ns)      THS(ns)  THS Failing Endpoints  THS Total Endpoints  
----------    ----------    --------          -------      -------  ---------------------  -------------------      -------      -------  ---------------------  -------------------  


------------------------------------------------------------------------------------------------
| User Ignored Path Table
| -----------------------
------------------------------------------------------------------------------------------------

Path Group    From Clock    To Clock    
----------    ----------    --------    


------------------------------------------------------------------------------------------------
| Unconstrained Path Table
| ------------------------
------------------------------------------------------------------------------------------------

Path Group    From Clock    To Clock    
----------    ----------    --------    
(none)        ap_clk                      
(none)                      ap_clk        


------------------------------------------------------------------------------------------------
| Timing Details
| --------------
------------------------------------------------------------------------------------------------


---------------------------------------------------------------------------------------------------
From Clock:  ap_clk
  To Clock:  ap_clk

Setup :           51  Failing Endpoints,  Worst Slack       -0.177ns,  Total Violation       -2.510ns
Hold  :            0  Failing Endpoints,  Worst Slack        0.026ns,  Total Violation        0.000ns
PW    :            0  Failing Endpoints,  Worst Slack        0.373ns,  Total Violation        0.000ns
---------------------------------------------------------------------------------------------------


Max Delay Paths
--------------------------------------------------------------------------------------
Slack (VIOLATED) :        -0.177ns  (required time - arrival time)
  Source:                 bd_0_i/hls_inst/inst/ap_CS_fsm_reg[1165]_replica/C
                            (rising edge-triggered cell FDRE clocked by ap_clk  {rise@0.000ns fall@0.971ns period=1.942ns})
  Destination:            bd_0_i/hls_inst/inst/w1_arr_V_U/ram_reg_0_63_0_0/SP/WE
                            (rising edge-triggered cell RAMS64E clocked by ap_clk  {rise@0.000ns fall@0.971ns period=1.942ns})
  Path Group:             ap_clk
  Path Type:              Setup (Max at Slow Process Corner)
  Requirement:            1.942ns  (ap_clk rise@1.942ns - ap_clk rise@0.000ns)
  Data Path Delay:        1.916ns  (logic 0.740ns (38.617%)  route 1.176ns (61.383%))
  Logic Levels:           7  (LUT4=2 LUT5=2 LUT6=3)
  Clock Path Skew:        0.013ns (DCD - SCD + CPR)
    Destination Clock Delay (DCD):    0.043ns = ( 1.985 - 1.942 ) 
    Source Clock Delay      (SCD):    0.030ns
    Clock Pessimism Removal (CPR):    0.000ns
  Clock Uncertainty:      0.035ns  ((TSJ^2 + TIJ^2)^1/2 + DJ) / 2 + PE
    Total System Jitter     (TSJ):    0.071ns
    Total Input Jitter      (TIJ):    0.000ns
    Discrete Jitter          (DJ):    0.000ns
    Phase Error              (PE):    0.000ns

    Location             Delay type                Incr(ns)  Path(ns)    Netlist Resource(s)
  -------------------------------------------------------------------    -------------------
                         (clock ap_clk rise edge)     0.000     0.000 r  
                                                      0.000     0.000 r  ap_clk (IN)
                         net (fo=15518, unset)        0.030     0.030    bd_0_i/hls_inst/inst/ap_clk
    SLICE_X50Y48         FDRE                                         r  bd_0_i/hls_inst/inst/ap_CS_fsm_reg[1165]_replica/C
  -------------------------------------------------------------------    -------------------
    SLICE_X50Y48         FDRE (Prop_DFF2_SLICEM_C_Q)
                                                      0.080     0.110 f  bd_0_i/hls_inst/inst/ap_CS_fsm_reg[1165]_replica/Q
                         net (fo=4, routed)           0.166     0.276    bd_0_i/hls_inst/inst/w4_arr_V_U/ap_CS_fsm_state1166_repN_alias
    SLICE_X49Y47         LUT4 (Prop_A6LUT_SLICEL_I1_O)
                                                      0.149     0.425 f  bd_0_i/hls_inst/inst/w4_arr_V_U/q0[3]_i_6__4/O
                         net (fo=4, routed)           0.103     0.528    bd_0_i/hls_inst/inst/w1_arr_V_U/ram_reg_0_63_3_3_i_2__0
    SLICE_X49Y47         LUT4 (Prop_F6LUT_SLICEL_I3_O)
                                                      0.035     0.563 r  bd_0_i/hls_inst/inst/w1_arr_V_U/ram_reg_0_63_2_2_i_3/O
                         net (fo=23, routed)          0.074     0.637    bd_0_i/hls_inst/inst/w1_arr_V_U/ap_CS_fsm_reg[946]
    SLICE_X49Y47         LUT5 (Prop_B6LUT_SLICEL_I4_O)
                                                      0.148     0.785 f  bd_0_i/hls_inst/inst/w1_arr_V_U/q0[3]_i_5__5/O
                         net (fo=5, routed)           0.117     0.902    bd_0_i/hls_inst/inst/grp_gemv_kernel_Pipeline_PACK_DECODING_ROW8_fu_793/q0_reg[0]
    SLICE_X48Y47         LUT6 (Prop_D6LUT_SLICEM_I0_O)
                                                      0.145     1.047 r  bd_0_i/hls_inst/inst/grp_gemv_kernel_Pipeline_PACK_DECODING_ROW8_fu_793/q0[3]_i_8__2/O
                         net (fo=1, routed)           0.092     1.139    bd_0_i/hls_inst/inst/grp_gemv_kernel_Pipeline_PACK_DECODING_ROW14_fu_919/q0_reg[0]_3
    SLICE_X47Y47         LUT6 (Prop_G6LUT_SLICEL_I0_O)
                                                      0.097     1.236 r  bd_0_i/hls_inst/inst/grp_gemv_kernel_Pipeline_PACK_DECODING_ROW14_fu_919/q0[3]_i_2__2/O
                         net (fo=1, routed)           0.184     1.420    bd_0_i/hls_inst/inst/grp_gemv_kernel_Pipeline_PACK_DECODING_ROW14_fu_919/q0[3]_i_2__2_n_0
    SLICE_X46Y44         LUT6 (Prop_D6LUT_SLICEM_I0_O)
                                                      0.051     1.471 r  bd_0_i/hls_inst/inst/grp_gemv_kernel_Pipeline_PACK_DECODING_ROW14_fu_919/q0[3]_i_1__0/O
                         net (fo=5, routed)           0.145     1.616    bd_0_i/hls_inst/inst/grp_gemv_kernel_Pipeline_PACK_DECODING_ROW11_fu_856/E[0]
    SLICE_X45Y44         LUT5 (Prop_E6LUT_SLICEL_I4_O)
                                                      0.035     1.651 r  bd_0_i/hls_inst/inst/grp_gemv_kernel_Pipeline_PACK_DECODING_ROW11_fu_856/ram_reg_0_63_0_0_i_2__5/O
                         net (fo=4, routed)           0.295     1.946    bd_0_i/hls_inst/inst/w1_arr_V_U/ram_reg_0_63_0_0/WE
    SLICE_X44Y44         RAMS64E                                      r  bd_0_i/hls_inst/inst/w1_arr_V_U/ram_reg_0_63_0_0/SP/WE
  -------------------------------------------------------------------    -------------------

                         (clock ap_clk rise edge)     1.942     1.942 r  
                                                      0.000     1.942 r  ap_clk (IN)
                         net (fo=15518, unset)        0.043     1.985    bd_0_i/hls_inst/inst/w1_arr_V_U/ram_reg_0_63_0_0/WCLK
    SLICE_X44Y44         RAMS64E                                      r  bd_0_i/hls_inst/inst/w1_arr_V_U/ram_reg_0_63_0_0/SP/CLK
                         clock pessimism              0.000     1.985    
                         clock uncertainty           -0.035     1.950    
    SLICE_X44Y44         RAMS64E (Setup_H6LUT_SLICEM_CLK_WE)
                                                     -0.180     1.770    bd_0_i/hls_inst/inst/w1_arr_V_U/ram_reg_0_63_0_0/SP
  -------------------------------------------------------------------
                         required time                          1.770    
                         arrival time                          -1.946    
  -------------------------------------------------------------------
                         slack                                 -0.177    

Slack (VIOLATED) :        -0.177ns  (required time - arrival time)
  Source:                 bd_0_i/hls_inst/inst/ap_CS_fsm_reg[1165]_replica/C
                            (rising edge-triggered cell FDRE clocked by ap_clk  {rise@0.000ns fall@0.971ns period=1.942ns})
  Destination:            bd_0_i/hls_inst/inst/w1_arr_V_U/ram_reg_0_63_1_1/SP/WE
                            (rising edge-triggered cell RAMS64E clocked by ap_clk  {rise@0.000ns fall@0.971ns period=1.942ns})
  Path Group:             ap_clk
  Path Type:              Setup (Max at Slow Process Corner)
  Requirement:            1.942ns  (ap_clk rise@1.942ns - ap_clk rise@0.000ns)
  Data Path Delay:        1.916ns  (logic 0.740ns (38.617%)  route 1.176ns (61.383%))
  Logic Levels:           7  (LUT4=2 LUT5=2 LUT6=3)
  Clock Path Skew:        0.013ns (DCD - SCD + CPR)
    Destination Clock Delay (DCD):    0.043ns = ( 1.985 - 1.942 ) 
    Source Clock Delay      (SCD):    0.030ns
    Clock Pessimism Removal (CPR):    0.000ns
  Clock Uncertainty:      0.035ns  ((TSJ^2 + TIJ^2)^1/2 + DJ) / 2 + PE
    Total System Jitter     (TSJ):    0.071ns
    Total Input Jitter      (TIJ):    0.000ns
    Discrete Jitter          (DJ):    0.000ns
    Phase Error              (PE):    0.000ns

    Location             Delay type                Incr(ns)  Path(ns)    Netlist Resource(s)
  -------------------------------------------------------------------    -------------------
                         (clock ap_clk rise edge)     0.000     0.000 r  
                                                      0.000     0.000 r  ap_clk (IN)
                         net (fo=15518, unset)        0.030     0.030    bd_0_i/hls_inst/inst/ap_clk
    SLICE_X50Y48         FDRE                                         r  bd_0_i/hls_inst/inst/ap_CS_fsm_reg[1165]_replica/C
  -------------------------------------------------------------------    -------------------
    SLICE_X50Y48         FDRE (Prop_DFF2_SLICEM_C_Q)
                                                      0.080     0.110 f  bd_0_i/hls_inst/inst/ap_CS_fsm_reg[1165]_replica/Q
                         net (fo=4, routed)           0.166     0.276    bd_0_i/hls_inst/inst/w4_arr_V_U/ap_CS_fsm_state1166_repN_alias
    SLICE_X49Y47         LUT4 (Prop_A6LUT_SLICEL_I1_O)
                                                      0.149     0.425 f  bd_0_i/hls_inst/inst/w4_arr_V_U/q0[3]_i_6__4/O
                         net (fo=4, routed)           0.103     0.528    bd_0_i/hls_inst/inst/w1_arr_V_U/ram_reg_0_63_3_3_i_2__0
    SLICE_X49Y47         LUT4 (Prop_F6LUT_SLICEL_I3_O)
                                                      0.035     0.563 r  bd_0_i/hls_inst/inst/w1_arr_V_U/ram_reg_0_63_2_2_i_3/O
                         net (fo=23, routed)          0.074     0.637    bd_0_i/hls_inst/inst/w1_arr_V_U/ap_CS_fsm_reg[946]
    SLICE_X49Y47         LUT5 (Prop_B6LUT_SLICEL_I4_O)
                                                      0.148     0.785 f  bd_0_i/hls_inst/inst/w1_arr_V_U/q0[3]_i_5__5/O
                         net (fo=5, routed)           0.117     0.902    bd_0_i/hls_inst/inst/grp_gemv_kernel_Pipeline_PACK_DECODING_ROW8_fu_793/q0_reg[0]
    SLICE_X48Y47         LUT6 (Prop_D6LUT_SLICEM_I0_O)
                                                      0.145     1.047 r  bd_0_i/hls_inst/inst/grp_gemv_kernel_Pipeline_PACK_DECODING_ROW8_fu_793/q0[3]_i_8__2/O
                         net (fo=1, routed)           0.092     1.139    bd_0_i/hls_inst/inst/grp_gemv_kernel_Pipeline_PACK_DECODING_ROW14_fu_919/q0_reg[0]_3
    SLICE_X47Y47         LUT6 (Prop_G6LUT_SLICEL_I0_O)
                                                      0.097     1.236 r  bd_0_i/hls_inst/inst/grp_gemv_kernel_Pipeline_PACK_DECODING_ROW14_fu_919/q0[3]_i_2__2/O
                         net (fo=1, routed)           0.184     1.420    bd_0_i/hls_inst/inst/grp_gemv_kernel_Pipeline_PACK_DECODING_ROW14_fu_919/q0[3]_i_2__2_n_0
    SLICE_X46Y44         LUT6 (Prop_D6LUT_SLICEM_I0_O)
                                                      0.051     1.471 r  bd_0_i/hls_inst/inst/grp_gemv_kernel_Pipeline_PACK_DECODING_ROW14_fu_919/q0[3]_i_1__0/O
                         net (fo=5, routed)           0.145     1.616    bd_0_i/hls_inst/inst/grp_gemv_kernel_Pipeline_PACK_DECODING_ROW11_fu_856/E[0]
    SLICE_X45Y44         LUT5 (Prop_E6LUT_SLICEL_I4_O)
                                                      0.035     1.651 r  bd_0_i/hls_inst/inst/grp_gemv_kernel_Pipeline_PACK_DECODING_ROW11_fu_856/ram_reg_0_63_0_0_i_2__5/O
                         net (fo=4, routed)           0.295     1.946    bd_0_i/hls_inst/inst/w1_arr_V_U/ram_reg_0_63_1_1/WE
    SLICE_X44Y44         RAMS64E                                      r  bd_0_i/hls_inst/inst/w1_arr_V_U/ram_reg_0_63_1_1/SP/WE
  -------------------------------------------------------------------    -------------------

                         (clock ap_clk rise edge)     1.942     1.942 r  
                                                      0.000     1.942 r  ap_clk (IN)
                         net (fo=15518, unset)        0.043     1.985    bd_0_i/hls_inst/inst/w1_arr_V_U/ram_reg_0_63_1_1/WCLK
    SLICE_X44Y44         RAMS64E                                      r  bd_0_i/hls_inst/inst/w1_arr_V_U/ram_reg_0_63_1_1/SP/CLK
                         clock pessimism              0.000     1.985    
                         clock uncertainty           -0.035     1.950    
    SLICE_X44Y44         RAMS64E (Setup_G6LUT_SLICEM_CLK_WE)
                                                     -0.180     1.770    bd_0_i/hls_inst/inst/w1_arr_V_U/ram_reg_0_63_1_1/SP
  -------------------------------------------------------------------
                         required time                          1.770    
                         arrival time                          -1.946    
  -------------------------------------------------------------------
                         slack                                 -0.177    

Slack (VIOLATED) :        -0.177ns  (required time - arrival time)
  Source:                 bd_0_i/hls_inst/inst/ap_CS_fsm_reg[1165]_replica/C
                            (rising edge-triggered cell FDRE clocked by ap_clk  {rise@0.000ns fall@0.971ns period=1.942ns})
  Destination:            bd_0_i/hls_inst/inst/w1_arr_V_U/ram_reg_0_63_2_2/SP/WE
                            (rising edge-triggered cell RAMS64E clocked by ap_clk  {rise@0.000ns fall@0.971ns period=1.942ns})
  Path Group:             ap_clk
  Path Type:              Setup (Max at Slow Process Corner)
  Requirement:            1.942ns  (ap_clk rise@1.942ns - ap_clk rise@0.000ns)
  Data Path Delay:        1.916ns  (logic 0.740ns (38.617%)  route 1.176ns (61.383%))
  Logic Levels:           7  (LUT4=2 LUT5=2 LUT6=3)
  Clock Path Skew:        0.013ns (DCD - SCD + CPR)
    Destination Clock Delay (DCD):    0.043ns = ( 1.985 - 1.942 ) 
    Source Clock Delay      (SCD):    0.030ns
    Clock Pessimism Removal (CPR):    0.000ns
  Clock Uncertainty:      0.035ns  ((TSJ^2 + TIJ^2)^1/2 + DJ) / 2 + PE
    Total System Jitter     (TSJ):    0.071ns
    Total Input Jitter      (TIJ):    0.000ns
    Discrete Jitter          (DJ):    0.000ns
    Phase Error              (PE):    0.000ns

    Location             Delay type                Incr(ns)  Path(ns)    Netlist Resource(s)
  -------------------------------------------------------------------    -------------------
                         (clock ap_clk rise edge)     0.000     0.000 r  
                                                      0.000     0.000 r  ap_clk (IN)
                         net (fo=15518, unset)        0.030     0.030    bd_0_i/hls_inst/inst/ap_clk
    SLICE_X50Y48         FDRE                                         r  bd_0_i/hls_inst/inst/ap_CS_fsm_reg[1165]_replica/C
  -------------------------------------------------------------------    -------------------
    SLICE_X50Y48         FDRE (Prop_DFF2_SLICEM_C_Q)
                                                      0.080     0.110 f  bd_0_i/hls_inst/inst/ap_CS_fsm_reg[1165]_replica/Q
                         net (fo=4, routed)           0.166     0.276    bd_0_i/hls_inst/inst/w4_arr_V_U/ap_CS_fsm_state1166_repN_alias
    SLICE_X49Y47         LUT4 (Prop_A6LUT_SLICEL_I1_O)
                                                      0.149     0.425 f  bd_0_i/hls_inst/inst/w4_arr_V_U/q0[3]_i_6__4/O
                         net (fo=4, routed)           0.103     0.528    bd_0_i/hls_inst/inst/w1_arr_V_U/ram_reg_0_63_3_3_i_2__0
    SLICE_X49Y47         LUT4 (Prop_F6LUT_SLICEL_I3_O)
                                                      0.035     0.563 r  bd_0_i/hls_inst/inst/w1_arr_V_U/ram_reg_0_63_2_2_i_3/O
                         net (fo=23, routed)          0.074     0.637    bd_0_i/hls_inst/inst/w1_arr_V_U/ap_CS_fsm_reg[946]
    SLICE_X49Y47         LUT5 (Prop_B6LUT_SLICEL_I4_O)
                                                      0.148     0.785 f  bd_0_i/hls_inst/inst/w1_arr_V_U/q0[3]_i_5__5/O
                         net (fo=5, routed)           0.117     0.902    bd_0_i/hls_inst/inst/grp_gemv_kernel_Pipeline_PACK_DECODING_ROW8_fu_793/q0_reg[0]
    SLICE_X48Y47         LUT6 (Prop_D6LUT_SLICEM_I0_O)
                                                      0.145     1.047 r  bd_0_i/hls_inst/inst/grp_gemv_kernel_Pipeline_PACK_DECODING_ROW8_fu_793/q0[3]_i_8__2/O
                         net (fo=1, routed)           0.092     1.139    bd_0_i/hls_inst/inst/grp_gemv_kernel_Pipeline_PACK_DECODING_ROW14_fu_919/q0_reg[0]_3
    SLICE_X47Y47         LUT6 (Prop_G6LUT_SLICEL_I0_O)
                                                      0.097     1.236 r  bd_0_i/hls_inst/inst/grp_gemv_kernel_Pipeline_PACK_DECODING_ROW14_fu_919/q0[3]_i_2__2/O
                         net (fo=1, routed)           0.184     1.420    bd_0_i/hls_inst/inst/grp_gemv_kernel_Pipeline_PACK_DECODING_ROW14_fu_919/q0[3]_i_2__2_n_0
    SLICE_X46Y44         LUT6 (Prop_D6LUT_SLICEM_I0_O)
                                                      0.051     1.471 r  bd_0_i/hls_inst/inst/grp_gemv_kernel_Pipeline_PACK_DECODING_ROW14_fu_919/q0[3]_i_1__0/O
                         net (fo=5, routed)           0.145     1.616    bd_0_i/hls_inst/inst/grp_gemv_kernel_Pipeline_PACK_DECODING_ROW11_fu_856/E[0]
    SLICE_X45Y44         LUT5 (Prop_E6LUT_SLICEL_I4_O)
                                                      0.035     1.651 r  bd_0_i/hls_inst/inst/grp_gemv_kernel_Pipeline_PACK_DECODING_ROW11_fu_856/ram_reg_0_63_0_0_i_2__5/O
                         net (fo=4, routed)           0.295     1.946    bd_0_i/hls_inst/inst/w1_arr_V_U/ram_reg_0_63_2_2/WE
    SLICE_X44Y44         RAMS64E                                      r  bd_0_i/hls_inst/inst/w1_arr_V_U/ram_reg_0_63_2_2/SP/WE
  -------------------------------------------------------------------    -------------------

                         (clock ap_clk rise edge)     1.942     1.942 r  
                                                      0.000     1.942 r  ap_clk (IN)
                         net (fo=15518, unset)        0.043     1.985    bd_0_i/hls_inst/inst/w1_arr_V_U/ram_reg_0_63_2_2/WCLK
    SLICE_X44Y44         RAMS64E                                      r  bd_0_i/hls_inst/inst/w1_arr_V_U/ram_reg_0_63_2_2/SP/CLK
                         clock pessimism              0.000     1.985    
                         clock uncertainty           -0.035     1.950    
    SLICE_X44Y44         RAMS64E (Setup_F6LUT_SLICEM_CLK_WE)
                                                     -0.180     1.770    bd_0_i/hls_inst/inst/w1_arr_V_U/ram_reg_0_63_2_2/SP
  -------------------------------------------------------------------
                         required time                          1.770    
                         arrival time                          -1.946    
  -------------------------------------------------------------------
                         slack                                 -0.177    

Slack (VIOLATED) :        -0.177ns  (required time - arrival time)
  Source:                 bd_0_i/hls_inst/inst/ap_CS_fsm_reg[1165]_replica/C
                            (rising edge-triggered cell FDRE clocked by ap_clk  {rise@0.000ns fall@0.971ns period=1.942ns})
  Destination:            bd_0_i/hls_inst/inst/w1_arr_V_U/ram_reg_0_63_3_3/SP/WE
                            (rising edge-triggered cell RAMS64E clocked by ap_clk  {rise@0.000ns fall@0.971ns period=1.942ns})
  Path Group:             ap_clk
  Path Type:              Setup (Max at Slow Process Corner)
  Requirement:            1.942ns  (ap_clk rise@1.942ns - ap_clk rise@0.000ns)
  Data Path Delay:        1.916ns  (logic 0.740ns (38.617%)  route 1.176ns (61.383%))
  Logic Levels:           7  (LUT4=2 LUT5=2 LUT6=3)
  Clock Path Skew:        0.013ns (DCD - SCD + CPR)
    Destination Clock Delay (DCD):    0.043ns = ( 1.985 - 1.942 ) 
    Source Clock Delay      (SCD):    0.030ns
    Clock Pessimism Removal (CPR):    0.000ns
  Clock Uncertainty:      0.035ns  ((TSJ^2 + TIJ^2)^1/2 + DJ) / 2 + PE
    Total System Jitter     (TSJ):    0.071ns
    Total Input Jitter      (TIJ):    0.000ns
    Discrete Jitter          (DJ):    0.000ns
    Phase Error              (PE):    0.000ns

    Location             Delay type                Incr(ns)  Path(ns)    Netlist Resource(s)
  -------------------------------------------------------------------    -------------------
                         (clock ap_clk rise edge)     0.000     0.000 r  
                                                      0.000     0.000 r  ap_clk (IN)
                         net (fo=15518, unset)        0.030     0.030    bd_0_i/hls_inst/inst/ap_clk
    SLICE_X50Y48         FDRE                                         r  bd_0_i/hls_inst/inst/ap_CS_fsm_reg[1165]_replica/C
  -------------------------------------------------------------------    -------------------
    SLICE_X50Y48         FDRE (Prop_DFF2_SLICEM_C_Q)
                                                      0.080     0.110 f  bd_0_i/hls_inst/inst/ap_CS_fsm_reg[1165]_replica/Q
                         net (fo=4, routed)           0.166     0.276    bd_0_i/hls_inst/inst/w4_arr_V_U/ap_CS_fsm_state1166_repN_alias
    SLICE_X49Y47         LUT4 (Prop_A6LUT_SLICEL_I1_O)
                                                      0.149     0.425 f  bd_0_i/hls_inst/inst/w4_arr_V_U/q0[3]_i_6__4/O
                         net (fo=4, routed)           0.103     0.528    bd_0_i/hls_inst/inst/w1_arr_V_U/ram_reg_0_63_3_3_i_2__0
    SLICE_X49Y47         LUT4 (Prop_F6LUT_SLICEL_I3_O)
                                                      0.035     0.563 r  bd_0_i/hls_inst/inst/w1_arr_V_U/ram_reg_0_63_2_2_i_3/O
                         net (fo=23, routed)          0.074     0.637    bd_0_i/hls_inst/inst/w1_arr_V_U/ap_CS_fsm_reg[946]
    SLICE_X49Y47         LUT5 (Prop_B6LUT_SLICEL_I4_O)
                                                      0.148     0.785 f  bd_0_i/hls_inst/inst/w1_arr_V_U/q0[3]_i_5__5/O
                         net (fo=5, routed)           0.117     0.902    bd_0_i/hls_inst/inst/grp_gemv_kernel_Pipeline_PACK_DECODING_ROW8_fu_793/q0_reg[0]
    SLICE_X48Y47         LUT6 (Prop_D6LUT_SLICEM_I0_O)
                                                      0.145     1.047 r  bd_0_i/hls_inst/inst/grp_gemv_kernel_Pipeline_PACK_DECODING_ROW8_fu_793/q0[3]_i_8__2/O
                         net (fo=1, routed)           0.092     1.139    bd_0_i/hls_inst/inst/grp_gemv_kernel_Pipeline_PACK_DECODING_ROW14_fu_919/q0_reg[0]_3
    SLICE_X47Y47         LUT6 (Prop_G6LUT_SLICEL_I0_O)
                                                      0.097     1.236 r  bd_0_i/hls_inst/inst/grp_gemv_kernel_Pipeline_PACK_DECODING_ROW14_fu_919/q0[3]_i_2__2/O
                         net (fo=1, routed)           0.184     1.420    bd_0_i/hls_inst/inst/grp_gemv_kernel_Pipeline_PACK_DECODING_ROW14_fu_919/q0[3]_i_2__2_n_0
    SLICE_X46Y44         LUT6 (Prop_D6LUT_SLICEM_I0_O)
                                                      0.051     1.471 r  bd_0_i/hls_inst/inst/grp_gemv_kernel_Pipeline_PACK_DECODING_ROW14_fu_919/q0[3]_i_1__0/O
                         net (fo=5, routed)           0.145     1.616    bd_0_i/hls_inst/inst/grp_gemv_kernel_Pipeline_PACK_DECODING_ROW11_fu_856/E[0]
    SLICE_X45Y44         LUT5 (Prop_E6LUT_SLICEL_I4_O)
                                                      0.035     1.651 r  bd_0_i/hls_inst/inst/grp_gemv_kernel_Pipeline_PACK_DECODING_ROW11_fu_856/ram_reg_0_63_0_0_i_2__5/O
                         net (fo=4, routed)           0.295     1.946    bd_0_i/hls_inst/inst/w1_arr_V_U/ram_reg_0_63_3_3/WE
    SLICE_X44Y44         RAMS64E                                      r  bd_0_i/hls_inst/inst/w1_arr_V_U/ram_reg_0_63_3_3/SP/WE
  -------------------------------------------------------------------    -------------------

                         (clock ap_clk rise edge)     1.942     1.942 r  
                                                      0.000     1.942 r  ap_clk (IN)
                         net (fo=15518, unset)        0.043     1.985    bd_0_i/hls_inst/inst/w1_arr_V_U/ram_reg_0_63_3_3/WCLK
    SLICE_X44Y44         RAMS64E                                      r  bd_0_i/hls_inst/inst/w1_arr_V_U/ram_reg_0_63_3_3/SP/CLK
                         clock pessimism              0.000     1.985    
                         clock uncertainty           -0.035     1.950    
    SLICE_X44Y44         RAMS64E (Setup_E6LUT_SLICEM_CLK_WE)
                                                     -0.180     1.770    bd_0_i/hls_inst/inst/w1_arr_V_U/ram_reg_0_63_3_3/SP
  -------------------------------------------------------------------
                         required time                          1.770    
                         arrival time                          -1.946    
  -------------------------------------------------------------------
                         slack                                 -0.177    

Slack (VIOLATED) :        -0.133ns  (required time - arrival time)
  Source:                 bd_0_i/hls_inst/inst/gmem_m_axi_U/load_unit/bus_wide_gen.data_valid_reg/C
                            (rising edge-triggered cell FDRE clocked by ap_clk  {rise@0.000ns fall@0.971ns period=1.942ns})
  Destination:            bd_0_i/hls_inst/inst/gmem_m_axi_U/load_unit/buff_rdata/U_fifo_mem/raddr_reg_reg[0]/D
                            (rising edge-triggered cell FDRE clocked by ap_clk  {rise@0.000ns fall@0.971ns period=1.942ns})
  Path Group:             ap_clk
  Path Type:              Setup (Max at Slow Process Corner)
  Requirement:            1.942ns  (ap_clk rise@1.942ns - ap_clk rise@0.000ns)
  Data Path Delay:        2.056ns  (logic 0.589ns (28.654%)  route 1.467ns (71.346%))
  Logic Levels:           7  (LUT3=1 LUT5=1 LUT6=5)
  Clock Path Skew:        -0.009ns (DCD - SCD + CPR)
    Destination Clock Delay (DCD):    0.020ns = ( 1.962 - 1.942 ) 
    Source Clock Delay      (SCD):    0.029ns
    Clock Pessimism Removal (CPR):    0.000ns
  Clock Uncertainty:      0.035ns  ((TSJ^2 + TIJ^2)^1/2 + DJ) / 2 + PE
    Total System Jitter     (TSJ):    0.071ns
    Total Input Jitter      (TIJ):    0.000ns
    Discrete Jitter          (DJ):    0.000ns
    Phase Error              (PE):    0.000ns

    Location             Delay type                Incr(ns)  Path(ns)    Netlist Resource(s)
  -------------------------------------------------------------------    -------------------
                         (clock ap_clk rise edge)     0.000     0.000 r  
                                                      0.000     0.000 r  ap_clk (IN)
                         net (fo=15518, unset)        0.029     0.029    bd_0_i/hls_inst/inst/gmem_m_axi_U/load_unit/ap_clk
    SLICE_X51Y49         FDRE                                         r  bd_0_i/hls_inst/inst/gmem_m_axi_U/load_unit/bus_wide_gen.data_valid_reg/C
  -------------------------------------------------------------------    -------------------
    SLICE_X51Y49         FDRE (Prop_GFF_SLICEL_C_Q)
                                                      0.079     0.108 r  bd_0_i/hls_inst/inst/gmem_m_axi_U/load_unit/bus_wide_gen.data_valid_reg/Q
                         net (fo=148, routed)         0.289     0.397    bd_0_i/hls_inst/inst/grp_gemv_kernel_Pipeline_PACK_DECODING_ROW10_fu_835/gmem_RVALID
    SLICE_X51Y46         LUT5 (Prop_A6LUT_SLICEL_I4_O)
                                                      0.050     0.447 f  bd_0_i/hls_inst/inst/grp_gemv_kernel_Pipeline_PACK_DECODING_ROW10_fu_835/ram_reg_0_63_0_0_i_14/O
                         net (fo=6, routed)           0.099     0.546    bd_0_i/hls_inst/inst/grp_gemv_kernel_Pipeline_PACK_DECODING_ROW10_fu_835/ap_CS_fsm_reg[0]_0
    SLICE_X52Y46         LUT6 (Prop_B6LUT_SLICEM_I2_O)
                                                      0.089     0.635 r  bd_0_i/hls_inst/inst/grp_gemv_kernel_Pipeline_PACK_DECODING_ROW10_fu_835/bus_wide_gen.data_valid_i_11/O
                         net (fo=1, routed)           0.095     0.730    bd_0_i/hls_inst/inst/grp_gemv_kernel_Pipeline_PACK_DECODING_ROW10_fu_835/grp_gemv_kernel_Pipeline_PACK_DECODING_ROW10_fu_835_m_axi_gmem_RREADY
    SLICE_X52Y47         LUT6 (Prop_B6LUT_SLICEM_I1_O)
                                                      0.125     0.855 r  bd_0_i/hls_inst/inst/grp_gemv_kernel_Pipeline_PACK_DECODING_ROW10_fu_835/bus_wide_gen.data_valid_i_5/O
                         net (fo=1, routed)           0.166     1.021    bd_0_i/hls_inst/inst/grp_gemv_kernel_Pipeline_PACK_DECODING_ROW10_fu_835/bus_wide_gen.data_valid_i_5_n_0
    SLICE_X52Y46         LUT6 (Prop_A6LUT_SLICEM_I0_O)
                                                      0.125     1.146 r  bd_0_i/hls_inst/inst/grp_gemv_kernel_Pipeline_PACK_DECODING_ROW10_fu_835/bus_wide_gen.data_valid_i_2/O
                         net (fo=8, routed)           0.256     1.402    bd_0_i/hls_inst/inst/gmem_m_axi_U/load_unit/bus_wide_gen.rreq_offset/U_fifo_srl/bus_wide_gen.ready_for_data__0
    SLICE_X55Y46         LUT6 (Prop_A6LUT_SLICEL_I2_O)
                                                      0.035     1.437 r  bd_0_i/hls_inst/inst/gmem_m_axi_U/load_unit/bus_wide_gen.rreq_offset/U_fifo_srl/mem_reg_i_4/O
                         net (fo=14, routed)          0.121     1.558    bd_0_i/hls_inst/inst/gmem_m_axi_U/load_unit/buff_rdata/U_fifo_mem/bus_wide_gen.last_split__0
    SLICE_X55Y48         LUT3 (Prop_A6LUT_SLICEL_I0_O)
                                                      0.035     1.593 r  bd_0_i/hls_inst/inst/gmem_m_axi_U/load_unit/buff_rdata/U_fifo_mem/raddr_reg[7]_i_3/O
                         net (fo=10, routed)          0.294     1.887    bd_0_i/hls_inst/inst/gmem_m_axi_U/load_unit/buff_rdata/U_fifo_mem/pop
    SLICE_X54Y51         LUT6 (Prop_H6LUT_SLICEL_I1_O)
                                                      0.051     1.938 r  bd_0_i/hls_inst/inst/gmem_m_axi_U/load_unit/buff_rdata/U_fifo_mem/raddr_reg[0]_i_1__0/O
                         net (fo=2, routed)           0.147     2.085    bd_0_i/hls_inst/inst/gmem_m_axi_U/load_unit/buff_rdata/U_fifo_mem/rnext[0]
    SLICE_X54Y51         FDRE                                         r  bd_0_i/hls_inst/inst/gmem_m_axi_U/load_unit/buff_rdata/U_fifo_mem/raddr_reg_reg[0]/D
  -------------------------------------------------------------------    -------------------

                         (clock ap_clk rise edge)     1.942     1.942 r  
                                                      0.000     1.942 r  ap_clk (IN)
                         net (fo=15518, unset)        0.020     1.962    bd_0_i/hls_inst/inst/gmem_m_axi_U/load_unit/buff_rdata/U_fifo_mem/ap_clk
    SLICE_X54Y51         FDRE                                         r  bd_0_i/hls_inst/inst/gmem_m_axi_U/load_unit/buff_rdata/U_fifo_mem/raddr_reg_reg[0]/C
                         clock pessimism              0.000     1.962    
                         clock uncertainty           -0.035     1.927    
    SLICE_X54Y51         FDRE (Setup_DFF2_SLICEL_C_D)
                                                      0.025     1.952    bd_0_i/hls_inst/inst/gmem_m_axi_U/load_unit/buff_rdata/U_fifo_mem/raddr_reg_reg[0]
  -------------------------------------------------------------------
                         required time                          1.952    
                         arrival time                          -2.085    
  -------------------------------------------------------------------
                         slack                                 -0.133    

Slack (VIOLATED) :        -0.099ns  (required time - arrival time)
  Source:                 bd_0_i/hls_inst/inst/gmem_m_axi_U/load_unit/bus_wide_gen.data_valid_reg/C
                            (rising edge-triggered cell FDRE clocked by ap_clk  {rise@0.000ns fall@0.971ns period=1.942ns})
  Destination:            bd_0_i/hls_inst/inst/gmem_m_axi_U/load_unit/buff_rdata/U_fifo_mem/mem_reg/ENARDEN
                            (rising edge-triggered cell RAMB18E2 clocked by ap_clk  {rise@0.000ns fall@0.971ns period=1.942ns})
  Path Group:             ap_clk
  Path Type:              Setup (Max at Slow Process Corner)
  Requirement:            1.942ns  (ap_clk rise@1.942ns - ap_clk rise@0.000ns)
  Data Path Delay:        1.674ns  (logic 0.503ns (30.053%)  route 1.171ns (69.947%))
  Logic Levels:           5  (LUT5=2 LUT6=3)
  Clock Path Skew:        0.010ns (DCD - SCD + CPR)
    Destination Clock Delay (DCD):    0.039ns = ( 1.981 - 1.942 ) 
    Source Clock Delay      (SCD):    0.029ns
    Clock Pessimism Removal (CPR):    0.000ns
  Clock Uncertainty:      0.035ns  ((TSJ^2 + TIJ^2)^1/2 + DJ) / 2 + PE
    Total System Jitter     (TSJ):    0.071ns
    Total Input Jitter      (TIJ):    0.000ns
    Discrete Jitter          (DJ):    0.000ns
    Phase Error              (PE):    0.000ns

    Location             Delay type                Incr(ns)  Path(ns)    Netlist Resource(s)
  -------------------------------------------------------------------    -------------------
                         (clock ap_clk rise edge)     0.000     0.000 r  
                                                      0.000     0.000 r  ap_clk (IN)
                         net (fo=15518, unset)        0.029     0.029    bd_0_i/hls_inst/inst/gmem_m_axi_U/load_unit/ap_clk
    SLICE_X51Y49         FDRE                                         r  bd_0_i/hls_inst/inst/gmem_m_axi_U/load_unit/bus_wide_gen.data_valid_reg/C
  -------------------------------------------------------------------    -------------------
    SLICE_X51Y49         FDRE (Prop_GFF_SLICEL_C_Q)
                                                      0.079     0.108 r  bd_0_i/hls_inst/inst/gmem_m_axi_U/load_unit/bus_wide_gen.data_valid_reg/Q
                         net (fo=148, routed)         0.289     0.397    bd_0_i/hls_inst/inst/grp_gemv_kernel_Pipeline_PACK_DECODING_ROW10_fu_835/gmem_RVALID
    SLICE_X51Y46         LUT5 (Prop_A6LUT_SLICEL_I4_O)
                                                      0.050     0.447 f  bd_0_i/hls_inst/inst/grp_gemv_kernel_Pipeline_PACK_DECODING_ROW10_fu_835/ram_reg_0_63_0_0_i_14/O
                         net (fo=6, routed)           0.099     0.546    bd_0_i/hls_inst/inst/grp_gemv_kernel_Pipeline_PACK_DECODING_ROW10_fu_835/ap_CS_fsm_reg[0]_0
    SLICE_X52Y46         LUT6 (Prop_B6LUT_SLICEM_I2_O)
                                                      0.089     0.635 r  bd_0_i/hls_inst/inst/grp_gemv_kernel_Pipeline_PACK_DECODING_ROW10_fu_835/bus_wide_gen.data_valid_i_11/O
                         net (fo=1, routed)           0.095     0.730    bd_0_i/hls_inst/inst/grp_gemv_kernel_Pipeline_PACK_DECODING_ROW10_fu_835/grp_gemv_kernel_Pipeline_PACK_DECODING_ROW10_fu_835_m_axi_gmem_RREADY
    SLICE_X52Y47         LUT6 (Prop_B6LUT_SLICEM_I1_O)
                                                      0.125     0.855 r  bd_0_i/hls_inst/inst/grp_gemv_kernel_Pipeline_PACK_DECODING_ROW10_fu_835/bus_wide_gen.data_valid_i_5/O
                         net (fo=1, routed)           0.166     1.021    bd_0_i/hls_inst/inst/grp_gemv_kernel_Pipeline_PACK_DECODING_ROW10_fu_835/bus_wide_gen.data_valid_i_5_n_0
    SLICE_X52Y46         LUT6 (Prop_A6LUT_SLICEM_I0_O)
                                                      0.125     1.146 r  bd_0_i/hls_inst/inst/grp_gemv_kernel_Pipeline_PACK_DECODING_ROW10_fu_835/bus_wide_gen.data_valid_i_2/O
                         net (fo=8, routed)           0.297     1.443    bd_0_i/hls_inst/inst/gmem_m_axi_U/load_unit/buff_rdata/U_fifo_mem/bus_wide_gen.ready_for_data__0_alias
    SLICE_X55Y47         LUT5 (Prop_C6LUT_SLICEL_I3_O)
                                                      0.035     1.478 r  bd_0_i/hls_inst/inst/gmem_m_axi_U/load_unit/buff_rdata/U_fifo_mem/mem_reg_i_1_comp/O
                         net (fo=1, routed)           0.225     1.703    bd_0_i/hls_inst/inst/gmem_m_axi_U/load_unit/buff_rdata/U_fifo_mem/mem_reg_i_1_n_0
    RAMB18_X3Y18         RAMB18E2                                     r  bd_0_i/hls_inst/inst/gmem_m_axi_U/load_unit/buff_rdata/U_fifo_mem/mem_reg/ENARDEN
  -------------------------------------------------------------------    -------------------

                         (clock ap_clk rise edge)     1.942     1.942 r  
                                                      0.000     1.942 r  ap_clk (IN)
                         net (fo=15518, unset)        0.039     1.981    bd_0_i/hls_inst/inst/gmem_m_axi_U/load_unit/buff_rdata/U_fifo_mem/ap_clk
    RAMB18_X3Y18         RAMB18E2                                     r  bd_0_i/hls_inst/inst/gmem_m_axi_U/load_unit/buff_rdata/U_fifo_mem/mem_reg/CLKARDCLK
                         clock pessimism              0.000     1.981    
                         clock uncertainty           -0.035     1.946    
    RAMB18_X3Y18         RAMB18E2 (Setup_RAMB18E2_L_RAMB180_CLKARDCLK_ENARDEN)
                                                     -0.342     1.604    bd_0_i/hls_inst/inst/gmem_m_axi_U/load_unit/buff_rdata/U_fifo_mem/mem_reg
  -------------------------------------------------------------------
                         required time                          1.604    
                         arrival time                          -1.703    
  -------------------------------------------------------------------
                         slack                                 -0.099    

Slack (VIOLATED) :        -0.091ns  (required time - arrival time)
  Source:                 bd_0_i/hls_inst/inst/gmem_m_axi_U/load_unit/bus_wide_gen.data_valid_reg/C
                            (rising edge-triggered cell FDRE clocked by ap_clk  {rise@0.000ns fall@0.971ns period=1.942ns})
  Destination:            bd_0_i/hls_inst/inst/gmem_m_axi_U/load_unit/bus_wide_gen.rreq_offset/mOutPtr_reg[0]/CE
                            (rising edge-triggered cell FDRE clocked by ap_clk  {rise@0.000ns fall@0.971ns period=1.942ns})
  Path Group:             ap_clk
  Path Type:              Setup (Max at Slow Process Corner)
  Requirement:            1.942ns  (ap_clk rise@1.942ns - ap_clk rise@0.000ns)
  Data Path Delay:        1.930ns  (logic 0.589ns (30.525%)  route 1.341ns (69.475%))
  Logic Levels:           7  (LUT4=1 LUT5=2 LUT6=4)
  Clock Path Skew:        -0.009ns (DCD - SCD + CPR)
    Destination Clock Delay (DCD):    0.020ns = ( 1.962 - 1.942 ) 
    Source Clock Delay      (SCD):    0.029ns
    Clock Pessimism Removal (CPR):    0.000ns
  Clock Uncertainty:      0.035ns  ((TSJ^2 + TIJ^2)^1/2 + DJ) / 2 + PE
    Total System Jitter     (TSJ):    0.071ns
    Total Input Jitter      (TIJ):    0.000ns
    Discrete Jitter          (DJ):    0.000ns
    Phase Error              (PE):    0.000ns

    Location             Delay type                Incr(ns)  Path(ns)    Netlist Resource(s)
  -------------------------------------------------------------------    -------------------
                         (clock ap_clk rise edge)     0.000     0.000 r  
                                                      0.000     0.000 r  ap_clk (IN)
                         net (fo=15518, unset)        0.029     0.029    bd_0_i/hls_inst/inst/gmem_m_axi_U/load_unit/ap_clk
    SLICE_X51Y49         FDRE                                         r  bd_0_i/hls_inst/inst/gmem_m_axi_U/load_unit/bus_wide_gen.data_valid_reg/C
  -------------------------------------------------------------------    -------------------
    SLICE_X51Y49         FDRE (Prop_GFF_SLICEL_C_Q)
                                                      0.079     0.108 r  bd_0_i/hls_inst/inst/gmem_m_axi_U/load_unit/bus_wide_gen.data_valid_reg/Q
                         net (fo=148, routed)         0.289     0.397    bd_0_i/hls_inst/inst/grp_gemv_kernel_Pipeline_PACK_DECODING_ROW10_fu_835/gmem_RVALID
    SLICE_X51Y46         LUT5 (Prop_A6LUT_SLICEL_I4_O)
                                                      0.050     0.447 f  bd_0_i/hls_inst/inst/grp_gemv_kernel_Pipeline_PACK_DECODING_ROW10_fu_835/ram_reg_0_63_0_0_i_14/O
                         net (fo=6, routed)           0.099     0.546    bd_0_i/hls_inst/inst/grp_gemv_kernel_Pipeline_PACK_DECODING_ROW10_fu_835/ap_CS_fsm_reg[0]_0
    SLICE_X52Y46         LUT6 (Prop_B6LUT_SLICEM_I2_O)
                                                      0.089     0.635 r  bd_0_i/hls_inst/inst/grp_gemv_kernel_Pipeline_PACK_DECODING_ROW10_fu_835/bus_wide_gen.data_valid_i_11/O
                         net (fo=1, routed)           0.095     0.730    bd_0_i/hls_inst/inst/grp_gemv_kernel_Pipeline_PACK_DECODING_ROW10_fu_835/grp_gemv_kernel_Pipeline_PACK_DECODING_ROW10_fu_835_m_axi_gmem_RREADY
    SLICE_X52Y47         LUT6 (Prop_B6LUT_SLICEM_I1_O)
                                                      0.125     0.855 r  bd_0_i/hls_inst/inst/grp_gemv_kernel_Pipeline_PACK_DECODING_ROW10_fu_835/bus_wide_gen.data_valid_i_5/O
                         net (fo=1, routed)           0.166     1.021    bd_0_i/hls_inst/inst/grp_gemv_kernel_Pipeline_PACK_DECODING_ROW10_fu_835/bus_wide_gen.data_valid_i_5_n_0
    SLICE_X52Y46         LUT6 (Prop_A6LUT_SLICEM_I0_O)
                                                      0.125     1.146 r  bd_0_i/hls_inst/inst/grp_gemv_kernel_Pipeline_PACK_DECODING_ROW10_fu_835/bus_wide_gen.data_valid_i_2/O
                         net (fo=8, routed)           0.256     1.402    bd_0_i/hls_inst/inst/gmem_m_axi_U/load_unit/bus_wide_gen.rreq_offset/U_fifo_srl/bus_wide_gen.ready_for_data__0
    SLICE_X55Y46         LUT6 (Prop_A6LUT_SLICEL_I2_O)
                                                      0.035     1.437 r  bd_0_i/hls_inst/inst/gmem_m_axi_U/load_unit/bus_wide_gen.rreq_offset/U_fifo_srl/mem_reg_i_4/O
                         net (fo=14, routed)          0.060     1.497    bd_0_i/hls_inst/inst/gmem_m_axi_U/load_unit/bus_wide_gen.rreq_offset/U_fifo_srl/dout_reg[1]_0
    SLICE_X55Y46         LUT5 (Prop_D6LUT_SLICEL_I2_O)
                                                      0.036     1.533 r  bd_0_i/hls_inst/inst/gmem_m_axi_U/load_unit/bus_wide_gen.rreq_offset/U_fifo_srl/dout[3]_i_1__2/O
                         net (fo=8, routed)           0.213     1.746    bd_0_i/hls_inst/inst/gmem_m_axi_U/load_unit/bus_wide_gen.rreq_offset/U_fifo_srl/pop
    SLICE_X54Y47         LUT4 (Prop_A6LUT_SLICEL_I3_O)
                                                      0.050     1.796 r  bd_0_i/hls_inst/inst/gmem_m_axi_U/load_unit/bus_wide_gen.rreq_offset/U_fifo_srl/mOutPtr[4]_i_1__8/O
                         net (fo=5, routed)           0.162     1.959    bd_0_i/hls_inst/inst/gmem_m_axi_U/load_unit/bus_wide_gen.rreq_offset/U_fifo_srl_n_8
    SLICE_X54Y47         FDRE                                         r  bd_0_i/hls_inst/inst/gmem_m_axi_U/load_unit/bus_wide_gen.rreq_offset/mOutPtr_reg[0]/CE
  -------------------------------------------------------------------    -------------------

                         (clock ap_clk rise edge)     1.942     1.942 r  
                                                      0.000     1.942 r  ap_clk (IN)
                         net (fo=15518, unset)        0.020     1.962    bd_0_i/hls_inst/inst/gmem_m_axi_U/load_unit/bus_wide_gen.rreq_offset/ap_clk
    SLICE_X54Y47         FDRE                                         r  bd_0_i/hls_inst/inst/gmem_m_axi_U/load_unit/bus_wide_gen.rreq_offset/mOutPtr_reg[0]/C
                         clock pessimism              0.000     1.962    
                         clock uncertainty           -0.035     1.927    
    SLICE_X54Y47         FDRE (Setup_DFF2_SLICEL_C_CE)
                                                     -0.059     1.868    bd_0_i/hls_inst/inst/gmem_m_axi_U/load_unit/bus_wide_gen.rreq_offset/mOutPtr_reg[0]
  -------------------------------------------------------------------
                         required time                          1.868    
                         arrival time                          -1.959    
  -------------------------------------------------------------------
                         slack                                 -0.091    

Slack (VIOLATED) :        -0.091ns  (required time - arrival time)
  Source:                 bd_0_i/hls_inst/inst/gmem_m_axi_U/load_unit/bus_wide_gen.data_valid_reg/C
                            (rising edge-triggered cell FDRE clocked by ap_clk  {rise@0.000ns fall@0.971ns period=1.942ns})
  Destination:            bd_0_i/hls_inst/inst/gmem_m_axi_U/load_unit/bus_wide_gen.rreq_offset/mOutPtr_reg[1]/CE
                            (rising edge-triggered cell FDRE clocked by ap_clk  {rise@0.000ns fall@0.971ns period=1.942ns})
  Path Group:             ap_clk
  Path Type:              Setup (Max at Slow Process Corner)
  Requirement:            1.942ns  (ap_clk rise@1.942ns - ap_clk rise@0.000ns)
  Data Path Delay:        1.930ns  (logic 0.589ns (30.525%)  route 1.341ns (69.475%))
  Logic Levels:           7  (LUT4=1 LUT5=2 LUT6=4)
  Clock Path Skew:        -0.009ns (DCD - SCD + CPR)
    Destination Clock Delay (DCD):    0.020ns = ( 1.962 - 1.942 ) 
    Source Clock Delay      (SCD):    0.029ns
    Clock Pessimism Removal (CPR):    0.000ns
  Clock Uncertainty:      0.035ns  ((TSJ^2 + TIJ^2)^1/2 + DJ) / 2 + PE
    Total System Jitter     (TSJ):    0.071ns
    Total Input Jitter      (TIJ):    0.000ns
    Discrete Jitter          (DJ):    0.000ns
    Phase Error              (PE):    0.000ns

    Location             Delay type                Incr(ns)  Path(ns)    Netlist Resource(s)
  -------------------------------------------------------------------    -------------------
                         (clock ap_clk rise edge)     0.000     0.000 r  
                                                      0.000     0.000 r  ap_clk (IN)
                         net (fo=15518, unset)        0.029     0.029    bd_0_i/hls_inst/inst/gmem_m_axi_U/load_unit/ap_clk
    SLICE_X51Y49         FDRE                                         r  bd_0_i/hls_inst/inst/gmem_m_axi_U/load_unit/bus_wide_gen.data_valid_reg/C
  -------------------------------------------------------------------    -------------------
    SLICE_X51Y49         FDRE (Prop_GFF_SLICEL_C_Q)
                                                      0.079     0.108 r  bd_0_i/hls_inst/inst/gmem_m_axi_U/load_unit/bus_wide_gen.data_valid_reg/Q
                         net (fo=148, routed)         0.289     0.397    bd_0_i/hls_inst/inst/grp_gemv_kernel_Pipeline_PACK_DECODING_ROW10_fu_835/gmem_RVALID
    SLICE_X51Y46         LUT5 (Prop_A6LUT_SLICEL_I4_O)
                                                      0.050     0.447 f  bd_0_i/hls_inst/inst/grp_gemv_kernel_Pipeline_PACK_DECODING_ROW10_fu_835/ram_reg_0_63_0_0_i_14/O
                         net (fo=6, routed)           0.099     0.546    bd_0_i/hls_inst/inst/grp_gemv_kernel_Pipeline_PACK_DECODING_ROW10_fu_835/ap_CS_fsm_reg[0]_0
    SLICE_X52Y46         LUT6 (Prop_B6LUT_SLICEM_I2_O)
                                                      0.089     0.635 r  bd_0_i/hls_inst/inst/grp_gemv_kernel_Pipeline_PACK_DECODING_ROW10_fu_835/bus_wide_gen.data_valid_i_11/O
                         net (fo=1, routed)           0.095     0.730    bd_0_i/hls_inst/inst/grp_gemv_kernel_Pipeline_PACK_DECODING_ROW10_fu_835/grp_gemv_kernel_Pipeline_PACK_DECODING_ROW10_fu_835_m_axi_gmem_RREADY
    SLICE_X52Y47         LUT6 (Prop_B6LUT_SLICEM_I1_O)
                                                      0.125     0.855 r  bd_0_i/hls_inst/inst/grp_gemv_kernel_Pipeline_PACK_DECODING_ROW10_fu_835/bus_wide_gen.data_valid_i_5/O
                         net (fo=1, routed)           0.166     1.021    bd_0_i/hls_inst/inst/grp_gemv_kernel_Pipeline_PACK_DECODING_ROW10_fu_835/bus_wide_gen.data_valid_i_5_n_0
    SLICE_X52Y46         LUT6 (Prop_A6LUT_SLICEM_I0_O)
                                                      0.125     1.146 r  bd_0_i/hls_inst/inst/grp_gemv_kernel_Pipeline_PACK_DECODING_ROW10_fu_835/bus_wide_gen.data_valid_i_2/O
                         net (fo=8, routed)           0.256     1.402    bd_0_i/hls_inst/inst/gmem_m_axi_U/load_unit/bus_wide_gen.rreq_offset/U_fifo_srl/bus_wide_gen.ready_for_data__0
    SLICE_X55Y46         LUT6 (Prop_A6LUT_SLICEL_I2_O)
                                                      0.035     1.437 r  bd_0_i/hls_inst/inst/gmem_m_axi_U/load_unit/bus_wide_gen.rreq_offset/U_fifo_srl/mem_reg_i_4/O
                         net (fo=14, routed)          0.060     1.497    bd_0_i/hls_inst/inst/gmem_m_axi_U/load_unit/bus_wide_gen.rreq_offset/U_fifo_srl/dout_reg[1]_0
    SLICE_X55Y46         LUT5 (Prop_D6LUT_SLICEL_I2_O)
                                                      0.036     1.533 r  bd_0_i/hls_inst/inst/gmem_m_axi_U/load_unit/bus_wide_gen.rreq_offset/U_fifo_srl/dout[3]_i_1__2/O
                         net (fo=8, routed)           0.213     1.746    bd_0_i/hls_inst/inst/gmem_m_axi_U/load_unit/bus_wide_gen.rreq_offset/U_fifo_srl/pop
    SLICE_X54Y47         LUT4 (Prop_A6LUT_SLICEL_I3_O)
                                                      0.050     1.796 r  bd_0_i/hls_inst/inst/gmem_m_axi_U/load_unit/bus_wide_gen.rreq_offset/U_fifo_srl/mOutPtr[4]_i_1__8/O
                         net (fo=5, routed)           0.162     1.959    bd_0_i/hls_inst/inst/gmem_m_axi_U/load_unit/bus_wide_gen.rreq_offset/U_fifo_srl_n_8
    SLICE_X54Y47         FDRE                                         r  bd_0_i/hls_inst/inst/gmem_m_axi_U/load_unit/bus_wide_gen.rreq_offset/mOutPtr_reg[1]/CE
  -------------------------------------------------------------------    -------------------

                         (clock ap_clk rise edge)     1.942     1.942 r  
                                                      0.000     1.942 r  ap_clk (IN)
                         net (fo=15518, unset)        0.020     1.962    bd_0_i/hls_inst/inst/gmem_m_axi_U/load_unit/bus_wide_gen.rreq_offset/ap_clk
    SLICE_X54Y47         FDRE                                         r  bd_0_i/hls_inst/inst/gmem_m_axi_U/load_unit/bus_wide_gen.rreq_offset/mOutPtr_reg[1]/C
                         clock pessimism              0.000     1.962    
                         clock uncertainty           -0.035     1.927    
    SLICE_X54Y47         FDRE (Setup_CFF2_SLICEL_C_CE)
                                                     -0.059     1.868    bd_0_i/hls_inst/inst/gmem_m_axi_U/load_unit/bus_wide_gen.rreq_offset/mOutPtr_reg[1]
  -------------------------------------------------------------------
                         required time                          1.868    
                         arrival time                          -1.959    
  -------------------------------------------------------------------
                         slack                                 -0.091    

Slack (VIOLATED) :        -0.091ns  (required time - arrival time)
  Source:                 bd_0_i/hls_inst/inst/gmem_m_axi_U/load_unit/bus_wide_gen.data_valid_reg/C
                            (rising edge-triggered cell FDRE clocked by ap_clk  {rise@0.000ns fall@0.971ns period=1.942ns})
  Destination:            bd_0_i/hls_inst/inst/gmem_m_axi_U/load_unit/bus_wide_gen.rreq_offset/mOutPtr_reg[2]/CE
                            (rising edge-triggered cell FDRE clocked by ap_clk  {rise@0.000ns fall@0.971ns period=1.942ns})
  Path Group:             ap_clk
  Path Type:              Setup (Max at Slow Process Corner)
  Requirement:            1.942ns  (ap_clk rise@1.942ns - ap_clk rise@0.000ns)
  Data Path Delay:        1.929ns  (logic 0.589ns (30.540%)  route 1.340ns (69.460%))
  Logic Levels:           7  (LUT4=1 LUT5=2 LUT6=4)
  Clock Path Skew:        -0.009ns (DCD - SCD + CPR)
    Destination Clock Delay (DCD):    0.020ns = ( 1.962 - 1.942 ) 
    Source Clock Delay      (SCD):    0.029ns
    Clock Pessimism Removal (CPR):    0.000ns
  Clock Uncertainty:      0.035ns  ((TSJ^2 + TIJ^2)^1/2 + DJ) / 2 + PE
    Total System Jitter     (TSJ):    0.071ns
    Total Input Jitter      (TIJ):    0.000ns
    Discrete Jitter          (DJ):    0.000ns
    Phase Error              (PE):    0.000ns

    Location             Delay type                Incr(ns)  Path(ns)    Netlist Resource(s)
  -------------------------------------------------------------------    -------------------
                         (clock ap_clk rise edge)     0.000     0.000 r  
                                                      0.000     0.000 r  ap_clk (IN)
                         net (fo=15518, unset)        0.029     0.029    bd_0_i/hls_inst/inst/gmem_m_axi_U/load_unit/ap_clk
    SLICE_X51Y49         FDRE                                         r  bd_0_i/hls_inst/inst/gmem_m_axi_U/load_unit/bus_wide_gen.data_valid_reg/C
  -------------------------------------------------------------------    -------------------
    SLICE_X51Y49         FDRE (Prop_GFF_SLICEL_C_Q)
                                                      0.079     0.108 r  bd_0_i/hls_inst/inst/gmem_m_axi_U/load_unit/bus_wide_gen.data_valid_reg/Q
                         net (fo=148, routed)         0.289     0.397    bd_0_i/hls_inst/inst/grp_gemv_kernel_Pipeline_PACK_DECODING_ROW10_fu_835/gmem_RVALID
    SLICE_X51Y46         LUT5 (Prop_A6LUT_SLICEL_I4_O)
                                                      0.050     0.447 f  bd_0_i/hls_inst/inst/grp_gemv_kernel_Pipeline_PACK_DECODING_ROW10_fu_835/ram_reg_0_63_0_0_i_14/O
                         net (fo=6, routed)           0.099     0.546    bd_0_i/hls_inst/inst/grp_gemv_kernel_Pipeline_PACK_DECODING_ROW10_fu_835/ap_CS_fsm_reg[0]_0
    SLICE_X52Y46         LUT6 (Prop_B6LUT_SLICEM_I2_O)
                                                      0.089     0.635 r  bd_0_i/hls_inst/inst/grp_gemv_kernel_Pipeline_PACK_DECODING_ROW10_fu_835/bus_wide_gen.data_valid_i_11/O
                         net (fo=1, routed)           0.095     0.730    bd_0_i/hls_inst/inst/grp_gemv_kernel_Pipeline_PACK_DECODING_ROW10_fu_835/grp_gemv_kernel_Pipeline_PACK_DECODING_ROW10_fu_835_m_axi_gmem_RREADY
    SLICE_X52Y47         LUT6 (Prop_B6LUT_SLICEM_I1_O)
                                                      0.125     0.855 r  bd_0_i/hls_inst/inst/grp_gemv_kernel_Pipeline_PACK_DECODING_ROW10_fu_835/bus_wide_gen.data_valid_i_5/O
                         net (fo=1, routed)           0.166     1.021    bd_0_i/hls_inst/inst/grp_gemv_kernel_Pipeline_PACK_DECODING_ROW10_fu_835/bus_wide_gen.data_valid_i_5_n_0
    SLICE_X52Y46         LUT6 (Prop_A6LUT_SLICEM_I0_O)
                                                      0.125     1.146 r  bd_0_i/hls_inst/inst/grp_gemv_kernel_Pipeline_PACK_DECODING_ROW10_fu_835/bus_wide_gen.data_valid_i_2/O
                         net (fo=8, routed)           0.256     1.402    bd_0_i/hls_inst/inst/gmem_m_axi_U/load_unit/bus_wide_gen.rreq_offset/U_fifo_srl/bus_wide_gen.ready_for_data__0
    SLICE_X55Y46         LUT6 (Prop_A6LUT_SLICEL_I2_O)
                                                      0.035     1.437 r  bd_0_i/hls_inst/inst/gmem_m_axi_U/load_unit/bus_wide_gen.rreq_offset/U_fifo_srl/mem_reg_i_4/O
                         net (fo=14, routed)          0.060     1.497    bd_0_i/hls_inst/inst/gmem_m_axi_U/load_unit/bus_wide_gen.rreq_offset/U_fifo_srl/dout_reg[1]_0
    SLICE_X55Y46         LUT5 (Prop_D6LUT_SLICEL_I2_O)
                                                      0.036     1.533 r  bd_0_i/hls_inst/inst/gmem_m_axi_U/load_unit/bus_wide_gen.rreq_offset/U_fifo_srl/dout[3]_i_1__2/O
                         net (fo=8, routed)           0.213     1.746    bd_0_i/hls_inst/inst/gmem_m_axi_U/load_unit/bus_wide_gen.rreq_offset/U_fifo_srl/pop
    SLICE_X54Y47         LUT4 (Prop_A6LUT_SLICEL_I3_O)
                                                      0.050     1.796 r  bd_0_i/hls_inst/inst/gmem_m_axi_U/load_unit/bus_wide_gen.rreq_offset/U_fifo_srl/mOutPtr[4]_i_1__8/O
                         net (fo=5, routed)           0.161     1.958    bd_0_i/hls_inst/inst/gmem_m_axi_U/load_unit/bus_wide_gen.rreq_offset/U_fifo_srl_n_8
    SLICE_X54Y47         FDRE                                         r  bd_0_i/hls_inst/inst/gmem_m_axi_U/load_unit/bus_wide_gen.rreq_offset/mOutPtr_reg[2]/CE
  -------------------------------------------------------------------    -------------------

                         (clock ap_clk rise edge)     1.942     1.942 r  
                                                      0.000     1.942 r  ap_clk (IN)
                         net (fo=15518, unset)        0.020     1.962    bd_0_i/hls_inst/inst/gmem_m_axi_U/load_unit/bus_wide_gen.rreq_offset/ap_clk
    SLICE_X54Y47         FDRE                                         r  bd_0_i/hls_inst/inst/gmem_m_axi_U/load_unit/bus_wide_gen.rreq_offset/mOutPtr_reg[2]/C
                         clock pessimism              0.000     1.962    
                         clock uncertainty           -0.035     1.927    
    SLICE_X54Y47         FDRE (Setup_CFF_SLICEL_C_CE)
                                                     -0.060     1.867    bd_0_i/hls_inst/inst/gmem_m_axi_U/load_unit/bus_wide_gen.rreq_offset/mOutPtr_reg[2]
  -------------------------------------------------------------------
                         required time                          1.867    
                         arrival time                          -1.958    
  -------------------------------------------------------------------
                         slack                                 -0.091    

Slack (VIOLATED) :        -0.091ns  (required time - arrival time)
  Source:                 bd_0_i/hls_inst/inst/gmem_m_axi_U/load_unit/bus_wide_gen.data_valid_reg/C
                            (rising edge-triggered cell FDRE clocked by ap_clk  {rise@0.000ns fall@0.971ns period=1.942ns})
  Destination:            bd_0_i/hls_inst/inst/gmem_m_axi_U/load_unit/bus_wide_gen.rreq_offset/mOutPtr_reg[3]/CE
                            (rising edge-triggered cell FDRE clocked by ap_clk  {rise@0.000ns fall@0.971ns period=1.942ns})
  Path Group:             ap_clk
  Path Type:              Setup (Max at Slow Process Corner)
  Requirement:            1.942ns  (ap_clk rise@1.942ns - ap_clk rise@0.000ns)
  Data Path Delay:        1.929ns  (logic 0.589ns (30.540%)  route 1.340ns (69.460%))
  Logic Levels:           7  (LUT4=1 LUT5=2 LUT6=4)
  Clock Path Skew:        -0.009ns (DCD - SCD + CPR)
    Destination Clock Delay (DCD):    0.020ns = ( 1.962 - 1.942 ) 
    Source Clock Delay      (SCD):    0.029ns
    Clock Pessimism Removal (CPR):    0.000ns
  Clock Uncertainty:      0.035ns  ((TSJ^2 + TIJ^2)^1/2 + DJ) / 2 + PE
    Total System Jitter     (TSJ):    0.071ns
    Total Input Jitter      (TIJ):    0.000ns
    Discrete Jitter          (DJ):    0.000ns
    Phase Error              (PE):    0.000ns

    Location             Delay type                Incr(ns)  Path(ns)    Netlist Resource(s)
  -------------------------------------------------------------------    -------------------
                         (clock ap_clk rise edge)     0.000     0.000 r  
                                                      0.000     0.000 r  ap_clk (IN)
                         net (fo=15518, unset)        0.029     0.029    bd_0_i/hls_inst/inst/gmem_m_axi_U/load_unit/ap_clk
    SLICE_X51Y49         FDRE                                         r  bd_0_i/hls_inst/inst/gmem_m_axi_U/load_unit/bus_wide_gen.data_valid_reg/C
  -------------------------------------------------------------------    -------------------
    SLICE_X51Y49         FDRE (Prop_GFF_SLICEL_C_Q)
                                                      0.079     0.108 r  bd_0_i/hls_inst/inst/gmem_m_axi_U/load_unit/bus_wide_gen.data_valid_reg/Q
                         net (fo=148, routed)         0.289     0.397    bd_0_i/hls_inst/inst/grp_gemv_kernel_Pipeline_PACK_DECODING_ROW10_fu_835/gmem_RVALID
    SLICE_X51Y46         LUT5 (Prop_A6LUT_SLICEL_I4_O)
                                                      0.050     0.447 f  bd_0_i/hls_inst/inst/grp_gemv_kernel_Pipeline_PACK_DECODING_ROW10_fu_835/ram_reg_0_63_0_0_i_14/O
                         net (fo=6, routed)           0.099     0.546    bd_0_i/hls_inst/inst/grp_gemv_kernel_Pipeline_PACK_DECODING_ROW10_fu_835/ap_CS_fsm_reg[0]_0
    SLICE_X52Y46         LUT6 (Prop_B6LUT_SLICEM_I2_O)
                                                      0.089     0.635 r  bd_0_i/hls_inst/inst/grp_gemv_kernel_Pipeline_PACK_DECODING_ROW10_fu_835/bus_wide_gen.data_valid_i_11/O
                         net (fo=1, routed)           0.095     0.730    bd_0_i/hls_inst/inst/grp_gemv_kernel_Pipeline_PACK_DECODING_ROW10_fu_835/grp_gemv_kernel_Pipeline_PACK_DECODING_ROW10_fu_835_m_axi_gmem_RREADY
    SLICE_X52Y47         LUT6 (Prop_B6LUT_SLICEM_I1_O)
                                                      0.125     0.855 r  bd_0_i/hls_inst/inst/grp_gemv_kernel_Pipeline_PACK_DECODING_ROW10_fu_835/bus_wide_gen.data_valid_i_5/O
                         net (fo=1, routed)           0.166     1.021    bd_0_i/hls_inst/inst/grp_gemv_kernel_Pipeline_PACK_DECODING_ROW10_fu_835/bus_wide_gen.data_valid_i_5_n_0
    SLICE_X52Y46         LUT6 (Prop_A6LUT_SLICEM_I0_O)
                                                      0.125     1.146 r  bd_0_i/hls_inst/inst/grp_gemv_kernel_Pipeline_PACK_DECODING_ROW10_fu_835/bus_wide_gen.data_valid_i_2/O
                         net (fo=8, routed)           0.256     1.402    bd_0_i/hls_inst/inst/gmem_m_axi_U/load_unit/bus_wide_gen.rreq_offset/U_fifo_srl/bus_wide_gen.ready_for_data__0
    SLICE_X55Y46         LUT6 (Prop_A6LUT_SLICEL_I2_O)
                                                      0.035     1.437 r  bd_0_i/hls_inst/inst/gmem_m_axi_U/load_unit/bus_wide_gen.rreq_offset/U_fifo_srl/mem_reg_i_4/O
                         net (fo=14, routed)          0.060     1.497    bd_0_i/hls_inst/inst/gmem_m_axi_U/load_unit/bus_wide_gen.rreq_offset/U_fifo_srl/dout_reg[1]_0
    SLICE_X55Y46         LUT5 (Prop_D6LUT_SLICEL_I2_O)
                                                      0.036     1.533 r  bd_0_i/hls_inst/inst/gmem_m_axi_U/load_unit/bus_wide_gen.rreq_offset/U_fifo_srl/dout[3]_i_1__2/O
                         net (fo=8, routed)           0.213     1.746    bd_0_i/hls_inst/inst/gmem_m_axi_U/load_unit/bus_wide_gen.rreq_offset/U_fifo_srl/pop
    SLICE_X54Y47         LUT4 (Prop_A6LUT_SLICEL_I3_O)
                                                      0.050     1.796 r  bd_0_i/hls_inst/inst/gmem_m_axi_U/load_unit/bus_wide_gen.rreq_offset/U_fifo_srl/mOutPtr[4]_i_1__8/O
                         net (fo=5, routed)           0.161     1.958    bd_0_i/hls_inst/inst/gmem_m_axi_U/load_unit/bus_wide_gen.rreq_offset/U_fifo_srl_n_8
    SLICE_X54Y47         FDRE                                         r  bd_0_i/hls_inst/inst/gmem_m_axi_U/load_unit/bus_wide_gen.rreq_offset/mOutPtr_reg[3]/CE
  -------------------------------------------------------------------    -------------------

                         (clock ap_clk rise edge)     1.942     1.942 r  
                                                      0.000     1.942 r  ap_clk (IN)
                         net (fo=15518, unset)        0.020     1.962    bd_0_i/hls_inst/inst/gmem_m_axi_U/load_unit/bus_wide_gen.rreq_offset/ap_clk
    SLICE_X54Y47         FDRE                                         r  bd_0_i/hls_inst/inst/gmem_m_axi_U/load_unit/bus_wide_gen.rreq_offset/mOutPtr_reg[3]/C
                         clock pessimism              0.000     1.962    
                         clock uncertainty           -0.035     1.927    
    SLICE_X54Y47         FDRE (Setup_DFF_SLICEL_C_CE)
                                                     -0.060     1.867    bd_0_i/hls_inst/inst/gmem_m_axi_U/load_unit/bus_wide_gen.rreq_offset/mOutPtr_reg[3]
  -------------------------------------------------------------------
                         required time                          1.867    
                         arrival time                          -1.958    
  -------------------------------------------------------------------
                         slack                                 -0.091    





Min Delay Paths
--------------------------------------------------------------------------------------
Slack (MET) :             0.026ns  (arrival time - required time)
  Source:                 bd_0_i/hls_inst/inst/grp_gemv_kernel_Pipeline_PACK_PREFILL_ROW2_fu_635/zext_ln87_reg_251_reg[2]/C
                            (rising edge-triggered cell FDRE clocked by ap_clk  {rise@0.000ns fall@0.971ns period=1.942ns})
  Destination:            bd_0_i/hls_inst/inst/grp_gemv_kernel_Pipeline_PACK_PREFILL_ROW2_fu_635/zext_ln87_reg_251_pp0_iter1_reg_reg[2]/D
                            (rising edge-triggered cell FDRE clocked by ap_clk  {rise@0.000ns fall@0.971ns period=1.942ns})
  Path Group:             ap_clk
  Path Type:              Hold (Min at Fast Process Corner)
  Requirement:            0.000ns  (ap_clk rise@0.000ns - ap_clk rise@0.000ns)
  Data Path Delay:        0.078ns  (logic 0.039ns (50.000%)  route 0.039ns (50.000%))
  Logic Levels:           0  
  Clock Path Skew:        0.006ns (DCD - SCD - CPR)
    Destination Clock Delay (DCD):    0.018ns
    Source Clock Delay      (SCD):    0.012ns
    Clock Pessimism Removal (CPR):    -0.000ns

    Location             Delay type                Incr(ns)  Path(ns)    Netlist Resource(s)
  -------------------------------------------------------------------    -------------------
                         (clock ap_clk rise edge)     0.000     0.000 r  
                                                      0.000     0.000 r  ap_clk (IN)
                         net (fo=15518, unset)        0.012     0.012    bd_0_i/hls_inst/inst/grp_gemv_kernel_Pipeline_PACK_PREFILL_ROW2_fu_635/ap_clk
    SLICE_X43Y43         FDRE                                         r  bd_0_i/hls_inst/inst/grp_gemv_kernel_Pipeline_PACK_PREFILL_ROW2_fu_635/zext_ln87_reg_251_reg[2]/C
  -------------------------------------------------------------------    -------------------
    SLICE_X43Y43         FDRE (Prop_CFF_SLICEL_C_Q)
                                                      0.039     0.051 r  bd_0_i/hls_inst/inst/grp_gemv_kernel_Pipeline_PACK_PREFILL_ROW2_fu_635/zext_ln87_reg_251_reg[2]/Q
                         net (fo=2, routed)           0.039     0.090    bd_0_i/hls_inst/inst/grp_gemv_kernel_Pipeline_PACK_PREFILL_ROW2_fu_635/w1_arr_V_address0[2]
    SLICE_X43Y43         FDRE                                         r  bd_0_i/hls_inst/inst/grp_gemv_kernel_Pipeline_PACK_PREFILL_ROW2_fu_635/zext_ln87_reg_251_pp0_iter1_reg_reg[2]/D
  -------------------------------------------------------------------    -------------------

                         (clock ap_clk rise edge)     0.000     0.000 r  
                                                      0.000     0.000 r  ap_clk (IN)
                         net (fo=15518, unset)        0.018     0.018    bd_0_i/hls_inst/inst/grp_gemv_kernel_Pipeline_PACK_PREFILL_ROW2_fu_635/ap_clk
    SLICE_X43Y43         FDRE                                         r  bd_0_i/hls_inst/inst/grp_gemv_kernel_Pipeline_PACK_PREFILL_ROW2_fu_635/zext_ln87_reg_251_pp0_iter1_reg_reg[2]/C
                         clock pessimism              0.000     0.018    
    SLICE_X43Y43         FDRE (Hold_DFF_SLICEL_C_D)
                                                      0.046     0.064    bd_0_i/hls_inst/inst/grp_gemv_kernel_Pipeline_PACK_PREFILL_ROW2_fu_635/zext_ln87_reg_251_pp0_iter1_reg_reg[2]
  -------------------------------------------------------------------
                         required time                         -0.064    
                         arrival time                           0.090    
  -------------------------------------------------------------------
                         slack                                  0.026    

Slack (MET) :             0.026ns  (arrival time - required time)
  Source:                 bd_0_i/hls_inst/inst/result2_arr_V_U/q0_reg[0]/C
                            (rising edge-triggered cell FDRE clocked by ap_clk  {rise@0.000ns fall@0.971ns period=1.942ns})
  Destination:            bd_0_i/hls_inst/inst/grp_gemv_kernel_Pipeline_ACC_PREFILL_COL_ACC_PREFILL_ROW_fu_983/result2_arr_V_load_reg_857_reg[0]/D
                            (rising edge-triggered cell FDRE clocked by ap_clk  {rise@0.000ns fall@0.971ns period=1.942ns})
  Path Group:             ap_clk
  Path Type:              Hold (Min at Fast Process Corner)
  Requirement:            0.000ns  (ap_clk rise@0.000ns - ap_clk rise@0.000ns)
  Data Path Delay:        0.079ns  (logic 0.039ns (49.309%)  route 0.040ns (50.691%))
  Logic Levels:           0  
  Clock Path Skew:        0.006ns (DCD - SCD - CPR)
    Destination Clock Delay (DCD):    0.019ns
    Source Clock Delay      (SCD):    0.013ns
    Clock Pessimism Removal (CPR):    -0.000ns

    Location             Delay type                Incr(ns)  Path(ns)    Netlist Resource(s)
  -------------------------------------------------------------------    -------------------
                         (clock ap_clk rise edge)     0.000     0.000 r  
                                                      0.000     0.000 r  ap_clk (IN)
                         net (fo=15518, unset)        0.013     0.013    bd_0_i/hls_inst/inst/result2_arr_V_U/ap_clk
    SLICE_X60Y13         FDRE                                         r  bd_0_i/hls_inst/inst/result2_arr_V_U/q0_reg[0]/C
  -------------------------------------------------------------------    -------------------
    SLICE_X60Y13         FDRE (Prop_HFF_SLICEM_C_Q)
                                                      0.039     0.052 r  bd_0_i/hls_inst/inst/result2_arr_V_U/q0_reg[0]/Q
                         net (fo=3, routed)           0.040     0.092    bd_0_i/hls_inst/inst/grp_gemv_kernel_Pipeline_ACC_PREFILL_COL_ACC_PREFILL_ROW_fu_983/result2_arr_V_load_reg_857_reg[6]_0[0]
    SLICE_X60Y13         FDRE                                         r  bd_0_i/hls_inst/inst/grp_gemv_kernel_Pipeline_ACC_PREFILL_COL_ACC_PREFILL_ROW_fu_983/result2_arr_V_load_reg_857_reg[0]/D
  -------------------------------------------------------------------    -------------------

                         (clock ap_clk rise edge)     0.000     0.000 r  
                                                      0.000     0.000 r  ap_clk (IN)
                         net (fo=15518, unset)        0.019     0.019    bd_0_i/hls_inst/inst/grp_gemv_kernel_Pipeline_ACC_PREFILL_COL_ACC_PREFILL_ROW_fu_983/ap_clk
    SLICE_X60Y13         FDRE                                         r  bd_0_i/hls_inst/inst/grp_gemv_kernel_Pipeline_ACC_PREFILL_COL_ACC_PREFILL_ROW_fu_983/result2_arr_V_load_reg_857_reg[0]/C
                         clock pessimism              0.000     0.019    
    SLICE_X60Y13         FDRE (Hold_HFF2_SLICEM_C_D)
                                                      0.047     0.066    bd_0_i/hls_inst/inst/grp_gemv_kernel_Pipeline_ACC_PREFILL_COL_ACC_PREFILL_ROW_fu_983/result2_arr_V_load_reg_857_reg[0]
  -------------------------------------------------------------------
                         required time                         -0.066    
                         arrival time                           0.092    
  -------------------------------------------------------------------
                         slack                                  0.026    

Slack (MET) :             0.042ns  (arrival time - required time)
  Source:                 bd_0_i/hls_inst/inst/control_s_axi_U/FSM_onehot_wstate_reg[3]/C
                            (rising edge-triggered cell FDRE clocked by ap_clk  {rise@0.000ns fall@0.971ns period=1.942ns})
  Destination:            bd_0_i/hls_inst/inst/control_s_axi_U/FSM_onehot_wstate_reg[3]/D
                            (rising edge-triggered cell FDRE clocked by ap_clk  {rise@0.000ns fall@0.971ns period=1.942ns})
  Path Group:             ap_clk
  Path Type:              Hold (Min at Fast Process Corner)
  Requirement:            0.000ns  (ap_clk rise@0.000ns - ap_clk rise@0.000ns)
  Data Path Delay:        0.094ns  (logic 0.053ns (56.474%)  route 0.041ns (43.526%))
  Logic Levels:           1  (LUT4=1)
  Clock Path Skew:        0.006ns (DCD - SCD - CPR)
    Destination Clock Delay (DCD):    0.018ns
    Source Clock Delay      (SCD):    0.012ns
    Clock Pessimism Removal (CPR):    -0.000ns

    Location             Delay type                Incr(ns)  Path(ns)    Netlist Resource(s)
  -------------------------------------------------------------------    -------------------
                         (clock ap_clk rise edge)     0.000     0.000 r  
                                                      0.000     0.000 r  ap_clk (IN)
                         net (fo=15518, unset)        0.012     0.012    bd_0_i/hls_inst/inst/control_s_axi_U/ap_clk
    SLICE_X62Y47         FDRE                                         r  bd_0_i/hls_inst/inst/control_s_axi_U/FSM_onehot_wstate_reg[3]/C
  -------------------------------------------------------------------    -------------------
    SLICE_X62Y47         FDRE (Prop_DFF_SLICEL_C_Q)
                                                      0.039     0.051 r  bd_0_i/hls_inst/inst/control_s_axi_U/FSM_onehot_wstate_reg[3]/Q
                         net (fo=2, routed)           0.025     0.076    bd_0_i/hls_inst/inst/control_s_axi_U/s_axi_control_BVALID
    SLICE_X62Y47         LUT4 (Prop_D6LUT_SLICEL_I3_O)
                                                      0.014     0.090 r  bd_0_i/hls_inst/inst/control_s_axi_U/FSM_onehot_wstate[3]_i_1/O
                         net (fo=1, routed)           0.016     0.106    bd_0_i/hls_inst/inst/control_s_axi_U/FSM_onehot_wstate[3]_i_1_n_0
    SLICE_X62Y47         FDRE                                         r  bd_0_i/hls_inst/inst/control_s_axi_U/FSM_onehot_wstate_reg[3]/D
  -------------------------------------------------------------------    -------------------

                         (clock ap_clk rise edge)     0.000     0.000 r  
                                                      0.000     0.000 r  ap_clk (IN)
                         net (fo=15518, unset)        0.018     0.018    bd_0_i/hls_inst/inst/control_s_axi_U/ap_clk
    SLICE_X62Y47         FDRE                                         r  bd_0_i/hls_inst/inst/control_s_axi_U/FSM_onehot_wstate_reg[3]/C
                         clock pessimism              0.000     0.018    
    SLICE_X62Y47         FDRE (Hold_DFF_SLICEL_C_D)
                                                      0.046     0.064    bd_0_i/hls_inst/inst/control_s_axi_U/FSM_onehot_wstate_reg[3]
  -------------------------------------------------------------------
                         required time                         -0.064    
                         arrival time                           0.106    
  -------------------------------------------------------------------
                         slack                                  0.042    

Slack (MET) :             0.042ns  (arrival time - required time)
  Source:                 bd_0_i/hls_inst/inst/grp_gemv_kernel_Pipeline_LOAD_DECODING_ACTS_fu_761/flow_control_loop_pipe_sequential_init_U/ap_done_cache_reg/C
                            (rising edge-triggered cell FDRE clocked by ap_clk  {rise@0.000ns fall@0.971ns period=1.942ns})
  Destination:            bd_0_i/hls_inst/inst/grp_gemv_kernel_Pipeline_LOAD_DECODING_ACTS_fu_761/flow_control_loop_pipe_sequential_init_U/ap_done_cache_reg/D
                            (rising edge-triggered cell FDRE clocked by ap_clk  {rise@0.000ns fall@0.971ns period=1.942ns})
  Path Group:             ap_clk
  Path Type:              Hold (Min at Fast Process Corner)
  Requirement:            0.000ns  (ap_clk rise@0.000ns - ap_clk rise@0.000ns)
  Data Path Delay:        0.094ns  (logic 0.053ns (56.474%)  route 0.041ns (43.526%))
  Logic Levels:           1  (LUT3=1)
  Clock Path Skew:        0.006ns (DCD - SCD - CPR)
    Destination Clock Delay (DCD):    0.018ns
    Source Clock Delay      (SCD):    0.012ns
    Clock Pessimism Removal (CPR):    -0.000ns

    Location             Delay type                Incr(ns)  Path(ns)    Netlist Resource(s)
  -------------------------------------------------------------------    -------------------
                         (clock ap_clk rise edge)     0.000     0.000 r  
                                                      0.000     0.000 r  ap_clk (IN)
                         net (fo=15518, unset)        0.012     0.012    bd_0_i/hls_inst/inst/grp_gemv_kernel_Pipeline_LOAD_DECODING_ACTS_fu_761/flow_control_loop_pipe_sequential_init_U/ap_clk
    SLICE_X51Y38         FDRE                                         r  bd_0_i/hls_inst/inst/grp_gemv_kernel_Pipeline_LOAD_DECODING_ACTS_fu_761/flow_control_loop_pipe_sequential_init_U/ap_done_cache_reg/C
  -------------------------------------------------------------------    -------------------
    SLICE_X51Y38         FDRE (Prop_DFF_SLICEL_C_Q)
                                                      0.039     0.051 r  bd_0_i/hls_inst/inst/grp_gemv_kernel_Pipeline_LOAD_DECODING_ACTS_fu_761/flow_control_loop_pipe_sequential_init_U/ap_done_cache_reg/Q
                         net (fo=2, routed)           0.025     0.076    bd_0_i/hls_inst/inst/grp_gemv_kernel_Pipeline_LOAD_DECODING_ACTS_fu_761/flow_control_loop_pipe_sequential_init_U/ap_done_cache_0
    SLICE_X51Y38         LUT3 (Prop_D6LUT_SLICEL_I2_O)
                                                      0.014     0.090 r  bd_0_i/hls_inst/inst/grp_gemv_kernel_Pipeline_LOAD_DECODING_ACTS_fu_761/flow_control_loop_pipe_sequential_init_U/ap_done_cache_i_1__17/O
                         net (fo=1, routed)           0.016     0.106    bd_0_i/hls_inst/inst/grp_gemv_kernel_Pipeline_LOAD_DECODING_ACTS_fu_761/flow_control_loop_pipe_sequential_init_U/ap_done_cache_i_1__17_n_0
    SLICE_X51Y38         FDRE                                         r  bd_0_i/hls_inst/inst/grp_gemv_kernel_Pipeline_LOAD_DECODING_ACTS_fu_761/flow_control_loop_pipe_sequential_init_U/ap_done_cache_reg/D
  -------------------------------------------------------------------    -------------------

                         (clock ap_clk rise edge)     0.000     0.000 r  
                                                      0.000     0.000 r  ap_clk (IN)
                         net (fo=15518, unset)        0.018     0.018    bd_0_i/hls_inst/inst/grp_gemv_kernel_Pipeline_LOAD_DECODING_ACTS_fu_761/flow_control_loop_pipe_sequential_init_U/ap_clk
    SLICE_X51Y38         FDRE                                         r  bd_0_i/hls_inst/inst/grp_gemv_kernel_Pipeline_LOAD_DECODING_ACTS_fu_761/flow_control_loop_pipe_sequential_init_U/ap_done_cache_reg/C
                         clock pessimism              0.000     0.018    
    SLICE_X51Y38         FDRE (Hold_DFF_SLICEL_C_D)
                                                      0.046     0.064    bd_0_i/hls_inst/inst/grp_gemv_kernel_Pipeline_LOAD_DECODING_ACTS_fu_761/flow_control_loop_pipe_sequential_init_U/ap_done_cache_reg
  -------------------------------------------------------------------
                         required time                         -0.064    
                         arrival time                           0.106    
  -------------------------------------------------------------------
                         slack                                  0.042    

Slack (MET) :             0.042ns  (arrival time - required time)
  Source:                 bd_0_i/hls_inst/inst/grp_gemv_kernel_Pipeline_PACK_DECODING_ROW9_fu_814/flow_control_loop_pipe_sequential_init_U/ap_done_cache_reg/C
                            (rising edge-triggered cell FDRE clocked by ap_clk  {rise@0.000ns fall@0.971ns period=1.942ns})
  Destination:            bd_0_i/hls_inst/inst/grp_gemv_kernel_Pipeline_PACK_DECODING_ROW9_fu_814/flow_control_loop_pipe_sequential_init_U/ap_done_cache_reg/D
                            (rising edge-triggered cell FDRE clocked by ap_clk  {rise@0.000ns fall@0.971ns period=1.942ns})
  Path Group:             ap_clk
  Path Type:              Hold (Min at Fast Process Corner)
  Requirement:            0.000ns  (ap_clk rise@0.000ns - ap_clk rise@0.000ns)
  Data Path Delay:        0.094ns  (logic 0.053ns (56.474%)  route 0.041ns (43.526%))
  Logic Levels:           1  (LUT6=1)
  Clock Path Skew:        0.006ns (DCD - SCD - CPR)
    Destination Clock Delay (DCD):    0.018ns
    Source Clock Delay      (SCD):    0.012ns
    Clock Pessimism Removal (CPR):    -0.000ns

    Location             Delay type                Incr(ns)  Path(ns)    Netlist Resource(s)
  -------------------------------------------------------------------    -------------------
                         (clock ap_clk rise edge)     0.000     0.000 r  
                                                      0.000     0.000 r  ap_clk (IN)
                         net (fo=15518, unset)        0.012     0.012    bd_0_i/hls_inst/inst/grp_gemv_kernel_Pipeline_PACK_DECODING_ROW9_fu_814/flow_control_loop_pipe_sequential_init_U/ap_clk
    SLICE_X51Y54         FDRE                                         r  bd_0_i/hls_inst/inst/grp_gemv_kernel_Pipeline_PACK_DECODING_ROW9_fu_814/flow_control_loop_pipe_sequential_init_U/ap_done_cache_reg/C
  -------------------------------------------------------------------    -------------------
    SLICE_X51Y54         FDRE (Prop_DFF_SLICEL_C_Q)
                                                      0.039     0.051 r  bd_0_i/hls_inst/inst/grp_gemv_kernel_Pipeline_PACK_DECODING_ROW9_fu_814/flow_control_loop_pipe_sequential_init_U/ap_done_cache_reg/Q
                         net (fo=2, routed)           0.025     0.076    bd_0_i/hls_inst/inst/grp_gemv_kernel_Pipeline_PACK_DECODING_ROW9_fu_814/flow_control_loop_pipe_sequential_init_U/ap_done_cache
    SLICE_X51Y54         LUT6 (Prop_D6LUT_SLICEL_I5_O)
                                                      0.014     0.090 r  bd_0_i/hls_inst/inst/grp_gemv_kernel_Pipeline_PACK_DECODING_ROW9_fu_814/flow_control_loop_pipe_sequential_init_U/ap_done_cache_i_1__10/O
                         net (fo=1, routed)           0.016     0.106    bd_0_i/hls_inst/inst/grp_gemv_kernel_Pipeline_PACK_DECODING_ROW9_fu_814/flow_control_loop_pipe_sequential_init_U/ap_done_cache_i_1__10_n_0
    SLICE_X51Y54         FDRE                                         r  bd_0_i/hls_inst/inst/grp_gemv_kernel_Pipeline_PACK_DECODING_ROW9_fu_814/flow_control_loop_pipe_sequential_init_U/ap_done_cache_reg/D
  -------------------------------------------------------------------    -------------------

                         (clock ap_clk rise edge)     0.000     0.000 r  
                                                      0.000     0.000 r  ap_clk (IN)
                         net (fo=15518, unset)        0.018     0.018    bd_0_i/hls_inst/inst/grp_gemv_kernel_Pipeline_PACK_DECODING_ROW9_fu_814/flow_control_loop_pipe_sequential_init_U/ap_clk
    SLICE_X51Y54         FDRE                                         r  bd_0_i/hls_inst/inst/grp_gemv_kernel_Pipeline_PACK_DECODING_ROW9_fu_814/flow_control_loop_pipe_sequential_init_U/ap_done_cache_reg/C
                         clock pessimism              0.000     0.018    
    SLICE_X51Y54         FDRE (Hold_DFF_SLICEL_C_D)
                                                      0.046     0.064    bd_0_i/hls_inst/inst/grp_gemv_kernel_Pipeline_PACK_DECODING_ROW9_fu_814/flow_control_loop_pipe_sequential_init_U/ap_done_cache_reg
  -------------------------------------------------------------------
                         required time                         -0.064    
                         arrival time                           0.106    
  -------------------------------------------------------------------
                         slack                                  0.042    

Slack (MET) :             0.042ns  (arrival time - required time)
  Source:                 bd_0_i/hls_inst/inst/gmem_act_m_axi_U/load_unit/fifo_rreq/U_fifo_srl/dout_reg[40]/C
                            (rising edge-triggered cell FDRE clocked by ap_clk  {rise@0.000ns fall@0.971ns period=1.942ns})
  Destination:            bd_0_i/hls_inst/inst/gmem_act_m_axi_U/load_unit/tmp_addr_reg[45]/D
                            (rising edge-triggered cell FDRE clocked by ap_clk  {rise@0.000ns fall@0.971ns period=1.942ns})
  Path Group:             ap_clk
  Path Type:              Hold (Min at Fast Process Corner)
  Requirement:            0.000ns  (ap_clk rise@0.000ns - ap_clk rise@0.000ns)
  Data Path Delay:        0.094ns  (logic 0.039ns (41.489%)  route 0.055ns (58.511%))
  Logic Levels:           0  
  Clock Path Skew:        0.005ns (DCD - SCD - CPR)
    Destination Clock Delay (DCD):    0.018ns
    Source Clock Delay      (SCD):    0.013ns
    Clock Pessimism Removal (CPR):    -0.000ns

    Location             Delay type                Incr(ns)  Path(ns)    Netlist Resource(s)
  -------------------------------------------------------------------    -------------------
                         (clock ap_clk rise edge)     0.000     0.000 r  
                                                      0.000     0.000 r  ap_clk (IN)
                         net (fo=15518, unset)        0.013     0.013    bd_0_i/hls_inst/inst/gmem_act_m_axi_U/load_unit/fifo_rreq/U_fifo_srl/ap_clk
    SLICE_X61Y72         FDRE                                         r  bd_0_i/hls_inst/inst/gmem_act_m_axi_U/load_unit/fifo_rreq/U_fifo_srl/dout_reg[40]/C
  -------------------------------------------------------------------    -------------------
    SLICE_X61Y72         FDRE (Prop_DFF_SLICEM_C_Q)
                                                      0.039     0.052 r  bd_0_i/hls_inst/inst/gmem_act_m_axi_U/load_unit/fifo_rreq/U_fifo_srl/dout_reg[40]/Q
                         net (fo=1, routed)           0.055     0.107    bd_0_i/hls_inst/inst/gmem_act_m_axi_U/load_unit/fifo_rreq_n_22
    SLICE_X62Y72         FDRE                                         r  bd_0_i/hls_inst/inst/gmem_act_m_axi_U/load_unit/tmp_addr_reg[45]/D
  -------------------------------------------------------------------    -------------------

                         (clock ap_clk rise edge)     0.000     0.000 r  
                                                      0.000     0.000 r  ap_clk (IN)
                         net (fo=15518, unset)        0.018     0.018    bd_0_i/hls_inst/inst/gmem_act_m_axi_U/load_unit/ap_clk
    SLICE_X62Y72         FDRE                                         r  bd_0_i/hls_inst/inst/gmem_act_m_axi_U/load_unit/tmp_addr_reg[45]/C
                         clock pessimism              0.000     0.018    
    SLICE_X62Y72         FDRE (Hold_DFF2_SLICEL_C_D)
                                                      0.047     0.065    bd_0_i/hls_inst/inst/gmem_act_m_axi_U/load_unit/tmp_addr_reg[45]
  -------------------------------------------------------------------
                         required time                         -0.065    
                         arrival time                           0.107    
  -------------------------------------------------------------------
                         slack                                  0.042    

Slack (MET) :             0.042ns  (arrival time - required time)
  Source:                 bd_0_i/hls_inst/inst/control_s_axi_U/auto_restart_done_reg/C
                            (rising edge-triggered cell FDRE clocked by ap_clk  {rise@0.000ns fall@0.971ns period=1.942ns})
  Destination:            bd_0_i/hls_inst/inst/control_s_axi_U/auto_restart_done_reg/D
                            (rising edge-triggered cell FDRE clocked by ap_clk  {rise@0.000ns fall@0.971ns period=1.942ns})
  Path Group:             ap_clk
  Path Type:              Hold (Min at Fast Process Corner)
  Requirement:            0.000ns  (ap_clk rise@0.000ns - ap_clk rise@0.000ns)
  Data Path Delay:        0.094ns  (logic 0.053ns (56.327%)  route 0.041ns (43.673%))
  Logic Levels:           1  (LUT6=1)
  Clock Path Skew:        0.006ns (DCD - SCD - CPR)
    Destination Clock Delay (DCD):    0.018ns
    Source Clock Delay      (SCD):    0.012ns
    Clock Pessimism Removal (CPR):    -0.000ns

    Location             Delay type                Incr(ns)  Path(ns)    Netlist Resource(s)
  -------------------------------------------------------------------    -------------------
                         (clock ap_clk rise edge)     0.000     0.000 r  
                                                      0.000     0.000 r  ap_clk (IN)
                         net (fo=15518, unset)        0.012     0.012    bd_0_i/hls_inst/inst/control_s_axi_U/ap_clk
    SLICE_X69Y39         FDRE                                         r  bd_0_i/hls_inst/inst/control_s_axi_U/auto_restart_done_reg/C
  -------------------------------------------------------------------    -------------------
    SLICE_X69Y39         FDRE (Prop_DFF_SLICEL_C_Q)
                                                      0.039     0.051 r  bd_0_i/hls_inst/inst/control_s_axi_U/auto_restart_done_reg/Q
                         net (fo=2, routed)           0.025     0.076    bd_0_i/hls_inst/inst/control_s_axi_U/auto_restart_done_reg_n_0
    SLICE_X69Y39         LUT6 (Prop_D6LUT_SLICEL_I5_O)
                                                      0.014     0.090 r  bd_0_i/hls_inst/inst/control_s_axi_U/auto_restart_done_i_1/O
                         net (fo=1, routed)           0.016     0.106    bd_0_i/hls_inst/inst/control_s_axi_U/auto_restart_done_i_1_n_0
    SLICE_X69Y39         FDRE                                         r  bd_0_i/hls_inst/inst/control_s_axi_U/auto_restart_done_reg/D
  -------------------------------------------------------------------    -------------------

                         (clock ap_clk rise edge)     0.000     0.000 r  
                                                      0.000     0.000 r  ap_clk (IN)
                         net (fo=15518, unset)        0.018     0.018    bd_0_i/hls_inst/inst/control_s_axi_U/ap_clk
    SLICE_X69Y39         FDRE                                         r  bd_0_i/hls_inst/inst/control_s_axi_U/auto_restart_done_reg/C
                         clock pessimism              0.000     0.018    
    SLICE_X69Y39         FDRE (Hold_DFF_SLICEL_C_D)
                                                      0.046     0.064    bd_0_i/hls_inst/inst/control_s_axi_U/auto_restart_done_reg
  -------------------------------------------------------------------
                         required time                         -0.064    
                         arrival time                           0.106    
  -------------------------------------------------------------------
                         slack                                  0.042    

Slack (MET) :             0.043ns  (arrival time - required time)
  Source:                 bd_0_i/hls_inst/inst/gmem_out_m_axi_U/store_unit/fifo_wreq/U_fifo_srl/dout_reg[9]/C
                            (rising edge-triggered cell FDRE clocked by ap_clk  {rise@0.000ns fall@0.971ns period=1.942ns})
  Destination:            bd_0_i/hls_inst/inst/gmem_out_m_axi_U/store_unit/tmp_addr_reg[14]/D
                            (rising edge-triggered cell FDRE clocked by ap_clk  {rise@0.000ns fall@0.971ns period=1.942ns})
  Path Group:             ap_clk
  Path Type:              Hold (Min at Fast Process Corner)
  Requirement:            0.000ns  (ap_clk rise@0.000ns - ap_clk rise@0.000ns)
  Data Path Delay:        0.096ns  (logic 0.039ns (40.625%)  route 0.057ns (59.375%))
  Logic Levels:           0  
  Clock Path Skew:        0.006ns (DCD - SCD - CPR)
    Destination Clock Delay (DCD):    0.019ns
    Source Clock Delay      (SCD):    0.013ns
    Clock Pessimism Removal (CPR):    -0.000ns

    Location             Delay type                Incr(ns)  Path(ns)    Netlist Resource(s)
  -------------------------------------------------------------------    -------------------
                         (clock ap_clk rise edge)     0.000     0.000 r  
                                                      0.000     0.000 r  ap_clk (IN)
                         net (fo=15518, unset)        0.013     0.013    bd_0_i/hls_inst/inst/gmem_out_m_axi_U/store_unit/fifo_wreq/U_fifo_srl/ap_clk
    SLICE_X81Y25         FDRE                                         r  bd_0_i/hls_inst/inst/gmem_out_m_axi_U/store_unit/fifo_wreq/U_fifo_srl/dout_reg[9]/C
  -------------------------------------------------------------------    -------------------
    SLICE_X81Y25         FDRE (Prop_HFF_SLICEM_C_Q)
                                                      0.039     0.052 r  bd_0_i/hls_inst/inst/gmem_out_m_axi_U/store_unit/fifo_wreq/U_fifo_srl/dout_reg[9]/Q
                         net (fo=1, routed)           0.057     0.109    bd_0_i/hls_inst/inst/gmem_out_m_axi_U/store_unit/fifo_wreq_n_68
    SLICE_X82Y25         FDRE                                         r  bd_0_i/hls_inst/inst/gmem_out_m_axi_U/store_unit/tmp_addr_reg[14]/D
  -------------------------------------------------------------------    -------------------

                         (clock ap_clk rise edge)     0.000     0.000 r  
                                                      0.000     0.000 r  ap_clk (IN)
                         net (fo=15518, unset)        0.019     0.019    bd_0_i/hls_inst/inst/gmem_out_m_axi_U/store_unit/ap_clk
    SLICE_X82Y25         FDRE                                         r  bd_0_i/hls_inst/inst/gmem_out_m_axi_U/store_unit/tmp_addr_reg[14]/C
                         clock pessimism              0.000     0.019    
    SLICE_X82Y25         FDRE (Hold_EFF2_SLICEL_C_D)
                                                      0.047     0.066    bd_0_i/hls_inst/inst/gmem_out_m_axi_U/store_unit/tmp_addr_reg[14]
  -------------------------------------------------------------------
                         required time                         -0.066    
                         arrival time                           0.109    
  -------------------------------------------------------------------
                         slack                                  0.043    

Slack (MET) :             0.044ns  (arrival time - required time)
  Source:                 bd_0_i/hls_inst/inst/grp_gemv_kernel_Pipeline_ACC_DECODING_COL_ACC_DECODING_ROW_fu_1008/indvar_flatten10_fu_84_reg[5]/C
                            (rising edge-triggered cell FDRE clocked by ap_clk  {rise@0.000ns fall@0.971ns period=1.942ns})
  Destination:            bd_0_i/hls_inst/inst/grp_gemv_kernel_Pipeline_ACC_DECODING_COL_ACC_DECODING_ROW_fu_1008/indvar_flatten10_fu_84_reg[6]/D
                            (rising edge-triggered cell FDRE clocked by ap_clk  {rise@0.000ns fall@0.971ns period=1.942ns})
  Path Group:             ap_clk
  Path Type:              Hold (Min at Fast Process Corner)
  Requirement:            0.000ns  (ap_clk rise@0.000ns - ap_clk rise@0.000ns)
  Data Path Delay:        0.097ns  (logic 0.060ns (62.058%)  route 0.037ns (37.942%))
  Logic Levels:           1  (LUT4=1)
  Clock Path Skew:        0.006ns (DCD - SCD - CPR)
    Destination Clock Delay (DCD):    0.019ns
    Source Clock Delay      (SCD):    0.013ns
    Clock Pessimism Removal (CPR):    -0.000ns

    Location             Delay type                Incr(ns)  Path(ns)    Netlist Resource(s)
  -------------------------------------------------------------------    -------------------
                         (clock ap_clk rise edge)     0.000     0.000 r  
                                                      0.000     0.000 r  ap_clk (IN)
                         net (fo=15518, unset)        0.013     0.013    bd_0_i/hls_inst/inst/grp_gemv_kernel_Pipeline_ACC_DECODING_COL_ACC_DECODING_ROW_fu_1008/ap_clk
    SLICE_X61Y28         FDRE                                         r  bd_0_i/hls_inst/inst/grp_gemv_kernel_Pipeline_ACC_DECODING_COL_ACC_DECODING_ROW_fu_1008/indvar_flatten10_fu_84_reg[5]/C
  -------------------------------------------------------------------    -------------------
    SLICE_X61Y28         FDRE (Prop_BFF_SLICEM_C_Q)
                                                      0.038     0.051 r  bd_0_i/hls_inst/inst/grp_gemv_kernel_Pipeline_ACC_DECODING_COL_ACC_DECODING_ROW_fu_1008/indvar_flatten10_fu_84_reg[5]/Q
                         net (fo=3, routed)           0.029     0.080    bd_0_i/hls_inst/inst/grp_gemv_kernel_Pipeline_ACC_DECODING_COL_ACC_DECODING_ROW_fu_1008/flow_control_loop_pipe_sequential_init_U/indvar_flatten10_fu_84_reg[6]
    SLICE_X61Y28         LUT4 (Prop_B5LUT_SLICEM_I0_O)
                                                      0.022     0.102 r  bd_0_i/hls_inst/inst/grp_gemv_kernel_Pipeline_ACC_DECODING_COL_ACC_DECODING_ROW_fu_1008/flow_control_loop_pipe_sequential_init_U/indvar_flatten10_fu_84[6]_i_2/O
                         net (fo=1, routed)           0.008     0.110    bd_0_i/hls_inst/inst/grp_gemv_kernel_Pipeline_ACC_DECODING_COL_ACC_DECODING_ROW_fu_1008/add_ln191_fu_220_p2[6]
    SLICE_X61Y28         FDRE                                         r  bd_0_i/hls_inst/inst/grp_gemv_kernel_Pipeline_ACC_DECODING_COL_ACC_DECODING_ROW_fu_1008/indvar_flatten10_fu_84_reg[6]/D
  -------------------------------------------------------------------    -------------------

                         (clock ap_clk rise edge)     0.000     0.000 r  
                                                      0.000     0.000 r  ap_clk (IN)
                         net (fo=15518, unset)        0.019     0.019    bd_0_i/hls_inst/inst/grp_gemv_kernel_Pipeline_ACC_DECODING_COL_ACC_DECODING_ROW_fu_1008/ap_clk
    SLICE_X61Y28         FDRE                                         r  bd_0_i/hls_inst/inst/grp_gemv_kernel_Pipeline_ACC_DECODING_COL_ACC_DECODING_ROW_fu_1008/indvar_flatten10_fu_84_reg[6]/C
                         clock pessimism              0.000     0.019    
    SLICE_X61Y28         FDRE (Hold_BFF2_SLICEM_C_D)
                                                      0.047     0.066    bd_0_i/hls_inst/inst/grp_gemv_kernel_Pipeline_ACC_DECODING_COL_ACC_DECODING_ROW_fu_1008/indvar_flatten10_fu_84_reg[6]
  -------------------------------------------------------------------
                         required time                         -0.066    
                         arrival time                           0.110    
  -------------------------------------------------------------------
                         slack                                  0.044    

Slack (MET) :             0.044ns  (arrival time - required time)
  Source:                 bd_0_i/hls_inst/inst/control_s_axi_U/int_ap_ready_reg/C
                            (rising edge-triggered cell FDRE clocked by ap_clk  {rise@0.000ns fall@0.971ns period=1.942ns})
  Destination:            bd_0_i/hls_inst/inst/control_s_axi_U/int_ap_ready_reg/D
                            (rising edge-triggered cell FDRE clocked by ap_clk  {rise@0.000ns fall@0.971ns period=1.942ns})
  Path Group:             ap_clk
  Path Type:              Hold (Min at Fast Process Corner)
  Requirement:            0.000ns  (ap_clk rise@0.000ns - ap_clk rise@0.000ns)
  Data Path Delay:        0.096ns  (logic 0.053ns (55.296%)  route 0.043ns (44.704%))
  Logic Levels:           1  (LUT6=1)
  Clock Path Skew:        0.006ns (DCD - SCD - CPR)
    Destination Clock Delay (DCD):    0.018ns
    Source Clock Delay      (SCD):    0.012ns
    Clock Pessimism Removal (CPR):    -0.000ns

    Location             Delay type                Incr(ns)  Path(ns)    Netlist Resource(s)
  -------------------------------------------------------------------    -------------------
                         (clock ap_clk rise edge)     0.000     0.000 r  
                                                      0.000     0.000 r  ap_clk (IN)
                         net (fo=15518, unset)        0.012     0.012    bd_0_i/hls_inst/inst/control_s_axi_U/ap_clk
    SLICE_X73Y37         FDRE                                         r  bd_0_i/hls_inst/inst/control_s_axi_U/int_ap_ready_reg/C
  -------------------------------------------------------------------    -------------------
    SLICE_X73Y37         FDRE (Prop_CFF_SLICEL_C_Q)
                                                      0.039     0.051 r  bd_0_i/hls_inst/inst/control_s_axi_U/int_ap_ready_reg/Q
                         net (fo=2, routed)           0.026     0.077    bd_0_i/hls_inst/inst/control_s_axi_U/int_ap_ready__0
    SLICE_X73Y37         LUT6 (Prop_C6LUT_SLICEL_I5_O)
                                                      0.014     0.091 r  bd_0_i/hls_inst/inst/control_s_axi_U/int_ap_ready_i_1/O
                         net (fo=1, routed)           0.017     0.108    bd_0_i/hls_inst/inst/control_s_axi_U/int_ap_ready_i_1_n_0
    SLICE_X73Y37         FDRE                                         r  bd_0_i/hls_inst/inst/control_s_axi_U/int_ap_ready_reg/D
  -------------------------------------------------------------------    -------------------

                         (clock ap_clk rise edge)     0.000     0.000 r  
                                                      0.000     0.000 r  ap_clk (IN)
                         net (fo=15518, unset)        0.018     0.018    bd_0_i/hls_inst/inst/control_s_axi_U/ap_clk
    SLICE_X73Y37         FDRE                                         r  bd_0_i/hls_inst/inst/control_s_axi_U/int_ap_ready_reg/C
                         clock pessimism              0.000     0.018    
    SLICE_X73Y37         FDRE (Hold_CFF_SLICEL_C_D)
                                                      0.046     0.064    bd_0_i/hls_inst/inst/control_s_axi_U/int_ap_ready_reg
  -------------------------------------------------------------------
                         required time                         -0.064    
                         arrival time                           0.108    
  -------------------------------------------------------------------
                         slack                                  0.044    





Pulse Width Checks
--------------------------------------------------------------------------------------
Clock Name:         ap_clk
Waveform(ns):       { 0.000 0.971 }
Period(ns):         1.942
Sources:            { ap_clk }

Check Type        Corner  Lib Pin             Reference Pin  Required(ns)  Actual(ns)  Slack(ns)  Location      Pin
Min Period        n/a     RAMB36E2/CLKARDCLK  n/a            1.569         1.942       0.373      RAMB36_X3Y5   bd_0_i/hls_inst/inst/gmem_act_m_axi_U/load_unit/buff_rdata/U_fifo_mem/mem_reg_0/CLKARDCLK
Min Period        n/a     RAMB36E2/CLKBWRCLK  n/a            1.569         1.942       0.373      RAMB36_X3Y5   bd_0_i/hls_inst/inst/gmem_act_m_axi_U/load_unit/buff_rdata/U_fifo_mem/mem_reg_0/CLKBWRCLK
Min Period        n/a     RAMB36E2/CLKARDCLK  n/a            1.569         1.942       0.373      RAMB36_X4Y5   bd_0_i/hls_inst/inst/gmem_act_m_axi_U/load_unit/buff_rdata/U_fifo_mem/mem_reg_1/CLKARDCLK
Min Period        n/a     RAMB36E2/CLKBWRCLK  n/a            1.569         1.942       0.373      RAMB36_X4Y5   bd_0_i/hls_inst/inst/gmem_act_m_axi_U/load_unit/buff_rdata/U_fifo_mem/mem_reg_1/CLKBWRCLK
Min Period        n/a     RAMB36E2/CLKARDCLK  n/a            1.569         1.942       0.373      RAMB36_X4Y6   bd_0_i/hls_inst/inst/gmem_act_m_axi_U/load_unit/buff_rdata/U_fifo_mem/mem_reg_2/CLKARDCLK
Min Period        n/a     RAMB36E2/CLKBWRCLK  n/a            1.569         1.942       0.373      RAMB36_X4Y6   bd_0_i/hls_inst/inst/gmem_act_m_axi_U/load_unit/buff_rdata/U_fifo_mem/mem_reg_2/CLKBWRCLK
Min Period        n/a     RAMB36E2/CLKARDCLK  n/a            1.569         1.942       0.373      RAMB36_X4Y7   bd_0_i/hls_inst/inst/gmem_act_m_axi_U/load_unit/buff_rdata/U_fifo_mem/mem_reg_3/CLKARDCLK
Min Period        n/a     RAMB36E2/CLKBWRCLK  n/a            1.569         1.942       0.373      RAMB36_X4Y7   bd_0_i/hls_inst/inst/gmem_act_m_axi_U/load_unit/buff_rdata/U_fifo_mem/mem_reg_3/CLKBWRCLK
Min Period        n/a     RAMB18E2/CLKARDCLK  n/a            1.569         1.942       0.373      RAMB18_X3Y18  bd_0_i/hls_inst/inst/gmem_m_axi_U/load_unit/buff_rdata/U_fifo_mem/mem_reg/CLKARDCLK
Min Period        n/a     RAMB18E2/CLKBWRCLK  n/a            1.569         1.942       0.373      RAMB18_X3Y18  bd_0_i/hls_inst/inst/gmem_m_axi_U/load_unit/buff_rdata/U_fifo_mem/mem_reg/CLKBWRCLK
Low Pulse Width   Slow    RAMB36E2/CLKARDCLK  n/a            0.542         0.971       0.429      RAMB36_X3Y5   bd_0_i/hls_inst/inst/gmem_act_m_axi_U/load_unit/buff_rdata/U_fifo_mem/mem_reg_0/CLKARDCLK
Low Pulse Width   Fast    RAMB36E2/CLKARDCLK  n/a            0.542         0.971       0.429      RAMB36_X3Y5   bd_0_i/hls_inst/inst/gmem_act_m_axi_U/load_unit/buff_rdata/U_fifo_mem/mem_reg_0/CLKARDCLK
Low Pulse Width   Slow    RAMB36E2/CLKBWRCLK  n/a            0.542         0.971       0.429      RAMB36_X3Y5   bd_0_i/hls_inst/inst/gmem_act_m_axi_U/load_unit/buff_rdata/U_fifo_mem/mem_reg_0/CLKBWRCLK
Low Pulse Width   Fast    RAMB36E2/CLKBWRCLK  n/a            0.542         0.971       0.429      RAMB36_X3Y5   bd_0_i/hls_inst/inst/gmem_act_m_axi_U/load_unit/buff_rdata/U_fifo_mem/mem_reg_0/CLKBWRCLK
Low Pulse Width   Slow    RAMB36E2/CLKARDCLK  n/a            0.542         0.971       0.429      RAMB36_X4Y5   bd_0_i/hls_inst/inst/gmem_act_m_axi_U/load_unit/buff_rdata/U_fifo_mem/mem_reg_1/CLKARDCLK
Low Pulse Width   Fast    RAMB36E2/CLKARDCLK  n/a            0.542         0.971       0.429      RAMB36_X4Y5   bd_0_i/hls_inst/inst/gmem_act_m_axi_U/load_unit/buff_rdata/U_fifo_mem/mem_reg_1/CLKARDCLK
Low Pulse Width   Slow    RAMB36E2/CLKBWRCLK  n/a            0.542         0.971       0.429      RAMB36_X4Y5   bd_0_i/hls_inst/inst/gmem_act_m_axi_U/load_unit/buff_rdata/U_fifo_mem/mem_reg_1/CLKBWRCLK
Low Pulse Width   Fast    RAMB36E2/CLKBWRCLK  n/a            0.542         0.971       0.429      RAMB36_X4Y5   bd_0_i/hls_inst/inst/gmem_act_m_axi_U/load_unit/buff_rdata/U_fifo_mem/mem_reg_1/CLKBWRCLK
Low Pulse Width   Slow    RAMB36E2/CLKARDCLK  n/a            0.542         0.971       0.429      RAMB36_X4Y6   bd_0_i/hls_inst/inst/gmem_act_m_axi_U/load_unit/buff_rdata/U_fifo_mem/mem_reg_2/CLKARDCLK
Low Pulse Width   Fast    RAMB36E2/CLKARDCLK  n/a            0.542         0.971       0.429      RAMB36_X4Y6   bd_0_i/hls_inst/inst/gmem_act_m_axi_U/load_unit/buff_rdata/U_fifo_mem/mem_reg_2/CLKARDCLK
High Pulse Width  Slow    RAMB36E2/CLKARDCLK  n/a            0.542         0.971       0.429      RAMB36_X3Y5   bd_0_i/hls_inst/inst/gmem_act_m_axi_U/load_unit/buff_rdata/U_fifo_mem/mem_reg_0/CLKARDCLK
High Pulse Width  Fast    RAMB36E2/CLKARDCLK  n/a            0.542         0.971       0.429      RAMB36_X3Y5   bd_0_i/hls_inst/inst/gmem_act_m_axi_U/load_unit/buff_rdata/U_fifo_mem/mem_reg_0/CLKARDCLK
High Pulse Width  Slow    RAMB36E2/CLKBWRCLK  n/a            0.542         0.971       0.429      RAMB36_X3Y5   bd_0_i/hls_inst/inst/gmem_act_m_axi_U/load_unit/buff_rdata/U_fifo_mem/mem_reg_0/CLKBWRCLK
High Pulse Width  Fast    RAMB36E2/CLKBWRCLK  n/a            0.542         0.971       0.429      RAMB36_X3Y5   bd_0_i/hls_inst/inst/gmem_act_m_axi_U/load_unit/buff_rdata/U_fifo_mem/mem_reg_0/CLKBWRCLK
High Pulse Width  Slow    RAMB36E2/CLKARDCLK  n/a            0.542         0.971       0.429      RAMB36_X4Y5   bd_0_i/hls_inst/inst/gmem_act_m_axi_U/load_unit/buff_rdata/U_fifo_mem/mem_reg_1/CLKARDCLK
High Pulse Width  Fast    RAMB36E2/CLKARDCLK  n/a            0.542         0.971       0.429      RAMB36_X4Y5   bd_0_i/hls_inst/inst/gmem_act_m_axi_U/load_unit/buff_rdata/U_fifo_mem/mem_reg_1/CLKARDCLK
High Pulse Width  Slow    RAMB36E2/CLKBWRCLK  n/a            0.542         0.971       0.429      RAMB36_X4Y5   bd_0_i/hls_inst/inst/gmem_act_m_axi_U/load_unit/buff_rdata/U_fifo_mem/mem_reg_1/CLKBWRCLK
High Pulse Width  Fast    RAMB36E2/CLKBWRCLK  n/a            0.542         0.971       0.429      RAMB36_X4Y5   bd_0_i/hls_inst/inst/gmem_act_m_axi_U/load_unit/buff_rdata/U_fifo_mem/mem_reg_1/CLKBWRCLK
High Pulse Width  Slow    RAMB36E2/CLKARDCLK  n/a            0.542         0.971       0.429      RAMB36_X4Y6   bd_0_i/hls_inst/inst/gmem_act_m_axi_U/load_unit/buff_rdata/U_fifo_mem/mem_reg_2/CLKARDCLK
High Pulse Width  Fast    RAMB36E2/CLKARDCLK  n/a            0.542         0.971       0.429      RAMB36_X4Y6   bd_0_i/hls_inst/inst/gmem_act_m_axi_U/load_unit/buff_rdata/U_fifo_mem/mem_reg_2/CLKARDCLK



--------------------------------------------------------------------------------------
Path Group:  (none)
From Clock:  ap_clk
  To Clock:  

Max Delay           529 Endpoints
Min Delay           529 Endpoints
--------------------------------------------------------------------------------------


Max Delay Paths
--------------------------------------------------------------------------------------
Slack:                    inf
  Source:                 bd_0_i/hls_inst/inst/gmem_out_m_axi_U/bus_write/wreq_throttle/last_cnt_reg[0]/C
                            (rising edge-triggered cell FDRE clocked by ap_clk  {rise@0.000ns fall@0.971ns period=1.942ns})
  Destination:            m_axi_gmem_out_wvalid
                            (output port)
  Path Group:             (none)
  Path Type:              Max at Slow Process Corner
  Data Path Delay:        0.624ns  (logic 0.269ns (43.096%)  route 0.355ns (56.904%))
  Logic Levels:           2  (LUT3=1 LUT5=1)
  Clock Uncertainty:      0.025ns  ((TSJ^2 + TIJ^2)^1/2 + DJ) / 2 + PE
    Total System Jitter     (TSJ):    0.050ns
    Total Input Jitter      (TIJ):    0.000ns
    Discrete Jitter          (DJ):    0.000ns
    Phase Error              (PE):    0.000ns

    Location             Delay type                Incr(ns)  Path(ns)    Netlist Resource(s)
  -------------------------------------------------------------------    -------------------
                         (clock ap_clk rise edge)     0.000     0.000 r  
                                                      0.000     0.000 r  ap_clk (IN)
                         net (fo=15518, unset)        0.030     0.030    bd_0_i/hls_inst/inst/gmem_out_m_axi_U/bus_write/wreq_throttle/ap_clk
    SLICE_X87Y26         FDRE                                         r  bd_0_i/hls_inst/inst/gmem_out_m_axi_U/bus_write/wreq_throttle/last_cnt_reg[0]/C
  -------------------------------------------------------------------    -------------------
    SLICE_X87Y26         FDRE (Prop_BFF2_SLICEM_C_Q)
                                                      0.080     0.110 r  bd_0_i/hls_inst/inst/gmem_out_m_axi_U/bus_write/wreq_throttle/last_cnt_reg[0]/Q
                         net (fo=5, routed)           0.232     0.342    bd_0_i/hls_inst/inst/gmem_out_m_axi_U/bus_write/wreq_throttle/data_fifo/U_fifo_srl/Q[0]
    SLICE_X87Y26         LUT5 (Prop_G6LUT_SLICEM_I2_O)
                                                      0.123     0.465 r  bd_0_i/hls_inst/inst/gmem_out_m_axi_U/bus_write/wreq_throttle/data_fifo/U_fifo_srl/m_axi_gmem_out_WVALID_INST_0_i_1/O
                         net (fo=7, routed)           0.088     0.553    bd_0_i/hls_inst/inst/gmem_out_m_axi_U/bus_write/wreq_throttle/data_fifo/data_en__3
    SLICE_X87Y25         LUT3 (Prop_D5LUT_SLICEM_I2_O)
                                                      0.066     0.619 r  bd_0_i/hls_inst/inst/gmem_out_m_axi_U/bus_write/wreq_throttle/data_fifo/m_axi_gmem_out_WVALID_INST_0/O
                         net (fo=0)                   0.035     0.654    m_axi_gmem_out_wvalid
                                                                      r  m_axi_gmem_out_wvalid (OUT)
  -------------------------------------------------------------------    -------------------

Slack:                    inf
  Source:                 bd_0_i/hls_inst/inst/gmem_act_m_axi_U/bus_read/rreq_burst_conv/could_multi_bursts.len_buf_reg[2]/C
                            (rising edge-triggered cell FDRE clocked by ap_clk  {rise@0.000ns fall@0.971ns period=1.942ns})
  Destination:            m_axi_gmem_act_arlen[2]
                            (output port)
  Path Group:             (none)
  Path Type:              Max at Slow Process Corner
  Data Path Delay:        0.081ns  (logic 0.081ns (100.000%)  route 0.000ns (0.000%))
  Logic Levels:           0  
  Clock Uncertainty:      0.025ns  ((TSJ^2 + TIJ^2)^1/2 + DJ) / 2 + PE
    Total System Jitter     (TSJ):    0.050ns
    Total Input Jitter      (TIJ):    0.000ns
    Discrete Jitter          (DJ):    0.000ns
    Phase Error              (PE):    0.000ns

    Location             Delay type                Incr(ns)  Path(ns)    Netlist Resource(s)
  -------------------------------------------------------------------    -------------------
                         (clock ap_clk rise edge)     0.000     0.000 r  
                                                      0.000     0.000 r  ap_clk (IN)
                         net (fo=15518, unset)        0.029     0.029    bd_0_i/hls_inst/inst/gmem_act_m_axi_U/bus_read/rreq_burst_conv/ap_clk
    SLICE_X67Y66         FDRE                                         r  bd_0_i/hls_inst/inst/gmem_act_m_axi_U/bus_read/rreq_burst_conv/could_multi_bursts.len_buf_reg[2]/C
  -------------------------------------------------------------------    -------------------
    SLICE_X67Y66         FDRE (Prop_FFF2_SLICEL_C_Q)
                                                      0.081     0.110 r  bd_0_i/hls_inst/inst/gmem_act_m_axi_U/bus_read/rreq_burst_conv/could_multi_bursts.len_buf_reg[2]/Q
                         net (fo=0)                   0.000     0.110    m_axi_gmem_act_arlen[2]
                                                                      r  m_axi_gmem_act_arlen[2] (OUT)
  -------------------------------------------------------------------    -------------------

Slack:                    inf
  Source:                 bd_0_i/hls_inst/inst/gmem_act_m_axi_U/bus_read/rs_rdata/s_ready_t_reg/C
                            (rising edge-triggered cell FDRE clocked by ap_clk  {rise@0.000ns fall@0.971ns period=1.942ns})
  Destination:            m_axi_gmem_act_rready
                            (output port)
  Path Group:             (none)
  Path Type:              Max at Slow Process Corner
  Data Path Delay:        0.081ns  (logic 0.081ns (100.000%)  route 0.000ns (0.000%))
  Logic Levels:           0  
  Clock Uncertainty:      0.025ns  ((TSJ^2 + TIJ^2)^1/2 + DJ) / 2 + PE
    Total System Jitter     (TSJ):    0.050ns
    Total Input Jitter      (TIJ):    0.000ns
    Discrete Jitter          (DJ):    0.000ns
    Phase Error              (PE):    0.000ns

    Location             Delay type                Incr(ns)  Path(ns)    Netlist Resource(s)
  -------------------------------------------------------------------    -------------------
                         (clock ap_clk rise edge)     0.000     0.000 r  
                                                      0.000     0.000 r  ap_clk (IN)
                         net (fo=15518, unset)        0.029     0.029    bd_0_i/hls_inst/inst/gmem_act_m_axi_U/bus_read/rs_rdata/ap_clk
    SLICE_X68Y32         FDRE                                         r  bd_0_i/hls_inst/inst/gmem_act_m_axi_U/bus_read/rs_rdata/s_ready_t_reg/C
  -------------------------------------------------------------------    -------------------
    SLICE_X68Y32         FDRE (Prop_GFF2_SLICEL_C_Q)
                                                      0.081     0.110 r  bd_0_i/hls_inst/inst/gmem_act_m_axi_U/bus_read/rs_rdata/s_ready_t_reg/Q
                         net (fo=7, unset)            0.000     0.110    m_axi_gmem_act_rready
                                                                      r  m_axi_gmem_act_rready (OUT)
  -------------------------------------------------------------------    -------------------

Slack:                    inf
  Source:                 bd_0_i/hls_inst/inst/gmem_m_axi_U/bus_read/rreq_burst_conv/could_multi_bursts.len_buf_reg[3]/C
                            (rising edge-triggered cell FDRE clocked by ap_clk  {rise@0.000ns fall@0.971ns period=1.942ns})
  Destination:            m_axi_gmem_arlen[3]
                            (output port)
  Path Group:             (none)
  Path Type:              Max at Slow Process Corner
  Data Path Delay:        0.080ns  (logic 0.080ns (100.000%)  route 0.000ns (0.000%))
  Logic Levels:           0  
  Clock Uncertainty:      0.025ns  ((TSJ^2 + TIJ^2)^1/2 + DJ) / 2 + PE
    Total System Jitter     (TSJ):    0.050ns
    Total Input Jitter      (TIJ):    0.000ns
    Discrete Jitter          (DJ):    0.000ns
    Phase Error              (PE):    0.000ns

    Location             Delay type                Incr(ns)  Path(ns)    Netlist Resource(s)
  -------------------------------------------------------------------    -------------------
                         (clock ap_clk rise edge)     0.000     0.000 r  
                                                      0.000     0.000 r  ap_clk (IN)
                         net (fo=15518, unset)        0.030     0.030    bd_0_i/hls_inst/inst/gmem_m_axi_U/bus_read/rreq_burst_conv/ap_clk
    SLICE_X60Y55         FDRE                                         r  bd_0_i/hls_inst/inst/gmem_m_axi_U/bus_read/rreq_burst_conv/could_multi_bursts.len_buf_reg[3]/C
  -------------------------------------------------------------------    -------------------
    SLICE_X60Y55         FDRE (Prop_DFF2_SLICEM_C_Q)
                                                      0.080     0.110 r  bd_0_i/hls_inst/inst/gmem_m_axi_U/bus_read/rreq_burst_conv/could_multi_bursts.len_buf_reg[3]/Q
                         net (fo=0)                   0.000     0.110    m_axi_gmem_arlen[3]
                                                                      r  m_axi_gmem_arlen[3] (OUT)
  -------------------------------------------------------------------    -------------------

Slack:                    inf
  Source:                 bd_0_i/hls_inst/inst/gmem_out_m_axi_U/bus_write/wreq_throttle/data_fifo/U_fifo_srl/dout_reg[109]/C
                            (rising edge-triggered cell FDRE clocked by ap_clk  {rise@0.000ns fall@0.971ns period=1.942ns})
  Destination:            m_axi_gmem_out_wdata[109]
                            (output port)
  Path Group:             (none)
  Path Type:              Max at Slow Process Corner
  Data Path Delay:        0.080ns  (logic 0.080ns (100.000%)  route 0.000ns (0.000%))
  Logic Levels:           0  
  Clock Uncertainty:      0.025ns  ((TSJ^2 + TIJ^2)^1/2 + DJ) / 2 + PE
    Total System Jitter     (TSJ):    0.050ns
    Total Input Jitter      (TIJ):    0.000ns
    Discrete Jitter          (DJ):    0.000ns
    Phase Error              (PE):    0.000ns

    Location             Delay type                Incr(ns)  Path(ns)    Netlist Resource(s)
  -------------------------------------------------------------------    -------------------
                         (clock ap_clk rise edge)     0.000     0.000 r  
                                                      0.000     0.000 r  ap_clk (IN)
                         net (fo=15518, unset)        0.030     0.030    bd_0_i/hls_inst/inst/gmem_out_m_axi_U/bus_write/wreq_throttle/data_fifo/U_fifo_srl/ap_clk
    SLICE_X74Y11         FDRE                                         r  bd_0_i/hls_inst/inst/gmem_out_m_axi_U/bus_write/wreq_throttle/data_fifo/U_fifo_srl/dout_reg[109]/C
  -------------------------------------------------------------------    -------------------
    SLICE_X74Y11         FDRE (Prop_AFF2_SLICEM_C_Q)
                                                      0.080     0.110 r  bd_0_i/hls_inst/inst/gmem_out_m_axi_U/bus_write/wreq_throttle/data_fifo/U_fifo_srl/dout_reg[109]/Q
                         net (fo=0)                   0.000     0.110    m_axi_gmem_out_wdata[109]
                                                                      r  m_axi_gmem_out_wdata[109] (OUT)
  -------------------------------------------------------------------    -------------------

Slack:                    inf
  Source:                 bd_0_i/hls_inst/inst/gmem_out_m_axi_U/bus_write/wreq_throttle/data_fifo/U_fifo_srl/dout_reg[10]/C
                            (rising edge-triggered cell FDRE clocked by ap_clk  {rise@0.000ns fall@0.971ns period=1.942ns})
  Destination:            m_axi_gmem_out_wdata[10]
                            (output port)
  Path Group:             (none)
  Path Type:              Max at Slow Process Corner
  Data Path Delay:        0.081ns  (logic 0.081ns (100.000%)  route 0.000ns (0.000%))
  Logic Levels:           0  
  Clock Uncertainty:      0.025ns  ((TSJ^2 + TIJ^2)^1/2 + DJ) / 2 + PE
    Total System Jitter     (TSJ):    0.050ns
    Total Input Jitter      (TIJ):    0.000ns
    Discrete Jitter          (DJ):    0.000ns
    Phase Error              (PE):    0.000ns

    Location             Delay type                Incr(ns)  Path(ns)    Netlist Resource(s)
  -------------------------------------------------------------------    -------------------
                         (clock ap_clk rise edge)     0.000     0.000 r  
                                                      0.000     0.000 r  ap_clk (IN)
                         net (fo=15518, unset)        0.029     0.029    bd_0_i/hls_inst/inst/gmem_out_m_axi_U/bus_write/wreq_throttle/data_fifo/U_fifo_srl/ap_clk
    SLICE_X86Y8          FDRE                                         r  bd_0_i/hls_inst/inst/gmem_out_m_axi_U/bus_write/wreq_throttle/data_fifo/U_fifo_srl/dout_reg[10]/C
  -------------------------------------------------------------------    -------------------
    SLICE_X86Y8          FDRE (Prop_EFF2_SLICEL_C_Q)
                                                      0.081     0.110 r  bd_0_i/hls_inst/inst/gmem_out_m_axi_U/bus_write/wreq_throttle/data_fifo/U_fifo_srl/dout_reg[10]/Q
                         net (fo=0)                   0.000     0.110    m_axi_gmem_out_wdata[10]
                                                                      r  m_axi_gmem_out_wdata[10] (OUT)
  -------------------------------------------------------------------    -------------------

Slack:                    inf
  Source:                 bd_0_i/hls_inst/inst/gmem_out_m_axi_U/bus_write/wreq_throttle/data_fifo/U_fifo_srl/dout_reg[111]/C
                            (rising edge-triggered cell FDRE clocked by ap_clk  {rise@0.000ns fall@0.971ns period=1.942ns})
  Destination:            m_axi_gmem_out_wdata[111]
                            (output port)
  Path Group:             (none)
  Path Type:              Max at Slow Process Corner
  Data Path Delay:        0.080ns  (logic 0.080ns (100.000%)  route 0.000ns (0.000%))
  Logic Levels:           0  
  Clock Uncertainty:      0.025ns  ((TSJ^2 + TIJ^2)^1/2 + DJ) / 2 + PE
    Total System Jitter     (TSJ):    0.050ns
    Total Input Jitter      (TIJ):    0.000ns
    Discrete Jitter          (DJ):    0.000ns
    Phase Error              (PE):    0.000ns

    Location             Delay type                Incr(ns)  Path(ns)    Netlist Resource(s)
  -------------------------------------------------------------------    -------------------
                         (clock ap_clk rise edge)     0.000     0.000 r  
                                                      0.000     0.000 r  ap_clk (IN)
                         net (fo=15518, unset)        0.030     0.030    bd_0_i/hls_inst/inst/gmem_out_m_axi_U/bus_write/wreq_throttle/data_fifo/U_fifo_srl/ap_clk
    SLICE_X74Y11         FDRE                                         r  bd_0_i/hls_inst/inst/gmem_out_m_axi_U/bus_write/wreq_throttle/data_fifo/U_fifo_srl/dout_reg[111]/C
  -------------------------------------------------------------------    -------------------
    SLICE_X74Y11         FDRE (Prop_BFF2_SLICEM_C_Q)
                                                      0.080     0.110 r  bd_0_i/hls_inst/inst/gmem_out_m_axi_U/bus_write/wreq_throttle/data_fifo/U_fifo_srl/dout_reg[111]/Q
                         net (fo=0)                   0.000     0.110    m_axi_gmem_out_wdata[111]
                                                                      r  m_axi_gmem_out_wdata[111] (OUT)
  -------------------------------------------------------------------    -------------------

Slack:                    inf
  Source:                 bd_0_i/hls_inst/inst/gmem_out_m_axi_U/bus_write/wreq_throttle/data_fifo/U_fifo_srl/dout_reg[116]/C
                            (rising edge-triggered cell FDRE clocked by ap_clk  {rise@0.000ns fall@0.971ns period=1.942ns})
  Destination:            m_axi_gmem_out_wdata[116]
                            (output port)
  Path Group:             (none)
  Path Type:              Max at Slow Process Corner
  Data Path Delay:        0.080ns  (logic 0.080ns (100.000%)  route 0.000ns (0.000%))
  Logic Levels:           0  
  Clock Uncertainty:      0.025ns  ((TSJ^2 + TIJ^2)^1/2 + DJ) / 2 + PE
    Total System Jitter     (TSJ):    0.050ns
    Total Input Jitter      (TIJ):    0.000ns
    Discrete Jitter          (DJ):    0.000ns
    Phase Error              (PE):    0.000ns

    Location             Delay type                Incr(ns)  Path(ns)    Netlist Resource(s)
  -------------------------------------------------------------------    -------------------
                         (clock ap_clk rise edge)     0.000     0.000 r  
                                                      0.000     0.000 r  ap_clk (IN)
                         net (fo=15518, unset)        0.030     0.030    bd_0_i/hls_inst/inst/gmem_out_m_axi_U/bus_write/wreq_throttle/data_fifo/U_fifo_srl/ap_clk
    SLICE_X72Y12         FDRE                                         r  bd_0_i/hls_inst/inst/gmem_out_m_axi_U/bus_write/wreq_throttle/data_fifo/U_fifo_srl/dout_reg[116]/C
  -------------------------------------------------------------------    -------------------
    SLICE_X72Y12         FDRE (Prop_AFF2_SLICEM_C_Q)
                                                      0.080     0.110 r  bd_0_i/hls_inst/inst/gmem_out_m_axi_U/bus_write/wreq_throttle/data_fifo/U_fifo_srl/dout_reg[116]/Q
                         net (fo=0)                   0.000     0.110    m_axi_gmem_out_wdata[116]
                                                                      r  m_axi_gmem_out_wdata[116] (OUT)
  -------------------------------------------------------------------    -------------------

Slack:                    inf
  Source:                 bd_0_i/hls_inst/inst/gmem_out_m_axi_U/bus_write/wreq_throttle/data_fifo/U_fifo_srl/dout_reg[120]/C
                            (rising edge-triggered cell FDRE clocked by ap_clk  {rise@0.000ns fall@0.971ns period=1.942ns})
  Destination:            m_axi_gmem_out_wdata[120]
                            (output port)
  Path Group:             (none)
  Path Type:              Max at Slow Process Corner
  Data Path Delay:        0.080ns  (logic 0.080ns (100.000%)  route 0.000ns (0.000%))
  Logic Levels:           0  
  Clock Uncertainty:      0.025ns  ((TSJ^2 + TIJ^2)^1/2 + DJ) / 2 + PE
    Total System Jitter     (TSJ):    0.050ns
    Total Input Jitter      (TIJ):    0.000ns
    Discrete Jitter          (DJ):    0.000ns
    Phase Error              (PE):    0.000ns

    Location             Delay type                Incr(ns)  Path(ns)    Netlist Resource(s)
  -------------------------------------------------------------------    -------------------
                         (clock ap_clk rise edge)     0.000     0.000 r  
                                                      0.000     0.000 r  ap_clk (IN)
                         net (fo=15518, unset)        0.030     0.030    bd_0_i/hls_inst/inst/gmem_out_m_axi_U/bus_write/wreq_throttle/data_fifo/U_fifo_srl/ap_clk
    SLICE_X72Y12         FDRE                                         r  bd_0_i/hls_inst/inst/gmem_out_m_axi_U/bus_write/wreq_throttle/data_fifo/U_fifo_srl/dout_reg[120]/C
  -------------------------------------------------------------------    -------------------
    SLICE_X72Y12         FDRE (Prop_BFF2_SLICEM_C_Q)
                                                      0.080     0.110 r  bd_0_i/hls_inst/inst/gmem_out_m_axi_U/bus_write/wreq_throttle/data_fifo/U_fifo_srl/dout_reg[120]/Q
                         net (fo=0)                   0.000     0.110    m_axi_gmem_out_wdata[120]
                                                                      r  m_axi_gmem_out_wdata[120] (OUT)
  -------------------------------------------------------------------    -------------------

Slack:                    inf
  Source:                 bd_0_i/hls_inst/inst/gmem_out_m_axi_U/bus_write/wreq_throttle/data_fifo/U_fifo_srl/dout_reg[12]/C
                            (rising edge-triggered cell FDRE clocked by ap_clk  {rise@0.000ns fall@0.971ns period=1.942ns})
  Destination:            m_axi_gmem_out_wdata[12]
                            (output port)
  Path Group:             (none)
  Path Type:              Max at Slow Process Corner
  Data Path Delay:        0.081ns  (logic 0.081ns (100.000%)  route 0.000ns (0.000%))
  Logic Levels:           0  
  Clock Uncertainty:      0.025ns  ((TSJ^2 + TIJ^2)^1/2 + DJ) / 2 + PE
    Total System Jitter     (TSJ):    0.050ns
    Total Input Jitter      (TIJ):    0.000ns
    Discrete Jitter          (DJ):    0.000ns
    Phase Error              (PE):    0.000ns

    Location             Delay type                Incr(ns)  Path(ns)    Netlist Resource(s)
  -------------------------------------------------------------------    -------------------
                         (clock ap_clk rise edge)     0.000     0.000 r  
                                                      0.000     0.000 r  ap_clk (IN)
                         net (fo=15518, unset)        0.029     0.029    bd_0_i/hls_inst/inst/gmem_out_m_axi_U/bus_write/wreq_throttle/data_fifo/U_fifo_srl/ap_clk
    SLICE_X86Y8          FDRE                                         r  bd_0_i/hls_inst/inst/gmem_out_m_axi_U/bus_write/wreq_throttle/data_fifo/U_fifo_srl/dout_reg[12]/C
  -------------------------------------------------------------------    -------------------
    SLICE_X86Y8          FDRE (Prop_FFF2_SLICEL_C_Q)
                                                      0.081     0.110 r  bd_0_i/hls_inst/inst/gmem_out_m_axi_U/bus_write/wreq_throttle/data_fifo/U_fifo_srl/dout_reg[12]/Q
                         net (fo=0)                   0.000     0.110    m_axi_gmem_out_wdata[12]
                                                                      r  m_axi_gmem_out_wdata[12] (OUT)
  -------------------------------------------------------------------    -------------------





Min Delay Paths
--------------------------------------------------------------------------------------
Slack:                    inf
  Source:                 bd_0_i/hls_inst/inst/gmem_out_m_axi_U/bus_write/wreq_throttle/rs_req/data_p1_reg[43]/C
                            (rising edge-triggered cell FDRE clocked by ap_clk  {rise@0.000ns fall@0.971ns period=1.942ns})
  Destination:            m_axi_gmem_out_awaddr[43]
                            (output port)
  Path Group:             (none)
  Path Type:              Min at Fast Process Corner
  Data Path Delay:        0.037ns  (logic 0.037ns (100.000%)  route 0.000ns (0.000%))
  Logic Levels:           0  
  Clock Uncertainty:      0.025ns  ((TSJ^2 + TIJ^2)^1/2 + DJ) / 2 + PE
    Total System Jitter     (TSJ):    0.050ns
    Total Input Jitter      (TIJ):    0.000ns
    Discrete Jitter          (DJ):    0.000ns
    Phase Error              (PE):    0.000ns

    Location             Delay type                Incr(ns)  Path(ns)    Netlist Resource(s)
  -------------------------------------------------------------------    -------------------
                         (clock ap_clk rise edge)     0.000     0.000 r  
                                                      0.000     0.000 r  ap_clk (IN)
                         net (fo=15518, unset)        0.013     0.013    bd_0_i/hls_inst/inst/gmem_out_m_axi_U/bus_write/wreq_throttle/rs_req/ap_clk
    SLICE_X88Y25         FDRE                                         r  bd_0_i/hls_inst/inst/gmem_out_m_axi_U/bus_write/wreq_throttle/rs_req/data_p1_reg[43]/C
  -------------------------------------------------------------------    -------------------
    SLICE_X88Y25         FDRE (Prop_FFF_SLICEM_C_Q)
                                                      0.037     0.050 r  bd_0_i/hls_inst/inst/gmem_out_m_axi_U/bus_write/wreq_throttle/rs_req/data_p1_reg[43]/Q
                         net (fo=0)                   0.000     0.050    m_axi_gmem_out_awaddr[43]
                                                                      r  m_axi_gmem_out_awaddr[43] (OUT)
  -------------------------------------------------------------------    -------------------

Slack:                    inf
  Source:                 bd_0_i/hls_inst/inst/gmem_out_m_axi_U/bus_write/wreq_throttle/rs_req/data_p1_reg[49]/C
                            (rising edge-triggered cell FDRE clocked by ap_clk  {rise@0.000ns fall@0.971ns period=1.942ns})
  Destination:            m_axi_gmem_out_awaddr[49]
                            (output port)
  Path Group:             (none)
  Path Type:              Min at Fast Process Corner
  Data Path Delay:        0.037ns  (logic 0.037ns (100.000%)  route 0.000ns (0.000%))
  Logic Levels:           0  
  Clock Uncertainty:      0.025ns  ((TSJ^2 + TIJ^2)^1/2 + DJ) / 2 + PE
    Total System Jitter     (TSJ):    0.050ns
    Total Input Jitter      (TIJ):    0.000ns
    Discrete Jitter          (DJ):    0.000ns
    Phase Error              (PE):    0.000ns

    Location             Delay type                Incr(ns)  Path(ns)    Netlist Resource(s)
  -------------------------------------------------------------------    -------------------
                         (clock ap_clk rise edge)     0.000     0.000 r  
                                                      0.000     0.000 r  ap_clk (IN)
                         net (fo=15518, unset)        0.013     0.013    bd_0_i/hls_inst/inst/gmem_out_m_axi_U/bus_write/wreq_throttle/rs_req/ap_clk
    SLICE_X88Y24         FDRE                                         r  bd_0_i/hls_inst/inst/gmem_out_m_axi_U/bus_write/wreq_throttle/rs_req/data_p1_reg[49]/C
  -------------------------------------------------------------------    -------------------
    SLICE_X88Y24         FDRE (Prop_FFF_SLICEM_C_Q)
                                                      0.037     0.050 r  bd_0_i/hls_inst/inst/gmem_out_m_axi_U/bus_write/wreq_throttle/rs_req/data_p1_reg[49]/Q
                         net (fo=0)                   0.000     0.050    m_axi_gmem_out_awaddr[49]
                                                                      r  m_axi_gmem_out_awaddr[49] (OUT)
  -------------------------------------------------------------------    -------------------

Slack:                    inf
  Source:                 bd_0_i/hls_inst/inst/gmem_out_m_axi_U/bus_write/wreq_throttle/rs_req/data_p1_reg[56]/C
                            (rising edge-triggered cell FDRE clocked by ap_clk  {rise@0.000ns fall@0.971ns period=1.942ns})
  Destination:            m_axi_gmem_out_awaddr[56]
                            (output port)
  Path Group:             (none)
  Path Type:              Min at Fast Process Corner
  Data Path Delay:        0.037ns  (logic 0.037ns (100.000%)  route 0.000ns (0.000%))
  Logic Levels:           0  
  Clock Uncertainty:      0.025ns  ((TSJ^2 + TIJ^2)^1/2 + DJ) / 2 + PE
    Total System Jitter     (TSJ):    0.050ns
    Total Input Jitter      (TIJ):    0.000ns
    Discrete Jitter          (DJ):    0.000ns
    Phase Error              (PE):    0.000ns

    Location             Delay type                Incr(ns)  Path(ns)    Netlist Resource(s)
  -------------------------------------------------------------------    -------------------
                         (clock ap_clk rise edge)     0.000     0.000 r  
                                                      0.000     0.000 r  ap_clk (IN)
                         net (fo=15518, unset)        0.013     0.013    bd_0_i/hls_inst/inst/gmem_out_m_axi_U/bus_write/wreq_throttle/rs_req/ap_clk
    SLICE_X87Y22         FDRE                                         r  bd_0_i/hls_inst/inst/gmem_out_m_axi_U/bus_write/wreq_throttle/rs_req/data_p1_reg[56]/C
  -------------------------------------------------------------------    -------------------
    SLICE_X87Y22         FDRE (Prop_FFF_SLICEM_C_Q)
                                                      0.037     0.050 r  bd_0_i/hls_inst/inst/gmem_out_m_axi_U/bus_write/wreq_throttle/rs_req/data_p1_reg[56]/Q
                         net (fo=0)                   0.000     0.050    m_axi_gmem_out_awaddr[56]
                                                                      r  m_axi_gmem_out_awaddr[56] (OUT)
  -------------------------------------------------------------------    -------------------

Slack:                    inf
  Source:                 bd_0_i/hls_inst/inst/gmem_out_m_axi_U/bus_write/wreq_throttle/rs_req/data_p1_reg[59]/C
                            (rising edge-triggered cell FDRE clocked by ap_clk  {rise@0.000ns fall@0.971ns period=1.942ns})
  Destination:            m_axi_gmem_out_awaddr[59]
                            (output port)
  Path Group:             (none)
  Path Type:              Min at Fast Process Corner
  Data Path Delay:        0.037ns  (logic 0.037ns (100.000%)  route 0.000ns (0.000%))
  Logic Levels:           0  
  Clock Uncertainty:      0.025ns  ((TSJ^2 + TIJ^2)^1/2 + DJ) / 2 + PE
    Total System Jitter     (TSJ):    0.050ns
    Total Input Jitter      (TIJ):    0.000ns
    Discrete Jitter          (DJ):    0.000ns
    Phase Error              (PE):    0.000ns

    Location             Delay type                Incr(ns)  Path(ns)    Netlist Resource(s)
  -------------------------------------------------------------------    -------------------
                         (clock ap_clk rise edge)     0.000     0.000 r  
                                                      0.000     0.000 r  ap_clk (IN)
                         net (fo=15518, unset)        0.013     0.013    bd_0_i/hls_inst/inst/gmem_out_m_axi_U/bus_write/wreq_throttle/rs_req/ap_clk
    SLICE_X85Y28         FDRE                                         r  bd_0_i/hls_inst/inst/gmem_out_m_axi_U/bus_write/wreq_throttle/rs_req/data_p1_reg[59]/C
  -------------------------------------------------------------------    -------------------
    SLICE_X85Y28         FDRE (Prop_FFF_SLICEM_C_Q)
                                                      0.037     0.050 r  bd_0_i/hls_inst/inst/gmem_out_m_axi_U/bus_write/wreq_throttle/rs_req/data_p1_reg[59]/Q
                         net (fo=0)                   0.000     0.050    m_axi_gmem_out_awaddr[59]
                                                                      r  m_axi_gmem_out_awaddr[59] (OUT)
  -------------------------------------------------------------------    -------------------

Slack:                    inf
  Source:                 bd_0_i/hls_inst/inst/gmem_out_m_axi_U/bus_write/wreq_throttle/data_fifo/U_fifo_srl/dout_reg[103]/C
                            (rising edge-triggered cell FDRE clocked by ap_clk  {rise@0.000ns fall@0.971ns period=1.942ns})
  Destination:            m_axi_gmem_out_wdata[103]
                            (output port)
  Path Group:             (none)
  Path Type:              Min at Fast Process Corner
  Data Path Delay:        0.037ns  (logic 0.037ns (100.000%)  route 0.000ns (0.000%))
  Logic Levels:           0  
  Clock Uncertainty:      0.025ns  ((TSJ^2 + TIJ^2)^1/2 + DJ) / 2 + PE
    Total System Jitter     (TSJ):    0.050ns
    Total Input Jitter      (TIJ):    0.000ns
    Discrete Jitter          (DJ):    0.000ns
    Phase Error              (PE):    0.000ns

    Location             Delay type                Incr(ns)  Path(ns)    Netlist Resource(s)
  -------------------------------------------------------------------    -------------------
                         (clock ap_clk rise edge)     0.000     0.000 r  
                                                      0.000     0.000 r  ap_clk (IN)
                         net (fo=15518, unset)        0.013     0.013    bd_0_i/hls_inst/inst/gmem_out_m_axi_U/bus_write/wreq_throttle/data_fifo/U_fifo_srl/ap_clk
    SLICE_X74Y11         FDRE                                         r  bd_0_i/hls_inst/inst/gmem_out_m_axi_U/bus_write/wreq_throttle/data_fifo/U_fifo_srl/dout_reg[103]/C
  -------------------------------------------------------------------    -------------------
    SLICE_X74Y11         FDRE (Prop_FFF_SLICEM_C_Q)
                                                      0.037     0.050 r  bd_0_i/hls_inst/inst/gmem_out_m_axi_U/bus_write/wreq_throttle/data_fifo/U_fifo_srl/dout_reg[103]/Q
                         net (fo=0)                   0.000     0.050    m_axi_gmem_out_wdata[103]
                                                                      r  m_axi_gmem_out_wdata[103] (OUT)
  -------------------------------------------------------------------    -------------------

Slack:                    inf
  Source:                 bd_0_i/hls_inst/inst/gmem_out_m_axi_U/bus_write/wreq_throttle/data_fifo/U_fifo_srl/dout_reg[117]/C
                            (rising edge-triggered cell FDRE clocked by ap_clk  {rise@0.000ns fall@0.971ns period=1.942ns})
  Destination:            m_axi_gmem_out_wdata[117]
                            (output port)
  Path Group:             (none)
  Path Type:              Min at Fast Process Corner
  Data Path Delay:        0.037ns  (logic 0.037ns (100.000%)  route 0.000ns (0.000%))
  Logic Levels:           0  
  Clock Uncertainty:      0.025ns  ((TSJ^2 + TIJ^2)^1/2 + DJ) / 2 + PE
    Total System Jitter     (TSJ):    0.050ns
    Total Input Jitter      (TIJ):    0.000ns
    Discrete Jitter          (DJ):    0.000ns
    Phase Error              (PE):    0.000ns

    Location             Delay type                Incr(ns)  Path(ns)    Netlist Resource(s)
  -------------------------------------------------------------------    -------------------
                         (clock ap_clk rise edge)     0.000     0.000 r  
                                                      0.000     0.000 r  ap_clk (IN)
                         net (fo=15518, unset)        0.013     0.013    bd_0_i/hls_inst/inst/gmem_out_m_axi_U/bus_write/wreq_throttle/data_fifo/U_fifo_srl/ap_clk
    SLICE_X72Y12         FDRE                                         r  bd_0_i/hls_inst/inst/gmem_out_m_axi_U/bus_write/wreq_throttle/data_fifo/U_fifo_srl/dout_reg[117]/C
  -------------------------------------------------------------------    -------------------
    SLICE_X72Y12         FDRE (Prop_FFF_SLICEM_C_Q)
                                                      0.037     0.050 r  bd_0_i/hls_inst/inst/gmem_out_m_axi_U/bus_write/wreq_throttle/data_fifo/U_fifo_srl/dout_reg[117]/Q
                         net (fo=0)                   0.000     0.050    m_axi_gmem_out_wdata[117]
                                                                      r  m_axi_gmem_out_wdata[117] (OUT)
  -------------------------------------------------------------------    -------------------

Slack:                    inf
  Source:                 bd_0_i/hls_inst/inst/gmem_out_m_axi_U/bus_write/wreq_throttle/data_fifo/U_fifo_srl/dout_reg[146]/C
                            (rising edge-triggered cell FDRE clocked by ap_clk  {rise@0.000ns fall@0.971ns period=1.942ns})
  Destination:            m_axi_gmem_out_wdata[146]
                            (output port)
  Path Group:             (none)
  Path Type:              Min at Fast Process Corner
  Data Path Delay:        0.037ns  (logic 0.037ns (100.000%)  route 0.000ns (0.000%))
  Logic Levels:           0  
  Clock Uncertainty:      0.025ns  ((TSJ^2 + TIJ^2)^1/2 + DJ) / 2 + PE
    Total System Jitter     (TSJ):    0.050ns
    Total Input Jitter      (TIJ):    0.000ns
    Discrete Jitter          (DJ):    0.000ns
    Phase Error              (PE):    0.000ns

    Location             Delay type                Incr(ns)  Path(ns)    Netlist Resource(s)
  -------------------------------------------------------------------    -------------------
                         (clock ap_clk rise edge)     0.000     0.000 r  
                                                      0.000     0.000 r  ap_clk (IN)
                         net (fo=15518, unset)        0.013     0.013    bd_0_i/hls_inst/inst/gmem_out_m_axi_U/bus_write/wreq_throttle/data_fifo/U_fifo_srl/ap_clk
    SLICE_X71Y4          FDRE                                         r  bd_0_i/hls_inst/inst/gmem_out_m_axi_U/bus_write/wreq_throttle/data_fifo/U_fifo_srl/dout_reg[146]/C
  -------------------------------------------------------------------    -------------------
    SLICE_X71Y4          FDRE (Prop_FFF_SLICEM_C_Q)
                                                      0.037     0.050 r  bd_0_i/hls_inst/inst/gmem_out_m_axi_U/bus_write/wreq_throttle/data_fifo/U_fifo_srl/dout_reg[146]/Q
                         net (fo=0)                   0.000     0.050    m_axi_gmem_out_wdata[146]
                                                                      r  m_axi_gmem_out_wdata[146] (OUT)
  -------------------------------------------------------------------    -------------------

Slack:                    inf
  Source:                 bd_0_i/hls_inst/inst/gmem_out_m_axi_U/bus_write/wreq_throttle/data_fifo/U_fifo_srl/dout_reg[196]/C
                            (rising edge-triggered cell FDRE clocked by ap_clk  {rise@0.000ns fall@0.971ns period=1.942ns})
  Destination:            m_axi_gmem_out_wdata[196]
                            (output port)
  Path Group:             (none)
  Path Type:              Min at Fast Process Corner
  Data Path Delay:        0.037ns  (logic 0.037ns (100.000%)  route 0.000ns (0.000%))
  Logic Levels:           0  
  Clock Uncertainty:      0.025ns  ((TSJ^2 + TIJ^2)^1/2 + DJ) / 2 + PE
    Total System Jitter     (TSJ):    0.050ns
    Total Input Jitter      (TIJ):    0.000ns
    Discrete Jitter          (DJ):    0.000ns
    Phase Error              (PE):    0.000ns

    Location             Delay type                Incr(ns)  Path(ns)    Netlist Resource(s)
  -------------------------------------------------------------------    -------------------
                         (clock ap_clk rise edge)     0.000     0.000 r  
                                                      0.000     0.000 r  ap_clk (IN)
                         net (fo=15518, unset)        0.013     0.013    bd_0_i/hls_inst/inst/gmem_out_m_axi_U/bus_write/wreq_throttle/data_fifo/U_fifo_srl/ap_clk
    SLICE_X72Y6          FDRE                                         r  bd_0_i/hls_inst/inst/gmem_out_m_axi_U/bus_write/wreq_throttle/data_fifo/U_fifo_srl/dout_reg[196]/C
  -------------------------------------------------------------------    -------------------
    SLICE_X72Y6          FDRE (Prop_FFF_SLICEM_C_Q)
                                                      0.037     0.050 r  bd_0_i/hls_inst/inst/gmem_out_m_axi_U/bus_write/wreq_throttle/data_fifo/U_fifo_srl/dout_reg[196]/Q
                         net (fo=0)                   0.000     0.050    m_axi_gmem_out_wdata[196]
                                                                      r  m_axi_gmem_out_wdata[196] (OUT)
  -------------------------------------------------------------------    -------------------

Slack:                    inf
  Source:                 bd_0_i/hls_inst/inst/gmem_out_m_axi_U/bus_write/wreq_throttle/data_fifo/U_fifo_srl/dout_reg[228]/C
                            (rising edge-triggered cell FDRE clocked by ap_clk  {rise@0.000ns fall@0.971ns period=1.942ns})
  Destination:            m_axi_gmem_out_wdata[228]
                            (output port)
  Path Group:             (none)
  Path Type:              Min at Fast Process Corner
  Data Path Delay:        0.037ns  (logic 0.037ns (100.000%)  route 0.000ns (0.000%))
  Logic Levels:           0  
  Clock Uncertainty:      0.025ns  ((TSJ^2 + TIJ^2)^1/2 + DJ) / 2 + PE
    Total System Jitter     (TSJ):    0.050ns
    Total Input Jitter      (TIJ):    0.000ns
    Discrete Jitter          (DJ):    0.000ns
    Phase Error              (PE):    0.000ns

    Location             Delay type                Incr(ns)  Path(ns)    Netlist Resource(s)
  -------------------------------------------------------------------    -------------------
                         (clock ap_clk rise edge)     0.000     0.000 r  
                                                      0.000     0.000 r  ap_clk (IN)
                         net (fo=15518, unset)        0.013     0.013    bd_0_i/hls_inst/inst/gmem_out_m_axi_U/bus_write/wreq_throttle/data_fifo/U_fifo_srl/ap_clk
    SLICE_X71Y12         FDRE                                         r  bd_0_i/hls_inst/inst/gmem_out_m_axi_U/bus_write/wreq_throttle/data_fifo/U_fifo_srl/dout_reg[228]/C
  -------------------------------------------------------------------    -------------------
    SLICE_X71Y12         FDRE (Prop_FFF_SLICEM_C_Q)
                                                      0.037     0.050 r  bd_0_i/hls_inst/inst/gmem_out_m_axi_U/bus_write/wreq_throttle/data_fifo/U_fifo_srl/dout_reg[228]/Q
                         net (fo=0)                   0.000     0.050    m_axi_gmem_out_wdata[228]
                                                                      r  m_axi_gmem_out_wdata[228] (OUT)
  -------------------------------------------------------------------    -------------------

Slack:                    inf
  Source:                 bd_0_i/hls_inst/inst/gmem_out_m_axi_U/bus_write/wreq_throttle/data_fifo/U_fifo_srl/dout_reg[42]/C
                            (rising edge-triggered cell FDRE clocked by ap_clk  {rise@0.000ns fall@0.971ns period=1.942ns})
  Destination:            m_axi_gmem_out_wdata[42]
                            (output port)
  Path Group:             (none)
  Path Type:              Min at Fast Process Corner
  Data Path Delay:        0.037ns  (logic 0.037ns (100.000%)  route 0.000ns (0.000%))
  Logic Levels:           0  
  Clock Uncertainty:      0.025ns  ((TSJ^2 + TIJ^2)^1/2 + DJ) / 2 + PE
    Total System Jitter     (TSJ):    0.050ns
    Total Input Jitter      (TIJ):    0.000ns
    Discrete Jitter          (DJ):    0.000ns
    Phase Error              (PE):    0.000ns

    Location             Delay type                Incr(ns)  Path(ns)    Netlist Resource(s)
  -------------------------------------------------------------------    -------------------
                         (clock ap_clk rise edge)     0.000     0.000 r  
                                                      0.000     0.000 r  ap_clk (IN)
                         net (fo=15518, unset)        0.013     0.013    bd_0_i/hls_inst/inst/gmem_out_m_axi_U/bus_write/wreq_throttle/data_fifo/U_fifo_srl/ap_clk
    SLICE_X85Y12         FDRE                                         r  bd_0_i/hls_inst/inst/gmem_out_m_axi_U/bus_write/wreq_throttle/data_fifo/U_fifo_srl/dout_reg[42]/C
  -------------------------------------------------------------------    -------------------
    SLICE_X85Y12         FDRE (Prop_FFF_SLICEM_C_Q)
                                                      0.037     0.050 r  bd_0_i/hls_inst/inst/gmem_out_m_axi_U/bus_write/wreq_throttle/data_fifo/U_fifo_srl/dout_reg[42]/Q
                         net (fo=0)                   0.000     0.050    m_axi_gmem_out_wdata[42]
                                                                      r  m_axi_gmem_out_wdata[42] (OUT)
  -------------------------------------------------------------------    -------------------





--------------------------------------------------------------------------------------
Path Group:  (none)
From Clock:  
  To Clock:  ap_clk

Max Delay          7191 Endpoints
Min Delay          7191 Endpoints
--------------------------------------------------------------------------------------


Max Delay Paths
--------------------------------------------------------------------------------------
Slack:                    inf
  Source:                 s_axi_control_wvalid
                            (input port)
  Destination:            bd_0_i/hls_inst/inst/control_s_axi_U/int_weight_col26_reg[51]/CE
                            (rising edge-triggered cell FDRE clocked by ap_clk  {rise@0.000ns fall@0.971ns period=1.942ns})
  Path Group:             (none)
  Path Type:              Setup (Max at Slow Process Corner)
  Data Path Delay:        1.480ns  (logic 0.250ns (16.896%)  route 1.230ns (83.104%))
  Logic Levels:           3  (LUT3=1 LUT5=2)
  Clock Path Skew:        0.021ns (DCD - SCD + CPR)
    Destination Clock Delay (DCD):    0.021ns
    Source Clock Delay      (SCD):    0.000ns
    Clock Pessimism Removal (CPR):    0.000ns
  Clock Uncertainty:      0.025ns  ((TSJ^2 + TIJ^2)^1/2 + DJ) / 2 + PE
    Total System Jitter     (TSJ):    0.050ns
    Total Input Jitter      (TIJ):    0.000ns
    Discrete Jitter          (DJ):    0.000ns
    Phase Error              (PE):    0.000ns

    Location             Delay type                Incr(ns)  Path(ns)    Netlist Resource(s)
  -------------------------------------------------------------------    -------------------
                                                      0.000     0.000 r  s_axi_control_wvalid (IN)
                         net (fo=4, unset)            0.000     0.000    bd_0_i/hls_inst/inst/control_s_axi_U/s_axi_control_WVALID
    SLICE_X62Y47         LUT5 (Prop_B5LUT_SLICEL_I3_O)
                                                      0.116     0.116 r  bd_0_i/hls_inst/inst/control_s_axi_U/int_weight_col17[63]_i_3/O
                         net (fo=18, routed)          0.399     0.515    bd_0_i/hls_inst/inst/control_s_axi_U/int_weight_col17[63]_i_3_n_0
    SLICE_X71Y48         LUT5 (Prop_D5LUT_SLICEM_I2_O)
                                                      0.066     0.581 r  bd_0_i/hls_inst/inst/control_s_axi_U/int_weight_col26[31]_i_3/O
                         net (fo=2, routed)           0.229     0.810    bd_0_i/hls_inst/inst/control_s_axi_U/int_weight_col26[31]_i_3_n_0
    SLICE_X71Y48         LUT3 (Prop_G5LUT_SLICEM_I1_O)
                                                      0.068     0.878 r  bd_0_i/hls_inst/inst/control_s_axi_U/int_weight_col26[63]_i_1/O
                         net (fo=32, routed)          0.602     1.480    bd_0_i/hls_inst/inst/control_s_axi_U/int_weight_col26[63]_i_1_n_0
    SLICE_X77Y61         FDRE                                         r  bd_0_i/hls_inst/inst/control_s_axi_U/int_weight_col26_reg[51]/CE
  -------------------------------------------------------------------    -------------------

                         (clock ap_clk rise edge)     0.000     0.000 r  
                                                      0.000     0.000 r  ap_clk (IN)
                         net (fo=15518, unset)        0.021     0.021    bd_0_i/hls_inst/inst/control_s_axi_U/ap_clk
    SLICE_X77Y61         FDRE                                         r  bd_0_i/hls_inst/inst/control_s_axi_U/int_weight_col26_reg[51]/C

Slack:                    inf
  Source:                 s_axi_control_wvalid
                            (input port)
  Destination:            bd_0_i/hls_inst/inst/control_s_axi_U/int_weight_col26_reg[38]/CE
                            (rising edge-triggered cell FDRE clocked by ap_clk  {rise@0.000ns fall@0.971ns period=1.942ns})
  Path Group:             (none)
  Path Type:              Setup (Max at Slow Process Corner)
  Data Path Delay:        1.465ns  (logic 0.250ns (17.059%)  route 1.215ns (82.941%))
  Logic Levels:           3  (LUT3=1 LUT5=2)
  Clock Path Skew:        0.021ns (DCD - SCD + CPR)
    Destination Clock Delay (DCD):    0.021ns
    Source Clock Delay      (SCD):    0.000ns
    Clock Pessimism Removal (CPR):    0.000ns
  Clock Uncertainty:      0.025ns  ((TSJ^2 + TIJ^2)^1/2 + DJ) / 2 + PE
    Total System Jitter     (TSJ):    0.050ns
    Total Input Jitter      (TIJ):    0.000ns
    Discrete Jitter          (DJ):    0.000ns
    Phase Error              (PE):    0.000ns

    Location             Delay type                Incr(ns)  Path(ns)    Netlist Resource(s)
  -------------------------------------------------------------------    -------------------
                                                      0.000     0.000 r  s_axi_control_wvalid (IN)
                         net (fo=4, unset)            0.000     0.000    bd_0_i/hls_inst/inst/control_s_axi_U/s_axi_control_WVALID
    SLICE_X62Y47         LUT5 (Prop_B5LUT_SLICEL_I3_O)
                                                      0.116     0.116 r  bd_0_i/hls_inst/inst/control_s_axi_U/int_weight_col17[63]_i_3/O
                         net (fo=18, routed)          0.399     0.515    bd_0_i/hls_inst/inst/control_s_axi_U/int_weight_col17[63]_i_3_n_0
    SLICE_X71Y48         LUT5 (Prop_D5LUT_SLICEM_I2_O)
                                                      0.066     0.581 r  bd_0_i/hls_inst/inst/control_s_axi_U/int_weight_col26[31]_i_3/O
                         net (fo=2, routed)           0.229     0.810    bd_0_i/hls_inst/inst/control_s_axi_U/int_weight_col26[31]_i_3_n_0
    SLICE_X71Y48         LUT3 (Prop_G5LUT_SLICEM_I1_O)
                                                      0.068     0.878 r  bd_0_i/hls_inst/inst/control_s_axi_U/int_weight_col26[63]_i_1/O
                         net (fo=32, routed)          0.588     1.465    bd_0_i/hls_inst/inst/control_s_axi_U/int_weight_col26[63]_i_1_n_0
    SLICE_X77Y63         FDRE                                         r  bd_0_i/hls_inst/inst/control_s_axi_U/int_weight_col26_reg[38]/CE
  -------------------------------------------------------------------    -------------------

                         (clock ap_clk rise edge)     0.000     0.000 r  
                                                      0.000     0.000 r  ap_clk (IN)
                         net (fo=15518, unset)        0.021     0.021    bd_0_i/hls_inst/inst/control_s_axi_U/ap_clk
    SLICE_X77Y63         FDRE                                         r  bd_0_i/hls_inst/inst/control_s_axi_U/int_weight_col26_reg[38]/C

Slack:                    inf
  Source:                 s_axi_control_wvalid
                            (input port)
  Destination:            bd_0_i/hls_inst/inst/control_s_axi_U/int_weight_col26_reg[6]/CE
                            (rising edge-triggered cell FDRE clocked by ap_clk  {rise@0.000ns fall@0.971ns period=1.942ns})
  Path Group:             (none)
  Path Type:              Setup (Max at Slow Process Corner)
  Data Path Delay:        1.465ns  (logic 0.234ns (15.973%)  route 1.231ns (84.027%))
  Logic Levels:           3  (LUT3=1 LUT5=2)
  Clock Path Skew:        0.021ns (DCD - SCD + CPR)
    Destination Clock Delay (DCD):    0.021ns
    Source Clock Delay      (SCD):    0.000ns
    Clock Pessimism Removal (CPR):    0.000ns
  Clock Uncertainty:      0.025ns  ((TSJ^2 + TIJ^2)^1/2 + DJ) / 2 + PE
    Total System Jitter     (TSJ):    0.050ns
    Total Input Jitter      (TIJ):    0.000ns
    Discrete Jitter          (DJ):    0.000ns
    Phase Error              (PE):    0.000ns

    Location             Delay type                Incr(ns)  Path(ns)    Netlist Resource(s)
  -------------------------------------------------------------------    -------------------
                                                      0.000     0.000 r  s_axi_control_wvalid (IN)
                         net (fo=4, unset)            0.000     0.000    bd_0_i/hls_inst/inst/control_s_axi_U/s_axi_control_WVALID
    SLICE_X62Y47         LUT5 (Prop_B5LUT_SLICEL_I3_O)
                                                      0.116     0.116 r  bd_0_i/hls_inst/inst/control_s_axi_U/int_weight_col17[63]_i_3/O
                         net (fo=18, routed)          0.399     0.515    bd_0_i/hls_inst/inst/control_s_axi_U/int_weight_col17[63]_i_3_n_0
    SLICE_X71Y48         LUT5 (Prop_D5LUT_SLICEM_I2_O)
                                                      0.066     0.581 r  bd_0_i/hls_inst/inst/control_s_axi_U/int_weight_col26[31]_i_3/O
                         net (fo=2, routed)           0.229     0.810    bd_0_i/hls_inst/inst/control_s_axi_U/int_weight_col26[31]_i_3_n_0
    SLICE_X71Y48         LUT3 (Prop_G6LUT_SLICEM_I0_O)
                                                      0.052     0.862 r  bd_0_i/hls_inst/inst/control_s_axi_U/int_weight_col26[31]_i_1/O
                         net (fo=32, routed)          0.603     1.465    bd_0_i/hls_inst/inst/control_s_axi_U/int_weight_col26[31]_i_1_n_0
    SLICE_X77Y63         FDRE                                         r  bd_0_i/hls_inst/inst/control_s_axi_U/int_weight_col26_reg[6]/CE
  -------------------------------------------------------------------    -------------------

                         (clock ap_clk rise edge)     0.000     0.000 r  
                                                      0.000     0.000 r  ap_clk (IN)
                         net (fo=15518, unset)        0.021     0.021    bd_0_i/hls_inst/inst/control_s_axi_U/ap_clk
    SLICE_X77Y63         FDRE                                         r  bd_0_i/hls_inst/inst/control_s_axi_U/int_weight_col26_reg[6]/C

Slack:                    inf
  Source:                 s_axi_control_wvalid
                            (input port)
  Destination:            bd_0_i/hls_inst/inst/control_s_axi_U/int_weight_col26_reg[19]/CE
                            (rising edge-triggered cell FDRE clocked by ap_clk  {rise@0.000ns fall@0.971ns period=1.942ns})
  Path Group:             (none)
  Path Type:              Setup (Max at Slow Process Corner)
  Data Path Delay:        1.460ns  (logic 0.234ns (16.030%)  route 1.226ns (83.970%))
  Logic Levels:           3  (LUT3=1 LUT5=2)
  Clock Path Skew:        0.021ns (DCD - SCD + CPR)
    Destination Clock Delay (DCD):    0.021ns
    Source Clock Delay      (SCD):    0.000ns
    Clock Pessimism Removal (CPR):    0.000ns
  Clock Uncertainty:      0.025ns  ((TSJ^2 + TIJ^2)^1/2 + DJ) / 2 + PE
    Total System Jitter     (TSJ):    0.050ns
    Total Input Jitter      (TIJ):    0.000ns
    Discrete Jitter          (DJ):    0.000ns
    Phase Error              (PE):    0.000ns

    Location             Delay type                Incr(ns)  Path(ns)    Netlist Resource(s)
  -------------------------------------------------------------------    -------------------
                                                      0.000     0.000 r  s_axi_control_wvalid (IN)
                         net (fo=4, unset)            0.000     0.000    bd_0_i/hls_inst/inst/control_s_axi_U/s_axi_control_WVALID
    SLICE_X62Y47         LUT5 (Prop_B5LUT_SLICEL_I3_O)
                                                      0.116     0.116 r  bd_0_i/hls_inst/inst/control_s_axi_U/int_weight_col17[63]_i_3/O
                         net (fo=18, routed)          0.399     0.515    bd_0_i/hls_inst/inst/control_s_axi_U/int_weight_col17[63]_i_3_n_0
    SLICE_X71Y48         LUT5 (Prop_D5LUT_SLICEM_I2_O)
                                                      0.066     0.581 r  bd_0_i/hls_inst/inst/control_s_axi_U/int_weight_col26[31]_i_3/O
                         net (fo=2, routed)           0.229     0.810    bd_0_i/hls_inst/inst/control_s_axi_U/int_weight_col26[31]_i_3_n_0
    SLICE_X71Y48         LUT3 (Prop_G6LUT_SLICEM_I0_O)
                                                      0.052     0.862 r  bd_0_i/hls_inst/inst/control_s_axi_U/int_weight_col26[31]_i_1/O
                         net (fo=32, routed)          0.598     1.460    bd_0_i/hls_inst/inst/control_s_axi_U/int_weight_col26[31]_i_1_n_0
    SLICE_X77Y61         FDRE                                         r  bd_0_i/hls_inst/inst/control_s_axi_U/int_weight_col26_reg[19]/CE
  -------------------------------------------------------------------    -------------------

                         (clock ap_clk rise edge)     0.000     0.000 r  
                                                      0.000     0.000 r  ap_clk (IN)
                         net (fo=15518, unset)        0.021     0.021    bd_0_i/hls_inst/inst/control_s_axi_U/ap_clk
    SLICE_X77Y61         FDRE                                         r  bd_0_i/hls_inst/inst/control_s_axi_U/int_weight_col26_reg[19]/C

Slack:                    inf
  Source:                 s_axi_control_wvalid
                            (input port)
  Destination:            bd_0_i/hls_inst/inst/control_s_axi_U/int_weight_col26_reg[48]/CE
                            (rising edge-triggered cell FDRE clocked by ap_clk  {rise@0.000ns fall@0.971ns period=1.942ns})
  Path Group:             (none)
  Path Type:              Setup (Max at Slow Process Corner)
  Data Path Delay:        1.459ns  (logic 0.250ns (17.130%)  route 1.209ns (82.870%))
  Logic Levels:           3  (LUT3=1 LUT5=2)
  Clock Path Skew:        0.020ns (DCD - SCD + CPR)
    Destination Clock Delay (DCD):    0.020ns
    Source Clock Delay      (SCD):    0.000ns
    Clock Pessimism Removal (CPR):    0.000ns
  Clock Uncertainty:      0.025ns  ((TSJ^2 + TIJ^2)^1/2 + DJ) / 2 + PE
    Total System Jitter     (TSJ):    0.050ns
    Total Input Jitter      (TIJ):    0.000ns
    Discrete Jitter          (DJ):    0.000ns
    Phase Error              (PE):    0.000ns

    Location             Delay type                Incr(ns)  Path(ns)    Netlist Resource(s)
  -------------------------------------------------------------------    -------------------
                                                      0.000     0.000 r  s_axi_control_wvalid (IN)
                         net (fo=4, unset)            0.000     0.000    bd_0_i/hls_inst/inst/control_s_axi_U/s_axi_control_WVALID
    SLICE_X62Y47         LUT5 (Prop_B5LUT_SLICEL_I3_O)
                                                      0.116     0.116 r  bd_0_i/hls_inst/inst/control_s_axi_U/int_weight_col17[63]_i_3/O
                         net (fo=18, routed)          0.399     0.515    bd_0_i/hls_inst/inst/control_s_axi_U/int_weight_col17[63]_i_3_n_0
    SLICE_X71Y48         LUT5 (Prop_D5LUT_SLICEM_I2_O)
                                                      0.066     0.581 r  bd_0_i/hls_inst/inst/control_s_axi_U/int_weight_col26[31]_i_3/O
                         net (fo=2, routed)           0.229     0.810    bd_0_i/hls_inst/inst/control_s_axi_U/int_weight_col26[31]_i_3_n_0
    SLICE_X71Y48         LUT3 (Prop_G5LUT_SLICEM_I1_O)
                                                      0.068     0.878 r  bd_0_i/hls_inst/inst/control_s_axi_U/int_weight_col26[63]_i_1/O
                         net (fo=32, routed)          0.582     1.459    bd_0_i/hls_inst/inst/control_s_axi_U/int_weight_col26[63]_i_1_n_0
    SLICE_X80Y62         FDRE                                         r  bd_0_i/hls_inst/inst/control_s_axi_U/int_weight_col26_reg[48]/CE
  -------------------------------------------------------------------    -------------------

                         (clock ap_clk rise edge)     0.000     0.000 r  
                                                      0.000     0.000 r  ap_clk (IN)
                         net (fo=15518, unset)        0.020     0.020    bd_0_i/hls_inst/inst/control_s_axi_U/ap_clk
    SLICE_X80Y62         FDRE                                         r  bd_0_i/hls_inst/inst/control_s_axi_U/int_weight_col26_reg[48]/C

Slack:                    inf
  Source:                 s_axi_control_wvalid
                            (input port)
  Destination:            bd_0_i/hls_inst/inst/control_s_axi_U/int_weight_col26_reg[16]/CE
                            (rising edge-triggered cell FDRE clocked by ap_clk  {rise@0.000ns fall@0.971ns period=1.942ns})
  Path Group:             (none)
  Path Type:              Setup (Max at Slow Process Corner)
  Data Path Delay:        1.452ns  (logic 0.234ns (16.111%)  route 1.218ns (83.889%))
  Logic Levels:           3  (LUT3=1 LUT5=2)
  Clock Path Skew:        0.020ns (DCD - SCD + CPR)
    Destination Clock Delay (DCD):    0.020ns
    Source Clock Delay      (SCD):    0.000ns
    Clock Pessimism Removal (CPR):    0.000ns
  Clock Uncertainty:      0.025ns  ((TSJ^2 + TIJ^2)^1/2 + DJ) / 2 + PE
    Total System Jitter     (TSJ):    0.050ns
    Total Input Jitter      (TIJ):    0.000ns
    Discrete Jitter          (DJ):    0.000ns
    Phase Error              (PE):    0.000ns

    Location             Delay type                Incr(ns)  Path(ns)    Netlist Resource(s)
  -------------------------------------------------------------------    -------------------
                                                      0.000     0.000 r  s_axi_control_wvalid (IN)
                         net (fo=4, unset)            0.000     0.000    bd_0_i/hls_inst/inst/control_s_axi_U/s_axi_control_WVALID
    SLICE_X62Y47         LUT5 (Prop_B5LUT_SLICEL_I3_O)
                                                      0.116     0.116 r  bd_0_i/hls_inst/inst/control_s_axi_U/int_weight_col17[63]_i_3/O
                         net (fo=18, routed)          0.399     0.515    bd_0_i/hls_inst/inst/control_s_axi_U/int_weight_col17[63]_i_3_n_0
    SLICE_X71Y48         LUT5 (Prop_D5LUT_SLICEM_I2_O)
                                                      0.066     0.581 r  bd_0_i/hls_inst/inst/control_s_axi_U/int_weight_col26[31]_i_3/O
                         net (fo=2, routed)           0.229     0.810    bd_0_i/hls_inst/inst/control_s_axi_U/int_weight_col26[31]_i_3_n_0
    SLICE_X71Y48         LUT3 (Prop_G6LUT_SLICEM_I0_O)
                                                      0.052     0.862 r  bd_0_i/hls_inst/inst/control_s_axi_U/int_weight_col26[31]_i_1/O
                         net (fo=32, routed)          0.591     1.452    bd_0_i/hls_inst/inst/control_s_axi_U/int_weight_col26[31]_i_1_n_0
    SLICE_X80Y62         FDRE                                         r  bd_0_i/hls_inst/inst/control_s_axi_U/int_weight_col26_reg[16]/CE
  -------------------------------------------------------------------    -------------------

                         (clock ap_clk rise edge)     0.000     0.000 r  
                                                      0.000     0.000 r  ap_clk (IN)
                         net (fo=15518, unset)        0.020     0.020    bd_0_i/hls_inst/inst/control_s_axi_U/ap_clk
    SLICE_X80Y62         FDRE                                         r  bd_0_i/hls_inst/inst/control_s_axi_U/int_weight_col26_reg[16]/C

Slack:                    inf
  Source:                 s_axi_control_wvalid
                            (input port)
  Destination:            bd_0_i/hls_inst/inst/control_s_axi_U/int_weight_col26_reg[37]/CE
                            (rising edge-triggered cell FDRE clocked by ap_clk  {rise@0.000ns fall@0.971ns period=1.942ns})
  Path Group:             (none)
  Path Type:              Setup (Max at Slow Process Corner)
  Data Path Delay:        1.448ns  (logic 0.250ns (17.260%)  route 1.198ns (82.740%))
  Logic Levels:           3  (LUT3=1 LUT5=2)
  Clock Path Skew:        0.020ns (DCD - SCD + CPR)
    Destination Clock Delay (DCD):    0.020ns
    Source Clock Delay      (SCD):    0.000ns
    Clock Pessimism Removal (CPR):    0.000ns
  Clock Uncertainty:      0.025ns  ((TSJ^2 + TIJ^2)^1/2 + DJ) / 2 + PE
    Total System Jitter     (TSJ):    0.050ns
    Total Input Jitter      (TIJ):    0.000ns
    Discrete Jitter          (DJ):    0.000ns
    Phase Error              (PE):    0.000ns

    Location             Delay type                Incr(ns)  Path(ns)    Netlist Resource(s)
  -------------------------------------------------------------------    -------------------
                                                      0.000     0.000 r  s_axi_control_wvalid (IN)
                         net (fo=4, unset)            0.000     0.000    bd_0_i/hls_inst/inst/control_s_axi_U/s_axi_control_WVALID
    SLICE_X62Y47         LUT5 (Prop_B5LUT_SLICEL_I3_O)
                                                      0.116     0.116 r  bd_0_i/hls_inst/inst/control_s_axi_U/int_weight_col17[63]_i_3/O
                         net (fo=18, routed)          0.399     0.515    bd_0_i/hls_inst/inst/control_s_axi_U/int_weight_col17[63]_i_3_n_0
    SLICE_X71Y48         LUT5 (Prop_D5LUT_SLICEM_I2_O)
                                                      0.066     0.581 r  bd_0_i/hls_inst/inst/control_s_axi_U/int_weight_col26[31]_i_3/O
                         net (fo=2, routed)           0.229     0.810    bd_0_i/hls_inst/inst/control_s_axi_U/int_weight_col26[31]_i_3_n_0
    SLICE_X71Y48         LUT3 (Prop_G5LUT_SLICEM_I1_O)
                                                      0.068     0.878 r  bd_0_i/hls_inst/inst/control_s_axi_U/int_weight_col26[63]_i_1/O
                         net (fo=32, routed)          0.571     1.448    bd_0_i/hls_inst/inst/control_s_axi_U/int_weight_col26[63]_i_1_n_0
    SLICE_X79Y63         FDRE                                         r  bd_0_i/hls_inst/inst/control_s_axi_U/int_weight_col26_reg[37]/CE
  -------------------------------------------------------------------    -------------------

                         (clock ap_clk rise edge)     0.000     0.000 r  
                                                      0.000     0.000 r  ap_clk (IN)
                         net (fo=15518, unset)        0.020     0.020    bd_0_i/hls_inst/inst/control_s_axi_U/ap_clk
    SLICE_X79Y63         FDRE                                         r  bd_0_i/hls_inst/inst/control_s_axi_U/int_weight_col26_reg[37]/C

Slack:                    inf
  Source:                 s_axi_control_wvalid
                            (input port)
  Destination:            bd_0_i/hls_inst/inst/control_s_axi_U/int_weight_col26_reg[5]/CE
                            (rising edge-triggered cell FDRE clocked by ap_clk  {rise@0.000ns fall@0.971ns period=1.942ns})
  Path Group:             (none)
  Path Type:              Setup (Max at Slow Process Corner)
  Data Path Delay:        1.447ns  (logic 0.234ns (16.166%)  route 1.213ns (83.834%))
  Logic Levels:           3  (LUT3=1 LUT5=2)
  Clock Path Skew:        0.020ns (DCD - SCD + CPR)
    Destination Clock Delay (DCD):    0.020ns
    Source Clock Delay      (SCD):    0.000ns
    Clock Pessimism Removal (CPR):    0.000ns
  Clock Uncertainty:      0.025ns  ((TSJ^2 + TIJ^2)^1/2 + DJ) / 2 + PE
    Total System Jitter     (TSJ):    0.050ns
    Total Input Jitter      (TIJ):    0.000ns
    Discrete Jitter          (DJ):    0.000ns
    Phase Error              (PE):    0.000ns

    Location             Delay type                Incr(ns)  Path(ns)    Netlist Resource(s)
  -------------------------------------------------------------------    -------------------
                                                      0.000     0.000 r  s_axi_control_wvalid (IN)
                         net (fo=4, unset)            0.000     0.000    bd_0_i/hls_inst/inst/control_s_axi_U/s_axi_control_WVALID
    SLICE_X62Y47         LUT5 (Prop_B5LUT_SLICEL_I3_O)
                                                      0.116     0.116 r  bd_0_i/hls_inst/inst/control_s_axi_U/int_weight_col17[63]_i_3/O
                         net (fo=18, routed)          0.399     0.515    bd_0_i/hls_inst/inst/control_s_axi_U/int_weight_col17[63]_i_3_n_0
    SLICE_X71Y48         LUT5 (Prop_D5LUT_SLICEM_I2_O)
                                                      0.066     0.581 r  bd_0_i/hls_inst/inst/control_s_axi_U/int_weight_col26[31]_i_3/O
                         net (fo=2, routed)           0.229     0.810    bd_0_i/hls_inst/inst/control_s_axi_U/int_weight_col26[31]_i_3_n_0
    SLICE_X71Y48         LUT3 (Prop_G6LUT_SLICEM_I0_O)
                                                      0.052     0.862 r  bd_0_i/hls_inst/inst/control_s_axi_U/int_weight_col26[31]_i_1/O
                         net (fo=32, routed)          0.586     1.447    bd_0_i/hls_inst/inst/control_s_axi_U/int_weight_col26[31]_i_1_n_0
    SLICE_X79Y63         FDRE                                         r  bd_0_i/hls_inst/inst/control_s_axi_U/int_weight_col26_reg[5]/CE
  -------------------------------------------------------------------    -------------------

                         (clock ap_clk rise edge)     0.000     0.000 r  
                                                      0.000     0.000 r  ap_clk (IN)
                         net (fo=15518, unset)        0.020     0.020    bd_0_i/hls_inst/inst/control_s_axi_U/ap_clk
    SLICE_X79Y63         FDRE                                         r  bd_0_i/hls_inst/inst/control_s_axi_U/int_weight_col26_reg[5]/C

Slack:                    inf
  Source:                 s_axi_control_wvalid
                            (input port)
  Destination:            bd_0_i/hls_inst/inst/control_s_axi_U/int_weight_col26_reg[42]/CE
                            (rising edge-triggered cell FDRE clocked by ap_clk  {rise@0.000ns fall@0.971ns period=1.942ns})
  Path Group:             (none)
  Path Type:              Setup (Max at Slow Process Corner)
  Data Path Delay:        1.438ns  (logic 0.250ns (17.381%)  route 1.188ns (82.619%))
  Logic Levels:           3  (LUT3=1 LUT5=2)
  Clock Path Skew:        0.020ns (DCD - SCD + CPR)
    Destination Clock Delay (DCD):    0.020ns
    Source Clock Delay      (SCD):    0.000ns
    Clock Pessimism Removal (CPR):    0.000ns
  Clock Uncertainty:      0.025ns  ((TSJ^2 + TIJ^2)^1/2 + DJ) / 2 + PE
    Total System Jitter     (TSJ):    0.050ns
    Total Input Jitter      (TIJ):    0.000ns
    Discrete Jitter          (DJ):    0.000ns
    Phase Error              (PE):    0.000ns

    Location             Delay type                Incr(ns)  Path(ns)    Netlist Resource(s)
  -------------------------------------------------------------------    -------------------
                                                      0.000     0.000 r  s_axi_control_wvalid (IN)
                         net (fo=4, unset)            0.000     0.000    bd_0_i/hls_inst/inst/control_s_axi_U/s_axi_control_WVALID
    SLICE_X62Y47         LUT5 (Prop_B5LUT_SLICEL_I3_O)
                                                      0.116     0.116 r  bd_0_i/hls_inst/inst/control_s_axi_U/int_weight_col17[63]_i_3/O
                         net (fo=18, routed)          0.399     0.515    bd_0_i/hls_inst/inst/control_s_axi_U/int_weight_col17[63]_i_3_n_0
    SLICE_X71Y48         LUT5 (Prop_D5LUT_SLICEM_I2_O)
                                                      0.066     0.581 r  bd_0_i/hls_inst/inst/control_s_axi_U/int_weight_col26[31]_i_3/O
                         net (fo=2, routed)           0.229     0.810    bd_0_i/hls_inst/inst/control_s_axi_U/int_weight_col26[31]_i_3_n_0
    SLICE_X71Y48         LUT3 (Prop_G5LUT_SLICEM_I1_O)
                                                      0.068     0.878 r  bd_0_i/hls_inst/inst/control_s_axi_U/int_weight_col26[63]_i_1/O
                         net (fo=32, routed)          0.561     1.438    bd_0_i/hls_inst/inst/control_s_axi_U/int_weight_col26[63]_i_1_n_0
    SLICE_X73Y61         FDRE                                         r  bd_0_i/hls_inst/inst/control_s_axi_U/int_weight_col26_reg[42]/CE
  -------------------------------------------------------------------    -------------------

                         (clock ap_clk rise edge)     0.000     0.000 r  
                                                      0.000     0.000 r  ap_clk (IN)
                         net (fo=15518, unset)        0.020     0.020    bd_0_i/hls_inst/inst/control_s_axi_U/ap_clk
    SLICE_X73Y61         FDRE                                         r  bd_0_i/hls_inst/inst/control_s_axi_U/int_weight_col26_reg[42]/C

Slack:                    inf
  Source:                 s_axi_control_wvalid
                            (input port)
  Destination:            bd_0_i/hls_inst/inst/control_s_axi_U/int_weight_col26_reg[50]/CE
                            (rising edge-triggered cell FDRE clocked by ap_clk  {rise@0.000ns fall@0.971ns period=1.942ns})
  Path Group:             (none)
  Path Type:              Setup (Max at Slow Process Corner)
  Data Path Delay:        1.438ns  (logic 0.250ns (17.381%)  route 1.188ns (82.619%))
  Logic Levels:           3  (LUT3=1 LUT5=2)
  Clock Path Skew:        0.020ns (DCD - SCD + CPR)
    Destination Clock Delay (DCD):    0.020ns
    Source Clock Delay      (SCD):    0.000ns
    Clock Pessimism Removal (CPR):    0.000ns
  Clock Uncertainty:      0.025ns  ((TSJ^2 + TIJ^2)^1/2 + DJ) / 2 + PE
    Total System Jitter     (TSJ):    0.050ns
    Total Input Jitter      (TIJ):    0.000ns
    Discrete Jitter          (DJ):    0.000ns
    Phase Error              (PE):    0.000ns

    Location             Delay type                Incr(ns)  Path(ns)    Netlist Resource(s)
  -------------------------------------------------------------------    -------------------
                                                      0.000     0.000 r  s_axi_control_wvalid (IN)
                         net (fo=4, unset)            0.000     0.000    bd_0_i/hls_inst/inst/control_s_axi_U/s_axi_control_WVALID
    SLICE_X62Y47         LUT5 (Prop_B5LUT_SLICEL_I3_O)
                                                      0.116     0.116 r  bd_0_i/hls_inst/inst/control_s_axi_U/int_weight_col17[63]_i_3/O
                         net (fo=18, routed)          0.399     0.515    bd_0_i/hls_inst/inst/control_s_axi_U/int_weight_col17[63]_i_3_n_0
    SLICE_X71Y48         LUT5 (Prop_D5LUT_SLICEM_I2_O)
                                                      0.066     0.581 r  bd_0_i/hls_inst/inst/control_s_axi_U/int_weight_col26[31]_i_3/O
                         net (fo=2, routed)           0.229     0.810    bd_0_i/hls_inst/inst/control_s_axi_U/int_weight_col26[31]_i_3_n_0
    SLICE_X71Y48         LUT3 (Prop_G5LUT_SLICEM_I1_O)
                                                      0.068     0.878 r  bd_0_i/hls_inst/inst/control_s_axi_U/int_weight_col26[63]_i_1/O
                         net (fo=32, routed)          0.561     1.438    bd_0_i/hls_inst/inst/control_s_axi_U/int_weight_col26[63]_i_1_n_0
    SLICE_X73Y61         FDRE                                         r  bd_0_i/hls_inst/inst/control_s_axi_U/int_weight_col26_reg[50]/CE
  -------------------------------------------------------------------    -------------------

                         (clock ap_clk rise edge)     0.000     0.000 r  
                                                      0.000     0.000 r  ap_clk (IN)
                         net (fo=15518, unset)        0.020     0.020    bd_0_i/hls_inst/inst/control_s_axi_U/ap_clk
    SLICE_X73Y61         FDRE                                         r  bd_0_i/hls_inst/inst/control_s_axi_U/int_weight_col26_reg[50]/C





Min Delay Paths
--------------------------------------------------------------------------------------
Slack:                    inf
  Source:                 s_axi_control_awaddr[0]
                            (input port)
  Destination:            bd_0_i/hls_inst/inst/control_s_axi_U/waddr_reg[0]/D
                            (rising edge-triggered cell FDRE clocked by ap_clk  {rise@0.000ns fall@0.971ns period=1.942ns})
  Path Group:             (none)
  Path Type:              Hold (Min at Slow Process Corner)
  Data Path Delay:        0.000ns  (logic 0.000ns (0.000%)  route 0.000ns (0.000%))
  Logic Levels:           0  
  Clock Path Skew:        0.029ns (DCD - SCD - CPR)
    Destination Clock Delay (DCD):    0.029ns
    Source Clock Delay      (SCD):    0.000ns
    Clock Pessimism Removal (CPR):    -0.000ns

    Location             Delay type                Incr(ns)  Path(ns)    Netlist Resource(s)
  -------------------------------------------------------------------    -------------------
                                                      0.000     0.000 r  s_axi_control_awaddr[0] (IN)
                         net (fo=0)                   0.000     0.000    bd_0_i/hls_inst/inst/control_s_axi_U/s_axi_control_AWADDR[0]
    SLICE_X62Y47         FDRE                                         r  bd_0_i/hls_inst/inst/control_s_axi_U/waddr_reg[0]/D
  -------------------------------------------------------------------    -------------------

                         (clock ap_clk rise edge)     0.000     0.000 r  
                                                      0.000     0.000 r  ap_clk (IN)
                         net (fo=15518, unset)        0.029     0.029    bd_0_i/hls_inst/inst/control_s_axi_U/ap_clk
    SLICE_X62Y47         FDRE                                         r  bd_0_i/hls_inst/inst/control_s_axi_U/waddr_reg[0]/C

Slack:                    inf
  Source:                 s_axi_control_awaddr[1]
                            (input port)
  Destination:            bd_0_i/hls_inst/inst/control_s_axi_U/waddr_reg[1]/D
                            (rising edge-triggered cell FDRE clocked by ap_clk  {rise@0.000ns fall@0.971ns period=1.942ns})
  Path Group:             (none)
  Path Type:              Hold (Min at Slow Process Corner)
  Data Path Delay:        0.000ns  (logic 0.000ns (0.000%)  route 0.000ns (0.000%))
  Logic Levels:           0  
  Clock Path Skew:        0.029ns (DCD - SCD - CPR)
    Destination Clock Delay (DCD):    0.029ns
    Source Clock Delay      (SCD):    0.000ns
    Clock Pessimism Removal (CPR):    -0.000ns

    Location             Delay type                Incr(ns)  Path(ns)    Netlist Resource(s)
  -------------------------------------------------------------------    -------------------
                                                      0.000     0.000 r  s_axi_control_awaddr[1] (IN)
                         net (fo=0)                   0.000     0.000    bd_0_i/hls_inst/inst/control_s_axi_U/s_axi_control_AWADDR[1]
    SLICE_X62Y47         FDRE                                         r  bd_0_i/hls_inst/inst/control_s_axi_U/waddr_reg[1]/D
  -------------------------------------------------------------------    -------------------

                         (clock ap_clk rise edge)     0.000     0.000 r  
                                                      0.000     0.000 r  ap_clk (IN)
                         net (fo=15518, unset)        0.029     0.029    bd_0_i/hls_inst/inst/control_s_axi_U/ap_clk
    SLICE_X62Y47         FDRE                                         r  bd_0_i/hls_inst/inst/control_s_axi_U/waddr_reg[1]/C

Slack:                    inf
  Source:                 s_axi_control_awaddr[2]
                            (input port)
  Destination:            bd_0_i/hls_inst/inst/control_s_axi_U/waddr_reg[2]/D
                            (rising edge-triggered cell FDRE clocked by ap_clk  {rise@0.000ns fall@0.971ns period=1.942ns})
  Path Group:             (none)
  Path Type:              Hold (Min at Slow Process Corner)
  Data Path Delay:        0.000ns  (logic 0.000ns (0.000%)  route 0.000ns (0.000%))
  Logic Levels:           0  
  Clock Path Skew:        0.030ns (DCD - SCD - CPR)
    Destination Clock Delay (DCD):    0.030ns
    Source Clock Delay      (SCD):    0.000ns
    Clock Pessimism Removal (CPR):    -0.000ns

    Location             Delay type                Incr(ns)  Path(ns)    Netlist Resource(s)
  -------------------------------------------------------------------    -------------------
                                                      0.000     0.000 r  s_axi_control_awaddr[2] (IN)
                         net (fo=0)                   0.000     0.000    bd_0_i/hls_inst/inst/control_s_axi_U/s_axi_control_AWADDR[2]
    SLICE_X63Y47         FDRE                                         r  bd_0_i/hls_inst/inst/control_s_axi_U/waddr_reg[2]/D
  -------------------------------------------------------------------    -------------------

                         (clock ap_clk rise edge)     0.000     0.000 r  
                                                      0.000     0.000 r  ap_clk (IN)
                         net (fo=15518, unset)        0.030     0.030    bd_0_i/hls_inst/inst/control_s_axi_U/ap_clk
    SLICE_X63Y47         FDRE                                         r  bd_0_i/hls_inst/inst/control_s_axi_U/waddr_reg[2]/C

Slack:                    inf
  Source:                 s_axi_control_awaddr[3]
                            (input port)
  Destination:            bd_0_i/hls_inst/inst/control_s_axi_U/waddr_reg[3]/D
                            (rising edge-triggered cell FDRE clocked by ap_clk  {rise@0.000ns fall@0.971ns period=1.942ns})
  Path Group:             (none)
  Path Type:              Hold (Min at Slow Process Corner)
  Data Path Delay:        0.000ns  (logic 0.000ns (0.000%)  route 0.000ns (0.000%))
  Logic Levels:           0  
  Clock Path Skew:        0.030ns (DCD - SCD - CPR)
    Destination Clock Delay (DCD):    0.030ns
    Source Clock Delay      (SCD):    0.000ns
    Clock Pessimism Removal (CPR):    -0.000ns

    Location             Delay type                Incr(ns)  Path(ns)    Netlist Resource(s)
  -------------------------------------------------------------------    -------------------
                                                      0.000     0.000 r  s_axi_control_awaddr[3] (IN)
                         net (fo=0)                   0.000     0.000    bd_0_i/hls_inst/inst/control_s_axi_U/s_axi_control_AWADDR[3]
    SLICE_X63Y47         FDRE                                         r  bd_0_i/hls_inst/inst/control_s_axi_U/waddr_reg[3]/D
  -------------------------------------------------------------------    -------------------

                         (clock ap_clk rise edge)     0.000     0.000 r  
                                                      0.000     0.000 r  ap_clk (IN)
                         net (fo=15518, unset)        0.030     0.030    bd_0_i/hls_inst/inst/control_s_axi_U/ap_clk
    SLICE_X63Y47         FDRE                                         r  bd_0_i/hls_inst/inst/control_s_axi_U/waddr_reg[3]/C

Slack:                    inf
  Source:                 s_axi_control_awaddr[4]
                            (input port)
  Destination:            bd_0_i/hls_inst/inst/control_s_axi_U/waddr_reg[4]/D
                            (rising edge-triggered cell FDRE clocked by ap_clk  {rise@0.000ns fall@0.971ns period=1.942ns})
  Path Group:             (none)
  Path Type:              Hold (Min at Slow Process Corner)
  Data Path Delay:        0.000ns  (logic 0.000ns (0.000%)  route 0.000ns (0.000%))
  Logic Levels:           0  
  Clock Path Skew:        0.030ns (DCD - SCD - CPR)
    Destination Clock Delay (DCD):    0.030ns
    Source Clock Delay      (SCD):    0.000ns
    Clock Pessimism Removal (CPR):    -0.000ns

    Location             Delay type                Incr(ns)  Path(ns)    Netlist Resource(s)
  -------------------------------------------------------------------    -------------------
                                                      0.000     0.000 r  s_axi_control_awaddr[4] (IN)
                         net (fo=0)                   0.000     0.000    bd_0_i/hls_inst/inst/control_s_axi_U/s_axi_control_AWADDR[4]
    SLICE_X63Y47         FDRE                                         r  bd_0_i/hls_inst/inst/control_s_axi_U/waddr_reg[4]/D
  -------------------------------------------------------------------    -------------------

                         (clock ap_clk rise edge)     0.000     0.000 r  
                                                      0.000     0.000 r  ap_clk (IN)
                         net (fo=15518, unset)        0.030     0.030    bd_0_i/hls_inst/inst/control_s_axi_U/ap_clk
    SLICE_X63Y47         FDRE                                         r  bd_0_i/hls_inst/inst/control_s_axi_U/waddr_reg[4]/C

Slack:                    inf
  Source:                 s_axi_control_awaddr[5]
                            (input port)
  Destination:            bd_0_i/hls_inst/inst/control_s_axi_U/waddr_reg[5]/D
                            (rising edge-triggered cell FDRE clocked by ap_clk  {rise@0.000ns fall@0.971ns period=1.942ns})
  Path Group:             (none)
  Path Type:              Hold (Min at Slow Process Corner)
  Data Path Delay:        0.000ns  (logic 0.000ns (0.000%)  route 0.000ns (0.000%))
  Logic Levels:           0  
  Clock Path Skew:        0.029ns (DCD - SCD - CPR)
    Destination Clock Delay (DCD):    0.029ns
    Source Clock Delay      (SCD):    0.000ns
    Clock Pessimism Removal (CPR):    -0.000ns

    Location             Delay type                Incr(ns)  Path(ns)    Netlist Resource(s)
  -------------------------------------------------------------------    -------------------
                                                      0.000     0.000 r  s_axi_control_awaddr[5] (IN)
                         net (fo=0)                   0.000     0.000    bd_0_i/hls_inst/inst/control_s_axi_U/s_axi_control_AWADDR[5]
    SLICE_X62Y47         FDRE                                         r  bd_0_i/hls_inst/inst/control_s_axi_U/waddr_reg[5]/D
  -------------------------------------------------------------------    -------------------

                         (clock ap_clk rise edge)     0.000     0.000 r  
                                                      0.000     0.000 r  ap_clk (IN)
                         net (fo=15518, unset)        0.029     0.029    bd_0_i/hls_inst/inst/control_s_axi_U/ap_clk
    SLICE_X62Y47         FDRE                                         r  bd_0_i/hls_inst/inst/control_s_axi_U/waddr_reg[5]/C

Slack:                    inf
  Source:                 s_axi_control_awaddr[6]
                            (input port)
  Destination:            bd_0_i/hls_inst/inst/control_s_axi_U/waddr_reg[6]/D
                            (rising edge-triggered cell FDRE clocked by ap_clk  {rise@0.000ns fall@0.971ns period=1.942ns})
  Path Group:             (none)
  Path Type:              Hold (Min at Slow Process Corner)
  Data Path Delay:        0.000ns  (logic 0.000ns (0.000%)  route 0.000ns (0.000%))
  Logic Levels:           0  
  Clock Path Skew:        0.029ns (DCD - SCD - CPR)
    Destination Clock Delay (DCD):    0.029ns
    Source Clock Delay      (SCD):    0.000ns
    Clock Pessimism Removal (CPR):    -0.000ns

    Location             Delay type                Incr(ns)  Path(ns)    Netlist Resource(s)
  -------------------------------------------------------------------    -------------------
                                                      0.000     0.000 r  s_axi_control_awaddr[6] (IN)
                         net (fo=0)                   0.000     0.000    bd_0_i/hls_inst/inst/control_s_axi_U/s_axi_control_AWADDR[6]
    SLICE_X62Y47         FDRE                                         r  bd_0_i/hls_inst/inst/control_s_axi_U/waddr_reg[6]/D
  -------------------------------------------------------------------    -------------------

                         (clock ap_clk rise edge)     0.000     0.000 r  
                                                      0.000     0.000 r  ap_clk (IN)
                         net (fo=15518, unset)        0.029     0.029    bd_0_i/hls_inst/inst/control_s_axi_U/ap_clk
    SLICE_X62Y47         FDRE                                         r  bd_0_i/hls_inst/inst/control_s_axi_U/waddr_reg[6]/C

Slack:                    inf
  Source:                 s_axi_control_awaddr[7]
                            (input port)
  Destination:            bd_0_i/hls_inst/inst/control_s_axi_U/waddr_reg[7]/D
                            (rising edge-triggered cell FDRE clocked by ap_clk  {rise@0.000ns fall@0.971ns period=1.942ns})
  Path Group:             (none)
  Path Type:              Hold (Min at Slow Process Corner)
  Data Path Delay:        0.000ns  (logic 0.000ns (0.000%)  route 0.000ns (0.000%))
  Logic Levels:           0  
  Clock Path Skew:        0.029ns (DCD - SCD - CPR)
    Destination Clock Delay (DCD):    0.029ns
    Source Clock Delay      (SCD):    0.000ns
    Clock Pessimism Removal (CPR):    -0.000ns

    Location             Delay type                Incr(ns)  Path(ns)    Netlist Resource(s)
  -------------------------------------------------------------------    -------------------
                                                      0.000     0.000 r  s_axi_control_awaddr[7] (IN)
                         net (fo=0)                   0.000     0.000    bd_0_i/hls_inst/inst/control_s_axi_U/s_axi_control_AWADDR[7]
    SLICE_X62Y47         FDRE                                         r  bd_0_i/hls_inst/inst/control_s_axi_U/waddr_reg[7]/D
  -------------------------------------------------------------------    -------------------

                         (clock ap_clk rise edge)     0.000     0.000 r  
                                                      0.000     0.000 r  ap_clk (IN)
                         net (fo=15518, unset)        0.029     0.029    bd_0_i/hls_inst/inst/control_s_axi_U/ap_clk
    SLICE_X62Y47         FDRE                                         r  bd_0_i/hls_inst/inst/control_s_axi_U/waddr_reg[7]/C

Slack:                    inf
  Source:                 s_axi_control_awaddr[8]
                            (input port)
  Destination:            bd_0_i/hls_inst/inst/control_s_axi_U/waddr_reg[8]/D
                            (rising edge-triggered cell FDRE clocked by ap_clk  {rise@0.000ns fall@0.971ns period=1.942ns})
  Path Group:             (none)
  Path Type:              Hold (Min at Slow Process Corner)
  Data Path Delay:        0.000ns  (logic 0.000ns (0.000%)  route 0.000ns (0.000%))
  Logic Levels:           0  
  Clock Path Skew:        0.029ns (DCD - SCD - CPR)
    Destination Clock Delay (DCD):    0.029ns
    Source Clock Delay      (SCD):    0.000ns
    Clock Pessimism Removal (CPR):    -0.000ns

    Location             Delay type                Incr(ns)  Path(ns)    Netlist Resource(s)
  -------------------------------------------------------------------    -------------------
                                                      0.000     0.000 r  s_axi_control_awaddr[8] (IN)
                         net (fo=0)                   0.000     0.000    bd_0_i/hls_inst/inst/control_s_axi_U/s_axi_control_AWADDR[8]
    SLICE_X62Y47         FDRE                                         r  bd_0_i/hls_inst/inst/control_s_axi_U/waddr_reg[8]/D
  -------------------------------------------------------------------    -------------------

                         (clock ap_clk rise edge)     0.000     0.000 r  
                                                      0.000     0.000 r  ap_clk (IN)
                         net (fo=15518, unset)        0.029     0.029    bd_0_i/hls_inst/inst/control_s_axi_U/ap_clk
    SLICE_X62Y47         FDRE                                         r  bd_0_i/hls_inst/inst/control_s_axi_U/waddr_reg[8]/C

Slack:                    inf
  Source:                 m_axi_gmem_act_rdata[0]
                            (input port)
  Destination:            bd_0_i/hls_inst/inst/gmem_act_m_axi_U/bus_read/rs_rdata/data_p2_reg[0]/D
                            (rising edge-triggered cell FDRE clocked by ap_clk  {rise@0.000ns fall@0.971ns period=1.942ns})
  Path Group:             (none)
  Path Type:              Hold (Min at Fast Process Corner)
  Data Path Delay:        0.007ns  (logic 0.000ns (0.000%)  route 0.007ns (100.000%))
  Logic Levels:           0  
  Clock Path Skew:        0.019ns (DCD - SCD - CPR)
    Destination Clock Delay (DCD):    0.019ns
    Source Clock Delay      (SCD):    0.000ns
    Clock Pessimism Removal (CPR):    -0.000ns

    Location             Delay type                Incr(ns)  Path(ns)    Netlist Resource(s)
  -------------------------------------------------------------------    -------------------
                                                      0.000     0.000 r  m_axi_gmem_act_rdata[0] (IN)
                         net (fo=1, unset)            0.007     0.007    bd_0_i/hls_inst/inst/gmem_act_m_axi_U/bus_read/rs_rdata/D[0]
    SLICE_X55Y26         FDRE                                         r  bd_0_i/hls_inst/inst/gmem_act_m_axi_U/bus_read/rs_rdata/data_p2_reg[0]/D
  -------------------------------------------------------------------    -------------------

                         (clock ap_clk rise edge)     0.000     0.000 r  
                                                      0.000     0.000 r  ap_clk (IN)
                         net (fo=15518, unset)        0.019     0.019    bd_0_i/hls_inst/inst/gmem_act_m_axi_U/bus_read/rs_rdata/ap_clk
    SLICE_X55Y26         FDRE                                         r  bd_0_i/hls_inst/inst/gmem_act_m_axi_U/bus_read/rs_rdata/data_p2_reg[0]/C





